/*******************************************************************************
 * NutriCook UI font, generated from LVGL SimSun.woff.
 * Contains ASCII plus the Chinese glyphs used by nutrition_app.cpp.
 ******************************************************************************/

#include "lvgl.h"

#ifndef NUTRICOOK_UI_FONT_16
#define NUTRICOOK_UI_FONT_16 1
#endif

#if NUTRICOOK_UI_FONT_16

/*-----------------
 *    BITMAPS
 *----------------*/

/*Store the image of the glyphs*/
static LV_ATTRIBUTE_LARGE_CONST const uint8_t glyph_bitmap[] = {
    /* U+0020 " " */

    /* U+0021 "!" */
    0x97, 0x2e, 0x11, 0x1f, 0xf1, 0x8, 0x8d, 0xc0,
    0xa, 0x60, 0xa, 0x81, 0x10,

    /* U+0022 "\"" */
    0x2, 0xe1, 0x98, 0x8, 0x22, 0x36, 0x13, 0x64,
    0xc9, 0x2b, 0x4b, 0x58, 0x20, 0x49, 0xc0, 0x0,

    /* U+0023 "#" */
    0x0, 0x48, 0x0, 0xd4, 0x3, 0xce, 0x20, 0x1e,
    0x20, 0x3, 0xfb, 0x7f, 0xa6, 0xd9, 0x98, 0xb9,
    0x86, 0xb7, 0x13, 0x23, 0x30, 0xa0, 0x80, 0xf8,
    0x0, 0x40, 0x22, 0x0, 0xf3, 0xe4, 0x7f, 0x9b,
    0xd9, 0x91, 0xc, 0xc2, 0xe3, 0x89, 0x21, 0x9e,
    0x10, 0x31, 0x0, 0xe0,

    /* U+0024 "$" */
    0x0, 0x22, 0x80, 0x4d, 0xdf, 0x0, 0x9d, 0xcf,
    0x6, 0xdd, 0x0, 0x10, 0x7b, 0x80, 0xe, 0x76,
    0x58, 0x2, 0x1, 0xc2, 0x90, 0x8, 0xa8, 0xec,
    0x3, 0x53, 0x2a, 0x88, 0x1, 0x7f, 0x6a, 0x0,
    0x23, 0x43, 0x0, 0x1e, 0xde, 0x6f, 0x8a, 0xc,
    0x6f, 0xb0, 0x7, 0xc0,

    /* U+0025 "%" */
    0x19, 0x80, 0x1, 0x90, 0x4d, 0xf2, 0x5, 0x90,
    0x19, 0x10, 0xc3, 0xc0, 0xe, 0x0, 0xf6, 0x60,
    0x1, 0xc0, 0x1e, 0x22, 0x0, 0x61, 0x98, 0x48,
    0x2, 0x74, 0x11, 0x2b, 0xb0, 0x1, 0xd8, 0x18,
    0xc1, 0x0, 0x8, 0xb8, 0xaa, 0xc0, 0x1, 0x90,
    0x80, 0x4, 0x4, 0x80, 0xcc, 0xfc, 0x8, 0xa1,
    0x37, 0xac,

    /* U+0026 "&" */
    0x0, 0x44, 0x14, 0x3, 0x36, 0x44, 0x80, 0x6f,
    0x70, 0x10, 0xc, 0x2c, 0x68, 0x1, 0xbb, 0x2a,
    0x0, 0x31, 0xb4, 0x9d, 0x40, 0xe, 0x92, 0x11,
    0xc8, 0x4e, 0x5f, 0x0, 0x88, 0x11, 0x98, 0x86,
    0x1, 0x38, 0x84, 0x6e, 0x80, 0x1b, 0x20, 0xc1,
    0x80, 0xac, 0x79, 0x38, 0x58, 0xc0,

    /* U+0027 "'" */
    0xb, 0xb0, 0x3, 0x10, 0x0, 0xe6, 0x0, 0x8f,
    0x0, 0x49, 0x80,

    /* U+0028 "(" */
    0x0, 0x98, 0x40, 0x8, 0x2, 0x0, 0xf6, 0x0,
    0x47, 0x80, 0x4a, 0x80, 0x4, 0x70, 0x8, 0xb4,
    0x2, 0xe1, 0x0, 0xbc, 0x40, 0x21, 0xf0, 0x9,
    0x10, 0x1, 0x10, 0x8, 0x5, 0x2c, 0x1, 0x2e,
    0x88, 0x5, 0x70, 0x1, 0xd, 0x88,

    /* U+0029 ")" */
    0x16, 0x0, 0x84, 0x48, 0x1, 0x3f, 0x80, 0x6e,
    0x70, 0x9, 0x68, 0x3, 0x31, 0x80, 0x46, 0xc0,
    0x17, 0x90, 0x5, 0xe2, 0x1, 0x9, 0x80, 0x4a,
    0x80, 0x1, 0x71, 0x0, 0x4f, 0x80, 0x8, 0x50,
    0x1, 0x72, 0x0, 0x18, 0x0, 0x80,

    /* U+002A "*" */
    0x0, 0x9e, 0x0, 0x3d, 0xe0, 0x19, 0x74, 0xbb,
    0x4b, 0x51, 0xb, 0xe0, 0x7e, 0xa8, 0x31, 0x9b,
    0x98, 0x80, 0x4, 0x66, 0xe6, 0x20, 0x15, 0x5e,
    0x27, 0xea, 0x8b, 0xa5, 0xc4, 0x4d, 0x40, 0xf,
    0xc0,

    /* U+002B "+" */
    0x0, 0x89, 0x0, 0x3c, 0x24, 0x1, 0xff, 0xc7,
    0x39, 0x9a, 0xa6, 0x48, 0x73, 0x35, 0x4c, 0x90,
    0x3, 0xff, 0x8e, 0x24, 0x1, 0x0,

    /* U+002C "," */
    0xb, 0xb0, 0x3, 0x10, 0x0, 0xe6, 0x0, 0x88,
    0x0, 0x29, 0x0,

    /* U+002D "-" */
    0x49, 0x9f, 0x20,

    /* U+002E "." */
    0x0, 0x65, 0xb8, 0x0,

    /* U+002F "/" */
    0x0, 0xf0, 0x88, 0x3, 0xcc, 0x1, 0xf7, 0x88,
    0x7, 0x35, 0x0, 0x7b, 0x88, 0x3, 0x93, 0x0,
    0x3d, 0x88, 0x1, 0xc5, 0xc0, 0x1e, 0xa6, 0x0,
    0xf7, 0x80, 0x79, 0xd8, 0x3, 0xde, 0x20, 0x1c,
    0xb6, 0x1, 0xed, 0x30, 0xe, 0x3d, 0x0, 0xf1,
    0x28, 0x7, 0x80,

    /* U+0030 "0" */
    0x0, 0x35, 0x4a, 0x80, 0x47, 0x54, 0x9e, 0x30,
    0x4, 0x50, 0x3, 0x64, 0x0, 0x88, 0x0, 0x22,
    0x81, 0x1, 0x0, 0xc, 0x4, 0x40, 0x18, 0x40,
    0xc0, 0x3f, 0x8, 0x6, 0x10, 0x32, 0x2, 0x0,
    0x18, 0x88, 0x11, 0xc0, 0x8, 0x80, 0x4, 0x48,
    0x3, 0x64, 0x0, 0x75, 0x49, 0xe3, 0x0,

    /* U+0031 "1" */
    0x0, 0xb, 0x80, 0x5, 0xb3, 0x80, 0x2, 0xd4,
    0x1, 0xff, 0xe7, 0x16, 0xa7, 0x71, 0x0,

    /* U+0032 "2" */
    0x0, 0x3b, 0xa2, 0x40, 0x12, 0xaf, 0x3, 0x0,
    0xe0, 0x16, 0x20, 0x1b, 0x80, 0x1c, 0x1, 0xaa,
    0x0, 0xb4, 0x0, 0xc2, 0xb2, 0x1, 0xa3, 0x84,
    0x2, 0x7d, 0x30, 0x9, 0x45, 0x0, 0x22, 0xd6,
    0x0, 0x30, 0x5c, 0x0, 0x7, 0x9, 0xbf, 0xee,
    0x10,

    /* U+0033 "3" */
    0x1, 0x77, 0x52, 0x80, 0x2d, 0x5e, 0xa0, 0xc1,
    0xd8, 0x0, 0xb6, 0x18, 0x80, 0x1, 0xe0, 0x10,
    0x1, 0x2b, 0x80, 0x51, 0xfc, 0x20, 0x14, 0x6c,
    0x98, 0x7, 0x7f, 0x80, 0xc0, 0x26, 0x30, 0xc4,
    0x0, 0x9, 0x1, 0x38, 0x2, 0xac, 0x3e, 0xde,
    0x39, 0x80,

    /* U+0034 "4" */
    0x0, 0xc5, 0x60, 0x1e, 0x87, 0x0, 0xe3, 0x20,
    0xf, 0x5e, 0x0, 0x72, 0xd8, 0x7, 0xb4, 0xc0,
    0x39, 0xa8, 0x3, 0xc2, 0x40, 0x1c, 0x80, 0xcc,
    0xc1, 0x62, 0x47, 0x66, 0x60, 0xb1, 0x0, 0x7f,
    0xcb, 0xc6, 0xe2,

    /* U+0035 "5" */
    0x5, 0xff, 0xd6, 0x7, 0xdf, 0xf5, 0x80, 0x88,
    0x3, 0xff, 0x82, 0xb5, 0x94, 0x0, 0xf0, 0xac,
    0x7, 0x9, 0x50, 0x4, 0xd0, 0x8, 0x4, 0x44,
    0x7, 0x20, 0x8, 0x42, 0x18, 0x0, 0x44, 0x4,
    0x50, 0x5, 0x48, 0x53, 0x3c, 0x8a, 0x80,

    /* U+0036 "6" */
    0x0, 0x14, 0x3d, 0x90, 0x0, 0x62, 0xe, 0x34,
    0x0, 0x8e, 0x0, 0x54, 0x0, 0x1d, 0x40, 0x38,
    0x44, 0x75, 0x76, 0x10, 0x20, 0xba, 0xbc, 0xb0,
    0xa, 0xc0, 0xe, 0xa0, 0x11, 0x0, 0x42, 0x44,
    0x1, 0x0, 0xe1, 0x25, 0x0, 0xc4, 0x17, 0xe0,
    0x4, 0x70, 0x3, 0x64, 0xc6, 0x48, 0x0,

    /* U+0037 "7" */
    0xaf, 0xfe, 0x1, 0xcf, 0xf7, 0x38, 0x69, 0x80,
    0x1a, 0x41, 0x80, 0x2f, 0x10, 0xc, 0xf6, 0x1,
    0xd8, 0x60, 0x19, 0x8, 0x3, 0xb7, 0x0, 0x39,
    0x18, 0x3, 0x88, 0x3, 0x88, 0x3, 0xc6, 0x22,
    0x0, 0x80,

    /* U+0038 "8" */
    0x1, 0x87, 0x74, 0x0, 0x57, 0x4e, 0xec, 0x80,
    0x3, 0x90, 0x1, 0x14, 0x0, 0x64, 0x1, 0x8,
    0x2, 0x7c, 0xc1, 0xe4, 0x0, 0xe9, 0x98, 0x25,
    0x0, 0x2f, 0x6b, 0xd8, 0x80, 0x25, 0xca, 0xde,
    0x80, 0xd4, 0x2, 0x94, 0x0, 0x18, 0x6, 0x10,
    0x31, 0x10, 0x0, 0xdc, 0x1, 0x52, 0xee, 0xb9,
    0x0,

    /* U+0039 "9" */
    0x1, 0x98, 0x83, 0x0, 0x57, 0xb1, 0xf, 0x40,
    0x14, 0x40, 0x3, 0x7c, 0x8, 0x80, 0x13, 0x20,
    0x38, 0x6, 0x30, 0x16, 0x20, 0x9, 0xc0, 0x4,
    0x47, 0x2, 0xf0, 0xb, 0x7a, 0x56, 0x80, 0x40,
    0x66, 0x4e, 0xc8, 0x1, 0xec, 0xe0, 0x5, 0x40,
    0xa, 0xa8, 0x1, 0xc6, 0xf1, 0xa0, 0x0,

    /* U+003A ":" */
    0xc8, 0x7f, 0xb7, 0x0, 0xf5, 0xbb, 0xbc,

    /* U+003B ";" */
    0xda, 0xbe, 0x64, 0x0, 0xf3, 0x2d, 0xfc, 0x66,
    0x18,

    /* U+003C "<" */
    0x0, 0xe1, 0x0, 0xc7, 0x20, 0x11, 0x54, 0x0,
    0x6, 0xe4, 0x0, 0x37, 0x20, 0x15, 0xd8, 0x2,
    0xab, 0x10, 0xb, 0xdc, 0x3, 0x28, 0x28, 0x6,
    0x62, 0x40, 0xc, 0xf8, 0x60, 0x1a, 0x28, 0x80,
    0x34, 0xa0,

    /* U+003D "=" */
    0x49, 0x9f, 0x22, 0x26, 0x7c, 0x80, 0x1f, 0x92,
    0x67, 0xc8,

    /* U+003E ">" */
    0x10, 0xe, 0x93, 0x0, 0xd1, 0x44, 0x1, 0xa6,
    0xc4, 0x3, 0x4d, 0x88, 0x6, 0xbb, 0x0, 0x61,
    0xba, 0x0, 0xcf, 0xe0, 0x12, 0x82, 0x80, 0x10,
    0x98, 0x0, 0x78, 0xe0, 0x2, 0xa8, 0x0, 0x92,
    0x40, 0x30,

    /* U+003F "?" */
    0x0, 0x3c, 0xd4, 0x88, 0x2, 0x1a, 0x6b, 0x28,
    0x0, 0x42, 0x0, 0x54, 0x12, 0x54, 0x0, 0xe2,
    0xa5, 0x0, 0x28, 0x88, 0x14, 0x41, 0x63, 0x0,
    0x31, 0xfe, 0x90, 0x6, 0x5b, 0x0, 0xf8, 0x40,
    0x3c, 0xc0, 0x1f, 0x5b, 0x80, 0x79, 0xfc, 0x2,

    /* U+0040 "@" */
    0x0, 0x1c, 0x3c, 0x8, 0x0, 0xaa, 0x1e, 0x20,
    0x0, 0x88, 0x3, 0xcf, 0xa0, 0x8d, 0xa, 0x48,
    0x6a, 0x40, 0x44, 0x72, 0xe1, 0x12, 0xe8, 0x4,
    0x20, 0xd, 0x30, 0x70, 0x3, 0x8, 0x9c, 0xc8,
    0x9a, 0x44, 0xe0, 0x41, 0x55, 0x8, 0x96, 0x90,
    0x8c, 0x42, 0x6a, 0x4e, 0x8c, 0xc0, 0x7b, 0x31,
    0x4, 0x20,

    /* U+0041 "A" */
    0x0, 0x95, 0x40, 0x1e, 0x9f, 0x0, 0xf2, 0x20,
    0x3, 0x93, 0xc, 0x40, 0x31, 0xa2, 0x40, 0x1b,
    0xc3, 0xf4, 0x3, 0xc8, 0x80, 0x8, 0xc5, 0x90,
    0xc0, 0x24, 0x86, 0x61, 0x98, 0x1, 0xe2, 0x0,
    0x44, 0x0, 0x4, 0x2, 0xdd, 0x4, 0x21, 0x0,
    0x31, 0x54,

    /* U+0042 "B" */
    0x4e, 0xa6, 0x8a, 0x20, 0x45, 0xf6, 0x8c, 0x90,
    0xf, 0x22, 0x80, 0x78, 0x4c, 0x3, 0xd3, 0x0,
    0x16, 0x35, 0xea, 0x80, 0x58, 0xd6, 0x12, 0x1,
    0xe7, 0x71, 0x0, 0x78, 0x90, 0x3, 0xc2, 0x60,
    0x1c, 0x66, 0x45, 0x57, 0xb3, 0xce, 0x88,

    /* U+0043 "C" */
    0x0, 0x24, 0xbe, 0x78, 0x0, 0xfe, 0x5f, 0x10,
    0x83, 0xfc, 0x1, 0x4b, 0x91, 0xa0, 0x4, 0x4a,
    0x86, 0x1, 0xe1, 0x70, 0xf, 0xfe, 0x10, 0xb8,
    0x7, 0x88, 0x80, 0x1c, 0x48, 0x24, 0x1, 0x20,
    0x2, 0x20, 0x0, 0x13, 0x20, 0x7d, 0xb9, 0x93,
    0x80,

    /* U+0044 "D" */
    0x4e, 0xb6, 0x84, 0x0, 0x22, 0xf3, 0x47, 0x28,
    0x7, 0xa6, 0xc0, 0x3c, 0x60, 0x60, 0x1e, 0x36,
    0x0, 0xf0, 0x98, 0x7, 0xff, 0x8, 0x4c, 0x3,
    0xc4, 0xe0, 0x1c, 0x64, 0x40, 0xe, 0x89, 0x4,
    0x5e, 0x69, 0xf4, 0x0,

    /* U+0045 "E" */
    0x3d, 0xb6, 0x65, 0xe0, 0x1b, 0xeb, 0x32, 0xdc,
    0x3, 0xe9, 0x20, 0xf, 0x11, 0x0, 0x39, 0x80,
    0x36, 0x34, 0x68, 0x6, 0xc6, 0x82, 0x0, 0xfb,
    0xc0, 0x3e, 0x60, 0xf, 0xe3, 0x0, 0xf3, 0x1,
    0xbe, 0xb3, 0x26, 0xc,

    /* U+0046 "F" */
    0x3d, 0xb6, 0x64, 0xf8, 0x9b, 0xeb, 0x32, 0x64,
    0x80, 0x1e, 0x60, 0xf, 0xca, 0x1, 0xcc, 0x1,
    0xb1, 0x9e, 0x0, 0x36, 0x33, 0xb8, 0x3, 0xec,
    0x0, 0xf9, 0x40, 0x3f, 0xf8, 0xc8, 0xfa, 0x40,
    0x18,

    /* U+0047 "G" */
    0x0, 0x34, 0x4f, 0xa8, 0x1, 0x3e, 0x26, 0xf4,
    0x1, 0x30, 0x0, 0x4f, 0x3, 0x11, 0x0, 0x4e,
    0xa, 0xc0, 0x1e, 0xe3, 0x0, 0xff, 0x14, 0xda,
    0xf1, 0x80, 0xb, 0x1, 0x49, 0xc0, 0x3c, 0x86,
    0x20, 0x1e, 0x99, 0x0, 0xc, 0x2, 0x70, 0x87,
    0x19, 0x0,

    /* U+0048 "H" */
    0x4f, 0x80, 0x4, 0xfa, 0x20, 0x68, 0x1, 0x44,
    0x80, 0x1f, 0xfc, 0xe5, 0x66, 0x58, 0x6, 0x56,
    0x65, 0x80, 0x7f, 0xf5, 0x94, 0x6c, 0x1, 0x44,
    0x80,

    /* U+0049 "I" */
    0x36, 0xcc, 0x31, 0x99, 0x91, 0xc, 0x60, 0x1f,
    0xfe, 0xa3, 0x64, 0x43, 0x18,

    /* U+004A "J" */
    0x0, 0x1b, 0x5e, 0xb2, 0x0, 0xd, 0xb1, 0x19,
    0x0, 0x3f, 0xff, 0x22, 0x1, 0x8, 0x3, 0xfc,
    0x0, 0x5c, 0x0, 0x1a, 0x80, 0x11, 0x9d, 0xde,
    0x40, 0x0,

    /* U+004B "K" */
    0x4e, 0xa1, 0x2c, 0xb2, 0x45, 0xf1, 0x25, 0xb2,
    0x0, 0xcd, 0x60, 0x1c, 0x20, 0x40, 0x1d, 0x6e,
    0x1, 0xd8, 0xee, 0x0, 0xe3, 0xeb, 0x0, 0xef,
    0x30, 0x30, 0xf, 0x5c, 0x80, 0x79, 0x90, 0x40,
    0x3c, 0xec, 0x8, 0xbe, 0x20, 0x70, 0xa0,

    /* U+004C "L" */
    0x2c, 0xc1, 0x80, 0x62, 0x44, 0x18, 0x7, 0xff,
    0xdd, 0x0, 0x3c, 0xce, 0x68, 0x86, 0x64, 0xc8,
    0xc0,

    /* U+004D "M" */
    0x7f, 0x0, 0x93, 0xd9, 0x80, 0x60, 0x3, 0x6,
    0x3, 0x50, 0x0, 0x80, 0x4b, 0xe0, 0x1e, 0xf5,
    0x1, 0x20, 0x8, 0xc4, 0x11, 0x40, 0x33, 0x19,
    0x84, 0x3, 0x1a, 0x80, 0x7b, 0x3c, 0x3, 0xca,
    0xe4, 0x1, 0xc2, 0xa, 0x1, 0x37, 0x83, 0x8b,
    0x3, 0x0,

    /* U+004E "N" */
    0x5f, 0x40, 0x2, 0x63, 0x2a, 0x40, 0x1, 0x29,
    0x83, 0x44, 0xc0, 0x3d, 0x72, 0x1, 0xe6, 0x42,
    0x0, 0xf3, 0x58, 0x7, 0xa5, 0xc4, 0x3, 0x85,
    0xe4, 0x3, 0xd6, 0xc0, 0x1e, 0x25, 0xa0, 0xf,
    0x40, 0x83, 0x52, 0x0, 0xd, 0x0,

    /* U+004F "O" */
    0x0, 0x34, 0x41, 0xc0, 0x25, 0xf8, 0x80, 0xb8,
    0x2, 0x2c, 0x0, 0xd2, 0x4, 0x64, 0x1, 0x19,
    0x9c, 0x80, 0x33, 0x29, 0x80, 0x70, 0xf0, 0x7,
    0xe3, 0x0, 0xf7, 0xb9, 0x0, 0x66, 0x32, 0x32,
    0x0, 0x89, 0x2, 0x68, 0x0, 0xb2, 0x0, 0x4d,
    0x77, 0x13, 0x80,

    /* U+0050 "P" */
    0x3d, 0xb6, 0x79, 0x20, 0x37, 0xd6, 0x78, 0xf0,
    0xf, 0x8, 0x90, 0x3, 0xce, 0x20, 0x1e, 0x67,
    0x0, 0xe6, 0x72, 0x0, 0x63, 0x38, 0x50, 0x5,
    0x8c, 0xec, 0x1, 0xff, 0xce, 0x47, 0xd2, 0x0,
    0xc0,

    /* U+0051 "Q" */
    0x0, 0x44, 0x4e, 0x1, 0x38, 0x44, 0x5, 0x80,
    0x13, 0x20, 0x3, 0x40, 0x19, 0x84, 0x2, 0x33,
    0x2b, 0x0, 0x66, 0x51, 0x0, 0xf0, 0x80, 0x7e,
    0x10, 0xf, 0x9, 0x32, 0xdb, 0x3, 0x12, 0x16,
    0x5d, 0x84, 0xd0, 0x20, 0x0, 0x9a, 0xc0, 0x7,
    0xe8, 0x22, 0x40, 0x4, 0xf1, 0x67, 0xc2, 0x1,
    0xdb, 0xc2,

    /* U+0052 "R" */
    0x3c, 0xb6, 0x7a, 0x20, 0x35, 0xc6, 0x7f, 0xe0,
    0xf, 0x29, 0x80, 0x78, 0x40, 0x3e, 0x97, 0x0,
    0xb5, 0xb3, 0x60, 0x2, 0xd6, 0x14, 0x0, 0xf2,
    0xb0, 0x7, 0xae, 0xc0, 0x1e, 0x32, 0x20, 0x7,
    0x99, 0x40, 0xd6, 0xc8, 0x2e, 0x50,

    /* U+0053 "S" */
    0x1, 0x77, 0x4f, 0xb8, 0x2, 0xdd, 0xd3, 0x5c,
    0x2, 0x1, 0x97, 0x40, 0xc, 0x1, 0x90, 0x5,
    0xec, 0x80, 0x3a, 0xcb, 0x64, 0x40, 0x34, 0xe9,
    0xf9, 0x0, 0x62, 0xa9, 0x90, 0x7, 0x9d, 0x40,
    0xd4, 0x3, 0x18, 0x1c, 0x8, 0x0, 0xd0, 0x0,
    0x7f, 0xf, 0x72, 0x0,

    /* U+0054 "T" */
    0x1e, 0x8c, 0xb8, 0xe0, 0x4a, 0x85, 0xc8, 0xb3,
    0x14, 0x0, 0xca, 0x8, 0x1, 0xe3, 0x0, 0xff,
    0xf7, 0x22, 0xe1, 0x80, 0x0,

    /* U+0055 "U" */
    0x5f, 0x90, 0x2, 0x62, 0x28, 0xd8, 0x1, 0x29,
    0x0, 0x3f, 0xfd, 0xa4, 0x1, 0x8c, 0x0, 0x88,
    0x0, 0x18, 0x80, 0x23, 0xe2, 0xa, 0x80,

    /* U+0056 "V" */
    0x5f, 0x90, 0x2, 0xf2, 0x2a, 0x60, 0x1, 0x65,
    0x0, 0xf4, 0x0, 0x88, 0x0, 0x61, 0x80, 0xc,
    0xc0, 0x5, 0x40, 0xf, 0x9, 0x10, 0x3, 0xce,
    0x86, 0x60, 0xd, 0x9e, 0xa8, 0x1, 0x95, 0x42,
    0x1, 0xc6, 0x60, 0xf, 0x8c, 0xc0, 0x1e, 0x45,
    0x0, 0x80,

    /* U+0057 "W" */
    0x8d, 0x2b, 0xc0, 0xa8, 0xa6, 0x2e, 0x50, 0xf8,
    0x26, 0x6, 0x20, 0x30, 0xc, 0xec, 0x1, 0x84,
    0x46, 0x60, 0xc, 0xc4, 0x6, 0x20, 0x11, 0x30,
    0x3a, 0x10, 0x3, 0x74, 0x25, 0x8c, 0x0, 0x65,
    0x57, 0x21, 0x0, 0x8, 0xb0, 0x6, 0x12, 0x16,
    0x70, 0xc, 0xa0, 0x5a, 0x0,

    /* U+0058 "X" */
    0x2c, 0xc0, 0x84, 0xd9, 0x12, 0x1c, 0x43, 0xe8,
    0x81, 0x18, 0x80, 0x44, 0x1, 0x55, 0x11, 0x0,
    0x19, 0x97, 0xc, 0x3, 0xb, 0xf8, 0x7, 0x8a,
    0xc0, 0x3e, 0x13, 0x0, 0xcd, 0x55, 0x0, 0x6e,
    0x26, 0x70, 0x8, 0xf4, 0x5, 0x18, 0xf, 0x88,
    0x0, 0x30, 0x80,

    /* U+0059 "Y" */
    0x4f, 0xa0, 0x3, 0xf2, 0x21, 0xb4, 0x0, 0xb6,
    0x81, 0x56, 0x0, 0x45, 0x0, 0x19, 0x8, 0x8,
    0x6, 0x67, 0x23, 0x0, 0xd7, 0x48, 0x80, 0xc,
    0x62, 0x20, 0xf, 0x20, 0x7, 0xff, 0x49, 0x17,
    0xc, 0x0,

    /* U+005A "Z" */
    0x8, 0xd7, 0x67, 0xf1, 0x3, 0xc7, 0x60, 0x61,
    0x8, 0x10, 0x4, 0xd8, 0x0, 0xc0, 0xc, 0x84,
    0x1, 0xd7, 0x0, 0x1c, 0xac, 0x40, 0x1d, 0x10,
    0x0, 0xe4, 0x13, 0x0, 0xe8, 0x80, 0x7, 0x20,
    0x20, 0x0, 0xc4, 0x3e, 0x40, 0x29, 0x13, 0x43,
    0x66, 0x58, 0x80,

    /* U+005B "[" */
    0xa9, 0x94, 0x4, 0xca, 0x0, 0x3f, 0xfc, 0xb3,
    0x28,

    /* U+005C "\\" */
    0xa1, 0x0, 0xee, 0x60, 0xe, 0x4c, 0x0, 0xf1,
    0x98, 0x3, 0xaa, 0x80, 0x1c, 0x44, 0x0, 0xf6,
    0xa8, 0x7, 0x3f, 0x80, 0x70, 0x80, 0x80, 0x77,
    0xb8, 0x7, 0x2e, 0x80, 0x78, 0x88, 0x1, 0xd5,
    0x40, 0xe, 0x33, 0x0, 0x7b, 0xc4,

    /* U+005D "]" */
    0x89, 0x9a, 0x26, 0x46, 0x1, 0xff, 0xe4, 0x99,
    0x8c,

    /* U+005E "^" */
    0x2, 0xdd, 0x10, 0x1, 0x77, 0x14, 0x0,

    /* U+005F "_" */
    0x66, 0xfc,

    /* U+0060 "`" */
    0x3c, 0x90, 0x3c, 0xd3,

    /* U+0061 "a" */
    0x2, 0x86, 0x64, 0x0, 0x5f, 0x4c, 0xc1, 0x40,
    0x4, 0x10, 0x0, 0x44, 0x0, 0x56, 0x86, 0x23,
    0x0, 0x59, 0xc3, 0x10, 0x0, 0xd9, 0x40, 0x3c,
    0x60, 0x10, 0x81, 0x9a, 0x64, 0xee, 0xfd, 0x70,

    /* U+0062 "b" */
    0x2, 0x10, 0xe, 0x4c, 0x20, 0xe, 0x45, 0x0,
    0xff, 0xe6, 0x3c, 0x4d, 0x88, 0x5, 0xd1, 0x3d,
    0x60, 0x17, 0x0, 0x15, 0x40, 0x13, 0x80, 0x42,
    0x20, 0xf, 0xfe, 0x18, 0x80, 0x14, 0x0, 0xac,
    0x0, 0x33, 0x3c, 0x64, 0x0,

    /* U+0063 "c" */
    0x0, 0x33, 0xb4, 0x80, 0x17, 0xdd, 0x85, 0xc2,
    0x6c, 0x1, 0x88, 0x6, 0x40, 0x4, 0x30, 0xf,
    0xc4, 0x40, 0x8, 0xc2, 0xe8, 0x2, 0x50, 0x60,
    0xa8, 0x83, 0x0,

    /* U+0064 "d" */
    0x0, 0xf1, 0x80, 0x71, 0x54, 0x80, 0x71, 0x70,
    0x7, 0xff, 0x22, 0x26, 0xc, 0x2, 0x60, 0x98,
    0x10, 0xa, 0xe8, 0x0, 0x40, 0x11, 0x10, 0x3,
    0xff, 0x84, 0x22, 0x0, 0xf4, 0xb8, 0x3, 0x40,
    0x27, 0xf9, 0x8f, 0x63,

    /* U+0065 "e" */
    0x6, 0x87, 0x90, 0x2, 0xc, 0x3e, 0x50, 0x7b,
    0x0, 0x15, 0x40, 0xae, 0xcd, 0x20, 0x1, 0x9b,
    0x58, 0x11, 0x80, 0x44, 0x13, 0x20, 0x0, 0xa0,
    0x2e, 0xd4, 0x33, 0x0,

    /* U+0066 "f" */
    0x0, 0x89, 0xda, 0x88, 0x2, 0x97, 0x62, 0x50,
    0x1, 0x0, 0x50, 0xe0, 0x1, 0x0, 0xf3, 0x5b,
    0x34, 0x40, 0x6, 0xb6, 0x68, 0x80, 0x3f, 0xfb,
    0xcb, 0x4a, 0xc8, 0x0,

    /* U+0067 "g" */
    0x0, 0x43, 0x44, 0x2d, 0x81, 0xf5, 0xa0, 0xe5,
    0xc3, 0x58, 0x0, 0x4c, 0x21, 0xd6, 0x0, 0x25,
    0x0, 0x38, 0x33, 0xc8, 0x80, 0x2c, 0x9, 0x88,
    0x2, 0xb2, 0xec, 0xe7, 0x0, 0x7d, 0x53, 0x7a,
    0x40, 0x3e, 0x50, 0x7, 0xc3, 0x32, 0x20, 0x0,

    /* U+0068 "h" */
    0x3d, 0x40, 0xe, 0x37, 0x0, 0xff, 0xe6, 0xc,
    0xca, 0xc4, 0x2, 0xe9, 0x96, 0xb0, 0x5, 0xe0,
    0x2, 0xe0, 0xf, 0x8c, 0x3, 0xff, 0x9a, 0x6f,
    0xc0, 0xe, 0x73,

    /* U+0069 "i" */
    0x0, 0x45, 0x0, 0x6d, 0xc0, 0xc, 0xac, 0x1,
    0x88, 0x80, 0x2, 0x6e, 0x50, 0x1, 0x35, 0x80,
    0x7f, 0xf5, 0x49, 0xb3, 0xc, 0x40,

    /* U+006A "j" */
    0x0, 0xda, 0xa0, 0x19, 0x1c, 0x3, 0x49, 0x0,
    0x63, 0x10, 0x1, 0xb6, 0x90, 0x0, 0xd9, 0x40,
    0x3f, 0xfa, 0x42, 0x1, 0xc6, 0xe6, 0x1, 0x8,
    0xbe, 0x21, 0x40,

    /* U+006B "k" */
    0x3c, 0x50, 0xe, 0x35, 0x0, 0xff, 0xe7, 0x27,
    0x38, 0x7, 0x16, 0xb8, 0x6, 0x41, 0x30, 0xc,
    0x51, 0xe0, 0x1d, 0x98, 0x52, 0x0, 0xdc, 0x11,
    0x0, 0xf, 0x2b, 0x18, 0x12, 0xf8, 0x83, 0xf1,
    0x80,

    /* U+006C "l" */
    0x26, 0xb7, 0x0, 0x13, 0x60, 0x7, 0xff, 0xb4,
    0x9b, 0x30, 0xc4,

    /* U+006D "m" */
    0x8b, 0x7b, 0x68, 0xc1, 0xb6, 0x7d, 0xc8, 0x55,
    0x3, 0x0, 0x8, 0x0, 0x20, 0x1f, 0xfd, 0x4b,
    0x62, 0xd4, 0x25, 0xc0,

    /* U+006E "n" */
    0x3d, 0x58, 0x85, 0x8, 0x1b, 0xfc, 0x43, 0x18,
    0x2, 0xe0, 0x1, 0x70, 0x7, 0xc6, 0x1, 0xff,
    0xcd, 0x37, 0xe0, 0x7, 0x39, 0x80,

    /* U+006F "o" */
    0x0, 0x43, 0xba, 0x0, 0x27, 0xe7, 0x77, 0x38,
    0x2, 0x98, 0x0, 0xd4, 0x4, 0x20, 0x1c, 0x40,
    0x1e, 0x10, 0x21, 0x0, 0xc2, 0x40, 0xaa, 0x0,
    0x22, 0x80, 0x23, 0x5d, 0xc7, 0x0,

    /* U+0070 "p" */
    0x5e, 0x59, 0x89, 0x10, 0x54, 0xf9, 0x8a, 0xd0,
    0xb, 0x80, 0x6, 0x42, 0x1, 0xe2, 0x20, 0x7,
    0xc2, 0x1, 0xe2, 0x20, 0x0, 0xc0, 0xa, 0xe0,
    0x17, 0xbc, 0x7c, 0x80, 0x58, 0xf1, 0x40, 0x3,
    0x7e, 0x20, 0xc,

    /* U+0071 "q" */
    0x0, 0x44, 0x1d, 0x1c, 0x0, 0xfd, 0xf, 0x9c,
    0x0, 0x96, 0x0, 0x68, 0x0, 0x4c, 0x3, 0xc6,
    0x1, 0xf1, 0x18, 0x7, 0xce, 0x80, 0xc, 0x0,
    0xa3, 0xa6, 0x38, 0x2, 0x1a, 0x98, 0x20, 0xf,
    0x17, 0xa1, 0x80,

    /* U+0072 "r" */
    0x38, 0xe3, 0x58, 0xd2, 0x38, 0x54, 0x18, 0x50,
    0xd, 0xe8, 0x10, 0x40, 0x15, 0x80, 0x7f, 0xf4,
    0xd, 0x96, 0x98, 0x2,

    /* U+0073 "s" */
    0x6, 0x64, 0x73, 0x20, 0x34, 0x67, 0xf, 0x80,
    0xa, 0x94, 0xf5, 0xc4, 0x82, 0xbf, 0xbc, 0xd0,
    0xa, 0x76, 0x34, 0x80, 0x6, 0x22, 0xc8, 0x67,
    0x80,

    /* U+0074 "t" */
    0x0, 0x18, 0x7, 0x58, 0x6, 0x53, 0x0, 0x98,
    0x99, 0xa1, 0x65, 0x16, 0x60, 0x80, 0x7f, 0xf1,
    0xcc, 0x2, 0x10, 0x11, 0x0, 0x1c, 0x1, 0x54,
    0x87,

    /* U+0075 "u" */
    0x4e, 0x30, 0x1a, 0x90, 0x45, 0x0, 0xf, 0x80,
    0x7f, 0xf3, 0xc4, 0x3, 0xe2, 0x60, 0x7, 0x80,
    0x53, 0x2a, 0x9c, 0x23,

    /* U+0076 "v" */
    0x2c, 0xb1, 0x9, 0xc2, 0x24, 0x10, 0x86, 0x71,
    0x2, 0x20, 0x0, 0x44, 0x0, 0x98, 0xc0, 0x3d,
    0xb6, 0x8a, 0x1, 0x9d, 0x8, 0x80, 0x18, 0x40,
    0x40, 0x3d, 0x68, 0x1, 0x0,

    /* U+0077 "w" */
    0x9e, 0x2b, 0xb0, 0xdc, 0x40, 0x89, 0xe6, 0x39,
    0x2, 0x0, 0x23, 0x1, 0x0, 0x29, 0x3, 0x80,
    0x6f, 0x40, 0x64, 0x50, 0x2, 0x61, 0x6f, 0x98,
    0x0, 0x95, 0x46, 0xe0, 0x19, 0x85, 0x10, 0x0,

    /* U+0078 "x" */
    0x8, 0xf5, 0x2c, 0x80, 0x4, 0x28, 0x12, 0x40,
    0x5, 0x17, 0x32, 0x0, 0xc4, 0xe0, 0x20, 0x1e,
    0x40, 0xe, 0x4d, 0xa7, 0x0, 0xd8, 0x8f, 0x42,
    0x5, 0x66, 0x4, 0x1a, 0x40,

    /* U+0079 "y" */
    0x2b, 0xd2, 0x1a, 0xb2, 0x24, 0x89, 0xe, 0xd1,
    0x1, 0x0, 0x87, 0x88, 0x5, 0x4e, 0x3c, 0x1,
    0x9f, 0x5d, 0xc0, 0x18, 0x43, 0xc4, 0x3, 0xbb,
    0x80, 0x1f, 0x28, 0x6, 0x20, 0xd2, 0x0, 0xd3,
    0x96, 0x1, 0x80,

    /* U+007A "z" */
    0xaa, 0x33, 0x39, 0xe, 0x98, 0x95, 0x28, 0x1,
    0x32, 0x3, 0x7, 0x52, 0x0, 0xd, 0x40, 0x5,
    0x70, 0x0, 0x54, 0x65, 0x0, 0x64, 0x2b, 0x33,
    0x4,

    /* U+007B "{" */
    0x0, 0x23, 0x0, 0xe3, 0x1, 0x68, 0x1, 0xc0,
    0x3f, 0xe1, 0x10, 0x1e, 0xa0, 0xf, 0x80, 0x8,
    0x86, 0x0, 0x16, 0x0, 0xff, 0x38, 0x4, 0x5a,
    0x0, 0x1c, 0x60,

    /* U+007C "|" */
    0x21, 0x63, 0x0, 0xff, 0xea, 0x0,

    /* U+007D "}" */
    0x64, 0x0, 0x36, 0x8, 0x3, 0x48, 0x2, 0x70,
    0xf, 0xf0, 0x88, 0x0, 0x9a, 0x60, 0xf, 0x10,
    0x32, 0x20, 0x30, 0x80, 0x7f, 0xce, 0x0, 0xd2,
    0x6, 0xc1, 0x0,

    /* U+007E "~" */
    0x4, 0x95, 0x0, 0xe1, 0x9e, 0x30, 0x2, 0x1a,
    0x85, 0x78, 0xa2, 0x98, 0x0, 0x7e, 0xc4, 0x40,

    /* U+007F "" */

    /* U+4E09 "三" */
    0x0, 0xff, 0xe0, 0x12, 0x80, 0x67, 0x66, 0xfe,
    0xac, 0x10, 0x9, 0xd9, 0xbf, 0xa2, 0x44, 0x3,
    0xff, 0xc0, 0xa4, 0x1, 0xe7, 0x66, 0xfb, 0x28,
    0x3, 0xce, 0xcd, 0xf4, 0xc0, 0x7, 0xff, 0x90,
    0x44, 0x2, 0xcd, 0xff, 0xc0, 0xdd, 0x8, 0x9d,
    0x9b, 0xfe, 0xcc, 0x8,

    /* U+4E0A "上" */
    0x0, 0xfa, 0x88, 0x3, 0xff, 0x84, 0xa4, 0x1,
    0xff, 0xc2, 0x10, 0xf, 0xfe, 0xc1, 0x80, 0x7f,
    0x85, 0x9a, 0x7e, 0x50, 0xf, 0xe1, 0x66, 0x9f,
    0x54, 0x3, 0xff, 0xfe, 0x1, 0xff, 0xc8, 0x78,
    0x0, 0x3b, 0x37, 0x43, 0x37, 0xf, 0x8,

    /* U+4E0D "不" */
    0x0, 0xff, 0xe0, 0xc0, 0x83, 0xb3, 0x74, 0xe3,
    0x36, 0x4, 0x7, 0x66, 0xe5, 0xb6, 0x6d, 0xa,
    0x1, 0xe3, 0x27, 0x0, 0xff, 0xe0, 0x78, 0xb0,
    0x7, 0xfc, 0xee, 0x45, 0x6, 0x0, 0xfc, 0x55,
    0x40, 0x9, 0xe8, 0xc0, 0x38, 0x7b, 0xc4, 0x2,
    0x1b, 0xe6, 0x0, 0x86, 0xb8, 0x80, 0x38, 0x7e,
    0x58, 0xa, 0x28, 0x80, 0x3e, 0x29, 0xc1, 0x79,
    0x10, 0xf, 0xe6, 0xa1, 0x50, 0xf, 0xfe, 0xbb,
    0xb8, 0x3, 0xff, 0x83, 0xc8, 0x1, 0xe0,

    /* U+4E32 "串" */
    0x0, 0xff, 0xe3, 0x62, 0x0, 0x7f, 0xc4, 0x80,
    0x10, 0x80, 0xe, 0xd9, 0xa0, 0x66, 0xde, 0x20,
    0x13, 0x34, 0xc, 0xd8, 0xc4, 0x3, 0xff, 0x86,
    0xec, 0xd0, 0x33, 0x61, 0x0, 0x1e, 0x33, 0x40,
    0xcd, 0xb0, 0x1, 0x6c, 0xd8, 0x19, 0xb5, 0x50,
    0x15, 0xd9, 0xa0, 0x66, 0xdb, 0x80, 0x1f, 0xfc,
    0x37, 0x66, 0x81, 0x9b, 0x68, 0x85, 0xb3, 0x60,
    0x66, 0xd0, 0xc0, 0xa0, 0x1f, 0xc4, 0x20, 0x1f,
    0xfc, 0x7b, 0x0, 0xf8,

    /* U+4E8E "于" */
    0x0, 0xff, 0x8c, 0x40, 0x30, 0xc3, 0x35, 0x2e,
    0xcc, 0x99, 0x0, 0x61, 0x86, 0x68, 0x91, 0x99,
    0x50, 0x1, 0xff, 0xe0, 0x1a, 0x10, 0x86, 0x6f,
    0x5b, 0x34, 0xfa, 0xa1, 0xc, 0xde, 0xb6, 0x6c,
    0xe8, 0x1, 0xff, 0xf4, 0x25, 0x45, 0x0, 0xff,
    0x89, 0xe0, 0xcc, 0x1, 0xff, 0x16, 0xe8, 0x3,
    0xe0,

    /* U+4E91 "云" */
    0x0, 0xff, 0x23, 0x80, 0x73, 0x37, 0xe2, 0x11,
    0x0, 0x66, 0x6f, 0xf0, 0x80, 0x7f, 0xf4, 0x68,
    0x81, 0x5d, 0x9a, 0x8d, 0x66, 0xe2, 0x40, 0x57,
    0x66, 0x85, 0x19, 0xba, 0x18, 0x3, 0x89, 0xe0,
    0x4, 0x3, 0xfd, 0x34, 0x20, 0x32, 0x20, 0x1f,
    0x31, 0xa0, 0x5, 0x78, 0x40, 0x1c, 0x99, 0x0,
    0x18, 0x97, 0x4, 0x2, 0x5b, 0x1c, 0xba, 0x98,
    0x6c, 0x4, 0x0, 0x95, 0xff, 0x6e, 0xa6, 0x19,
    0x21, 0x0, 0x34, 0x20, 0x80, 0x79, 0x84, 0x0,

    /* U+4F1A "会" */
    0x0, 0xff, 0xe5, 0xea, 0x0, 0x7f, 0xf0, 0x5c,
    0x4, 0x3, 0xff, 0x80, 0x35, 0xe6, 0x60, 0xf,
    0xfb, 0x60, 0x9a, 0x50, 0x3, 0xfa, 0x69, 0x40,
    0x15, 0xd2, 0x20, 0x1e, 0x8c, 0x60, 0x8, 0x74,
    0x7a, 0x98, 0x40, 0xf, 0x66, 0xcd, 0x9c, 0x67,
    0x40, 0xc4, 0x4a, 0xe6, 0xcd, 0xf0, 0x95, 0x28,
    0xa, 0x33, 0x7f, 0xa7, 0x44, 0x0, 0x28, 0xcd,
    0x57, 0x33, 0x69, 0xd1, 0x0, 0x88, 0x0, 0xa1,
    0x0, 0x60, 0x1f, 0xe2, 0x9d, 0x0, 0xd, 0x10,
    0x7, 0xc5, 0x1a, 0x20, 0x2, 0x8c, 0x50, 0xf,
    0x63, 0x6d, 0xd4, 0x3a, 0x4d, 0x0, 0x7a, 0xbf,
    0x2e, 0xa1, 0xd9, 0xe4, 0x2,

    /* U+4F30 "估" */
    0x0, 0xc8, 0x20, 0x14, 0x98, 0x7, 0xf4, 0xb8,
    0x4, 0x84, 0x1, 0xf8, 0xc5, 0x80, 0x30, 0x80,
    0x7e, 0x8f, 0x0, 0xfc, 0x6e, 0x1, 0x13, 0x1b,
    0x36, 0x36, 0x69, 0x48, 0x40, 0x10, 0x64, 0xcd,
    0x8d, 0x9b, 0x28, 0x82, 0xf9, 0x18, 0x7, 0xfc,
    0x40, 0xa0, 0x14, 0x33, 0xd, 0x9a, 0xb1, 0x2,
    0x50, 0xc, 0xae, 0xdc, 0xcc, 0x47, 0x10, 0xf,
    0x84, 0x3, 0xce, 0x1, 0xff, 0xdd, 0x76, 0x6c,
    0xae, 0x1, 0xc2, 0x0, 0x17, 0x66, 0xca, 0x1,
    0xea, 0x10, 0xe1, 0x0, 0xc5, 0xa0, 0x0,

    /* U+4F4E "低" */
    0x0, 0xff, 0xe4, 0x61, 0x80, 0x79, 0x0, 0x3c,
    0x62, 0x60, 0x19, 0x72, 0x58, 0x3, 0xa6, 0x41,
    0x2c, 0xc8, 0x86, 0xe9, 0x80, 0x30, 0xb2, 0x2,
    0x33, 0x20, 0x4, 0x3, 0xd0, 0x40, 0x1f, 0xfc,
    0x12, 0x3, 0x0, 0xfe, 0x10, 0xa, 0xa4, 0x3,
    0x33, 0x46, 0xcc, 0xb6, 0x1, 0x90, 0xe, 0x66,
    0x91, 0xd, 0x4c, 0x2, 0x20, 0xf, 0xc4, 0xe0,
    0x1f, 0xfc, 0x2c, 0xf0, 0xf, 0xfe, 0x9, 0x23,
    0x88, 0x20, 0x7, 0xe3, 0x81, 0xb, 0xa0, 0xc0,
    0xf, 0x8a, 0x3d, 0x81, 0x82, 0xcc, 0x3, 0x18,
    0x2, 0xec, 0xf2, 0x61, 0x66, 0xc0, 0x1a, 0x80,
    0x8, 0x0, 0xe3, 0x0, 0x46, 0x80,

    /* U+4F8B "例" */
    0x0, 0x8e, 0x80, 0x3f, 0x31, 0x80, 0x48, 0x60,
    0x19, 0x8, 0x1, 0x80, 0x1a, 0xe9, 0x9f, 0x98,
    0x98, 0x3, 0xc2, 0x6, 0xc4, 0xcd, 0x26, 0x10,
    0x6, 0x91, 0x10, 0x65, 0x83, 0x0, 0x90, 0x6,
    0x30, 0x10, 0x55, 0x34, 0x10, 0x7, 0x34, 0x80,
    0x12, 0x99, 0x54, 0x40, 0x1c, 0x64, 0x0, 0xce,
    0x14, 0xd0, 0xf, 0x28, 0x1, 0x2f, 0x26, 0x9c,
    0x3, 0xf9, 0xd, 0x35, 0xc4, 0x3, 0xff, 0x81,
    0xd0, 0x0, 0x60, 0xf, 0xe6, 0xd2, 0x0, 0x58,
    0x7, 0xe4, 0x16, 0x0, 0xff, 0x1a, 0x3, 0x80,
    0x64, 0xa5, 0x20, 0xa, 0x91, 0x0, 0x1c, 0x97,
    0x61,

    /* U+4F9B "供" */
    0x0, 0xd0, 0xc0, 0x50, 0x0, 0x91, 0x0, 0xf9,
    0x88, 0x0, 0x40, 0x4, 0x10, 0xf, 0x2a, 0x20,
    0x3, 0xff, 0x83, 0x30, 0x1, 0xf9, 0x84, 0x2,
    0x42, 0x3, 0x75, 0x66, 0x8d, 0x81, 0x40, 0x2f,
    0x32, 0x37, 0x56, 0x68, 0xd9, 0x88, 0x0, 0x69,
    0x0, 0xff, 0xe0, 0x92, 0x90, 0x7, 0xff, 0x4,
    0x8c, 0x0, 0x4c, 0xc5, 0x66, 0x8d, 0xa3, 0x44,
    0x3, 0x12, 0x33, 0xeb, 0x33, 0x9a, 0x34, 0x40,
    0x38, 0x81, 0x70, 0x5, 0x40, 0x3f, 0xc3, 0x1c,
    0x2, 0xd6, 0x40, 0x1f, 0xab, 0x8c, 0x0, 0x7f,
    0xa6, 0x1, 0x8c, 0x22, 0x4c, 0x3, 0x24, 0x20,
    0x6, 0x83, 0x82, 0x0, 0xf3, 0xb8, 0x0,

    /* U+4FA7 "侧" */
    0x0, 0xa5, 0x40, 0x3f, 0x40, 0x80, 0x4e, 0x92,
    0xcd, 0x50, 0x4, 0xa0, 0x12, 0xb8, 0xab, 0x31,
    0xc4, 0x24, 0x0, 0x20, 0xe, 0x80, 0xa, 0x80,
    0x24, 0x0, 0xc4, 0xa4, 0x0, 0x16, 0x0, 0xfd,
    0x4a, 0x20, 0x1f, 0xf1, 0xe8, 0x80, 0x67, 0x0,
    0xfc, 0xa0, 0x1f, 0xfc, 0x13, 0x0, 0xf0, 0x80,
    0x7f, 0xf0, 0x48, 0x82, 0x40, 0x1f, 0xee, 0x5e,
    0x9, 0x5, 0x0, 0xfc, 0x5a, 0xd2, 0x41, 0x0,
    0x1f, 0x9b, 0x82, 0x30, 0x3, 0xe1, 0x12, 0x92,
    0x80, 0xc8, 0x36, 0x18, 0x5, 0xc2, 0xa8, 0x1,
    0x38, 0x37, 0x68, 0x0,

    /* U+4FDD "保" */
    0x0, 0xff, 0xe4, 0x5b, 0x88, 0x80, 0x31, 0x80,
    0x7c, 0xac, 0x58, 0xcd, 0xb9, 0x0, 0x39, 0x98,
    0x22, 0x66, 0xe1, 0x40, 0xe, 0xa9, 0x0, 0xff,
    0xe0, 0xa9, 0x0, 0x7f, 0xf0, 0xbc, 0xc4, 0x5,
    0x99, 0x6c, 0xc1, 0x0, 0xcf, 0x0, 0x11, 0x63,
    0x3, 0xb6, 0x80, 0x42, 0xa4, 0x2, 0xce, 0xe6,
    0x63, 0xb3, 0x26, 0x80, 0x48, 0x0, 0x2c, 0xd7,
    0x19, 0x9d, 0xa6, 0x80, 0x3f, 0x9, 0x2a, 0x48,
    0x7, 0xfd, 0x70, 0x0, 0xe6, 0x0, 0xfe, 0x7e,
    0x20, 0x3, 0x6b, 0x80, 0x7c, 0x84, 0x80, 0x1a,
    0xae, 0xc0, 0x18, 0xc9, 0xd4, 0x0, 0xe6, 0x3,
    0x96, 0x1, 0xb4, 0x8c, 0x2, 0xf2, 0x0, 0xe0,

    /* U+4FE1 "信" */
    0x0, 0xff, 0xe4, 0x52, 0x80, 0x50, 0x1, 0xfe,
    0x44, 0x0, 0x5d, 0x40, 0x1f, 0x99, 0xc9, 0x9a,
    0x11, 0x33, 0x2a, 0x40, 0x35, 0x41, 0x3b, 0x31,
    0xed, 0x99, 0x52, 0x1, 0x20, 0x80, 0x88, 0x3,
    0x89, 0x80, 0x37, 0x98, 0x81, 0x3b, 0x36, 0x43,
    0x0, 0x97, 0x8c, 0x0, 0x4e, 0xcd, 0xe0, 0x0,
    0x9a, 0x80, 0x48, 0xec, 0xd9, 0xec, 0x0, 0x2c,
    0x1, 0x91, 0xd9, 0xb3, 0xc8, 0x7, 0xe2, 0xb6,
    0x6c, 0xf8, 0x1, 0xf8, 0xc1, 0x9b, 0x2b, 0x80,
    0x7f, 0xf3, 0x59, 0xb9, 0x40, 0x3f, 0x8d, 0x9b,
    0x94, 0x3, 0xd6, 0x0, 0x2b, 0x0, 0xc5, 0x40,
    0x0,

    /* U+5165 "入" */
    0x0, 0xc2, 0xa0, 0x1f, 0xfc, 0x21, 0x3c, 0x40,
    0xf, 0xfe, 0xb, 0x64, 0x8, 0x7, 0xff, 0x9,
    0xd8, 0x3, 0xff, 0x84, 0x98, 0x1, 0xff, 0xc1,
    0x44, 0x11, 0x0, 0x3f, 0xf8, 0x1d, 0xcd, 0xb0,
    0xf, 0xf8, 0x9d, 0x51, 0x2, 0x1, 0xfe, 0x89,
    0x0, 0x5d, 0x0, 0x7f, 0x20, 0xa0, 0x1, 0x9a,
    0x0, 0xf8, 0x62, 0x80, 0x37, 0x4a, 0x0, 0x70,
    0xde, 0x88, 0x6, 0x39, 0xb7, 0x0, 0x86, 0x2c,
    0x40, 0x3c, 0xd1, 0xc, 0x12, 0x79, 0x10, 0xf,
    0xcf, 0x78, 0x24, 0xc0, 0x1f, 0xf2, 0x0, 0x0,

    /* U+517B "养" */
    0x0, 0xff, 0xe4, 0x14, 0x88, 0x1, 0xa8, 0x3,
    0xf8, 0xbe, 0x80, 0x19, 0x60, 0x60, 0x18, 0xa1,
    0x98, 0x5, 0x10, 0xd7, 0x6f, 0x80, 0x8, 0xa1,
    0x9a, 0xa2, 0x87, 0x64, 0xc8, 0x0, 0xc3, 0xc,
    0xca, 0x16, 0x6b, 0x9c, 0x3, 0x86, 0x19, 0x81,
    0xec, 0xd6, 0x39, 0x80, 0x4e, 0xcd, 0x90, 0x99,
    0xd9, 0x91, 0xe8, 0x0, 0x76, 0x6b, 0x39, 0x98,
    0x28, 0xd1, 0x88, 0x1, 0x86, 0x74, 0xc0, 0x5,
    0x10, 0x10, 0xe, 0x56, 0x89, 0x20, 0x7, 0xf7,
    0x3f, 0x20, 0x5, 0x51, 0xc4, 0xc8, 0x2, 0x66,
    0x75, 0xc0, 0xa, 0x88, 0x22, 0x0, 0x3e, 0x70,
    0xf, 0x7d, 0x80, 0x7f, 0xf0, 0xa, 0x64, 0x40,
    0x1f, 0xf0, 0x8a, 0x48, 0x3, 0x71, 0x0, 0x70,

    /* U+522B "别" */
    0x0, 0x18, 0x6, 0x40, 0xe, 0xa2, 0x0, 0x44,
    0x19, 0xaa, 0x20, 0xc, 0x84, 0x0, 0x1b, 0x66,
    0x8c, 0x81, 0x0, 0x3f, 0xf8, 0x54, 0x1, 0xe1,
    0xb6, 0x68, 0xc0, 0x6, 0x1, 0xec, 0x9e, 0x56,
    0xb0, 0xf, 0xe7, 0x13, 0x0, 0x28, 0x7, 0xe5,
    0x66, 0x91, 0x9e, 0x80, 0x3e, 0x56, 0x60, 0x3b,
    0x9, 0x0, 0x7f, 0x8, 0x80, 0x3, 0xc0, 0x60,
    0x1f, 0x35, 0x0, 0x38, 0xc5, 0x0, 0x3c, 0x36,
    0xc0, 0x2, 0x61, 0xa0, 0xf, 0x5f, 0x82, 0x1a,
    0x98, 0x11, 0x90, 0x0, 0x5e, 0xcc, 0x1b, 0xa4,
    0x0, 0x4d, 0xa8, 0x2, 0xe2, 0x0, 0x2d, 0x70,
    0x9, 0x76, 0x80,

    /* U+5230 "到" */
    0x0, 0xf9, 0x0, 0x31, 0x48, 0x1b, 0xb3, 0x25,
    0x99, 0xaa, 0x1, 0x8c, 0xd, 0xd8, 0x11, 0xda,
    0x54, 0xa4, 0x3, 0xc3, 0x9a, 0x68, 0x0, 0x12,
    0x0, 0xe1, 0x9a, 0x2, 0x38, 0x1, 0x10, 0x6,
    0x1f, 0x38, 0xb6, 0x25, 0x70, 0xf, 0xe, 0x5c,
    0x23, 0xac, 0x98, 0x7, 0xc4, 0x0, 0x11, 0x2,
    0x20, 0x3, 0xc4, 0xcd, 0x3, 0x33, 0x48, 0x3,
    0xc4, 0xcd, 0x3, 0x33, 0x48, 0x40, 0x3f, 0xf8,
    0x66, 0x1, 0xfc, 0x28, 0xc6, 0x69, 0x0, 0xc8,
    0xd3, 0x6a, 0xcd, 0x18, 0x8, 0x30, 0x0, 0xf3,
    0x6e, 0xce, 0x40, 0x11, 0x4d, 0xe8, 0x3d, 0x20,
    0x7, 0xc7, 0x36, 0xe0,

    /* U+5236 "制" */
    0x0, 0xff, 0xe4, 0x58, 0x7, 0xd2, 0x60, 0x4,
    0x30, 0x70, 0xf, 0x8c, 0x40, 0x1a, 0xc0, 0x11,
    0x8, 0x1, 0x80, 0x39, 0x4d, 0x85, 0xa9, 0x80,
    0x68, 0x3, 0x27, 0xb3, 0x5, 0xa1, 0xc0, 0x5c,
    0x3, 0x62, 0xb3, 0x5, 0x99, 0x6e, 0x1, 0xe8,
    0x66, 0x85, 0x99, 0x6e, 0x1, 0xf5, 0x33, 0x5,
    0x99, 0x82, 0x1, 0xf3, 0x34, 0x2c, 0xc0, 0x10,
    0xf, 0xfe, 0x90, 0xe0, 0x7, 0xf2, 0x4b, 0x0,
    0xb8, 0x7, 0x58, 0x4, 0x99, 0x0, 0x18, 0x40,
    0x27, 0x0, 0xca, 0x40, 0x5, 0xc4, 0x20, 0xe,
    0x80, 0xe, 0x5c, 0xc0, 0x0,

    /* U+524D "前" */
    0x0, 0xff, 0xe3, 0x13, 0x80, 0x65, 0x60, 0xf,
    0x8b, 0x60, 0x2, 0xf7, 0x0, 0xfd, 0x3c, 0x0,
    0x49, 0x10, 0x85, 0x5, 0x76, 0x62, 0x83, 0x30,
    0x95, 0x99, 0xc0, 0x5, 0x64, 0x66, 0x8d, 0x9b,
    0x61, 0x28, 0x0, 0xf9, 0x98, 0xf2, 0x3, 0x60,
    0xca, 0x1, 0x99, 0xa5, 0x70, 0x3, 0x80, 0x7c,
    0xcd, 0x28, 0x7, 0xfc, 0xcd, 0x28, 0x7, 0xfc,
    0xcd, 0x28, 0x7, 0xfc, 0xcd, 0x28, 0x7, 0xff,
    0x19, 0x0, 0x3f, 0xc2, 0x20, 0x6, 0xa1, 0x8,
    0x4, 0x20, 0x3, 0xed, 0x1, 0x79, 0x40, 0xc,
    0x74, 0x7, 0x8e, 0x0, 0x2c, 0xa0, 0x8,

    /* U+52A0 "加" */
    0x0, 0xff, 0xe3, 0x1e, 0x0, 0x7f, 0xf0, 0x9c,
    0x3, 0xff, 0x82, 0x20, 0x1c, 0x40, 0x11, 0x0,
    0x19, 0x8a, 0xcd, 0x68, 0xf3, 0x35, 0xca, 0xc,
    0xc4, 0x76, 0x60, 0x8, 0x33, 0x67, 0x0, 0x9c,
    0x2, 0x10, 0xf, 0xf8, 0x80, 0x3f, 0xf8, 0x25,
    0xe0, 0x7, 0x0, 0xff, 0x71, 0x80, 0x80, 0x7f,
    0xc6, 0x80, 0x64, 0x1, 0xfc, 0x42, 0x0, 0x61,
    0x0, 0xfe, 0xb8, 0x0, 0x1f, 0x0, 0x19, 0xb0,
    0x81, 0xf9, 0xc5, 0xcb, 0x80, 0x19, 0xb0, 0x1,
    0x58, 0x63, 0x74, 0x20, 0xe0, 0x17, 0x90, 0x30,
    0x4, 0xc6, 0x0, 0xb0, 0x9, 0x44,

    /* U+52A8 "动" */
    0x0, 0xff, 0x50, 0x80, 0x7f, 0x20, 0x4, 0xe2,
    0x1, 0x91, 0xd9, 0xad, 0x20, 0xf, 0xc8, 0xec,
    0xd4, 0x90, 0x7, 0x10, 0x80, 0x7c, 0x4c, 0xc3,
    0x66, 0x4b, 0x3, 0x34, 0xec, 0xf2, 0xec, 0x4c,
    0xc3, 0x30, 0x33, 0x2, 0x99, 0xec, 0x40, 0x30,
    0x80, 0x6a, 0xe0, 0xc, 0x4a, 0x1, 0x38, 0x1,
    0x2c, 0xd5, 0x0, 0x9, 0xe0, 0x3, 0x0, 0xb5,
    0xc1, 0x60, 0xc3, 0x1c, 0x0, 0x22, 0x9, 0xc6,
    0x76, 0x48, 0x20, 0x10, 0xe, 0x5c, 0x27, 0x68,
    0xc8, 0xb0, 0x9, 0x88, 0x32, 0x50, 0x2, 0x19,
    0x13, 0x12, 0x30, 0xf, 0x99, 0x4c, 0xa, 0xf6,
    0x40, 0x3c, 0x6c, 0x60, 0x1, 0xac, 0x70,

    /* U+5360 "占" */
    0x0, 0xff, 0xe2, 0x69, 0x80, 0x7f, 0x8c, 0xc0,
    0x1f, 0xfc, 0x41, 0x0, 0xf3, 0x37, 0x72, 0x80,
    0x73, 0x37, 0x7a, 0x80, 0x7f, 0xf3, 0x25, 0x9a,
    0x6, 0x6d, 0x84, 0x8, 0xec, 0xce, 0x66, 0xc4,
    0x40, 0x10, 0xf, 0xc6, 0x1, 0xff, 0xcf, 0x76,
    0x6f, 0x80, 0x21, 0x76, 0x6f, 0x8c, 0x1, 0xc2,
    0x1, 0xf7, 0x80, 0x0,

    /* U+539F "原" */
    0x0, 0x18, 0x7, 0xe5, 0x80, 0xb, 0x59, 0xb4,
    0x4b, 0x30, 0xf8, 0x40, 0x26, 0x6c, 0x1a, 0xcd,
    0x84, 0x3, 0xd, 0x30, 0x93, 0x33, 0xc, 0x3,
    0x85, 0x99, 0x2c, 0xd3, 0x90, 0x7, 0x85, 0x9b,
    0xc0, 0x18, 0xc0, 0x2, 0xcd, 0xe0, 0xf, 0x85,
    0x9b, 0xc0, 0x18, 0x40, 0x14, 0xcc, 0xb6, 0x65,
    0x88, 0x0, 0x98, 0x0, 0xaa, 0x0, 0x8, 0x30,
    0x4, 0xda, 0x0, 0xfd, 0x0, 0xb, 0xb8, 0x2,
    0xd5, 0x1b, 0x98, 0x0, 0x9c, 0x78, 0xc4, 0x47,
    0x34, 0x8a, 0xe6, 0x0, 0x68, 0x97, 0x80, 0x81,
    0x5, 0xf6, 0x0, 0x9a, 0x18, 0x4, 0x3, 0x44,
    0x0, 0x31, 0x0,

    /* U+53E3 "口" */
    0x0, 0xff, 0xb1, 0x9b, 0xf7, 0x19, 0x33, 0x7e,
    0x3, 0x0, 0xff, 0xff, 0x80, 0x4c, 0xdf, 0x80,
    0x6, 0xcd, 0xfc, 0x1a, 0x1, 0xfa, 0x0,

    /* U+53EF "可" */
    0x0, 0xff, 0xe0, 0x90, 0x4, 0xcd, 0xff, 0xc0,
    0xf9, 0x0, 0x3b, 0x37, 0xf5, 0x3e, 0xc8, 0x0,
    0x40, 0x3f, 0xf8, 0xb6, 0xcd, 0x62, 0x80, 0x7f,
    0x95, 0x9a, 0x77, 0x0, 0x7f, 0xfb, 0xd9, 0xb0,
    0x80, 0x7f, 0xcc, 0xd5, 0x90, 0x7, 0xfb, 0x0,
    0x26, 0x10, 0xf, 0xf1, 0x0, 0x62, 0x54, 0x21,
    0x0, 0xff, 0x89, 0xa1, 0x40, 0x3f, 0xf8, 0x27,
    0xb6, 0x1, 0x80,

    /* U+53F3 "右" */
    0x0, 0xfa, 0x48, 0x3, 0xff, 0x82, 0x2e, 0x60,
    0x1f, 0xfc, 0x17, 0x70, 0x80, 0x68, 0x30, 0x3,
    0xb3, 0x6b, 0xe6, 0x6e, 0xf5, 0x0, 0x3b, 0x34,
    0x80, 0xec, 0xdc, 0xec, 0x1, 0xeb, 0xb0, 0x7,
    0xff, 0x4, 0x91, 0x80, 0x38, 0x40, 0x3e, 0x80,
    0x66, 0xf7, 0x10, 0x7, 0x36, 0xb, 0xb3, 0x70,
    0x90, 0x6, 0x3e, 0x60, 0xf, 0xfe, 0x1, 0x24,
    0x0, 0x7f, 0xf0, 0x5, 0x9c, 0x3, 0xff, 0x82,
    0x28, 0x1, 0xb, 0xb3, 0x70, 0x7, 0xf0, 0xb3,
    0x78, 0x80, 0x3f, 0x60, 0x7, 0xb0, 0x2,

    /* U+5408 "合" */
    0x0, 0xff, 0xe5, 0xcb, 0x80, 0x7f, 0xf0, 0x49,
    0xbc, 0x3, 0xff, 0x83, 0x32, 0xb7, 0x0, 0xff,
    0xa0, 0x98, 0xc1, 0xc0, 0x3f, 0x98, 0xa4, 0x0,
    0xff, 0x42, 0x1, 0xe9, 0x1a, 0x0, 0xd6, 0x5f,
    0x48, 0x0, 0x48, 0xb0, 0x66, 0xea, 0xfc, 0x1d,
    0x11, 0x34, 0x13, 0xb3, 0x74, 0xb9, 0x5c, 0x88,
    0x88, 0x0, 0x60, 0x1e, 0x60, 0xf, 0xd8, 0xcd,
    0xe9, 0x10, 0xf, 0x85, 0x9b, 0xc2, 0x20, 0xf,
    0xfe, 0x63, 0x37, 0x80, 0x3f, 0xcc, 0xde, 0x20,
    0xf, 0xdc, 0x1, 0xec, 0x0, 0xc0,

    /* U+540E "后" */
    0x0, 0xff, 0x85, 0x90, 0x3, 0x18, 0x0, 0x91,
    0xe6, 0xaf, 0xc8, 0x3, 0x43, 0xab, 0x31, 0xe6,
    0xa9, 0x2c, 0x1, 0xc8, 0xa8, 0x40, 0x1f, 0xfc,
    0x88, 0x10, 0xc, 0x8c, 0xdf, 0xb8, 0x80, 0x32,
    0xb3, 0x7f, 0x18, 0x4, 0xe0, 0x26, 0x1, 0xca,
    0x1, 0xc2, 0x41, 0xcc, 0xdd, 0x64, 0x1, 0xf0,
    0xb3, 0x70, 0x10, 0x4, 0x4e, 0x1, 0xff, 0xc1,
    0x59, 0x0, 0xff, 0xe0, 0xf1, 0x81, 0x8b, 0x37,
    0x0, 0x66, 0x80, 0x0, 0xbb, 0x37, 0x80, 0x2,
    0x82, 0x0, 0x3a, 0x0, 0xe8, 0x0, 0x0,

    /* U+542B "含" */
    0x0, 0xff, 0xe5, 0xd3, 0x80, 0x7f, 0xf0, 0x55,
    0xc0, 0x3f, 0xf8, 0x29, 0x38, 0xd2, 0x20, 0x1f,
    0xcb, 0xfa, 0xc1, 0x14, 0xe2, 0x1, 0xe8, 0x2b,
    0x14, 0xc1, 0xb1, 0xfc, 0x81, 0x4, 0x8a, 0x70,
    0x1, 0xa8, 0x13, 0x75, 0x58, 0x89, 0xa0, 0x9d,
    0x9a, 0xe6, 0xc6, 0x6, 0x30, 0x12, 0x0, 0x3b,
    0x36, 0x34, 0x60, 0xf, 0xfe, 0x0, 0xc5, 0x80,
    0x7f, 0x5b, 0x34, 0xf4, 0xfa, 0x20, 0x1f, 0x2b,
    0x36, 0x76, 0x31, 0x0, 0xff, 0xee, 0x33, 0x78,
    0x3, 0xfa, 0x59, 0xbd, 0x20, 0x18,

    /* U+54C1 "品" */
    0x0, 0x90, 0x3, 0x88, 0xc0, 0x3d, 0xe, 0xcd,
    0xae, 0x40, 0x3c, 0xea, 0xcd, 0xb3, 0x40, 0x3f,
    0xf9, 0xfe, 0x1, 0xe7, 0x56, 0x6d, 0x80, 0x1f,
    0x4b, 0xb3, 0x6b, 0x90, 0xd, 0x2c, 0x6f, 0x40,
    0x9, 0x47, 0x6b, 0x10, 0x76, 0x62, 0x30, 0x1,
    0x19, 0xa5, 0x10, 0xe, 0x70, 0xf, 0xfe, 0x7b,
    0x80, 0x7f, 0x99, 0x96, 0x1, 0x1b, 0x34, 0x1,
    0x1b, 0x32, 0xa8, 0x2, 0xac, 0xd2, 0x0, 0x30,
    0x0, 0x4c, 0x3, 0x60, 0x15, 0x0,

    /* U+56DE "回" */
    0x10, 0xf, 0xf1, 0x6, 0xb3, 0x7f, 0xb0, 0x44,
    0xec, 0xdf, 0xc6, 0x22, 0x0, 0xff, 0xe1, 0xcb,
    0x36, 0xb1, 0x0, 0xf2, 0x33, 0x65, 0x10, 0xf,
    0xf8, 0xc0, 0x3f, 0xf9, 0x2c, 0xd8, 0xc0, 0x3f,
    0x33, 0x65, 0x0, 0xfb, 0x0, 0x35, 0x80, 0x7c,
    0x20, 0x1f, 0xc2, 0xec, 0xdf, 0xc0, 0x13, 0xb3,
    0x7f, 0x83, 0x4, 0x3, 0xfa, 0xc0,

    /* U+56FA "固" */
    0x96, 0x6f, 0xf6, 0x13, 0xb3, 0x63, 0x76, 0x6c,
    0x44, 0x0, 0xee, 0x50, 0xf, 0xf8, 0x58, 0x6,
    0x0, 0x31, 0x43, 0x34, 0xac, 0xfc, 0x40, 0x11,
    0x43, 0x34, 0xac, 0xd1, 0x0, 0x74, 0x33, 0x15,
    0xac, 0x40, 0x3c, 0xad, 0x8e, 0xcc, 0x10, 0xf,
    0xfe, 0xab, 0x36, 0x0, 0xfc, 0xac, 0xd9, 0x40,
    0x39, 0x99, 0xcc, 0xdb, 0x99, 0x80, 0x13, 0x37,
    0xf8, 0x1, 0x40, 0x1f, 0xec, 0x0,

    /* U+5728 "在" */
    0x0, 0xff, 0xe5, 0x2e, 0x8, 0x7, 0xff, 0x7,
    0x2c, 0x40, 0x30, 0x80, 0x4a, 0xcd, 0xc2, 0xcd,
    0xa3, 0x90, 0x0, 0x8e, 0xcc, 0x17, 0x66, 0x2b,
    0x32, 0x3d, 0x0, 0x2, 0x20, 0x1a, 0x80, 0x6,
    0x88, 0x7, 0xf5, 0x48, 0x4, 0x62, 0x1, 0xfa,
    0xcd, 0x0, 0x3c, 0x46, 0x1, 0x95, 0x25, 0x1d,
    0x98, 0x6c, 0xca, 0xb0, 0x9, 0xc, 0xc0, 0x8e,
    0xcc, 0x36, 0x64, 0x40, 0x0, 0x6e, 0xc0, 0x1f,
    0xfc, 0x13, 0x30, 0x7, 0xff, 0x3c, 0x40, 0x3c,
    0x4e, 0xcd, 0x3, 0x35, 0xb2, 0x1, 0x84, 0x9d,
    0x9a, 0xd6, 0x6b, 0x24, 0x3, 0x78, 0x80, 0x7f,
    0xc0,

    /* U+578B "型" */
    0x0, 0xff, 0xe4, 0x11, 0x80, 0x6c, 0x10, 0x66,
    0x5b, 0x5d, 0x20, 0x20, 0x80, 0x88, 0x19, 0xc1,
    0x82, 0x5c, 0x3c, 0x80, 0x3f, 0xcc, 0x0, 0x20,
    0x9, 0x1d, 0x9d, 0x9a, 0xe4, 0x0, 0xe4, 0x73,
    0x46, 0x6a, 0x10, 0x3, 0xed, 0xb0, 0xe, 0xd1,
    0x0, 0xc4, 0x66, 0x0, 0x18, 0x1, 0xc, 0xc0,
    0x1, 0xaa, 0x0, 0x31, 0x8, 0x9, 0xb5, 0x40,
    0xa0, 0x2, 0x7c, 0x70, 0x2, 0xec, 0x1, 0x83,
    0x3b, 0x35, 0xac, 0xc9, 0xf1, 0x0, 0x99, 0xd9,
    0xab, 0x66, 0x4e, 0x8, 0x7, 0xff, 0x4, 0xc1,
    0x19, 0xbd, 0x6c, 0xd3, 0xe3, 0xab, 0xb3, 0x6c,
    0x86, 0x69, 0xfd, 0xc0,

    /* U+5904 "处" */
    0x0, 0xc6, 0x1, 0xc8, 0x1, 0xfd, 0x8a, 0x1,
    0xac, 0x80, 0x3e, 0x32, 0x50, 0xc, 0x24, 0x1,
    0xf2, 0xa8, 0x0, 0xc2, 0x1, 0xfe, 0xdf, 0x66,
    0x4b, 0x0, 0x10, 0x3, 0xe6, 0x76, 0x71, 0x70,
    0x3, 0xe2, 0x80, 0x65, 0x60, 0x2, 0x20, 0x2,
    0x3d, 0x88, 0x0, 0x5f, 0x8, 0x19, 0xe0, 0x18,
    0x7c, 0x80, 0x9, 0xe7, 0xa0, 0x8a, 0x1, 0xc5,
    0x40, 0x2, 0x50, 0xe8, 0x70, 0xf, 0xf3, 0x0,
    0x19, 0xe4, 0x3, 0xff, 0x83, 0x2d, 0x4, 0x0,
    0x50, 0xf, 0xd1, 0xd3, 0x1d, 0x6f, 0xc6, 0x62,
    0x20, 0x0, 0x9e, 0x98, 0xf, 0x23, 0xfb, 0x99,
    0xb4, 0x1, 0x39, 0x0, 0x63, 0x8b, 0xdf, 0xf4,
    0x0,

    /* U+591A "多" */
    0x0, 0xff, 0xe4, 0x43, 0x80, 0x7f, 0xce, 0x8c,
    0x1, 0x28, 0x7, 0xa7, 0x69, 0xd9, 0x91, 0x4c,
    0x1, 0x1c, 0xd1, 0xab, 0x31, 0x55, 0x6c, 0x0,
    0x67, 0x93, 0xa8, 0x6, 0x8f, 0x40, 0x9, 0x90,
    0x0, 0x7d, 0x41, 0x64, 0x1, 0xf3, 0x4e, 0x83,
    0x80, 0x71, 0x2b, 0x31, 0x24, 0x80, 0x38, 0xc0,
    0x95, 0x98, 0x76, 0x78, 0xec, 0xc9, 0xc2, 0x0,
    0x92, 0xb2, 0x59, 0xa4, 0x46, 0x10, 0x13, 0x85,
    0xa5, 0x80, 0xf, 0xbc, 0xc0, 0x4, 0xe8, 0x6,
    0xc0, 0xf3, 0xa4, 0x1, 0xf0, 0xd5, 0xe, 0x84,
    0x3, 0x89, 0x9d, 0x92, 0x90, 0x3, 0x89, 0x5,
    0x9d, 0xc6, 0x1, 0xf0,

    /* U+5927 "大" */
    0x0, 0xff, 0xe5, 0xe1, 0x80, 0x7f, 0xf0, 0x88,
    0x80, 0x1f, 0xfc, 0x23, 0x0, 0xff, 0xe4, 0xb0,
    0x80, 0x19, 0xbc, 0x6e, 0xcd, 0xb1, 0x80, 0xc,
    0xde, 0x14, 0x66, 0xd4, 0xe0, 0x1f, 0x9, 0x20,
    0x7, 0xff, 0x5, 0x5c, 0x40, 0x3f, 0xf8, 0x3b,
    0xea, 0xe0, 0x1f, 0xfc, 0x7, 0x52, 0xf2, 0x0,
    0xff, 0x44, 0x80, 0x27, 0x84, 0x3, 0xf2, 0x9b,
    0x80, 0x7, 0xf4, 0x80, 0x3c, 0xd9, 0x60, 0x18,
    0xe7, 0x64, 0x80, 0x5, 0x5, 0x20, 0x1e, 0x5c,
    0x44, 0x0, 0x8a, 0x10, 0x3, 0xf1, 0xeb, 0x0,

    /* U+5931 "失" */
    0x0, 0xff, 0xe5, 0x52, 0x80, 0x7f, 0x1a, 0x0,
    0x5, 0x80, 0x3f, 0xaf, 0x80, 0x3f, 0xf8, 0x29,
    0xac, 0xd5, 0xb3, 0x2b, 0x4, 0x2, 0x15, 0x76,
    0x60, 0xdb, 0x32, 0xb0, 0x40, 0x26, 0x80, 0x8,
    0x48, 0x3, 0xf2, 0x8, 0x4, 0x62, 0x1, 0xc,
    0x0, 0x19, 0x19, 0xa7, 0x8, 0x66, 0xc2, 0x80,
    0xce, 0xcd, 0xb, 0xe3, 0xb3, 0x1e, 0x50, 0x3,
    0xd5, 0x44, 0x80, 0xf, 0xf2, 0x31, 0x86, 0x38,
    0x7, 0xe1, 0x8b, 0x0, 0x2e, 0xb8, 0x7, 0x8e,
    0xf4, 0x40, 0x2a, 0xcc, 0x18, 0x0, 0x59, 0x68,
    0x40, 0x3a, 0xdb, 0x20, 0x9, 0x98, 0x1, 0xfa,
    0xb6, 0x0,

    /* U+59CB "始" */
    0x0, 0xff, 0x8, 0x7, 0xe6, 0xa0, 0xc, 0x7e,
    0x20, 0x1f, 0x7e, 0x0, 0x6b, 0x61, 0x0, 0xf9,
    0x5c, 0x3, 0x24, 0x81, 0x0, 0x65, 0x62, 0x76,
    0xa0, 0x5a, 0x10, 0x56, 0x0, 0x9c, 0x9d, 0x88,
    0x1, 0xec, 0x0, 0x7a, 0x60, 0x1, 0x66, 0x0,
    0xf6, 0x86, 0x61, 0xd9, 0x20, 0x2, 0x45, 0xd,
    0x4e, 0xd8, 0x83, 0xb4, 0x40, 0x0, 0x2e, 0x0,
    0x73, 0x44, 0x8, 0x4, 0x6c, 0x0, 0x4c, 0x2,
    0x60, 0x6, 0x33, 0x6d, 0x30, 0x0, 0xfa, 0x56,
    0x80, 0x4c, 0xd8, 0xc, 0x0, 0x90, 0x2f, 0xc0,
    0x1f, 0xfc, 0x1d, 0x93, 0xa0, 0xf, 0xf9, 0x3d,
    0xac, 0x80, 0xc, 0xd8, 0x3, 0x20, 0xb8, 0x2,
    0x0, 0xc, 0xd8, 0xc0, 0x26, 0x50, 0xe, 0xc0,
    0xd, 0x80, 0x0,

    /* U+5B8C "完" */
    0x0, 0xfa, 0x44, 0x3, 0xff, 0x85, 0xf6, 0x1,
    0xfc, 0xce, 0xcd, 0x9, 0xb3, 0x69, 0x70, 0xb,
    0x51, 0x9a, 0x79, 0x66, 0xc0, 0x60, 0x1, 0x23,
    0x0, 0xf1, 0x20, 0x52, 0x0, 0x6, 0x4d, 0xd9,
    0xb9, 0x8, 0xc, 0x3, 0x8d, 0xd9, 0xbe, 0x1,
    0x0, 0xca, 0xcd, 0xfd, 0x3e, 0x40, 0x12, 0x33,
    0xb, 0x19, 0x96, 0xcc, 0x9e, 0x20, 0x8, 0x40,
    0x5, 0xa0, 0x1f, 0xfc, 0x2c, 0x30, 0xf, 0x8c,
    0x3, 0x85, 0xd0, 0x3, 0xe5, 0x0, 0xeb, 0x90,
    0x8, 0xc0, 0x35, 0x0, 0x49, 0x32, 0x40, 0x9,
    0xf7, 0x31, 0xae, 0x20, 0xad, 0x26, 0x1, 0xa7,
    0x73, 0x1b, 0x62,

    /* U+5C06 "将" */
    0x0, 0xff, 0xe4, 0x49, 0x0, 0xb, 0x4, 0x3,
    0xf9, 0xcc, 0x1, 0x76, 0x10, 0x0, 0x80, 0x78,
    0xc4, 0xd, 0x45, 0x98, 0xfc, 0x40, 0x9, 0x20,
    0xd, 0x34, 0xcd, 0x5c, 0x90, 0x2, 0xb0, 0x2,
    0x7b, 0xc5, 0x9, 0x46, 0x0, 0x8c, 0x80, 0x2,
    0xc3, 0x2d, 0x5d, 0x0, 0x1d, 0x80, 0x1, 0x10,
    0x3c, 0xc9, 0xf4, 0x40, 0x38, 0xc0, 0x8, 0xc1,
    0x46, 0x0, 0x11, 0x0, 0x48, 0x80, 0x3c, 0x2,
    0x66, 0x8d, 0xf4, 0x41, 0x79, 0xc0, 0xe0, 0x99,
    0xb1, 0xbe, 0x9, 0xdd, 0x80, 0x33, 0xe0, 0x7,
    0xc7, 0xe2, 0x1, 0x8c, 0x44, 0x1, 0xf0, 0x80,
    0x7b, 0x44, 0x3, 0xfc, 0x60, 0x19, 0x27, 0x58,
    0x3, 0xea, 0x0, 0xc9, 0x31, 0x40, 0x10,

    /* U+5DF2 "已" */
    0x0, 0xff, 0x10, 0x4, 0x30, 0xcd, 0xfb, 0x48,
    0x0, 0x30, 0xcd, 0xf8, 0x48, 0x3, 0xff, 0x8a,
    0xa0, 0x1f, 0xfc, 0x1a, 0x10, 0xf, 0xfe, 0x0,
    0xbb, 0x37, 0xc0, 0x1e, 0x66, 0xfd, 0x80, 0x1f,
    0xfc, 0x12, 0x0, 0xff, 0xe1, 0xa0, 0x7, 0xff,
    0x4, 0x80, 0x3f, 0xf8, 0x3, 0xe0, 0x12, 0x11,
    0x7e, 0x67, 0x10, 0xbd, 0xbb, 0xfd, 0xd6, 0x20,

    /* U+5E72 "干" */
    0x0, 0xff, 0xe2, 0x8b, 0x37, 0xfb, 0x8c, 0x2,
    0x14, 0x66, 0xd6, 0xec, 0xd7, 0x18, 0x6, 0x20,
    0xf, 0xfe, 0xf0, 0x80, 0x9, 0x9b, 0xc6, 0xec,
    0xdb, 0xe8, 0x9, 0xd9, 0xb8, 0xdd, 0x9b, 0x75,
    0x0, 0x4, 0x3, 0xff, 0xf2, 0x60, 0x1f, 0xfd,
    0x3a, 0x10, 0xf, 0x80,

    /* U+5E73 "平" */
    0x0, 0xff, 0xe0, 0x28, 0x80, 0x67, 0x66, 0xd6,
    0xec, 0xd6, 0xb8, 0x6, 0x75, 0x66, 0x81, 0x19,
    0x81, 0x6c, 0x1, 0xcb, 0x0, 0x1e, 0x86, 0x0,
    0xf3, 0x2b, 0x80, 0x67, 0xa5, 0x0, 0xfa, 0xfc,
    0x2, 0x22, 0x20, 0x8, 0x0, 0x99, 0xa0, 0xe6,
    0x65, 0xa9, 0xb3, 0x3e, 0x0, 0x9d, 0x9b, 0xd6,
    0xec, 0xd7, 0x40, 0x0, 0x40, 0x3f, 0xff, 0x4e,
    0x1, 0xff, 0xc3, 0x70, 0xf, 0xfe, 0x15, 0x98,
    0x7, 0xc0,

    /* U+5E95 "底" */
    0x0, 0xff, 0xe5, 0xac, 0x0, 0x7f, 0x10, 0x6,
    0x55, 0x18, 0x4, 0xc2, 0x1, 0x4c, 0x33, 0x6a,
    0x56, 0x6b, 0x9c, 0x3, 0x5b, 0x36, 0x76, 0x62,
    0x8c, 0x30, 0x7, 0x90, 0x91, 0xeb, 0x23, 0x8c,
    0x3, 0xc3, 0x22, 0xca, 0x99, 0x72, 0x60, 0x1e,
    0x10, 0x32, 0x20, 0x7, 0xff, 0x0, 0xd9, 0xa0,
    0x76, 0x67, 0x20, 0x4, 0xe4, 0x6, 0xcd, 0x39,
    0x33, 0x39, 0x0, 0x21, 0x10, 0x7, 0x6f, 0x0,
    0x7c, 0xc0, 0x1c, 0x4e, 0xc4, 0x0, 0x20, 0x2,
    0xe8, 0x4, 0x92, 0xe7, 0x1c, 0x0, 0x50, 0x6,
    0xb0, 0x11, 0x3a, 0xbc, 0x95, 0x34, 0xf4, 0xb,
    0x40, 0x5, 0x54, 0x3e, 0xe0, 0x45, 0xeb, 0x80,
    0x14, 0x2, 0x50, 0x2, 0x68, 0x1, 0xba, 0x0,

    /* U+5F0F "式" */
    0x0, 0xff, 0xe5, 0xe, 0x11, 0x80, 0x7f, 0xc2,
    0x44, 0x5c, 0x10, 0xf, 0xfe, 0x3, 0x31, 0x40,
    0x2, 0xec, 0xde, 0x16, 0x66, 0x4d, 0x0, 0xb3,
    0x7c, 0x4c, 0xd6, 0xd0, 0x0, 0x40, 0x3c, 0x24,
    0x1, 0xe5, 0x66, 0xdc, 0x8c, 0xc0, 0xf, 0x23,
    0x26, 0xb7, 0x26, 0x98, 0x7, 0x84, 0x3, 0xc7,
    0x80, 0x1f, 0xfc, 0x14, 0x51, 0x0, 0xff, 0x84,
    0x4d, 0x20, 0x6, 0x0, 0xc2, 0xd0, 0xca, 0x32,
    0xc8, 0x1c, 0xb, 0x7b, 0x53, 0xc, 0x80, 0x35,
    0x47, 0x30, 0x7d, 0xd4, 0xa0, 0x7, 0x26, 0xd2,
    0x11, 0x18, 0x3, 0xf8, 0xf6, 0xc0,

    /* U+5F53 "当" */
    0x0, 0xf4, 0xa8, 0x7, 0xc4, 0x60, 0x11, 0x30,
    0x1, 0x98, 0x1, 0x15, 0x48, 0x4, 0x20, 0x30,
    0x20, 0x1a, 0x51, 0x80, 0x34, 0x53, 0x80, 0x77,
    0x20, 0x4, 0x96, 0x80, 0x19, 0x59, 0x51, 0x98,
    0xa4, 0x8c, 0xcc, 0x20, 0x46, 0x6d, 0xae, 0xcd,
    0x39, 0x10, 0x4, 0x3, 0xfc, 0x60, 0x1f, 0xfc,
    0x41, 0x86, 0x6f, 0xce, 0x1, 0xc, 0x33, 0x7e,
    0x70, 0xf, 0xfe, 0x81, 0x81, 0x43, 0x37, 0xf3,
    0x80, 0xa, 0x19, 0xbf, 0xd6, 0x0,

    /* U+5F85 "待" */
    0x0, 0xff, 0xe3, 0x16, 0x0, 0x6c, 0x20, 0xf,
    0xae, 0xc0, 0x18, 0x48, 0x3, 0xc6, 0x67, 0x6,
    0x68, 0xd9, 0x98, 0x20, 0x15, 0x51, 0xc9, 0x9a,
    0x36, 0x66, 0x8, 0x1, 0xa4, 0x64, 0x40, 0x3e,
    0x10, 0x3, 0x4, 0x41, 0x19, 0xa1, 0x66, 0xa9,
    0x40, 0x6, 0xce, 0xe6, 0x6b, 0x1b, 0xd2, 0xd4,
    0x1, 0x44, 0x1, 0xf2, 0x13, 0x88, 0x3c, 0x8,
    0x1b, 0x37, 0x1b, 0x9, 0xb, 0x88, 0x0, 0xd8,
    0x55, 0x98, 0x6c, 0xc3, 0x10, 0xf, 0x36, 0x88,
    0x7, 0xff, 0x0, 0x64, 0x40, 0x3f, 0x8, 0x6,
    0x70, 0xf, 0xfe, 0x10, 0xbd, 0x80, 0x7d, 0x22,
    0x1, 0xb, 0xff, 0x80, 0x20,

    /* U+5FEB "快" */
    0x0, 0xff, 0xe3, 0xf1, 0x0, 0x45, 0x80, 0x1f,
    0xe2, 0x0, 0xff, 0xe3, 0x98, 0x4, 0xa2, 0x1,
    0xe4, 0x6, 0x63, 0x8b, 0x32, 0x10, 0x2, 0x22,
    0x1, 0x5b, 0x31, 0xc5, 0x98, 0x28, 0x1, 0x2b,
    0x3, 0x38, 0x4, 0xe0, 0x1f, 0x4b, 0x0, 0x30,
    0x0, 0x60, 0x1f, 0xb0, 0x80, 0xa, 0xcc, 0xa7,
    0x66, 0xd, 0x60, 0x81, 0x0, 0x48, 0xcc, 0xfb,
    0x36, 0xdb, 0xc1, 0x0, 0xe1, 0x0, 0x62, 0x90,
    0x7, 0xff, 0x0, 0xc0, 0x91, 0xc0, 0x3f, 0xe8,
    0x90, 0x3c, 0x40, 0xf, 0xe9, 0xf2, 0x0, 0x4d,
    0x38, 0x7, 0x8, 0x3d, 0x20, 0x4, 0x55, 0x16,
    0x20, 0x15, 0x9b, 0x98, 0x7, 0x26, 0xd8, 0x80,

    /* U+603B "总" */
    0x0, 0xff, 0xe3, 0x30, 0x6, 0xd3, 0x0, 0xfb,
    0xe0, 0x0, 0x8e, 0x60, 0x1f, 0x52, 0x0, 0x36,
    0x80, 0x3c, 0x32, 0xb6, 0xce, 0xc, 0xf2, 0x1,
    0xc8, 0xce, 0xcf, 0x2c, 0x42, 0x1, 0x84, 0x3,
    0xff, 0x9e, 0x26, 0xcd, 0xec, 0x0, 0xf3, 0xb2,
    0x2b, 0x35, 0x58, 0x1, 0x86, 0x54, 0xa6, 0x0,
    0x4, 0xa0, 0x11, 0xa0, 0x58, 0xdb, 0x0, 0xe,
    0x24, 0x1, 0xec, 0x6, 0x22, 0xe0, 0x2, 0x4a,
    0x3c, 0x1, 0x1, 0x80, 0x76, 0x87, 0x24, 0x60,
    0x0, 0xb3, 0x36, 0xb0, 0x99, 0x80,

    /* U+606F "息" */
    0x0, 0xff, 0xe3, 0x8e, 0x88, 0x7, 0xf4, 0xb4,
    0x2b, 0xb3, 0x2d, 0x40, 0x39, 0xda, 0x61, 0x9a,
    0x6, 0x0, 0xe1, 0x66, 0xf8, 0x3, 0xc2, 0xcd,
    0xf0, 0x7, 0x85, 0x9b, 0xe0, 0xf, 0xb, 0x37,
    0xc0, 0x1e, 0x16, 0x6f, 0x80, 0x3c, 0xac, 0xc0,
    0x66, 0xa8, 0x80, 0x3a, 0x98, 0xf, 0x44, 0x1c,
    0x40, 0x32, 0x84, 0xa, 0x88, 0x0, 0x55, 0xc0,
    0xe, 0x0, 0x31, 0xc, 0x10, 0x75, 0xb7, 0x48,
    0x70, 0xf, 0xe, 0x84, 0x82, 0xe9, 0x2, 0x66,
    0x6d, 0x10, 0x57,

    /* U+611F "感" */
    0x0, 0xff, 0xe6, 0xc3, 0x31, 0x0, 0x38, 0x44,
    0x1, 0xde, 0x6d, 0xc2, 0xa0, 0x11, 0x6b, 0x37,
    0x77, 0xb6, 0x31, 0x8, 0x4, 0xcd, 0xc7, 0x46,
    0xcc, 0x17, 0x10, 0xc, 0xac, 0xd1, 0x81, 0x3,
    0x50, 0x80, 0x4e, 0x4e, 0x20, 0xf, 0x25, 0x2b,
    0xd1, 0x0, 0x8b, 0x87, 0x59, 0x88, 0x2f, 0x92,
    0x20, 0x1b, 0xd0, 0x40, 0x3e, 0x60, 0x50, 0xc,
    0x42, 0xcd, 0x9f, 0x2b, 0xd3, 0x40, 0xd, 0x0,
    0x78, 0xc9, 0xea, 0xa4, 0xe9, 0x71, 0x4, 0x12,
    0x39, 0x7, 0xf3, 0x0, 0x5e, 0x60, 0xc0, 0x95,
    0x80, 0xc1, 0x48, 0x80, 0x97, 0x86, 0x40, 0x76,
    0xa2, 0x1, 0x49, 0x8e, 0x1b, 0x88, 0x0, 0x68,
    0x4d, 0xee, 0xf6, 0x10, 0x50, 0x80, 0x9, 0x0,
    0x76, 0xef, 0x6d, 0x0, 0x60,

    /* U+6210 "成" */
    0x0, 0xfd, 0x46, 0x48, 0x1, 0xff, 0xc0, 0x40,
    0x2e, 0x80, 0xf, 0xf8, 0x80, 0x10, 0x64, 0x1,
    0xa1, 0xd9, 0xb0, 0xdb, 0x26, 0xfa, 0x80, 0x42,
    0x26, 0x6c, 0x9a, 0xcd, 0x6a, 0x80, 0x7f, 0x71,
    0x0, 0x18, 0xc0, 0x38, 0xc0, 0x8, 0x27, 0xa0,
    0xb, 0x40, 0xe, 0xc6, 0x64, 0xba, 0xb8, 0x20,
    0x38, 0x6, 0x3a, 0x66, 0xb, 0x88, 0xf, 0xd8,
    0x7, 0x8, 0x80, 0x21, 0x5, 0xb6, 0x60, 0x7,
    0x39, 0x0, 0x4, 0x1, 0x4b, 0x0, 0x4, 0x0,
    0xb, 0x3, 0xc0, 0x80, 0x2d, 0x20, 0x40, 0xc0,
    0xf, 0xc0, 0xe7, 0x1, 0x3b, 0x6b, 0xed, 0xa0,
    0xe, 0x40, 0x5, 0xab, 0xda, 0x4, 0x5d, 0x98,
    0xa, 0x0, 0x31, 0xb9, 0x0, 0x4b, 0xbe, 0x0,

    /* U+62E9 "择" */
    0x0, 0xff, 0xe4, 0x60, 0x80, 0x7c, 0x60, 0x1e,
    0x21, 0x13, 0x43, 0x35, 0x7e, 0x1, 0xf8, 0x5b,
    0x5d, 0x91, 0xb4, 0x2, 0x67, 0x60, 0x6c, 0x35,
    0x82, 0xee, 0x8, 0x4, 0xce, 0xc0, 0xd8, 0x61,
    0x9b, 0x46, 0x1, 0xfc, 0x60, 0xbf, 0x55, 0x29,
    0x80, 0x70, 0xc3, 0x38, 0xd5, 0xf7, 0x3e, 0xc0,
    0x2, 0xf6, 0x32, 0xee, 0x40, 0x1, 0x26, 0x40,
    0x3, 0x7e, 0xc0, 0x4e, 0x19, 0x80, 0xcc, 0x12,
    0x0, 0x64, 0x0, 0x43, 0xc, 0xc0, 0x66, 0x39,
    0x0, 0x7c, 0xac, 0xd0, 0x33, 0x23, 0x44, 0x3,
    0xc8, 0xcd, 0x3, 0x32, 0x34, 0x40, 0x48, 0xcc,
    0x2, 0x1, 0xfe, 0x14, 0xc4, 0x0, 0xff, 0xe0,
    0xb6, 0xc8, 0x7, 0x50, 0x7, 0x0,

    /* U+6301 "持" */
    0x0, 0xff, 0xe3, 0x59, 0x80, 0x6a, 0x40, 0xf,
    0x98, 0xc0, 0x33, 0x30, 0x3, 0xfc, 0x8c, 0xc1,
    0x56, 0xa7, 0x1, 0x66, 0x1b, 0x6b, 0x34, 0x2a,
    0xd4, 0xe0, 0x2c, 0xc3, 0x6d, 0x20, 0xf, 0x8,
    0x7, 0x91, 0xd9, 0xa4, 0x66, 0x5b, 0x0, 0x62,
    0x23, 0x35, 0x47, 0xed, 0x4c, 0x0, 0x53, 0x46,
    0x10, 0xf, 0x20, 0xf, 0x69, 0xb1, 0xbb, 0x35,
    0x84, 0xd8, 0x83, 0xf0, 0x0, 0x35, 0x26, 0x66,
    0x13, 0x42, 0x0, 0x80, 0x62, 0xe7, 0x0, 0xff,
    0xe0, 0xc7, 0x0, 0x7f, 0x18, 0x4, 0x52, 0x1,
    0xf2, 0x60, 0x7, 0xa2, 0xfc, 0x3, 0x27, 0x60,
    0x7, 0x45, 0xb0, 0x4,

    /* U+6309 "按" */
    0x0, 0xa4, 0xc0, 0x33, 0x90, 0x7, 0xca, 0x20,
    0x19, 0x7c, 0x3, 0xf1, 0x80, 0x14, 0x82, 0x88,
    0x8c, 0x42, 0xcc, 0x18, 0x96, 0x21, 0x12, 0x8,
    0xa9, 0xc5, 0x98, 0x31, 0x3a, 0xc7, 0xc4, 0x65,
    0xa, 0x1, 0xc3, 0x62, 0xae, 0x20, 0x28, 0x1,
    0xcc, 0x40, 0xe, 0x90, 0x9, 0xc4, 0x0, 0xc4,
    0xa2, 0xce, 0xe5, 0x68, 0xd1, 0x22, 0x68, 0x91,
    0x93, 0x7c, 0x33, 0x3d, 0x58, 0xcb, 0x9c, 0x2,
    0x14, 0x40, 0x2, 0xa8, 0x1, 0x18, 0x6, 0x3b,
    0x75, 0x67, 0x20, 0xf, 0xc4, 0xee, 0x19, 0x13,
    0x0, 0xff, 0x1f, 0xe4, 0x74, 0x80, 0x16, 0xcc,
    0x41, 0x21, 0x2c, 0xcd, 0x8a, 0x60, 0xb1, 0x60,
    0xad, 0xe, 0x1, 0xe, 0x18,

    /* U+636E "据" */
    0x0, 0xa0, 0x80, 0x48, 0x3, 0x90, 0x3, 0x94,
    0xc0, 0xb9, 0x9b, 0xa8, 0x40, 0x3f, 0x33, 0x78,
    0xc4, 0x5, 0x98, 0x6f, 0x8c, 0xdf, 0x0, 0x42,
    0xcc, 0x37, 0xc6, 0x6c, 0x28, 0xd6, 0x1, 0xf9,
    0x8c, 0x1, 0x44, 0xc, 0x1, 0xe7, 0x60, 0x26,
    0x61, 0xb3, 0x26, 0x40, 0x13, 0x11, 0x18, 0xf9,
    0x98, 0x6c, 0xc9, 0x90, 0x1f, 0x70, 0x94, 0x31,
    0xc0, 0x3f, 0x1d, 0x40, 0x4, 0xc3, 0xc, 0x2c,
    0xcc, 0x10, 0x2, 0x0, 0x46, 0x80, 0x2d, 0x8c,
    0xc1, 0x10, 0x7, 0xaa, 0x40, 0x3f, 0xc8, 0x83,
    0x2f, 0x10, 0x26, 0x6c, 0x1, 0x93, 0x59, 0x58,
    0x0, 0x4c, 0xd8, 0x3, 0xa6, 0x18, 0x0, 0x50,
    0x1, 0xb0, 0x0,

    /* U+63A8 "推" */
    0x0, 0xa8, 0xc0, 0x5, 0x40, 0xc0, 0x1f, 0x31,
    0x80, 0x10, 0xc1, 0x74, 0x3, 0xfd, 0x9a, 0x6,
    0xa0, 0xc2, 0x26, 0x60, 0xb6, 0x1a, 0x13, 0x6f,
    0x30, 0xa8, 0xb3, 0x5, 0xb1, 0xc5, 0x98, 0xc,
    0xc7, 0x40, 0xe, 0x1c, 0x20, 0xc, 0x26, 0x1,
    0xce, 0x9a, 0xc, 0xc3, 0x67, 0x40, 0x1, 0xd1,
    0x3b, 0x28, 0x33, 0xd, 0x98, 0xe0, 0x9d, 0x4,
    0x6, 0x1, 0xf1, 0x82, 0x61, 0x0, 0x73, 0x30,
    0xd9, 0xe4, 0x40, 0x40, 0x3c, 0xcc, 0x36, 0x7a,
    0x10, 0xf, 0xfe, 0x20, 0x80, 0x80, 0x66, 0x61,
    0xb3, 0x35, 0x81, 0x70, 0x3, 0x99, 0x9c, 0xcc,
    0xd6, 0x4, 0xdc, 0x0, 0xbc, 0x3, 0xe0,

    /* U+652F "支" */
    0x0, 0xfa, 0x8c, 0x3, 0xff, 0x82, 0xe4, 0x1,
    0xff, 0xc6, 0x2a, 0x0, 0x3b, 0x37, 0x1b, 0xb3,
    0x49, 0x86, 0xe, 0xcd, 0xc6, 0xec, 0xdc, 0x60,
    0x1f, 0xe4, 0x10, 0xf, 0x34, 0x33, 0x2d, 0xda,
    0x98, 0x3, 0xcd, 0x6, 0xcd, 0x11, 0x1c, 0x3,
    0xf1, 0x8, 0x2, 0x7c, 0x3, 0xf9, 0xac, 0x21,
    0x4c, 0x3, 0xf8, 0x73, 0x9, 0x0, 0x1f, 0xf0,
    0x88, 0x8, 0x3, 0xf8, 0xaf, 0xf6, 0x3e, 0xd4,
    0x40, 0x31, 0xc5, 0x52, 0x1, 0x37, 0x53, 0xde,
    0xe2, 0xa1, 0x10, 0x10, 0xc, 0xd9, 0xd8, 0xe0,

    /* U+6570 "数" */
    0x0, 0xe1, 0x0, 0xc2, 0x1, 0xf0, 0x80, 0xf8,
    0x19, 0x6, 0x30, 0x7, 0xa0, 0xc4, 0x82, 0x18,
    0x4d, 0x80, 0x3d, 0x50, 0x0, 0x4f, 0x44, 0x30,
    0x7, 0x8d, 0x4d, 0x84, 0xb6, 0x7c, 0x19, 0xad,
    0x20, 0x37, 0x8a, 0x2, 0x99, 0x3c, 0xb1, 0x66,
    0x90, 0x0, 0x67, 0xc4, 0xed, 0x6c, 0x80, 0x48,
    0x3, 0x45, 0x98, 0x3f, 0x9b, 0x28, 0x17, 0x0,
    0x49, 0x4, 0xd6, 0x8, 0xc1, 0xc1, 0xaa, 0x1,
    0x3b, 0x32, 0xf9, 0xa8, 0x40, 0x41, 0xcc, 0x2,
    0x27, 0x54, 0x95, 0x11, 0x7, 0xc3, 0x80, 0x61,
    0x14, 0x78, 0xc4, 0x0, 0xe, 0xee, 0x0, 0xf5,
    0xaf, 0xb5, 0x80, 0x21, 0x38, 0x3, 0xc7, 0x35,
    0xa0, 0xb3, 0x96, 0x78, 0x80, 0x4, 0x66, 0x52,
    0x6, 0x14, 0x28, 0x4d, 0xf9, 0x2, 0x32, 0x80,
    0x9, 0x5c, 0x40, 0x27, 0xb2,

    /* U+6574 "整" */
    0x0, 0xff, 0xe4, 0x53, 0x0, 0x45, 0xa0, 0x1e,
    0x46, 0x6b, 0x9a, 0x9d, 0x68, 0x0, 0x26, 0x0,
    0x57, 0x66, 0x5b, 0x5b, 0xe0, 0xb5, 0x5a, 0x0,
    0x6, 0x99, 0x96, 0xd8, 0x62, 0xac, 0x12, 0xe0,
    0x13, 0xb3, 0x2d, 0x85, 0x29, 0x5, 0xcc, 0x3,
    0x99, 0x2d, 0x9d, 0x80, 0xaa, 0xc0, 0x3b, 0x7c,
    0xc7, 0xe8, 0x40, 0xd4, 0xc0, 0x3a, 0x75, 0xeb,
    0x90, 0x60, 0xfb, 0x94, 0x80, 0x2d, 0x29, 0xa4,
    0xe2, 0xb0, 0xa0, 0x5a, 0x60, 0x2c, 0x70, 0x2e,
    0xdb, 0xec, 0xd7, 0xab, 0x80, 0x45, 0x2, 0x8d,
    0x84, 0xcc, 0x4, 0x20, 0xf, 0x51, 0x0, 0x9,
    0x98, 0xc, 0x1, 0xff, 0x13, 0x34, 0x82, 0x1,
    0x23, 0x30, 0xd9, 0x98, 0x4c, 0xdb, 0xd8, 0x0,
    0xae, 0xdc, 0xcc, 0x9b, 0x66, 0xdc, 0xc0,

    /* U+65B0 "新" */
    0x0, 0xce, 0x20, 0x1f, 0x28, 0x7, 0x8e, 0x0,
    0xc0, 0x95, 0xab, 0xd0, 0x0, 0x50, 0xc5, 0xd1,
    0x4a, 0x3e, 0xd5, 0x44, 0x0, 0x15, 0xf3, 0x39,
    0xe2, 0x80, 0x7f, 0x19, 0x88, 0x4d, 0x40, 0x40,
    0x3e, 0x56, 0x34, 0x8e, 0x7d, 0x66, 0xd3, 0x80,
    0x5, 0x68, 0x43, 0x67, 0xd6, 0x6a, 0xa3, 0x0,
    0x3f, 0x19, 0x9, 0x80, 0x78, 0x59, 0x8a, 0xcc,
    0xb5, 0x71, 0x0, 0xf0, 0xb8, 0x2b, 0x2c, 0x39,
    0x70, 0x7, 0xcd, 0x80, 0x5, 0x80, 0xc4, 0x0,
    0xfb, 0x28, 0x0, 0xc8, 0x22, 0x20, 0xf, 0x34,
    0x8, 0x80, 0x19, 0x34, 0x1, 0xf2, 0x9a, 0x6e,
    0x81, 0x6c, 0x40, 0x3e, 0x30, 0x5f, 0x71, 0x43,
    0x0, 0xa0, 0x40, 0x0,

    /* U+65B9 "方" */
    0x0, 0xf1, 0x40, 0x7, 0xff, 0x8, 0x82, 0xc0,
    0x3f, 0xf8, 0x53, 0x80, 0x18, 0x98, 0x0, 0xec,
    0xd9, 0xe8, 0x59, 0xb5, 0x70, 0x83, 0xb3, 0x63,
    0x16, 0x6e, 0x88, 0x8, 0x7, 0x84, 0xc0, 0x30,
    0x80, 0x7f, 0x69, 0xb3, 0x53, 0xa0, 0x1f, 0xc7,
    0xc, 0xd0, 0xd8, 0x7, 0xf3, 0x90, 0x4, 0x44,
    0x0, 0xfc, 0xf4, 0x1, 0x99, 0xc0, 0x3e, 0x1c,
    0x60, 0xc, 0x44, 0x0, 0xfa, 0xe0, 0x3, 0x9,
    0x80, 0x7d, 0x12, 0x60, 0x66, 0x6, 0x70, 0xe,
    0x16, 0xa3, 0x0, 0x1a, 0xfc, 0x48, 0x7, 0x1b,
    0x10, 0x6, 0x6b, 0xe3, 0x0, 0xc0,

    /* U+663E "显" */
    0x0, 0x8c, 0x3, 0xc8, 0x20, 0x1d, 0xac, 0xde,
    0x87, 0x0, 0xe3, 0x66, 0xf9, 0x40, 0x38, 0xd9,
    0xbe, 0x0, 0xf1, 0xb3, 0x7c, 0x1, 0xe3, 0x66,
    0xf8, 0x3, 0xce, 0xcd, 0xea, 0x20, 0xe, 0x90,
    0xe1, 0xc, 0x36, 0x4, 0x0, 0x38, 0x6, 0x10,
    0x23, 0x9, 0x90, 0x0, 0xf4, 0x40, 0xc0, 0x30,
    0xae, 0x0, 0x11, 0xe0, 0x3, 0xd5, 0xe2, 0x1,
    0x46, 0x0, 0x73, 0xc9, 0x0, 0x62, 0x50, 0xe,
    0x52, 0x1b, 0x24, 0x76, 0x6a, 0xd9, 0x90, 0x8c,
    0xfa, 0xc0,

    /* U+66F4 "更" */
    0x0, 0xff, 0xe0, 0xb8, 0x80, 0x15, 0xd9, 0xb3,
    0xdb, 0x36, 0xf4, 0x0, 0x2b, 0xb3, 0x65, 0x6,
    0x69, 0xe1, 0x40, 0x36, 0xb3, 0x4a, 0xcd, 0xb8,
    0x80, 0x38, 0xd9, 0xa5, 0x66, 0xc2, 0x40, 0x1e,
    0x66, 0x95, 0x9b, 0x0, 0x7e, 0x66, 0x95, 0x9b,
    0x0, 0x7f, 0xc2, 0x20, 0xf, 0xf9, 0x9a, 0xa1,
    0x66, 0x88, 0x3, 0xdc, 0xe8, 0xc3, 0xcc, 0xd6,
    0x0, 0x7c, 0x28, 0x6a, 0x80, 0x1f, 0xfc, 0x6,
    0xf6, 0x10, 0xf, 0xf8, 0xaa, 0xfb, 0x21, 0x8,
    0x40, 0x40, 0x2, 0xae, 0xb6, 0xeb, 0x9b, 0xae,
    0xff, 0x48, 0x0, 0x95, 0xdc, 0x20, 0x12, 0xce,
    0x77, 0xc0, 0x0,

    /* U+6700 "最" */
    0x0, 0xff, 0xe3, 0x94, 0x33, 0x7a, 0xd4, 0x3,
    0xe5, 0x66, 0xf0, 0x38, 0x7, 0xc6, 0xcd, 0xf0,
    0x7, 0xe3, 0x66, 0xf8, 0x3, 0xf9, 0x9b, 0xce,
    0x2, 0x1, 0x2b, 0x25, 0x80, 0x7a, 0x97, 0xe8,
    0x0, 0x8d, 0xc, 0xd5, 0xb3, 0x67, 0xca, 0x0,
    0x8, 0x1, 0x9a, 0x5, 0x76, 0x65, 0x78, 0x7,
    0x99, 0xa0, 0x52, 0x66, 0xa4, 0x3, 0xcc, 0xd0,
    0x0, 0x49, 0x1d, 0x0, 0x3c, 0xcd, 0x1, 0x35,
    0xc5, 0x0, 0x7c, 0xd3, 0x6, 0x24, 0xc, 0x20,
    0x1a, 0xf9, 0xca, 0x20, 0x66, 0x5f, 0x2b, 0x30,
    0xa, 0xba, 0x50, 0x40, 0x8, 0x2d, 0x1d, 0xb4,
    0x20, 0x20, 0x1d, 0xa, 0x80, 0x5, 0xea, 0x10,

    /* U+672A "未" */
    0x0, 0xfa, 0x94, 0x3, 0xff, 0x82, 0x2c, 0x1,
    0xff, 0xc5, 0x84, 0x0, 0xc3, 0xc, 0xda, 0xd9,
    0x9c, 0x20, 0x18, 0x61, 0x9b, 0x5b, 0x34, 0xa0,
    0x1f, 0xfc, 0x34, 0x0, 0x33, 0x74, 0x2d, 0x33,
    0x51, 0xe4, 0xc, 0xdc, 0xa1, 0xea, 0xcc, 0x8b,
    0x20, 0xe, 0x84, 0x55, 0x50, 0x7, 0xf2, 0x1c,
    0x80, 0x2e, 0xc0, 0x1f, 0x1f, 0xd8, 0x4, 0x5b,
    0x84, 0x1, 0x96, 0xec, 0x1, 0xcd, 0x7b, 0x4,
    0xc, 0xc8, 0x0, 0xf9, 0xed, 0x5c, 0x18, 0xc0,
    0x33, 0xb8, 0x2, 0x4d, 0x50, 0xf, 0xa1, 0x0,
    0x3c,

    /* U+672C "本" */
    0x0, 0xff, 0xe5, 0xd3, 0x80, 0x7f, 0xf0, 0xcc,
    0x3, 0xff, 0x90, 0x20, 0x12, 0xb3, 0x7b, 0x59,
    0xa7, 0xf3, 0x0, 0x2b, 0x36, 0xe3, 0xe4, 0x66,
    0x3f, 0x18, 0x7, 0xcc, 0x66, 0x50, 0xf, 0xfa,
    0x25, 0x80, 0x4c, 0x3, 0xf8, 0xd1, 0xc0, 0xd,
    0x2, 0x1, 0xfb, 0xf4, 0x3, 0x7e, 0x88, 0x7,
    0xab, 0xc4, 0x3, 0x25, 0xfa, 0x0, 0x69, 0x92,
    0xb3, 0x58, 0xd5, 0xf3, 0x72, 0x4, 0xd2, 0x6c,
    0xdb, 0x1a, 0xa1, 0xf2, 0x40, 0x98, 0x3, 0xfe,
    0x30, 0xf, 0xe1, 0x0, 0xff, 0xe1, 0xeb, 0x0,
    0x7c,

    /* U+6750 "材" */
    0x0, 0xc2, 0x1, 0xf0, 0x80, 0x78, 0x78, 0x80,
    0x38, 0xbc, 0x40, 0x38, 0x44, 0x40, 0x1c, 0x66,
    0x10, 0xf, 0xfe, 0x3a, 0xb3, 0x5, 0xb1, 0x51,
    0x9a, 0x37, 0xd1, 0x5, 0x64, 0x16, 0xc5, 0x46,
    0x67, 0x9b, 0xe8, 0x80, 0x4a, 0x2c, 0x1, 0x85,
    0x80, 0x3e, 0xb1, 0x5d, 0x10, 0x4, 0xb8, 0x7,
    0x8d, 0xc0, 0xd1, 0x0, 0x69, 0x0, 0x1e, 0x98,
    0x0, 0x4a, 0x84, 0x68, 0x7, 0x8b, 0x4c, 0x3,
    0x4c, 0x84, 0x3, 0xca, 0xe0, 0x19, 0xec, 0x80,
    0x3c, 0x2e, 0x0, 0x10, 0x27, 0x20, 0xf, 0x84,
    0x3, 0x88, 0x0, 0x46, 0xa0, 0x1f, 0x8, 0x7,
    0x13, 0x52, 0x0, 0x78, 0x6c, 0x3, 0x97, 0x24,
    0x2,

    /* U+679C "果" */
    0x0, 0xa1, 0x9b, 0xf5, 0x0, 0x72, 0xbb, 0x32,
    0xdd, 0x98, 0xac, 0x1, 0xc2, 0x1, 0xf9, 0xc0,
    0x3c, 0xec, 0xc3, 0x76, 0x62, 0x0, 0x7c, 0xec,
    0xc3, 0x76, 0x62, 0x0, 0x78, 0x40, 0x3f, 0xf8,
    0x6e, 0xcc, 0x37, 0x66, 0x20, 0x80, 0x76, 0x33,
    0x46, 0xec, 0xc7, 0xa7, 0x0, 0x33, 0xb9, 0x99,
    0x85, 0xc, 0xdb, 0xcc, 0x19, 0xd9, 0x80, 0xc5,
    0xc8, 0xcd, 0x41, 0x80, 0x64, 0xda, 0x6, 0x84,
    0x0, 0xf9, 0x3a, 0xc0, 0x2a, 0xf8, 0x10, 0xc,
    0xe5, 0x40, 0x3, 0x0, 0x58, 0x7c, 0x98, 0xb3,
    0x40, 0x1f, 0x46, 0x89, 0x8b, 0x8, 0x6, 0xb1,
    0x0, 0x8e, 0x0,

    /* U+67E5 "查" */
    0x0, 0xff, 0xe5, 0x9d, 0x80, 0x7f, 0xf0, 0x84,
    0x3, 0xa4, 0xc0, 0x6, 0xec, 0xd3, 0xeb, 0x4b,
    0x35, 0xec, 0x0, 0x37, 0x66, 0xae, 0x1b, 0x4d,
    0x9a, 0x50, 0xe, 0x1b, 0x95, 0x4, 0x28, 0x0,
    0xf8, 0xee, 0x54, 0x40, 0xf, 0xfa, 0xe4, 0x0,
    0x16, 0x50, 0x46, 0x5d, 0x66, 0x65, 0xe5, 0x88,
    0x2b, 0x31, 0x19, 0xbc, 0xad, 0x72, 0x20, 0x80,
    0x1f, 0xfc, 0x76, 0x6f, 0x0, 0x7f, 0x99, 0xbc,
    0x1, 0xfe, 0x66, 0xf0, 0x7, 0xf1, 0xb3, 0x7a,
    0x0, 0x80, 0x22, 0x66, 0x5b, 0x37, 0x82, 0x35,
    0x80, 0x4, 0xec, 0xdf, 0xd1, 0xec, 0x0,

    /* U+68C0 "检" */
    0x0, 0x84, 0x3, 0x84, 0x3, 0xfb, 0x10, 0x3,
    0x72, 0x0, 0x7f, 0x28, 0x4, 0x88, 0x20, 0xf,
    0xc2, 0x1, 0xbe, 0x1, 0x0, 0x30, 0xb3, 0x9,
    0xf1, 0x10, 0x46, 0xde, 0xa0, 0x10, 0xb3, 0x5,
    0xf1, 0x7a, 0x40, 0x15, 0x18, 0xc0, 0x11, 0x82,
    0x8b, 0x50, 0x4, 0x52, 0xa0, 0x19, 0x3, 0x6d,
    0xdc, 0xcd, 0x28, 0xcb, 0x0, 0x58, 0x50, 0xe0,
    0xee, 0x26, 0x67, 0x20, 0x4, 0x7a, 0x21, 0xa6,
    0x3, 0xc0, 0x5, 0x40, 0x9, 0x18, 0x40, 0x5,
    0x0, 0x4c, 0x4a, 0x1, 0x13, 0x0, 0x61, 0x41,
    0xde, 0x7d, 0x0, 0x88, 0x40, 0x39, 0x89, 0x27,
    0x1c, 0x3, 0xfd, 0x66, 0x23, 0x88, 0x40, 0x3c,
    0xae, 0xe6, 0x6b, 0xda, 0xe4, 0x3, 0x58, 0xab,
    0xb3, 0x67, 0x69, 0x80,

    /* U+6A21 "模" */
    0x0, 0xff, 0xe3, 0xe1, 0x80, 0x58, 0x41, 0xa4,
    0x1, 0xe1, 0x30, 0x8, 0x48, 0x0, 0x4a, 0x60,
    0x1e, 0x26, 0x61, 0xb3, 0xd, 0x8d, 0x80, 0x59,
    0x86, 0xde, 0x8c, 0x8c, 0xc7, 0x66, 0x28, 0xb,
    0x38, 0xb6, 0x96, 0xe3, 0x33, 0xea, 0x0, 0x32,
    0x81, 0x80, 0x4c, 0xd8, 0xb4, 0x3, 0x68, 0x24,
    0x80, 0x19, 0xb1, 0x80, 0x71, 0x93, 0xa0, 0x1,
    0x9b, 0x18, 0x6, 0x69, 0x0, 0x60, 0x1b, 0x5c,
    0x31, 0x8, 0x6, 0x30, 0x0, 0x87, 0xb0, 0xdb,
    0x53, 0x18, 0x13, 0x0, 0x4c, 0xee, 0x64, 0xa6,
    0x62, 0xd8, 0x10, 0x6, 0x67, 0x62, 0x4a, 0x6,
    0x78, 0x0, 0xfc, 0x31, 0x66, 0x32, 0x20, 0x1f,
    0x92, 0x38, 0x41, 0xfb, 0x94, 0x1, 0xa0, 0x51,
    0xa4, 0x80, 0x27, 0xda, 0x0,

    /* U+6B63 "正" */
    0x0, 0xff, 0xe0, 0xa0, 0x6, 0x57, 0x66, 0xd2,
    0xcd, 0xbd, 0x80, 0x25, 0x76, 0x6c, 0xec, 0xda,
    0xd8, 0x3, 0xff, 0x92, 0x20, 0x1f, 0xfc, 0x3e,
    0x20, 0xf, 0xfe, 0x10, 0x90, 0x4, 0xcd, 0x6c,
    0x0, 0x7f, 0xcc, 0xd6, 0xc0, 0x7, 0xff, 0xfc,
    0x3, 0x59, 0x80, 0x19, 0xda, 0x19, 0xa8, 0x66,
    0xda, 0xc0,

    /* U+6BD4 "比" */
    0x26, 0x0, 0xe9, 0x10, 0xf, 0x50, 0x7, 0x38,
    0x80, 0x79, 0xc0, 0x38, 0xc0, 0x23, 0x0, 0xff,
    0xe0, 0x16, 0x30, 0x7, 0xf8, 0x7a, 0x98, 0x0,
    0xcd, 0x4d, 0x80, 0x57, 0xea, 0x1, 0x33, 0x53,
    0x60, 0x6f, 0x66, 0x1, 0xfe, 0x37, 0x10, 0xf,
    0xfe, 0x90, 0x80, 0x7f, 0xf0, 0x5c, 0x3, 0x23,
    0xa8, 0x7, 0xb8, 0x19, 0x74, 0x9d, 0x40, 0x88,
    0x22, 0x56, 0x14, 0x7c, 0x60, 0xa, 0x26, 0xa9,
    0xd2, 0x20,

    /* U+6C34 "水" */
    0x0, 0xff, 0xe5, 0xe2, 0x80, 0x7f, 0xf0, 0xdc,
    0x3, 0xff, 0x86, 0x20, 0x11, 0x80, 0x7f, 0xca,
    0x0, 0x2d, 0x60, 0x9, 0x59, 0xad, 0x20, 0xe0,
    0x28, 0xc6, 0x0, 0x91, 0x98, 0x42, 0x41, 0xce,
    0x94, 0x40, 0x18, 0x40, 0x19, 0x60, 0x4, 0xd6,
    0x0, 0xfe, 0x56, 0x0, 0xb5, 0x0, 0x3f, 0x2a,
    0x8, 0x4, 0xd2, 0x20, 0x1f, 0x4c, 0x0, 0x61,
    0xaa, 0x0, 0x79, 0xe8, 0x40, 0x39, 0xc2, 0xc0,
    0x31, 0x7b, 0x0, 0x7d, 0x4f, 0xac, 0x2, 0x90,
    0x0, 0x21, 0x10, 0x4, 0x38, 0x8a, 0x2, 0xc0,
    0x13, 0xe1, 0x90, 0x6, 0x93, 0x0, 0xf2, 0xff,
    0x80, 0x3f, 0x0,

    /* U+6C41 "汁" */
    0x2, 0x0, 0xf0, 0xd8, 0x80, 0x70, 0xe0, 0x80,
    0x61, 0x61, 0x0, 0xe3, 0x64, 0x3, 0x0, 0xff,
    0xad, 0x48, 0x40, 0x3f, 0x98, 0x44, 0x8, 0x40,
    0x1e, 0x26, 0x5, 0xf1, 0x0, 0x33, 0xb3, 0xd,
    0x98, 0xbc, 0x26, 0xc2, 0xc8, 0xce, 0xcc, 0x36,
    0x63, 0xc0, 0x84, 0x7, 0x90, 0x7, 0xff, 0x1,
    0x38, 0x3, 0xff, 0x80, 0x30, 0xc0, 0x1f, 0xf1,
    0xd0, 0x88, 0x3, 0xfe, 0x3f, 0x60, 0xf, 0xfe,
    0x9, 0x88, 0x7, 0xff, 0x4, 0x8c, 0x3, 0x84,
    0xc0, 0x3c, 0xb2, 0x1, 0xc3, 0xa0, 0x1c,

    /* U+6C7D "汽" */
    0x0, 0xff, 0xe3, 0x8, 0x6, 0x5b, 0x0, 0xfe,
    0x98, 0x0, 0xbf, 0x80, 0x31, 0x0, 0x68, 0x61,
    0x0, 0x21, 0xb3, 0x6e, 0x70, 0xd, 0xe2, 0x8f,
    0x6c, 0xdd, 0x8e, 0x3, 0x0, 0x24, 0xfc, 0x2c,
    0xdb, 0x48, 0x0, 0x3f, 0x40, 0x8b, 0x28, 0xcd,
    0xb4, 0x80, 0x27, 0xe0, 0x2, 0xb3, 0x76, 0x8,
    0x7, 0x23, 0x21, 0xbb, 0x36, 0x11, 0x0, 0x7b,
    0x8, 0x4, 0x3, 0x8, 0x7, 0x94, 0x80, 0x3f,
    0xf8, 0x2f, 0x58, 0x1, 0xf2, 0x98, 0x18, 0x1,
    0xc9, 0xc0, 0x3e, 0xda, 0x5, 0x0, 0x88, 0x40,
    0x3e, 0x42, 0x5c, 0x0, 0x84, 0xc0, 0x3f, 0x54,
    0xb8, 0x5, 0xc2, 0x1, 0xf8, 0x73, 0x80,

    /* U+6CB9 "油" */
    0x0, 0xff, 0xe6, 0x5a, 0x0, 0x79, 0x28, 0x40,
    0x39, 0x40, 0x3c, 0x86, 0xe0, 0x1f, 0xfc, 0x18,
    0x74, 0x86, 0x69, 0xd9, 0x96, 0x20, 0xc0, 0x22,
    0x5, 0x66, 0x9d, 0x9a, 0x10, 0x5, 0x82, 0xa0,
    0x7, 0xf9, 0x84, 0x8, 0x3, 0xff, 0x81, 0x46,
    0x20, 0x1f, 0xfc, 0x1a, 0x70, 0x3, 0x34, 0xec,
    0xc0, 0xc, 0x24, 0x20, 0x6, 0x69, 0xd9, 0x80,
    0x13, 0xfe, 0x0, 0x7f, 0xf0, 0x1c, 0x8c, 0x3,
    0xff, 0x82, 0x20, 0x19, 0x98, 0xee, 0x66, 0x0,
    0x63, 0x0, 0xcc, 0xcc, 0x66, 0x80, 0x37, 0xa0,
    0x3, 0x0, 0x3d, 0xa0,

    /* U+6DE1 "淡" */
    0x0, 0x10, 0x7, 0x99, 0x0, 0x3e, 0xc1, 0x0,
    0x8, 0x79, 0x1, 0x18, 0x4, 0x48, 0xc0, 0x6,
    0x3, 0x26, 0xfb, 0x0, 0xd2, 0xc8, 0x78, 0xd,
    0x8b, 0xb0, 0x0, 0x60, 0x11, 0xab, 0x84, 0x58,
    0x20, 0x18, 0xb4, 0xd, 0xa5, 0x62, 0x8, 0xb8,
    0xa0, 0x4, 0x62, 0x43, 0x8, 0xf1, 0x7, 0xe8,
    0x0, 0xac, 0xc0, 0x96, 0x9a, 0x50, 0xf, 0x80,
    0x33, 0x29, 0x23, 0x80, 0x18, 0x76, 0xc0, 0x21,
    0xc2, 0xb, 0x60, 0x3a, 0x6d, 0x80, 0x2, 0xfe,
    0x1, 0x89, 0xa2, 0x3d, 0x84, 0x2, 0x56, 0x20,
    0x3b, 0xf, 0xe6, 0xb0, 0xe, 0x30, 0xd, 0x4,
    0x83, 0x94, 0x20, 0x10, 0x80, 0xa, 0x7a, 0x40,
    0xc, 0x5d, 0x0, 0xa, 0x53, 0x79, 0x60, 0xd,
    0x19, 0x0,

    /* U+6E05 "清" */
    0x0, 0xff, 0xe2, 0xa8, 0x7, 0xac, 0x40, 0x3e,
    0xd0, 0xe, 0x61, 0x2, 0x70, 0x9, 0x44, 0x48,
    0xec, 0xc3, 0x66, 0x20, 0x88, 0x2, 0xc0, 0x43,
    0x0, 0xea, 0x71, 0x15, 0x10, 0x28, 0x2b, 0xb1,
    0xb3, 0x30, 0x40, 0x7b, 0x0, 0x99, 0xdc, 0xc0,
    0xcd, 0x5c, 0x2, 0x5a, 0x21, 0xd9, 0xad, 0x66,
    0x3d, 0xc0, 0x1, 0x4c, 0x87, 0x19, 0xbb, 0x54,
    0x3, 0x70, 0x0, 0x59, 0xbc, 0xe0, 0x12, 0xf8,
    0x4, 0xcd, 0xe0, 0x0, 0xc5, 0x28, 0x7, 0xfc,
    0x30, 0x44, 0x0, 0x99, 0xbc, 0x1, 0x88, 0x40,
    0x3f, 0x8, 0x4, 0x20, 0x1f, 0x92, 0xd0, 0x80,
    0x3, 0xe0, 0x17, 0x80, 0x49, 0x5a, 0x0,

    /* U+6E29 "温" */
    0x0, 0x20, 0x4, 0x40, 0x1c, 0x60, 0x1e, 0xc0,
    0x7, 0xb3, 0x76, 0x8, 0x6, 0x4b, 0x1, 0x7,
    0x66, 0xc2, 0x20, 0xe, 0x73, 0x0, 0x3b, 0x36,
    0x0, 0xe9, 0x20, 0x61, 0x7, 0x66, 0xc0, 0x1d,
    0xb2, 0x6, 0x1, 0xff, 0xc0, 0x49, 0x32, 0x3,
    0x76, 0x6c, 0x1, 0xe2, 0xb4, 0xc, 0x66, 0xee,
    0x0, 0xf1, 0x6, 0x23, 0x43, 0x4b, 0x33, 0x40,
    0x32, 0x90, 0xb, 0x39, 0x32, 0xb3, 0x4, 0x2,
    0x7a, 0xd0, 0xf, 0xfe, 0xb, 0x93, 0x0, 0x7f,
    0xf0, 0x88, 0x40, 0x3f, 0xf8, 0x44, 0xcc, 0x36,
    0x76, 0x60, 0xb3, 0x7, 0x50, 0x1, 0xa8, 0xfc,
    0xcc, 0xc6, 0xd6, 0x66, 0xe9, 0x0,

    /* U+6ED1 "滑" */
    0x0, 0x30, 0x80, 0x4, 0x80, 0x32, 0x0, 0x72,
    0xe0, 0x5, 0xec, 0xda, 0x88, 0x3, 0x1b, 0x88,
    0x7, 0x7b, 0x19, 0x0, 0x44, 0x14, 0xa0, 0x6,
    0x62, 0x18, 0x7, 0xa9, 0x80, 0x4c, 0x3, 0xf3,
    0x0, 0x26, 0xc0, 0xe5, 0xf5, 0x93, 0x1a, 0xde,
    0x84, 0x7, 0xb, 0x8d, 0xf8, 0x3, 0x61, 0xe0,
    0x80, 0x5, 0x62, 0x4c, 0xcc, 0xd9, 0xd0, 0x3,
    0xb8, 0x2, 0x66, 0xe0, 0xe, 0x35, 0x0, 0x8d,
    0x9b, 0x80, 0x3d, 0x18, 0x1, 0x33, 0x70, 0x7,
    0x1b, 0x88, 0x4, 0xcd, 0xc0, 0x1e, 0x70, 0xf,
    0xfe, 0x1a, 0x38, 0x0, 0xc0, 0x26, 0xc6, 0x0,
    0xe9, 0x30, 0x1, 0x48, 0x1, 0xbe, 0x80, 0x20,

    /* U+7092 "炒" */
    0x0, 0xa1, 0x0, 0x3a, 0xc4, 0x3, 0xe2, 0x70,
    0xe, 0x51, 0x0, 0xff, 0xe6, 0xd2, 0x84, 0x8,
    0xb, 0x90, 0x4, 0x46, 0x8, 0x4a, 0xb0, 0x0,
    0x5b, 0x9c, 0x1, 0x44, 0x3, 0x1, 0xdc, 0x10,
    0x0, 0xf4, 0x81, 0xa0, 0x82, 0x1, 0xe1, 0x80,
    0x62, 0xf0, 0x3c, 0x0, 0x18, 0x5b, 0x80, 0x72,
    0x8, 0x6, 0x11, 0x14, 0x0, 0x71, 0x5b, 0x0,
    0x66, 0x52, 0x0, 0xce, 0x1d, 0x2c, 0x1, 0xb,
    0xb5, 0x80, 0x69, 0xb9, 0x60, 0xc, 0xdc, 0x64,
    0xc0, 0x1, 0xbf, 0x50, 0xc, 0x3c, 0x81, 0xe,
    0xd, 0x72, 0x80, 0x1c, 0xd2, 0x1, 0x3b, 0x96,
    0x88, 0x3, 0x85, 0xc0, 0x22, 0x67, 0x30, 0xf,
    0x80,

    /* U+7096 "炖" */
    0x0, 0xff, 0xe3, 0xd3, 0x0, 0x62, 0xd1, 0x0,
    0xfc, 0xa0, 0x18, 0xc4, 0x40, 0x1f, 0xe4, 0x66,
    0x85, 0x99, 0x72, 0x1, 0xea, 0x37, 0x66, 0xb,
    0x32, 0xe4, 0x0, 0x66, 0xb, 0x25, 0x90, 0xe,
    0x60, 0x9, 0x18, 0x3e, 0x4, 0xc0, 0x3a, 0x0,
    0x2b, 0x60, 0x40, 0x10, 0xf, 0xf6, 0x18, 0x88,
    0x3, 0xff, 0x84, 0xe6, 0xe, 0xcd, 0xb, 0x30,
    0x3, 0xc6, 0xe0, 0xbc, 0xcc, 0x16, 0x64, 0x80,
    0x63, 0x55, 0x69, 0x18, 0x7, 0x39, 0x80, 0x53,
    0x23, 0x54, 0x0, 0xf9, 0x40, 0x4, 0x66, 0x8,
    0x60, 0x8, 0x40, 0x2b, 0x10, 0xa9, 0x0, 0xf0,
    0xb6, 0xec, 0x26, 0x30, 0x1, 0xfa, 0xf7, 0x6c,
    0x20,

    /* U+70B8 "炸" */
    0x0, 0xff, 0xe3, 0x4a, 0x80, 0x50, 0xe0, 0x1f,
    0x8d, 0x80, 0x24, 0x50, 0xf, 0xf1, 0x91, 0x18,
    0x80, 0x23, 0x10, 0xe, 0x84, 0xb2, 0xa6, 0x6a,
    0x58, 0x14, 0x82, 0xf5, 0xc2, 0x11, 0x9a, 0xa7,
    0xc, 0x60, 0xe6, 0x99, 0x0, 0x7e, 0x77, 0x2,
    0x95, 0x0, 0x4c, 0xca, 0xb0, 0x7, 0x18, 0x88,
    0x88, 0x1, 0x33, 0x2a, 0xc0, 0x33, 0x98, 0x7,
    0xff, 0x4, 0x98, 0x3, 0xf2, 0x80, 0x42, 0xa7,
    0xa4, 0x1, 0x33, 0x1f, 0xc8, 0x0, 0xdc, 0x88,
    0x50, 0x9, 0x98, 0xf4, 0x40, 0x3a, 0xa1, 0x2c,
    0x1, 0xfd, 0x36, 0x1, 0x8, 0x7, 0xe1, 0x81,
    0x0, 0xf4, 0x0, 0x70,

    /* U+70D8 "烘" */
    0x0, 0xa4, 0xc0, 0x29, 0x0, 0x40, 0x80, 0x79,
    0x44, 0x2, 0x40, 0x2, 0x88, 0x7, 0xff, 0x33,
    0xc, 0x3, 0xcc, 0x1, 0x19, 0x3d, 0x50, 0x1c,
    0xd9, 0x86, 0xc0, 0x20, 0xa, 0x0, 0x73, 0x1b,
    0x9b, 0x30, 0xd9, 0x82, 0x4, 0x84, 0xe, 0x1,
    0xff, 0x16, 0x83, 0x88, 0x7, 0xff, 0x8, 0x40,
    0x99, 0x86, 0xcc, 0x36, 0x9a, 0x0, 0xe5, 0x27,
    0x6f, 0x66, 0x73, 0x4d, 0x0, 0x48, 0xad, 0x62,
    0x1e, 0x80, 0x88, 0x0, 0xed, 0x93, 0x14, 0x96,
    0x40, 0x4d, 0x60, 0x8, 0xb8, 0x42, 0x84, 0x50,
    0x1, 0x44, 0x10, 0x0, 0xae, 0x0, 0x33, 0x40,
    0x6, 0x16, 0xc0, 0x17, 0x0, 0x85, 0x80, 0x3d,
    0x12, 0x0,

    /* U+70E4 "烤" */
    0x0, 0xff, 0xe3, 0xd1, 0x0, 0x58, 0x60, 0x1f,
    0xce, 0x60, 0x11, 0x18, 0x86, 0x20, 0x7, 0xc3,
    0xc, 0xd, 0x72, 0xe8, 0x1, 0xf6, 0x4b, 0x3,
    0x72, 0xd8, 0x6, 0x41, 0x6, 0x81, 0x0, 0x14,
    0x68, 0x2a, 0x80, 0x18, 0x60, 0x40, 0xed, 0x3f,
    0x4e, 0xc6, 0x0, 0x16, 0x30, 0x55, 0x3a, 0x6e,
    0x33, 0x4a, 0xa0, 0x1c, 0x10, 0x8, 0xe3, 0x61,
    0x98, 0xf4, 0x1, 0x10, 0x18, 0x32, 0xd0, 0xf3,
    0x31, 0xe4, 0x3, 0x9, 0xbb, 0x30, 0x37, 0xd9,
    0x90, 0xe0, 0x19, 0x54, 0x38, 0x0, 0x88, 0x33,
    0x0, 0x3d, 0xd4, 0xce, 0x60, 0x60, 0x11, 0xa0,
    0x4, 0x64, 0x40, 0xa3, 0x0, 0x8, 0xa, 0x98,
    0x5, 0x70, 0x0, 0x10, 0x9, 0x33, 0xe4, 0x2,
    0x18, 0x0, 0xf9, 0x7e, 0x9c, 0x2,

    /* U+70E7 "烧" */
    0x0, 0xff, 0xe3, 0xe0, 0x80, 0x16, 0xc0, 0x3f,
    0xc4, 0x20, 0x7, 0x70, 0x6, 0x40, 0xf, 0xe2,
    0x21, 0xa3, 0x33, 0x8c, 0x3, 0x87, 0x19, 0x8b,
    0x6a, 0xe1, 0x46, 0x0, 0x41, 0x9, 0xf6, 0x64,
    0xa8, 0x6f, 0x1, 0x0, 0x30, 0x82, 0x8c, 0x0,
    0x4d, 0xf1, 0x0, 0x40, 0x3, 0x9, 0x90, 0x0,
    0xa7, 0x1a, 0x1d, 0x70, 0x1, 0xe4, 0x0, 0x14,
    0x69, 0x78, 0xe0, 0xf3, 0x0, 0x8, 0xc0, 0xa4,
    0x46, 0x69, 0x2f, 0x64, 0x2, 0x51, 0x55, 0x3f,
    0xab, 0x5b, 0x63, 0x80, 0x63, 0xbd, 0xb1, 0x22,
    0x0, 0x70, 0x80, 0x56, 0xd0, 0x20, 0xe2, 0x1,
    0xc8, 0x0, 0x4a, 0x0, 0x5c, 0x50, 0x7, 0xbc,
    0x1, 0x8c, 0x3, 0x3c, 0xc0, 0x4, 0xcb, 0xb3,
    0x9, 0x40, 0x1, 0x65, 0x80, 0x29, 0xcb, 0xb6,
    0x8,

    /* U+70ED "热" */
    0x0, 0xff, 0xe3, 0xd9, 0x0, 0x56, 0x20, 0x1f,
    0x98, 0x80, 0x26, 0x10, 0xf, 0xf1, 0x80, 0x61,
    0x30, 0x8, 0xdd, 0x8d, 0xad, 0x58, 0x1a, 0x24,
    0x2, 0x37, 0x63, 0x68, 0x57, 0x66, 0x7e, 0x0,
    0x7c, 0xca, 0x8a, 0x20, 0x3, 0x0, 0x92, 0x28,
    0xdd, 0x53, 0xcc, 0x0, 0x60, 0x21, 0xdb, 0x46,
    0x20, 0x11, 0xba, 0xf8, 0x38, 0x52, 0x80, 0x67,
    0x8a, 0xb3, 0x54, 0x10, 0x2, 0x59, 0x82, 0x99,
    0x83, 0x43, 0xeb, 0x40, 0x9, 0xfa, 0x8, 0x80,
    0x0, 0x81, 0x74, 0x80, 0x15, 0x8d, 0x8c, 0x6,
    0x0, 0x12, 0x66, 0x0, 0x41, 0x82, 0xf0, 0x9,
    0x28, 0x4e, 0x88, 0x3b, 0x8, 0x1b, 0x80, 0x3d,
    0x80, 0x50, 0x41, 0xec, 0x2, 0xb0, 0x2, 0x98,
    0x2, 0x80,

    /* U+70F9 "烹" */
    0x0, 0xf1, 0x0, 0x7f, 0xf0, 0xc7, 0x44, 0x3,
    0xf1, 0xb3, 0x65, 0x77, 0x33, 0x6d, 0xa0, 0x1,
    0x3b, 0x36, 0xa6, 0x69, 0xdb, 0x68, 0x0, 0x22,
    0xd, 0x66, 0xf7, 0x90, 0x7, 0xc6, 0xcd, 0xe0,
    0x20, 0xf, 0xcc, 0xde, 0x0, 0xfe, 0xd6, 0x6f,
    0x80, 0x3c, 0x50, 0xac, 0xd9, 0xf5, 0x10, 0x1,
    0xc5, 0xc, 0xd6, 0x1, 0x66, 0x10, 0x3, 0xfc,
    0xc8, 0xa2, 0x1, 0xfe, 0x55, 0x10, 0x7, 0xff,
    0x5, 0x3d, 0x0, 0x31, 0x0, 0x73, 0x10, 0x5d,
    0x50, 0x28, 0x1, 0x4c, 0x1, 0x14, 0x10, 0x1a,
    0x81, 0x31, 0x84, 0x40, 0x2, 0x7b, 0x0, 0x6a,
    0x0, 0x3c, 0xc0, 0x1a, 0x0,

    /* U+714E "煎" */
    0x0, 0xff, 0xe4, 0xd1, 0x0, 0x7, 0x0, 0x3f,
    0xdf, 0x40, 0x4, 0x80, 0x0, 0x98, 0x1, 0x9b,
    0x1f, 0x33, 0x8, 0x8c, 0xc9, 0xa0, 0x3, 0x31,
    0x19, 0xa2, 0x67, 0x66, 0x5, 0x48, 0x6, 0xc6,
    0x6a, 0x84, 0x98, 0x34, 0x40, 0x38, 0xd9, 0xa3,
    0x11, 0x50, 0x8, 0x80, 0x38, 0xd9, 0xa0, 0x0,
    0xb8, 0x7, 0xff, 0x8, 0x40, 0x3f, 0x8d, 0x9a,
    0x0, 0x84, 0x3, 0xfc, 0x66, 0x10, 0x3e, 0x77,
    0x18, 0x7, 0x20, 0x17, 0xd8, 0x1, 0x9, 0x4,
    0x3, 0xa8, 0xf, 0x9c, 0x10, 0x17, 0xc4, 0x3,
    0x38, 0x0, 0xbc, 0x40, 0x64, 0x13, 0x40, 0x24,
    0xa3, 0x0, 0x20, 0x1, 0x0, 0x4, 0x4, 0x0,
    0x5c, 0x0, 0xa4, 0x40, 0x64, 0x1, 0xa4, 0x0,

    /* U+716E "煮" */
    0x0, 0xff, 0xe5, 0x61, 0x0, 0x42, 0x1, 0xfc,
    0x44, 0x40, 0x6c, 0x0, 0xe3, 0x76, 0x60, 0x31,
    0xc5, 0xf8, 0x7, 0x1b, 0xb3, 0x1, 0x85, 0x30,
    0x94, 0x0, 0x4e, 0xcd, 0x92, 0xea, 0x8e, 0xee,
    0x40, 0x27, 0x66, 0x3a, 0x8f, 0x63, 0x2b, 0xda,
    0x0, 0x61, 0xf9, 0xd3, 0x66, 0x61, 0x80, 0x61,
    0x79, 0x3a, 0x66, 0xc2, 0x60, 0x12, 0x3b, 0x41,
    0xb3, 0x70, 0x7, 0x23, 0x8, 0x1b, 0x37, 0x0,
    0x7f, 0x1b, 0x37, 0x0, 0x7c, 0x60, 0xcd, 0x39,
    0x36, 0x28, 0x80, 0x50, 0xc1, 0x78, 0x3, 0xcc,
    0x49, 0x86, 0xa, 0xe8, 0x6, 0x42, 0x1d, 0x80,
    0x37, 0x20, 0xfc, 0x20, 0xf, 0x10, 0x4a, 0x0,
    0x34, 0x0,

    /* U+7406 "理" */
    0x0, 0xff, 0xe0, 0x88, 0x7, 0xce, 0x18, 0xcc,
    0x96, 0x67, 0x80, 0x4e, 0xda, 0xc0, 0x40, 0xcc,
    0x56, 0x61, 0x0, 0x4e, 0xc0, 0xce, 0x40, 0x1f,
    0xfc, 0x41, 0x66, 0xb, 0x30, 0x3, 0xf2, 0x0,
    0xb3, 0x5, 0x98, 0x1, 0x9d, 0x8d, 0xb4, 0x80,
    0x3f, 0xce, 0xc6, 0xd2, 0x42, 0xcc, 0x16, 0x60,
    0x7, 0xfa, 0x59, 0x82, 0xcc, 0xd0, 0xf, 0xc4,
    0x80, 0x1c, 0x40, 0x1e, 0x87, 0x7, 0x66, 0xb,
    0x3d, 0x8, 0xd, 0x6d, 0x43, 0x93, 0xb3, 0x5,
    0x9e, 0x44, 0x7, 0x35, 0xc0, 0x3f, 0x85, 0x0,
    0xc, 0x1, 0x3b, 0x36, 0x46, 0x6b, 0x0,

    /* U+751F "生" */
    0x0, 0xff, 0xe5, 0xd3, 0x0, 0x7f, 0x9a, 0x40,
    0x22, 0x0, 0xff, 0x6f, 0x0, 0x7f, 0xf0, 0x45,
    0x9c, 0x3, 0xe8, 0x20, 0xc, 0xee, 0x66, 0xd8,
    0xcd, 0x7b, 0x80, 0x6d, 0xa6, 0x6d, 0x8c, 0xd3,
    0xa8, 0x4, 0x9c, 0x1, 0xff, 0xc2, 0x35, 0x0,
    0xfc, 0x46, 0x1, 0x9c, 0x19, 0xbb, 0x19, 0x97,
    0x40, 0x1e, 0x66, 0xec, 0x66, 0x4c, 0x80, 0x3f,
    0xfc, 0x8e, 0x40, 0x30, 0xcd, 0xda, 0x4c, 0xdb,
    0x90, 0x0,

    /* U+7528 "用" */
    0x0, 0x9, 0x0, 0x7f, 0x30, 0x4, 0x5e, 0xcd,
    0xb5, 0x9b, 0x40, 0x4, 0x2c, 0xd9, 0xd9, 0xb3,
    0x90, 0x7, 0xff, 0x1d, 0x9b, 0x3b, 0x36, 0x70,
    0xe, 0x66, 0xce, 0xcd, 0x9c, 0x3, 0x8, 0x80,
    0x3f, 0xf8, 0x2e, 0x1, 0xff, 0xc2, 0x11, 0x33,
    0x4e, 0xcd, 0x9c, 0x3, 0x16, 0xb3, 0x4e, 0xcd,
    0x9c, 0x3, 0x6a, 0x80, 0x7f, 0xf0, 0x58, 0xc0,
    0x3f, 0xf8, 0x9, 0x20, 0x1c, 0xe0, 0x44, 0x40,
    0xb, 0x14, 0x3, 0x1a, 0x81, 0xa5, 0x20, 0xc,
    0x80, 0x71, 0x48, 0xb, 0x64, 0x0,

    /* U+7559 "留" */
    0x0, 0xc5, 0x32, 0x0, 0xfd, 0x2a, 0xe9, 0x50,
    0xef, 0x33, 0x31, 0x1, 0x15, 0xdc, 0x62, 0xe0,
    0x6, 0x60, 0x28, 0x6, 0x2a, 0x10, 0xd4, 0x0,
    0x8, 0x80, 0x38, 0xf4, 0x44, 0x60, 0x1c, 0x71,
    0x21, 0x35, 0x72, 0x4b, 0x8, 0x0, 0x4c, 0x93,
    0x11, 0x41, 0x11, 0x8e, 0x0, 0x15, 0xcc, 0xc9,
    0x14, 0x66, 0x28, 0x18, 0x4, 0x8c, 0xc8, 0x5c,
    0x66, 0x94, 0x80, 0x3f, 0xf8, 0xa2, 0xcd, 0x5b,
    0x36, 0x0, 0xe1, 0x66, 0xad, 0x9b, 0x0, 0x7f,
    0xf1, 0xc5, 0x9a, 0x5d, 0x66, 0x80, 0x3a, 0x99,
    0xb3, 0xb3, 0x58, 0x0,

    /* U+767D "白" */
    0x0, 0xc3, 0x62, 0x1, 0xfd, 0x24, 0x20, 0x1f,
    0xc3, 0x20, 0x18, 0x80, 0x1a, 0xcf, 0xec, 0xdd,
    0xec, 0x6, 0xce, 0xcd, 0xe1, 0x70, 0xf, 0xfe,
    0x73, 0x37, 0xe1, 0x0, 0x99, 0xbf, 0x8, 0x7,
    0xff, 0x6d, 0x9b, 0xf0, 0x80, 0x4c, 0xdf, 0x84,
    0xc3, 0x0, 0x3f, 0x61, 0x0,

    /* U+7684 "的" */
    0x0, 0xff, 0xe1, 0xd9, 0x80, 0x45, 0x62, 0x1,
    0xcc, 0x60, 0x12, 0x38, 0x80, 0x42, 0x92, 0x6,
    0x0, 0xdf, 0x0, 0x8, 0x79, 0x93, 0x6a, 0x13,
    0x2b, 0x33, 0x60, 0xdd, 0x98, 0x69, 0x7c, 0xcd,
    0x3d, 0x80, 0x71, 0x79, 0x80, 0x7f, 0x99, 0xd0,
    0x3, 0xcc, 0xd0, 0x20, 0xf2, 0x0, 0x1c, 0x41,
    0x9a, 0x0, 0xbb, 0xc0, 0x3f, 0xe4, 0xf0, 0x0,
    0x98, 0x7, 0xe4, 0x0, 0x18, 0x7, 0xff, 0x4,
    0x4d, 0x9a, 0x30, 0x9, 0x49, 0x4c, 0xd, 0x9a,
    0x40, 0x9, 0x22, 0xac, 0x34, 0x2, 0xa0, 0x8,
    0x6b, 0x58, 0x0,

    /* U+770B "看" */
    0x0, 0xff, 0xe6, 0x9b, 0xde, 0x0, 0x72, 0xa9,
    0x9d, 0xdd, 0x28, 0x51, 0xa0, 0x1c, 0xaa, 0x67,
    0x52, 0x97, 0x53, 0x20, 0xe, 0x37, 0x66, 0x43,
    0x36, 0x8a, 0x0, 0xe3, 0x76, 0x63, 0xdb, 0x35,
    0x12, 0x26, 0x0, 0x76, 0x6a, 0x59, 0xd9, 0xba,
    0x28, 0x0, 0xec, 0xd2, 0xd3, 0x37, 0xa6, 0x40,
    0x1d, 0x2, 0xec, 0xdb, 0x10, 0x3, 0xc8, 0x0,
    0x66, 0xe7, 0x60, 0xe, 0x3c, 0x83, 0x66, 0xf0,
    0x7, 0x23, 0x40, 0x1b, 0x37, 0x80, 0x39, 0x54,
    0x0, 0x36, 0x6f, 0x0, 0x70, 0x80, 0x46, 0xcd,
    0xe0, 0xf, 0xe3, 0x66, 0xf0, 0x7, 0xf3, 0xb3,
    0x75, 0x18, 0x4,

    /* U+77E5 "知" */
    0x0, 0x23, 0x80, 0x7f, 0xf0, 0x70, 0x40, 0x3f,
    0xf8, 0x28, 0xe0, 0x2, 0x1, 0x0, 0xc4, 0x0,
    0x10, 0x78, 0x79, 0x1b, 0x76, 0x63, 0xf8, 0x1,
    0xb9, 0xd, 0xec, 0x41, 0x59, 0x8a, 0xe0, 0x11,
    0x0, 0x7f, 0xf0, 0x9, 0xc0, 0x31, 0x88, 0x7,
    0xce, 0xe6, 0x57, 0x6a, 0x70, 0xf, 0x95, 0xd8,
    0x91, 0xa5, 0x80, 0x3f, 0xda, 0x2a, 0x1, 0xff,
    0xc0, 0x59, 0x29, 0x0, 0xf0, 0x80, 0x4d, 0x40,
    0xea, 0xe0, 0xac, 0xc5, 0x0, 0x8b, 0x1c, 0x1,
    0xe0, 0x5, 0x66, 0x28, 0x0, 0xaa, 0x80, 0x11,
    0xbf, 0x90, 0x0, 0xfc, 0x1, 0x0, 0x1e, 0x50,
    0x8, 0x50, 0x0,

    /* U+78B3 "碳" */
    0x0, 0xf8, 0x40, 0x16, 0x20, 0x20, 0x1f, 0x28,
    0x60, 0x83, 0x88, 0x69, 0x0, 0xbb, 0x7b, 0x19,
    0x8, 0x80, 0x38, 0x80, 0x5d, 0x9, 0x98, 0x62,
    0xec, 0xd8, 0x40, 0x33, 0xa0, 0x0, 0x73, 0x42,
    0x99, 0x98, 0x1, 0xbe, 0x81, 0x80, 0x5d, 0x80,
    0x23, 0x60, 0x9, 0x15, 0xad, 0x20, 0x1a, 0xad,
    0x90, 0xc0, 0xa, 0x2c, 0xc0, 0x4c, 0x56, 0x2c,
    0x66, 0x28, 0x3, 0xc, 0x3, 0x6e, 0x20, 0x88,
    0x2c, 0x40, 0xac, 0x3, 0x94, 0xc4, 0x85, 0xf8,
    0x40, 0x88, 0x1, 0x96, 0xb1, 0xc0, 0x6, 0xa0,
    0x1c, 0xcc, 0xf, 0x6b, 0x5f, 0x6e, 0x0, 0xf3,
    0x31, 0x60, 0xf, 0x90, 0x76, 0x40, 0x34, 0x2,
    0x61, 0x22, 0x24, 0x0, 0xe7, 0x82, 0x0, 0x40,
    0x64, 0x16, 0x70, 0xd, 0x58, 0x20,

    /* U+793A "示" */
    0x0, 0xff, 0xe0, 0x28, 0x7, 0x99, 0xbf, 0xbd,
    0x80, 0x39, 0x9b, 0xfa, 0x98, 0x3, 0xff, 0xa8,
    0x80, 0x6, 0x76, 0x6e, 0x86, 0x6d, 0x1e, 0x40,
    0xce, 0xcd, 0x94, 0xd9, 0xb4, 0x59, 0x0, 0x65,
    0x90, 0xc, 0x60, 0x1f, 0xd3, 0xc0, 0x18, 0xa4,
    0x40, 0x3c, 0xce, 0xe0, 0xc, 0x37, 0x86, 0x1,
    0x8a, 0xac, 0x3, 0xc5, 0x38, 0x40, 0x14, 0x68,
    0x7, 0xe4, 0x45, 0x80, 0x1e, 0xc4, 0x10, 0xd0,
    0x3, 0xa6, 0x80, 0xe, 0x20, 0x5, 0x98, 0xc0,
    0xc, 0x46, 0x1, 0xe1, 0xab, 0x70, 0xf, 0x80,

    /* U+79CD "种" */
    0x0, 0xff, 0xe4, 0x93, 0x0, 0x47, 0x60, 0x1c,
    0x28, 0xf7, 0x1c, 0x20, 0x1, 0x10, 0x7, 0x91,
    0xda, 0xa0, 0x40, 0x3f, 0x84, 0x3, 0xc8, 0x22,
    0x1, 0x13, 0x80, 0x19, 0xa3, 0x6d, 0x3a, 0x45,
    0x64, 0x7b, 0x0, 0x33, 0x10, 0xdb, 0x4c, 0xca,
    0x8c, 0xa8, 0xc0, 0x19, 0x4d, 0x80, 0x3f, 0xf8,
    0x36, 0x66, 0xd0, 0xf, 0xf9, 0xa4, 0x15, 0x40,
    0x6c, 0xac, 0xc5, 0x10, 0x0, 0xfa, 0x80, 0x20,
    0x19, 0x8a, 0xcd, 0x40, 0x1, 0xa4, 0x3, 0xa0,
    0x3, 0x9, 0x80, 0xb8, 0x7, 0xff, 0x8, 0x40,
    0x3f, 0xf8, 0xe6, 0x1, 0xc2, 0x20, 0xf, 0xd6,
    0x1, 0xc5, 0x0, 0x18,

    /* U+79E4 "秤" */
    0x0, 0xe5, 0x50, 0x7, 0xfc, 0x91, 0xb8, 0x66,
    0x66, 0xf6, 0x90, 0x13, 0x40, 0x4b, 0x1b, 0x31,
    0x35, 0x99, 0xa4, 0x4, 0x40, 0xc, 0x26, 0x1,
    0x95, 0xc0, 0x8, 0xcc, 0x36, 0xc2, 0x92, 0x0,
    0xb0, 0x80, 0xa, 0xe4, 0x6d, 0x87, 0xb6, 0x1,
    0x12, 0x80, 0x4, 0x5c, 0x6e, 0x0, 0x5c, 0x0,
    0x24, 0x0, 0x61, 0x11, 0x84, 0x81, 0x28, 0x1,
    0x4d, 0xc4, 0x1, 0x30, 0xf, 0xac, 0xec, 0xae,
    0xe6, 0x5, 0x1, 0x3, 0x0, 0x23, 0x3b, 0x2b,
    0xb3, 0x1d, 0x1, 0xe0, 0x3, 0xff, 0x84, 0xe0,
    0x1f, 0xfc, 0x31, 0x0, 0xff, 0xe3, 0x18, 0x7,
    0xff, 0xf, 0x40, 0x38, 0xe0, 0x3, 0x0,

    /* U+79F0 "称" */
    0x0, 0xff, 0xe4, 0xa2, 0x80, 0x34, 0x80, 0x3e,
    0x48, 0xcf, 0x20, 0x40, 0x20, 0xf, 0x1b, 0x53,
    0xdb, 0x86, 0xc0, 0x4, 0x26, 0x0, 0x32, 0x30,
    0xc, 0x86, 0xcd, 0x57, 0x80, 0x15, 0x9d, 0xaa,
    0x1a, 0x58, 0x11, 0x8b, 0x0, 0x8, 0xc0, 0xd5,
    0x2, 0x81, 0xa0, 0x32, 0x1, 0x8, 0x6b, 0x30,
    0x9c, 0xc0, 0x21, 0x0, 0xe2, 0x76, 0xb, 0xf,
    0x50, 0x15, 0x0, 0xeb, 0xf0, 0x62, 0x20, 0x28,
    0x9, 0xa8, 0x4, 0x42, 0x40, 0xb, 0xa8, 0x0,
    0x9a, 0x8, 0x0, 0x90, 0x1, 0x8, 0x90, 0x3,
    0x54, 0x0, 0x18, 0x3, 0x34, 0x80, 0x73, 0x8,
    0x7, 0xcc, 0x8, 0x4e, 0x60, 0x36, 0x1, 0x8d,
    0xc0, 0x41, 0x78, 0x44, 0x1, 0xf1, 0x68, 0x4,
    0x3b, 0xa0, 0xe,

    /* U+7B49 "等" */
    0x0, 0xff, 0xe3, 0x9e, 0x8, 0x6, 0xc4, 0x0,
    0xfa, 0x58, 0x41, 0x88, 0xc5, 0x0, 0xc, 0x1,
    0x13, 0xec, 0xb0, 0x34, 0xdd, 0x3b, 0x0, 0x80,
    0x23, 0x1d, 0x51, 0x83, 0x9a, 0x2d, 0x98, 0x20,
    0xd0, 0x21, 0x62, 0x14, 0xa0, 0x48, 0x1, 0x98,
    0x91, 0xc5, 0x58, 0x1d, 0x98, 0x34, 0x1, 0xc8,
    0xec, 0xd0, 0x33, 0x53, 0x40, 0x12, 0xbb, 0x37,
    0x1b, 0x37, 0x61, 0x2, 0xbb, 0x37, 0x6b, 0x33,
    0x1d, 0xb0, 0x80, 0xa, 0xcd, 0xf9, 0x1d, 0xd8,
    0x20, 0x4, 0x66, 0x1b, 0x37, 0x1b, 0x3e, 0x8,
    0x0, 0x40, 0x7, 0x20, 0x1f, 0xfc, 0x26, 0x40,
    0xf, 0xfe, 0x1e, 0x80, 0xc7, 0x30, 0x7, 0xff,
    0x0, 0x62, 0xe8, 0x3, 0x0,

    /* U+7B97 "算" */
    0x0, 0xc4, 0x1, 0xc2, 0x1, 0xf8, 0xb0, 0x40,
    0x36, 0x18, 0x7, 0xd6, 0xee, 0x6b, 0x65, 0x15,
    0x66, 0x60, 0x80, 0x4, 0x24, 0x42, 0xdb, 0x30,
    0xde, 0x58, 0x20, 0x8, 0x81, 0x30, 0x1, 0x24,
    0x1, 0xe4, 0x1, 0x24, 0xe, 0x38, 0x31, 0x33,
    0x1e, 0xd8, 0x2, 0x41, 0x0, 0xfe, 0x60, 0xf,
    0x8d, 0x9b, 0xc8, 0x1, 0xf8, 0xd9, 0xbc, 0x80,
    0x1f, 0xfc, 0xc7, 0x69, 0x66, 0xa1, 0xb8, 0x3,
    0xe9, 0x12, 0x0, 0xc2, 0xa1, 0x0, 0x6, 0x76,
    0x64, 0xb, 0x34, 0xc, 0xd7, 0x98, 0x33, 0xb3,
    0xaf, 0x33, 0x40, 0xcd, 0x39, 0x80, 0x49, 0x7c,
    0x40, 0x1f, 0xf2, 0xb5, 0x10, 0x6, 0xb0, 0xe,

    /* U+7EA2 "红" */
    0x0, 0xa0, 0x40, 0x3f, 0xf8, 0x4, 0xc0, 0x1f,
    0x84, 0x3, 0x5d, 0x8, 0x2b, 0x36, 0x7e, 0x40,
    0x1, 0x2, 0x4, 0xbb, 0x32, 0x19, 0xfd, 0x0,
    0x17, 0x20, 0xe6, 0x40, 0x1f, 0xa4, 0x1d, 0xae,
    0x80, 0x3f, 0xb3, 0x5f, 0x38, 0x3, 0xfc, 0xa9,
    0x12, 0x40, 0x1f, 0xf3, 0x60, 0xaa, 0x80, 0x3f,
    0x92, 0x39, 0xd1, 0x40, 0x3f, 0x93, 0x69, 0x44,
    0x4, 0x3, 0xf8, 0xc9, 0x9d, 0x44, 0x3, 0xf2,
    0xed, 0xa3, 0x1b, 0x34, 0xc, 0xca, 0xc0, 0x5f,
    0x92, 0x14, 0x66, 0xb9, 0x99, 0x58, 0x0,

    /* U+7EC4 "组" */
    0x0, 0x9d, 0x0, 0x2, 0x1, 0x88, 0x3, 0xd4,
    0xc0, 0xd, 0x66, 0xda, 0x40, 0x19, 0x14, 0x80,
    0x2, 0xcd, 0x84, 0x80, 0x36, 0xc0, 0x69, 0x0,
    0x7f, 0x8f, 0x1, 0x58, 0x80, 0x3f, 0xdd, 0x8f,
    0x12, 0x0, 0x66, 0xc0, 0x1d, 0x30, 0x36, 0x40,
    0x6, 0x6c, 0x1, 0xc8, 0x18, 0xc0, 0x1f, 0xfc,
    0x1b, 0xb0, 0x98, 0x7, 0xfd, 0x6f, 0x8, 0x60,
    0x6, 0x6c, 0x1, 0xd3, 0x92, 0xa0, 0x13, 0x36,
    0x0, 0xe2, 0x13, 0x76, 0x10, 0xf, 0xe1, 0xcd,
    0x47, 0x61, 0x0, 0xf1, 0x30, 0xc, 0x6b, 0x83,
    0xb5, 0x33, 0x69, 0x51, 0x0,

    /* U+7ED3 "结" */
    0x0, 0xff, 0xe2, 0x8c, 0x80, 0x75, 0xa0, 0x7,
    0x9c, 0xc0, 0x39, 0x90, 0x3, 0xdb, 0x60, 0x1f,
    0xc6, 0x0, 0x23, 0x12, 0x47, 0x66, 0x1b, 0x31,
    0xe8, 0x1, 0x50, 0x11, 0x8e, 0xcc, 0x36, 0x63,
    0xc8, 0x31, 0x33, 0x84, 0x0, 0x78, 0x40, 0x5,
    0xab, 0xb4, 0x6, 0xec, 0xdb, 0x4c, 0x11, 0xee,
    0xc0, 0x3, 0x76, 0xb6, 0x66, 0x18, 0x1, 0xf1,
    0x59, 0xa, 0x19, 0xb5, 0x10, 0x1c, 0x68, 0x32,
    0x1, 0x33, 0x67, 0x20, 0x3e, 0x94, 0x0, 0xff,
    0xe0, 0x8, 0x95, 0xd4, 0x3, 0xf9, 0xf6, 0x85,
    0xd4, 0x19, 0xb8, 0x2, 0x5e, 0xb4, 0x0, 0xb,
    0x37, 0x0, 0x44, 0x60, 0x18, 0xac, 0x3, 0x60,
    0x0,

    /* U+7EED "续" */
    0x0, 0xff, 0xe2, 0xa9, 0x80, 0x62, 0xb0, 0xf,
    0xa5, 0x80, 0x31, 0x80, 0x44, 0x1, 0x13, 0x28,
    0x1, 0xd9, 0xd9, 0x8f, 0x2, 0x0, 0xa8, 0xb,
    0x37, 0x67, 0x66, 0x3d, 0x8, 0x17, 0x91, 0x1d,
    0xe6, 0x70, 0x66, 0x3e, 0x8c, 0xf3, 0x77, 0x10,
    0xdd, 0x8d, 0x18, 0x20, 0x62, 0x5, 0x64, 0xd,
    0x82, 0xa0, 0x5, 0x50, 0x18, 0xf3, 0x82, 0xa7,
    0x88, 0x88, 0x8, 0x2, 0xa9, 0x35, 0x4c, 0x60,
    0x10, 0xe, 0x54, 0xb0, 0x44, 0x61, 0x31, 0xb3,
    0x23, 0x45, 0x7e, 0xc, 0x5d, 0x98, 0x84, 0xcc,
    0x8d, 0x10, 0x11, 0x22, 0x98, 0x2, 0x95, 0x84,
    0x2, 0x8d, 0x87, 0x51, 0x6, 0x29, 0x4d, 0x90,
    0x5, 0x64, 0x98, 0x24, 0x85, 0x1, 0x61, 0x30,
    0x10, 0x80, 0x15, 0xe5, 0x80, 0x35, 0xb8, 0x0,

    /* U+7FFB "翻" */
    0x0, 0xe3, 0x60, 0xf, 0xf1, 0x2b, 0x6d, 0x80,
    0xbb, 0x62, 0xa9, 0xac, 0x40, 0x8d, 0x82, 0x34,
    0x5d, 0x85, 0x54, 0xce, 0x20, 0xe, 0x50, 0x4e,
    0x0, 0xff, 0x28, 0x11, 0xe6, 0xb3, 0x80, 0x9,
    0xc0, 0x32, 0xc6, 0x7, 0x5b, 0x14, 0x1, 0x61,
    0x80, 0x68, 0xf3, 0x6f, 0x55, 0x70, 0x3, 0xc4,
    0x2, 0x6e, 0x46, 0xe, 0x60, 0x63, 0x4, 0x70,
    0x0, 0xad, 0xb0, 0xb7, 0x31, 0x41, 0x8c, 0x80,
    0x42, 0x60, 0xcd, 0x3b, 0x7c, 0x82, 0xf2, 0x80,
    0x73, 0xb, 0x30, 0xb0, 0x41, 0x1c, 0x3, 0xcc,
    0x2c, 0xc0, 0x10, 0xf, 0xe3, 0x61, 0x66, 0x1,
    0x90, 0x0, 0xc8, 0x3, 0x1b, 0x6b, 0x28, 0x15,
    0xb0, 0x3, 0xec, 0x2, 0xc0, 0xa, 0x4, 0x53,
    0x60, 0x7a, 0xe0,

    /* U+80AA "肪" */
    0x0, 0xe1, 0x0, 0xa4, 0x40, 0x3e, 0xc6, 0x67,
    0x90, 0x3, 0x30, 0x1, 0xf0, 0xb3, 0xc, 0x80,
    0xa, 0x80, 0x12, 0x0, 0x7c, 0xae, 0xea, 0xf6,
    0x63, 0xe0, 0x6, 0x66, 0x2, 0xba, 0xb, 0x34,
    0xf0, 0x1, 0x99, 0x80, 0x13, 0x88, 0x4, 0x60,
    0x1f, 0xf3, 0x35, 0x1c, 0x1, 0xfe, 0x14, 0x66,
    0x6a, 0x0, 0x73, 0x30, 0x2, 0x2e, 0x0, 0x1f,
    0x0, 0x61, 0x66, 0x0, 0x58, 0x80, 0xe, 0x10,
    0x8, 0x5c, 0x3, 0x9c, 0x80, 0x2, 0x60, 0x11,
    0x60, 0x6, 0x79, 0x0, 0x89, 0x80, 0x24, 0x55,
    0x38, 0x1f, 0xa9, 0x10, 0x14, 0xc0, 0x31, 0x2f,
    0x2a, 0xa0, 0x9, 0x3d, 0x40, 0x21, 0x60, 0x4,
    0xd3, 0x0, 0x4d, 0x76, 0x0, 0x80,

    /* U+80C6 "胆" */
    0x0, 0x10, 0x1, 0x0, 0x3f, 0xf8, 0x18, 0xcc,
    0xb2, 0x9, 0x66, 0xd6, 0x40, 0x11, 0xb3, 0x4,
    0x81, 0x19, 0xb2, 0x90, 0x7, 0xff, 0x1c, 0xd9,
    0x80, 0x1f, 0xfc, 0x13, 0x66, 0x0, 0x7f, 0xf1,
    0xcd, 0x9b, 0x0, 0x7f, 0xc6, 0xcd, 0x80, 0x38,
    0xd9, 0x80, 0x1f, 0xfc, 0x1, 0x26, 0x60, 0x4,
    0x6c, 0xd8, 0x3, 0x12, 0x80, 0x61, 0x36, 0x6c,
    0x60, 0x13, 0x78, 0x6, 0x19, 0x0, 0xda, 0x1,
    0x63, 0x10, 0x98, 0x1, 0x0, 0x39, 0x80, 0x1c,
    0x3, 0x88, 0x87, 0x66, 0xf7, 0x10, 0xb8, 0x1e,
    0x4a, 0x3b, 0x37, 0xa0, 0x80,

    /* U+80FD "能" */
    0x0, 0xa4, 0x40, 0x24, 0x0, 0xfc, 0xc6, 0x1,
    0xa0, 0xc0, 0x84, 0x2, 0x2f, 0xa1, 0x80, 0x8,
    0x89, 0xee, 0x0, 0x3b, 0x81, 0x17, 0xe0, 0x1,
    0x97, 0x18, 0x0, 0xa5, 0x28, 0xaa, 0x1, 0x6,
    0x71, 0x23, 0x6, 0xf8, 0x54, 0x46, 0x8b, 0xa8,
    0x1, 0xe8, 0x1, 0x4a, 0xb4, 0x18, 0x7f, 0x55,
    0x3f, 0x0, 0x23, 0x38, 0x8, 0xe, 0xea, 0x96,
    0xa0, 0x13, 0x34, 0x60, 0x9, 0x10, 0x9a, 0x0,
    0xff, 0x18, 0x4f, 0x58, 0x6, 0x66, 0x8c, 0x2,
    0x59, 0x70, 0x10, 0x9, 0x9a, 0x30, 0x9, 0x40,
    0x24, 0x0, 0xff, 0xe0, 0x8f, 0x80, 0x64, 0xc0,
    0x9, 0xf3, 0x30, 0x80, 0x34, 0x13, 0xb0, 0x1,
    0x59, 0x96, 0xd8, 0x0,

    /* U+8102 "脂" */
    0x0, 0x18, 0x1, 0x44, 0x94, 0x3, 0xf7, 0x33,
    0x2c, 0x83, 0x80, 0x5, 0x90, 0x1, 0xb, 0x30,
    0xcc, 0x2, 0x27, 0xae, 0x80, 0xf, 0xe6, 0x57,
    0x82, 0x21, 0x80, 0x4c, 0xc3, 0x0, 0x3a, 0x0,
    0x4c, 0xa0, 0x13, 0x30, 0xc0, 0x82, 0xef, 0x40,
    0x80, 0x7e, 0xbb, 0xec, 0x70, 0xf, 0xce, 0x67,
    0xa4, 0x2, 0x16, 0x61, 0x80, 0x28, 0x3, 0x20,
    0x6, 0x66, 0x18, 0x4, 0x67, 0x80, 0x21, 0x10,
    0x7, 0x99, 0xb0, 0x4, 0x96, 0x1, 0xe6, 0x6c,
    0x1, 0x63, 0x1a, 0x98, 0x4, 0xcd, 0x80, 0x5,
    0x82, 0x7a, 0xe0, 0x13, 0x36, 0x10, 0x35, 0x0,
    0x44, 0x80, 0x30, 0x3, 0x60, 0x0,

    /* U+81EA "自" */
    0x0, 0x8b, 0x8, 0x3, 0xf2, 0x29, 0x0, 0x72,
    0x0, 0x3e, 0x40, 0x21, 0x70, 0xa6, 0x67, 0xb3,
    0x69, 0xa1, 0x7, 0x66, 0xf5, 0xb0, 0x98, 0x7,
    0xfc, 0xec, 0xde, 0xb0, 0x9, 0xd9, 0xbd, 0x60,
    0x1f, 0xfc, 0x27, 0x66, 0xf5, 0x80, 0x4e, 0xcd,
    0xeb, 0x0, 0xff, 0xe0, 0x98, 0x7, 0xfc, 0xec,
    0xde, 0xb7, 0x9, 0x66, 0xfa, 0xa4, 0x0,

    /* U+8425 "营" */
    0x0, 0xd2, 0x60, 0xa, 0x30, 0xf, 0xca, 0x40,
    0x7, 0x20, 0x29, 0x5, 0x76, 0x60, 0xb3, 0x40,
    0xec, 0x9e, 0x4a, 0xec, 0xdf, 0x3b, 0x34, 0x41,
    0xc, 0xcd, 0x76, 0x66, 0xbb, 0x33, 0x8, 0x4d,
    0x9b, 0xe7, 0x65, 0x51, 0xae, 0x85, 0xb3, 0x75,
    0x28, 0x48, 0xa3, 0x0, 0xb3, 0x71, 0x31, 0x80,
    0x73, 0x37, 0x94, 0x3, 0xe8, 0x66, 0xe8, 0x20,
    0xe, 0xb2, 0x66, 0xe2, 0xd5, 0x0, 0xcc, 0xec,
    0xde, 0x77, 0x0, 0x61, 0x0, 0xff, 0xe0, 0x8b,
    0xb3, 0x7c, 0x20, 0x1a, 0x19, 0xbe, 0xe3, 0x0,
    0x0,

    /* U+84B8 "蒸" */
    0x0, 0xff, 0xe3, 0x9e, 0x0, 0x12, 0x80, 0x38,
    0x59, 0xa4, 0x6, 0x66, 0xb, 0x33, 0x64, 0x5,
    0x19, 0x8a, 0xcd, 0x59, 0x33, 0x36, 0x40, 0x4,
    0x0, 0x38, 0x0, 0x15, 0xb0, 0x7, 0x91, 0xdc,
    0x8c, 0xc7, 0x9d, 0x40, 0xe, 0x47, 0x26, 0x40,
    0xe9, 0xb6, 0x90, 0x0, 0xc3, 0x32, 0xd0, 0x37,
    0x5, 0x2f, 0x40, 0x3, 0xc, 0x30, 0x80, 0x4,
    0xb3, 0x94, 0x0, 0xc9, 0xae, 0x22, 0x0, 0x47,
    0xd1, 0x80, 0x49, 0xb4, 0x9, 0xa6, 0x0, 0x8f,
    0xec, 0x25, 0x1c, 0x66, 0x1b, 0x73, 0x32, 0xfb,
    0x74, 0x4a, 0xa6, 0x62, 0x34, 0x23, 0xb5, 0xc0,
    0x8, 0x1, 0x14, 0x1a, 0x40, 0xb4, 0xc0, 0x18,
    0x20, 0x74, 0x80, 0x88, 0x10, 0x9a, 0x3, 0x57,
    0x2, 0xf2, 0x0, 0x78, 0x82, 0xc8, 0x2, 0x18,
    0x0,

    /* U+86CB "蛋" */
    0x4, 0x66, 0xff, 0x58, 0x80, 0x15, 0xd9, 0xac,
    0x46, 0x68, 0xcc, 0x1, 0xa, 0xe8, 0x7, 0x91,
    0xa0, 0x40, 0x2d, 0x70, 0x9, 0x59, 0x86, 0xe0,
    0x18, 0x56, 0x9d, 0x1, 0x59, 0x8e, 0x80, 0x1a,
    0xf8, 0x1c, 0x1a, 0x1d, 0x51, 0x30, 0xb4, 0x10,
    0x1, 0x2f, 0x88, 0x9b, 0xf2, 0x22, 0x62, 0x40,
    0xb, 0x19, 0x5e, 0x77, 0x4a, 0x1, 0x4b, 0x36,
    0x46, 0x6a, 0x4, 0x3, 0x99, 0xb3, 0xb3, 0x46,
    0x20, 0x1c, 0xcd, 0x9d, 0x9a, 0x0, 0xf5, 0xb3,
    0x67, 0x66, 0x1f, 0x0, 0x73, 0x0, 0x63, 0x12,
    0x1e, 0x80, 0x3, 0x6f, 0x6e, 0x51, 0x2a, 0x33,
    0x34, 0xe0, 0x1f, 0xb9, 0xb9, 0x52, 0xea, 0x84,
    0x17, 0x60,

    /* U+8981 "要" */
    0x0, 0xff, 0xe0, 0xc0, 0x4, 0x4e, 0xcd, 0x63,
    0x33, 0x19, 0xa0, 0x40, 0x1, 0x3b, 0x34, 0x2c,
    0xc1, 0x66, 0x3c, 0x20, 0x6, 0xc6, 0x61, 0xb3,
    0xd, 0x99, 0xe6, 0x1, 0xc2, 0xcc, 0x36, 0x61,
    0xb3, 0xc, 0xc0, 0x1f, 0xfc, 0x93, 0x66, 0x23,
    0x32, 0xd9, 0x82, 0x1, 0xef, 0x66, 0x21, 0xb3,
    0x6c, 0x10, 0x9, 0x98, 0xed, 0x0, 0x6c, 0xdd,
    0x94, 0x0, 0x66, 0xc9, 0xec, 0xc4, 0xb6, 0x66,
    0xd0, 0x7, 0x42, 0x98, 0x2, 0x64, 0x1, 0xfd,
    0x14, 0xf1, 0xac, 0x1, 0xff, 0x19, 0xd7, 0xdb,
    0xd4, 0x20, 0x18, 0x96, 0x20, 0x16, 0xc7, 0x3c,
    0x54, 0x1, 0x20, 0xac, 0x41, 0x40, 0x3a, 0x2c,
    0x0,

    /* U+8BA1 "计" */
    0x0, 0x21, 0x0, 0x73, 0x98, 0x7, 0x93, 0x94,
    0x3, 0x63, 0x80, 0x7d, 0xfe, 0x0, 0xe7, 0x0,
    0xf8, 0xe8, 0x3, 0xff, 0x9a, 0x2c, 0xcc, 0x43,
    0x66, 0xd6, 0xcc, 0xc7, 0x16, 0x60, 0xa1, 0xbb,
    0x35, 0x6c, 0xcc, 0x70, 0xf, 0x8, 0x7, 0xff,
    0x7d, 0x48, 0x3, 0xff, 0x80, 0xe6, 0x40, 0x1f,
    0xf1, 0xe3, 0x0, 0x7f, 0xf0, 0x22, 0x80, 0x33,
    0xb8, 0x3, 0xe6, 0x10, 0xd, 0xe8, 0x1, 0x80,

    /* U+8BC6 "识" */
    0x0, 0x20, 0x7, 0xff, 0xd, 0xb4, 0xc0, 0x12,
    0xcd, 0xd6, 0x20, 0x11, 0x2d, 0x80, 0x11, 0xd9,
    0xa7, 0x61, 0x0, 0xd1, 0x0, 0xf, 0xfe, 0x10,
    0x80, 0x42, 0x1, 0xf8, 0x5d, 0xb1, 0x0, 0x3f,
    0xe1, 0x76, 0x15, 0x0, 0xff, 0xe3, 0xb, 0xb3,
    0x4e, 0x1, 0xfe, 0x46, 0x6e, 0xb0, 0xf, 0xc9,
    0x26, 0xa0, 0x80, 0xc0, 0x1f, 0x42, 0x7, 0xf8,
    0x16, 0x88, 0x3, 0xd5, 0x40, 0x75, 0xa0, 0x18,
    0xc3, 0x0, 0xc2, 0x64, 0x9d, 0x20, 0x11, 0x37,
    0x0, 0x6f, 0x94, 0x29, 0x0, 0xe9, 0x70, 0xc,
    0x42, 0xac, 0x1, 0xe1, 0xa0,

    /* U+8BF7 "请" */
    0x0, 0xff, 0xe3, 0x20, 0x7, 0x8e, 0xc0, 0x3e,
    0x2a, 0x0, 0xe1, 0x0, 0xa0, 0x40, 0x27, 0x40,
    0x17, 0x66, 0x2b, 0x35, 0xc4, 0x1, 0xf, 0x80,
    0xb0, 0x7, 0x68, 0x98, 0x7, 0xc2, 0xec, 0xac,
    0xcb, 0x70, 0x0, 0xc3, 0x71, 0x23, 0x3b, 0x2b,
    0x35, 0x56, 0x3, 0xc, 0x24, 0xac, 0xd3, 0xeb,
    0x3d, 0x58, 0x7, 0x84, 0x35, 0x9b, 0x6a, 0x0,
    0x7f, 0x99, 0xbc, 0x1, 0xf0, 0x88, 0x19, 0xb8,
    0x3, 0xe2, 0x91, 0x0, 0xff, 0xe0, 0xf, 0x40,
    0x1, 0x9b, 0x80, 0x38, 0x45, 0xe0, 0x1f, 0x8,
    0x7, 0xf, 0x98, 0x7, 0x2e, 0x29, 0x0, 0x70,
    0x80, 0x5c, 0x0, 0x5d, 0xf0, 0x8,

    /* U+8C03 "调" */
    0x0, 0x19, 0x0, 0x7f, 0x10, 0x4, 0x7c, 0x80,
    0x76, 0xcc, 0x96, 0x66, 0x18, 0x5, 0x3a, 0x2,
    0x4c, 0xc5, 0x66, 0x19, 0x80, 0x25, 0x90, 0x9,
    0x18, 0x69, 0x0, 0x39, 0x40, 0x32, 0xb8, 0xd2,
    0x0, 0x50, 0xf6, 0x80, 0x10, 0x88, 0x9, 0x40,
    0x28, 0x73, 0x40, 0x1, 0xbb, 0x52, 0x0, 0x7f,
    0x8d, 0x0, 0x1e, 0xa0, 0x1f, 0xc2, 0xc0, 0xca,
    0x1, 0xf8, 0x5f, 0xc4, 0x3, 0xfc, 0x6c, 0x48,
    0x18, 0xc0, 0x1f, 0x1c, 0x3e, 0x98, 0xfb, 0x58,
    0x7, 0x96, 0x8b, 0x1, 0x54, 0xe, 0x1, 0xeb,
    0x15, 0x60, 0x8, 0x5b, 0x0, 0x3c, 0x2e, 0x1,
    0x85, 0xb7, 0xc0,

    /* U+8D25 "败" */
    0x0, 0xff, 0xe5, 0x8, 0x2, 0xa0, 0x3, 0xd4,
    0xec, 0xd7, 0x88, 0x3d, 0x0, 0x7c, 0x8e, 0xc8,
    0xa2, 0x4c, 0x40, 0x1f, 0xa1, 0xc0, 0x24, 0x16,
    0x6a, 0x2c, 0x3, 0x90, 0x2, 0xdf, 0x66, 0x54,
    0xd8, 0x6, 0x30, 0x8, 0xf4, 0xc0, 0x4, 0x20,
    0x1e, 0x10, 0x2, 0x30, 0x81, 0x28, 0x7, 0x98,
    0xc0, 0xc, 0x1e, 0x9, 0x80, 0x1f, 0x8, 0x0,
    0x43, 0x17, 0x54, 0x3, 0x9c, 0x8, 0x24, 0x0,
    0x92, 0x4, 0x1, 0xac, 0x6c, 0xa1, 0xc0, 0x27,
    0xc0, 0xe, 0x1e, 0x60, 0xab, 0x20, 0x63, 0xb3,
    0x0, 0xcb, 0xc2, 0x0, 0xb2, 0x6e, 0x8e, 0xd6,
    0x0, 0x10, 0x28, 0x4, 0x90, 0x50, 0x5, 0xb1,
    0x60, 0x4a, 0x1, 0x96, 0x10, 0x2, 0x3f, 0xb0,

    /* U+8D28 "质" */
    0x0, 0xff, 0x13, 0x58, 0x80, 0x66, 0x45, 0x66,
    0x3c, 0x50, 0x71, 0x80, 0x6b, 0x55, 0x33, 0x14,
    0x61, 0x94, 0x80, 0x38, 0x40, 0x23, 0x20, 0x0,
    0xb8, 0x7, 0x2b, 0xb3, 0x1d, 0x9a, 0x71, 0x10,
    0x6, 0x54, 0x66, 0x3b, 0x34, 0x6c, 0x20, 0x10,
    0x87, 0x33, 0x1f, 0x59, 0x96, 0x40, 0x10, 0x80,
    0x4c, 0xc4, 0xc6, 0x61, 0x90, 0x4, 0x6c, 0x1,
    0x84, 0x3, 0xf3, 0xe8, 0x6, 0x62, 0x0, 0xfb,
    0x10, 0x3, 0x66, 0x0, 0x2, 0x1, 0x8c, 0xc1,
    0x0, 0x4a, 0x4c, 0x3a, 0x1, 0x24, 0x80, 0x14,
    0xe7, 0x99, 0x77, 0x46, 0x0, 0x13, 0x1, 0x74,
    0xb2, 0x3, 0xcb, 0xf0, 0x2, 0x80, 0xab, 0xb8,
    0x3, 0x9f, 0x80,

    /* U+8F93 "输" */
    0x0, 0xfe, 0x10, 0xf, 0xeb, 0x40, 0xd, 0x14,
    0x1, 0xf9, 0x50, 0x2, 0x17, 0xd1, 0x0, 0xe5,
    0x82, 0x68, 0xa0, 0x89, 0x78, 0x10, 0xc, 0x83,
    0xed, 0x14, 0x86, 0xe1, 0x54, 0x30, 0x8, 0x54,
    0xa0, 0xf, 0x65, 0x5a, 0x77, 0xac, 0x81, 0x6c,
    0xc, 0x9a, 0x4d, 0x1a, 0x9b, 0x24, 0x82, 0x3d,
    0xda, 0x7, 0x17, 0x9, 0x2, 0xc4, 0x1, 0xf0,
    0xed, 0x48, 0xa, 0x25, 0xe2, 0x2, 0x0, 0x20,
    0xe, 0x16, 0x10, 0xf, 0xe3, 0x65, 0x21, 0x61,
    0x0, 0xfa, 0xed, 0x4c, 0xa4, 0x2c, 0x20, 0x1f,
    0x4d, 0xc8, 0x4, 0x2c, 0x20, 0x22, 0x0, 0xc4,
    0x1, 0xfd, 0x40, 0x1f, 0x1b, 0x80, 0x4e, 0x20,
    0x74, 0x86, 0x1, 0x8e, 0x40, 0x10, 0xd0, 0x7,
    0x74, 0x20,

    /* U+8FD9 "这" */
    0x0, 0x38, 0x80, 0x65, 0x40, 0xf, 0xc7, 0x80,
    0x19, 0x68, 0xc0, 0x3e, 0x40, 0xf, 0x41, 0x0,
    0x18, 0x3, 0xb4, 0x11, 0xd9, 0x80, 0xf4, 0xd8,
    0xa0, 0x18, 0x81, 0x1d, 0x9a, 0x77, 0x35, 0x28,
    0xc, 0x36, 0x20, 0x19, 0x80, 0xe, 0xa0, 0x18,
    0x61, 0x8d, 0x0, 0xde, 0x2, 0xa8, 0x1, 0xff,
    0x25, 0xe3, 0x10, 0x7, 0xff, 0x0, 0x44, 0xea,
    0x1, 0xff, 0xc, 0xff, 0xad, 0xc0, 0x3f, 0x8e,
    0xe8, 0x89, 0xb0, 0x60, 0x10, 0xca, 0x3a, 0x35,
    0x8, 0x0, 0xe4, 0x2, 0x2f, 0xa9, 0x3e, 0x2,
    0x0, 0xcc, 0x44, 0x2, 0xf3, 0x4, 0xa3, 0x9e,
    0xff, 0xdc, 0xe0, 0x1, 0x0, 0xcd, 0x7d, 0xfe,
    0xee, 0x94, 0x0,

    /* U+8FDB "进" */
    0x0, 0x10, 0x6, 0x18, 0x0, 0x50, 0x80, 0x73,
    0x50, 0x6, 0x50, 0x2, 0x8, 0x7, 0x23, 0x20,
    0x0, 0x44, 0x0, 0x30, 0xf, 0xb9, 0x10, 0xec,
    0x2c, 0xc3, 0x6c, 0x30, 0xc, 0x40, 0x8e, 0xc2,
    0xcc, 0x36, 0xc3, 0x1, 0x66, 0x61, 0x80, 0x7f,
    0xc2, 0x8c, 0x26, 0x1, 0xfc, 0x20, 0x2, 0x0,
    0x9d, 0x98, 0x2c, 0xc3, 0x69, 0x80, 0xf, 0x3b,
    0x23, 0xb3, 0xd, 0xa6, 0x40, 0x1f, 0x97, 0x80,
    0x3f, 0xf8, 0x25, 0xc8, 0x1, 0xfc, 0x8e, 0x84,
    0x92, 0x1, 0x18, 0x7, 0x46, 0x50, 0x41, 0x8,
    0x5, 0x0, 0x1, 0x1d, 0x0, 0x97, 0x9b, 0xdf,
    0xe9, 0xff, 0x30, 0x8a, 0x40, 0x21, 0x8c, 0xef,
    0xfd, 0xce, 0x0,

    /* U+9009 "选" */
    0x0, 0xfe, 0xa2, 0x0, 0xf9, 0x58, 0x0, 0x34,
    0xc, 0x40, 0x1f, 0x2c, 0x8, 0x21, 0x0, 0x64,
    0x0, 0xf4, 0x8, 0x67, 0xb0, 0xb3, 0xe9, 0x0,
    0x73, 0x0, 0xf3, 0xb0, 0xb3, 0xc9, 0x0, 0x48,
    0x89, 0x22, 0x38, 0x7, 0x94, 0x2, 0x76, 0x43,
    0x46, 0x65, 0xa5, 0xb3, 0xe9, 0x0, 0xc, 0x80,
    0x5d, 0x94, 0x61, 0x98, 0xf0, 0x40, 0x1f, 0x97,
    0x40, 0x30, 0x80, 0x7f, 0x53, 0x0, 0x64, 0x0,
    0xfc, 0xd4, 0x20, 0x20, 0x2, 0x20, 0x0, 0x61,
    0x10, 0xa6, 0xc0, 0x4, 0xcb, 0xa4, 0x2, 0xcb,
    0x90, 0xc1, 0x10, 0x2, 0x32, 0xf1, 0x0, 0xbc,
    0xc1, 0x20, 0xeb, 0x7b, 0xfe, 0xe7, 0x0, 0x10,
    0x4, 0x2f, 0x7b, 0xdf, 0xf9, 0x40,

    /* U+901F "速" */
    0x0, 0xfe, 0xa2, 0x0, 0xf0, 0xc8, 0x80, 0x73,
    0x90, 0x0, 0x80, 0x21, 0xed, 0x7, 0x66, 0x8d,
    0x9a, 0x83, 0x0, 0x9a, 0x81, 0xd9, 0xa3, 0x66,
    0xa8, 0xc0, 0x21, 0x60, 0x5, 0x33, 0xd, 0x99,
    0xa8, 0x1, 0x8, 0x98, 0x41, 0xd9, 0x86, 0xcc,
    0x4, 0x0, 0xb, 0x25, 0x98, 0x7, 0xfc, 0x2e,
    0xa0, 0x40, 0x2d, 0x24, 0xcc, 0x10, 0xf, 0xed,
    0x75, 0x13, 0x7c, 0x0, 0xfe, 0x1b, 0xe3, 0x4b,
    0xa1, 0x0, 0xf8, 0x62, 0xc8, 0x6, 0xb7, 0x0,
    0x33, 0xb9, 0x92, 0x4, 0xc, 0x0, 0xf2, 0x0,
    0x1d, 0x2a, 0x2c, 0x30, 0x3, 0x0, 0x4a, 0x42,
    0x2e, 0x50, 0x48, 0x4c, 0xd6, 0xef, 0xf7, 0x28,
    0x81, 0x80, 0x42, 0xf9, 0xbd, 0xcf, 0xf9, 0xc0,

    /* U+9171 "酱" */
    0x0, 0xfe, 0x10, 0xf, 0xf1, 0xd8, 0x0, 0xf4,
    0x3, 0xf4, 0x28, 0x88, 0x7, 0xad, 0x98, 0xf2,
    0x1, 0xa7, 0x40, 0x2b, 0x57, 0x66, 0x5f, 0x0,
    0x61, 0x84, 0x16, 0xac, 0x80, 0xaa, 0x38, 0x4,
    0xb5, 0x4, 0x2c, 0x9, 0x75, 0x2c, 0x1, 0xd1,
    0x7, 0x0, 0x23, 0xb5, 0x18, 0x7, 0x91, 0x90,
    0xa8, 0xc4, 0xd9, 0xab, 0xa0, 0x2, 0x33, 0x1e,
    0x1d, 0xea, 0x66, 0x3d, 0xd0, 0x0, 0x43, 0x59,
    0x86, 0xce, 0x2c, 0xcd, 0x60, 0xf, 0x32, 0x21,
    0x98, 0xe, 0xf2, 0x0, 0x79, 0x2a, 0xc0, 0xb,
    0x76, 0x50, 0xf, 0x19, 0x73, 0xb3, 0x3b, 0x30,
    0x40, 0x1e, 0x36, 0x6f, 0xce, 0x1, 0xe3, 0x66,
    0xfc, 0xe0, 0x1e, 0xa6, 0x6f, 0xdc, 0x40, 0x0,

    /* U+9187 "醇" */
    0x0, 0xfe, 0x18, 0x0, 0xc3, 0xd, 0xe, 0xd4,
    0x60, 0x20, 0xa0, 0x84, 0x30, 0xc7, 0xcf, 0x4a,
    0xcc, 0xe3, 0x62, 0x70, 0x30, 0xc, 0xac, 0x26,
    0x77, 0xa2, 0x84, 0x33, 0x93, 0xc0, 0x5a, 0x24,
    0xa6, 0x1, 0x33, 0x9, 0xd8, 0x0, 0xef, 0x8,
    0x80, 0x22, 0x20, 0x6, 0x46, 0x6a, 0xc0, 0x33,
    0xe0, 0x98, 0x10, 0x33, 0x50, 0xa0, 0x11, 0xa5,
    0x58, 0x14, 0x32, 0x8d, 0x28, 0x4, 0xc0, 0x52,
    0x1, 0xbd, 0x90, 0xc8, 0x0, 0xcd, 0x81, 0x5d,
    0x85, 0xd9, 0x5c, 0x0, 0xcd, 0x81, 0x5d, 0x85,
    0x9a, 0x50, 0x3, 0x36, 0x0, 0xff, 0x99, 0xb1,
    0x2, 0xd1, 0x0, 0x75, 0x80, 0x69, 0x5, 0x9d,
    0x0, 0xc0,

    /* U+91C7 "采" */
    0x0, 0xff, 0xe6, 0x9, 0xb5, 0x73, 0x0, 0x42,
    0x8a, 0xce, 0xe8, 0x94, 0x3e, 0xc7, 0x0, 0x85,
    0x54, 0xce, 0x99, 0xe, 0xa7, 0x22, 0x1, 0xd4,
    0x20, 0x7e, 0xc0, 0xa, 0xf0, 0xe, 0x1d, 0xa0,
    0x7, 0xf8, 0x15, 0x48, 0x1, 0xe6, 0x30, 0x1,
    0x40, 0x64, 0x0, 0x7c, 0x30, 0x0, 0xa5, 0x29,
    0x0, 0x29, 0x80, 0xc3, 0x36, 0xb3, 0xe4, 0x66,
    0x89, 0x40, 0x61, 0x9a, 0x46, 0x29, 0x36, 0x69,
    0xd8, 0x3, 0xdd, 0x22, 0x2d, 0x10, 0xf, 0xea,
    0xa2, 0x0, 0x26, 0xc0, 0x3f, 0x46, 0x30, 0x4,
    0x3f, 0x40, 0x1e, 0x9b, 0x60, 0x0, 0x80, 0x17,
    0x39, 0x84, 0xd, 0xa4, 0xc0, 0x30, 0x80, 0x1a,
    0xad, 0x80, 0xd8, 0x3, 0xac, 0x80, 0x24, 0xd7,
    0x0,

    /* U+91CC "里" */
    0x0, 0x84, 0x3, 0xe3, 0x0, 0xf6, 0xb3, 0x56,
    0xcd, 0x72, 0x0, 0x70, 0xb3, 0x7c, 0x28, 0x1,
    0xc2, 0x1, 0xff, 0xc3, 0x66, 0x8d, 0x9a, 0x10,
    0xf, 0x99, 0xa3, 0x66, 0x84, 0x3, 0xc2, 0x1,
    0xff, 0xc3, 0x66, 0x8d, 0x9a, 0x11, 0x0, 0x75,
    0xb3, 0x46, 0xcd, 0x70, 0x80, 0x73, 0x0, 0x7c,
    0x4a, 0x1, 0x99, 0xd9, 0xa3, 0x66, 0xa7, 0x4,
    0x2, 0x67, 0x66, 0x8d, 0x9a, 0x89, 0x10, 0xf,
    0xfe, 0x11, 0x0, 0xb3, 0x78, 0xd9, 0xb3, 0xea,
    0x8a, 0x33, 0x77, 0x33, 0x67, 0xf5,

    /* U+91CD "重" */
    0x0, 0xfc, 0x29, 0x18, 0x20, 0x18, 0x91, 0x59,
    0xf9, 0x87, 0x3c, 0x3, 0x89, 0x15, 0x9c, 0xdd,
    0x50, 0xc9, 0x40, 0xa, 0xec, 0xd8, 0xd9, 0xb2,
    0x10, 0x1, 0x5d, 0x59, 0xa3, 0x66, 0x8d, 0xdc,
    0x1, 0xa2, 0xc, 0xc3, 0x66, 0xac, 0x80, 0x38,
    0x6d, 0x98, 0x6c, 0xd1, 0x90, 0x7, 0xad, 0x98,
    0x6c, 0xd1, 0x80, 0x7d, 0x6c, 0xc3, 0x66, 0x8c,
    0x3, 0xe4, 0x66, 0x1b, 0x34, 0x20, 0x1e, 0xa7,
    0x66, 0x1b, 0x35, 0xcc, 0x1, 0x99, 0xd9, 0xa3,
    0x66, 0x90, 0x4, 0x2, 0x67, 0x66, 0x8d, 0x9b,
    0x90, 0x4d, 0xd9, 0xb9, 0xd9, 0xbb, 0xd8,

    /* U+91CF "量" */
    0x0, 0x99, 0xbf, 0x58, 0x80, 0x7b, 0xd5, 0x9b,
    0xe1, 0x0, 0xfa, 0xd9, 0xbc, 0x60, 0x1f, 0xfc,
    0xbe, 0x96, 0x6f, 0x58, 0x11, 0x81, 0x3b, 0xb,
    0xb3, 0x78, 0xda, 0x90, 0x9, 0xdb, 0x80, 0x3e,
    0xf5, 0x87, 0x0, 0xc8, 0xcd, 0x5b, 0x34, 0x62,
    0x1, 0xf3, 0x34, 0x6c, 0xd8, 0x3, 0xf3, 0x34,
    0x6c, 0xd8, 0x3, 0xe7, 0x66, 0x8d, 0x9a, 0x33,
    0x0, 0x72, 0x68, 0x7, 0xdd, 0xa2, 0x1, 0x95,
    0xd9, 0xa3, 0x66, 0x9f, 0x0, 0x32, 0xbb, 0x99,
    0xa3, 0x66, 0xec, 0x90, 0x3, 0xb3, 0x77, 0x33,
    0x76, 0xc8, 0x0,

    /* U+94A0 "钠" */
    0x0, 0xff, 0xe3, 0xd1, 0x0, 0x75, 0x28, 0x7,
    0x89, 0xc8, 0x3, 0xcc, 0x1, 0xe5, 0x43, 0x85,
    0x0, 0xff, 0xb2, 0x82, 0xde, 0x99, 0xab, 0x66,
    0x70, 0x81, 0xe1, 0x98, 0x9, 0xd9, 0xab, 0x67,
    0x21, 0xa, 0x1b, 0x6a, 0x10, 0x8, 0x44, 0x1,
    0x8e, 0xd9, 0x5a, 0x44, 0x2, 0x6a, 0x10, 0x8,
    0xc8, 0x2, 0x22, 0x0, 0xd, 0x2b, 0x4c, 0x0,
    0x30, 0xc0, 0xca, 0xe0, 0xa, 0x82, 0x55, 0x0,
    0x6, 0x18, 0x19, 0xd4, 0x13, 0x4, 0x2d, 0x0,
    0x3e, 0x12, 0x7, 0x50, 0x1, 0x10, 0x3, 0xc8,
    0xc4, 0x6, 0x1, 0xfe, 0x1d, 0x70, 0xe, 0x22,
    0x80, 0x3a, 0x24, 0x3, 0xc6, 0x98, 0xa0, 0x19,
    0xc0, 0x29, 0x0, 0x85, 0xb6, 0x40,

    /* U+9505 "锅" */
    0x0, 0xa0, 0x40, 0x6, 0x1, 0xc8, 0x1, 0x89,
    0x80, 0x2f, 0x86, 0x6a, 0x24, 0x3, 0x2b, 0xb,
    0x3, 0xdb, 0x35, 0x6e, 0x1, 0xaf, 0x98, 0x4,
    0x3, 0xfc, 0x48, 0xcc, 0x71, 0x74, 0x4e, 0x10,
    0xa, 0xba, 0x9e, 0x41, 0x51, 0x79, 0xd6, 0x40,
    0x5, 0x6c, 0x8f, 0x3, 0x26, 0x8, 0x64, 0x43,
    0x2, 0x30, 0x8, 0xe9, 0xda, 0x4d, 0x98, 0xfc,
    0x0, 0x76, 0x6, 0xb0, 0x56, 0xf7, 0x66, 0x2b,
    0x80, 0x1d, 0x81, 0xa0, 0x40, 0x19, 0x76, 0x40,
    0xf, 0xf9, 0xe0, 0x66, 0x0, 0x3e, 0x55, 0x3,
    0x29, 0x81, 0x68, 0x7, 0x84, 0x94, 0x58, 0x80,
    0x2, 0x4e, 0x1, 0xd6, 0xe0, 0x1e, 0x10, 0x8c,
    0x0, 0xc8, 0x0, 0xb2, 0x0, 0xc7, 0xac, 0x0,

    /* U+9875 "页" */
    0x0, 0xff, 0xe0, 0x34, 0x0, 0x19, 0xd9, 0xa8,
    0xf6, 0x6c, 0x1c, 0x20, 0xce, 0xcd, 0x73, 0xb3,
    0x78, 0x40, 0x24, 0x0, 0x74, 0x0, 0x4e, 0x1,
    0xef, 0x86, 0xe6, 0x6d, 0x24, 0x1, 0xeb, 0x66,
    0x72, 0x33, 0x0, 0x80, 0x38, 0x40, 0x26, 0x0,
    0xff, 0xe1, 0x9, 0x0, 0x7f, 0xf0, 0x4, 0x40,
    0x1f, 0xfc, 0x15, 0x50, 0x7, 0xf8, 0x88, 0x1b,
    0xa3, 0x61, 0xa0, 0xf, 0x40, 0x9a, 0x31, 0xa5,
    0x71, 0x80, 0x78, 0xff, 0xc0, 0x2, 0xbd, 0xc7,
    0x0, 0x8e, 0x6f, 0x48, 0x3, 0x3d, 0xd8, 0x0,
    0xa1, 0x30, 0x20, 0x1e, 0x4c, 0x0,

    /* U+98DF "食" */
    0x0, 0xff, 0xe5, 0xf, 0x20, 0x7, 0xff, 0x6,
    0x9c, 0xc0, 0x3f, 0xf8, 0x10, 0x12, 0xd2, 0x20,
    0x1f, 0xce, 0x57, 0x47, 0x14, 0xe0, 0x1f, 0x40,
    0x50, 0x7d, 0x8d, 0xef, 0xd3, 0x90, 0x1b, 0xd5,
    0x19, 0x87, 0xcd, 0xd, 0xa7, 0xe4, 0x4, 0xe4,
    0x6c, 0xd3, 0xb5, 0xb1, 0x4c, 0x0, 0x4, 0x2,
    0x66, 0xeb, 0x0, 0xff, 0x33, 0x75, 0x80, 0x7f,
    0x99, 0xba, 0xcc, 0xc0, 0x1f, 0x99, 0xd, 0xda,
    0xe, 0x80, 0x3f, 0x89, 0x26, 0x6b, 0x90, 0xf,
    0xe4, 0x6b, 0x83, 0xc5, 0x0, 0xf8, 0x70, 0x1c,
    0xc6, 0xa2, 0x88, 0x3, 0xd7, 0x88, 0x1, 0x97,
    0xc, 0x0,

    /* U+996A "饪" */
    0x0, 0xa4, 0x80, 0x3f, 0x8, 0x6, 0x27, 0x30,
    0xc, 0x29, 0x1b, 0xe2, 0x1, 0x24, 0x88, 0x12,
    0xb3, 0xd5, 0x37, 0x84, 0x2, 0xd0, 0x66, 0x69,
    0xb3, 0x0, 0x80, 0x38, 0x88, 0xec, 0xae, 0xc0,
    0x1f, 0xd5, 0x10, 0x26, 0x80, 0xf, 0xe2, 0xd1,
    0x50, 0x50, 0xf, 0x89, 0xc0, 0x94, 0x0, 0x62,
    0xec, 0xd0, 0x33, 0x10, 0x4, 0x3, 0x85, 0xd9,
    0xa0, 0x66, 0x9c, 0x40, 0x3f, 0xf9, 0x4c, 0x40,
    0x1f, 0xfc, 0x5, 0xa4, 0x20, 0xf, 0xf8, 0xe2,
    0xc8, 0x3, 0xc8, 0xc0, 0x1a, 0x74, 0x4d, 0xd9,
    0x90, 0xcc, 0x23, 0x0,

    /* U+9AD8 "高" */
    0x0, 0xff, 0xe4, 0x15, 0x88, 0x7, 0xff, 0x0,
    0xb4, 0x80, 0x30, 0xa8, 0x33, 0xb3, 0x60, 0x56,
    0x6c, 0xe6, 0xc, 0xed, 0xc0, 0x1e, 0xe6, 0x68,
    0x3, 0x2b, 0xb3, 0x65, 0x0, 0xfe, 0x76, 0x6d,
    0x60, 0x1f, 0x91, 0x9b, 0xab, 0x0, 0x3a, 0x9b,
    0xd9, 0xb9, 0x9, 0xb4, 0x80, 0xe, 0xcc, 0x46,
    0x6c, 0xac, 0xc3, 0x20, 0xe, 0xc6, 0x69, 0xf8,
    0x3, 0xf8, 0xd9, 0xb8, 0x3, 0xf8, 0xd9, 0xa7,
    0x0, 0xff, 0x3b, 0x34, 0xfa, 0x1, 0xfd, 0x20,
    0x10, 0xb3, 0x2c, 0xc0, 0x2e, 0x0, 0xfc, 0xd1,
    0xc0, 0x0,

    /* U+FF0C "，" */
    0x4, 0x91, 0xf, 0x67, 0xa, 0x35, 0x3, 0x53,
    0x7, 0x90,

    /* U+FF1A "：" */
    0x59, 0xb, 0x63, 0xda, 0x33, 0x28, 0x56, 0x83,
    0x90, 0xef, 0x8
};


/*---------------------
 *  GLYPH DESCRIPTION
 *--------------------*/

static const lv_font_fmt_txt_glyph_dsc_t glyph_dsc[] = {
    {.bitmap_index = 0, .adv_w = 0, .box_w = 0, .box_h = 0, .ofs_x = 0, .ofs_y = 0} /* id = 0 reserved */,
    {.bitmap_index = 0, .adv_w = 128, .box_w = 0, .box_h = 0, .ofs_x = 0, .ofs_y = 0},
    {.bitmap_index = 0, .adv_w = 128, .box_w = 2, .box_h = 12, .ofs_x = 3, .ofs_y = 0},
    {.bitmap_index = 13, .adv_w = 128, .box_w = 6, .box_h = 5, .ofs_x = 1, .ofs_y = 9},
    {.bitmap_index = 29, .adv_w = 128, .box_w = 8, .box_h = 12, .ofs_x = 0, .ofs_y = 0},
    {.bitmap_index = 73, .adv_w = 128, .box_w = 6, .box_h = 15, .ofs_x = 1, .ofs_y = -2},
    {.bitmap_index = 117, .adv_w = 128, .box_w = 8, .box_h = 12, .ofs_x = 0, .ofs_y = 0},
    {.bitmap_index = 167, .adv_w = 128, .box_w = 8, .box_h = 12, .ofs_x = 0, .ofs_y = 0},
    {.bitmap_index = 213, .adv_w = 128, .box_w = 4, .box_h = 5, .ofs_x = 0, .ofs_y = 9},
    {.bitmap_index = 224, .adv_w = 128, .box_w = 5, .box_h = 16, .ofs_x = 3, .ofs_y = -2},
    {.bitmap_index = 262, .adv_w = 128, .box_w = 5, .box_h = 16, .ofs_x = 0, .ofs_y = -2},
    {.bitmap_index = 300, .adv_w = 128, .box_w = 8, .box_h = 9, .ofs_x = 0, .ofs_y = 2},
    {.bitmap_index = 333, .adv_w = 128, .box_w = 8, .box_h = 9, .ofs_x = 0, .ofs_y = 2},
    {.bitmap_index = 355, .adv_w = 128, .box_w = 4, .box_h = 5, .ofs_x = 0, .ofs_y = -3},
    {.bitmap_index = 366, .adv_w = 128, .box_w = 8, .box_h = 1, .ofs_x = 0, .ofs_y = 6},
    {.bitmap_index = 369, .adv_w = 128, .box_w = 2, .box_h = 3, .ofs_x = 1, .ofs_y = 0},
    {.bitmap_index = 373, .adv_w = 128, .box_w = 8, .box_h = 16, .ofs_x = 0, .ofs_y = -2},
    {.bitmap_index = 416, .adv_w = 128, .box_w = 8, .box_h = 12, .ofs_x = 0, .ofs_y = 0},
    {.bitmap_index = 463, .adv_w = 128, .box_w = 6, .box_h = 12, .ofs_x = 1, .ofs_y = 0},
    {.bitmap_index = 478, .adv_w = 128, .box_w = 7, .box_h = 12, .ofs_x = 0, .ofs_y = 0},
    {.bitmap_index = 519, .adv_w = 128, .box_w = 7, .box_h = 12, .ofs_x = 0, .ofs_y = 0},
    {.bitmap_index = 561, .adv_w = 128, .box_w = 8, .box_h = 12, .ofs_x = 0, .ofs_y = 0},
    {.bitmap_index = 596, .adv_w = 128, .box_w = 7, .box_h = 12, .ofs_x = 0, .ofs_y = 0},
    {.bitmap_index = 635, .adv_w = 128, .box_w = 8, .box_h = 12, .ofs_x = 0, .ofs_y = 0},
    {.bitmap_index = 682, .adv_w = 128, .box_w = 7, .box_h = 12, .ofs_x = 1, .ofs_y = 0},
    {.bitmap_index = 716, .adv_w = 128, .box_w = 8, .box_h = 12, .ofs_x = 0, .ofs_y = 0},
    {.bitmap_index = 765, .adv_w = 128, .box_w = 8, .box_h = 12, .ofs_x = 0, .ofs_y = 0},
    {.bitmap_index = 812, .adv_w = 128, .box_w = 2, .box_h = 8, .ofs_x = 3, .ofs_y = 0},
    {.bitmap_index = 819, .adv_w = 128, .box_w = 2, .box_h = 10, .ofs_x = 3, .ofs_y = -2},
    {.bitmap_index = 828, .adv_w = 128, .box_w = 6, .box_h = 13, .ofs_x = 1, .ofs_y = 0},
    {.bitmap_index = 862, .adv_w = 128, .box_w = 8, .box_h = 4, .ofs_x = 0, .ofs_y = 4},
    {.bitmap_index = 872, .adv_w = 128, .box_w = 6, .box_h = 13, .ofs_x = 1, .ofs_y = 0},
    {.bitmap_index = 906, .adv_w = 128, .box_w = 8, .box_h = 12, .ofs_x = 0, .ofs_y = 0},
    {.bitmap_index = 946, .adv_w = 128, .box_w = 8, .box_h = 12, .ofs_x = 0, .ofs_y = 0},
    {.bitmap_index = 996, .adv_w = 128, .box_w = 8, .box_h = 12, .ofs_x = 0, .ofs_y = 0},
    {.bitmap_index = 1038, .adv_w = 128, .box_w = 8, .box_h = 12, .ofs_x = 0, .ofs_y = 0},
    {.bitmap_index = 1077, .adv_w = 128, .box_w = 8, .box_h = 12, .ofs_x = 0, .ofs_y = 0},
    {.bitmap_index = 1118, .adv_w = 128, .box_w = 8, .box_h = 12, .ofs_x = 0, .ofs_y = 0},
    {.bitmap_index = 1154, .adv_w = 128, .box_w = 8, .box_h = 12, .ofs_x = 0, .ofs_y = 0},
    {.bitmap_index = 1190, .adv_w = 128, .box_w = 8, .box_h = 12, .ofs_x = 0, .ofs_y = 0},
    {.bitmap_index = 1223, .adv_w = 128, .box_w = 8, .box_h = 12, .ofs_x = 0, .ofs_y = 0},
    {.bitmap_index = 1265, .adv_w = 128, .box_w = 8, .box_h = 12, .ofs_x = 0, .ofs_y = 0},
    {.bitmap_index = 1290, .adv_w = 128, .box_w = 6, .box_h = 12, .ofs_x = 1, .ofs_y = 0},
    {.bitmap_index = 1303, .adv_w = 128, .box_w = 8, .box_h = 14, .ofs_x = 0, .ofs_y = -2},
    {.bitmap_index = 1329, .adv_w = 128, .box_w = 8, .box_h = 12, .ofs_x = 0, .ofs_y = 0},
    {.bitmap_index = 1368, .adv_w = 128, .box_w = 8, .box_h = 12, .ofs_x = 0, .ofs_y = 0},
    {.bitmap_index = 1385, .adv_w = 128, .box_w = 8, .box_h = 12, .ofs_x = 0, .ofs_y = 0},
    {.bitmap_index = 1427, .adv_w = 128, .box_w = 8, .box_h = 12, .ofs_x = 0, .ofs_y = 0},
    {.bitmap_index = 1465, .adv_w = 128, .box_w = 8, .box_h = 12, .ofs_x = 0, .ofs_y = 0},
    {.bitmap_index = 1508, .adv_w = 128, .box_w = 8, .box_h = 12, .ofs_x = 0, .ofs_y = 0},
    {.bitmap_index = 1541, .adv_w = 128, .box_w = 8, .box_h = 14, .ofs_x = 0, .ofs_y = -2},
    {.bitmap_index = 1591, .adv_w = 128, .box_w = 8, .box_h = 12, .ofs_x = 0, .ofs_y = 0},
    {.bitmap_index = 1629, .adv_w = 128, .box_w = 8, .box_h = 12, .ofs_x = 0, .ofs_y = 0},
    {.bitmap_index = 1673, .adv_w = 128, .box_w = 8, .box_h = 12, .ofs_x = 0, .ofs_y = 0},
    {.bitmap_index = 1694, .adv_w = 128, .box_w = 8, .box_h = 12, .ofs_x = 0, .ofs_y = 0},
    {.bitmap_index = 1717, .adv_w = 128, .box_w = 8, .box_h = 12, .ofs_x = 0, .ofs_y = 0},
    {.bitmap_index = 1759, .adv_w = 128, .box_w = 8, .box_h = 12, .ofs_x = 0, .ofs_y = 0},
    {.bitmap_index = 1804, .adv_w = 128, .box_w = 8, .box_h = 12, .ofs_x = 0, .ofs_y = 0},
    {.bitmap_index = 1847, .adv_w = 128, .box_w = 8, .box_h = 12, .ofs_x = 0, .ofs_y = 0},
    {.bitmap_index = 1881, .adv_w = 128, .box_w = 8, .box_h = 12, .ofs_x = 0, .ofs_y = 0},
    {.bitmap_index = 1924, .adv_w = 128, .box_w = 4, .box_h = 15, .ofs_x = 3, .ofs_y = -1},
    {.bitmap_index = 1933, .adv_w = 128, .box_w = 7, .box_h = 15, .ofs_x = 1, .ofs_y = -3},
    {.bitmap_index = 1971, .adv_w = 128, .box_w = 4, .box_h = 15, .ofs_x = 1, .ofs_y = -1},
    {.bitmap_index = 1980, .adv_w = 128, .box_w = 6, .box_h = 2, .ofs_x = 1, .ofs_y = 12},
    {.bitmap_index = 1987, .adv_w = 128, .box_w = 8, .box_h = 1, .ofs_x = 0, .ofs_y = -3},
    {.bitmap_index = 1989, .adv_w = 128, .box_w = 4, .box_h = 2, .ofs_x = 1, .ofs_y = 12},
    {.bitmap_index = 1993, .adv_w = 128, .box_w = 8, .box_h = 8, .ofs_x = 0, .ofs_y = 0},
    {.bitmap_index = 2025, .adv_w = 128, .box_w = 8, .box_h = 13, .ofs_x = 0, .ofs_y = 0},
    {.bitmap_index = 2062, .adv_w = 128, .box_w = 7, .box_h = 8, .ofs_x = 0, .ofs_y = 0},
    {.bitmap_index = 2089, .adv_w = 128, .box_w = 8, .box_h = 13, .ofs_x = 0, .ofs_y = 0},
    {.bitmap_index = 2125, .adv_w = 128, .box_w = 7, .box_h = 8, .ofs_x = 1, .ofs_y = 0},
    {.bitmap_index = 2153, .adv_w = 128, .box_w = 8, .box_h = 12, .ofs_x = 0, .ofs_y = 0},
    {.bitmap_index = 2181, .adv_w = 128, .box_w = 8, .box_h = 10, .ofs_x = 0, .ofs_y = -2},
    {.bitmap_index = 2221, .adv_w = 128, .box_w = 8, .box_h = 12, .ofs_x = 0, .ofs_y = 0},
    {.bitmap_index = 2248, .adv_w = 128, .box_w = 6, .box_h = 12, .ofs_x = 1, .ofs_y = 0},
    {.bitmap_index = 2270, .adv_w = 128, .box_w = 6, .box_h = 14, .ofs_x = 1, .ofs_y = -2},
    {.bitmap_index = 2297, .adv_w = 128, .box_w = 8, .box_h = 12, .ofs_x = 0, .ofs_y = 0},
    {.bitmap_index = 2330, .adv_w = 128, .box_w = 6, .box_h = 12, .ofs_x = 1, .ofs_y = 0},
    {.bitmap_index = 2341, .adv_w = 128, .box_w = 8, .box_h = 8, .ofs_x = 0, .ofs_y = 0},
    {.bitmap_index = 2361, .adv_w = 128, .box_w = 8, .box_h = 8, .ofs_x = 0, .ofs_y = 0},
    {.bitmap_index = 2383, .adv_w = 128, .box_w = 8, .box_h = 8, .ofs_x = 0, .ofs_y = 0},
    {.bitmap_index = 2413, .adv_w = 128, .box_w = 8, .box_h = 10, .ofs_x = 0, .ofs_y = -2},
    {.bitmap_index = 2448, .adv_w = 128, .box_w = 8, .box_h = 10, .ofs_x = 0, .ofs_y = -2},
    {.bitmap_index = 2483, .adv_w = 128, .box_w = 8, .box_h = 8, .ofs_x = 0, .ofs_y = 0},
    {.bitmap_index = 2503, .adv_w = 128, .box_w = 6, .box_h = 8, .ofs_x = 1, .ofs_y = 0},
    {.bitmap_index = 2528, .adv_w = 128, .box_w = 6, .box_h = 11, .ofs_x = 1, .ofs_y = 0},
    {.bitmap_index = 2553, .adv_w = 128, .box_w = 8, .box_h = 8, .ofs_x = 0, .ofs_y = 0},
    {.bitmap_index = 2573, .adv_w = 128, .box_w = 8, .box_h = 8, .ofs_x = 0, .ofs_y = 0},
    {.bitmap_index = 2602, .adv_w = 128, .box_w = 8, .box_h = 8, .ofs_x = 0, .ofs_y = 0},
    {.bitmap_index = 2634, .adv_w = 128, .box_w = 8, .box_h = 8, .ofs_x = 0, .ofs_y = 0},
    {.bitmap_index = 2663, .adv_w = 128, .box_w = 8, .box_h = 10, .ofs_x = 0, .ofs_y = -2},
    {.bitmap_index = 2698, .adv_w = 128, .box_w = 6, .box_h = 8, .ofs_x = 1, .ofs_y = 0},
    {.bitmap_index = 2723, .adv_w = 128, .box_w = 4, .box_h = 16, .ofs_x = 3, .ofs_y = -2},
    {.bitmap_index = 2750, .adv_w = 128, .box_w = 2, .box_h = 18, .ofs_x = 3, .ofs_y = -2},
    {.bitmap_index = 2756, .adv_w = 128, .box_w = 4, .box_h = 16, .ofs_x = 1, .ofs_y = -2},
    {.bitmap_index = 2783, .adv_w = 128, .box_w = 8, .box_h = 4, .ofs_x = 0, .ofs_y = 11},
    {.bitmap_index = 2799, .adv_w = 128, .box_w = 0, .box_h = 0, .ofs_x = 0, .ofs_y = 0},
    {.bitmap_index = 2799, .adv_w = 256, .box_w = 16, .box_h = 13, .ofs_x = 0, .ofs_y = -1},
    {.bitmap_index = 2843, .adv_w = 256, .box_w = 16, .box_h = 14, .ofs_x = 0, .ofs_y = -1},
    {.bitmap_index = 2882, .adv_w = 256, .box_w = 15, .box_h = 15, .ofs_x = 0, .ofs_y = -2},
    {.bitmap_index = 2953, .adv_w = 256, .box_w = 13, .box_h = 16, .ofs_x = 2, .ofs_y = -2},
    {.bitmap_index = 3021, .adv_w = 256, .box_w = 15, .box_h = 15, .ofs_x = 0, .ofs_y = -2},
    {.bitmap_index = 3070, .adv_w = 256, .box_w = 15, .box_h = 14, .ofs_x = 1, .ofs_y = -2},
    {.bitmap_index = 3142, .adv_w = 256, .box_w = 16, .box_h = 16, .ofs_x = 0, .ofs_y = -2},
    {.bitmap_index = 3235, .adv_w = 256, .box_w = 16, .box_h = 15, .ofs_x = 0, .ofs_y = -2},
    {.bitmap_index = 3314, .adv_w = 256, .box_w = 16, .box_h = 16, .ofs_x = 0, .ofs_y = -2},
    {.bitmap_index = 3408, .adv_w = 256, .box_w = 15, .box_h = 15, .ofs_x = 0, .ofs_y = -2},
    {.bitmap_index = 3497, .adv_w = 256, .box_w = 16, .box_h = 15, .ofs_x = 0, .ofs_y = -2},
    {.bitmap_index = 3592, .adv_w = 256, .box_w = 15, .box_h = 15, .ofs_x = 0, .ofs_y = -2},
    {.bitmap_index = 3676, .adv_w = 256, .box_w = 16, .box_h = 16, .ofs_x = 0, .ofs_y = -2},
    {.bitmap_index = 3772, .adv_w = 256, .box_w = 16, .box_h = 16, .ofs_x = 0, .ofs_y = -2},
    {.bitmap_index = 3861, .adv_w = 256, .box_w = 16, .box_h = 15, .ofs_x = 0, .ofs_y = -2},
    {.bitmap_index = 3941, .adv_w = 256, .box_w = 16, .box_h = 16, .ofs_x = 0, .ofs_y = -2},
    {.bitmap_index = 4045, .adv_w = 256, .box_w = 15, .box_h = 15, .ofs_x = 0, .ofs_y = -2},
    {.bitmap_index = 4136, .adv_w = 256, .box_w = 15, .box_h = 15, .ofs_x = 1, .ofs_y = -2},
    {.bitmap_index = 4228, .adv_w = 256, .box_w = 15, .box_h = 16, .ofs_x = 0, .ofs_y = -2},
    {.bitmap_index = 4313, .adv_w = 256, .box_w = 15, .box_h = 16, .ofs_x = 1, .ofs_y = -2},
    {.bitmap_index = 4400, .adv_w = 256, .box_w = 15, .box_h = 16, .ofs_x = 0, .ofs_y = -2},
    {.bitmap_index = 4486, .adv_w = 256, .box_w = 15, .box_h = 15, .ofs_x = 0, .ofs_y = -2},
    {.bitmap_index = 4581, .adv_w = 256, .box_w = 12, .box_h = 16, .ofs_x = 3, .ofs_y = -2},
    {.bitmap_index = 4633, .adv_w = 256, .box_w = 14, .box_h = 15, .ofs_x = 1, .ofs_y = -2},
    {.bitmap_index = 4724, .adv_w = 256, .box_w = 11, .box_h = 13, .ofs_x = 3, .ofs_y = -1},
    {.bitmap_index = 4747, .adv_w = 256, .box_w = 16, .box_h = 15, .ofs_x = 0, .ofs_y = -2},
    {.bitmap_index = 4806, .adv_w = 256, .box_w = 16, .box_h = 15, .ofs_x = 0, .ofs_y = -2},
    {.bitmap_index = 4885, .adv_w = 256, .box_w = 16, .box_h = 16, .ofs_x = 0, .ofs_y = -2},
    {.bitmap_index = 4963, .adv_w = 256, .box_w = 15, .box_h = 15, .ofs_x = 0, .ofs_y = -2},
    {.bitmap_index = 5042, .adv_w = 256, .box_w = 16, .box_h = 16, .ofs_x = 0, .ofs_y = -2},
    {.bitmap_index = 5120, .adv_w = 256, .box_w = 14, .box_h = 15, .ofs_x = 1, .ofs_y = -2},
    {.bitmap_index = 5190, .adv_w = 256, .box_w = 13, .box_h = 15, .ofs_x = 2, .ofs_y = -2},
    {.bitmap_index = 5244, .adv_w = 256, .box_w = 13, .box_h = 15, .ofs_x = 2, .ofs_y = -2},
    {.bitmap_index = 5306, .adv_w = 256, .box_w = 16, .box_h = 16, .ofs_x = 0, .ofs_y = -2},
    {.bitmap_index = 5395, .adv_w = 256, .box_w = 14, .box_h = 16, .ofs_x = 1, .ofs_y = -2},
    {.bitmap_index = 5487, .adv_w = 256, .box_w = 16, .box_h = 15, .ofs_x = 0, .ofs_y = -2},
    {.bitmap_index = 5584, .adv_w = 256, .box_w = 14, .box_h = 16, .ofs_x = 1, .ofs_y = -2},
    {.bitmap_index = 5676, .adv_w = 256, .box_w = 16, .box_h = 16, .ofs_x = 0, .ofs_y = -2},
    {.bitmap_index = 5756, .adv_w = 256, .box_w = 15, .box_h = 16, .ofs_x = 0, .ofs_y = -2},
    {.bitmap_index = 5846, .adv_w = 256, .box_w = 16, .box_h = 16, .ofs_x = 0, .ofs_y = -2},
    {.bitmap_index = 5953, .adv_w = 256, .box_w = 16, .box_h = 15, .ofs_x = 0, .ofs_y = -2},
    {.bitmap_index = 6044, .adv_w = 256, .box_w = 16, .box_h = 16, .ofs_x = 0, .ofs_y = -2},
    {.bitmap_index = 6147, .adv_w = 256, .box_w = 14, .box_h = 14, .ofs_x = 2, .ofs_y = -1},
    {.bitmap_index = 6203, .adv_w = 256, .box_w = 16, .box_h = 15, .ofs_x = 0, .ofs_y = -2},
    {.bitmap_index = 6247, .adv_w = 256, .box_w = 16, .box_h = 15, .ofs_x = 0, .ofs_y = -2},
    {.bitmap_index = 6313, .adv_w = 256, .box_w = 16, .box_h = 16, .ofs_x = 0, .ofs_y = -2},
    {.bitmap_index = 6417, .adv_w = 256, .box_w = 15, .box_h = 16, .ofs_x = 1, .ofs_y = -2},
    {.bitmap_index = 6503, .adv_w = 256, .box_w = 14, .box_h = 15, .ofs_x = 1, .ofs_y = -2},
    {.bitmap_index = 6573, .adv_w = 256, .box_w = 15, .box_h = 16, .ofs_x = 0, .ofs_y = -2},
    {.bitmap_index = 6666, .adv_w = 256, .box_w = 16, .box_h = 16, .ofs_x = 0, .ofs_y = -2},
    {.bitmap_index = 6762, .adv_w = 256, .box_w = 14, .box_h = 15, .ofs_x = 1, .ofs_y = -1},
    {.bitmap_index = 6840, .adv_w = 256, .box_w = 14, .box_h = 15, .ofs_x = 1, .ofs_y = -1},
    {.bitmap_index = 6915, .adv_w = 256, .box_w = 16, .box_h = 16, .ofs_x = 0, .ofs_y = -2},
    {.bitmap_index = 7024, .adv_w = 256, .box_w = 16, .box_h = 15, .ofs_x = 0, .ofs_y = -2},
    {.bitmap_index = 7128, .adv_w = 256, .box_w = 16, .box_h = 16, .ofs_x = 0, .ofs_y = -2},
    {.bitmap_index = 7230, .adv_w = 256, .box_w = 15, .box_h = 16, .ofs_x = 0, .ofs_y = -2},
    {.bitmap_index = 7322, .adv_w = 256, .box_w = 15, .box_h = 15, .ofs_x = 0, .ofs_y = -2},
    {.bitmap_index = 7423, .adv_w = 256, .box_w = 16, .box_h = 15, .ofs_x = 0, .ofs_y = -2},
    {.bitmap_index = 7522, .adv_w = 256, .box_w = 15, .box_h = 15, .ofs_x = 0, .ofs_y = -2},
    {.bitmap_index = 7617, .adv_w = 256, .box_w = 15, .box_h = 15, .ofs_x = 0, .ofs_y = -2},
    {.bitmap_index = 7697, .adv_w = 256, .box_w = 16, .box_h = 16, .ofs_x = 0, .ofs_y = -2},
    {.bitmap_index = 7814, .adv_w = 256, .box_w = 16, .box_h = 16, .ofs_x = 0, .ofs_y = -2},
    {.bitmap_index = 7925, .adv_w = 256, .box_w = 16, .box_h = 15, .ofs_x = 0, .ofs_y = -2},
    {.bitmap_index = 8025, .adv_w = 256, .box_w = 16, .box_h = 15, .ofs_x = 0, .ofs_y = -2},
    {.bitmap_index = 8111, .adv_w = 256, .box_w = 14, .box_h = 14, .ofs_x = 1, .ofs_y = -1},
    {.bitmap_index = 8185, .adv_w = 256, .box_w = 16, .box_h = 15, .ofs_x = 0, .ofs_y = -2},
    {.bitmap_index = 8276, .adv_w = 256, .box_w = 16, .box_h = 16, .ofs_x = 0, .ofs_y = -2},
    {.bitmap_index = 8372, .adv_w = 256, .box_w = 15, .box_h = 15, .ofs_x = 0, .ofs_y = -2},
    {.bitmap_index = 8453, .adv_w = 256, .box_w = 16, .box_h = 16, .ofs_x = 0, .ofs_y = -2},
    {.bitmap_index = 8534, .adv_w = 256, .box_w = 16, .box_h = 16, .ofs_x = 0, .ofs_y = -2},
    {.bitmap_index = 8631, .adv_w = 256, .box_w = 15, .box_h = 15, .ofs_x = 0, .ofs_y = -2},
    {.bitmap_index = 8722, .adv_w = 256, .box_w = 16, .box_h = 16, .ofs_x = 0, .ofs_y = -2},
    {.bitmap_index = 8809, .adv_w = 256, .box_w = 16, .box_h = 16, .ofs_x = 0, .ofs_y = -2},
    {.bitmap_index = 8917, .adv_w = 256, .box_w = 16, .box_h = 16, .ofs_x = 0, .ofs_y = -2},
    {.bitmap_index = 9026, .adv_w = 256, .box_w = 16, .box_h = 14, .ofs_x = 0, .ofs_y = -1},
    {.bitmap_index = 9076, .adv_w = 256, .box_w = 14, .box_h = 14, .ofs_x = 2, .ofs_y = -1},
    {.bitmap_index = 9142, .adv_w = 256, .box_w = 16, .box_h = 16, .ofs_x = 0, .ofs_y = -2},
    {.bitmap_index = 9233, .adv_w = 256, .box_w = 15, .box_h = 15, .ofs_x = 1, .ofs_y = -2},
    {.bitmap_index = 9312, .adv_w = 256, .box_w = 16, .box_h = 16, .ofs_x = 0, .ofs_y = -2},
    {.bitmap_index = 9407, .adv_w = 256, .box_w = 15, .box_h = 16, .ofs_x = 0, .ofs_y = -2},
    {.bitmap_index = 9491, .adv_w = 256, .box_w = 15, .box_h = 15, .ofs_x = 0, .ofs_y = -2},
    {.bitmap_index = 9597, .adv_w = 256, .box_w = 15, .box_h = 16, .ofs_x = 0, .ofs_y = -2},
    {.bitmap_index = 9692, .adv_w = 256, .box_w = 16, .box_h = 15, .ofs_x = 0, .ofs_y = -2},
    {.bitmap_index = 9786, .adv_w = 256, .box_w = 16, .box_h = 15, .ofs_x = 0, .ofs_y = -2},
    {.bitmap_index = 9882, .adv_w = 256, .box_w = 16, .box_h = 15, .ofs_x = 0, .ofs_y = -2},
    {.bitmap_index = 9979, .adv_w = 256, .box_w = 16, .box_h = 16, .ofs_x = 0, .ofs_y = -2},
    {.bitmap_index = 10076, .adv_w = 256, .box_w = 15, .box_h = 16, .ofs_x = 0, .ofs_y = -2},
    {.bitmap_index = 10168, .adv_w = 256, .box_w = 16, .box_h = 15, .ofs_x = 0, .ofs_y = -2},
    {.bitmap_index = 10266, .adv_w = 256, .box_w = 16, .box_h = 16, .ofs_x = 0, .ofs_y = -2},
    {.bitmap_index = 10376, .adv_w = 256, .box_w = 16, .box_h = 16, .ofs_x = 0, .ofs_y = -2},
    {.bitmap_index = 10489, .adv_w = 256, .box_w = 15, .box_h = 16, .ofs_x = 0, .ofs_y = -2},
    {.bitmap_index = 10595, .adv_w = 256, .box_w = 16, .box_h = 16, .ofs_x = 0, .ofs_y = -2},
    {.bitmap_index = 10688, .adv_w = 256, .box_w = 16, .box_h = 16, .ofs_x = 0, .ofs_y = -2},
    {.bitmap_index = 10792, .adv_w = 256, .box_w = 15, .box_h = 16, .ofs_x = 0, .ofs_y = -2},
    {.bitmap_index = 10890, .adv_w = 256, .box_w = 16, .box_h = 14, .ofs_x = 0, .ofs_y = -1},
    {.bitmap_index = 10977, .adv_w = 256, .box_w = 16, .box_h = 15, .ofs_x = 0, .ofs_y = -1},
    {.bitmap_index = 11043, .adv_w = 256, .box_w = 15, .box_h = 15, .ofs_x = 0, .ofs_y = -2},
    {.bitmap_index = 11121, .adv_w = 256, .box_w = 14, .box_h = 15, .ofs_x = 1, .ofs_y = -2},
    {.bitmap_index = 11205, .adv_w = 256, .box_w = 12, .box_h = 15, .ofs_x = 2, .ofs_y = -2},
    {.bitmap_index = 11250, .adv_w = 256, .box_w = 13, .box_h = 16, .ofs_x = 2, .ofs_y = -2},
    {.bitmap_index = 11333, .adv_w = 256, .box_w = 16, .box_h = 16, .ofs_x = 0, .ofs_y = -2},
    {.bitmap_index = 11424, .adv_w = 256, .box_w = 15, .box_h = 15, .ofs_x = 1, .ofs_y = -2},
    {.bitmap_index = 11515, .adv_w = 256, .box_w = 16, .box_h = 15, .ofs_x = 0, .ofs_y = -2},
    {.bitmap_index = 11625, .adv_w = 256, .box_w = 16, .box_h = 15, .ofs_x = 0, .ofs_y = -2},
    {.bitmap_index = 11705, .adv_w = 256, .box_w = 16, .box_h = 16, .ofs_x = 0, .ofs_y = -2},
    {.bitmap_index = 11797, .adv_w = 256, .box_w = 16, .box_h = 15, .ofs_x = 0, .ofs_y = -2},
    {.bitmap_index = 11892, .adv_w = 256, .box_w = 16, .box_h = 16, .ofs_x = 0, .ofs_y = -2},
    {.bitmap_index = 11999, .adv_w = 256, .box_w = 16, .box_h = 16, .ofs_x = 0, .ofs_y = -2},
    {.bitmap_index = 12100, .adv_w = 256, .box_w = 16, .box_h = 16, .ofs_x = 0, .ofs_y = -2},
    {.bitmap_index = 12196, .adv_w = 256, .box_w = 15, .box_h = 14, .ofs_x = 1, .ofs_y = -1},
    {.bitmap_index = 12275, .adv_w = 256, .box_w = 16, .box_h = 14, .ofs_x = 0, .ofs_y = -1},
    {.bitmap_index = 12360, .adv_w = 256, .box_w = 15, .box_h = 16, .ofs_x = 1, .ofs_y = -2},
    {.bitmap_index = 12457, .adv_w = 256, .box_w = 15, .box_h = 16, .ofs_x = 1, .ofs_y = -2},
    {.bitmap_index = 12569, .adv_w = 256, .box_w = 16, .box_h = 15, .ofs_x = 0, .ofs_y = -2},
    {.bitmap_index = 12676, .adv_w = 256, .box_w = 16, .box_h = 15, .ofs_x = 0, .ofs_y = -2},
    {.bitmap_index = 12778, .adv_w = 256, .box_w = 16, .box_h = 15, .ofs_x = 0, .ofs_y = -2},
    {.bitmap_index = 12863, .adv_w = 256, .box_w = 15, .box_h = 15, .ofs_x = 1, .ofs_y = -2},
    {.bitmap_index = 12963, .adv_w = 256, .box_w = 15, .box_h = 15, .ofs_x = 0, .ofs_y = -2},
    {.bitmap_index = 13057, .adv_w = 256, .box_w = 11, .box_h = 15, .ofs_x = 3, .ofs_y = -2},
    {.bitmap_index = 13112, .adv_w = 256, .box_w = 14, .box_h = 15, .ofs_x = 1, .ofs_y = -2},
    {.bitmap_index = 13193, .adv_w = 256, .box_w = 15, .box_h = 16, .ofs_x = 1, .ofs_y = -2},
    {.bitmap_index = 13306, .adv_w = 256, .box_w = 15, .box_h = 15, .ofs_x = 1, .ofs_y = -2},
    {.bitmap_index = 13404, .adv_w = 256, .box_w = 16, .box_h = 15, .ofs_x = 0, .ofs_y = -2},
    {.bitmap_index = 13501, .adv_w = 256, .box_w = 15, .box_h = 15, .ofs_x = 0, .ofs_y = -2},
    {.bitmap_index = 13565, .adv_w = 256, .box_w = 16, .box_h = 15, .ofs_x = 0, .ofs_y = -2},
    {.bitmap_index = 13650, .adv_w = 256, .box_w = 16, .box_h = 16, .ofs_x = 0, .ofs_y = -2},
    {.bitmap_index = 13744, .adv_w = 256, .box_w = 15, .box_h = 15, .ofs_x = 0, .ofs_y = -2},
    {.bitmap_index = 13835, .adv_w = 256, .box_w = 16, .box_h = 16, .ofs_x = 0, .ofs_y = -2},
    {.bitmap_index = 13939, .adv_w = 256, .box_w = 15, .box_h = 15, .ofs_x = 0, .ofs_y = -2},
    {.bitmap_index = 14038, .adv_w = 256, .box_w = 16, .box_h = 16, .ofs_x = 0, .ofs_y = -2},
    {.bitmap_index = 14144, .adv_w = 256, .box_w = 16, .box_h = 15, .ofs_x = 0, .ofs_y = -2},
    {.bitmap_index = 14243, .adv_w = 256, .box_w = 16, .box_h = 15, .ofs_x = 0, .ofs_y = -2},
    {.bitmap_index = 14342, .adv_w = 256, .box_w = 16, .box_h = 15, .ofs_x = 0, .ofs_y = -2},
    {.bitmap_index = 14444, .adv_w = 256, .box_w = 16, .box_h = 15, .ofs_x = 0, .ofs_y = -2},
    {.bitmap_index = 14548, .adv_w = 256, .box_w = 16, .box_h = 16, .ofs_x = 0, .ofs_y = -2},
    {.bitmap_index = 14652, .adv_w = 256, .box_w = 15, .box_h = 15, .ofs_x = 0, .ofs_y = -2},
    {.bitmap_index = 14750, .adv_w = 256, .box_w = 16, .box_h = 16, .ofs_x = 0, .ofs_y = -2},
    {.bitmap_index = 14855, .adv_w = 256, .box_w = 15, .box_h = 15, .ofs_x = 0, .ofs_y = -2},
    {.bitmap_index = 14933, .adv_w = 256, .box_w = 15, .box_h = 14, .ofs_x = 0, .ofs_y = -1},
    {.bitmap_index = 15020, .adv_w = 256, .box_w = 16, .box_h = 15, .ofs_x = 0, .ofs_y = -2},
    {.bitmap_index = 15103, .adv_w = 256, .box_w = 16, .box_h = 16, .ofs_x = 0, .ofs_y = -2},
    {.bitmap_index = 15205, .adv_w = 256, .box_w = 16, .box_h = 15, .ofs_x = 0, .ofs_y = -2},
    {.bitmap_index = 15309, .adv_w = 256, .box_w = 15, .box_h = 15, .ofs_x = 0, .ofs_y = -2},
    {.bitmap_index = 15395, .adv_w = 256, .box_w = 16, .box_h = 16, .ofs_x = 0, .ofs_y = -2},
    {.bitmap_index = 15485, .adv_w = 256, .box_w = 16, .box_h = 14, .ofs_x = 0, .ofs_y = -1},
    {.bitmap_index = 15569, .adv_w = 256, .box_w = 15, .box_h = 16, .ofs_x = 1, .ofs_y = -2},
    {.bitmap_index = 15651, .adv_w = 256, .box_w = 4, .box_h = 5, .ofs_x = 1, .ofs_y = -1},
    {.bitmap_index = 15661, .adv_w = 256, .box_w = 3, .box_h = 7, .ofs_x = 2, .ofs_y = -1}
};

/*---------------------
 *  CHARACTER MAPPING
 *--------------------*/

static const uint16_t unicode_list_1[] = {
    0x0, 0x1, 0x4, 0x29, 0x85, 0x88, 0x111, 0x127,
    0x145, 0x182, 0x192, 0x19e, 0x1d4, 0x1d8, 0x35c, 0x372,
    0x422, 0x427, 0x42d, 0x444, 0x497, 0x49f, 0x557, 0x596,
    0x5da, 0x5e6, 0x5ea, 0x5ff, 0x605, 0x622, 0x6b8, 0x8d5,
    0x8f1, 0x91f, 0x982, 0xafb, 0xb11, 0xb1e, 0xb28, 0xbc2,
    0xd83, 0xdfd, 0xfe9, 0x1069, 0x106a, 0x108c, 0x1106, 0x114a,
    0x117c, 0x11e2, 0x1232, 0x1266, 0x1316, 0x1407, 0x14e0, 0x14f8,
    0x1500, 0x1565, 0x159f, 0x1726, 0x1767, 0x176b, 0x17a7, 0x17b0,
    0x1835, 0x18eb, 0x18f7, 0x1921, 0x1923, 0x1947, 0x1993, 0x19dc,
    0x1ab7, 0x1c18, 0x1d5a, 0x1dcb, 0x1e2b, 0x1e38, 0x1e74, 0x1eb0,
    0x1fd8, 0x1ffc, 0x2020, 0x20c8, 0x2289, 0x228d, 0x22af, 0x22cf,
    0x22db, 0x22de, 0x22e4, 0x22f0, 0x2345, 0x2365, 0x25fd, 0x2716,
    0x271f, 0x2750, 0x2874, 0x287b, 0x2902, 0x29dc, 0x2aaa, 0x2b31,
    0x2bc4, 0x2bdb, 0x2be7, 0x2d40, 0x2d8e, 0x3099, 0x30bb, 0x30ca,
    0x30e4, 0x31f2, 0x32a1, 0x32bd, 0x32f4, 0x32f9, 0x33e1, 0x361c,
    0x36af, 0x38c2, 0x3b78, 0x3d98, 0x3dbd, 0x3dee, 0x3dfa, 0x3f1c,
    0x3f1f, 0x418a, 0x41d0, 0x41d2, 0x4200, 0x4216, 0x4368, 0x437e,
    0x43be, 0x43c3, 0x43c4, 0x43c6, 0x4697, 0x46fc, 0x4a6c, 0x4ad6,
    0x4b61, 0x4ccf, 0xb103, 0xb111
};

/*Collect the unicode lists and glyph_id offsets*/
static const lv_font_fmt_txt_cmap_t cmaps[] =
{
    {
        .range_start = 32, .range_length = 96, .glyph_id_start = 1,
        .unicode_list = NULL, .glyph_id_ofs_list = NULL, .list_length = 0, .type = LV_FONT_FMT_TXT_CMAP_FORMAT0_TINY
    },
    {
        .range_start = 19977, .range_length = 45330, .glyph_id_start = 97,
        .unicode_list = unicode_list_1, .glyph_id_ofs_list = NULL, .list_length = 148, .type = LV_FONT_FMT_TXT_CMAP_SPARSE_TINY
    }
};



/*--------------------
 *  ALL CUSTOM DATA
 *--------------------*/

#if LVGL_VERSION_MAJOR == 8
/*Store all the custom data of the font*/
static  lv_font_fmt_txt_glyph_cache_t cache;
#endif

#if LVGL_VERSION_MAJOR >= 8
static const lv_font_fmt_txt_dsc_t font_dsc = {
#else
static lv_font_fmt_txt_dsc_t font_dsc = {
#endif
    .glyph_bitmap = glyph_bitmap,
    .glyph_dsc = glyph_dsc,
    .cmaps = cmaps,
    .kern_dsc = NULL,
    .kern_scale = 0,
    .cmap_num = 2,
    .bpp = 4,
    .kern_classes = 0,
    .bitmap_format = 1,
#if LVGL_VERSION_MAJOR == 8
    .cache = &cache
#endif
};



/*-----------------
 *  PUBLIC FONT
 *----------------*/

/*Initialize a public general font descriptor*/
#if LVGL_VERSION_MAJOR >= 8
const lv_font_t nutricook_ui_font_16 = {
#else
lv_font_t nutricook_ui_font_16 = {
#endif
    .get_glyph_dsc = lv_font_get_glyph_dsc_fmt_txt,    /*Function pointer to get glyph's data*/
    .get_glyph_bitmap = lv_font_get_bitmap_fmt_txt,    /*Function pointer to get glyph's bitmap*/
    .line_height = 19,          /*The maximum line height required by the font*/
    .base_line = 3,             /*Baseline measured from the bottom of the line*/
#if !(LVGL_VERSION_MAJOR == 6 && LVGL_VERSION_MINOR == 0)
    .subpx = LV_FONT_SUBPX_NONE,
#endif
#if LV_VERSION_CHECK(7, 4, 0) || LVGL_VERSION_MAJOR >= 8
    .underline_position = -2,
    .underline_thickness = 1,
#endif
    .dsc = &font_dsc,          /*The custom font data. Will be accessed by `get_glyph_bitmap/dsc` */
#if LV_VERSION_CHECK(8, 2, 0) || LVGL_VERSION_MAJOR >= 9
    .fallback = NULL,
#endif
    .user_data = NULL,
};



#endif /*#if NUTRICOOK_UI_FONT_16*/

