tree
version=v4
num_class=1
num_tree_per_iteration=1
label_index=0
max_feature_idx=40
objective=regression
feature_names=ing_apple ing_banana ing_beef ing_bell_pepper ing_cabbage ing_carrot ing_cauliflower ing_chicken ing_cucumber ing_egg ing_eggplant ing_fish ing_garlic ing_ginger ing_grape ing_kiwi ing_kumquat ing_lemon ing_onion ing_orange ing_peach ing_pepper ing_pineapple ing_pork ing_potato ing_shrimp ing_small_pepper ing_strawberry ing_tofu ing_tomato ing_watermelon raw_weight_1 raw_weight_2 raw_weight_3 raw_weight_4 raw_weight_total raw_weight_mean n_ingredients has_fruit has_meat cooking_method_enc
feature_infos=[0:1] [0:1] [0:1] none [0:1] [0:1] [0:1] [0:1] [0:1] [0:1] [0:1] [0:1] [0:1] [0:1] [0:1] [0:1] [0:1] [0:1] [0:1] [0:1] [0:1] [0:1] [0:1] [0:1] [0:1] [0:1] none [0:1] [0:1] [0:1] [0:1] [0.5:500] [0:500] [0:499.89999999999998] [0:500] [0.5:1874] [0.5:500] [1:6] [0:1] [0:1] [0:6]
tree_sizes=5614 5662 5675 5665 5689 5670 5666 5633 5696 5668 5692 5685 5652 5717 5724 5658 5720 5712 5633 5680 5693 5671 5756 5700 5732 5669 5755 5715 5686 5760 5721 5708 5689 5690 5667 5684 5694 5699 5678 5683 5703 5643 5676 5637 5679 5718 5703 5687 5633 5720 5612 5642 5654 5639 5645 5614 5613 5617 5623 5666 5615 5638 5668 5660 5606 5604 5618 5627 5612 5631 5649 5595 5628 5635 5642 5647 5616 5646 5591 5610 5637 5655 5581 5567 5631 5635 5616 5605 5594 5617 5575 5609 5563 5569 5575 5585 5591 5602 5592 5582 5578 5608 5620 5616 5626 5663 5584 5639 5607 5695 5580 5586 5587 5561 5613 5630 5626 5587 5613 5541 5565

Tree=0
num_leaves=63
num_cat=0
split_feature=35 40 40 40 35 40 35 40 40 40 35 35 40 35 35 35 35 35 40 35 35 35 35 35 35 40 40 40 35 40 35 40 35 35 35 40 35 40 40 40 40 40 35 35 35 35 40 35 35 40 40 35 35 35 35 40 35 35 35 35 35 35
split_gain=2.40141e+10 1.27397e+10 5.12989e+09 1.0325e+10 4.69279e+09 4.03426e+09 3.01338e+09 2.63571e+09 1.20186e+09 2.56671e+09 1.19077e+09 1.05605e+09 9.66586e+08 7.08764e+08 5.38568e+08 4.97136e+08 4.23984e+08 2.68328e+08 2.41512e+08 2.22792e+08 1.877e+08 1.85871e+08 1.85131e+08 1.82021e+08 1.33596e+08 1.0464e+08 1.03574e+08 2.17622e+08 9.92049e+07 9.87878e+07 9.68048e+07 9.2904e+07 8.64664e+07 8.27503e+07 8.16814e+07 7.39557e+07 7.24259e+07 6.77582e+07 5.4212e+07 5.89372e+07 5.31232e+07 5.23948e+07 5.02383e+07 4.9973e+07 4.68181e+07 4.27894e+07 4.1464e+07 4.14007e+07 4.10538e+07 4.02037e+07 3.45544e+07 2.99101e+07 2.97276e+07 2.91308e+07 2.75298e+07 2.65675e+07 2.48691e+07 2.40026e+07 2.31172e+07 2.20627e+07 2.03487e+07 2.01141e+07
threshold=572.75000000000011 5.5000000000000009 1.0000000180025095e-35 1.5000000000000002 264.45000000000005 4.5000000000000009 998.25000000000011 5.5000000000000009 1.0000000180025095e-35 1.5000000000000002 887.1500000000002 940.45000000000016 4.5000000000000009 759.00000000000011 133.35000000000005 392.25000000000011 1225.1500000000003 1187.8500000000001 5.5000000000000009 403.75000000000006 420.45000000000005 1249.5000000000002 794.6500000000002 949.45000000000016 712.95000000000016 2.5000000000000004 1.0000000180025095e-35 1.5000000000000002 860.05000000000007 2.5000000000000004 940.45000000000016 4.5000000000000009 673.95000000000016 466.75000000000006 54.550000000000004 3.5000000000000004 1313.1500000000003 3.5000000000000004 2.5000000000000004 3.5000000000000004 2.5000000000000004 2.5000000000000004 330.45000000000005 1313.1500000000003 1170.4500000000003 1020.4500000000002 3.5000000000000004 199.05000000000004 498.35000000000008 3.5000000000000004 2.5000000000000004 777.00000000000011 412.35000000000008 1225.1500000000003 673.95000000000016 5.5000000000000009 517.05000000000007 339.15000000000009 330.45000000000005 679.95000000000016 639.85000000000014 1225.1500000000003
decision_type=2 2 2 2 2 2 2 2 2 2 2 2 2 2 2 2 2 2 2 2 2 2 2 2 2 2 2 2 2 2 2 2 2 2 2 2 2 2 2 2 2 2 2 2 2 2 2 2 2 2 2 2 2 2 2 2 2 2 2 2 2 2
left_child=4 2 30 10 14 11 13 8 -6 19 24 22 20 32 34 42 44 45 26 58 50 29 25 51 60 -5 -16 -28 -15 -13 -2 -29 -3 -17 -1 -31 -18 54 -23 -40 -22 -24 -9 -19 -8 -12 -42 -20 -21 -43 -11 -7 -14 -25 -27 -36 -35 -52 -10 -39 -4 -32
right_child=1 6 3 5 7 23 16 15 9 12 17 21 52 28 18 33 36 43 47 48 40 38 41 53 -26 37 27 31 -30 35 61 -33 -34 56 55 -37 -38 59 39 -41 46 49 -44 -45 -46 -47 -48 -49 -50 -51 57 -53 -54 -55 -56 -57 -58 -59 -60 -61 -62 -63
leaf_value=1561.3592062518487 1597.3346520734401 1714.9654598091652 1799.1928977398022 1651.1248026947305 1580.5722609922718 1610.2780089713594 1829.9880726354131 1634.6699244612048 1677.7709095129258 1606.4840461110009 1948.9626501187201 1706.7727992820805 1585.0937135444597 1764.830835151276 1569.0999935021862 1669.761156685518 1883.824455807187 2050.2273497094939 1601.0540589401924 1744.0586257298467 1626.1633228843123 1745.0947593425853 1682.2475655312353 1638.9566750658507 1888.0493509802382 1692.8898755293744 1639.8735181724846 1595.4334902584235 1793.0274690881938 1785.1222165119352 1613.3412941303986 1573.8915320405295 1741.1616650530782 1683.3562147884459 1571.3502029281565 1745.537298274236 1936.056000442248 1667.0270939197267 1861.2296031162118 1795.3427589356843 1662.9672877537123 1740.8166135593915 1651.90115264013 2142.3791136536365 1864.1971328506149 2005.089484752913 1643.0818571347313 1617.6628142455852 1786.9900409686938 1711.124423631014 1617.9580762230798 1623.8616311759242 1596.1055990114546 1660.1795117828635 1718.6195780879921 1582.8020932412514 1699.2512587578192 1631.853279988632 1706.6143122531887 1687.8514411965034 1836.1068164366145 1630.3482205755383
leaf_weight=2045 1601 720 80 214 2108 976 485 867 136 297 84 99 1209 605 756 1107 121 28 723 225 235 25 86 562 115 224 203 1092 644 198 611 924 560 650 1551 292 147 249 62 75 496 211 826 31 126 57 556 780 74 248 576 693 1243 227 194 752 396 675 142 260 70 243
leaf_count=2045 1601 720 80 214 2108 976 485 867 136 297 84 99 1209 605 756 1107 121 28 723 225 235 25 86 562 115 224 203 1092 644 198 611 924 560 650 1551 292 147 249 62 75 496 211 826 31 126 57 556 780 74 248 576 693 1243 227 194 752 396 675 142 260 70 243
internal_value=1640.75 1699.62 1664.44 1691.86 1608.75 1670.47 1780.29 1629.35 1612.95 1624.59 1917.01 1716.06 1613.66 1752.57 1581.17 1663.35 1860.04 2009.12 1593.34 1724.73 1633.55 1765.37 1694.09 1625.27 1847.5 1682.64 1585.08 1590.53 1779.37 1752.33 1604.59 1585.56 1726.43 1679.29 1568.63 1761.53 1912.47 1689.91 1812.8 1825.16 1647.66 1718.06 1643.08 2098.65 1837.04 1971.65 1652.46 1609.67 1754.68 1724.77 1621.82 1615.92 1590.68 1645.06 1704.83 1575.09 1689.37 1625.46 1692.5 1677.66 1816.42 1618.18
internal_weight=31867 11223 7815 5360 20644 4895 3408 11818 7972 5864 465 2437 5287 2529 8826 3846 879 200 4478 577 2835 751 1686 2458 265 1141 2975 2219 1249 589 2455 2016 1280 2153 4348 490 268 927 162 137 1287 545 1693 59 611 141 1052 1503 299 459 1548 1669 2452 789 418 2303 1046 1251 278 509 150 854
internal_count=31867 11223 7815 5360 20644 4895 3408 11818 7972 5864 465 2437 5287 2529 8826 3846 879 200 4478 577 2835 751 1686 2458 265 1141 2975 2219 1249 589 2455 2016 1280 2153 4348 490 268 927 162 137 1287 545 1693 59 611 141 1052 1503 299 459 1548 1669 2452 789 418 2303 1046 1251 278 509 150 854
is_linear=0
shrinkage=1


Tree=1
num_leaves=63
num_cat=0
split_feature=35 40 40 40 35 40 35 40 40 40 35 35 40 35 35 35 35 35 40 35 35 35 35 35 35 40 40 40 40 35 35 35 40 35 40 35 35 40 35 40 40 40 40 35 35 35 40 35 40 35 40 40 35 35 35 35 35 35 35 35 35 35
split_gain=2.16728e+10 1.14976e+10 4.62972e+09 9.31829e+09 4.23524e+09 3.64092e+09 2.71957e+09 2.37873e+09 1.08468e+09 2.31646e+09 1.07467e+09 9.53089e+08 8.72344e+08 6.3966e+08 4.86601e+08 4.4911e+08 3.82645e+08 2.42166e+08 2.11324e+08 2.0107e+08 1.69399e+08 1.68144e+08 1.67081e+08 1.64274e+08 1.20775e+08 9.44378e+07 9.21871e+07 9.16963e+07 1.91163e+08 8.9638e+07 8.73663e+07 8.55008e+07 8.19273e+07 7.80359e+07 6.98191e+07 6.73676e+07 6.53643e+07 6.11518e+07 5.75312e+07 4.79437e+07 4.72863e+07 4.72452e+07 4.64691e+07 4.51006e+07 4.24238e+07 3.86174e+07 3.74212e+07 3.70511e+07 3.62838e+07 3.11963e+07 3.11854e+07 2.93335e+07 2.73129e+07 2.69159e+07 2.62905e+07 2.48456e+07 2.26034e+07 2.16935e+07 2.08633e+07 1.99115e+07 1.94182e+07 1.83139e+07
threshold=572.75000000000011 5.5000000000000009 1.0000000180025095e-35 1.5000000000000002 264.45000000000005 4.5000000000000009 998.25000000000011 5.5000000000000009 1.0000000180025095e-35 1.5000000000000002 887.1500000000002 940.45000000000016 4.5000000000000009 759.00000000000011 141.45000000000002 409.4500000000001 1225.1500000000003 1187.8500000000001 5.5000000000000009 403.75000000000006 420.45000000000005 1279.4000000000003 794.6500000000002 949.45000000000016 717.95000000000016 2.5000000000000004 2.5000000000000004 1.0000000180025095e-35 1.5000000000000002 867.25000000000011 940.45000000000016 63.95000000000001 4.5000000000000009 673.95000000000016 3.5000000000000004 342.65000000000009 1313.1500000000003 3.5000000000000004 498.35000000000008 2.5000000000000004 2.5000000000000004 2.5000000000000004 3.5000000000000004 1313.1500000000003 1122.0000000000002 1020.4500000000002 3.5000000000000004 498.35000000000008 3.5000000000000004 199.05000000000004 2.5000000000000004 5.5000000000000009 741.05000000000007 423.15000000000009 1225.1500000000003 673.95000000000016 1096.7500000000002 342.65000000000009 330.45000000000005 679.95000000000016 639.85000000000014 1397.9500000000003
decision_type=2 2 2 2 2 2 2 2 2 2 2 2 2 2 2 2 2 2 2 2 2 2 2 2 2 2 2 2 2 2 2 2 2 2 2 2 2 2 2 2 2 2 2 2 2 2 2 2 2 2 2 2 2 2 2 2 2 2 2 2 2 2
left_child=4 2 30 10 14 11 13 8 -6 19 24 22 20 33 31 35 44 45 27 58 50 26 25 52 60 -5 -13 -16 -29 -15 -2 -1 -30 -3 -28 -9 -18 55 -17 -22 -24 -23 -43 -19 -8 -12 -41 -21 -42 -20 -11 -33 -7 -14 -25 -27 -36 -52 -10 -39 -4 -32
right_child=1 6 3 5 7 23 16 15 9 12 17 21 53 29 18 38 36 43 49 47 39 41 40 54 -26 37 34 28 32 -31 61 51 -34 -35 56 -37 -38 59 -40 46 48 42 -44 -45 -46 -47 -48 -49 -50 -51 57 -53 -54 -55 -56 -57 -58 -59 -60 -61 -62 -63
leaf_value=-74.583507871441469 -41.161042397384122 70.588226284450954 150.60429489135743 9.9396007381867033 -57.085313072421741 -30.141145805401074 176.18169492524248 -4.2035426079510358 35.253403093534359 -32.46911875150019 292.88554687499999 63.6810827367446 -52.377913977936025 118.93401608327935 -67.79015543447376 33.248051829352271 231.00428154054754 389.08701346261159 -36.737485154221844 98.226736355251745 -13.773804966328626 100.11458157626066 39.50622642525407 -1.6201199156958013 235.95222211565294 49.616420610887666 138.39076229918237 0.57304282177550092 -42.280989299284926 145.74767792870767 -23.993718770351361 -64.900476830726163 -63.094553423531444 95.474624285016745 89.87222798124273 14.423330806811393 280.62423519212371 25.046777541378898 52.371296710547782 21.189962028207319 95.14682184734616 213.08334535871234 150.7157522201538 476.63120904737912 203.28464475452392 346.20605168928182 2.2988029997661816 139.01158199825804 66.939242510641776 -21.849288578889311 -21.30461891049147 -52.866473910789594 -17.340094131913489 -41.876063504862081 18.541574839663401 74.059637482633306 118.01393225628397 -8.1251676793769576 62.654638070119944 44.829908494032345 186.26696367655717 -1.0208292429468462
leaf_weight=2303 1601 720 80 214 2108 804 377 1019 136 297 84 102 1310 651 708 1344 121 28 641 225 235 22 86 562 112 224 204 192 1037 598 756 1542 869 560 188 927 147 249 556 496 211 56 64 31 234 57 556 74 248 780 600 754 865 1142 227 194 115 651 142 260 73 98
leaf_count=2303 1601 720 80 214 2108 804 377 1019 136 297 84 102 1310 651 708 1344 121 28 641 225 235 22 86 562 112 224 204 192 1037 598 756 1542 869 560 188 927 147 249 556 496 211 56 64 31 234 57 556 74 248 780 600 754 865 1142 227 194 115 651 142 260 73 98
internal_value=0.0878764 56.012 22.5921 48.6373 -30.315 28.3181 132.648 -10.7436 -26.3244 -15.2664 262.535 71.6255 -25.6481 106.316 -56.5211 21.5525 208.41 350.031 -44.2752 79.8601 -6.75981 118.476 50.7566 -14.6193 196.5 39.8783 107.052 -52.2309 -46.9802 131.772 -34.2721 -67.7764 -51.7705 81.476 115.778 4.66959 258.221 46.7897 38.8441 6.64453 73.5311 167.472 179.821 435.085 186.562 314.441 11.2057 108.321 79.9061 -28.5652 -17.9041 -60.9485 -23.5067 -47.4868 4.18052 60.9609 100.553 -14.4462 49.2497 35.1521 167.62 -21.3575
internal_weight=31867 11223 7815 5360 20644 4895 3408 11818 7972 5864 465 2437 5287 2529 8826 3846 879 200 4227 577 2835 751 1686 2458 265 1141 609 2806 2098 1249 2455 4599 1906 1280 507 1946 268 927 1900 1287 545 142 120 59 611 141 1052 299 459 1421 1548 2296 1669 2452 789 418 303 1251 278 509 153 854
internal_count=31867 11223 7815 5360 20644 4895 3408 11818 7972 5864 465 2437 5287 2529 8826 3846 879 200 4227 577 2835 751 1686 2458 265 1141 609 2806 2098 1249 2455 4599 1906 1280 507 1946 268 927 1900 1287 545 142 120 59 611 141 1052 299 459 1421 1548 2296 1669 2452 789 418 303 1251 278 509 153 854
is_linear=0
shrinkage=0.05


Tree=2
num_leaves=63
num_cat=0
split_feature=35 40 40 40 35 40 35 40 40 40 35 35 40 35 35 35 35 35 40 35 35 35 35 35 35 35 40 40 40 40 35 35 40 35 35 40 35 40 40 40 40 40 35 35 35 35 40 40 35 35 40 40 35 40 35 35 35 40 35 40 35 35
split_gain=1.95597e+10 1.03766e+10 4.17832e+09 8.40975e+09 3.8228e+09 3.28593e+09 2.45442e+09 2.13703e+09 9.79376e+08 2.08147e+09 9.69886e+08 8.60163e+08 7.85792e+08 5.78785e+08 4.58562e+08 3.93207e+08 3.45337e+08 2.18555e+08 2.01357e+08 1.75512e+08 1.52251e+08 1.5079e+08 1.48258e+08 1.46572e+08 1.08999e+08 9.11512e+07 8.66056e+07 1.83702e+08 8.52301e+07 8.05044e+07 7.90866e+07 7.71645e+07 7.71054e+07 6.89958e+07 6.08134e+07 6.00874e+07 5.89913e+07 5.51895e+07 4.40803e+07 4.82195e+07 4.32692e+07 4.26759e+07 4.07033e+07 3.95586e+07 3.89192e+07 3.48522e+07 3.37727e+07 3.27462e+07 3.21892e+07 3.17187e+07 2.7899e+07 2.77373e+07 2.48331e+07 2.4519e+07 2.38988e+07 2.33942e+07 2.24232e+07 2.23725e+07 2.03528e+07 1.93404e+07 1.9335e+07 1.91185e+07
threshold=572.75000000000011 5.5000000000000009 1.0000000180025095e-35 1.5000000000000002 268.25000000000006 4.5000000000000009 998.25000000000011 5.5000000000000009 1.0000000180025095e-35 1.5000000000000002 887.1500000000002 940.45000000000016 4.5000000000000009 777.00000000000011 141.45000000000002 392.25000000000011 1225.1500000000003 1187.8500000000001 5.5000000000000009 406.55000000000007 1249.5000000000002 794.6500000000002 949.45000000000016 420.45000000000005 717.95000000000016 696.75000000000011 1.0000000180025095e-35 1.5000000000000002 2.5000000000000004 2.5000000000000004 916.25000000000011 63.95000000000001 4.5000000000000009 466.75000000000006 867.25000000000011 3.5000000000000004 1313.1500000000003 3.5000000000000004 2.5000000000000004 3.5000000000000004 2.5000000000000004 2.5000000000000004 1313.1500000000003 1170.4500000000003 330.45000000000005 1020.4500000000002 3.5000000000000004 3.5000000000000004 498.35000000000008 209.55000000000004 1.0000000180025095e-35 2.5000000000000004 777.00000000000011 1.5000000000000002 1140.1000000000001 412.35000000000008 673.95000000000016 5.5000000000000009 517.05000000000007 3.5000000000000004 1203.6500000000003 330.45000000000005
decision_type=2 2 2 2 2 2 2 2 2 2 2 2 2 2 2 2 2 2 2 2 2 2 2 2 2 2 2 2 2 2 2 2 2 2 2 2 2 2 2 2 2 2 2 2 2 2 2 2 2 2 2 2 2 2 2 2 2 2 2 2 2 2
left_child=4 2 30 10 14 11 13 8 -6 19 24 21 23 25 31 44 43 45 26 61 29 28 52 51 -4 -3 -16 -28 -5 -13 -2 -1 -29 -17 -15 -31 -18 56 -22 -40 -25 -23 -19 -8 -9 -12 -42 -43 -21 -20 -33 -11 -7 -52 -24 -14 -30 -55 -35 -53 -32 -10
right_child=1 6 3 5 7 22 16 15 9 12 17 20 55 34 18 33 36 42 49 48 38 41 54 40 -26 -27 27 32 37 35 60 50 -34 58 -36 -37 -38 -39 39 -41 46 47 -44 -45 -46 -47 -48 -49 -50 -51 53 59 -54 57 -56 -57 -58 -59 -60 -61 -62 -63
leaf_value=-70.854333066753966 -39.62137083239795 69.360735498061032 159.23882665696487 9.4426213309029556 -54.163014508252402 -27.470591791774162 170.74886021564919 -5.2308492579180932 33.968552313664162 -30.542350561207741 278.24128359840029 59.62114603447192 -50.021519154694118 115.29077581242558 -64.330358924498427 26.196850159274319 219.4540612086777 369.63266775948659 -33.431021476002925 93.89534006381254 94.423935791015637 37.530915118372718 -3.8987628371381819 -13.085114614253349 224.15461469377794 95.695284551415739 1.3935655526142925 -39.955201225610232 47.135599164026132 130.31760995267618 -25.630922719025047 -69.704675144464716 -59.820825637103724 38.661677749230314 138.46029787605821 94.636708742951697 266.59303202726409 33.39450413723474 199.2464099514869 139.65068505859375 20.130464120521662 90.389484944275779 452.7996251260081 202.19408302912638 10.12735236884291 328.895751953125 2.1838628218221152 63.592278557823548 132.06099812275656 -18.663683506412458 -32.530348865405934 -6.5789063765678879 -15.093407397129148 -61.581587174359498 13.593159839771165 -40.192173727193577 70.356658172607425 -50.223150687382144 53.041170479071269 -19.183227776827877 -9.6528971368935643 60.261011489765764
leaf_weight=2303 1516 862 153 214 2089 976 485 824 129 290 84 99 1180 538 727 1107 121 28 791 218 25 86 434 235 112 531 199 1071 224 198 676 411 898 650 598 292 147 509 62 75 496 211 31 126 826 57 556 248 74 673 111 567 693 1020 355 1243 194 754 396 657 263 149
leaf_count=2303 1516 862 153 214 2089 976 485 824 129 290 84 99 1180 538 727 1107 121 28 791 218 25 86 434 235 112 531 199 1071 224 198 676 411 898 650 598 292 147 509 62 75 496 211 31 126 826 57 556 248 74 673 111 567 693 1020 355 1243 194 754 396 657 263 149
internal_value=0.0834825 53.2114 21.4625 46.2054 -28.7992 26.9022 126.016 -9.96115 -24.8123 -14.23 249.408 68.0442 -24.1293 101 -53.3741 20.8228 197.989 332.529 -41.7542 76.4957 112.553 48.2188 -13.8883 -6.09317 186.675 79.3992 -49.3962 -44.3883 37.8844 100.746 -32.5585 -64.3876 -49.0153 34.8975 127.487 109.055 245.31 44.4502 155.479 166.621 6.3123 69.8545 413.331 177.233 2.45756 298.719 10.6454 75.9108 103.567 -26.6425 -57.9011 -16.6386 -22.3314 -55.3275 3.97149 -44.9791 57.9128 -56.7539 44.1055 -13.3445 -21.1557 48.0606
internal_weight=31867 11223 7815 5360 20644 4895 3408 11686 7883 5794 465 2437 5224 2529 8958 3803 879 200 4359 570 751 1686 2458 2801 265 1393 2895 2168 1141 589 2455 4599 1969 2153 1136 490 268 927 162 137 1287 545 59 611 1650 141 1052 459 292 1464 2296 1514 1669 1885 789 2423 418 1774 1046 1224 939 278
internal_count=31867 11223 7815 5360 20644 4895 3408 11686 7883 5794 465 2437 5224 2529 8958 3803 879 200 4359 570 751 1686 2458 2801 265 1393 2895 2168 1141 589 2455 4599 1969 2153 1136 490 268 927 162 137 1287 545 59 611 1650 141 1052 459 292 1464 2296 1514 1669 1885 789 2423 418 1774 1046 1224 939 278
is_linear=0
shrinkage=0.05


Tree=3
num_leaves=63
num_cat=0
split_feature=33 40 36 40 40 36 40 40 32 40 40 36 36 40 32 36 32 36 37 36 36 37 36 37 36 34 40 36 36 36 37 37 36 37 37 37 36 36 37 40 40 36 36 36 37 32 36 40 34 36 36 40 36 36 37 37 37 36 36 36 37 36
split_gain=1.12956e+10 8.14909e+09 4.13403e+09 3.02551e+09 6.17412e+09 2.65757e+09 2.48491e+09 2.43424e+09 1.19932e+09 1.17117e+09 2.6242e+09 1.11723e+09 1.01293e+09 9.02158e+08 5.97275e+08 5.69844e+08 4.87376e+08 4.73976e+08 4.50461e+08 3.68456e+08 3.57557e+08 2.61291e+08 2.38487e+08 2.26843e+08 1.91781e+08 1.91255e+08 1.86875e+08 1.85217e+08 1.83649e+08 1.83073e+08 1.38682e+08 1.37343e+08 1.30423e+08 1.227e+08 1.21691e+08 1.13687e+08 1.08485e+08 1.06493e+08 1.02825e+08 9.54069e+07 2.29771e+08 9.1527e+07 8.73834e+07 8.63905e+07 8.4984e+07 8.43116e+07 8.30234e+07 7.83591e+07 7.3738e+07 6.84098e+07 6.78683e+07 6.75447e+07 6.1719e+07 6.09744e+07 6.09307e+07 5.9393e+07 5.70242e+07 5.69813e+07 5.52858e+07 5.44634e+07 5.43763e+07 5.39014e+07
threshold=1.0000000180025095e-35 5.5000000000000009 170.31000000000003 1.0000000180025095e-35 1.5000000000000002 195.6166666666667 5.5000000000000009 4.5000000000000009 100.55000000000001 1.0000000180025095e-35 1.5000000000000002 224.28750000000005 205.71666666666673 4.5000000000000009 159.75000000000003 293.01666666666671 150.05000000000004 82.925000000000026 3.5000000000000004 273.71250000000003 131.81250000000003 3.5000000000000004 367.51666666666671 1.5000000000000002 133.56250000000003 260.25000000000006 5.5000000000000009 279.41250000000008 127.02500000000002 218.61250000000004 4.5000000000000009 1.5000000000000002 259.61250000000007 4.5000000000000009 3.5000000000000004 4.5000000000000009 376.6375000000001 373.58333333333343 3.5000000000000004 1.0000000180025095e-35 1.5000000000000002 212.78750000000005 311.45833333333337 403.42500000000001 2.5000000000000004 19.950000000000003 254.11000000000004 4.5000000000000009 2.0500000000000003 289.95500000000004 248.08750000000001 2.5000000000000004 87.737500000000011 413.25000000000006 1.5000000000000002 3.5000000000000004 2.5000000000000004 32.300000000000004 238.91250000000005 238.91250000000005 1.5000000000000002 329.71250000000009
decision_type=2 2 2 2 2 2 2 2 2 2 2 2 2 2 2 2 2 2 2 2 2 2 2 2 2 2 2 2 2 2 2 2 2 2 2 2 2 2 2 2 2 2 2 2 2 2 2 2 2 2 2 2 2 2 2 2 2 2 2 2 2 2
left_child=2 3 17 41 11 20 9 12 22 -4 14 24 28 16 43 18 53 57 59 44 52 36 31 -19 -5 49 39 34 -6 -9 55 50 -18 -26 -14 46 -17 -21 -29 -25 -41 -2 56 54 -10 -15 -20 -42 -30 -13 -8 -40 -3 60 -11 -22 -16 -1 -37 -7 -12 -23
right_child=1 5 6 4 7 15 8 29 19 10 13 25 27 45 42 21 32 23 35 37 30 61 -24 26 33 -27 -28 38 48 -31 -32 -33 -34 -35 -36 58 -38 -39 51 40 47 -43 -44 -45 -46 -47 -48 -49 -50 -51 -52 -53 -54 -55 -56 -57 -58 -59 -60 -61 -62 -63
leaf_value=-68.18080242050597 -44.175056782669188 -19.637260593855679 -49.534994162804011 56.546470315115791 -15.655291062979391 73.141029853494771 -24.493641218884704 -31.773824484925047 28.536963109446738 29.520358449817156 -24.138011192762519 232.27555061848958 46.246262880403052 -47.412899525057888 110.14793365135623 143.55811083112445 5.2951576790649213 -51.303954230829824 126.9198056544773 73.951553737880943 40.508114172211776 206.91704668931558 27.046755721345587 -58.237229214909462 142.84212894912594 365.60429928202029 -9.0060004769861344 89.42130046277434 18.811227342805921 -3.8384120129877335 106.88421609298044 23.136520298192821 40.700692172875492 257.35267039331899 87.147399832001824 163.65741064809538 206.92954307298984 114.41432465926462 75.961426315307619 33.355084622573855 -26.182473073954238 -24.376871072738872 201.87272364298505 95.375675394077504 64.276370261008282 -29.580165286354454 165.60823298435585 -52.457085952906361 49.867796501159667 301.26061551743663 -2.0456533352504018 147.8655675652322 23.670524340102645 1.8292047615882205 78.178241072029905 71.565078100693967 177.76311213175458 -55.608203012775576 218.53885966867642 105.14018826175045 -2.3268496920933592 255.88573929981519
leaf_weight=2008 1038 121 2313 56 278 234 567 1112 615 247 1255 75 319 1550 89 280 431 1888 433 555 282 142 953 431 121 71 833 296 464 1241 184 369 656 29 423 137 89 230 40 125 629 1334 72 99 228 1158 204 517 325 69 829 178 257 439 87 339 48 1635 69 308 370 93
leaf_count=2008 1038 121 2313 56 278 234 567 1112 615 247 1255 75 319 1550 89 280 431 1888 433 555 282 142 953 431 121 71 833 296 464 1241 184 369 656 29 423 137 89 230 40 125 629 1334 72 99 228 1158 204 517 325 69 829 178 257 439 87 339 48 1635 69 308 370 93
internal_value=0.0793085 42.1226 -20.9978 13.6079 35.3168 109.265 -3.72255 18.8046 27.2188 -18.9791 -8.10756 218.716 55.1125 -18.6232 87.8596 144.561 -0.434545 -49.183 126.887 61.157 49.922 185.087 6.8908 -38.1831 135.504 298.444 -28.411 85.5439 19.2908 -17.0404 68.7584 -3.99227 26.6623 164.981 69.5632 149.752 158.843 85.8069 108.613 -37.9083 -31.0147 -33.0407 157.276 54.3539 38.2031 -39.7872 139.31 -38.0359 31.6039 265.331 -11.1631 134.672 9.80745 -14.705 42.1947 57.4619 133.838 -62.5381 182.04 91.3251 -19.1718 226.296
internal_weight=31867 10641 21226 7469 5097 3172 13160 4676 4346 8814 6501 421 2323 5859 642 1989 3151 8066 1385 1628 1183 604 2718 4423 206 215 2535 1256 1067 2353 805 1765 1087 150 742 843 369 785 514 1702 1271 2372 209 433 843 2708 637 1146 789 144 1396 218 378 2064 334 621 137 3643 206 542 1625 235
internal_count=31867 10641 21226 7469 5097 3172 13160 4676 4346 8814 6501 421 2323 5859 642 1989 3151 8066 1385 1628 1183 604 2718 4423 206 215 2535 1256 1067 2353 805 1765 1087 150 742 843 369 785 514 1702 1271 2372 209 433 843 2708 637 1146 789 144 1396 218 378 2064 334 621 137 3643 206 542 1625 235
is_linear=0
shrinkage=0.05


Tree=4
num_leaves=63
num_cat=0
split_feature=33 40 36 40 40 36 40 40 32 40 40 36 36 40 32 32 34 36 36 31 36 36 36 40 34 36 36 36 36 34 31 31 32 31 34 31 40 40 31 36 34 40 36 32 34 34 21 32 36 31 36 36 36 32 36 21 32 40 32 36 40 36
split_gain=1.01943e+10 7.35456e+09 3.73096e+09 2.73052e+09 5.57215e+09 2.4058e+09 2.24263e+09 2.19691e+09 1.08238e+09 1.05698e+09 2.36834e+09 1.0083e+09 9.14239e+08 8.14197e+08 5.39041e+08 4.39857e+08 4.2965e+08 4.28682e+08 4.13853e+08 3.39451e+08 3.33444e+08 2.69096e+08 2.67519e+08 1.79681e+08 1.73984e+08 1.73082e+08 1.686e+08 1.65672e+08 1.63659e+08 1.59876e+08 1.42203e+08 1.21124e+08 1.1829e+08 1.15731e+08 9.29603e+07 9.00963e+07 8.92298e+07 2.17094e+08 8.80358e+07 8.26031e+07 8.25789e+07 7.98953e+07 7.77037e+07 7.65758e+07 7.34357e+07 6.90905e+07 6.79532e+07 6.50337e+07 6.34443e+07 5.76083e+07 5.57014e+07 5.52971e+07 5.45101e+07 5.30702e+07 5.08874e+07 4.92041e+07 4.7652e+07 4.75825e+07 4.62115e+07 4.46846e+07 4.17874e+07 4.09311e+07
threshold=1.0000000180025095e-35 5.5000000000000009 170.31000000000003 1.0000000180025095e-35 1.5000000000000002 208.11250000000004 5.5000000000000009 4.5000000000000009 100.55000000000001 1.0000000180025095e-35 1.5000000000000002 224.28750000000005 206.78750000000005 4.5000000000000009 159.75000000000003 150.05000000000004 2.5500000000000003 85.410000000000011 131.81250000000003 330.25000000000006 309.52500000000003 299.32916666666671 299.32916666666671 5.5000000000000009 211.65000000000001 133.56250000000003 127.02500000000002 225.27083333333334 279.41250000000008 3.8500000000000001 370.15000000000003 288.25000000000006 1.0000000180025095e-35 330.25000000000006 9.2000000000000011 269.85000000000008 1.0000000180025095e-35 1.5000000000000002 322.15000000000003 212.78750000000005 1.5500000000000003 4.5000000000000009 387.95000000000005 159.75000000000003 100.95000000000002 2.0500000000000003 1.0000000180025095e-35 322.25000000000006 289.95500000000004 426.45000000000005 87.737500000000011 32.300000000000004 265.25500000000005 1.0000000180025095e-35 373.58333333333343 1.0000000180025095e-35 367.85000000000008 2.5000000000000004 1.0000000180025095e-35 173.16750000000005 3.5000000000000004 259.61250000000007
decision_type=2 2 2 2 2 2 2 2 2 2 2 2 2 2 2 2 2 2 2 2 2 2 2 2 2 2 2 2 2 2 2 2 2 2 2 2 2 2 2 2 2 2 2 2 2 2 2 2 2 2 2 2 2 2 2 2 2 2 2 2 2 2
left_child=2 3 17 39 11 18 9 12 19 -4 14 25 26 15 30 33 21 51 50 -8 35 46 55 36 48 -5 -6 -9 40 59 -11 -17 -25 -12 -30 -10 -19 58 -16 -2 -14 53 -23 -15 -27 -28 -7 -37 -13 -21 -3 -1 -26 -39 -22 61 -33 -36 -38 -20 -59 -18
right_child=1 5 6 4 7 16 8 27 20 10 13 24 28 43 38 31 22 23 29 49 54 42 -24 32 52 44 45 -29 34 -31 -32 56 -34 -35 57 47 37 41 -40 -41 -42 -43 -44 -45 -46 -47 -48 -49 -50 -51 -52 -53 -54 -55 -56 -57 -58 60 -60 -61 -62 -63
leaf_value=-64.771762390440685 -41.966304282829718 -18.655397337921396 -47.058244548728339 53.7191463470459 -14.872526240198733 91.952008234604904 -13.702468544815449 -29.226490469325455 31.242626658033657 26.771220993434611 -27.394672465535628 213.93017040651236 51.700915404475602 -44.054011205661183 120.35575132698848 9.3747823856875936 127.22001060952947 -58.178355521278235 39.757459856338905 13.446092249769803 77.200628151729191 145.06984064807631 224.63869604630906 -34.664401257190562 287.13368041992192 135.99465370521889 17.997163062983372 -2.6877643298138594 86.831320313255858 94.714942014740743 84.655775550103954 30.987838190793994 -5.836727455920137 -3.5281410094225438 73.020844879150388 49.657124892313306 -10.060057638653866 -44.748891977744975 185.65412217006889 -23.158027112785575 85.654575795975944 -54.076489060572932 204.41648846794578 -26.497921011040251 215.75286974784655 47.818868707097913 125.10576482312433 95.36979615454581 282.99909353545218 32.921371914114118 22.486997985117981 -52.575237807069904 371.76932701697717 -22.094629334168605 108.69360886283545 172.15894430060138 62.238905478010373 171.02070082512455 37.336068052185908 67.497024161085136 119.54676211813222 162.05512604584567
leaf_weight=2008 1038 121 2313 56 278 463 1175 1197 678 247 903 67 415 1743 116 568 196 739 284 868 290 292 176 782 30 111 470 1156 323 410 186 323 653 1161 30 328 120 533 93 1334 315 909 68 965 39 331 232 102 66 675 257 1730 52 502 230 228 196 69 90 297 92 148
leaf_count=2008 1038 121 2313 56 278 463 1175 1197 678 247 903 67 415 1743 116 568 196 739 284 868 290 292 176 782 30 111 470 1156 323 410 186 323 653 1161 30 328 120 533 93 1334 315 909 68 965 39 331 232 102 66 675 257 1730 52 502 230 228 196 69 90 297 92 148
internal_value=0.0753431 40.0165 -19.9479 12.9275 33.551 103.802 -3.53643 17.8644 25.8578 -18.0301 -7.70218 207.78 52.3569 -17.692 83.4666 -0.412817 141.745 -46.7239 53.8296 6.54626 58.0992 121.193 170.733 -36.0115 283.522 128.728 18.6767 -16.1883 81.5699 70.8081 51.6362 25.3291 -21.5463 -13.9697 103.183 42.5973 -43.1866 -38.0432 149.412 -31.3886 66.3522 -43.2604 156.28 -37.7979 156.732 30.3205 103.019 60.5006 248.205 21.9657 9.31708 -59.127 340.805 -33.761 91.1302 154.146 42.7898 130.834 10.2526 53.9376 141.607 142.207
internal_weight=31867 10641 21226 7469 5097 3172 13160 4676 4346 8814 6501 421 2323 5859 642 3151 1803 8066 1369 2718 1628 1055 748 4328 215 206 1079 2353 1244 991 433 1087 1435 2064 514 1108 2893 2154 209 2372 730 1944 360 2708 150 801 695 430 133 1543 378 3738 82 1035 520 572 519 191 210 581 161 344
internal_count=31867 10641 21226 7469 5097 3172 13160 4676 4346 8814 6501 421 2323 5859 642 3151 1803 8066 1369 2718 1628 1055 748 4328 215 206 1079 2353 1244 991 433 1087 1435 2064 514 1108 2893 2154 209 2372 730 1944 360 2708 150 801 695 430 133 1543 378 3738 82 1035 520 572 519 191 210 581 161 344
is_linear=0
shrinkage=0.05


Tree=5
num_leaves=63
num_cat=0
split_feature=35 40 35 40 40 40 40 35 40 40 40 35 35 35 35 35 35 40 40 35 35 35 35 40 40 35 40 35 40 35 40 40 35 35 35 35 35 35 35 40 40 35 35 40 40 35 40 39 9 35 35 35 35 35 35 39 34 35 35 35 40 40
split_gain=1.49712e+10 7.29661e+09 3.19822e+09 3.05697e+09 6.22987e+09 2.36929e+09 1.73983e+09 1.60426e+09 7.91459e+08 1.70451e+09 6.5844e+08 6.37728e+08 6.371e+08 4.7629e+08 3.49427e+08 2.59772e+08 2.27887e+08 2.23777e+08 1.24747e+08 1.24114e+08 1.20574e+08 1.13974e+08 1.09072e+08 1.04778e+08 2.07194e+08 9.39756e+07 9.24018e+07 8.42408e+07 8.3518e+07 6.49074e+07 6.05776e+07 6.61589e+07 5.28921e+07 5.22939e+07 5.12056e+07 5.0646e+07 4.87654e+07 4.54117e+07 4.53183e+07 3.94918e+07 3.89602e+07 3.3437e+07 2.83488e+07 2.71632e+07 2.57722e+07 2.45784e+07 2.25002e+07 2.02194e+07 2.13581e+07 1.98059e+07 1.90279e+07 1.85777e+07 1.84728e+07 1.71624e+07 1.57677e+07 1.56802e+07 1.51852e+07 1.51571e+07 1.41396e+07 1.31521e+07 1.28214e+07 2.90946e+07
threshold=612.95000000000016 5.5000000000000009 301.75000000000006 1.0000000180025095e-35 1.5000000000000002 4.5000000000000009 5.5000000000000009 1008.7500000000001 1.0000000180025095e-35 1.5000000000000002 4.5000000000000009 1008.7500000000001 998.25000000000011 149.45000000000002 812.6500000000002 434.4500000000001 1313.1500000000003 5.5000000000000009 2.5000000000000004 439.9500000000001 770.85000000000025 485.05000000000007 1032.6500000000003 1.0000000180025095e-35 1.5000000000000002 1313.1500000000003 3.5000000000000004 1187.8500000000001 4.5000000000000009 78.450000000000017 2.5000000000000004 3.5000000000000004 1044.7500000000002 712.95000000000016 818.95000000000016 1170.4500000000003 522.6500000000002 223.95000000000002 747.75000000000011 2.5000000000000004 2.5000000000000004 367.45000000000005 909.35000000000014 5.5000000000000009 3.5000000000000004 832.35000000000025 3.5000000000000004 1.0000000180025095e-35 1.0000000180025095e-35 209.55000000000004 1397.9500000000003 498.35000000000008 1455.95 209.55000000000004 853.25000000000011 1.0000000180025095e-35 424.75000000000006 717.95000000000016 789.1500000000002 1313.1500000000003 1.0000000180025095e-35 1.5000000000000002
decision_type=2 2 2 2 2 2 2 2 2 2 2 2 2 2 2 2 2 2 2 2 2 2 2 2 2 2 2 2 2 2 2 2 2 2 2 2 2 2 2 2 2 2 2 2 2 2 2 2 2 2 2 2 2 2 2 2 2 2 2 2 2 2
left_child=2 3 13 32 11 12 8 14 -4 19 21 20 18 29 33 41 35 23 58 -10 57 40 45 -15 53 30 38 -13 49 -1 -14 -32 -2 -3 -28 55 -17 -19 -20 -23 -11 -8 -16 60 -42 -7 -41 48 -12 -26 -24 -21 -18 -25 -22 -9 -54 -5 -6 -29 -31 -62
right_child=1 7 6 4 5 22 15 16 9 10 47 27 25 17 42 36 52 37 26 51 54 39 50 24 28 -27 34 59 -30 43 31 -33 -34 -35 -36 -37 -38 -39 -40 46 44 -43 -44 -45 -46 -47 -48 -49 -50 -51 -52 -53 56 -55 -56 -57 -58 -59 -60 -61 61 -63
leaf_value=-60.055778265581978 -31.311084378209827 65.409957277207155 -45.143255358700152 144.59464680598333 8.6864156385149283 -21.337453539430506 2.8902333244247025 138.30009386524651 52.21946212598256 -22.437114899262422 -42.843722992415771 282.38461586112408 57.55469413170448 -55.078100704837155 107.07617788537401 30.231440897721242 214.35632853680346 -27.172901232586277 52.152912706647605 88.413832875844605 196.45978658424235 -8.5702601950153028 4.7702458506508876 -8.5960854764337906 -39.342606370055563 147.54122965836726 31.806898908833023 335.80827331542969 -50.557319638250476 -60.155682482316983 130.25483579282408 88.464912715711094 -13.314320861794702 85.293794730987784 59.312430595455318 178.99932732833059 47.126776514785064 -11.356574974255238 80.412779828985663 28.892502808714923 3.0718555959588603 16.336026654057203 124.17710207781313 -40.591813201904301 -10.167120522673983 -8.8075893558847476 10.733641814237291 -31.235115770447806 -23.941988182773255 -26.7526671285293 29.176481660703821 115.26931642231189 231.42681133563701 17.401746788814471 230.31236995774873 157.83243298597739 282.65159699813182 178.80840635908413 30.808445785200696 383.86504813058036 -25.218585586114365 -52.382648245326088
leaf_weight=2701 1664 672 2061 104 175 1010 892 161 280 367 1292 67 78 924 557 1178 83 881 245 148 53 153 475 108 515 119 465 24 1066 391 162 228 541 651 266 247 670 936 337 331 665 960 429 730 822 639 352 933 169 794 96 114 39 154 98 284 23 47 123 35 110 949
leaf_count=2701 1664 672 2061 104 175 1010 892 161 280 367 1292 67 78 924 557 1178 83 881 245 148 53 153 475 108 515 119 465 24 1066 391 162 228 541 651 266 247 670 936 337 331 665 960 429 730 822 639 352 933 169 794 96 114 39 154 98 284 23 47 123 35 110 949
internal_value=0.211957 50.1629 -23.3189 21.9109 44.1186 26.4734 -5.07648 113.483 -18.6359 -8.92532 -17.9113 226.26 63.2718 -43.5672 91.9858 23.0941 172.786 -33.3036 47.0226 75.3642 186.837 -0.936282 -9.96039 -40.5891 -35.5122 107.867 53.6511 320.75 -40.1672 -54.8758 97.779 105.824 -26.8956 75.1941 41.8158 160.843 36.3569 -19.0254 68.5164 14.3904 -7.84736 9.85998 114.517 -48.4578 -4.24653 -16.482 19.5339 -36.9852 -40.6573 -31.7059 8.87357 100.099 229.781 6.68508 218.43 150.766 250.43 155.244 17.8173 364.317 -52.418 -49.5611
internal_weight=31843 10197 21646 7051 4846 4418 11387 3146 7687 5626 5084 428 2198 10259 2309 3700 837 5378 1611 542 302 2690 2220 3561 2637 587 1313 126 2375 4881 468 390 2205 1323 731 692 1848 1817 582 836 1854 1852 986 2180 1487 1649 683 2394 1461 1309 571 262 145 262 151 445 62 151 298 59 1450 1059
internal_count=31843 10197 21646 7051 4846 4418 11387 3146 7687 5626 5084 428 2198 10259 2309 3700 837 5378 1611 542 302 2690 2220 3561 2637 587 1313 126 2375 4881 468 390 2205 1323 731 692 1848 1817 582 836 1854 1852 986 2180 1487 1649 683 2394 1461 1309 571 262 145 262 151 445 62 151 298 59 1450 1059
is_linear=0
shrinkage=0.05


Tree=6
num_leaves=63
num_cat=0
split_feature=33 40 36 40 40 36 40 40 32 36 40 40 36 40 36 32 32 36 37 36 36 37 37 40 36 37 37 36 36 37 36 37 36 37 36 36 37 36 37 40 40 36 36 36 36 36 36 40 36 37 37 32 37 36 36 36 40 36 36 36 37 36
split_gain=8.75801e+09 5.80111e+09 3.01936e+09 2.34344e+09 4.79449e+09 1.94841e+09 1.86489e+09 1.8106e+09 8.8262e+08 8.41806e+08 8.29262e+08 1.73749e+09 7.47491e+08 6.58065e+08 3.97798e+08 3.59554e+08 3.57393e+08 3.49141e+08 3.28754e+08 3.18548e+08 2.30689e+08 1.94276e+08 1.88871e+08 1.71468e+08 1.60048e+08 1.56125e+08 1.5573e+08 1.48204e+08 1.46942e+08 1.40942e+08 1.40669e+08 1.19836e+08 1.04402e+08 1.02019e+08 1.02e+08 9.3166e+07 9.15833e+07 8.25176e+07 8.19806e+07 7.94349e+07 1.75501e+08 6.96453e+07 6.90036e+07 6.7871e+07 6.58063e+07 6.54546e+07 6.42824e+07 6.35683e+07 6.28444e+07 5.95983e+07 5.79177e+07 5.66482e+07 5.39232e+07 5.30811e+07 5.23477e+07 4.90887e+07 4.57936e+07 4.45517e+07 4.24618e+07 4.19889e+07 3.77283e+07 3.72607e+07
threshold=1.0000000180025095e-35 5.5000000000000009 178.11250000000004 1.0000000180025095e-35 1.5000000000000002 206.78750000000005 5.5000000000000009 4.5000000000000009 139.85000000000005 224.28750000000005 1.0000000180025095e-35 1.5000000000000002 211.48750000000004 4.5000000000000009 89.916666666666671 75.15000000000002 159.75000000000003 299.32916666666671 3.5000000000000004 139.48333333333338 309.52500000000003 3.5000000000000004 1.5000000000000002 5.5000000000000009 149.39000000000001 3.5000000000000004 4.5000000000000009 122.24166666666669 367.51666666666671 3.5000000000000004 213.91250000000005 1.5000000000000002 311.45833333333337 4.5000000000000009 269.82916666666671 300.81666666666672 2.5000000000000004 285.45833333333337 4.5000000000000009 1.0000000180025095e-35 1.5000000000000002 311.45833333333337 376.6375000000001 256.81666666666672 255.47083333333339 263.94166666666672 347.52916666666675 4.5000000000000009 373.58333333333343 3.5000000000000004 3.5000000000000004 2.3500000000000001 1.5000000000000002 32.300000000000004 96.270000000000024 250.51000000000002 2.5000000000000004 416.75000000000006 248.08750000000001 268.21666666666675 2.5000000000000004 342.98333333333341
decision_type=2 2 2 2 2 2 2 2 2 2 2 2 2 2 2 2 2 2 2 2 2 2 2 2 2 2 2 2 2 2 2 2 2 2 2 2 2 2 2 2 2 2 2 2 2 2 2 2 2 2 2 2 2 2 2 2 2 2 2 2 2 2
left_child=2 3 14 45 9 19 10 12 28 27 -4 16 24 15 53 46 48 18 58 54 36 42 -16 39 -6 35 50 -5 31 41 -9 55 -17 -29 -27 -14 59 -18 44 -24 -41 -11 -19 -31 -20 -2 -13 -42 52 -26 -21 -15 -12 -1 -3 -8 -36 -22 -7 -10 -25 -23
right_child=1 5 6 4 7 17 8 30 20 29 11 13 25 51 22 32 37 21 38 26 57 61 23 60 49 34 -28 33 -30 43 -32 -33 -34 -35 56 -37 -38 -39 -40 40 47 -43 -44 -45 -46 -47 -48 -49 -50 -51 -52 -53 -54 -55 -56 -57 -58 -59 -60 -61 -62 -63
leaf_value=-58.576210849619009 -34.46837991605733 -10.827113740546951 -42.167937833442949 34.591925067436406 -5.1930624261067289 66.602877569817878 -20.442826998918907 -27.940381644266825 22.940974997492976 179.17748475155588 22.395651303306565 -21.632873397796654 42.469446303310065 -40.460518645195123 -43.161156106480234 10.862431451306666 100.06002860871872 126.01073995694247 111.99781372413207 38.721382419110796 73.991734618121114 185.74794589771943 -49.5587114725571 -10.295053111472425 14.480871386284731 75.880036184891409 103.2031208166095 119.9192654892494 23.093729682035246 248.31032638549806 -3.1378760149197107 22.487971648997537 41.83958818084745 209.24815822694359 73.448322502772015 83.414732936512337 67.295442705072915 166.7029862514762 165.30092828924006 31.490330657668835 -20.382835376739891 263.41893891834081 175.83282096616685 325.0669648912218 146.58926255362374 -16.384341057984805 -2.7422201113547047 -44.025169082325505 76.564735866866954 45.636388539455815 67.74788254714079 -25.704702415251877 71.517985412597668 -46.999703701626736 25.626020718310087 -0.86898546566326174 127.60415756736646 110.45282983872497 95.122893905639657 48.909931183486009 14.226983377333156 233.04985229492186
leaf_weight=2028 1572 145 2274 41 432 231 522 1041 486 59 219 1075 377 1460 1917 812 101 275 356 328 449 136 458 690 245 345 209 145 956 48 1268 408 409 41 48 220 234 86 165 123 612 42 93 72 224 734 775 531 131 411 361 1173 75 1935 307 829 209 103 300 229 203 60
leaf_count=2028 1572 145 2274 41 432 231 522 1041 486 59 219 1075 377 1460 1917 812 101 275 356 328 449 136 458 690 245 345 209 145 956 48 1268 408 409 41 48 220 234 86 165 123 612 42 93 72 224 734 775 531 131 411 361 1173 75 1935 307 829 209 103 300 229 203 60
internal_value=0.201359 37.4805 -18.2431 13.043 32.1325 93.7863 -2.90987 16.9129 24.3256 188.269 -16.2772 -6.95549 48.4463 -15.5456 -41.3521 0.179787 73.1062 127.258 112.777 48.1662 55.0938 160.018 -31.2377 -22.5035 18.4384 75.6761 65.3976 120.642 7.31534 257.732 -14.3199 -1.26006 21.2389 139.61 93.6435 57.5582 40.1442 130.709 134.204 -31.7148 -25.2594 214.209 138.602 294.364 125.357 -28.7122 -13.7192 -31.3663 47.7611 34.0006 53.9298 -33.8868 34.9269 -52.9238 13.932 -8.43194 117.489 80.7952 82.7159 31.2583 -4.72061 200.228
internal_weight=31843 10540 21303 7350 5044 3190 12806 4596 4216 448 8590 6316 2287 5704 8497 3071 612 1840 1276 1350 1501 564 4534 2617 1088 1199 898 227 2715 221 2309 1759 1221 186 602 597 949 187 745 1724 1266 101 368 120 580 2306 1850 1143 425 656 689 2633 294 3963 452 1351 257 552 531 715 893 196
internal_count=31843 10540 21303 7350 5044 3190 12806 4596 4216 448 8590 6316 2287 5704 8497 3071 612 1840 1276 1350 1501 564 4534 2617 1088 1199 898 227 2715 221 2309 1759 1221 186 602 597 949 187 745 1724 1266 101 368 120 580 2306 1850 1143 425 656 689 2633 294 3963 452 1351 257 552 531 715 893 196
is_linear=0
shrinkage=0.05


Tree=7
num_leaves=63
num_cat=0
split_feature=35 40 40 40 35 40 35 40 35 35 40 40 40 35 35 35 35 35 40 35 35 40 35 35 35 35 35 40 35 40 40 40 35 40 40 35 40 35 40 35 35 40 40 40 35 40 35 35 35 35 35 35 35 39 35 35 35 36 34 35 35 40
split_gain=1.22876e+10 6.05029e+09 2.55785e+09 5.22452e+09 2.2769e+09 1.95834e+09 1.56831e+09 1.29644e+09 6.29594e+08 6.24721e+08 5.84917e+08 1.23526e+09 4.83152e+08 3.26187e+08 2.65209e+08 2.34219e+08 2.21237e+08 1.55669e+08 1.16218e+08 1.12642e+08 1.10491e+08 1.0947e+08 1.06416e+08 1.02663e+08 8.91753e+07 7.28404e+07 6.72887e+07 6.31706e+07 6.01037e+07 5.62774e+07 5.02985e+07 9.8395e+07 5.01789e+07 4.29673e+07 4.19072e+07 3.97869e+07 3.37859e+07 3.37787e+07 3.31356e+07 3.10849e+07 3.04831e+07 2.65603e+07 2.64465e+07 3.24472e+07 2.59529e+07 2.46759e+07 2.18798e+07 2.13841e+07 1.92996e+07 1.88098e+07 1.78506e+07 1.71031e+07 1.66212e+07 1.60786e+07 1.54708e+07 1.5384e+07 1.50391e+07 1.4933e+07 1.34008e+07 1.2945e+07 1.26092e+07 1.24598e+07
threshold=567.95000000000016 5.5000000000000009 1.0000000180025095e-35 1.5000000000000002 249.95000000000002 4.5000000000000009 909.35000000000014 5.5000000000000009 1008.7500000000001 940.45000000000016 1.0000000180025095e-35 1.5000000000000002 4.5000000000000009 1187.8500000000001 406.55000000000007 735.20000000000016 104.55000000000003 728.6500000000002 5.5000000000000009 420.45000000000005 1249.5000000000002 2.5000000000000004 1032.6500000000003 428.85000000000008 735.20000000000016 1187.8500000000001 1313.1500000000003 2.5000000000000004 1020.4500000000002 3.5000000000000004 1.0000000180025095e-35 1.5000000000000002 902.1500000000002 4.5000000000000009 3.5000000000000004 314.35000000000008 2.5000000000000004 832.35000000000025 3.5000000000000004 469.55000000000007 629.1500000000002 2.5000000000000004 2.5000000000000004 3.5000000000000004 832.35000000000025 3.5000000000000004 853.25000000000011 184.45000000000002 38.250000000000007 317.75000000000006 386.65000000000003 1397.9500000000003 1096.7500000000002 1.0000000180025095e-35 1455.95 307.85000000000008 1225.1500000000003 215.17083333333335 424.75000000000006 765.35000000000002 1455.95 3.5000000000000004
decision_type=2 2 2 2 2 2 2 2 2 2 2 2 2 2 2 2 2 2 2 2 2 2 2 2 2 2 2 2 2 2 2 2 2 2 2 2 2 2 2 2 2 2 2 2 2 2 2 2 2 2 2 2 2 2 2 2 2 2 2 2 2 2
left_child=4 2 32 8 16 9 15 10 17 21 -6 19 23 28 35 40 48 57 30 55 27 59 44 41 38 -10 -15 -11 -8 -29 -18 -32 -2 -33 -26 -9 -25 -17 -23 -16 -3 -13 -22 -44 -7 -38 -19 -20 -1 -43 -14 -24 -31 -30 -28 -12 -34 -4 -56 -5 -45 -51
right_child=1 6 3 5 7 22 13 14 25 20 11 12 50 26 39 37 18 46 47 -21 42 24 51 36 34 -27 54 29 53 52 31 33 56 -35 -36 -37 45 -39 -40 -41 -42 49 43 60 -46 -47 -48 -49 -50 61 -52 -53 -54 -55 58 -57 -58 -59 -60 -61 -62 -63
leaf_value=-55.955558489668334 -30.767448268949263 45.814666813638475 109.26868739881013 1.8271099232484642 -42.606043530730922 -20.244424533863238 112.96153244247273 -6.6521842881455804 254.40299946799206 43.450768427138634 22.693479917715266 -26.573802317775808 -40.52542802935023 163.84240787839428 21.321057210103405 80.834198294954348 -52.146008040441728 173.51420589671417 -30.697203151629108 82.421427991913589 81.844836235046387 42.294261841816436 4.7356218279286439 -11.763355874387841 69.705168561487397 330.58952057402013 194.18758162532947 108.76426458988092 125.63719378740359 64.664989052461777 -7.003204723164953 -34.829599545621626 -19.509335785474168 -49.120157393853447 44.371657753519081 7.4923357119428831 18.403967565478805 98.898636535644528 21.200538935490812 34.092063055659331 62.439453126339437 -18.229451302176098 161.74762371356672 99.847610062819271 -7.8386307770062791 2.2499597568766587 208.1794513313138 -19.312010130615597 -48.460427946812899 0.43127396030507925 -32.073132708015706 27.874552122255167 90.05908070177135 145.52005054003573 209.34855957031252 45.407189992345906 -4.595676355616809 138.93513323465984 257.46958326256794 22.43112848278076 144.30861378545347 -11.620938200636182
leaf_weight=1934 1484 450 76 193 2188 1239 467 817 67 94 111 323 1089 206 946 609 844 85 879 246 27 337 475 228 298 59 83 197 156 178 232 1162 719 961 361 1270 437 450 416 960 712 513 65 52 639 515 98 777 1545 393 1465 96 101 292 39 227 221 96 23 126 23 472
leaf_count=1934 1484 450 76 193 2188 1239 467 817 67 94 111 323 1089 206 946 609 844 85 879 246 27 337 475 228 298 59 83 197 156 178 232 1162 719 961 361 1270 437 450 416 960 712 513 65 52 639 515 98 777 1545 393 1465 96 101 292 39 227 221 96 23 126 23 472
internal_value=0.191291 42.0438 17.6257 36.7858 -22.8588 21.4007 96.8184 -9.09772 194.059 52.8338 -20.4668 -12.4188 -19.8437 141.232 14.2696 71.502 -43.0034 159.979 -36.1073 56.6816 91.3865 36.4193 -10.2762 -5.8075 42.3958 290.078 182.209 80.9075 125.513 88.3044 -41.6732 -37.9198 -25.042 -41.2984 55.8275 1.95517 5.52476 88.5103 30.6409 27.7535 56.0013 -13.6688 127.153 135.891 -16.0233 9.66519 192.078 -25.3552 -52.627 -10.6439 -35.6771 8.62588 73.8578 138.597 208.303 37.948 -16.003 125.827 227.2 9.96537 113.482 -6.14519
internal_weight=31843 11309 7822 5398 20534 4917 3487 12200 481 2468 8207 6019 5435 1266 3993 2221 8334 355 4855 584 737 1731 2449 2881 1412 126 351 570 915 476 3199 2355 2424 2123 659 2087 1180 1059 753 1906 1162 1701 167 140 1878 952 183 1656 3479 1378 2554 571 279 448 145 338 940 172 62 319 75 865
internal_count=31843 11309 7822 5398 20534 4917 3487 12200 481 2468 8207 6019 5435 1266 3993 2221 8334 355 4855 584 737 1731 2449 2881 1412 126 351 570 915 476 3199 2355 2424 2123 659 2087 1180 1059 753 1906 1162 1701 167 140 1878 952 183 1656 3479 1378 2554 571 279 448 145 338 940 172 62 319 75 865
is_linear=0
shrinkage=0.05


Tree=8
num_leaves=63
num_cat=0
split_feature=35 40 35 40 40 40 40 35 40 40 40 35 35 35 35 35 40 35 35 35 40 40 40 40 35 35 40 40 40 35 35 35 40 35 35 35 35 35 35 40 35 35 40 35 35 40 40 35 39 9 35 35 39 35 39 35 39 38 25 34 39 39
split_gain=1.11055e+10 5.1829e+09 2.59805e+09 2.16052e+09 4.50973e+09 1.70078e+09 1.44286e+09 1.05032e+09 6.56993e+08 1.38929e+09 5.46171e+08 4.28861e+08 4.03249e+08 3.48147e+08 2.48326e+08 2.12931e+08 1.72494e+08 1.63397e+08 1.12713e+08 1.12695e+08 1.00053e+08 7.88695e+07 1.55157e+08 7.69685e+07 7.52905e+07 6.57385e+07 6.55459e+07 6.58058e+07 6.26201e+07 6.0821e+07 5.34651e+07 4.33074e+07 3.91793e+07 3.52344e+07 3.50813e+07 3.45299e+07 3.24679e+07 3.24426e+07 3.16568e+07 3.15303e+07 3.04562e+07 2.71686e+07 2.52486e+07 2.50921e+07 2.26991e+07 2.16025e+07 2.10057e+07 1.92042e+07 1.90244e+07 1.95692e+07 1.65638e+07 1.63613e+07 1.45109e+07 1.39624e+07 1.34774e+07 1.32962e+07 1.2777e+07 1.23475e+07 1.22384e+07 1.20942e+07 1.16756e+07 1.16263e+07
threshold=645.45000000000016 5.5000000000000009 301.75000000000006 1.0000000180025095e-35 1.5000000000000002 4.5000000000000009 5.5000000000000009 1020.4500000000002 1.0000000180025095e-35 1.5000000000000002 4.5000000000000009 1032.6500000000003 1008.7500000000001 145.35000000000005 439.9500000000001 832.35000000000025 5.5000000000000009 1313.1500000000003 485.05000000000007 439.9500000000001 2.5000000000000004 1.0000000180025095e-35 1.5000000000000002 3.5000000000000004 1140.1000000000001 1187.8500000000001 2.5000000000000004 3.5000000000000004 4.5000000000000009 770.85000000000025 522.6500000000002 69.250000000000014 2.5000000000000004 1096.7500000000002 818.95000000000016 223.95000000000002 1187.8500000000001 1397.9500000000003 735.20000000000016 2.5000000000000004 880.85000000000002 373.95000000000005 3.5000000000000004 1313.1500000000003 845.95000000000016 5.5000000000000009 3.5000000000000004 498.35000000000008 1.0000000180025095e-35 1.0000000180025095e-35 216.85000000000005 909.35000000000014 1.0000000180025095e-35 1455.95 1.0000000180025095e-35 209.55000000000004 1.0000000180025095e-35 1.0000000180025095e-35 1.0000000180025095e-35 424.75000000000006 1.0000000180025095e-35 1.0000000180025095e-35
decision_type=2 2 2 2 2 2 2 2 2 2 2 2 2 2 2 2 2 2 2 2 2 2 2 2 2 2 2 2 2 2 2 2 2 2 2 2 2 2 2 2 2 2 2 2 2 2 2 2 2 2 2 2 2 2 2 2 2 2 2 2 2 2
left_child=2 3 13 33 12 11 8 15 61 19 18 20 29 31 41 38 21 36 39 -10 -6 -15 55 40 44 -14 -13 37 50 -5 -16 -1 -20 56 -25 -18 52 -28 -3 -11 -22 -8 -34 -29 -7 -33 -41 -21 49 -12 -24 -17 -9 -19 -26 -23 -2 -38 -46 -55 -40 -4
right_child=1 7 6 4 5 24 14 17 9 10 48 26 25 16 30 51 35 53 32 47 23 22 28 34 54 -27 27 43 -30 -31 -32 45 42 -35 -36 -37 57 -39 60 46 -42 -43 -44 -45 58 -47 -48 -49 -50 -51 -52 -53 -54 59 -56 -57 -58 -59 -60 -61 -62 -63
leaf_value=-52.081765951021332 -30.046368394588253 60.576258933043277 -41.207433184198429 140.05826478615788 16.383300991612913 -16.892881978941698 3.0654243893620343 119.35533388577974 44.454441625901637 -19.93623575815063 -36.898384154913877 56.9142684519976 241.68284930328824 -47.749930905738374 26.579142597336819 93.953704589843767 -23.428733579441502 184.47820250729481 -6.6653958241569811 75.968248058009792 56.743139966045113 -7.777938484570436 -33.7346456369282 29.078168555040556 1.915476937038558 314.06004369703396 118.9974228477478 79.000920102983244 -43.802374201963943 188.08495624870656 43.062192300760735 -45.962964825939821 27.748498605180448 -9.288578084731812 51.681767223266391 -9.7995867454637899 161.7523445268111 181.33806457519532 68.957153613201243 3.0352247873553657 83.43016974001516 14.905163755952465 10.172150960019536 117.06157106672015 -7.9836288552352803 -35.732400671968755 -8.9169626334867917 101.43961000184756 -26.016319224235435 -19.222767103324504 -22.588112502587023 107.31345734361408 138.24404585328821 198.8811283991887 21.924277740596878 14.748250963161519 -21.089675582767242 131.09322011063739 9.1381507431588513 244.59610011888586 82.909547727707547 -33.747089505595845
leaf_weight=2439 753 595 1397 117 273 909 990 156 280 367 1358 87 67 941 1091 450 923 83 187 148 392 114 614 396 140 59 160 191 1093 151 896 1540 397 437 303 936 165 24 267 665 147 949 421 56 689 776 822 148 1007 177 729 467 292 39 211 154 845 41 123 23 342 834
leaf_count=2439 753 595 1397 117 273 909 990 156 280 367 1358 87 67 941 1091 450 923 83 187 148 392 114 614 396 140 59 160 191 1093 151 896 1540 397 437 303 936 165 24 267 665 147 949 421 56 689 776 822 148 1007 177 729 467 292 39 211 154 845 41 123 23 342 834
internal_value=0.181726 45.6358 -19.0002 20.8744 40.2257 24.7024 -3.34032 101.01 -15.2647 -6.62222 -14.4945 57.2413 201.802 -37.5222 21.5897 82.6045 -28.961 149.868 0.498175 67.1938 43.7821 -35.2823 -30.9435 49.824 -7.16128 275.574 96.5017 104.493 -34.9162 167.118 34.0119 -47.4319 13.9823 -21.8697 38.8763 -16.5665 139.221 127.129 68.7787 -6.81117 64.0214 8.86012 18.7025 87.6301 -11.4656 -42.5351 -3.57184 88.7039 -31.3568 -34.8602 -27.6841 100.757 131.667 197.888 13.9436 5.16622 -25.3102 155.65 -5.39006 215.84 76.7925 -38.4186
internal_weight=31843 9450 22393 6530 4495 4101 12134 2920 8208 5977 5401 2029 394 10259 3926 2121 5504 799 2859 576 1511 3645 2704 1238 2072 126 518 431 2436 268 1987 4755 1005 2035 699 1859 654 184 1204 1854 539 1939 818 247 1721 2316 1487 296 2542 1535 1343 917 448 145 351 268 1598 206 812 62 609 2231
internal_count=31843 9450 22393 6530 4495 4101 12134 2920 8208 5977 5401 2029 394 10259 3926 2121 5504 799 2859 576 1511 3645 2704 1238 2072 126 518 431 2436 268 1987 4755 1005 2035 699 1859 654 184 1204 1854 539 1939 818 247 1721 2316 1487 296 2542 1535 1343 917 448 145 351 268 1598 206 812 62 609 2231
is_linear=0
shrinkage=0.05


Tree=9
num_leaves=63
num_cat=0
split_feature=35 40 40 40 35 40 35 40 35 35 40 40 40 35 35 35 35 40 35 35 35 35 35 35 35 40 40 40 40 40 35 40 35 40 40 35 35 40 35 35 40 35 35 35 40 25 40 40 9 40 39 9 35 40 35 35 40 40 35 35 39 35
split_gain=1.00263e+10 4.91207e+09 2.08075e+09 4.26253e+09 1.8883e+09 1.59283e+09 1.25747e+09 1.04664e+09 5.00999e+08 4.96203e+08 4.79933e+08 1.00306e+09 3.96658e+08 2.65815e+08 2.31851e+08 1.90624e+08 1.85968e+08 1.23661e+08 1.0377e+08 1.02311e+08 8.62112e+07 7.98614e+07 7.72296e+07 7.20229e+07 7.14362e+07 5.20361e+07 5.0675e+07 1.03371e+08 4.64433e+07 4.53367e+07 4.49317e+07 4.27593e+07 4.12573e+07 4.0712e+07 3.7634e+07 3.53246e+07 3.06104e+07 2.87878e+07 2.87439e+07 2.68083e+07 2.535e+07 2.47619e+07 2.44676e+07 2.4034e+07 2.27174e+07 2.23875e+07 2.08738e+07 2.71158e+07 1.88469e+07 1.82695e+07 1.4941e+07 1.5487e+07 1.46452e+07 1.44346e+07 1.30718e+07 1.29413e+07 1.26822e+07 1.29432e+07 1.18649e+07 1.14578e+07 1.126e+07 1.10082e+07
threshold=572.75000000000011 5.5000000000000009 1.0000000180025095e-35 1.5000000000000002 271.65000000000003 4.5000000000000009 967.45000000000016 5.5000000000000009 987.70000000000016 933.35000000000025 1.0000000180025095e-35 1.5000000000000002 4.5000000000000009 747.75000000000011 121.05000000000001 1225.1500000000003 409.4500000000001 5.5000000000000009 1187.8500000000001 759.00000000000011 1032.6500000000003 437.25000000000006 717.95000000000016 445.15000000000009 1249.5000000000002 2.5000000000000004 1.0000000180025095e-35 1.5000000000000002 2.5000000000000004 2.5000000000000004 832.35000000000025 4.5000000000000009 902.1500000000002 3.5000000000000004 3.5000000000000004 1455.95 1069.4000000000003 3.5000000000000004 667.90000000000009 487.35000000000008 2.5000000000000004 38.250000000000007 209.55000000000004 351.9500000000001 2.5000000000000004 1.0000000180025095e-35 2.5000000000000004 3.5000000000000004 1.0000000180025095e-35 3.5000000000000004 1.0000000180025095e-35 1.0000000180025095e-35 1397.9500000000003 3.5000000000000004 1397.9500000000003 367.45000000000005 1.0000000180025095e-35 1.5000000000000002 1110.2000000000003 1313.1500000000003 1.0000000180025095e-35 1455.95
decision_type=2 2 2 2 2 2 2 2 2 2 2 2 2 2 2 2 2 2 2 2 2 2 2 2 2 2 2 2 2 2 2 2 2 2 2 2 2 2 2 2 2 2 2 2 2 2 2 2 2 2 2 2 2 2 2 2 2 2 2 2 2 2
left_child=4 2 32 9 14 8 13 10 19 22 -6 21 23 38 41 36 43 26 58 28 45 55 -4 44 29 -21 -16 -28 -5 -10 -15 -29 -2 -31 -27 -17 -8 -30 -3 -18 -25 -1 -19 -9 -13 48 -26 -48 -7 -42 51 -14 -22 -46 -34 -12 -43 -58 -11 -20 -38 -49
right_child=1 6 3 5 7 20 15 16 24 18 11 12 50 30 17 35 39 42 59 25 52 -23 -24 40 46 34 27 31 37 33 -32 -33 54 -35 -36 -37 60 -39 -40 -41 49 56 -44 -45 53 -47 47 61 -50 -51 -52 -53 -54 -55 -56 -57 57 -59 -60 -61 -62 -63
leaf_value=-50.55369195316792 -27.756192672926733 45.138185654236722 112.57032581303746 1.6701860879057198 -38.039814832510991 -18.720675682482845 111.16055340391217 -1.5688254312467826 41.923568950999872 206.36364678276911 29.529458643599629 -22.198260486387536 -36.366583940624132 73.81421428943257 -46.357564618961646 161.90204818272355 21.001427833313041 -24.518278579383065 271.74835662841798 20.754088571482693 4.2854590288086944 76.781494387061201 163.22625322843854 -9.4921698619372883 74.90687901532209 66.430432250007755 -1.0931540485206508 -29.460559693194472 40.042966024371943 104.28401245526821 92.862699630257211 -43.293616732384798 -16.24270171783952 70.435481494556768 42.929763762456069 205.04791555097029 120.15511752658421 21.027087203964228 60.774474000380593 33.28451420067897 18.166786448785455 -51.476222696109701 -12.427936559170485 9.8711237356546793 -1.7165148575052425 -0.22862598585789323 146.55946523813103 89.697489283635079 -3.3682059305345913 3.4105961451682809 -26.536489561507654 -19.825713494231429 25.697248131098849 -12.086939303312082 3.7960544013977051 49.591031420822688 -24.024487122949566 -42.056124157167481 242.32405395507814 316.60299281529024 138.00109295845033 131.24009956691575
leaf_weight=1934 1459 676 149 186 2087 1372 330 1065 77 81 187 319 1356 537 873 202 1198 1015 24 145 475 226 152 199 27 315 239 1244 355 149 731 1014 850 220 371 62 135 453 520 706 396 343 712 807 616 244 65 52 234 446 911 158 96 737 90 141 106 1628 32 35 256 23
leaf_count=1934 1459 676 149 186 2087 1372 330 1065 77 81 187 319 1356 537 873 202 1198 1015 24 145 475 226 152 199 27 315 239 1244 355 149 731 1014 850 220 371 62 135 453 520 706 396 343 712 807 616 244 65 52 234 446 911 158 96 737 90 141 106 1628 32 35 256 23
internal_value=0.17264 38.3151 16.1785 33.5778 -20.4648 19.6297 87.9346 -7.04536 48.1571 176.863 -17.5296 -10.0095 -16.9017 68.8462 -37.4897 135.685 14.5534 -30.413 244.61 35.0208 -9.09797 53.9115 138.151 -3.76722 87.2657 47.9686 -35.9882 -32.3628 24.1964 76.8212 84.7956 -35.6726 -22.4931 84.1033 53.7209 172.035 122.375 29.3818 51.9366 25.556 6.55738 -46.4825 -19.5337 3.36282 -10.1954 -14.3398 115.16 122.923 -16.4838 10.3506 -31.596 -34.6404 7.88534 -7.36545 -14.3241 38.1535 -42.6915 -40.9538 216.547 298.357 131.839 102.437
internal_weight=31843 11180 7731 5332 20663 4859 3449 11555 2438 473 7779 5692 5138 2464 9108 985 3776 5097 172 1825 2421 554 301 2713 613 831 3370 2497 994 446 1268 2258 2399 369 686 264 721 808 1196 1904 1041 4011 1727 1872 1672 1850 167 140 1606 842 2425 1514 571 1353 940 328 2077 1734 113 59 391 75
internal_count=31843 11180 7731 5332 20663 4859 3449 11555 2438 473 7779 5692 5138 2464 9108 985 3776 5097 172 1825 2421 554 301 2713 613 831 3370 2497 994 446 1268 2258 2399 369 686 264 721 808 1196 1904 1041 4011 1727 1872 1672 1850 167 140 1606 842 2425 1514 571 1353 940 328 2077 1734 113 59 391 75
is_linear=0
shrinkage=0.05


Tree=10
num_leaves=63
num_cat=0
split_feature=35 40 40 40 35 40 35 40 35 35 40 40 40 35 35 35 35 35 35 40 35 35 35 35 35 40 35 40 40 35 40 40 40 40 40 40 35 40 40 35 40 35 35 35 40 35 25 35 35 35 35 9 35 35 39 36 35 40 25 35 2 35
split_gain=8.77987e+09 4.62293e+09 1.85549e+09 3.50065e+09 1.56024e+09 1.48863e+09 1.25096e+09 8.67217e+08 4.72069e+08 4.70876e+08 3.93452e+08 8.29706e+08 3.18518e+08 2.71011e+08 2.05231e+08 1.82648e+08 1.53237e+08 1.46537e+08 1.03904e+08 9.92593e+07 9.36415e+07 6.98686e+07 6.12163e+07 6.04209e+07 5.4319e+07 5.06042e+07 4.16501e+07 4.00624e+07 7.9367e+07 3.94389e+07 3.85245e+07 3.61013e+07 3.5715e+07 3.68006e+07 3.44228e+07 3.35995e+07 3.07648e+07 2.82118e+07 2.78514e+07 2.7076e+07 2.41981e+07 2.30616e+07 1.93672e+07 1.83436e+07 1.79251e+07 1.77839e+07 1.73919e+07 1.67694e+07 1.66511e+07 1.65607e+07 1.52171e+07 1.50947e+07 1.46648e+07 1.3213e+07 1.3051e+07 1.29253e+07 1.25725e+07 1.24197e+07 1.22313e+07 1.1976e+07 1.09105e+07 1.08267e+07
threshold=543.55000000000007 5.5000000000000009 1.0000000180025095e-35 1.5000000000000002 260.95000000000005 4.5000000000000009 949.45000000000016 5.5000000000000009 958.55000000000007 1008.7500000000001 1.0000000180025095e-35 1.5000000000000002 4.5000000000000009 747.75000000000011 1155.7500000000002 112.95000000000002 389.25000000000006 717.95000000000016 696.75000000000011 5.5000000000000009 924.45000000000016 1140.1000000000001 389.25000000000006 398.15000000000009 1313.1500000000003 2.5000000000000004 902.1500000000002 1.0000000180025095e-35 1.5000000000000002 1313.1500000000003 4.5000000000000009 2.5000000000000004 2.5000000000000004 3.5000000000000004 2.5000000000000004 3.5000000000000004 656.45000000000016 3.5000000000000004 3.5000000000000004 832.35000000000025 2.5000000000000004 466.75000000000006 1170.4500000000003 199.05000000000004 3.5000000000000004 38.250000000000007 1.0000000180025095e-35 1032.6500000000003 806.05000000000007 314.35000000000008 1397.9500000000003 1.0000000180025095e-35 818.95000000000016 463.85000000000008 1.0000000180025095e-35 364.8250000000001 423.15000000000009 2.5000000000000004 1.0000000180025095e-35 1397.9500000000003 1.0000000180025095e-35 634.05000000000007
decision_type=2 2 2 2 2 2 2 2 2 2 2 2 2 2 2 2 2 2 2 2 2 2 2 2 2 2 2 2 2 2 2 2 2 2 2 2 2 2 2 2 2 2 2 2 2 2 2 2 2 2 2 2 2 2 2 2 2 2 2 2 2 2
left_child=4 2 26 9 15 8 13 10 18 17 -6 23 22 36 47 45 49 61 31 27 46 34 57 -12 60 -20 -2 -17 -29 -11 -30 -5 -23 50 -10 -27 -3 -36 -33 54 -24 -18 -22 -21 -42 -1 51 -8 -19 -9 -34 -7 -37 -25 -15 -26 -14 -13 -28 -35 -16 -4
right_child=1 6 3 5 7 20 14 16 21 29 11 12 56 39 24 19 41 48 25 43 42 32 40 53 55 35 58 28 30 -31 -32 38 33 59 37 52 -38 -39 -40 -41 44 -43 -44 -45 -46 -47 -48 -49 -50 -51 -52 -53 -54 -55 -56 -57 -58 -59 -60 -61 -62 -63
leaf_value=-48.041095238401184 -26.54553132716892 41.046065225693901 89.073416099548353 -2.2379135568482535 -36.750201496364561 -19.824113847617348 100.35984444895098 -5.3903164887819806 32.081295916438101 227.89551890980115 30.723191960683238 -24.315117034577487 -33.952734644272759 62.867701241749671 135.3390477096203 -44.349072413631731 16.394991429423509 140.46645294992547 16.522111017844257 -24.758097302344801 -1.6539597325938211 59.43196492368525 -12.354741972190029 53.244260360550712 167.21684397687818 57.412575945779487 -15.859782216340982 -3.4683767158138963 -28.622289690338107 294.68656675277219 -41.829499121141531 33.411707605714319 116.18023859380367 79.647337113765261 88.752450798882379 29.172550142216682 55.869881040978512 59.140647054077988 13.56448435145316 86.91124921464997 11.266953320250444 27.266918558752138 13.725292922050498 -14.188775771766124 -1.1037930740980808 -41.139854050212143 -3.4096564597597045 116.67696828842163 170.01222095489504 4.6164314598426586 162.51889509721238 -5.5501865394170897 46.666793341636662 75.085914034162258 78.434976752496539 198.00331397423378 -26.549795118030854 -11.345011155068937 -0.13027770128743402 114.69641575967113 161.06252333697151 113.29004313151043
leaf_weight=1938 1648 823 120 175 2032 1337 310 693 68 77 260 228 1343 238 215 866 1171 76 170 943 556 55 259 137 99 383 837 224 1201 31 1022 341 91 114 135 250 609 199 367 623 537 836 324 727 644 1801 241 320 128 1025 22 215 230 140 310 52 1001 969 145 31 51 75
leaf_count=1938 1648 823 120 175 2032 1337 310 693 68 77 260 228 1343 238 215 866 1171 76 170 943 556 55 259 137 99 383 837 224 1201 31 1022 341 91 114 135 250 609 199 367 623 537 836 324 727 644 1801 241 320 128 1025 22 215 230 140 310 52 1001 969 145 31 51 75
internal_value=-0.147424 33.4878 13.1573 28.9282 -20.4846 16.9298 80.504 -8.20082 43.6291 154.449 -17.941 -11.0145 -17.3805 61.9396 126.658 -36.364 11.5409 129.38 30.6911 -30.0964 -9.34997 78.2994 -5.45981 48.0345 153.867 41.4562 -21.6884 -35.1066 -31.8357 247.067 -34.6942 18.0973 96.0127 103.811 64.5077 46.3679 47.3503 71.1095 23.1237 79.7806 1.48586 20.9236 4.0084 -20.157 4.52118 -44.7169 -15.9062 108.648 159.005 0.579949 125.202 -17.8467 37.5552 64.2834 71.674 177.819 -30.7913 -13.8155 -13.5372 87.1406 140.271 98.3875
internal_weight=32088 12091 8441 5811 19997 5304 3650 11275 2631 507 7550 5518 4981 2603 1047 8722 3725 399 1916 4983 2673 715 2637 537 417 1033 2630 3313 2447 108 2223 883 313 258 402 863 1432 334 708 1171 1440 2007 880 1670 1181 3739 1793 630 204 1718 113 1552 480 277 548 151 2344 1197 982 145 266 195
internal_count=32088 12091 8441 5811 19997 5304 3650 11275 2631 507 7550 5518 4981 2603 1047 8722 3725 399 1916 4983 2673 715 2637 537 417 1033 2630 3313 2447 108 2223 883 313 258 402 863 1432 334 708 1171 1440 2007 880 1670 1181 3739 1793 630 204 1718 113 1552 480 277 548 151 2344 1197 982 145 266 195
is_linear=0
shrinkage=0.05


Tree=11
num_leaves=63
num_cat=0
split_feature=35 40 40 40 35 40 35 40 35 35 40 40 40 35 35 35 35 35 35 35 40 35 35 35 35 40 35 35 40 40 40 40 40 40 40 35 40 40 35 40 40 35 35 35 35 40 25 35 35 35 35 35 25 40 35 25 35 32 35 35 35 25
split_gain=7.92383e+09 4.17219e+09 1.67458e+09 3.15934e+09 1.41076e+09 1.34348e+09 1.12899e+09 7.95539e+08 4.26042e+08 4.24966e+08 3.5779e+08 7.55753e+08 2.94624e+08 2.44587e+08 1.85221e+08 1.63896e+08 1.3335e+08 1.3225e+08 9.38966e+07 8.45114e+07 7.27955e+07 6.6037e+07 6.41087e+07 6.30564e+07 4.90229e+07 4.5744e+07 3.80903e+07 3.55936e+07 3.22328e+07 3.32125e+07 3.20529e+07 3.13507e+07 6.30775e+07 3.10666e+07 3.10244e+07 2.77652e+07 2.76715e+07 2.54611e+07 2.44361e+07 2.35381e+07 2.13263e+07 2.11961e+07 2.08131e+07 1.74789e+07 1.5912e+07 1.57178e+07 1.56962e+07 1.51344e+07 1.50277e+07 1.46948e+07 1.37334e+07 1.35475e+07 1.30692e+07 1.2962e+07 1.25783e+07 1.21036e+07 1.2005e+07 1.11548e+07 1.09509e+07 1.09019e+07 1.03333e+07 1.02577e+07
threshold=543.55000000000007 5.5000000000000009 1.0000000180025095e-35 1.5000000000000002 242.65000000000001 4.5000000000000009 949.45000000000016 5.5000000000000009 958.55000000000007 1008.7500000000001 1.0000000180025095e-35 1.5000000000000002 4.5000000000000009 747.75000000000011 1155.7500000000002 389.25000000000006 104.55000000000003 717.95000000000016 690.95000000000016 924.45000000000016 5.5000000000000009 373.95000000000005 392.25000000000011 1140.1000000000001 1313.1500000000003 2.5000000000000004 832.35000000000025 1313.1500000000003 2.5000000000000004 3.5000000000000004 3.5000000000000004 1.0000000180025095e-35 1.5000000000000002 2.5000000000000004 2.5000000000000004 656.45000000000016 4.5000000000000009 3.5000000000000004 832.35000000000025 3.5000000000000004 2.5000000000000004 307.85000000000008 466.75000000000006 1170.4500000000003 463.85000000000008 3.5000000000000004 1.0000000180025095e-35 1032.6500000000003 806.05000000000007 818.95000000000016 1397.9500000000003 1225.1500000000003 1.0000000180025095e-35 2.5000000000000004 38.250000000000007 1.0000000180025095e-35 156.95000000000002 408.75000000000006 1455.95 417.55000000000013 685.05000000000007 1.0000000180025095e-35
decision_type=2 2 2 2 2 2 2 2 2 2 2 2 2 2 2 2 2 2 2 2 2 2 2 2 2 2 2 2 2 2 2 2 2 2 2 2 2 2 2 2 2 2 2 2 2 2 2 2 2 2 2 2 2 2 2 2 2 2 2 2 2 2
left_child=4 2 26 9 16 8 13 10 18 17 -6 21 22 35 47 41 54 -4 34 46 31 -12 53 33 -16 -20 -2 -11 -25 50 -27 -18 -33 -10 -5 -3 -34 -35 55 -36 -24 -9 -17 -21 -23 -42 60 -8 -19 -32 -30 -28 59 -13 -1 -15 -22 -26 -31 -14 -7 -49
right_child=1 6 3 5 7 19 14 15 23 27 11 12 52 38 24 42 20 48 25 43 56 44 40 28 57 30 51 -29 29 58 49 32 36 37 39 -37 -38 -39 -40 -41 45 -43 -44 -45 -46 -47 -48 61 -50 -51 -52 -53 -54 -55 -56 -57 -58 -59 -60 -61 -62 -63
leaf_value=-45.639040496794678 -26.379048902105467 38.993761948993111 93.468128231733274 -2.4680650704047262 -35.089548768502304 -21.818167545754527 95.341853113482088 -6.5939906719200536 30.477231186628345 216.50074225091316 24.09124979115715 -23.755399878695609 -33.573602656660412 65.13136247973614 133.25744252599273 15.575242020204398 -42.871908404173155 133.44313015184906 15.519079291752409 -1.5712616757442841 -26.924270329005282 48.910326980758498 -11.534378283538071 56.460366672169073 156.29447522575472 53.989869223241499 -16.872843169483229 279.95223979334679 110.37122764168205 77.12885614518197 27.164052138368 -5.4589327777331738 -28.797539135529117 84.314828932020404 31.155885065561478 53.076386919906383 -40.51043631648605 56.183614041697446 82.565687245388858 12.374249084531398 10.82344139939592 3.9977682883194667 25.903572810869044 13.039028308310627 71.331618676866796 -0.87611172253949732 -3.2391737010159929 106.94524029586397 161.51160945892335 44.333452989692276 154.39294738769533 -3.7538358983385276 -16.904468318357825 -11.285875944609785 -39.592072670117389 86.751380223592136 -17.783250826329926 183.54650059291296 116.17322097051711 -26.582144424661465 -13.532138828774578 131.40252057243796
leaf_weight=1938 1369 823 195 170 2139 641 310 825 68 77 242 256 1334 473 266 1171 813 76 175 556 568 182 255 55 81 401 1017 31 91 124 272 212 1110 135 323 609 924 199 623 345 526 1105 836 324 140 632 241 269 128 230 22 244 187 1121 1546 75 977 70 21 958 911 51
leaf_count=1938 1369 823 195 170 2139 641 310 825 68 77 242 256 1334 473 266 1171 813 76 175 556 568 182 255 55 81 401 1017 31 91 124 272 212 1110 135 323 609 924 199 623 345 526 1105 836 324 140 632 241 269 128 230 22 244 187 1121 1546 75 977 70 21 958 911 51
internal_value=-0.140053 31.8134 12.4995 27.4818 -19.4604 16.0833 76.4788 -8.51588 41.4477 146.727 -17.5975 -11.183 -17.0713 58.8426 120.325 9.87338 -35.5754 122.911 29.1566 -8.88247 -29.9905 43.8266 -5.92641 74.3844 146.174 38.9157 -20.604 234.714 91.212 98.6203 43.4499 -34.4587 -31.4133 61.2823 16.6025 44.9828 -34.1184 67.554 75.7916 21.4558 1.55567 -0.529797 19.8774 3.80798 58.6587 4.43819 -15.1109 103.216 151.055 35.0305 118.942 -14.3344 -29.6144 -13.6041 -42.9557 68.0903 -21.1438 168.928 82.7836 -30.6513 -16.9544 110.843
internal_weight=32088 12091 8441 5811 19997 5304 3650 11909 2631 507 7972 5833 5269 2603 1047 3937 8088 399 1916 2673 4604 564 2790 715 417 1078 2630 108 313 258 903 3059 2246 402 838 1432 2034 334 1171 668 1413 1930 2007 880 322 1158 1793 630 204 502 113 1261 2479 1377 3484 548 1545 151 145 2292 1552 320
internal_count=32088 12091 8441 5811 19997 5304 3650 11909 2631 507 7972 5833 5269 2603 1047 3937 8088 399 1916 2673 4604 564 2790 715 417 1078 2630 108 313 258 903 3059 2246 402 838 1432 2034 334 1171 668 1413 1930 2007 880 322 1158 1793 630 204 502 113 1261 2479 1377 3484 548 1545 151 145 2292 1552 320
is_linear=0
shrinkage=0.05


Tree=12
num_leaves=63
num_cat=0
split_feature=33 40 36 40 40 36 40 40 32 40 40 36 36 40 36 32 32 34 36 36 31 36 36 36 40 37 34 36 36 36 31 37 31 34 34 36 31 37 36 36 40 40 36 37 37 36 40 32 37 37 36 36 36 36 36 37 32 40 32 36 37 31
split_gain=4.45513e+09 3.24496e+09 1.70645e+09 1.19627e+09 2.25435e+09 1.06176e+09 9.78551e+08 9.70107e+08 4.76708e+08 4.73658e+08 1.05393e+09 4.26233e+08 4.13508e+08 3.61753e+08 2.21515e+08 2.15252e+08 2.0223e+08 1.98156e+08 1.91208e+08 1.56014e+08 1.38636e+08 1.07375e+08 1.06076e+08 1.02772e+08 9.59323e+07 8.75232e+07 8.21275e+07 8.18584e+07 6.76646e+07 6.44243e+07 6.1335e+07 5.87265e+07 5.79169e+07 5.73372e+07 5.72204e+07 5.04857e+07 5.03257e+07 4.71213e+07 4.29442e+07 4.13417e+07 4.07074e+07 9.11685e+07 3.75889e+07 3.49548e+07 3.49039e+07 3.85176e+07 3.41202e+07 3.41071e+07 3.30312e+07 3.28128e+07 3.18265e+07 3.13458e+07 2.9092e+07 2.79085e+07 2.77858e+07 2.62414e+07 2.54692e+07 2.48227e+07 2.46169e+07 2.359e+07 2.3548e+07 2.3356e+07
threshold=0.95000000000000007 5.5000000000000009 171.71250000000003 1.0000000180025095e-35 1.5000000000000002 218.61250000000004 5.5000000000000009 4.5000000000000009 79.250000000000014 1.0000000180025095e-35 1.5000000000000002 223.16250000000005 224.28750000000005 4.5000000000000009 151.95833333333337 159.75000000000003 56.050000000000004 20.850000000000005 94.216666666666683 271.14166666666677 334.05000000000007 331.81666666666672 305.71666666666675 149.39000000000001 5.5000000000000009 3.5000000000000004 306.60000000000008 200.11000000000004 143.68333333333337 259.61250000000007 374.55000000000007 1.5000000000000002 322.15000000000003 9.2000000000000011 2.0500000000000003 373.58333333333343 320.15000000000003 3.5000000000000004 98.27500000000002 252.83333333333337 1.0000000180025095e-35 1.5000000000000002 269.82916666666671 4.5000000000000009 3.5000000000000004 268.21666666666675 4.5000000000000009 203.00000000000003 2.5000000000000004 4.5000000000000009 342.98333333333341 32.300000000000004 252.83333333333337 293.01666666666671 266.78333333333336 4.5000000000000009 282.15000000000003 2.5000000000000004 1.0000000180025095e-35 354.54166666666669 2.5000000000000004 440.85000000000008
decision_type=2 2 2 2 2 2 2 2 2 2 2 2 2 2 2 2 2 2 2 2 2 2 2 2 2 2 2 2 2 2 2 2 2 2 2 2 2 2 2 2 2 2 2 2 2 2 2 2 2 2 2 2 2 2 2 2 2 2 2 2 2 2
left_child=2 3 18 39 12 14 9 11 20 -4 15 23 28 16 38 30 36 21 51 48 -8 44 49 -6 40 -16 52 -9 -5 -18 -11 -26 -17 50 -25 -21 -12 -30 -3 -2 -20 60 -35 -27 45 -7 58 -15 -10 -19 -13 -1 -14 -29 -28 -40 -34 -44 -43 -31 -42 -22
right_child=1 5 6 4 7 17 8 27 19 10 13 33 26 47 25 32 29 22 24 35 61 -23 -24 34 31 43 54 53 37 59 -32 -33 56 42 -36 -37 -38 -39 55 -41 41 46 57 -45 -46 -47 -48 -49 -50 -51 -52 -53 -54 -55 -56 -57 -58 -59 -60 -61 -62 -63
leaf_value=-43.1278132983145 -26.074687490610771 -7.1743430347164718 -30.83955892297778 45.653205527722001 -3.954831185037488 55.760978299399554 -9.0071192365419375 -22.252697863768599 17.175646396324829 18.552573405880157 -19.763419615674575 43.55658892577933 129.36108819870722 -28.650936258819542 33.74769471520775 74.5177162960956 2.950373775813742 98.661886338898626 -39.078668827924105 45.45990791986155 9.3368334746087296 114.12485246701873 155.6911808807578 14.526381161967155 -24.929447291709099 56.806086799715253 185.99759887695313 -7.9960857861851729 69.606001097580489 19.020052383132199 57.573078342910449 -3.7907396749526381 93.305504608154308 57.163332333256363 41.217853528431483 72.621492385365485 -3.1669396350748631 127.15214884384818 16.040198848350549 -12.440355969455329 -0.84338945799913168 -29.712637068379308 50.942943186637685 82.536555101404247 93.034663905608355 80.941702885978145 -36.082308660989789 -16.720339262391956 39.475384357678045 127.47798938074857 71.953438879231939 -34.473370302730181 179.17536850762122 6.6435038118368857 258.17685363769533 45.120283226405874 147.2102157865252 94.94249575403002 -13.366410784721376 38.220136556819995 44.019191409481898 22.337445584463854
leaf_weight=2023 1487 163 2369 71 444 295 1159 906 642 241 797 516 42 1824 344 133 558 330 717 602 959 219 149 471 561 392 20 982 58 461 173 793 36 201 350 239 1070 92 324 888 156 496 39 199 195 313 830 892 224 141 122 2167 97 487 40 102 56 180 430 245 36 540
leaf_count=2023 1487 163 2369 71 444 295 1159 906 642 241 797 516 42 1824 344 133 558 330 717 602 959 219 149 471 561 392 20 982 58 461 173 793 36 201 350 239 1070 92 324 888 156 496 39 199 195 313 830 892 224 141 122 2167 97 487 40 102 56 180 430 245 36 540
internal_value=-0.13305 26.2832 -13.2728 8.35058 21.9599 68.7246 -2.15429 12.0379 17.221 -11.7052 -4.71639 35.0116 132.945 -11.3794 38.6692 56.2519 0.203901 96.6201 -31.1783 37.8399 3.97931 83.0913 118.921 15.4247 -23.3867 53.7989 185.227 -10.4327 85.8666 15.6475 34.8582 -12.5491 95.6161 58.4308 25.9052 53.1788 -10.2518 104.901 14.6517 -20.9769 -28.8929 -25.1438 72.7768 65.47 74.6276 68.7241 -28.7206 -24.7326 22.9437 107.288 48.9867 -38.6519 164.124 -3.1428 234.117 23.003 126.117 87.107 -22.1221 25.683 7.56834 14.0202
internal_weight=32088 10659 21429 7493 5118 3166 13220 4698 4365 8855 6486 2323 420 5847 1524 639 3131 1642 8209 1707 2658 1022 620 1265 4019 935 199 2375 221 1264 414 1354 225 1058 821 841 1867 150 589 2375 2665 1948 420 591 803 608 1756 2716 866 471 638 4190 139 1469 60 426 92 219 926 706 192 1499
internal_count=32088 10659 21429 7493 5118 3166 13220 4698 4365 8855 6486 2323 420 5847 1524 639 3131 1642 8209 1707 2658 1022 620 1265 4019 935 199 2375 221 1264 414 1354 225 1058 821 841 1867 150 589 2375 2665 1948 420 591 803 608 1756 2716 866 471 638 4190 139 1469 60 426 92 219 926 706 192 1499
is_linear=0
shrinkage=0.05


Tree=13
num_leaves=63
num_cat=0
split_feature=35 40 40 40 35 40 35 40 35 35 40 40 40 35 35 35 35 35 40 40 35 35 40 40 35 35 35 35 35 35 40 40 40 40 35 40 35 40 35 25 35 39 9 9 40 25 9 35 36 40 35 35 35 39 9 35 25 39 25 35 35 25
split_gain=6.50046e+09 3.38061e+09 1.36039e+09 2.56623e+09 1.1793e+09 1.08584e+09 9.14292e+08 6.52708e+08 3.49236e+08 3.48838e+08 2.96045e+08 6.20461e+08 2.3978e+08 2.16062e+08 1.33846e+08 1.3292e+08 1.17941e+08 1.0541e+08 7.62588e+07 7.45081e+07 6.93997e+07 6.07518e+07 5.36504e+07 5.5981e+07 4.93458e+07 4.69722e+07 3.75359e+07 3.16687e+07 3.03631e+07 3.02624e+07 2.99004e+07 5.79553e+07 2.903e+07 2.76759e+07 2.75891e+07 2.32964e+07 2.01392e+07 1.7438e+07 1.74249e+07 1.62666e+07 1.5859e+07 1.53331e+07 1.71508e+07 1.50808e+07 1.45206e+07 1.40158e+07 1.36542e+07 1.35275e+07 1.30118e+07 1.28045e+07 1.26456e+07 1.25889e+07 1.21873e+07 1.20073e+07 1.31637e+07 1.14378e+07 1.09987e+07 1.09619e+07 1.08248e+07 1.03265e+07 1.01623e+07 9.86599e+06
threshold=548.05000000000007 5.5000000000000009 1.0000000180025095e-35 1.5000000000000002 260.95000000000005 4.5000000000000009 967.45000000000016 5.5000000000000009 1008.7500000000001 958.55000000000007 1.0000000180025095e-35 1.5000000000000002 4.5000000000000009 759.00000000000011 1170.4500000000003 112.95000000000002 403.75000000000006 717.95000000000016 2.5000000000000004 5.5000000000000009 924.45000000000016 696.75000000000011 2.5000000000000004 3.5000000000000004 406.55000000000007 431.65000000000003 1351.1500000000003 949.45000000000016 1279.4000000000003 1313.1500000000003 1.0000000180025095e-35 1.5000000000000002 4.5000000000000009 3.5000000000000004 673.95000000000016 3.5000000000000004 1397.9500000000003 2.5000000000000004 832.35000000000025 1.0000000180025095e-35 327.35000000000008 1.0000000180025095e-35 1.0000000180025095e-35 1.0000000180025095e-35 3.5000000000000004 1.0000000180025095e-35 1.0000000180025095e-35 220.65000000000006 376.6375000000001 2.5000000000000004 806.05000000000007 320.75000000000006 28.150000000000002 1.0000000180025095e-35 1.0000000180025095e-35 818.95000000000016 1.0000000180025095e-35 1.0000000180025095e-35 1.0000000180025095e-35 1096.7500000000002 789.1500000000002 1.0000000180025095e-35
decision_type=2 2 2 2 2 2 2 2 2 2 2 2 2 2 2 2 2 2 2 2 2 2 2 2 2 2 2 2 2 2 2 2 2 2 2 2 2 2 2 2 2 2 2 2 2 2 2 2 2 2 2 2 2 2 2 2 2 2 2 2 2 2
left_child=4 2 27 8 15 9 13 10 17 18 -6 25 24 34 48 52 40 -4 60 30 45 35 -11 28 49 51 -16 57 -24 -10 -17 -32 -33 -23 -3 -20 59 -26 58 43 -9 42 -18 -22 -39 46 -7 -21 56 -13 -19 -12 -1 54 -14 -35 -8 -2 -15 -25 -5 -29
right_child=1 6 3 5 7 20 14 16 29 22 11 12 53 38 26 19 41 50 21 47 39 33 23 36 37 -27 -28 61 -30 -31 31 32 -34 55 -36 -37 -38 44 -40 -41 -42 -43 -44 -45 -46 -47 -48 -49 -50 -51 -52 -53 -54 -55 -56 -57 -58 -59 -60 -61 -62 -63
leaf_value=-41.399302380971001 -25.979449732818267 36.135576422610541 84.556390466739998 -0.34491297910447982 -31.527074118505553 -17.11681143418576 91.150844578939513 -3.516701119948674 195.91845409839186 37.418939961069 16.421387731079506 -20.966237881877408 -30.631531456276225 59.758458452418374 123.54211576648225 -38.307025734987327 13.380041450724836 120.08739951284309 29.668146014661957 -20.232247733384924 -2.5013301781287383 50.043040730312043 82.478801703576607 48.022999391200386 -10.0168656174588 60.348234897909812 157.32600772120372 -12.558956068779668 124.59107398293236 254.42542173324091 -3.2558738521990436 -24.668380469029195 -36.133169419798136 24.617775175094607 50.042447262780897 11.212166316388698 99.096492841166835 11.755651889876033 75.353710466133634 19.745914290556268 5.6068182954262449 24.976298329158567 32.821843119710685 16.017954097465793 -0.037100777336779765 -2.1158330133113457 -3.389856673706146 -10.294822735046647 129.83552811234085 -8.7055947160433202 145.83538641929627 36.9221968850037 -35.687289991616211 -21.662658972399576 -15.24664995554955 40.06777559031611 110.17211258437608 -18.139476202322879 82.234458440349954 66.194257002127799 18.64840523004532 2.8458210929495391
leaf_weight=1811 908 897 191 244 2054 1319 461 865 77 123 113 263 1350 394 266 866 997 76 329 1189 612 383 193 161 226 206 119 702 55 31 224 1201 1022 250 592 356 31 476 706 134 1060 710 128 134 578 235 210 481 27 1119 128 222 1928 868 155 230 91 876 62 152 99 122
leaf_count=1811 908 897 191 244 2054 1319 461 865 77 123 113 263 1350 394 266 866 997 76 329 1189 612 383 193 161 226 206 119 702 55 31 224 1201 1022 250 592 356 31 476 706 134 1060 710 128 134 578 235 210 481 27 1119 128 222 1928 868 155 230 91 876 62 152 99 122
internal_value=-0.126398 29.0373 11.5695 25.1489 -17.4924 14.8124 69.4378 -6.89738 133.035 37.7166 -15.2997 -9.32212 -14.7893 54.2745 111.137 -31.3283 10.1531 111.25 26.468 -25.9815 -7.76272 31.1944 67.4667 73.7097 -4.48732 41.5602 133.984 -18.3852 91.8182 212.712 -30.3224 -27.4966 -29.9392 40.0191 41.6647 20.0764 60.6547 2.58628 70.433 3.7063 1.50716 19.223 15.5921 0.82519 5.28866 -13.4842 -15.2315 -17.37 95.9443 -11.0388 136.243 30.007 -38.4539 -26.346 -29.047 32.0209 94.2866 -22.1298 62.8144 56.8474 5.13712 -10.2782
internal_weight=32088 11976 8361 5753 20112 5250 3615 11390 503 2606 7630 5576 5035 2651 964 8722 3760 395 1891 4983 2644 1548 715 592 2662 541 385 2608 248 108 3313 2447 2223 863 1489 685 344 1280 1162 880 1925 1835 1125 746 1054 1764 1529 1670 579 1382 204 335 3739 2373 1505 480 552 1784 456 313 343 824
internal_count=32088 11976 8361 5753 20112 5250 3615 11390 503 2606 7630 5576 5035 2651 964 8722 3760 395 1891 4983 2644 1548 715 592 2662 541 385 2608 248 108 3313 2447 2223 863 1489 685 344 1280 1162 880 1925 1835 1125 746 1054 1764 1529 1670 579 1382 204 335 3739 2373 1505 480 552 1784 456 313 343 824
is_linear=0
shrinkage=0.05


Tree=14
num_leaves=63
num_cat=0
split_feature=35 40 40 40 35 40 35 40 35 35 40 40 40 35 35 35 35 35 35 35 40 35 35 40 40 40 35 35 40 35 35 40 35 40 40 35 40 35 40 40 35 35 40 35 25 25 35 35 25 25 9 40 9 35 36 35 2 31 25 9 35 40
split_gain=5.86752e+09 3.05815e+09 1.22898e+09 2.32589e+09 1.05071e+09 9.87245e+08 8.37007e+08 5.86565e+08 3.18961e+08 3.17782e+08 2.70486e+08 5.58231e+08 2.17411e+08 1.81175e+08 1.40031e+08 1.34276e+08 9.64547e+07 8.78096e+07 7.87901e+07 6.40157e+07 5.21e+07 5.20105e+07 5.10933e+07 4.4493e+07 4.96752e+07 4.34626e+07 3.76998e+07 2.94598e+07 2.88853e+07 2.73118e+07 2.53617e+07 2.3057e+07 2.29155e+07 2.13138e+07 4.29883e+07 2.10108e+07 1.98975e+07 1.79332e+07 1.77487e+07 1.66125e+07 1.65797e+07 1.59318e+07 1.33382e+07 1.32088e+07 1.31121e+07 1.20713e+07 1.20563e+07 1.15067e+07 1.13373e+07 1.12417e+07 1.11404e+07 1.10604e+07 1.10255e+07 1.09758e+07 1.07161e+07 9.73793e+06 9.61981e+06 9.58236e+06 9.40989e+06 9.25114e+06 9.14265e+06 9.0221e+06
threshold=543.55000000000007 5.5000000000000009 1.0000000180025095e-35 1.5000000000000002 234.95000000000002 4.5000000000000009 949.45000000000016 5.5000000000000009 987.70000000000016 1008.7500000000001 1.0000000180025095e-35 1.5000000000000002 4.5000000000000009 747.75000000000011 1155.7500000000002 367.45000000000005 717.95000000000016 96.050000000000011 794.6500000000002 987.70000000000016 5.5000000000000009 373.95000000000005 389.25000000000006 2.5000000000000004 3.5000000000000004 2.5000000000000004 1313.1500000000003 832.35000000000025 3.5000000000000004 1313.1500000000003 434.4500000000001 2.5000000000000004 1279.4000000000003 1.0000000180025095e-35 1.5000000000000002 656.45000000000016 4.5000000000000009 812.6500000000002 2.5000000000000004 3.5000000000000004 1397.9500000000003 741.05000000000007 3.5000000000000004 463.85000000000008 1.0000000180025095e-35 1.0000000180025095e-35 1032.6500000000003 777.00000000000011 1.0000000180025095e-35 1.0000000180025095e-35 1.0000000180025095e-35 2.5000000000000004 1.0000000180025095e-35 291.45000000000005 364.8250000000001 679.95000000000016 1.0000000180025095e-35 283.85000000000008 1.0000000180025095e-35 1.0000000180025095e-35 662.50000000000011 3.5000000000000004
decision_type=2 2 2 2 2 2 2 2 2 2 2 2 2 2 2 2 2 2 2 2 2 2 2 2 2 2 2 2 2 2 2 2 2 2 2 2 2 2 2 2 2 2 2 2 2 2 2 2 2 2 2 2 2 2 2 2 2 2 2 2 2 2
left_child=4 2 27 9 17 8 13 10 18 16 58 21 22 35 46 53 -4 -1 25 41 33 -12 51 -10 32 -5 56 -2 60 -11 -17 -20 -25 -19 -35 -3 -36 -15 -24 -33 -26 -7 -40 -23 50 -29 -8 -18 52 -32 -21 -13 -14 -9 -28 -30 -16 -48 59 -6 -27 -53
right_child=1 6 3 5 7 19 14 15 23 29 11 12 48 37 26 30 47 20 31 44 -22 43 38 24 40 28 54 45 55 -31 49 39 -34 34 36 -37 -38 -39 42 -41 -42 -43 -44 -45 -46 -47 57 -49 -50 -51 -52 61 -54 -55 -56 -57 -58 -59 -60 -61 -62 -63
leaf_value=-37.357879293706993 -22.597013722857568 33.292651573116842 80.251166686522652 -0.15097723610401154 -32.138388551955636 -16.480844336781384 81.465269784773554 -7.3129470088143309 37.138434262013213 186.12253259435877 20.124903451584657 -21.317970129576597 -27.445857609307112 56.955201229466823 109.8869543244118 9.693024444082349 110.59034111417573 -37.432777499428276 18.581506300628732 -0.69435580447158651 -19.055905930994381 41.405077449727685 -10.549976049657012 81.094655465790723 55.624988084294358 25.820526562950832 136.14531912755487 -14.02000544964438 9.5170214940696862 241.70414369644661 18.833185207236902 53.017404677577922 118.36151983087714 -6.4598403197943828 -25.60819186873708 45.543152965230895 -35.457375498313546 69.766650728875291 9.7221152143105449 35.810562825202943 94.141666535408262 -7.5139054061588695 -0.94910043142042722 61.833287948199683 21.690115379618707 -0.13103373975701671 85.106871095344218 136.91543459957595 -13.649922765022453 34.406445472128688 16.906558301105157 -5.1350822064144017 -14.595552499353557 0.7996669593636716 164.17759217482347 22.656401420672111 134.040993903665 102.64456225569529 -17.877625032571647 -19.826570634956823 39.53044916533549 -14.050382408947474
leaf_weight=3229 1369 823 195 250 1887 1008 310 711 109 77 257 264 2146 434 215 964 58 790 109 473 1528 182 259 165 283 275 99 1078 317 31 1224 259 55 212 1124 609 943 737 537 306 31 974 644 140 107 183 134 146 187 128 111 524 181 1008 52 254 51 186 143 166 218 619
leaf_count=3229 1369 823 195 250 1887 1008 310 711 109 77 257 264 2146 434 215 964 58 790 109 473 1528 182 259 165 283 275 99 1078 317 31 1224 259 55 212 1124 609 943 737 537 306 31 974 644 140 107 183 134 146 187 128 111 524 181 1008 52 254 51 186 143 166 218 619
internal_value=-0.120078 27.3764 10.8409 23.6759 -16.7456 13.8959 65.6165 -7.55516 35.6389 125.99 -15.2852 -9.742 -14.7793 50.4311 103.369 8.03135 105.396 -31.0385 25.738 -7.5055 -26.5997 36.8989 -5.31746 66.2502 72.1924 18.6089 125.845 -17.5182 23.0168 202.077 15.8894 39.6364 90.4114 -30.3556 -27.9023 38.5025 -30.1016 65.0184 1.30355 43.6983 59.4276 -12.0743 3.90309 50.2869 5.59919 -12.0044 88.4928 129.431 -25.4945 20.3076 2.65102 -12.0938 -26.4463 -2.55581 145.799 15.3619 114.518 95.3007 -30.2791 -31.1429 31.8829 -9.96323
internal_weight=32088 12091 8441 5811 19997 5304 3650 12171 2631 507 8136 5940 5361 2603 1047 4035 399 7826 1988 2673 4597 579 2847 643 534 1314 417 2630 1064 108 2316 674 220 3069 2279 1432 2067 1171 1440 565 314 1982 1181 322 691 1261 630 204 2514 1352 584 1407 2327 1719 151 571 266 320 2196 2053 493 1143
internal_count=32088 12091 8441 5811 19997 5304 3650 12171 2631 507 8136 5940 5361 2603 1047 4035 399 7826 1988 2673 4597 579 2847 643 534 1314 417 2630 1064 108 2316 674 220 3069 2279 1432 2067 1171 1440 565 314 1982 1181 322 691 1261 630 204 2514 1352 584 1407 2327 1719 151 571 266 320 2196 2053 493 1143
is_linear=0
shrinkage=0.05


Tree=15
num_leaves=63
num_cat=0
split_feature=33 40 36 40 40 36 40 40 32 40 40 36 36 40 32 36 32 37 36 31 37 36 34 36 36 36 34 34 31 36 40 31 37 37 37 31 37 36 36 31 33 36 36 36 36 32 36 36 36 37 36 36 36 40 40 32 36 36 36 32 40 36
split_gain=3.29255e+09 2.28368e+09 1.27237e+09 8.94066e+08 1.75154e+09 8.22377e+08 7.48086e+08 7.30342e+08 3.6492e+08 3.48101e+08 7.65118e+08 3.36132e+08 3.34163e+08 2.67256e+08 1.7102e+08 1.63197e+08 1.4133e+08 1.26631e+08 1.21583e+08 1.1256e+08 1.10148e+08 1.09188e+08 8.44996e+07 8.0045e+07 6.47205e+07 6.34101e+07 6.15332e+07 5.85193e+07 5.62332e+07 5.1263e+07 4.64423e+07 4.51599e+07 4.18734e+07 4.15365e+07 3.83713e+07 3.82517e+07 3.7077e+07 3.40335e+07 3.21754e+07 3.06667e+07 2.72845e+07 2.62215e+07 2.61192e+07 2.58565e+07 2.57582e+07 2.51132e+07 2.4363e+07 2.37597e+07 2.37e+07 2.31856e+07 2.22721e+07 2.21998e+07 2.15709e+07 2.09952e+07 4.47942e+07 2.06495e+07 2.02372e+07 1.99337e+07 1.94549e+07 1.82734e+07 1.80632e+07 1.78312e+07
threshold=1.0000000180025095e-35 5.5000000000000009 158.61000000000001 1.0000000180025095e-35 1.5000000000000002 195.6166666666667 5.5000000000000009 4.5000000000000009 79.250000000000014 1.0000000180025095e-35 1.5000000000000002 224.28750000000005 223.16250000000005 4.5000000000000009 156.25000000000003 296.12500000000006 168.15000000000001 3.5000000000000004 303.91666666666674 294.25000000000006 1.5000000000000002 123.86250000000003 262.45000000000005 127.02500000000002 146.3416666666667 170.31000000000003 324.25000000000006 144.25000000000003 353.75000000000006 259.61250000000007 5.5000000000000009 296.45000000000005 4.5000000000000009 3.5000000000000004 2.5000000000000004 408.75000000000006 4.5000000000000009 273.71250000000003 227.72500000000002 416.15000000000003 378.05000000000007 231.11250000000004 104.31000000000002 298.01666666666671 216.37083333333337 19.950000000000003 263.94166666666672 352.12500000000006 252.83333333333337 4.5000000000000009 94.216666666666683 373.58333333333343 73.516666666666694 1.0000000180025095e-35 1.5000000000000002 360.45000000000005 362.04166666666669 413.25000000000006 96.270000000000024 378.65000000000003 2.5000000000000004 165.15833333333336
decision_type=2 2 2 2 2 2 2 2 2 2 2 2 2 2 2 2 2 2 2 2 2 2 2 2 2 2 2 2 2 2 2 2 2 2 2 2 2 2 2 2 2 2 2 2 2 2 2 2 2 2 2 2 2 2 2 2 2 2 2 2 2 2
left_child=2 3 20 37 11 21 9 12 19 -4 14 24 23 16 28 17 31 46 34 -8 52 -3 56 -6 58 -9 48 47 -11 -18 50 -12 -26 -23 44 55 60 -2 -19 -21 59 -36 -32 -27 -10 -15 -7 -14 -13 -40 -22 -20 -1 -52 -55 -16 -17 -31 -5 -29 -25 -35
right_child=1 5 6 4 7 15 8 25 18 10 13 26 27 45 35 22 29 38 51 39 30 33 -24 36 32 43 -28 40 -30 57 42 -33 -34 61 41 -37 -38 -39 49 -41 -42 -43 -44 -45 -46 -47 -48 -49 -50 -51 53 -53 -54 54 -56 -57 -58 -59 -60 -61 -62 -63
leaf_value=-36.684727189813138 -21.672320825437922 2.008341631146414 -26.678627866027526 0.21871234079202018 -10.223947735886531 43.593472561702782 -11.035013856466993 -23.742809515436658 5.5761975381673388 11.499972307205201 -17.745234563429403 116.87901052798867 38.92929122360286 -25.686620915550623 53.09414986216504 82.182905016615237 1.2675608954531081 68.428239540902396 42.693212961930826 4.5657252618261079 -31.413632954357748 20.582204609501897 133.69897339027247 -0.42744547074840916 78.250508565169127 -8.0255144341714182 206.37627160414209 46.955078072579497 46.462052519318647 19.602101535656875 -20.22243288407466 -2.6944872131579216 143.65640254020693 34.209072672243046 27.542360678076108 119.07400073242189 39.639095243158188 -8.4395256775241236 83.262947345238473 17.731743941520996 86.676135085026431 59.261347061157224 -4.8607500948602302 5.9511253229745193 23.555078269981358 -16.247246441735289 65.890522849827676 66.025375278021713 157.70224157262732 109.16886962750637 -31.864410634267898 62.623075935322312 -29.480305383051757 16.242832625706992 -20.879636164246797 87.072128579808378 106.07305837964255 45.85554524617023 53.006123058497906 75.937738216624538 18.631680391149917 52.185031779465731
leaf_weight=2303 1696 350 2470 24 292 393 958 572 298 250 777 53 622 1610 92 299 470 315 356 1041 911 314 143 155 104 1363 53 151 213 561 579 1390 32 271 187 50 187 681 416 769 120 100 530 437 601 1253 178 93 108 109 336 230 1893 90 837 87 126 83 64 85 628 281
leaf_count=2303 1696 350 2470 24 292 393 958 572 298 250 777 53 622 1610 92 299 470 315 356 1041 911 314 143 155 104 1363 53 151 213 561 579 1390 32 271 187 50 187 681 416 769 120 100 530 437 601 1253 178 93 108 109 336 230 1893 90 837 87 126 83 64 85 628 281
internal_value=-0.0878237 22.5241 -11.4495 7.47825 19.1989 57.9373 -2.47329 10.2961 14.1661 -10.5909 -4.77809 114.833 30.1595 -10.3919 45.0651 77.8218 -0.650668 68.7119 31.8832 2.82409 -28.0672 25.576 100.452 12.7271 72.021 -9.24073 159.647 50.7007 27.584 13.8227 -21.2073 -8.09109 93.6401 35.101 22.677 80.4089 19.636 -17.8812 81.0615 10.1595 67.2642 38.5943 -12.881 -4.6323 17.5954 -21.5555 50.5442 42.4537 144.264 88.6415 -25.4548 50.5155 -33.4345 -21.1566 -17.2755 69.6086 89.2656 22.9857 38.6096 57.3937 14.8588 43.3599
internal_weight=32040 10715 21325 7520 5143 3195 13846 4705 4540 9306 6836 438 2333 6144 692 1979 3281 1411 1772 2768 7479 1216 568 1262 224 2372 214 1071 463 1114 3283 2167 136 866 1186 229 970 2377 840 1810 356 287 1109 1800 899 2863 571 715 161 525 2174 586 4196 1263 927 179 425 644 88 236 783 552
internal_count=32040 10715 21325 7520 5143 3195 13846 4705 4540 9306 6836 438 2333 6144 692 1979 3281 1411 1772 2768 7479 1216 568 1262 224 2372 214 1071 463 1114 3283 2167 136 866 1186 229 970 2377 840 1810 356 287 1109 1800 899 2863 571 715 161 525 2174 586 4196 1263 927 179 425 644 88 236 783 552
is_linear=0
shrinkage=0.05


Tree=16
num_leaves=63
num_cat=0
split_feature=35 40 35 40 40 40 40 35 40 40 40 35 35 35 35 35 35 40 40 35 35 40 40 40 35 35 40 25 40 40 35 40 35 35 34 35 35 35 35 40 40 39 40 39 36 40 35 39 9 9 9 35 9 25 9 39 32 39 35 40 25 35
split_gain=4.87447e+09 2.2177e+09 1.21297e+09 9.19505e+08 1.89086e+09 7.69956e+08 6.6965e+08 4.2701e+08 3.10215e+08 6.49831e+08 2.4915e+08 1.83789e+08 1.53871e+08 1.49528e+08 1.31571e+08 8.15888e+07 7.76263e+07 7.75523e+07 5.89507e+07 5.73637e+07 5.42807e+07 4.24212e+07 3.58249e+07 6.67127e+07 3.36991e+07 3.3103e+07 2.97931e+07 2.57496e+07 2.51476e+07 3.63461e+07 2.46347e+07 2.44462e+07 2.00519e+07 1.99645e+07 1.9559e+07 1.90467e+07 1.83767e+07 1.82462e+07 1.80949e+07 1.73714e+07 1.56413e+07 1.55516e+07 1.5221e+07 1.47407e+07 1.46257e+07 1.30436e+07 1.28733e+07 1.26467e+07 1.29359e+07 1.2266e+07 1.13447e+07 1.07108e+07 1.01923e+07 1.00584e+07 9.47002e+06 9.23993e+06 9.17244e+06 9.14574e+06 9.03982e+06 8.69607e+06 8.27907e+06 8.27561e+06
threshold=656.45000000000016 5.5000000000000009 301.75000000000006 1.0000000180025095e-35 1.5000000000000002 4.5000000000000009 5.5000000000000009 1008.7500000000001 1.0000000180025095e-35 1.5000000000000002 4.5000000000000009 1110.2000000000003 153.05000000000004 1110.2000000000003 463.85000000000008 1313.1500000000003 825.05000000000007 5.5000000000000009 2.5000000000000004 482.65000000000009 463.85000000000008 3.5000000000000004 1.0000000180025095e-35 1.5000000000000002 806.05000000000007 1069.4000000000003 4.5000000000000009 1.0000000180025095e-35 2.5000000000000004 3.5000000000000004 818.95000000000016 2.5000000000000004 78.450000000000017 902.1500000000002 310.45000000000005 373.95000000000005 543.55000000000007 1096.7500000000002 1397.9500000000003 2.5000000000000004 3.5000000000000004 1.0000000180025095e-35 5.5000000000000009 1.0000000180025095e-35 299.32916666666671 3.5000000000000004 242.65000000000001 1.0000000180025095e-35 1.0000000180025095e-35 1.0000000180025095e-35 1.0000000180025095e-35 1455.95 1.0000000180025095e-35 1.0000000180025095e-35 1.0000000180025095e-35 1.0000000180025095e-35 166.25000000000003 1.0000000180025095e-35 1313.1500000000003 2.5000000000000004 1.0000000180025095e-35 1225.1500000000003
decision_type=2 2 2 2 2 2 2 2 2 2 2 2 2 2 2 2 2 2 2 2 2 2 2 2 2 2 2 2 2 2 2 2 2 2 2 2 2 2 2 2 2 2 2 2 2 2 2 2 2 2 2 2 2 2 2 2 2 2 2 2 2 2
left_child=2 3 12 37 13 11 8 16 53 20 19 18 32 24 35 27 41 22 -6 39 -10 33 -14 -24 -5 43 59 56 -13 38 -23 -21 -1 -20 -15 -8 57 50 -30 -11 -33 -3 -34 52 -17 -41 -19 48 -12 -27 55 -31 -7 54 -4 -2 -9 -16 -36 -25 -18 -29
right_child=1 7 6 4 5 25 14 15 9 10 47 28 17 34 36 44 60 46 21 31 -22 30 23 26 -26 49 -28 61 29 51 -32 40 42 -35 58 -37 -38 -39 -40 45 -42 -43 -44 -45 -46 -47 -48 -49 -50 -51 -52 -53 -54 -55 -56 -57 -58 -59 -60 -61 -62 -63
leaf_value=-34.462619386587406 -22.038659100376876 39.830367139824951 -27.599443738878389 98.092772233486187 11.262287741232718 -15.99307960708936 1.6105324077392886 72.067997200258318 31.650848336901493 -14.645933402055404 -25.15222257532233 43.665510072157936 -32.308610996220509 168.79689479920921 15.791091909130893 102.27632641792297 64.032311785336034 -14.328795192369354 40.656186807714867 -5.7167578819803717 61.798676450958958 19.357988486621117 3.2597700284637572 -27.254995144930753 132.19061737060548 3.4437749403261146 -29.608769883252467 106.70095520019532 88.576696438882877 56.973147040648428 37.518473079769883 20.103773995361507 -30.924310722863705 60.786319749368786 195.22714483087714 10.88539754134044 30.618565465780012 -4.6183157075889394 135.30354614257814 2.6660295196525912 6.7872825584129295 51.619793250624106 -22.275141414936556 -3.4267147064429118 140.64345374579904 -6.6946223696208369 -5.6698198634664827 -16.438215425438553 -10.976306610120522 24.030379992181608 -4.727357614004446 90.869544328962064 -0.12283550840083178 -14.952469463091271 -15.671063339448237 -13.847328574732533 89.204430944429717 26.045183605418927 241.67313049316408 -16.323200024575083 77.233352978128778 142.61573394775391
leaf_weight=2697 628 509 1940 128 276 570 964 93 334 364 1390 65 886 41 498 32 726 1048 405 211 270 360 262 220 167 407 1046 81 102 139 388 427 1572 177 22 1300 833 457 26 678 456 621 752 880 111 825 727 1057 182 88 197 28 123 204 182 762 487 386 20 1051 142 20
leaf_count=2697 628 509 1940 128 276 570 964 93 334 364 1390 65 886 41 498 32 726 1048 405 211 270 360 262 220 167 407 1046 81 102 139 388 427 1572 177 22 1300 833 457 26 678 456 621 752 880 111 825 727 1057 182 88 197 28 123 204 182 762 487 386 20 1051 142 20
internal_value=-0.0834325 30.4634 -12.5346 14.3015 27.1452 17.1253 -2.07744 67.4374 -9.98783 -4.14126 -9.46476 39.529 -25.2745 134.076 14.8521 97.7236 54.947 -19.281 32.291 0.48175 45.1275 36.6549 -23.6346 -20.6547 117.396 -4.1733 -23.3589 90.5139 71.8183 78.0215 28.7781 9.5732 -31.5295 46.7782 193.363 6.93621 25.2898 -13.4216 98.0681 -4.84554 13.2269 46.3093 -28.1256 -7.72198 132.058 -2.47205 -10.7823 -20.6674 -23.511 7.10362 -15.9567 62.6564 -13.1763 -25.5569 -26.5764 -17.5482 86.4567 20.2686 217.344 -18.2154 66.1919 113.813
internal_weight=32040 9278 22762 6456 4412 4034 12501 2822 8520 6194 5590 1966 10261 378 3981 824 1998 5240 1606 2961 604 1330 3465 2579 295 2068 2317 681 360 295 748 1094 5021 582 83 2264 1717 2044 128 1867 883 1130 2324 1573 143 1503 1775 2629 1572 495 1587 167 693 2326 2122 1390 580 884 42 1271 868 101
internal_count=32040 9278 22762 6456 4412 4034 12501 2822 8520 6194 5590 1966 10261 378 3981 824 1998 5240 1606 2961 604 1330 3465 2579 295 2068 2317 681 360 295 748 1094 5021 582 83 2264 1717 2044 128 1867 883 1130 2324 1573 143 1503 1775 2629 1572 495 1587 167 693 2326 2122 1390 580 884 42 1271 868 101
is_linear=0
shrinkage=0.05


Tree=17
num_leaves=63
num_cat=0
split_feature=35 40 40 40 35 40 35 40 35 40 40 35 40 35 35 35 35 40 35 40 35 35 35 35 35 40 40 35 35 40 35 40 40 40 40 40 9 40 40 31 25 39 31 39 35 25 36 39 40 9 40 35 40 35 39 40 32 32 25 40 35 35
split_gain=4.40533e+09 2.14483e+09 9.04117e+08 1.81705e+09 8.54789e+08 7.25958e+08 5.37653e+08 4.53545e+08 2.3021e+08 2.0423e+08 4.40991e+08 1.89528e+08 1.65641e+08 1.25356e+08 1.09536e+08 7.77611e+07 7.16053e+07 6.68539e+07 5.27458e+07 5.22108e+07 4.36505e+07 4.15448e+07 4.14324e+07 3.79375e+07 3.11036e+07 2.9231e+07 5.61504e+07 2.91318e+07 2.77649e+07 2.50324e+07 2.24878e+07 2.16524e+07 2.02775e+07 1.79338e+07 1.67765e+07 2.53973e+07 1.6739e+07 1.57521e+07 1.53201e+07 1.51529e+07 1.46656e+07 1.44868e+07 1.4194e+07 1.37188e+07 1.34787e+07 1.32478e+07 1.31997e+07 1.26292e+07 1.2454e+07 1.22501e+07 1.21614e+07 1.14498e+07 1.13864e+07 1.09741e+07 1.05702e+07 1.04155e+07 1.03471e+07 9.95892e+06 9.8905e+06 9.80042e+06 9.76413e+06 9.75011e+06
threshold=572.75000000000011 5.5000000000000009 1.0000000180025095e-35 1.5000000000000002 291.45000000000005 4.5000000000000009 909.35000000000014 5.5000000000000009 987.70000000000016 1.0000000180025095e-35 1.5000000000000002 894.95000000000016 4.5000000000000009 137.55000000000004 1313.1500000000003 747.75000000000011 434.4500000000001 5.5000000000000009 1187.8500000000001 2.5000000000000004 1249.5000000000002 845.95000000000016 1069.4000000000003 735.20000000000016 428.85000000000008 1.0000000180025095e-35 1.5000000000000002 439.9500000000001 717.95000000000016 4.5000000000000009 1096.7500000000002 2.5000000000000004 3.5000000000000004 3.5000000000000004 2.5000000000000004 3.5000000000000004 1.0000000180025095e-35 3.5000000000000004 2.5000000000000004 450.45000000000005 1.0000000180025095e-35 1.0000000180025095e-35 193.85000000000005 1.0000000180025095e-35 38.250000000000007 1.0000000180025095e-35 299.32916666666671 1.0000000180025095e-35 1.0000000180025095e-35 1.0000000180025095e-35 1.5000000000000002 656.45000000000016 3.5000000000000004 220.65000000000006 1.0000000180025095e-35 2.5000000000000004 434.75000000000006 390.65000000000003 1.0000000180025095e-35 5.5000000000000009 361.15000000000003 1313.1500000000003
decision_type=2 2 2 2 2 2 2 2 2 2 2 2 2 2 2 2 2 2 2 2 2 2 2 2 2 2 2 2 2 2 2 2 2 2 2 2 2 2 2 2 2 2 2 2 2 2 2 2 2 2 2 2 2 2 2 2 2 2 2 2 2 2
left_child=4 2 30 11 13 8 15 9 19 -6 27 28 24 44 22 51 60 25 39 -5 31 -7 45 37 55 -15 -27 -11 -4 -28 49 -10 -25 -33 -22 -36 41 -21 -26 42 56 -23 -13 -18 -1 -8 -16 -17 -46 54 -50 -3 -40 -19 -2 -12 -24 -44 -14 -52 -9 -20
right_child=1 6 3 5 7 21 14 16 20 10 12 18 58 17 46 47 43 53 61 23 34 36 40 32 38 26 29 -29 -30 -31 -32 33 -34 -35 35 -37 -38 -39 52 -41 -42 -43 57 -45 48 -47 -48 -49 50 -51 59 -53 -54 -55 -56 -57 -58 -59 -60 -61 -62 -63
leaf_value=-33.748656469186152 -22.207550384392952 29.95048454215322 75.257386779785165 5.3507627904142545 -24.936698164868261 -11.926541822358329 66.671245068304174 0.52238693220747845 27.152401162356867 27.214240725475708 -15.929816172877663 121.40454926741751 -21.620484670839943 -30.991010141215657 97.162508988380438 46.845114867508414 14.566818106798639 -15.155620184429456 172.82497082519532 27.455889683631753 45.375064034297552 -8.9243327659128902 80.925495291264326 43.999469002776529 -8.2859283412541824 1.0905820405750133 -18.418473092519239 50.977720782160759 107.07167071210661 -28.772966750492898 -4.3873998674443824 68.848821771697487 27.6206389597818 46.613103015622386 109.79875499262955 67.402339463484921 14.855218212565653 12.685441414329219 12.069733713512662 106.03850921630861 109.12372586250306 3.4802843421904579 145.61350604118186 24.017604021933796 -35.642852092611378 86.87546980553067 133.61128174377993 58.418268300265801 -11.471308095455171 -5.9649293964823427 -30.478455262605838 39.606761376457143 1.3431814089923535 -7.3887633715127796 -14.490186259986348 -5.0794582195235716 98.415575011163696 184.67271337890625 -10.085543310174756 -23.372367167992397 7.6578139468243256 215.43409823713634
leaf_weight=1920 831 618 155 328 1964 1331 496 900 82 304 278 38 2087 911 32 400 869 964 25 325 29 398 305 352 218 268 1302 224 123 1058 457 151 408 227 66 76 184 406 464 30 80 576 47 688 464 97 111 574 125 236 1176 610 530 861 952 1082 117 25 204 826 1026 29
leaf_count=1920 831 618 155 328 1964 1331 496 900 82 304 278 38 2087 911 32 400 869 964 25 325 29 398 305 352 218 268 1302 224 123 1058 457 151 408 227 66 76 184 406 464 30 80 576 47 688 464 97 111 574 125 236 1176 610 530 861 952 1082 117 25 204 826 1026 29
internal_value=-0.0792609 24.9921 10.6229 22.0744 -13.7896 13.1173 57.9367 -4.09409 32.4386 -11.1328 -6.10384 115.801 -10.8159 -24.4307 84.2994 43.1152 10.7694 -19.2645 153.729 23.4115 58.4612 -5.90121 78.9248 27.3846 -2.10675 -23.273 -20.5976 37.2957 89.3335 -23.0604 -14.403 50.4431 35.2066 55.4956 80.0302 87.1077 1.02428 19.2523 3.71775 137.537 89.4956 -1.58854 146.128 18.7429 -30.5737 69.9762 125.455 53.6654 -28.2209 -16.6701 -26.6019 34.7472 6.35034 -11.4914 -18.087 -7.2974 85.7746 159.176 -20.5934 -27.5466 4.3235 195.708
internal_weight=32040 11327 7887 5411 20713 4939 3440 10838 2450 7355 5391 472 4863 9875 1238 2202 3483 5364 194 1819 631 2489 1095 1491 2572 3539 2628 528 278 2360 2476 460 760 378 171 142 1158 731 1212 140 502 974 110 1557 4511 593 143 974 2591 2019 2127 1228 994 1825 1783 1360 422 72 2291 2002 1926 54
internal_count=32040 11327 7887 5411 20713 4939 3440 10838 2450 7355 5391 472 4863 9875 1238 2202 3483 5364 194 1819 631 2489 1095 1491 2572 3539 2628 528 278 2360 2476 460 760 378 171 142 1158 731 1212 140 502 974 110 1557 4511 593 143 974 2591 2019 2127 1228 994 1825 1783 1360 422 72 2291 2002 1926 54
is_linear=0
shrinkage=0.05


Tree=18
num_leaves=63
num_cat=0
split_feature=32 40 31 40 40 40 36 37 40 34 34 36 37 40 40 37 36 34 40 37 40 36 36 36 36 37 31 40 40 36 37 34 31 40 40 40 37 31 36 40 37 36 36 36 36 34 36 36 36 37 31 36 40 31 37 36 36 34 37 36 36 37
split_gain=2.40146e+09 1.65994e+09 6.51895e+08 6.41539e+08 1.37547e+09 5.63289e+08 5.34973e+08 3.91345e+08 3.52847e+08 2.73911e+08 2.27782e+08 2.00323e+08 1.99338e+08 1.91244e+08 2.33965e+08 1.54517e+08 1.44849e+08 1.41947e+08 1.06682e+08 1.04252e+08 1.00622e+08 8.44471e+07 8.11974e+07 7.79657e+07 7.50646e+07 7.40652e+07 6.63409e+07 6.18863e+07 6.09957e+07 5.10101e+07 5.0739e+07 4.84101e+07 4.73039e+07 4.21605e+07 3.76191e+07 3.79201e+07 3.69293e+07 3.55167e+07 2.85644e+07 2.77074e+07 2.7234e+07 2.62542e+07 2.52747e+07 2.51493e+07 2.48301e+07 2.46154e+07 2.45489e+07 2.42565e+07 2.39016e+07 2.37321e+07 2.32053e+07 2.21132e+07 2.18902e+07 2.06647e+07 1.9199e+07 1.8607e+07 1.84582e+07 1.76628e+07 1.73786e+07 1.73468e+07 1.54913e+07 2.03537e+07
threshold=117.35000000000001 5.5000000000000009 224.05000000000004 1.0000000180025095e-35 1.5000000000000002 4.5000000000000009 194.51250000000002 2.5000000000000004 1.0000000180025095e-35 12.15 100.95000000000002 223.16250000000005 2.5000000000000004 1.5000000000000002 5.5000000000000009 2.5000000000000004 220.91250000000005 20.850000000000005 1.5000000000000002 3.5000000000000004 4.5000000000000009 268.21666666666675 334.03333333333336 305.71666666666675 123.86250000000003 3.5000000000000004 392.85000000000008 5.5000000000000009 1.0000000180025095e-35 252.83333333333337 2.5000000000000004 146.95000000000002 96.15000000000002 4.5000000000000009 1.5000000000000002 5.5000000000000009 2.5000000000000004 420.25000000000006 359.52500000000003 5.5000000000000009 2.5000000000000004 336.48750000000007 259.61250000000007 196.81666666666669 145.05500000000004 9.2000000000000011 133.56250000000003 370.65000000000009 147.81250000000003 3.5000000000000004 372.45000000000005 151.95833333333337 4.5000000000000009 85.750000000000014 3.5000000000000004 281.01000000000005 227.72500000000002 306.60000000000008 3.5000000000000004 250.51000000000002 359.52500000000003 4.5000000000000009
decision_type=2 2 2 2 2 2 2 2 2 2 2 2 2 2 2 2 2 2 2 2 2 2 2 2 2 2 2 2 2 2 2 2 2 2 2 2 2 2 2 2 2 2 2 2 2 2 2 2 2 2 2 2 2 2 2 2 2 2 2 2 2 2
left_child=2 3 12 42 10 11 19 22 -4 13 16 25 32 37 20 38 48 21 -11 44 50 49 59 56 -14 -6 40 33 -26 58 41 55 -1 -20 -30 52 -28 -10 -13 -34 -16 -18 -2 -29 -3 -31 -21 -23 -5 -9 -15 -27 -36 -12 -50 -17 -19 -55 -7 -8 61 -33
right_child=1 6 8 4 5 29 7 17 9 18 53 15 24 14 26 31 30 23 27 46 -22 47 -24 -25 28 51 36 43 34 45 -32 60 39 -35 35 -37 -38 -39 -40 -41 -42 -43 -44 -45 -46 -47 -48 -49 54 -51 -52 -53 -54 57 -56 -57 -58 -59 -60 -61 -62 -63
leaf_value=-30.152657104382474 -20.30636959883811 -5.7555086742150481 -23.647365847285215 20.01770615522889 -3.4236057969388556 -19.998577752172721 11.578538580420542 38.013734252616551 22.163437705827349 124.21342784657197 110.58206590924945 9.1618514744769151 -17.037371748243356 -8.4937121476312232 -0.51987033874813793 29.160984291557384 57.247451328470362 62.337230798337593 36.40986574490865 14.292013688997102 -19.826622644664358 65.294474736353806 47.466331534520954 118.2232996982077 -19.422896806421605 3.8510565651224016 14.062437143963955 32.040734334728299 69.882952226441475 -6.6702171912926635 114.94651967578835 47.44930934967666 -25.028284952785242 -4.5045116222970858 13.550843485026826 29.079931373634039 42.902480334472656 54.006483494428302 30.42541578726869 -15.765507845868513 20.521652649857149 101.25490817663805 -10.931612572940601 71.37413148661652 11.253434648491302 9.1343696888111818 39.42883703938287 91.934438647673687 43.29188256093434 58.321180361914401 2.1996811912933203 27.191846514836943 -12.655279483795168 138.0102291968561 86.685649397878933 45.460680693495064 82.595280158590711 187.52110027934231 -9.6039848621097335 26.453530902891313 91.508022555789438 78.608509755452474
leaf_weight=3390 1601 390 1726 87 876 1044 328 477 324 34 21 611 687 1105 1527 368 94 169 129 134 1788 479 423 138 176 141 991 68 29 1118 143 174 2422 123 164 189 125 120 213 1211 171 53 1305 101 477 316 353 104 112 206 938 362 155 31 33 334 336 43 654 487 37 75
leaf_count=3390 1601 390 1726 87 876 1044 328 477 324 34 21 611 687 1105 1527 368 94 169 129 134 1788 479 423 138 176 141 991 68 29 1118 143 174 2422 123 164 189 125 120 213 1211 171 53 1305 101 477 316 353 104 112 206 938 362 155 31 33 334 336 43 654 487 37 75
internal_value=-0.0752978 15.126 -12.4018 3.62705 11.8859 4.93251 40.2803 51.5871 -3.25331 1.41267 83.1441 19.7175 -22.4703 -1.00105 -3.12388 30.6464 70.1839 65.7862 39.019 14.0006 -11.1648 56.0695 29.6922 84.9173 -5.24259 5.35705 7.82304 32.1387 6.12209 -10.131 93.7418 43.9805 -25.9046 16.4398 14.4944 11.3324 17.2927 30.7697 14.6584 -21.9407 1.59915 73.1141 -16.0964 55.5477 3.60235 -3.18748 32.5123 70.0467 40.7365 44.1387 -3.58407 20.649 0.817461 154.357 53.1677 36.9161 75.8159 166.78 -15.995 20.467 61.3203 56.8346
internal_weight=32040 14347 17693 9846 6940 6323 4501 3147 9270 7544 617 3191 8423 7089 6645 1812 522 1909 455 1354 3831 1266 1238 643 1400 1379 2814 421 713 3132 290 988 7023 252 537 508 1116 444 824 3633 1698 147 2906 169 867 1434 487 583 232 683 2043 503 319 95 145 702 505 74 1698 815 286 249
internal_count=32040 14347 17693 9846 6940 6323 4501 3147 9270 7544 617 3191 8423 7089 6645 1812 522 1909 455 1354 3831 1266 1238 643 1400 1379 2814 421 713 3132 290 988 7023 252 537 508 1116 444 824 3633 1698 147 2906 169 867 1434 487 583 232 683 2043 503 319 95 145 702 505 74 1698 815 286 249
is_linear=0
shrinkage=0.05


Tree=19
num_leaves=63
num_cat=0
split_feature=33 40 36 40 40 36 40 40 32 36 40 40 36 40 37 36 32 32 37 36 36 36 31 34 40 36 36 34 36 34 31 36 37 34 37 40 40 36 36 37 36 36 31 40 31 36 36 40 9 36 37 37 25 36 40 40 40 40 25 37 40 36
split_gain=2.20005e+09 1.5126e+09 8.63178e+08 5.93519e+08 1.1654e+09 5.51899e+08 4.87499e+08 4.66117e+08 2.37547e+08 2.27488e+08 2.26493e+08 4.87938e+08 2.24629e+08 1.69425e+08 1.25353e+08 1.09225e+08 1.07567e+08 9.20114e+07 8.41724e+07 7.12268e+07 6.20435e+07 6.20085e+07 6.07451e+07 5.84525e+07 4.98211e+07 4.82517e+07 4.67486e+07 4.60097e+07 4.30831e+07 4.2802e+07 3.04753e+07 3.04679e+07 3.01891e+07 2.96969e+07 2.71838e+07 2.56562e+07 6.39553e+07 2.45941e+07 2.45578e+07 2.27071e+07 2.25429e+07 2.23648e+07 2.10331e+07 2.03589e+07 1.90164e+07 1.89639e+07 1.87e+07 1.83915e+07 1.83767e+07 1.80157e+07 1.79008e+07 1.76332e+07 1.75572e+07 1.67116e+07 1.6023e+07 1.67682e+07 1.54776e+07 1.53778e+07 1.51101e+07 1.49077e+07 1.47443e+07 1.41128e+07
threshold=1.0000000180025095e-35 5.5000000000000009 189.8416666666667 1.0000000180025095e-35 1.5000000000000002 195.6166666666667 4.5000000000000009 5.5000000000000009 75.15000000000002 224.28750000000005 1.0000000180025095e-35 1.5000000000000002 206.78750000000005 4.5000000000000009 1.5000000000000002 296.12500000000006 185.55000000000004 56.050000000000004 3.5000000000000004 123.86250000000003 118.31250000000001 336.48750000000007 332.05000000000007 262.45000000000005 5.5000000000000009 278.07083333333338 170.31000000000003 78.600000000000009 127.02500000000002 324.25000000000006 368.25000000000006 345.05000000000013 3.5000000000000004 16.950000000000003 4.5000000000000009 1.0000000180025095e-35 1.5000000000000002 265.25500000000005 146.3416666666667 2.5000000000000004 80.75833333333334 219.77083333333334 424.35000000000008 4.5000000000000009 323.95000000000005 298.01666666666671 248.08750000000001 2.5000000000000004 1.0000000180025095e-35 252.83333333333337 4.5000000000000009 4.5000000000000009 1.0000000180025095e-35 263.94166666666672 2.5000000000000004 3.5000000000000004 3.5000000000000004 5.5000000000000009 1.0000000180025095e-35 2.5000000000000004 2.5000000000000004 362.04166666666669
decision_type=2 2 2 2 2 2 2 2 2 2 2 2 2 2 2 2 2 2 2 2 2 2 2 2 2 2 2 2 2 2 2 2 2 2 2 2 2 2 2 2 2 2 2 2 2 2 2 2 2 2 2 2 2 2 2 2 2 2 2 2 2 2
left_child=2 3 14 37 9 19 12 10 22 27 -4 16 28 17 40 18 30 44 53 -3 57 39 -9 61 35 34 -8 38 -6 49 -12 47 -27 -21 60 -22 -37 -2 -5 46 -1 -20 -18 -38 -13 -28 -10 -19 52 -11 -43 -30 -15 -7 -34 -56 -49 -16 -24 -26 -14 -17
right_child=1 5 7 4 6 15 26 8 21 29 11 13 25 48 20 23 42 31 41 33 24 -23 58 -25 59 32 45 -29 51 -31 -32 -33 54 -35 -36 36 43 -39 -40 -41 -42 50 -44 -45 -46 -47 -48 56 -50 -51 -52 -53 -54 -55 55 -57 -58 -59 -60 -61 -62 -63
leaf_value=-29.767867153798626 -17.978328547303477 1.6876783024072648 -21.188502266263185 24.303021707405918 -8.6082781354450209 35.501228771834583 -19.958881690743922 -5.6395207594705408 10.668899527604019 93.885902304019567 13.575323529003962 -12.743024099430842 8.1046283985337908 -19.298070349265558 -24.253695149762294 66.817876990583031 64.340144398633171 -7.5688728895174666 53.313587195814151 21.362352797410786 -25.331920818406712 45.533227831315649 9.063643788473577 109.68841628928286 -2.4618395727190929 39.882089543265437 -6.4560314448633704 99.717573761940002 10.321720520974344 169.56497889104878 41.018876790096783 26.940380805321322 36.458553784543817 40.570284601427481 53.970900354385378 24.186502653210106 -8.0730555750496507 -7.0692009336078279 62.462310299459773 37.499197239439255 -22.95908517920288 66.858953639347177 108.35256873439208 -22.211685148536016 -1.9352123243061463 5.5136237716988514 25.20274514741017 18.42663226294118 -2.5258611398497468 129.47837175616513 88.071901755862768 29.7180201538735 -3.7920578442513944 53.968018713693937 86.296592062573097 56.519226475216094 4.0287265322300101 -15.10230360777674 30.569849865738004 14.192290965442002 29.701622391621029 86.768233210794506
leaf_weight=2473 1618 350 2192 74 292 393 572 1014 369 53 219 684 93 2093 1330 299 153 164 242 548 392 407 1334 143 590 309 1363 52 629 53 188 262 44 318 105 119 557 759 98 213 2391 472 33 469 1005 437 553 358 211 108 126 144 200 178 86 105 390 701 87 174 526 126
leaf_count=2473 1618 350 2192 74 292 393 572 1014 369 53 219 684 93 2093 1330 299 153 164 242 548 392 407 1334 143 590 309 1363 52 629 53 188 262 44 318 105 119 557 759 98 213 2391 472 33 469 1005 437 553 358 211 108 126 144 200 178 86 105 390 701 87 174 526 126
internal_value=-0.0715329 18.4122 -9.35888 6.16705 15.7166 47.2332 8.45463 -0.59972 13.4336 93.7251 -7.44594 -2.39163 24.6831 -7.14707 -20.9117 63.5227 40.6479 1.16099 56.0699 20.7225 -14.726 28.7894 3.70924 82.0366 -9.10427 38.9018 -7.507 58.5047 7.75412 130.591 26.252 11.9123 50.154 28.4156 30.4471 -14.2914 -10.5116 -14.4949 46.0449 22.7853 -26.4209 66.1385 72.1488 -14.536 -6.31209 -3.55007 19.3861 7.595 -16.6463 117.762 71.3286 13.935 -17.9456 41.258 63.6604 69.9268 10.9197 -21.0951 10.3804 1.33112 26.4568 72.7326
internal_weight=32040 10715 21325 7520 5143 3195 4705 12129 3977 438 8152 5960 2333 5367 9196 1979 593 2863 1411 1216 4332 1542 2435 568 2301 1268 2372 224 1065 214 407 1174 544 866 724 1537 1145 2377 172 1135 4864 840 186 1026 1689 1800 922 912 2504 161 598 773 2293 571 235 191 748 2031 1421 764 619 425
internal_count=32040 10715 21325 7520 5143 3195 4705 12129 3977 438 8152 5960 2333 5367 9196 1979 593 2863 1411 1216 4332 1542 2435 568 2301 1268 2372 224 1065 214 407 1174 544 866 724 1537 1145 2377 172 1135 4864 840 186 1026 1689 1800 922 912 2504 161 598 773 2293 571 235 191 748 2031 1421 764 619 425
is_linear=0
shrinkage=0.05


Tree=20
num_leaves=63
num_cat=0
split_feature=35 35 38 35 35 35 38 35 35 22 35 9 22 25 9 25 35 25 9 35 25 39 25 22 9 9 39 35 9 35 32 33 33 9 33 36 35 39 39 5 6 32 18 39 5 36 36 2 33 36 32 35 33 39 35 38 36 35 9 32 36 8
split_gain=3.30513e+09 8.12822e+08 4.72913e+08 4.49302e+08 1.37496e+08 1.3304e+08 1.08109e+08 9.28226e+07 9.21928e+07 6.98539e+07 3.59457e+07 2.55617e+07 2.4342e+07 2.41997e+07 2.2941e+07 2.32093e+07 2.21472e+07 2.1606e+07 1.96244e+07 1.94763e+07 1.93906e+07 1.8903e+07 1.67313e+07 1.64527e+07 1.46589e+07 1.44025e+07 1.4239e+07 1.36707e+07 1.25798e+07 1.1809e+07 1.17361e+07 1.37152e+07 1.15109e+07 1.1087e+07 1.10734e+07 1.10889e+07 1.21386e+07 1.0356e+07 9.41503e+06 1.07144e+07 8.88961e+06 8.60718e+06 9.31973e+06 8.34967e+06 8.55402e+06 8.3184e+06 8.19229e+06 7.87192e+06 1.05621e+07 7.76232e+06 1.43304e+07 7.25082e+06 7.23461e+06 6.99806e+06 6.84737e+06 6.50584e+06 6.45854e+06 6.32167e+06 7.73207e+06 6.1722e+06 6.14619e+06 8.17044e+06
threshold=645.45000000000016 333.45000000000005 1.0000000180025095e-35 1122.0000000000002 184.45000000000002 818.95000000000016 1.0000000180025095e-35 466.75000000000006 967.45000000000016 1.0000000180025095e-35 1313.1500000000003 1.0000000180025095e-35 1.0000000180025095e-35 1.0000000180025095e-35 1.0000000180025095e-35 1.0000000180025095e-35 91.450000000000017 1.0000000180025095e-35 1.0000000180025095e-35 1397.9500000000003 1.0000000180025095e-35 1.0000000180025095e-35 1.0000000180025095e-35 1.0000000180025095e-35 1.0000000180025095e-35 1.0000000180025095e-35 1.0000000180025095e-35 1351.1500000000003 1.0000000180025095e-35 987.70000000000016 478.05000000000007 224.15000000000001 397.55000000000007 1.0000000180025095e-35 309.05000000000007 288.61000000000007 1455.95 1.0000000180025095e-35 1.0000000180025095e-35 1.0000000180025095e-35 1.0000000180025095e-35 147.75000000000003 1.0000000180025095e-35 1.0000000180025095e-35 1.0000000180025095e-35 354.54166666666669 334.03333333333336 1.0000000180025095e-35 25.550000000000004 352.12500000000006 410.95000000000005 794.6500000000002 399.55000000000007 1.0000000180025095e-35 485.05000000000007 1.0000000180025095e-35 201.13750000000002 1203.6500000000003 1.0000000180025095e-35 183.45000000000002 269.82916666666671 1.0000000180025095e-35
decision_type=2 2 2 2 2 2 2 2 2 2 2 2 2 2 2 2 2 2 2 2 2 2 2 2 2 2 2 2 2 2 2 2 2 2 2 2 2 2 2 2 2 2 2 2 2 2 2 2 2 2 2 2 2 2 2 2 2 2 2 2 2 2
left_child=1 4 3 5 16 13 7 14 12 19 26 22 -4 25 15 43 -1 18 37 30 -21 24 29 54 55 38 33 53 34 47 57 -32 -28 -5 -12 52 -37 -9 39 -2 -24 -34 -43 44 -3 -30 -27 48 -7 -38 -51 -40 -36 -11 -8 -6 -31 58 -10 -55 -58 -62
right_child=2 6 8 10 21 11 23 17 9 27 28 -13 -14 -15 -16 -17 -18 -19 -20 20 -22 -23 40 -25 -26 46 32 -29 45 56 31 -33 41 -35 35 36 49 -39 51 -41 -42 42 -44 -45 -46 -47 -48 -49 -50 50 -52 -53 -54 59 -56 -57 60 -59 -60 -61 61 -63
leaf_value=-27.859343868741192 8.6308951352932848 -7.8542662190608361 -4.7943524306575993 36.292713030406411 -16.233823825913095 32.604060837590332 -20.71679088039728 1.4934129534526011 0.2911645478832311 26.994866250284385 49.72639588594437 43.433294676028261 10.993018560246988 29.920498424575214 7.7488423314683734 6.8883004509034711 -21.801218884405973 16.541531773849769 15.081026557297037 19.737237073291432 71.158781433105474 -9.7065714693499459 43.220416301569642 -1.7145535511440704 -5.7437364971165934 21.332958358705046 53.828989168651518 66.128637866746814 80.163055432544041 57.225603765249254 62.484219665527348 11.773344295024872 99.601095599219917 62.616386623893476 75.039145832061763 56.237420708482922 63.566819425191618 7.068281585911989 16.625790948763662 21.698095444069438 21.138456511526154 70.552472871293631 37.480223922729493 -2.276985351185004 0.41041090796502788 113.70210418701173 38.452080397476863 34.596719796385834 21.933143011866473 67.938767786820733 122.02938162231447 28.495725338799613 115.75684309005737 68.947619792393283 -12.841548082592945 -23.567826071781898 29.042836468795254 13.457457652313506 18.904903685860337 38.408902824612767 43.868952537449928 22.915412400334571
leaf_weight=3111 741 2597 1178 140 3106 330 521 1833 435 122 55 545 308 401 434 427 2929 486 456 110 22 1750 369 225 319 250 315 42 51 32 20 40 21 56 20 88 31 1527 1031 199 52 144 25 1500 356 29 97 272 780 24 25 147 24 21 587 335 290 187 64 78 220 59
leaf_count=3111 741 2597 1178 140 3106 330 521 1833 435 122 55 545 308 401 434 427 2929 486 456 110 22 1750 369 225 319 250 315 42 51 32 20 40 21 56 20 88 31 1527 1031 199 52 144 25 1500 356 29 97 272 780 24 25 147 24 21 587 335 290 187 64 78 220 59
internal_value=-0.0200883 -10.458 24.7263 31.6319 -19.711 26.2008 -0.69714 1.15269 6.68557 17.375 61.7673 33.6565 -1.52214 18.5292 -3.26733 -4.24705 -24.9216 6.61247 5.34791 10.604 28.3075 -13.9993 31.44 -14.0414 -15.9973 16.6761 55.2522 39.9794 74.9288 29.5181 7.47149 28.677 59.6917 43.8138 69.7177 74.9041 69.052 4.02699 15.1291 11.3972 40.493 69.4115 65.6601 -5.31482 -6.85792 92.321 26.1184 26.9736 25.1056 83.148 95.536 18.107 97.2488 35.0098 -16.5446 -16.9478 35.3691 5.61679 2.6785 44.8868 34.1399 39.4379
internal_weight=31989 22499 9490 6863 11550 5815 10949 9616 2627 1141 1048 2949 1486 2866 5314 4880 6040 4302 3816 878 132 5510 2404 1333 3760 2465 701 263 347 1983 746 60 505 196 267 212 168 3360 2118 940 421 190 169 4453 2953 80 347 1382 1110 80 49 1178 44 221 1108 3441 601 686 499 99 569 279
internal_count=31989 22499 9490 6863 11550 5815 10949 9616 2627 1141 1048 2949 1486 2866 5314 4880 6040 4302 3816 878 132 5510 2404 1333 3760 2465 701 263 347 1983 746 60 505 196 267 212 168 3360 2118 940 421 190 169 4453 2953 80 347 1382 1110 80 49 1178 44 221 1108 3441 601 686 499 99 569 279
is_linear=0
shrinkage=0.05


Tree=21
num_leaves=63
num_cat=0
split_feature=37 40 36 36 40 40 40 40 36 36 40 40 37 40 36 36 36 37 36 37 36 40 37 36 37 37 36 36 36 37 36 36 36 37 40 40 40 40 36 37 37 37 37 36 37 40 40 39 36 36 36 36 39 40 36 36 36 37 36 37 37 37
split_gain=1.74658e+09 1.30489e+09 6.97117e+08 5.86877e+08 5.46901e+08 1.15385e+09 4.5239e+08 3.66962e+08 2.58838e+08 2.16979e+08 1.74411e+08 3.43586e+08 1.53258e+08 1.30554e+08 1.09891e+08 9.81114e+07 9.55744e+07 8.79113e+07 6.76636e+07 6.16123e+07 5.64411e+07 5.60622e+07 5.52825e+07 5.15023e+07 4.76243e+07 4.48773e+07 4.34235e+07 3.73229e+07 3.55937e+07 3.46615e+07 3.45077e+07 3.20127e+07 3.13175e+07 2.99642e+07 2.81511e+07 6.17074e+07 2.77863e+07 2.68906e+07 2.63035e+07 2.60594e+07 2.56559e+07 2.5268e+07 2.42071e+07 2.353e+07 2.06225e+07 1.87992e+07 2.21851e+07 1.83839e+07 1.73891e+07 1.73032e+07 1.72214e+07 1.64508e+07 1.48627e+07 1.40566e+07 1.38853e+07 1.38207e+07 1.37285e+07 1.36959e+07 1.33011e+07 1.32695e+07 1.31232e+07 1.27253e+07
threshold=2.5000000000000004 5.5000000000000009 212.78750000000005 209.12916666666669 1.0000000180025095e-35 1.5000000000000002 4.5000000000000009 5.5000000000000009 224.28750000000005 188.61250000000004 1.0000000180025095e-35 1.5000000000000002 1.5000000000000002 4.5000000000000009 147.81250000000003 96.270000000000024 323.02500000000003 3.5000000000000004 305.71666666666675 1.5000000000000002 266.78333333333336 5.5000000000000009 1.5000000000000002 175.51666666666668 3.5000000000000004 4.5000000000000009 232.25833333333335 352.12500000000006 323.02500000000003 3.5000000000000004 342.98333333333341 252.83333333333337 109.81250000000001 3.5000000000000004 1.0000000180025095e-35 1.5000000000000002 4.5000000000000009 2.5000000000000004 298.01666666666671 3.5000000000000004 1.5000000000000002 3.5000000000000004 3.5000000000000004 225.27083333333334 4.5000000000000009 2.5000000000000004 3.5000000000000004 1.0000000180025095e-35 373.58333333333343 100.47500000000001 244.65833333333336 409.72500000000008 1.0000000180025095e-35 3.5000000000000004 154.65833333333336 261.05833333333339 373.58333333333343 4.5000000000000009 367.51666666666671 3.5000000000000004 3.5000000000000004 1.5000000000000002
decision_type=2 2 2 2 2 2 2 2 2 2 2 2 2 2 2 2 2 2 2 2 2 2 2 2 2 2 2 2 2 2 2 2 2 2 2 2 2 2 2 2 2 2 2 2 2 2 2 2 2 2 2 2 2 2 2 2 2 2 2 2 2 2
left_child=2 4 15 14 43 8 9 10 23 32 -4 19 27 22 42 -1 17 50 -14 48 33 34 58 49 55 60 54 -9 -21 56 -24 -19 -7 -11 -17 -36 61 -22 57 -25 -23 -39 -3 -2 -33 -35 -47 -28 -12 -6 -5 -20 -15 -43 -8 -10 -18 -26 -13 -34 -16 -37
right_child=1 3 7 16 5 6 26 12 24 20 11 13 18 52 25 21 29 31 51 28 37 40 30 39 38 -27 47 -29 -30 -31 -32 44 59 45 35 36 -38 41 -40 -41 -42 53 -44 -45 -46 46 -48 -49 -50 -51 -52 -53 -54 -55 -56 -57 -58 -59 -60 -61 -62 -63
leaf_value=-24.96686582815903 -19.463244280054713 -2.8341236424446108 -19.71476876462021 31.389793711326742 1.2593576669692994 -13.042223885405065 -20.651589952229646 -2.2997780405675639 73.974553825980749 14.794887032892483 13.22069674334085 -9.0771874247584492 16.937802832315391 -18.636684526195928 19.289695870630066 -25.935309237790911 62.809575396816754 56.171418606962789 35.191563094021824 44.541984638829874 20.386490820513831 -13.834580306874997 4.8380974946610387 54.00004342294509 114.02031031641468 51.319794975319489 -9.0169749657651472 11.096765348815902 90.269904625415805 107.12464581657861 25.541006238974447 70.781932550426262 0.41105026986676035 10.296455447467757 7.5244232586509474 -18.564587712268004 -23.966940264938977 38.546399314788083 175.03012823060502 100.22328574180604 -1.6778629155458606 76.323309729017055 14.802392475069926 -9.9896581917968401 102.29571605561273 49.419910025469804 26.461781116509538 3.7132258153295137 37.47529667667294 41.856201101165937 47.027676516170558 56.261841386455608 -10.081801380086176 50.512906218998467 -10.82999498553977 110.90538532482952 87.275865627856973 162.00285537719728 0.59384373485861952 13.271952353792152 31.914802614050373 -8.6531997790657886
leaf_weight=4053 1378 435 1921 270 32 250 589 1014 38 463 173 768 802 1305 472 890 147 438 431 127 108 807 697 62 58 197 499 1067 64 102 283 295 379 81 259 599 1111 310 43 60 939 87 352 1250 63 188 239 657 129 146 506 118 831 134 925 76 94 20 662 426 365 705
leaf_count=4053 1378 435 1921 270 32 250 589 1014 38 463 173 768 802 1305 472 890 147 438 431 127 108 807 697 62 58 197 499 1067 64 102 283 295 379 81 259 599 1111 310 43 60 939 87 352 1250 63 188 239 657 129 146 506 118 831 134 925 76 94 20 662 426 365 705
internal_value=-0.0190839 14.8272 -9.21319 39.4552 3.99996 12.4871 5.46711 -0.297764 82.4899 20.0407 -6.89558 -2.00856 13.0824 -6.30813 19.133 -19.1084 58.7798 53.5621 26.1958 37.6381 31.5897 -14.6368 1.66892 51.709 121.785 29.8488 -9.07918 4.56909 59.8644 82.6929 10.8166 65.2367 2.41619 23.9952 -18.2328 -15.6691 -18.1565 43.1299 143.632 76.7328 -7.29669 47.7556 5.05413 -14.9572 76.3277 32.3806 36.5698 -1.7819 23.5811 34.5579 41.5867 39.7203 -15.3085 60.6736 -14.6509 98.5951 72.3524 126.324 -4.60011 7.21694 24.7953 -13.2061
internal_weight=31989 12234 19755 3736 8498 5870 5335 10392 535 2665 6960 5039 3432 4546 1821 9363 1915 1572 1351 493 1610 5310 2410 300 235 1034 2670 2081 191 343 980 796 1055 971 3564 2674 2415 639 121 122 1746 531 787 2628 358 508 427 1156 302 178 776 549 2136 221 1514 114 241 78 1430 805 837 1304
internal_count=31989 12234 19755 3736 8498 5870 5335 10392 535 2665 6960 5039 3432 4546 1821 9363 1915 1572 1351 493 1610 5310 2410 300 235 1034 2670 2081 191 343 980 796 1055 971 3564 2674 2415 639 121 122 1746 531 787 2628 358 508 427 1156 302 178 776 549 2136 221 1514 114 241 78 1430 805 837 1304
is_linear=0
shrinkage=0.05


Tree=22
num_leaves=63
num_cat=0
split_feature=35 35 35 35 35 35 20 9 9 20 0 17 25 25 9 30 25 9 9 35 25 30 16 35 36 2 17 0 27 19 25 2 2 36 14 32 34 33 33 9 36 27 5 25 23 33 34 25 32 32 35 7 5 36 33 19 15 18 2 35 36 35
split_gain=2.7112e+09 6.70063e+08 3.27584e+08 1.11326e+08 9.42728e+07 6.68197e+07 6.25797e+07 5.5154e+07 4.14012e+07 3.64165e+07 3.57331e+07 3.23959e+07 3.14134e+07 3.02222e+07 2.54902e+07 2.50632e+07 2.48079e+07 2.37251e+07 2.2933e+07 2.28028e+07 2.17909e+07 2.16266e+07 1.92697e+07 1.79666e+07 1.74588e+07 1.64505e+07 1.56012e+07 1.47981e+07 1.43102e+07 1.38217e+07 1.20717e+07 1.17247e+07 1.15775e+07 1.15428e+07 1.21597e+07 1.14647e+07 1.50906e+07 1.17797e+07 1.14737e+07 1.1357e+07 1.13455e+07 1.10463e+07 1.07645e+07 9.67826e+06 9.61542e+06 1.72779e+07 1.74e+07 1.01466e+07 1.48588e+07 9.19183e+06 9.07401e+06 8.9991e+06 1.03399e+07 8.76601e+06 8.69601e+06 7.9488e+06 8.0336e+06 7.89583e+06 7.62229e+06 7.61884e+06 7.541e+06 8.01895e+06
threshold=645.45000000000016 333.45000000000005 1122.0000000000002 176.95000000000002 818.95000000000016 458.85000000000008 1.0000000180025095e-35 1.0000000180025095e-35 1.0000000180025095e-35 1.0000000180025095e-35 1.0000000180025095e-35 1.0000000180025095e-35 1.0000000180025095e-35 1.0000000180025095e-35 1.0000000180025095e-35 1.0000000180025095e-35 1.0000000180025095e-35 1.0000000180025095e-35 1.0000000180025095e-35 1313.1500000000003 1.0000000180025095e-35 1.0000000180025095e-35 1.0000000180025095e-35 1313.1500000000003 40.158333333333339 1.0000000180025095e-35 1.0000000180025095e-35 1.0000000180025095e-35 1.0000000180025095e-35 1.0000000180025095e-35 1.0000000180025095e-35 1.0000000180025095e-35 1.0000000180025095e-35 334.03333333333336 1.0000000180025095e-35 472.65000000000003 316.45000000000005 392.15000000000003 265.35000000000008 1.0000000180025095e-35 345.05000000000013 1.0000000180025095e-35 1.0000000180025095e-35 1.0000000180025095e-35 1.0000000180025095e-35 318.95000000000005 51.45000000000001 1.0000000180025095e-35 113.15000000000002 156.25000000000003 902.1500000000002 1.0000000180025095e-35 1.0000000180025095e-35 334.03333333333336 425.05000000000007 1.0000000180025095e-35 1.0000000180025095e-35 1.0000000180025095e-35 1.0000000180025095e-35 231.25000000000003 432.35000000000008 987.70000000000016
decision_type=2 2 2 2 2 2 2 2 2 2 2 2 2 2 2 2 2 2 2 2 2 2 2 2 2 2 2 2 2 2 2 2 2 2 2 2 2 2 2 2 2 2 2 2 2 2 2 2 2 2 2 2 2 2 2 2 2 2 2 2 2 2
left_child=1 3 4 24 12 17 8 9 11 10 16 15 18 14 32 19 21 20 26 41 58 22 25 -10 -1 28 29 35 33 31 39 51 42 34 50 36 -21 -37 -38 59 -25 44 55 -40 47 -46 -47 48 54 -49 -6 52 -2 -20 -4 56 -7 -52 -3 -5 61 -18
right_child=2 5 6 30 7 13 -8 -9 23 -11 -12 -13 -14 -15 -16 -17 60 -19 53 27 -22 -23 -24 40 -26 -27 -28 -29 -30 -31 -32 -33 -34 -35 -36 37 38 -39 43 -41 -42 -43 -44 -45 45 46 -48 49 -50 -51 57 -53 -54 -55 -56 -57 -58 -59 -60 -61 -62 -63
leaf_value=-26.255273314361915 5.7772837712603753 -7.1003574301010692 42.381907539121038 -16.924167999095967 15.466688618290625 -0.41625068126318088 5.9293533850897546 36.613505499851122 51.726603439184466 -1.4033199282532389 -0.869602277856663 8.2726986589945035 24.268151166802959 14.233567176825179 12.308783622016676 13.954417188066834 27.416698823366314 6.7969052116880677 17.291037363895882 36.030519514405327 5.3957152217272624 -1.9778387048809798 -0.00054063445643374791 60.510239975793027 -20.606920306841431 31.553561072829552 -10.304259114171945 18.274048200020424 -2.6697736709348621 -10.351765721610615 -4.0574794949432995 18.350424506378737 7.7898645298203109 29.569269209546817 -4.4567329063415526 50.894156613716717 37.265258286638961 94.809920548103946 60.19767745388441 -5.0221009919251483 91.678726361227817 9.3860159297441612 6.8402208658059438 89.72842564317915 31.661100529110623 87.910729353162992 44.633502222597599 20.63067778240551 31.247225095244019 56.034513764814896 25.995049693467024 15.83592368461095 15.777777853476545 34.115072762966157 84.629932685125439 -15.904445866788372 -18.304843002557757 14.554070645382531 0.27511106176370104 -12.789129499346902 59.576115285433254 41.333472971277303
leaf_weight=2215 1555 4222 29 1664 539 3245 111 652 185 176 163 72 475 565 537 71 320 426 303 89 421 97 95 56 3578 452 102 26 62 84 358 382 518 377 50 26 41 37 121 365 61 29 480 36 63 45 48 22 408 110 731 385 310 104 21 89 64 190 382 3370 26 153
leaf_count=2215 1555 4222 29 1664 539 3245 111 652 185 176 163 72 475 565 537 71 320 426 303 89 421 97 95 56 3578 452 102 26 62 84 358 382 518 377 50 26 41 37 121 365 61 29 480 36 63 45 48 22 408 110 731 385 310 104 21 89 64 190 382 3370 26 153
internal_value=-0.0181297 -9.47184 22.3948 -17.8731 18.0443 -0.609466 42.2309 23.2827 44.7556 20.7495 21.9473 40.8652 12.2636 3.27983 2.02524 42.7855 23.1501 -4.53229 10.4955 44.564 -5.49274 21.1854 22.0856 61.4252 -22.7666 22.9595 8.89315 54.6678 20.9664 9.61411 -12.9489 10.2513 0.769044 21.743 19.789 57.3713 53.1315 76.686 60.8183 -13.5385 76.7605 39.662 -0.168755 66.9691 40.839 51.8785 65.5741 37.9201 34.3999 50.1339 20.6193 8.87627 7.43956 21.5901 60.1261 -1.15884 -0.762237 23.6348 -6.48841 -14.156 33.3594 31.9183
internal_weight=31989 22499 9490 11550 7783 10949 1707 4083 1596 3431 3255 1294 3700 5498 4933 1222 3092 5451 3225 1151 5025 2593 2496 302 5793 2401 2818 376 1949 2716 5757 2632 4396 1887 1510 350 287 63 198 5399 117 775 3878 157 746 156 93 590 458 132 1460 2250 1865 407 50 3398 3309 921 4604 5034 499 473
internal_count=31989 22499 9490 11550 7783 10949 1707 4083 1596 3431 3255 1294 3700 5498 4933 1222 3092 5451 3225 1151 5025 2593 2496 302 5793 2401 2818 376 1949 2716 5757 2632 4396 1887 1510 350 287 63 198 5399 117 775 3878 157 746 156 93 590 458 132 1460 2250 1865 407 50 3398 3309 921 4604 5034 499 473
is_linear=0
shrinkage=0.05


Tree=23
num_leaves=63
num_cat=0
split_feature=35 40 40 40 40 35 35 40 35 35 40 40 40 35 35 35 35 40 40 40 40 35 35 40 40 40 40 40 35 35 35 9 40 9 35 25 35 35 35 35 9 25 35 25 36 25 40 36 40 40 31 31 35 9 35 35 40 40 36 31 34 33
split_gain=2.45073e+09 1.39488e+09 5.91951e+08 1.25241e+09 4.7843e+08 4.15676e+08 3.72564e+08 2.65027e+08 1.61377e+08 1.38666e+08 1.17481e+08 2.62507e+08 9.46477e+07 8.2173e+07 7.25231e+07 6.3818e+07 6.18525e+07 4.58536e+07 4.45534e+07 3.5308e+07 3.24575e+07 2.95828e+07 2.85966e+07 2.57733e+07 1.93581e+07 3.47717e+07 1.85373e+07 1.73807e+07 1.72138e+07 1.5787e+07 1.51731e+07 1.46157e+07 1.36416e+07 1.32338e+07 1.27741e+07 1.25106e+07 1.24554e+07 1.23119e+07 1.2233e+07 1.15266e+07 1.10565e+07 1.03873e+07 1.03084e+07 1.01646e+07 9.60304e+06 8.84777e+06 8.42517e+06 8.11008e+06 9.90942e+06 1.0176e+07 7.92378e+06 1.28584e+07 7.14521e+06 7.02536e+06 6.84594e+06 6.84504e+06 6.67056e+06 7.31474e+06 6.16799e+06 6.21597e+06 6.23826e+06 5.87096e+06
threshold=527.55000000000007 5.5000000000000009 1.0000000180025095e-35 1.5000000000000002 4.5000000000000009 284.95000000000005 967.45000000000016 5.5000000000000009 800.35000000000025 940.45000000000016 1.0000000180025095e-35 1.5000000000000002 4.5000000000000009 707.6500000000002 1313.1500000000003 137.55000000000004 1279.4000000000003 5.5000000000000009 2.5000000000000004 2.5000000000000004 3.5000000000000004 392.25000000000011 1069.4000000000003 3.5000000000000004 1.0000000180025095e-35 1.5000000000000002 2.5000000000000004 4.5000000000000009 1397.9500000000003 794.6500000000002 645.45000000000016 1.0000000180025095e-35 3.5000000000000004 1.0000000180025095e-35 685.05000000000007 1.0000000180025095e-35 439.9500000000001 1110.2000000000003 651.1500000000002 1110.2000000000003 1.0000000180025095e-35 1.0000000180025095e-35 1096.7500000000002 1.0000000180025095e-35 298.01666666666671 1.0000000180025095e-35 2.5000000000000004 40.158333333333339 1.0000000180025095e-35 1.5000000000000002 361.85000000000008 150.65000000000001 1279.4000000000003 1.0000000180025095e-35 394.85000000000008 1397.9500000000003 5.5000000000000009 4.5000000000000009 364.8250000000001 382.95000000000005 403.55000000000007 25.550000000000004
decision_type=2 2 2 2 2 2 2 2 2 2 2 2 2 2 2 2 2 2 2 2 2 2 2 2 2 2 2 2 2 2 2 2 2 2 2 2 2 2 2 2 2 2 2 2 2 2 2 2 2 2 2 2 2 2 2 2 2 2 2 2 2 2
left_child=5 2 33 8 9 15 13 10 30 18 -7 36 26 -3 39 47 37 24 -5 -11 38 -9 40 28 -17 -26 -13 46 -21 45 -4 41 -28 35 -22 52 -12 -8 -20 50 43 -23 -25 -6 -41 -15 -27 -1 -49 -50 51 -10 -2 -40 -34 -24 57 -51 59 -18 -61 -52
right_child=1 6 3 4 22 7 16 21 14 19 11 12 -14 29 -16 17 58 -19 20 23 34 31 55 42 25 27 32 -29 -30 -31 -32 -33 54 -35 -36 -37 -38 -39 53 44 -42 -43 -44 -45 -46 -47 -48 48 49 56 61 -53 -54 -55 -56 -57 -58 -59 -60 60 -62 -63
leaf_value=-24.945882136659925 -16.608510680289129 24.344666331916144 49.457810737169709 -0.3927549656255101 -12.12138402455872 -20.566784253848073 58.204315561015953 2.3627946520996028 87.203767734103735 17.060911748259088 22.960142902512128 -11.736745653594479 -17.227573310568076 32.438906695083027 190.31389099121094 -24.489724403080423 79.312157773214679 -8.0265670954765547 18.699924589479103 54.348085756862865 6.1713224594842417 9.2947028426551643 1.1089516076900992 28.974572921918902 2.1300611316180622 -22.544919273445199 4.2830658907921375 -22.5548950769568 102.64450086593629 45.639863145563595 73.434259347061626 26.249873770755016 -8.739159029862611 -3.5545123970311772 18.259057941393333 -5.1723928077904402 39.478461937070563 70.862624055817292 29.698744178396556 106.20289878845216 -0.33309669972666156 22.996484542206716 45.713570404562724 -1.3776801180651808 147.25485029549435 49.500506595505612 -11.78219746389496 -27.676976734042455 -4.1832569839241351 -18.706369204735971 106.78425045671133 125.12199744531664 -4.4529648953861045 48.040325601895653 -0.55745836577056784 16.107142823614101 -16.402735431467899 -27.102752297027401 111.21324243164064 89.500604257351029 121.59733079274496 78.176507422264592
leaf_weight=2210 1924 1287 130 347 1652 1789 445 1448 36 127 318 445 2081 488 30 862 63 1739 271 238 392 1537 418 181 244 222 854 1023 20 920 134 162 467 318 494 317 178 338 402 28 298 152 187 254 29 90 1005 417 107 555 29 59 129 60 565 93 732 487 50 41 24 47
leaf_count=2210 1924 1287 130 347 1652 1789 445 1448 36 127 318 445 2081 488 30 862 63 1739 271 238 392 1537 418 181 244 222 854 1023 20 920 134 162 467 318 494 317 178 338 402 28 298 152 187 254 29 90 1005 417 107 555 29 59 129 60 565 93 732 487 50 41 24 47
internal_value=-0.0172232 17.3888 6.34469 15.1348 8.02851 -11.0208 42.8732 -3.88376 89.1107 22.8537 -9.59793 -5.59971 -9.47685 33.6106 117.233 -18.45 69.7166 -14.616 15.8656 41.0987 19.3503 7.71604 -6.81849 45.9754 -18.0304 -15.7979 -2.55739 -17.7421 58.092 41.5714 61.6277 11.9038 -0.391523 -13.1321 12.911 -14.4172 28.8881 63.6686 27.1337 107.617 -9.28935 10.5278 37.4805 -10.6896 127.089 35.0956 -13.7295 -22.7833 -20.7036 -19.1576 101.126 110.753 -15.8447 32.0808 -4.25984 3.83856 -20.0608 -22.6306 96.3213 90.5041 101.352 89.0926
internal_weight=31989 12390 8644 5956 5434 19599 3746 9996 522 2719 6697 4908 4412 2785 258 9603 961 5095 1966 753 1619 3299 2715 626 3356 2494 2331 2250 258 1498 264 1851 1886 2688 886 2370 496 783 733 228 2204 1689 368 1906 57 578 1227 4508 2298 1881 171 95 2053 462 1032 511 1774 1042 178 128 65 76
internal_count=31989 12390 8644 5956 5434 19599 3746 9996 522 2719 6697 4908 4412 2785 258 9603 961 5095 1966 753 1619 3299 2715 626 3356 2494 2331 2250 258 1498 264 1851 1886 2688 886 2370 496 783 733 228 2204 1689 368 1906 57 578 1227 4508 2298 1881 171 95 2053 462 1032 511 1774 1042 178 128 65 76
is_linear=0
shrinkage=0.05


Tree=24
num_leaves=63
num_cat=0
split_feature=35 40 35 40 40 40 40 35 40 40 40 35 35 35 40 35 35 35 35 40 40 40 40 40 40 40 35 35 40 35 36 40 9 39 39 35 39 39 40 40 35 25 35 32 36 25 9 40 40 40 40 32 31 35 9 9 9 31 9 39 40 32
split_gain=2.21616e+09 1.13693e+09 5.47354e+08 4.8935e+08 1.07282e+09 4.03881e+08 3.38435e+08 2.27934e+08 1.48459e+08 3.12978e+08 1.23364e+08 9.10661e+07 9.09274e+07 8.17795e+07 6.33755e+07 4.74742e+07 4.38042e+07 4.33437e+07 3.6614e+07 3.33332e+07 3.10127e+07 5.16395e+07 2.68758e+07 2.62887e+07 2.57462e+07 2.51127e+07 2.01239e+07 1.99075e+07 1.94228e+07 1.91271e+07 1.52282e+07 1.71608e+07 1.34666e+07 1.46277e+07 1.34123e+07 1.17088e+07 1.15219e+07 1.10824e+07 9.71024e+06 9.56972e+06 8.82486e+06 8.62189e+06 8.44258e+06 1.21869e+07 8.66674e+06 8.43067e+06 8.00273e+06 8.00061e+06 1.85899e+07 9.07759e+06 7.99419e+06 7.7091e+06 7.47775e+06 7.28385e+06 7.1747e+06 7.11759e+06 7.08383e+06 6.90713e+06 6.64218e+06 7.01775e+06 6.4637e+06 6.41045e+06
threshold=645.45000000000016 5.5000000000000009 333.45000000000005 1.0000000180025095e-35 1.5000000000000002 4.5000000000000009 5.5000000000000009 1020.4500000000002 1.0000000180025095e-35 1.5000000000000002 4.5000000000000009 184.45000000000002 1313.1500000000003 1032.6500000000003 5.5000000000000009 487.35000000000008 794.6500000000002 1279.4000000000003 838.80000000000018 2.5000000000000004 1.0000000180025095e-35 1.5000000000000002 2.5000000000000004 3.5000000000000004 4.5000000000000009 2.5000000000000004 482.65000000000009 1225.1500000000003 3.5000000000000004 466.75000000000006 40.158333333333339 5.5000000000000009 1.0000000180025095e-35 1.0000000180025095e-35 1.0000000180025095e-35 1397.9500000000003 1.0000000180025095e-35 1.0000000180025095e-35 3.5000000000000004 2.5000000000000004 249.95000000000002 1.0000000180025095e-35 1110.2000000000003 96.450000000000017 298.01666666666671 1.0000000180025095e-35 1.0000000180025095e-35 1.0000000180025095e-35 1.5000000000000002 4.5000000000000009 3.5000000000000004 389.15000000000003 312.25000000000006 1110.2000000000003 1.0000000180025095e-35 1.0000000180025095e-35 1.0000000180025095e-35 150.65000000000001 1.0000000180025095e-35 1.0000000180025095e-35 3.5000000000000004 152.35000000000005
decision_type=2 2 2 2 2 2 2 2 2 2 2 2 2 2 2 2 2 2 2 2 2 2 2 2 2 2 2 2 2 2 2 2 2 2 2 2 2 2 2 2 2 2 2 2 2 2 2 2 2 2 2 2 2 2 2 2 2 2 2 2 2 2
left_child=2 3 11 37 12 13 8 16 -4 29 22 30 18 19 20 32 36 41 -5 -6 -13 -22 -11 46 39 -15 50 34 35 -10 -1 47 33 -8 56 -27 -3 -2 -28 -23 -16 54 43 -20 -44 -25 -21 -32 -49 -50 -24 -30 -53 -39 61 -36 -7 -45 59 -12 -41 -9
right_child=1 7 6 4 5 27 15 17 9 10 58 14 -14 25 40 -17 -18 -19 42 23 21 24 26 45 -26 28 38 -29 51 -31 31 -33 -34 -35 55 -37 -38 53 -40 60 -42 -43 44 57 -46 -47 -48 48 49 -51 -52 52 -54 -55 -56 -57 -58 -59 -60 -61 -62 -63
leaf_value=-23.696256049265983 -15.178364308472652 24.431906704684454 -18.176550915534264 72.448026297181286 4.0313688681239173 -13.300109512505294 3.4294654915682288 40.994973415019473 24.980409677321415 -9.265501935942936 -18.220556398763957 -22.926577992881597 180.79819498697918 19.840753747069318 -8.0375298272885711 19.951521108641177 44.825944081903899 91.505221260263681 63.746521845730868 29.505495838132227 8.5044457060189309 -19.176299304398807 4.1473112205237044 15.283663684992042 -20.443290624911704 56.846797416117283 15.68861497890412 9.0076167087338987 32.80198384043458 43.880823720768689 -25.571160576086669 -13.676920939224203 20.793500105317783 11.986985885473015 -4.1357973800765144 97.512274932861331 35.291757753496952 -10.032716012091221 4.7881059214940525 -4.0428755976086448 -1.0369640722483064 76.568117519453466 100.89275327410017 82.871810643426315 139.89210675995926 31.538575022181739 46.244903947058184 -3.7470479481637819 -17.388724424367496 -24.629427693181928 -3.9118208956901999 33.46299267292023 61.02127766013146 -0.55446202682451606 72.595715348407481 8.7112825518748789 -1.2325338149997029 110.82028946415072 -6.53066052089022 -12.322173534108847 -11.809959227183777 60.015828144090463
leaf_weight=2215 942 448 2026 161 252 682 1297 51 283 494 1167 981 30 92 774 1256 1114 178 22 476 263 237 558 600 1106 154 377 236 154 254 659 1249 185 812 927 20 537 884 446 516 1076 102 28 29 29 92 84 177 931 809 686 40 64 263 99 122 148 93 220 888 557 337
leaf_count=2215 942 448 2026 161 252 682 1297 51 283 494 1167 981 30 92 774 1256 1114 178 22 476 263 237 558 600 1106 154 377 236 154 254 659 1249 185 812 927 20 537 884 446 516 1076 102 28 29 29 92 84 177 931 809 686 40 64 263 99 122 148 93 220 888 557 337
internal_value=-0.016362 20.2473 -8.56352 8.86368 18.0873 10.6068 -0.553634 46.5576 -6.64267 -2.29358 -6.31484 -16.1566 97.1478 26.5494 -11.5083 12.1373 38.034 69.8839 90.2155 20.6229 -15.3207 -12.5355 1.21188 23.9624 -14.8259 43.5599 3.71591 -4.68009 48.6112 33.9203 -20.3971 -18.4866 7.85887 6.72425 -6.39925 61.521 30.3525 -11.1598 9.78141 -10.0832 -3.96585 63.3497 104.447 98 120.735 17.4447 32.0164 -20.8186 -19.1848 -20.7552 -0.296873 39.9046 50.4219 -7.85941 60.5812 -2.64167 -11.1483 104.177 -14.7878 -15.6718 -8.07481 57.5157
internal_weight=31989 9490 22499 6624 4535 4143 10949 2866 7399 5373 4836 11550 392 2028 5510 3550 2099 767 362 1504 3660 2679 2561 1252 2416 524 2067 2115 432 537 6040 3825 2294 2109 1879 174 985 2089 823 1310 1850 589 201 144 57 692 560 2576 1917 1740 1244 258 104 1147 487 1049 830 122 2275 2055 1073 388
internal_count=31989 9490 22499 6624 4535 4143 10949 2866 7399 5373 4836 11550 392 2028 5510 3550 2099 767 362 1504 3660 2679 2561 1252 2416 524 2067 2115 432 537 6040 3825 2294 2109 1879 174 985 2089 823 1310 1850 589 201 144 57 692 560 2576 1917 1740 1244 258 104 1147 487 1049 830 122 2275 2055 1073 388
is_linear=0
shrinkage=0.05


Tree=25
num_leaves=63
num_cat=0
split_feature=32 40 40 40 36 33 40 40 33 36 40 40 34 33 40 33 36 37 36 37 37 36 37 36 36 36 36 36 37 32 36 36 36 37 36 34 40 37 40 36 37 40 40 37 33 37 36 36 36 40 40 36 36 23 36 40 25 36 36 39 36 40
split_gain=1.15662e+09 9.38202e+08 3.79899e+08 8.256e+08 3.48667e+08 3.18058e+08 3.13254e+08 2.49542e+08 1.74629e+08 1.27122e+08 1.19026e+08 2.30232e+08 1.16944e+08 1.15056e+08 9.60163e+07 8.77235e+07 8.39499e+07 7.95496e+07 7.44942e+07 4.75844e+07 4.59431e+07 4.54601e+07 3.35897e+07 3.19945e+07 3.11365e+07 3.09577e+07 2.77309e+07 2.75719e+07 3.82664e+07 2.7373e+07 2.5829e+07 2.48254e+07 2.26142e+07 2.39445e+07 2.16245e+07 2.10685e+07 2.06035e+07 1.94098e+07 1.82077e+07 1.81635e+07 1.77812e+07 1.77798e+07 1.71752e+07 1.67307e+07 1.56079e+07 1.5458e+07 1.53805e+07 1.52029e+07 1.50456e+07 1.50228e+07 2.36339e+07 1.48693e+07 1.46396e+07 1.40684e+07 1.36913e+07 1.36619e+07 1.36019e+07 1.33454e+07 1.32415e+07 1.31408e+07 1.31184e+07 1.29882e+07
threshold=133.75000000000003 5.5000000000000009 1.0000000180025095e-35 1.5000000000000002 140.98750000000004 83.050000000000011 4.5000000000000009 5.5000000000000009 1.0000000180025095e-35 261.05833333333339 1.0000000180025095e-35 1.5000000000000002 258.25000000000006 178.45000000000002 4.5000000000000009 111.75000000000001 187.51000000000002 2.5000000000000004 228.87083333333337 3.5000000000000004 4.5000000000000009 243.37500000000003 3.5000000000000004 251.61250000000004 175.51666666666668 376.6375000000001 252.83333333333337 354.54166666666669 2.5000000000000004 1.0000000180025095e-35 215.17083333333335 354.54166666666669 364.8250000000001 2.5000000000000004 57.258333333333333 150.50000000000003 2.5000000000000004 2.5000000000000004 5.5000000000000009 331.81666666666672 2.5000000000000004 3.5000000000000004 2.5000000000000004 4.5000000000000009 291.45000000000005 3.5000000000000004 282.51250000000005 265.25500000000005 373.58333333333343 1.0000000180025095e-35 1.5000000000000002 303.91666666666674 195.6166666666667 1.0000000180025095e-35 334.03333333333336 2.5000000000000004 1.0000000180025095e-35 162.61250000000004 278.07083333333338 1.0000000180025095e-35 303.91666666666674 3.5000000000000004
decision_type=2 2 2 2 2 2 2 2 2 2 2 2 2 2 2 2 2 2 2 2 2 2 2 2 2 2 2 2 2 2 2 2 2 2 2 2 2 2 2 2 2 2 2 2 2 2 2 2 2 2 2 2 2 2 2 2 2 2 2 2 2 2
left_child=4 2 59 12 19 16 13 10 25 20 -6 15 18 21 17 46 40 48 44 34 24 37 31 43 -7 29 -8 28 47 58 -10 -11 33 -20 -1 -17 -23 -5 -36 -24 -3 -38 -25 -15 -4 54 -12 -18 -13 -21 -51 -19 -22 -35 -44 -39 -28 -57 -9 -2 -30 -47
right_child=1 5 3 6 7 9 26 8 30 22 11 14 -14 23 -16 35 27 51 32 49 52 36 39 42 -26 -27 56 -29 60 -31 -32 -33 -34 53 38 -37 41 55 -40 -41 -42 -43 45 -45 -46 61 -48 -49 -50 50 -52 -53 -54 -55 -56 57 -58 -59 -60 -61 -62 -63
leaf_value=-21.943148421408683 -16.631926698965781 -3.3942199751517514 32.361170121933831 -6.5810677538948203 -18.127169143717328 8.3718776241810087 -12.923447420525338 -6.0833525363065384 23.372829915899221 45.13492999566266 11.282564150574771 -7.795567367857676 126.41713342251985 12.812327845067513 -14.950506229095808 58.220850672721866 9.3760570259751947 15.316744780656832 50.691297395652697 -20.040307277899522 40.190919462084771 -0.45469073026802892 66.424519176866823 16.444978595047854 33.558388532968856 10.74973929142401 -5.1957517496295686 38.524915991105452 32.194162096964497 11.435675461959203 44.208524102274154 69.954566938560319 106.90732407040066 74.433898697259295 -18.511947967886218 118.31864414882659 27.581960267650601 -6.7478966806279992 -10.911554952763726 93.277340386287278 11.966368103157462 12.391347277964906 20.994316622392457 35.744173015412834 77.522726240612215 64.251807031683299 28.896051316691917 22.366792212050147 1.1391116357680742 47.342346619642704 -1.8346297560797797 58.33757618495396 66.09427117228509 115.47690106905425 45.373167303765172 0.58502953324688078 9.1529297361199138 16.466933670764913 2.5205416898681174 -9.7737016318927701 73.639371261596679 39.816567091475754
leaf_weight=2649 1408 343 215 471 2145 155 1562 1167 363 341 273 1605 69 328 2393 35 435 461 107 104 100 157 261 89 589 887 1221 311 421 412 252 143 45 106 2356 25 358 152 1184 83 418 417 134 105 21 92 227 467 667 26 405 21 120 26 101 219 191 334 725 1386 20 133
leaf_count=2649 1408 343 215 471 2145 155 1562 1167 363 341 273 1605 69 328 2393 35 435 461 107 104 100 157 261 89 589 887 1221 311 421 412 252 143 45 106 2356 25 358 152 1184 83 418 417 134 105 21 92 227 467 667 26 405 21 120 26 101 219 191 334 725 1386 20 133
internal_value=-0.0345564 10.9888 2.24241 8.74013 -8.22259 30.6291 3.25074 -2.99284 7.51433 46.5889 -8.08585 -4.31178 65.2557 14.3996 -7.62435 26.1344 18.7865 -1.25853 57.14 -17.2899 34.2468 7.81445 60.9581 28.5355 28.3112 2.81248 -8.33296 25.1098 22.0033 -0.243221 31.9104 52.468 74.3915 68.2693 -18.5266 83.2616 16.0624 1.27782 -15.9699 72.9035 5.043 19.4084 36.5506 18.3732 36.3798 40.4406 19.2791 16.1019 -5.17258 -2.98377 1.13196 17.1911 54.32 82.5181 31.472 6.52822 -3.25482 10.1774 -2.78641 -13.2298 34.0738 49.8079
internal_weight=32036 13654 9447 6653 18382 4207 6064 11658 3806 1792 7852 5707 589 3090 5147 560 2415 2754 520 6724 964 2108 828 982 744 3191 2974 1654 1343 2304 615 484 284 239 6189 60 932 1176 3540 344 761 775 549 433 236 460 500 902 2272 535 431 482 220 132 235 705 1412 553 1892 2794 441 225
internal_count=32036 13654 9447 6653 18382 4207 6064 11658 3806 1792 7852 5707 589 3090 5147 560 2415 2754 520 6724 964 2108 828 982 744 3191 2974 1654 1343 2304 615 484 284 239 6189 60 932 1176 3540 344 761 775 549 433 236 460 500 902 2272 535 431 482 220 132 235 705 1412 553 1892 2794 441 225
is_linear=0
shrinkage=0.05


Tree=26
num_leaves=63
num_cat=0
split_feature=35 40 35 40 40 40 40 35 40 40 40 35 35 35 35 35 40 35 40 40 40 40 35 35 40 35 40 40 40 40 25 35 9 25 33 35 32 9 39 22 35 36 40 40 40 39 35 40 9 39 40 40 9 39 35 25 35 32 25 39 9 36
split_gain=1.82169e+09 9.35712e+08 4.41028e+08 4.03392e+08 8.1849e+08 3.25955e+08 2.92802e+08 2.03736e+08 1.31627e+08 2.82286e+08 1.1033e+08 8.32184e+07 7.87367e+07 5.27968e+07 4.9265e+07 3.93328e+07 3.77392e+07 3.34915e+07 2.6405e+07 2.57578e+07 2.41392e+07 2.24759e+07 2.08244e+07 2.0687e+07 1.92018e+07 1.76608e+07 1.53778e+07 2.72409e+07 1.41473e+07 1.21966e+07 1.16205e+07 1.13953e+07 1.08119e+07 1.01211e+07 1.00162e+07 9.2514e+06 9.16369e+06 8.78489e+06 8.5295e+06 8.43714e+06 9.42774e+06 8.05315e+06 9.4296e+06 9.23778e+06 7.42989e+06 7.35575e+06 7.33911e+06 7.21275e+06 6.98861e+06 6.95895e+06 6.92048e+06 6.84873e+06 6.79064e+06 6.74796e+06 6.7159e+06 6.64088e+06 6.62632e+06 6.3191e+06 6.30594e+06 6.24195e+06 6.91456e+06 6.24097e+06
threshold=645.45000000000016 5.5000000000000009 298.75000000000006 1.0000000180025095e-35 1.5000000000000002 4.5000000000000009 5.5000000000000009 1020.4500000000002 1.0000000180025095e-35 1.5000000000000002 4.5000000000000009 1110.2000000000003 1008.7500000000001 153.05000000000004 487.35000000000008 1313.1500000000003 5.5000000000000009 770.85000000000025 2.5000000000000004 2.5000000000000004 2.5000000000000004 3.5000000000000004 455.95000000000005 492.75000000000011 3.5000000000000004 1225.1500000000003 1.0000000180025095e-35 1.5000000000000002 4.5000000000000009 3.5000000000000004 1.0000000180025095e-35 389.25000000000006 1.0000000180025095e-35 1.0000000180025095e-35 407.65000000000003 818.95000000000016 389.15000000000003 1.0000000180025095e-35 1.0000000180025095e-35 1.0000000180025095e-35 1187.8500000000001 21.750000000000004 1.0000000180025095e-35 1.5000000000000002 5.5000000000000009 1.0000000180025095e-35 1397.9500000000003 3.5000000000000004 1.0000000180025095e-35 1.0000000180025095e-35 4.5000000000000009 2.5000000000000004 1.0000000180025095e-35 1.0000000180025095e-35 887.1500000000002 1.0000000180025095e-35 777.00000000000011 426.95000000000005 1.0000000180025095e-35 1.0000000180025095e-35 1.0000000180025095e-35 296.12500000000006
decision_type=2 2 2 2 2 2 2 2 2 2 2 2 2 2 2 2 2 2 2 2 2 2 2 2 2 2 2 2 2 2 2 2 2 2 2 2 2 2 2 2 2 2 2 2 2 2 2 2 2 2 2 2 2 2 2 2 2 2 2 2 2 2
left_child=2 3 13 33 11 12 8 17 59 23 19 36 18 41 31 39 26 38 -6 -11 -14 56 47 -10 46 30 -15 -28 51 -24 37 -8 54 52 -13 -23 -5 53 -3 40 58 -1 -43 -44 50 48 -22 -21 -16 -12 -45 -29 -2 -7 -19 -33 -20 -42 -9 60 -4 -26
right_child=1 7 6 4 5 25 14 15 9 10 49 34 20 16 45 -17 -18 32 21 22 24 35 29 -25 61 -27 27 28 -30 -31 -32 55 -34 -35 -36 -37 -38 -39 -40 -41 57 42 43 44 -46 -47 -48 -49 -50 -51 -52 -53 -54 -55 -56 -57 -58 -59 -60 -61 -62 -63
leaf_value=-22.163613664238746 -12.703048079464642 20.842804150155843 -20.171130144035441 67.305824594265076 3.0776218909336386 -12.188109164909955 2.4399529880704134 53.864896754991449 24.039982204676321 -9.2785196682997366 -16.123230529894471 115.3260379676819 16.761038256560763 -20.752370449381139 11.938571809127842 87.29197718493144 -5.9747970775058654 33.86528429601946 22.290011495678741 2.2165703362414919 52.71940901197236 10.148087655638134 13.168616069385648 44.87249716411938 29.00780959207761 8.6647295425295354 3.0105767557124712 -19.184117035649042 -19.071208788097543 2.5239119353384942 4.3567834881649299 7.9214390262583185 50.748601547433012 -1.4292533960284257 150.50122357536767 21.969462880835259 85.586194555041857 1.9417193599338096 30.970928361005765 43.699244713488923 63.624957393682919 -23.610571904630746 -5.0458673726721308 -16.552636025739194 -14.261103275910166 21.78274077209063 82.772296009893012 -5.2435251327022208 27.725672240316136 -10.835275022635525 -23.256435669943755 -9.4721912616192725 -3.453252234070312 -5.2042598568378615 41.822573723458142 20.001509505702604 33.443064084021671 84.110554177882307 72.073747566768105 -13.54810503292874 -8.8322337928364671 43.780120537281043
leaf_weight=1557 1576 374 1297 205 249 679 1238 315 429 583 1542 50 96 872 521 150 1741 585 237 601 174 409 513 165 152 247 239 220 1031 566 255 1379 179 287 34 278 103 229 468 81 104 585 162 851 1133 633 23 703 81 1043 703 1038 227 705 485 124 304 59 56 826 150 135
leaf_count=1557 1576 374 1297 205 249 679 1238 315 429 583 1542 50 96 872 521 150 1741 585 237 601 174 409 513 165 152 247 239 220 1031 566 255 1379 179 287 34 278 103 229 468 81 104 585 162 851 1133 633 23 703 81 1043 703 1038 227 705 485 124 304 59 56 826 150 135
internal_value=-0.0328286 18.3174 -7.77989 8.04219 16.3731 9.88265 -1.45427 42.2567 -6.73592 -2.93336 -6.43895 85.45 24.0541 -15.5177 9.72806 64.3353 -11.9614 34.1792 17.9241 0.141813 39.6647 20.9344 2.44649 29.8268 44.2075 -3.90019 -15.0269 -13.052 -14.7292 7.58483 -5.56161 5.99216 39.3748 -10.1503 129.564 14.9317 73.4191 -7.12962 26.4722 58.7361 61.017 -19.1809 -17.8285 -16.6412 -17.3403 18.0196 56.2281 -1.80524 14.0627 -13.9896 -19.5853 -11.1706 -11.5385 -8.63058 37.4721 8.91806 28.5572 71.04 56.6134 -17.0161 -18.9957 35.9565
internal_weight=32036 9510 22526 6654 4564 4172 12394 2856 8418 6145 5551 392 2057 10132 3976 765 5141 2091 1477 2966 580 1228 2383 594 484 2115 3400 2528 2289 1079 1868 2741 1249 2090 84 687 308 1613 842 615 534 4991 3434 2849 2687 1235 197 1304 602 2585 1554 1258 1803 1384 1070 1503 541 163 371 2273 1447 287
internal_count=32036 9510 22526 6654 4564 4172 12394 2856 8418 6145 5551 392 2057 10132 3976 765 5141 2091 1477 2966 580 1228 2383 594 484 2115 3400 2528 2289 1079 1868 2741 1249 2090 84 687 308 1613 842 615 534 4991 3434 2849 2687 1235 197 1304 602 2585 1554 1258 1803 1384 1070 1503 541 163 371 2273 1447 287
is_linear=0
shrinkage=0.05


Tree=27
num_leaves=63
num_cat=0
split_feature=35 40 35 40 40 40 40 35 40 40 40 35 35 35 40 35 35 40 40 40 40 35 40 40 35 9 35 35 40 39 40 35 39 40 39 40 33 39 9 25 35 32 9 39 39 28 35 35 40 40 25 31 25 37 32 40 32 9 32 31 32 36
split_gain=1.64941e+09 7.85425e+08 4.73957e+08 3.42269e+08 6.69579e+08 2.95622e+08 2.74024e+08 1.41543e+08 1.35929e+08 2.93302e+08 1.18441e+08 7.51214e+07 6.21109e+07 5.44414e+07 5.22837e+07 4.65819e+07 3.03932e+07 2.82463e+07 2.57952e+07 2.56616e+07 4.7369e+07 2.50272e+07 2.02174e+07 2.00084e+07 1.98896e+07 1.7715e+07 1.50267e+07 1.48993e+07 1.43058e+07 1.37132e+07 1.24696e+07 1.09081e+07 1.02137e+07 9.63261e+06 9.296e+06 9.18627e+06 9.03961e+06 8.34351e+06 1.02079e+07 8.03472e+06 7.98334e+06 7.67007e+06 7.35297e+06 7.51797e+06 7.06694e+06 7.7468e+06 7.0603e+06 6.59165e+06 6.5812e+06 6.44659e+06 6.26945e+06 6.18579e+06 5.98297e+06 6.68264e+06 5.86719e+06 5.80753e+06 5.80014e+06 5.67116e+06 5.65149e+06 5.83396e+06 7.59804e+06 5.65062e+06
threshold=712.95000000000016 5.5000000000000009 345.85000000000008 1.0000000180025095e-35 1.5000000000000002 5.5000000000000009 4.5000000000000009 1055.7500000000002 1.0000000180025095e-35 1.5000000000000002 4.5000000000000009 202.60000000000002 1110.2000000000003 1122.0000000000002 5.5000000000000009 487.35000000000008 1313.1500000000003 2.5000000000000004 2.5000000000000004 1.0000000180025095e-35 1.5000000000000002 498.35000000000008 3.5000000000000004 4.5000000000000009 487.35000000000008 1.0000000180025095e-35 887.1500000000002 91.450000000000017 5.5000000000000009 1.0000000180025095e-35 3.5000000000000004 1225.1500000000003 1.0000000180025095e-35 2.5000000000000004 1.0000000180025095e-35 3.5000000000000004 407.65000000000003 1.0000000180025095e-35 1.0000000180025095e-35 1.0000000180025095e-35 860.05000000000007 434.75000000000006 1.0000000180025095e-35 1.0000000180025095e-35 1.0000000180025095e-35 1.0000000180025095e-35 1008.7500000000001 249.95000000000002 2.5000000000000004 3.5000000000000004 1.0000000180025095e-35 416.15000000000003 1.0000000180025095e-35 4.5000000000000009 331.75000000000006 3.5000000000000004 454.55000000000007 1.0000000180025095e-35 404.55000000000007 314.25000000000006 131.45000000000002 296.12500000000006
decision_type=2 2 2 2 2 2 2 2 2 2 2 2 2 2 2 2 2 2 2 2 2 2 2 2 2 2 2 2 2 2 2 2 2 2 2 2 2 2 2 2 2 2 2 2 2 2 2 2 2 2 2 2 2 2 2 2 2 2 2 2 2 2
left_child=2 3 11 39 12 8 13 25 50 21 18 27 52 17 19 37 41 -6 -11 -13 -21 -10 46 48 49 26 32 -1 -29 57 -26 -31 -3 -15 -17 -35 54 38 -7 -2 -24 44 43 -12 -9 -46 -19 -16 -22 -20 -4 -18 53 -5 -14 -50 -43 -8 59 60 -23 -37
right_child=1 7 5 4 6 15 29 16 9 10 42 14 36 33 47 34 51 22 24 20 23 58 40 -25 30 -27 -28 28 -30 31 -32 -33 -34 35 -36 61 -38 -39 -40 -41 -42 56 -44 -45 45 -47 -48 -49 55 -51 -52 -53 -54 -55 -56 -57 -58 -59 -60 -61 -62 -63
leaf_value=-19.66202757347126 -10.106030166327992 23.863386331440566 -16.183980611720923 67.289667496085173 4.9925502036068892 3.1563445510957218 -9.36372940738684 44.664180154731312 25.227556553797641 -7.198079135201926 -15.79432248098334 -19.715023614962899 90.237036401575267 24.380881124072605 -6.8242022477064399 14.464019680825849 73.429514551162725 29.628856269144492 4.3972215720857646 10.181822332936202 -15.624824307964056 63.578825396001349 12.70621011920996 -17.377711222536217 15.325524067660096 48.398555634639443 40.452370638052273 -17.174664828209142 -10.452719299505837 -0.68326499067098079 4.6430413939290807 14.066513764452774 34.427278652274651 57.781202605513272 21.932796844905361 27.439670511881509 142.97616278704476 11.262412257831647 17.310080194442005 -0.42239489919210538 23.937871495492402 82.466488630121418 -4.0927978163349392 -10.034980734464495 54.598918653298647 77.825565346804538 46.317149416605638 -0.37332409570458913 -2.478425914792683 -2.8461898323280752 -7.0692271115115064 93.782079598563058 95.014384460449222 94.771986465454106 124.74185965401787 -9.9268571886721979 60.355446666675611 1.8499050030743118 66.025121006821152 53.903092286525627 29.326415994868558 46.777145841074926
leaf_weight=3091 1533 385 2029 192 222 1167 637 138 341 556 1261 960 22 54 574 802 80 409 563 258 241 20 299 1086 518 248 563 2352 1193 851 578 147 564 122 867 60 34 769 143 249 336 44 245 1029 195 44 75 1277 489 676 208 70 28 25 28 563 91 137 33 78 85 102
leaf_count=3091 1533 385 2029 192 222 1167 637 138 341 556 1261 960 22 54 574 802 80 409 563 258 241 20 299 1086 518 248 563 2352 1193 851 578 147 564 122 867 60 34 769 143 249 336 44 245 1029 195 44 75 1277 489 676 208 70 28 25 28 563 91 137 33 78 85 102
internal_value=-0.0311872 19.6604 -6.56776 9.31175 17.828 0.484991 11.3304 43.4255 -4.8213 -0.889755 -4.43671 -13.5528 85.9833 25.8047 -9.20189 12.1226 63.1341 21.2846 2.48073 -12.7156 -10.1675 33.6628 24.5168 -12.3743 4.7854 36.0125 33.9809 -17.1248 -14.9125 -2.38428 9.69188 1.4893 30.1416 43.7382 18.3438 47.4189 123.085 7.12823 4.70137 -8.75293 18.6493 57.3352 -12.3256 -13.2064 53.6731 58.875 32.2149 -2.37376 -8.17197 0.445207 -15.3365 82.9274 73.2625 70.4558 109.56 -6.46461 67.562 -7.37889 46.9796 43.5452 35.8507 39.6151
internal_weight=32036 7984 24052 5562 3780 11968 3451 2422 8220 5983 5426 12084 329 1679 5448 3748 662 1341 2891 3597 2637 557 1119 2379 2335 1760 1512 6636 3545 1772 1096 998 949 338 1669 284 84 2079 1310 1782 635 512 2535 2290 377 239 484 1851 1293 1239 2237 150 245 217 50 1052 135 774 216 183 105 162
internal_count=32036 7984 24052 5562 3780 11968 3451 2422 8220 5983 5426 12084 329 1679 5448 3748 662 1341 2891 3597 2637 557 1119 2379 2335 1760 1512 6636 3545 1772 1096 998 949 338 1669 284 84 2079 1310 1782 635 512 2535 2290 377 239 484 1851 1293 1239 2237 150 245 217 50 1052 135 774 216 183 105 162
is_linear=0
shrinkage=0.05


Tree=28
num_leaves=63
num_cat=0
split_feature=35 40 40 40 35 40 40 35 40 40 40 35 35 35 35 35 40 35 40 40 40 40 35 40 35 35 35 40 40 40 35 35 25 25 34 33 25 35 25 25 22 40 35 40 40 25 33 33 25 5 32 33 31 33 25 31 32 35 40 25 25 31
split_gain=1.4893e+09 8.02084e+08 3.3973e+08 6.90329e+08 3.24714e+08 2.74709e+08 2.09674e+08 1.84583e+08 9.66685e+07 2.09241e+08 7.97436e+07 7.53489e+07 7.39011e+07 3.96108e+07 3.91037e+07 3.25164e+07 3.12231e+07 2.58759e+07 2.45416e+07 1.98192e+07 1.97242e+07 1.92102e+07 1.67199e+07 1.55229e+07 1.4776e+07 1.34561e+07 1.33566e+07 1.19861e+07 2.15371e+07 1.17438e+07 9.62556e+06 9.20281e+06 9.02447e+06 8.69849e+06 8.62719e+06 1.43751e+07 8.25717e+06 7.80742e+06 7.67954e+06 7.4963e+06 7.47236e+06 7.06299e+06 6.5094e+06 6.07805e+06 6.00909e+06 5.84003e+06 5.81437e+06 8.00255e+06 1.02775e+07 5.7569e+06 5.79582e+06 7.58971e+06 5.58267e+06 5.54746e+06 5.50173e+06 5.44124e+06 6.44097e+06 5.372e+06 5.27907e+06 5.15471e+06 5.10594e+06 5.00132e+06
threshold=607.45000000000016 5.5000000000000009 1.0000000180025095e-35 1.5000000000000002 288.55000000000007 4.5000000000000009 5.5000000000000009 967.45000000000016 1.0000000180025095e-35 1.5000000000000002 4.5000000000000009 1110.2000000000003 1008.7500000000001 1313.1500000000003 129.45000000000002 434.4500000000001 5.5000000000000009 759.00000000000011 2.5000000000000004 3.5000000000000004 2.5000000000000004 2.5000000000000004 1140.1000000000001 3.5000000000000004 428.85000000000008 723.1500000000002 458.85000000000008 1.0000000180025095e-35 1.5000000000000002 4.5000000000000009 1155.7500000000002 818.95000000000016 1.0000000180025095e-35 1.0000000180025095e-35 310.45000000000005 336.85000000000008 1.0000000180025095e-35 777.00000000000011 1.0000000180025095e-35 1.0000000180025095e-35 1.0000000180025095e-35 3.5000000000000004 1397.9500000000003 3.5000000000000004 2.5000000000000004 1.0000000180025095e-35 459.35000000000008 378.05000000000007 1.0000000180025095e-35 1.0000000180025095e-35 158.25000000000003 299.05000000000007 416.15000000000003 7.1500000000000012 1.0000000180025095e-35 452.25000000000006 380.65000000000003 1279.4000000000003 3.5000000000000004 1.0000000180025095e-35 1.0000000180025095e-35 470.95000000000005
decision_type=2 2 2 2 2 2 2 2 2 2 2 2 2 2 2 2 2 2 2 2 2 2 2 2 2 2 2 2 2 2 2 2 2 2 2 2 2 2 2 2 2 2 2 2 2 2 2 2 2 2 2 2 2 2 2 2 2 2 2 2 2 2
left_child=4 2 33 11 14 12 8 17 59 26 21 25 18 30 -1 60 27 61 -5 37 -14 -11 36 42 43 53 -10 -16 -29 44 49 -21 41 57 -13 -36 -7 -20 -17 -19 -32 -26 -22 -23 -30 -24 47 48 -27 50 51 -9 -15 -4 -12 -54 -57 -2 -46 -6 -8 -3
right_child=1 7 3 5 6 22 15 13 9 10 54 34 20 52 16 38 -18 39 19 31 23 24 45 -25 32 46 -28 28 29 -31 40 -33 -34 -35 35 -37 -38 -39 -40 -41 -42 -43 -44 -45 58 -47 -48 -49 -50 -51 -52 -53 55 -55 -56 56 -58 -59 -60 -61 -62 -63
leaf_value=-17.864422084657637 -11.538231576717683 22.01843231331663 60.236322848002118 2.0089784687473662 -16.279965826964666 -7.2965189696756942 2.5893176555729167 59.080742645263676 19.412446220794862 -8.9720712710461612 -13.562539050974582 97.97156744275776 15.128061830071966 69.758038962483411 -19.022268990885632 11.397866145428214 -6.2419305019838891 32.24046129598301 19.048172028656978 8.4160985835886937 47.441448434467979 1.300394073608278 2.6326598287936664 32.519282108524536 8.2804232635141641 65.684895114151828 35.073704921662276 1.4673295680270253 -17.905191673720179 -17.748019420123494 62.273740854209123 19.809441730851752 18.274530808960112 -1.7447499356655911 107.02023947579522 161.74504717872256 2.3995150584948397 30.289467935185684 22.018080855670732 43.790187334796279 38.526937905336041 0.054896631288317455 75.744620580258569 -6.0438607261096147 -5.478570788289403 19.076042920626129 45.20953790664673 100.60046812693278 102.05349121093751 58.212628617185231 47.266025825232674 23.514574185808499 107.22763577974762 37.923782785122214 -5.0859016850376815 59.246849346160893 97.507232700694701 -1.7525867171977696 -12.430032385166001 -7.135070346768746 12.32890399127171 36.458362498134377
leaf_weight=4238 1814 951 60 294 1994 1662 1870 20 352 553 2276 35 96 80 946 1635 1878 980 314 489 174 522 319 287 485 166 222 251 242 1098 220 278 121 308 28 21 253 304 190 164 39 565 23 612 510 65 20 24 22 94 365 60 26 52 209 22 22 152 588 167 145 64
leaf_count=4238 1814 951 60 294 1994 1662 1870 20 352 553 2276 35 96 80 946 1635 1878 980 314 489 174 522 319 287 485 166 222 251 242 1098 220 278 121 308 28 21 253 304 190 164 39 565 23 612 510 65 20 24 22 94 365 60 26 52 209 22 22 152 588 167 145 64
internal_value=-0.0296278 15.5564 6.45817 13.7626 -7.48637 8.06155 -1.95001 36.8158 -6.52252 -3.21702 -6.29883 74.4764 20.4447 55.2073 -14.2531 7.66892 -11.4769 28.7402 15.1294 17.9145 35.8315 -0.602992 -4.10612 39.938 1.40486 64.1096 25.4696 -14.1816 -12.4786 -13.9144 50.7761 12.5456 5.34436 -9.55766 116.931 130.474 -6.01553 24.5779 12.5035 33.8962 58.698 3.85431 50.7459 -2.66317 -10.7731 5.41604 70.9805 73.4117 69.9408 46.9695 44.5946 32.4061 78.781 49.8769 -12.8496 89.093 78.377 -10.7817 -9.20121 -15.5733 3.29018 22.9289
internal_weight=32036 10367 7260 4986 21669 4558 11918 3107 8078 5917 5343 428 2259 948 9751 3840 5513 2159 1679 1385 580 2858 2299 484 2305 344 574 3635 2689 2438 798 767 1171 2274 84 49 1915 618 1825 1144 259 1050 197 1134 1340 384 232 212 188 539 445 80 150 112 2485 70 44 1966 1098 2161 2015 1015
internal_count=32036 10367 7260 4986 21669 4558 11918 3107 8078 5917 5343 428 2259 948 9751 3840 5513 2159 1679 1385 580 2858 2299 484 2305 344 574 3635 2689 2438 798 767 1171 2274 84 49 1915 618 1825 1144 259 1050 197 1134 1340 384 232 212 188 539 445 80 150 112 2485 70 44 1966 1098 2161 2015 1015
is_linear=0
shrinkage=0.05


Tree=29
num_leaves=63
num_cat=0
split_feature=35 40 35 40 40 40 40 35 40 40 40 35 35 40 35 35 40 40 35 40 40 40 35 40 39 9 35 35 9 40 39 35 39 40 25 9 33 40 40 39 32 35 39 28 9 39 39 32 39 35 8 25 33 40 40 40 35 32 9 39 5 40
split_gain=1.3496e+09 6.38832e+08 3.8772e+08 2.7865e+08 5.44517e+08 2.35498e+08 2.22857e+08 1.15582e+08 1.07339e+08 2.33555e+08 9.46641e+07 7.0054e+07 5.0599e+07 4.97237e+07 4.53611e+07 3.38273e+07 3.13539e+07 3.96229e+07 2.46221e+07 2.29473e+07 2.11978e+07 1.95721e+07 1.84722e+07 1.65383e+07 1.60975e+07 1.58769e+07 1.27828e+07 1.24175e+07 1.22747e+07 1.2228e+07 1.19199e+07 9.06644e+06 9.02898e+06 8.67909e+06 7.84905e+06 7.94056e+06 7.84612e+06 7.68785e+06 7.34598e+06 7.11239e+06 6.7451e+06 6.31787e+06 6.25324e+06 6.93974e+06 6.0684e+06 6.51788e+06 5.84821e+06 5.82584e+06 5.79063e+06 5.59201e+06 5.52324e+06 5.44314e+06 5.3445e+06 5.30073e+06 1.15028e+07 5.88435e+06 5.28748e+06 5.28307e+06 5.27492e+06 5.86507e+06 5.25119e+06 5.20315e+06
threshold=712.95000000000016 5.5000000000000009 361.15000000000003 1.0000000180025095e-35 1.5000000000000002 5.5000000000000009 4.5000000000000009 1055.7500000000002 1.0000000180025095e-35 1.5000000000000002 4.5000000000000009 206.35000000000005 1110.2000000000003 1.0000000180025095e-35 1122.0000000000002 517.05000000000007 1.5000000000000002 5.5000000000000009 1313.1500000000003 2.5000000000000004 2.5000000000000004 4.5000000000000009 498.35000000000008 3.5000000000000004 1.0000000180025095e-35 1.0000000180025095e-35 91.450000000000017 887.1500000000002 1.0000000180025095e-35 5.5000000000000009 1.0000000180025095e-35 1225.1500000000003 1.0000000180025095e-35 3.5000000000000004 1.0000000180025095e-35 1.0000000180025095e-35 407.65000000000003 2.5000000000000004 3.5000000000000004 1.0000000180025095e-35 434.75000000000006 860.05000000000007 1.0000000180025095e-35 1.0000000180025095e-35 1.0000000180025095e-35 1.0000000180025095e-35 1.0000000180025095e-35 389.15000000000003 1.0000000180025095e-35 1008.7500000000001 1.0000000180025095e-35 1.0000000180025095e-35 303.30000000000001 1.0000000180025095e-35 1.5000000000000002 4.5000000000000009 249.95000000000002 389.15000000000003 1.0000000180025095e-35 1.0000000180025095e-35 1.0000000180025095e-35 2.5000000000000004
decision_type=2 2 2 2 2 2 2 2 2 2 2 2 2 2 2 2 2 2 2 2 2 2 2 2 2 2 2 2 2 2 2 2 2 2 2 2 2 2 2 2 2 2 2 2 2 2 2 2 2 2 2 2 2 2 2 2 2 2 2 2 2 2
left_child=2 3 11 39 12 8 14 25 58 22 20 26 47 -13 19 34 -15 21 40 -6 -11 61 -10 49 28 27 -1 32 33 53 -8 -32 -3 -22 35 48 57 -16 52 -2 42 -25 -9 -44 45 -12 -17 -5 -7 -21 -42 -26 -39 -28 -55 -56 -19 -14 59 -4 -24 -18
right_child=1 7 5 4 6 15 30 18 9 10 44 13 36 16 37 46 17 56 -20 23 24 -23 60 41 51 -27 29 -29 -30 -31 31 -33 -34 -35 -36 -37 -38 38 -40 -41 50 -43 43 -45 -46 -47 -48 -49 -50 -51 -52 -53 -54 54 55 -57 -58 -59 -60 -61 -62 -63
leaf_value=-17.785705133696972 -11.416535965525481 21.201947921591923 -16.718144755528428 60.393973707850982 4.5183743451092697 3.6706207279580405 -6.7490268430025244 39.898683867592744 23.455690510861288 -6.4282586896831377 -14.269557715885975 -17.867769965979612 85.213038317362475 10.237049530765468 22.405433893203735 14.049707341079529 -13.204606242394181 -5.8924349870647603 74.84195860735575 26.777235371165872 4.1597611640970555 -15.613899115273231 39.216966178834113 11.522443497619502 7.5562582324675436 44.244102784102004 -19.509787902085275 36.477785411715296 14.817676894356323 -9.4007380961310663 -0.46168532380276084 12.985463659455176 31.134310759847047 -4.7494380143426715 17.65059555460898 16.837069304575298 129.61579196593343 36.986390886551298 36.008397686628648 -5.051982209335331 66.100310850573024 21.514087638933034 49.21915456953721 71.202652348171583 -3.3370173738164421 -8.7667350247123359 20.613364250267988 76.505778311586923 9.5914809821099762 41.629219716389976 39.647806104024255 16.42476959690056 59.426875654473363 -2.0610641521684241 -12.724971739212673 -18.739236503662767 -0.025640627142538799 118.38892974853516 -5.933141537477721 -11.106768080689214 60.886189550341989 -5.4522452266432175
leaf_weight=3091 783 385 1149 158 222 1195 774 138 308 521 1189 1046 30 285 54 624 267 519 150 409 496 1197 183 299 738 248 613 563 143 1248 851 147 564 609 178 176 34 39 162 999 111 336 195 44 236 983 744 87 631 75 24 226 83 178 900 742 1477 20 201 783 33 1143
leaf_count=3091 783 385 1149 158 222 1195 774 138 308 521 1189 1046 30 285 54 624 267 519 150 409 496 1197 183 299 738 248 613 563 143 1248 851 147 564 609 178 176 34 39 162 999 111 336 195 44 236 983 744 87 631 75 24 226 83 178 900 742 1477 20 201 783 33 1143
internal_value=-0.0281464 17.7841 -5.94088 8.45105 16.1351 0.777059 10.2757 39.217 -4.08189 -0.48231 -3.72351 -11.9398 77.5968 -7.97364 23.3289 11.4563 -5.85636 -6.8528 57.0267 19.2029 2.64514 -10.9119 31.3174 22.1162 4.78222 32.5182 -15.4151 30.5949 1.03346 -13.4245 -2.09243 1.51901 27.1048 -0.750377 7.58887 6.69428 111.085 39.6987 42.9868 -7.84853 51.8073 16.8094 48.3731 53.2663 -10.9517 -11.7791 17.6194 66.1153 5.71666 29.0787 61.3976 9.63539 52.2533 -15.4884 -14.134 -15.4427 -1.55112 98.4834 -13.642 -14.444 42.5275 -6.92025
internal_weight=32036 7984 24052 5562 3780 11346 3451 2422 7798 5665 5141 12706 329 5934 1679 3548 4888 4603 662 1341 2733 2607 524 1119 2212 1760 6772 1512 1248 3681 1772 998 949 1105 2180 2002 84 338 284 1782 512 635 377 239 2408 2172 1368 245 1826 484 135 964 122 2433 1820 1642 1996 50 2133 1932 216 1410
internal_count=32036 7984 24052 5562 3780 11346 3451 2422 7798 5665 5141 12706 329 5934 1679 3548 4888 4603 662 1341 2733 2607 524 1119 2212 1760 6772 1512 1248 3681 1772 998 949 1105 2180 2002 84 338 284 1782 512 635 377 239 2408 2172 1368 245 1826 484 135 964 122 2433 1820 1642 1996 50 2133 1932 216 1410
is_linear=0
shrinkage=0.05


Tree=30
num_leaves=63
num_cat=0
split_feature=35 40 40 40 35 40 35 35 35 40 35 40 40 35 40 35 35 35 40 35 35 35 40 40 40 35 40 9 39 34 39 9 39 9 5 9 39 35 10 31 31 9 35 39 9 39 9 40 39 35 9 32 35 40 40 35 2 39 9 35 34 9
split_gain=1.23508e+09 6.84548e+08 2.89198e+08 5.98071e+08 2.71926e+08 2.31907e+08 1.32661e+08 1.14846e+08 1.04918e+08 9.30451e+07 6.33575e+07 4.46811e+07 8.30799e+07 3.62872e+07 3.49835e+07 2.9876e+07 2.68738e+07 2.18407e+07 2.05429e+07 1.59189e+07 1.45279e+07 1.44708e+07 1.43625e+07 1.81092e+07 1.42836e+07 1.41105e+07 1.3133e+07 1.15229e+07 1.07808e+07 9.47337e+06 8.61874e+06 8.58367e+06 8.24552e+06 7.99027e+06 7.75514e+06 9.79972e+06 7.33655e+06 8.09505e+06 7.14899e+06 1.14638e+07 7.72146e+06 7.11178e+06 6.20759e+06 6.197e+06 6.14326e+06 6.08332e+06 6.23374e+06 5.76012e+06 5.70103e+06 5.61392e+06 5.4458e+06 5.23537e+06 5.54625e+06 5.18861e+06 9.82729e+06 5.18717e+06 5.1409e+06 5.13082e+06 5.01454e+06 4.99682e+06 4.97101e+06 4.94799e+06
threshold=455.95000000000005 5.5000000000000009 1.0000000180025095e-35 1.5000000000000002 812.6500000000002 4.5000000000000009 231.25000000000003 741.05000000000007 800.35000000000025 5.5000000000000009 1155.7500000000002 1.0000000180025095e-35 1.5000000000000002 1313.1500000000003 4.5000000000000009 607.45000000000016 1249.5000000000002 845.95000000000016 2.5000000000000004 116.65000000000002 1455.95 367.45000000000005 2.5000000000000004 3.5000000000000004 3.5000000000000004 987.70000000000016 5.5000000000000009 1.0000000180025095e-35 1.0000000180025095e-35 287.35000000000008 1.0000000180025095e-35 1.0000000180025095e-35 1.0000000180025095e-35 1.0000000180025095e-35 1.0000000180025095e-35 1.0000000180025095e-35 1.0000000180025095e-35 1069.4000000000003 1.0000000180025095e-35 203.75000000000003 388.85000000000008 1.0000000180025095e-35 592.85000000000014 1.0000000180025095e-35 1.0000000180025095e-35 1.0000000180025095e-35 1.0000000180025095e-35 2.5000000000000004 1.0000000180025095e-35 1096.7500000000002 1.0000000180025095e-35 382.75000000000006 1225.1500000000003 1.0000000180025095e-35 3.5000000000000004 284.95000000000005 1.0000000180025095e-35 1.0000000180025095e-35 1.0000000180025095e-35 634.05000000000007 423.15000000000003 1.0000000180025095e-35
decision_type=2 2 2 2 2 2 2 2 2 2 2 2 2 2 2 2 2 2 2 2 2 2 2 2 2 2 2 2 2 2 2 2 2 2 2 2 2 2 2 2 2 2 2 2 2 2 2 2 2 2 2 2 2 2 2 2 2 2 2 2 2 2
left_child=6 2 27 7 15 8 19 59 18 11 34 -8 55 25 30 45 22 33 -5 -1 51 -11 -10 58 42 29 53 28 -2 -9 44 43 -17 48 35 36 -6 -38 39 -27 -41 56 -20 -19 47 46 -3 -14 -7 -30 57 -12 -53 -21 -55 -13 -18 -23 -24 -4 -22 -34
right_child=1 4 3 5 10 17 9 13 16 21 20 12 14 -15 -16 32 41 31 24 26 60 50 23 -25 -26 38 -28 -29 49 -31 -32 -33 61 -35 -36 -37 37 -39 -40 40 -42 -43 -44 -45 -46 -47 -48 -49 -50 -51 -52 52 -54 54 -56 -57 -58 -59 -60 -61 -62 -63
leaf_value=-16.42730983938468 -13.849549831491192 7.2342229993928662 31.187277682679571 -3.7776328564586494 26.395407639713596 -12.419463614710665 -15.938845501366613 65.87632542904592 8.9086404265938235 -1.1310915298824427 48.801571984437054 3.8209317558690126 -14.686175576504722 128.25847510019938 -13.591529101569478 17.643646300653554 32.276503737921857 -6.716459878265244 9.3296317962339685 -17.923319810827888 69.380085048675539 2.1623022931756166 29.599231921907133 18.11790656107722 4.6013683853732976 58.7512994003296 -7.8021893798094757 -1.2051694631272847 -9.012112619874614 30.005296271187916 0.16847647297245241 9.9164255677371909 24.067723330924082 -0.067659653657936011 44.182635169087149 44.677354990756577 33.019717716217393 48.518442542954247 60.123386250371517 117.28086474736531 81.522506315891576 63.821552478905886 18.14956682759809 1.3921729986568294 3.5626447918097472 15.236236501398475 20.497537160627914 -5.9884566854004966 -6.8852013517687798 -0.63102611164251965 16.08092186572188 51.207365731703931 69.568729721129628 -8.0487971683896316 -15.471035163786878 16.986988688148134 54.005215205372991 8.8760008618330506 43.890869933053068 44.073031871765856 98.163792649904892 37.586495375951131
leaf_weight=3900 1338 721 272 399 337 904 1627 149 182 1733 196 95 233 30 1845 622 103 388 401 629 40 719 319 515 931 20 1299 368 1193 21 739 186 694 251 247 193 508 101 23 36 26 33 397 600 137 688 101 1040 959 240 118 78 87 714 1188 352 37 471 76 104 24 75
leaf_count=3900 1338 721 272 399 337 904 1627 149 182 1733 196 95 233 30 1845 622 103 388 401 629 40 719 319 515 931 20 1299 368 1193 21 739 186 694 251 247 193 508 101 23 36 26 33 397 600 137 688 101 1040 959 240 118 78 87 714 1188 352 37 471 76 104 24 75
internal_value=-0.0320873 10.2941 3.18932 8.60746 26.1276 4.05756 -9.36118 53.2445 13.2278 -5.27293 41.3299 -8.85032 -6.25338 76.0426 -8.54123 16.6374 24.6314 -5.40551 6.44885 -14.1788 58.2186 1.86539 21.7307 24.2951 8.80881 70.3463 -11.8891 -9.51803 -10.622 61.4452 -4.20535 0.0628386 21.924 -8.44233 36.1511 34.4094 32.3146 35.5901 84.7577 91.6673 102.285 42.9409 13.7175 -1.79219 -6.49772 11.7673 8.8639 -7.58042 -9.57064 -7.60844 5.8355 54.3262 60.8888 -13.9866 -12.6848 14.1888 38.0191 4.81957 32.349 34.7514 80.174 25.3862
internal_weight=32052 15213 10501 7362 4712 6681 16839 681 3393 9109 1811 6068 4441 305 3994 2901 1265 3288 2128 7730 425 3041 1092 910 1729 275 3830 3139 2771 170 2149 1174 1391 2114 1386 1139 946 609 105 82 62 173 798 988 1410 1510 822 1273 1863 1433 1308 361 165 2531 1902 447 140 1190 395 376 64 769
internal_count=32052 15213 10501 7362 4712 6681 16839 681 3393 9109 1811 6068 4441 305 3994 2901 1265 3288 2128 7730 425 3041 1092 910 1729 275 3830 3139 2771 170 2149 1174 1391 2114 1386 1139 946 609 105 82 62 173 798 988 1410 1510 822 1273 1863 1433 1308 361 165 2531 1902 447 140 1190 395 376 64 769
is_linear=0
shrinkage=0.05


Tree=31
num_leaves=63
num_cat=0
split_feature=35 40 35 40 40 40 40 35 40 40 40 35 35 35 40 35 40 40 35 35 40 40 35 40 40 25 9 35 35 35 35 25 33 9 36 9 29 35 40 36 40 40 9 5 25 9 10 31 31 25 9 25 9 36 35 32 25 40 40 33 40 9
split_gain=1.11576e+09 5.6135e+08 2.75166e+08 2.35633e+08 4.79849e+08 1.83797e+08 1.54945e+08 1.11045e+08 7.1869e+07 1.52638e+08 5.88043e+07 5.00701e+07 4.63917e+07 4.40171e+07 3.57837e+07 2.90324e+07 2.09988e+07 2.15708e+07 1.85813e+07 1.84394e+07 1.7241e+07 3.01892e+07 1.59396e+07 1.51364e+07 1.42882e+07 1.27579e+07 1.24723e+07 1.00604e+07 9.69727e+06 9.5843e+06 8.58053e+06 8.30789e+06 7.9678e+06 7.95141e+06 7.66519e+06 7.25871e+06 6.99254e+06 6.78939e+06 6.76515e+06 8.29775e+06 8.24277e+06 6.6871e+06 6.4888e+06 7.65116e+06 6.4761e+06 6.68491e+06 6.45196e+06 1.03461e+07 6.96862e+06 6.23598e+06 6.22029e+06 6.7953e+06 6.18692e+06 6.11522e+06 5.97131e+06 5.94701e+06 5.89287e+06 5.81035e+06 6.33859e+06 5.6726e+06 5.6036e+06 5.50521e+06
threshold=645.45000000000016 5.5000000000000009 345.85000000000008 1.0000000180025095e-35 1.5000000000000002 4.5000000000000009 5.5000000000000009 1069.4000000000003 1.0000000180025095e-35 1.5000000000000002 4.5000000000000009 987.70000000000016 161.25000000000003 1122.0000000000002 5.5000000000000009 812.6500000000002 2.5000000000000004 3.5000000000000004 439.9500000000001 1455.95 1.0000000180025095e-35 1.5000000000000002 1313.1500000000003 4.5000000000000009 2.5000000000000004 1.0000000180025095e-35 1.0000000180025095e-35 1455.95 492.75000000000011 482.65000000000009 838.80000000000018 1.0000000180025095e-35 367.75000000000006 1.0000000180025095e-35 403.42500000000001 1.0000000180025095e-35 1.0000000180025095e-35 249.95000000000002 1.0000000180025095e-35 19.450000000000003 1.5000000000000002 5.5000000000000009 1.0000000180025095e-35 1.0000000180025095e-35 1.0000000180025095e-35 1.0000000180025095e-35 1.0000000180025095e-35 203.75000000000003 388.85000000000008 1.0000000180025095e-35 1.0000000180025095e-35 1.0000000180025095e-35 1.0000000180025095e-35 462.72500000000008 1249.5000000000002 370.25000000000006 1.0000000180025095e-35 2.5000000000000004 3.5000000000000004 446.85000000000008 4.5000000000000009 1.0000000180025095e-35
decision_type=2 2 2 2 2 2 2 2 2 2 2 2 2 2 2 2 2 2 2 2 2 2 2 2 2 2 2 2 2 2 2 2 2 2 2 2 2 2 2 2 2 2 2 2 2 2 2 2 2 2 2 2 2 2 2 2 2 2 2 2 2 2
left_child=2 3 12 33 11 13 8 15 -4 28 24 32 38 16 20 44 -6 30 52 25 -14 -22 46 57 -11 55 31 49 53 -26 -18 54 34 -2 36 56 -5 -16 -1 -40 -41 60 43 -17 45 -3 47 -13 -49 61 51 -19 -8 -10 -7 -9 -20 -23 -59 -34 -42 -15
right_child=1 7 6 4 5 26 18 19 9 10 -12 22 14 27 37 42 17 50 35 -21 21 23 -24 -25 29 -27 -28 -29 -30 -31 -32 -33 59 -35 -36 -37 -38 -39 39 40 41 -43 -44 -45 -46 -47 -48 48 -50 -51 -52 -53 -54 -55 -56 -57 -58 58 -60 -61 -62 -63
leaf_value=-18.790492366180597 -8.9857572105602834 18.524607773635818 -12.591031190024893 49.108600697205183 2.7216428734540128 -6.902513270760501 3.0360478220635754 39.827832865371981 17.085294398425244 -6.6596413722155736 -10.222555280093884 55.813734321594239 -16.357692256518302 23.330329435998266 -6.3895897347606772 29.139673556366912 19.18733927840772 8.0348069741521382 9.6331454432777956 76.165276008844373 5.2062957015771136 -13.917557289831493 121.8455503845215 -14.695538180822675 -0.0047140835774036475 64.577333862582847 6.3788847198024881 54.636838412734704 34.073007881848113 6.9967506823366392 31.03922640807437 3.6497731660635733 88.84628662441088 0.4624606492892494 75.698019608207375 20.719843953371051 22.521752156882453 -0.89363465864611547 -17.455371970417634 -2.3809089549812112 -12.695371200982082 -10.563526372521594 41.566864559753903 40.550451311204171 31.396063532241403 30.860880642656298 57.117217246345859 111.41682406531442 77.446380692261926 46.400344118981991 22.252549078178408 22.213697157845356 15.167677234670391 37.230408012035284 4.0048260706058452 50.916330971896095 18.323540000456411 -2.5168326046733958 -9.4464542340965671 52.903316597711481 -18.441190039422914 41.917532846039421
leaf_weight=869 1806 855 1932 168 293 1383 1220 278 304 483 2150 20 1156 182 1029 799 345 577 1608 64 325 294 30 1375 1171 96 310 53 173 839 274 267 23 254 23 200 29 1238 1231 185 932 1309 180 180 146 126 23 36 26 53 125 99 115 43 138 214 222 630 693 21 779 51
leaf_count=869 1806 855 1932 168 293 1383 1220 278 304 483 2150 20 1156 182 1029 799 345 577 1608 64 325 294 30 1375 1171 96 310 53 173 839 274 267 23 254 23 200 29 1238 1231 185 932 1309 180 180 146 126 23 36 26 53 125 99 115 43 138 214 222 630 693 21 779 51
internal_value=-0.0304829 14.2925 -6.10654 6.2088 12.562 7.52673 -0.173671 32.4768 -4.36459 -1.28624 -4.16333 64.9344 -11.2587 18.1664 -8.50575 27.2855 14.9087 17.4234 8.66275 50.6783 -11.0994 -9.26683 89.7033 -10.8389 1.06223 47.9042 -2.87968 34.628 24.4028 2.91779 24.4336 -4.48491 52.2684 -7.82078 48.3838 11.6758 45.1948 -3.38827 -14.7563 -13.9661 -12.6259 -13.2535 32.8419 31.2377 21.5713 20.1091 80.5198 87.084 97.1712 30.92 12.006 10.1113 4.08109 19.5817 -5.91289 44.6509 10.6874 -7.55953 -6.14663 71.6917 -15.3114 27.3988
internal_weight=32052 9547 22505 6609 4549 4150 10460 2938 7095 5163 4643 399 12045 2052 6740 2286 1713 1420 3365 652 4473 3317 135 2992 2493 588 2098 339 520 2010 619 1788 264 2060 220 2030 197 2267 5305 4436 3205 3020 1159 979 1127 981 105 82 62 286 801 676 1335 347 1521 492 1830 1617 1323 44 1711 233
internal_count=32052 9547 22505 6609 4549 4150 10460 2938 7095 5163 4643 399 12045 2052 6740 2286 1713 1420 3365 652 4473 3317 135 2992 2493 588 2098 339 520 2010 619 1788 264 2060 220 2030 197 2267 5305 4436 3205 3020 1159 979 1127 981 105 82 62 286 801 676 1335 347 1521 492 1830 1617 1323 44 1711 233
is_linear=0
shrinkage=0.05


Tree=32
num_leaves=63
num_cat=0
split_feature=35 40 40 40 35 40 35 35 40 35 35 40 40 40 35 35 35 35 40 35 35 35 40 35 40 40 40 9 39 39 39 34 35 38 9 39 8 35 9 9 32 10 31 31 9 35 9 32 9 40 39 35 9 39 40 35 36 2 34 32 5 31
split_gain=1.00945e+09 5.5558e+08 2.36242e+08 4.86843e+08 2.10425e+08 1.87815e+08 1.19259e+08 8.82879e+07 8.24076e+07 8.1968e+07 4.43754e+07 3.9285e+07 7.31076e+07 3.20214e+07 3.02311e+07 2.5171e+07 2.01594e+07 1.74756e+07 1.74498e+07 1.43855e+07 1.43646e+07 1.30232e+07 1.2833e+07 1.16675e+07 1.09381e+07 1.04541e+07 1.43401e+07 9.23105e+06 9.4636e+06 8.87092e+06 8.54722e+06 8.332e+06 7.85481e+06 7.84509e+06 7.10705e+06 7.58578e+06 6.56628e+06 7.55708e+06 6.2619e+06 6.16652e+06 6.11402e+06 5.8229e+06 9.33731e+06 6.28918e+06 5.81654e+06 5.61983e+06 5.37341e+06 5.06471e+06 5.00002e+06 4.96762e+06 4.92444e+06 4.90913e+06 4.7788e+06 4.77609e+06 4.74045e+06 4.64284e+06 4.6318e+06 4.60439e+06 4.52604e+06 5.98241e+06 4.51663e+06 4.92023e+06
threshold=466.75000000000006 5.5000000000000009 1.0000000180025095e-35 1.5000000000000002 853.25000000000011 4.5000000000000009 231.25000000000003 987.70000000000016 5.5000000000000009 825.05000000000007 1155.7500000000002 1.0000000180025095e-35 1.5000000000000002 4.5000000000000009 673.95000000000016 741.05000000000007 1249.5000000000002 845.95000000000016 2.5000000000000004 1313.1500000000003 367.45000000000005 116.65000000000002 3.5000000000000004 1455.95 5.5000000000000009 2.5000000000000004 3.5000000000000004 1.0000000180025095e-35 1.0000000180025095e-35 1.0000000180025095e-35 1.0000000180025095e-35 287.35000000000008 1397.9500000000003 1.0000000180025095e-35 1.0000000180025095e-35 1.0000000180025095e-35 1.0000000180025095e-35 967.45000000000016 1.0000000180025095e-35 1.0000000180025095e-35 234.05000000000004 1.0000000180025095e-35 203.75000000000003 388.85000000000008 1.0000000180025095e-35 696.75000000000011 1.0000000180025095e-35 290.45000000000005 1.0000000180025095e-35 2.5000000000000004 1.0000000180025095e-35 1096.7500000000002 1.0000000180025095e-35 1.0000000180025095e-35 3.5000000000000004 284.95000000000005 321.08333333333343 1.0000000180025095e-35 436.05000000000007 416.95000000000005 1.0000000180025095e-35 66.65000000000002
decision_type=2 2 2 2 2 2 2 2 2 2 2 2 2 2 2 2 2 2 2 2 2 2 2 2 2 2 2 2 2 2 2 2 2 2 2 2 2 2 2 2 2 2 2 2 2 2 2 2 2 2 2 2 2 2 2 2 2 2 2 2 2 2
left_child=6 2 27 7 14 9 21 15 11 18 33 -8 55 30 34 60 25 38 -5 41 -10 -1 45 -12 -23 -11 52 28 -2 -16 44 -17 46 36 35 -3 37 40 53 57 -6 42 -9 -44 49 -20 -19 -35 50 -14 -22 -30 -27 -7 -51 -13 -42 -18 59 -25 61 -4
right_child=1 4 3 5 10 17 8 19 20 16 23 12 13 -15 29 31 39 32 22 -21 48 24 -24 58 -26 26 -28 -29 51 -31 -32 -33 -34 47 -36 -37 -38 -39 -40 -41 56 -43 43 -45 -46 -47 -48 -49 -50 54 -52 -53 -54 -55 -56 -57 -58 -59 -60 -61 -62 -63
leaf_value=-14.849692137893962 -12.587399753760446 7.6194566171677538 9.9417699064527252 -2.8674915467798709 41.721859542705403 -11.273926008630584 -14.237377489501368 53.023047685623169 -1.0367252885375282 8.5709664363649818 49.19321412733057 3.36957045780985 -13.10385629954849 -12.187600145277361 17.518572588273901 59.77734517267087 28.846655883603884 -2.5617511829864852 10.75349354650174 115.75327369689943 2.3473090741719935 -12.659189308318155 4.6873259486826626 43.196151313781741 -7.0151624420267744 27.409142749601131 16.937237040809261 -0.9545282602393661 -8.0061915722450827 26.344297901526389 0.7411268022113896 26.136538017363776 14.188369528625323 15.557198138620661 21.208006968009169 14.51604176991763 26.482087498000176 42.566120632855522 -0.022677528687885831 58.307920559969823 25.097553466651846 54.261356963541203 105.84598024156358 73.574061252520636 3.9786273115492885 20.111095800100422 7.0748477646084726 32.213460013767083 15.112872309004889 -1.6369056958667709 8.5177825163329981 -0.15018696028739215 42.110161615454636 -6.0694770800723852 -8.2151597742321059 15.734309135747964 39.172548317909246 49.410318847926888 92.078985481262208 80.222753516832995 46.417674515644713 31.946297948812919
leaf_weight=3900 1297 791 28 400 135 843 1712 20 1733 158 361 95 247 1947 499 149 103 910 572 30 822 2531 912 20 1299 278 471 357 1160 663 791 21 92 87 195 804 165 380 245 33 217 23 36 26 141 223 172 96 128 497 533 240 69 924 610 378 80 37 20 24 48 274
leaf_count=3900 1297 791 28 400 135 843 1712 20 1733 158 361 95 247 1947 499 149 103 910 572 30 822 2531 912 20 1299 278 471 357 1160 663 791 21 92 87 195 804 165 380 245 33 217 23 36 26 141 223 172 96 128 497 533 240 69 924 610 378 80 37 20 24 48 274
internal_value=-0.0289588 9.61885 3.11767 8.12137 24.1645 3.94559 -8.18992 49.1906 -4.47819 12.3907 38.8597 -7.75167 -5.39222 -7.47543 16.2742 39.8373 23.1336 -4.68508 6.53233 85.2182 2.0545 -12.8159 8.73498 52.6814 -10.7449 20.3453 22.6195 -8.5101 -9.51023 22.5542 -3.46204 55.6217 0.1627 33.7957 12.1975 11.0959 35.5753 37.4231 -7.51375 38.8644 32.8991 76.4938 82.7298 92.3126 -5.68592 13.3783 -1.02987 24.2949 5.66683 -6.69235 4.77451 -6.65945 30.3324 -8.55241 -5.26178 13.2509 28.8888 34.2813 72.357 63.3925 32.1706 29.9061
internal_weight=32052 14688 10151 7097 4537 6442 17364 655 9634 3256 1585 6418 4706 4233 2952 520 1149 3186 2107 135 3216 7730 1707 425 3830 976 818 3054 2697 1162 2286 170 1174 1160 1790 1595 977 812 2012 173 432 105 82 62 1495 795 1082 183 1483 1354 1355 1400 347 1767 1107 473 297 140 64 44 350 302
internal_count=32052 14688 10151 7097 4537 6442 17364 655 9634 3256 1585 6418 4706 4233 2952 520 1149 3186 2107 135 3216 7730 1707 425 3830 976 818 3054 2697 1162 2286 170 1174 1160 1790 1595 977 812 2012 173 432 105 82 62 1495 795 1082 183 1483 1354 1355 1400 347 1767 1107 473 297 140 64 44 350 302
is_linear=0
shrinkage=0.05


Tree=33
num_leaves=63
num_cat=0
split_feature=35 40 35 40 40 40 40 35 40 40 40 35 35 40 35 40 40 35 40 40 35 40 35 35 40 25 35 35 35 40 40 36 40 40 25 25 10 35 25 25 40 38 36 2 31 31 25 35 36 36 2 31 2 25 25 35 4 8 32 36 32 40
split_gain=9.13946e+08 4.48017e+08 2.43743e+08 1.88423e+08 3.75386e+08 1.47032e+08 1.31834e+08 8.12958e+07 6.23035e+07 1.33431e+08 5.12301e+07 4.53883e+07 3.70107e+07 3.40381e+07 3.26779e+07 2.1454e+07 2.56776e+07 1.78816e+07 1.61022e+07 1.65708e+07 1.49595e+07 1.46294e+07 1.42906e+07 1.29829e+07 1.26094e+07 1.14425e+07 9.48459e+06 8.6385e+06 8.57361e+06 8.53931e+06 8.52443e+06 1.00623e+07 8.74975e+06 8.13591e+06 7.74436e+06 7.3861e+06 6.7291e+06 6.11968e+06 6.04838e+06 5.58426e+06 5.5552e+06 5.46905e+06 5.42806e+06 5.3686e+06 5.34054e+06 9.75744e+06 5.2209e+06 5.18542e+06 4.82081e+06 4.61586e+06 4.59587e+06 4.55879e+06 4.41572e+06 4.39887e+06 4.23865e+06 4.18456e+06 4.35609e+06 4.34364e+06 5.91586e+06 4.44509e+06 4.35278e+06 4.11754e+06
threshold=673.95000000000016 5.5000000000000009 367.45000000000005 1.0000000180025095e-35 1.5000000000000002 4.5000000000000009 5.5000000000000009 1069.4000000000003 1.0000000180025095e-35 1.5000000000000002 4.5000000000000009 199.05000000000004 987.70000000000016 1.0000000180025095e-35 1122.0000000000002 1.5000000000000002 5.5000000000000009 853.25000000000011 2.5000000000000004 3.5000000000000004 1455.95 4.5000000000000009 557.30000000000007 1313.1500000000003 2.5000000000000004 1.0000000180025095e-35 1397.9500000000003 492.75000000000011 1455.95 3.5000000000000004 1.0000000180025095e-35 40.158333333333339 1.5000000000000002 5.5000000000000009 1.0000000180025095e-35 1.0000000180025095e-35 1.0000000180025095e-35 1203.6500000000003 1.0000000180025095e-35 1.0000000180025095e-35 4.5000000000000009 1.0000000180025095e-35 241.15833333333336 1.0000000180025095e-35 388.85000000000008 203.75000000000003 1.0000000180025095e-35 838.80000000000018 175.51666666666668 462.72500000000008 1.0000000180025095e-35 25.650000000000002 1.0000000180025095e-35 1.0000000180025095e-35 1.0000000180025095e-35 1187.8500000000001 1.0000000180025095e-35 1.0000000180025095e-35 376.75000000000006 340.75000000000006 274.55000000000007 2.5000000000000004
decision_type=2 2 2 2 2 2 2 2 2 2 2 2 2 2 2 2 2 2 2 2 2 2 2 2 2 2 2 2 2 2 2 2 2 2 2 2 2 2 2 2 2 2 2 2 2 2 2 2 2 2 2 2 2 2 2 2 2 2 2 2 2 2
left_child=2 3 11 37 12 14 8 17 -4 27 24 30 36 -13 18 -15 21 34 -6 47 25 61 38 44 -11 41 35 49 39 46 -1 -32 -33 40 -3 52 -5 -2 50 -16 -34 42 -9 53 45 -14 -26 -20 -19 -10 -8 -50 -7 -21 -12 56 -44 58 60 -60 -57 -17
right_child=1 7 6 4 5 26 22 20 9 10 54 13 23 15 28 16 -18 48 19 43 -22 -23 -24 -25 29 -27 -28 -29 -30 -31 31 32 33 -35 -36 -37 -38 -39 -40 -41 -42 -43 55 -45 -46 -47 -48 -49 51 -51 -52 -53 -54 -55 -56 57 -58 -59 59 -61 -62 -63
leaf_value=-16.834035836843622 -7.8134455625031407 19.813194305545547 -11.178497400540079 51.536865125736 2.9598376905438548 -5.4380958039285545 5.346943627139356 29.909807630685659 16.080198419610348 -5.6199920169343338 -9.6253443077701775 -14.731255776175667 55.597477011680603 7.8896933812866097 24.667259235648128 -11.123440053366256 -1.7547103615549695 52.381131958007813 18.336065359324742 8.0446818056323721 68.739161476492882 -12.961030839107313 14.363531055034333 109.9656114959717 5.7814569540646943 59.074408808971441 13.478951062845148 32.067214200627156 49.893731531985807 0.42694691514112126 -14.916033089933689 -0.88588850798860064 -10.716480623315759 -8.2250411099148675 31.753981263470497 4.6321793908164617 27.192445304177024 0.42353939537245494 14.849178756508872 42.648512436308948 -16.066934125538491 30.492969195331849 34.839202096731924 21.91332264741262 56.72199967520578 94.556745499504942 18.463961012098526 27.969261115658892 15.601544066036448 33.794471033229385 13.480647815654152 30.988840590161789 1.663659001488722 19.681751909355324 -1.9922211782997523 59.334598973489577 54.219865901653591 36.282491828299861 78.677631705147888 50.739544582366946 33.774725998772517 -4.4514832331709338
leaf_weight=1064 1699 1005 1877 203 261 1330 2021 65 254 470 1911 1117 25 299 233 285 2121 25 285 527 64 1289 848 30 825 96 92 201 53 1054 1882 226 1065 1464 157 273 33 260 214 53 891 112 113 108 35 45 90 274 51 43 190 857 262 96 201 31 39 37 35 24 36 1226
leaf_count=1064 1699 1005 1877 203 261 1330 2021 65 254 470 1911 1117 25 299 233 285 2121 25 285 527 64 1289 848 30 825 96 92 201 53 1054 1882 226 1065 1464 157 273 33 260 214 53 891 112 113 108 35 45 90 274 51 43 190 857 262 96 201 31 39 37 35 24 36 1226
internal_value=-0.0275109 13.5648 -5.27212 6.09377 12.0451 7.41294 0.507118 30.3643 -3.40072 -0.509282 -3.19807 -9.83106 60.077 -6.80953 17.3596 -5.1144 -5.90453 25.5658 14.2859 16.5775 45.7828 -9.04802 8.7765 80.9573 1.73844 43.2841 -2.19322 24.0623 31.4224 3.4949 -12.7357 -11.9469 -10.4143 -11.0439 21.4265 -2.96633 48.1328 -6.72023 6.82277 27.9994 -13.1537 40.2031 43.0651 11.6219 72.6691 80.6427 7.02892 23.0579 30.7209 18.6449 6.04591 30.1246 -4.26934 9.83787 -8.8989 45.7796 39.8119 51.3447 55.7677 67.313 45.6009 -5.70993
internal_weight=32052 8924 23128 6177 4218 3847 10199 2747 6926 5049 4551 12929 371 6337 1890 5220 4921 2095 1551 1290 652 2800 3273 135 2439 588 1957 498 339 1969 6592 5528 3646 3420 1162 1865 236 1959 2425 286 1956 492 380 731 105 70 915 559 933 297 2211 908 1592 623 2112 315 152 163 126 59 67 1511
internal_count=32052 8924 23128 6177 4218 3847 10199 2747 6926 5049 4551 12929 371 6337 1890 5220 4921 2095 1551 1290 652 2800 3273 135 2439 588 1957 498 339 1969 6592 5528 3646 3420 1162 1865 236 1959 2425 286 1956 492 380 731 105 70 915 559 933 297 2211 908 1592 623 2112 315 152 163 126 59 67 1511
is_linear=0
shrinkage=0.05


Tree=34
num_leaves=63
num_cat=0
split_feature=33 40 36 40 40 40 40 32 40 40 36 40 32 34 34 36 32 36 36 36 34 32 31 31 36 33 40 37 36 36 9 34 31 31 37 40 31 36 32 37 36 21 36 31 9 9 40 9 9 31 40 36 36 9 5 40 36 31 36 9 31 32
split_gain=4.79343e+08 3.05162e+08 2.3185e+08 1.85459e+08 1.35408e+08 2.85814e+08 1.06112e+08 9.00422e+07 7.95756e+07 1.56396e+08 7.89596e+07 6.20878e+07 3.46868e+07 3.28721e+07 3.22413e+07 3.15339e+07 3.12543e+07 2.52915e+07 2.42158e+07 2.39344e+07 2.288e+07 1.7566e+07 1.70637e+07 1.68633e+07 1.67435e+07 1.55139e+07 1.45597e+07 1.66922e+07 1.37401e+07 1.29103e+07 1.17028e+07 1.0161e+07 1.00689e+07 9.96538e+06 9.71021e+06 9.58138e+06 9.54899e+06 9.40616e+06 9.18779e+06 9.12664e+06 9.51811e+06 9.00607e+06 8.71877e+06 8.69668e+06 7.9426e+06 7.89234e+06 7.79757e+06 7.6229e+06 7.54612e+06 7.05596e+06 7.04838e+06 6.52531e+06 6.43741e+06 7.79251e+06 6.43536e+06 6.30651e+06 6.18422e+06 6.10137e+06 6.00162e+06 5.91343e+06 5.84817e+06 5.69089e+06
threshold=123.75000000000001 5.5000000000000009 147.81250000000003 5.5000000000000009 1.0000000180025095e-35 1.5000000000000002 4.5000000000000009 1.0000000180025095e-35 1.0000000180025095e-35 1.5000000000000002 219.77083333333334 4.5000000000000009 358.65000000000003 333.45000000000005 80.850000000000009 263.94166666666672 27.850000000000005 303.91666666666674 331.81666666666672 73.516666666666694 169.45000000000002 386.85000000000008 318.15000000000003 361.85000000000008 157.21000000000004 336.85000000000008 1.0000000180025095e-35 3.5000000000000004 289.95500000000004 373.58333333333343 1.0000000180025095e-35 23.150000000000002 408.75000000000006 168.75000000000003 4.5000000000000009 1.5000000000000002 424.35000000000008 327.63333333333338 79.250000000000014 4.5000000000000009 362.04166666666669 1.0000000180025095e-35 432.35000000000008 248.95000000000002 1.0000000180025095e-35 1.0000000180025095e-35 5.5000000000000009 1.0000000180025095e-35 1.0000000180025095e-35 148.65000000000001 2.5000000000000004 266.78333333333336 444.47500000000008 1.0000000180025095e-35 1.0000000180025095e-35 4.5000000000000009 166.41000000000003 113.05000000000001 237.71000000000006 1.0000000180025095e-35 104.55000000000001 420.85000000000008
decision_type=2 2 2 2 2 2 2 2 2 2 2 2 2 2 2 2 2 2 2 2 2 2 2 2 2 2 2 2 2 2 2 2 2 2 2 2 2 2 2 2 2 2 2 2 2 2 2 2 2 2 2 2 2 2 2 2 2 2 2 2 2 2
left_child=2 4 19 8 -2 13 15 18 47 12 24 16 22 21 17 31 42 36 -5 -1 29 25 -10 50 -3 57 -21 35 -22 41 54 56 60 -23 -26 -28 -9 -8 -24 40 59 44 -11 49 58 -20 55 -4 61 -27 -18 -15 53 -19 -13 -37 -7 -6 -12 -17 -14 -25
right_child=1 10 3 7 5 6 37 14 9 11 20 30 32 51 -16 39 23 52 45 26 28 33 38 48 34 43 27 -29 -30 -31 -32 -33 -34 -35 -36 46 -38 -39 -40 -41 -42 -43 -44 -45 -46 -47 -48 -49 -50 -51 -52 -53 -54 -55 -56 -57 -58 -59 -60 -61 -62 -63
leaf_value=-13.572899787841719 -7.3443828990909799 4.2847489698575094 -11.560329705226756 -3.0800572276582008 10.901716157161829 -1.5136169296066937 -5.0997560214611966 8.0095502350327799 6.5948616886895808 -5.0062955239599614 10.402628770934212 -10.094817920885555 17.046295313681327 70.988926315307623 31.974145996026369 15.501986121728141 -5.7430135586068163 17.500207816111814 5.3465085988115035 -14.157167639416853 35.240658194234236 46.188197086168373 17.986830431554051 7.5632483225921483 15.239727952454118 57.386008752358933 3.2444850537843175 2.3492107684836792 53.763157511115075 46.865875093987654 0.90599990825184062 16.322841101144167 69.041773278372631 88.321731323666043 29.661028480226065 -8.0468931301362741 18.124006876392958 5.2642089380260604 36.996766342275286 45.605618741295558 34.555805028605668 35.959173505587401 3.5324583519280859 76.116496113368441 36.652136331952136 21.33328937392637 -5.742398890601212 -2.1721832855711596 26.157102864047133 20.524797096252442 3.897619928024314 107.10040392382392 38.944964540004733 35.161880228916807 -2.2951437977793283 -14.091244062185289 8.792460718782122 36.151510485561417 24.421927330401502 30.246665128259099 42.45652053923834 20.646411599598679
leaf_weight=3474 1708 286 2706 1509 33 205 1415 1573 315 1673 90 2804 31 22 230 340 234 471 1105 801 234 23 252 449 455 37 180 446 175 94 305 340 28 36 157 937 274 259 85 44 117 233 364 35 115 83 1329 235 83 20 999 29 48 72 292 800 502 87 503 85 84 102
leaf_count=3474 1708 286 2706 1509 33 205 1415 1573 315 1673 90 2804 31 22 230 340 234 471 1105 801 234 23 252 449 455 37 180 446 175 94 305 340 28 36 157 937 274 259 85 44 117 233 364 35 115 83 1329 235 83 20 999 29 48 72 292 800 502 87 503 85 84 102
internal_value=-0.0261353 10.8674 -3.45826 -0.0599336 4.26458 9.72837 5.34983 7.56634 -3.76566 -1.2079 25.914 -3.49989 19.8525 54.6968 14.079 14.418 0.802513 12.3907 1.12375 -10.4563 33.1539 47.7664 14.9613 5.47548 14.272 41.0509 -8.04645 -6.7207 43.1659 29.1974 -8.43861 9.21995 42.1535 71.8968 18.9393 -7.96691 9.51002 -3.49625 22.7816 23.7053 21.9274 27.4325 -3.48047 56.4984 24.6264 6.46343 -8.62511 -10.8102 12.1023 44.4523 2.06801 91.5229 21.3936 19.8421 -9.35919 -10.8307 5.80414 29.2078 22.2942 18.4509 35.6068 9.98518
internal_weight=32052 7679 24373 16406 5337 3629 3307 5365 11041 8100 2342 7305 795 322 2668 1633 3904 2438 2697 7967 1444 271 652 1867 898 212 4493 3692 409 1035 3401 1047 143 59 612 3246 1847 1674 337 586 542 941 2037 92 708 1188 3066 2941 634 57 1233 51 591 543 3096 1737 707 120 593 425 115 551
internal_count=32052 7679 24373 16406 5337 3629 3307 5365 11041 8100 2342 7305 795 322 2668 1633 3904 2438 2697 7967 1444 271 652 1867 898 212 4493 3692 409 1035 3401 1047 143 59 612 3246 1847 1674 337 586 542 941 2037 92 708 1188 3066 2941 634 57 1233 51 591 543 3096 1737 707 120 593 425 115 551
is_linear=0
shrinkage=0.05


Tree=35
num_leaves=63
num_cat=0
split_feature=35 35 38 35 38 35 35 25 35 9 9 35 35 39 9 39 36 9 35 25 22 31 5 39 25 39 33 31 31 34 9 36 36 31 5 36 31 33 33 9 39 5 34 35 25 36 36 5 31 35 5 36 35 36 24 31 33 31 31 35 25 25
split_gain=7.70997e+08 1.83501e+08 1.53713e+08 1.09206e+08 3.95772e+07 3.41467e+07 3.29593e+07 2.78599e+07 2.68461e+07 2.47649e+07 2.18523e+07 1.73481e+07 1.50422e+07 1.42569e+07 1.07687e+07 1.2475e+07 1.05222e+07 9.94812e+06 9.65917e+06 9.56379e+06 9.22078e+06 8.14036e+06 7.62724e+06 7.8911e+06 7.41118e+06 6.34353e+06 6.27269e+06 1.03536e+07 7.07513e+06 6.20395e+06 6.09539e+06 5.80591e+06 5.55213e+06 5.41984e+06 5.25064e+06 5.06685e+06 5.00203e+06 4.83822e+06 5.21e+06 4.74403e+06 4.71236e+06 5.34568e+06 4.7046e+06 5.68624e+06 4.65513e+06 4.52497e+06 4.36312e+06 4.34183e+06 4.2868e+06 3.87817e+06 3.83724e+06 3.81925e+06 3.76605e+06 3.72897e+06 3.71268e+06 4.0143e+06 3.97832e+06 5.96647e+06 3.65945e+06 3.55146e+06 3.53053e+06 3.47738e+06
threshold=656.45000000000016 345.85000000000008 1.0000000180025095e-35 987.70000000000016 1.0000000180025095e-35 1155.7500000000002 188.05000000000004 1.0000000180025095e-35 1187.8500000000001 1.0000000180025095e-35 1.0000000180025095e-35 445.15000000000009 838.80000000000018 1.0000000180025095e-35 1.0000000180025095e-35 1.0000000180025095e-35 390.78333333333336 1.0000000180025095e-35 1455.95 1.0000000180025095e-35 1.0000000180025095e-35 265.85000000000008 1.0000000180025095e-35 1.0000000180025095e-35 1.0000000180025095e-35 1.0000000180025095e-35 351.35000000000008 476.65000000000003 390.65000000000003 461.10000000000008 1.0000000180025095e-35 347.52916666666675 444.47500000000008 290.35000000000008 1.0000000180025095e-35 289.95500000000004 450.45000000000005 116.25000000000001 487.15000000000003 1.0000000180025095e-35 1.0000000180025095e-35 1.0000000180025095e-35 337.15000000000003 1020.4500000000002 1.0000000180025095e-35 373.58333333333343 206.78750000000005 1.0000000180025095e-35 412.55000000000007 978.05000000000007 1.0000000180025095e-35 273.71250000000003 1351.1500000000003 403.42500000000001 1.0000000180025095e-35 7.1500000000000012 345.40000000000003 142.45000000000002 215.95000000000002 1225.1500000000003 1.0000000180025095e-35 1.0000000180025095e-35
decision_type=2 2 2 2 2 2 2 2 2 2 2 2 2 2 2 2 2 2 2 2 2 2 2 2 2 2 2 2 2 2 2 2 2 2 2 2 2 2 2 2 2 2 2 2 2 2 2 2 2 2 2 2 2 2 2 2 2 2 2 2 2 2
left_child=1 6 3 10 7 20 25 9 24 11 12 40 19 17 15 52 29 34 37 53 49 59 23 -13 30 39 28 35 -23 -16 45 -20 54 -11 -8 -28 -9 -7 61 -1 41 -3 -22 -44 -30 46 -5 -26 -33 -4 58 -12 -10 -2 55 -14 -56 -58 -21 -17 -15 -39
right_child=2 4 5 8 -6 18 13 36 14 33 51 22 32 60 16 21 -18 -19 31 50 42 26 -24 -25 47 -27 27 -29 44 -31 -32 48 -34 -35 -36 -37 -38 38 -40 -41 -42 -43 43 -45 -46 -47 -48 -49 -50 -51 -52 -53 -54 -55 56 -57 57 -59 -60 -61 -62 -63
leaf_value=-12.812864322225577 6.6030634655524585 -5.7608294264920668 -4.5118868394279072 29.597947442727015 -8.1301818487244049 27.504292581361881 -9.5140574288466038 7.9418303992563768 11.355163729254919 4.2902874951707055 17.085364553746253 -1.5842379413808518 34.157126306825219 -3.9502031893049527 35.275192244269633 5.3483612060546877 79.111214065551763 0.082701827993705165 47.415007858723406 6.2702423646030105 3.4092521927104551 44.944852319717413 6.796566352563044 3.0305323986021713 26.523863886800513 -8.4146360732646279 62.08119457244873 68.118861292430338 14.602121965253531 63.829384169371238 26.983372374324059 8.2792284045108531 26.727637528578441 12.22762289732766 -2.953734278856289 35.369241403096325 19.878742402039318 4.7729560281136783 29.150796913217615 -5.3017457699504771 -0.89682208168655642 2.0779953744460129 3.0172914374958388 39.391702958515715 39.193376412215059 30.912072832076277 15.663124723535189 44.590948731724808 29.911305476937976 1.1297236162413291 29.305297372606066 24.57366253208696 30.401671152644692 16.780920044158368 3.87572983379013 14.635570600059594 -1.6044786052703857 28.742052573224772 17.366164820397266 27.109046930948892 1.4685452231725058 19.536268397221964
leaf_weight=4730 2112 1937 1153 61 1354 34 3306 840 93 443 423 2065 27 1515 110 25 20 336 24 110 416 50 549 1680 176 1191 20 35 67 23 231 43 90 418 336 158 98 351 27 220 1125 245 22 21 27 61 710 41 49 414 45 285 36 94 163 1068 25 46 229 75 375 45
leaf_count=4730 2112 1937 1153 61 1354 34 3306 840 93 443 423 2065 27 1515 110 25 20 336 24 110 416 50 549 1680 176 1191 20 35 67 23 231 43 90 418 336 158 98 351 27 220 1125 245 22 21 27 61 710 41 49 414 45 285 36 94 163 1068 25 46 229 75 375 45
internal_value=0.0804599 -4.88203 12.1813 16.1667 -0.138056 1.85211 -9.13024 1.01315 25.8977 0.106873 12.0015 -0.803498 10.5714 -6.45058 33.4856 30.4015 45.2979 -8.14936 12.6288 8.3044 -1.19578 34.2775 1.29277 0.485939 21.5168 -11.6908 37.8093 43.2588 29.7487 40.2131 19.7978 25.514 14.7092 8.14372 -8.90882 38.3706 9.18897 9.35811 7.89955 -12.479 -3.52541 -4.88067 5.03672 20.7815 21.6656 17.8028 16.7656 29.9375 19.8007 -3.02138 15.5868 20.0997 16.6705 7.03675 13.8953 15.1169 8.17849 18.0567 13.7657 21.6689 -2.87505 6.45061
internal_weight=32098 22763 9335 6736 10754 2599 12009 9400 2019 8462 4717 7601 4009 5868 739 586 153 3978 573 2590 2026 457 4294 3745 1280 6141 357 213 144 133 1063 116 1419 861 3642 178 938 457 423 4950 3307 2182 459 43 94 832 771 217 92 1567 384 708 129 2206 1329 1095 234 71 339 100 1890 396
internal_count=32098 22763 9335 6736 10754 2599 12009 9400 2019 8462 4717 7601 4009 5868 739 586 153 3978 573 2590 2026 457 4294 3745 1280 6141 357 213 144 133 1063 116 1419 861 3642 178 938 457 423 4950 3307 2182 459 43 94 832 771 217 92 1567 384 708 129 2206 1329 1095 234 71 339 100 1890 396
is_linear=0
shrinkage=0.05


Tree=36
num_leaves=63
num_cat=0
split_feature=35 40 35 40 40 40 40 35 40 40 40 35 35 35 39 35 35 40 40 39 40 35 40 8 40 39 32 35 6 35 35 5 35 32 32 25 40 10 32 40 40 5 25 8 31 35 5 25 40 40 40 35 34 39 40 35 31 33 33 6 34 31
split_gain=6.95825e+08 3.64812e+08 1.66441e+08 1.52551e+08 3.20744e+08 1.3096e+08 1.24884e+08 6.79111e+07 5.72886e+07 1.16657e+08 4.37511e+07 3.5833e+07 3.13988e+07 2.42366e+07 1.69498e+07 1.68779e+07 1.48615e+07 1.46645e+07 1.24363e+07 1.2265e+07 1.12487e+07 1.09e+07 1.0829e+07 1.08211e+07 1.01787e+07 9.38038e+06 8.5993e+06 7.94229e+06 7.86792e+06 7.50985e+06 6.96316e+06 6.91775e+06 6.48666e+06 6.42963e+06 5.86946e+06 5.79684e+06 5.75526e+06 5.70666e+06 6.1236e+06 5.63537e+06 6.22584e+06 5.63486e+06 5.60829e+06 5.33161e+06 5.0691e+06 4.80006e+06 4.78214e+06 4.76516e+06 4.68709e+06 1.06561e+07 5.62603e+06 4.62482e+06 9.24798e+06 4.59263e+06 4.58396e+06 4.73791e+06 4.47996e+06 5.11138e+06 6.03069e+06 4.43745e+06 8.51638e+06 6.38351e+06
threshold=656.45000000000016 5.5000000000000009 288.55000000000007 1.0000000180025095e-35 1.5000000000000002 4.5000000000000009 5.5000000000000009 967.45000000000016 1.0000000180025095e-35 1.5000000000000002 4.5000000000000009 1313.1500000000003 987.70000000000016 471.95000000000005 1.0000000180025095e-35 1225.1500000000003 924.45000000000016 2.5000000000000004 3.5000000000000004 1.0000000180025095e-35 2.5000000000000004 463.85000000000008 3.5000000000000004 1.0000000180025095e-35 5.5000000000000009 1.0000000180025095e-35 376.75000000000006 121.05000000000001 1.0000000180025095e-35 759.00000000000011 1203.6500000000003 1.0000000180025095e-35 1397.9500000000003 263.75000000000006 350.45000000000005 1.0000000180025095e-35 1.0000000180025095e-35 1.0000000180025095e-35 389.15000000000003 2.5000000000000004 3.5000000000000004 1.0000000180025095e-35 1.0000000180025095e-35 1.0000000180025095e-35 187.85000000000005 1203.6500000000003 1.0000000180025095e-35 1.0000000180025095e-35 1.0000000180025095e-35 1.5000000000000002 4.5000000000000009 1351.1500000000003 413.35000000000008 1.0000000180025095e-35 2.5000000000000004 450.4500000000001 168.75000000000003 111.75000000000001 1.0000000180025095e-35 1.0000000180025095e-35 241.35000000000005 416.15000000000003
decision_type=2 2 2 2 2 2 2 2 2 2 2 2 2 2 2 2 2 2 2 2 2 2 2 2 2 2 2 2 2 2 2 2 2 2 2 2 2 2 2 2 2 2 2 2 2 2 2 2 2 2 2 2 2 2 2 2 2 2 2 2 2 2
left_child=2 3 14 32 11 12 8 29 -4 21 19 16 20 42 24 23 43 -14 45 39 -6 -10 -22 59 48 41 51 -26 -28 -3 -27 33 47 -18 -35 -24 -16 38 -20 -11 -41 -7 -8 56 -38 -19 -40 -2 -1 -50 -51 -17 -53 -15 -21 -56 -5 58 -58 -9 61 -61
right_child=1 7 6 4 5 25 13 15 9 10 -12 -13 17 53 36 26 31 18 37 54 22 -23 35 -25 27 30 28 -29 -30 -31 -32 -33 -34 34 -36 -37 44 -39 46 40 -42 -43 -44 -45 -46 -47 -48 -49 49 50 -52 52 -54 -55 55 -57 57 -59 -60 60 -62 -63
leaf_value=-14.678673118621715 -7.8533666227174779 16.869329751818114 -10.814240201666484 29.729031967505435 0.68885132447878528 -8.3735555146294445 2.5043790876704226 37.951313699145018 13.12193604609979 -8.2015612132026199 -8.6972767286649919 113.11511774063111 8.1496328908821649 8.3864975126457928 -11.826534379717193 29.992569232668195 84.216184839388234 31.362046929915177 18.602694212115786 -2.4028908566928386 18.395376606520539 26.496254139815193 6.5001814824536099 19.366047000885011 -11.05328594662749 -1.2773537254239646 61.821280172364474 -5.4208315894553563 29.207650410045279 23.399425140951504 10.02225994849281 42.72962185354794 6.5469484410387411 37.901176452636719 69.193172783547254 20.506228107768436 -6.5967048434194995 7.5615724976857512 28.226730552673345 2.5025544112219533 -4.1259314800308315 2.3489044786310518 11.178580498872417 21.744718196474274 -1.1860446027959319 46.796833762639693 53.869359652201332 -0.48496548922525512 -2.6836018987310428 -10.127210487056152 -14.279771726362421 25.183867728191874 66.74964598417283 13.755868210107989 1.6346097065375869 8.4254785048601395 49.002671056691511 63.056234079870308 19.482549242539839 49.629565257117861 9.5120660160863135 15.866984231131418
leaf_weight=1286 1697 710 2455 39 225 736 2404 489 372 363 2705 24 116 817 341 70 41 139 159 243 501 258 524 118 1222 1036 116 1283 22 1159 157 34 94 22 47 86 1292 60 75 629 811 147 202 29 651 79 24 252 336 1778 1507 23 32 777 485 546 81 44 22 42 43 21
leaf_count=1286 1697 710 2455 39 225 736 2404 489 372 363 2705 24 116 817 341 70 41 139 159 243 501 258 524 118 1222 1036 116 1283 22 1159 157 34 94 22 47 86 1292 60 75 629 811 147 202 29 651 79 24 252 336 1778 1507 23 32 777 485 546 81 44 22 42 43 21
internal_value=0.0764369 11.5722 -4.63793 5.02788 10.2237 6.10144 -0.955002 26.5011 -4.31913 -1.8323 -4.05848 53.9652 15.2735 6.1473 -9.6013 37.1912 50.0109 24.2684 27.7568 0.0195008 10.8838 18.599 12.9484 33.1978 -10.7618 -2.68184 48.0172 -8.16848 56.622 20.9188 0.209687 62.4415 -6.28192 68.5343 59.216 8.4748 -5.83534 21.4509 24.681 -2.63405 -1.23057 -6.5885 3.17675 41.6853 -4.78387 36.9554 34.4431 -6.90065 -12.0856 -11.1647 -12.0322 38.5176 49.3676 11.0038 3.77488 5.23094 44.7943 48.7912 42.6974 35.9409 26.6667 38.3754
internal_weight=32098 9335 22763 6490 4447 4064 13067 2845 8867 6412 5782 383 1988 4200 9696 976 359 652 536 3077 1336 630 1111 713 7412 2076 263 2505 138 1869 1193 144 2043 110 69 610 2284 318 258 1803 1440 883 2606 215 1943 218 99 1949 4907 3621 3285 125 55 1594 1274 1031 186 147 103 595 106 63
internal_count=32098 9335 22763 6490 4447 4064 13067 2845 8867 6412 5782 383 1988 4200 9696 976 359 652 536 3077 1336 630 1111 713 7412 2076 263 2505 138 1869 1193 144 2043 110 69 610 2284 318 258 1803 1440 883 2606 215 1943 218 99 1949 4907 3621 3285 125 55 1594 1274 1031 186 147 103 595 106 63
is_linear=0
shrinkage=0.05


Tree=37
num_leaves=63
num_cat=0
split_feature=32 40 40 40 36 40 33 40 37 34 33 40 34 36 40 40 40 36 33 37 40 32 36 40 36 9 36 36 36 34 36 37 36 33 9 40 36 40 40 40 39 36 5 36 33 40 9 40 37 36 40 36 39 39 34 33 40 32 36 39 37 2
split_gain=3.58637e+08 3.08424e+08 1.16166e+08 2.50297e+08 1.1145e+08 1.01054e+08 9.15962e+07 8.3281e+07 7.13242e+07 4.5858e+07 3.85754e+07 3.67023e+07 3.25617e+07 3.12701e+07 3.06435e+07 3.04165e+07 4.15897e+07 2.93111e+07 2.50752e+07 2.0646e+07 1.86999e+07 1.84803e+07 1.83385e+07 1.69225e+07 1.42731e+07 1.36832e+07 1.35361e+07 1.34211e+07 1.19485e+07 1.13464e+07 1.03809e+07 1.01572e+07 9.70549e+06 9.69661e+06 8.8026e+06 8.62108e+06 1.05879e+07 8.75915e+06 8.51838e+06 1.2881e+07 8.43721e+06 1.12685e+07 9.59511e+06 8.22743e+06 8.18255e+06 7.83818e+06 7.70042e+06 7.53541e+06 7.38871e+06 7.35614e+06 7.32682e+06 7.12369e+06 6.81215e+06 6.69795e+06 6.625e+06 6.58093e+06 6.53202e+06 6.51603e+06 6.47986e+06 6.22296e+06 6.11147e+06 6.08596e+06
threshold=143.55000000000004 5.5000000000000009 1.0000000180025095e-35 1.5000000000000002 153.21000000000004 4.5000000000000009 174.55000000000004 1.0000000180025095e-35 2.5000000000000004 299.40000000000003 109.55000000000001 1.5000000000000002 133.15000000000001 204.51666666666668 5.5000000000000009 1.5000000000000002 5.5000000000000009 241.15833333333336 267.55000000000007 3.5000000000000004 4.5000000000000009 416.95000000000005 259.61250000000007 4.5000000000000009 362.04166666666669 1.0000000180025095e-35 373.58333333333343 390.78333333333336 272.41250000000008 316.45000000000005 416.75000000000006 3.5000000000000004 373.58333333333343 283.45000000000005 1.0000000180025095e-35 1.0000000180025095e-35 28.525000000000002 1.5000000000000002 1.0000000180025095e-35 1.5000000000000002 1.0000000180025095e-35 382.3250000000001 1.0000000180025095e-35 165.15833333333336 412.15000000000003 5.5000000000000009 1.0000000180025095e-35 5.5000000000000009 2.5000000000000004 206.78750000000005 2.5000000000000004 315.18333333333339 1.0000000180025095e-35 1.0000000180025095e-35 157.35000000000005 317.35000000000008 4.5000000000000009 1.0000000180025095e-35 227.72500000000002 1.0000000180025095e-35 2.5000000000000004 1.0000000180025095e-35
decision_type=2 2 2 2 2 2 2 2 2 2 2 2 2 2 2 2 2 2 2 2 2 2 2 2 2 2 2 2 2 2 2 2 2 2 2 2 2 2 2 2 2 2 2 2 2 2 2 2 2 2 2 2 2 2 2 2 2 2 2 2 2 2
left_child=4 2 53 9 19 10 12 -6 15 18 22 33 13 48 20 30 23 43 21 35 -13 49 54 52 29 31 46 57 -7 34 -9 40 -27 -10 -12 -1 -37 -38 -21 -40 42 -42 -19 -8 -35 -41 60 56 -3 -4 -24 -33 -17 -2 -5 -11 -39 -18 -16 -30 -15 -28
right_child=1 6 3 5 7 28 17 8 11 55 24 14 -14 26 58 16 27 25 -20 38 -22 -23 50 -25 -26 32 61 -29 59 -31 -32 51 -34 44 -36 36 37 47 39 45 41 -43 -44 -45 -46 -47 -48 -49 -50 -51 -52 -53 -54 -55 -56 -57 -58 -59 -60 -61 -62 -63
leaf_value=-13.913606449056244 -9.8703048779444273 -1.6265093406316968 13.00437563154728 -1.6512561890965938 -10.186913705865308 -7.4643922387252317 3.6488552799820901 7.7177599640750394 23.599314458980118 65.408105639753671 9.0963700357095707 9.9302663919890026 29.292542734164602 9.2576564298627968 13.397756579593199 -4.3983752644752219 -0.84328242762314742 7.9308446479293542 53.691988608522244 -11.632005208068424 -4.10126418328817 46.049876479692358 -0.78211975991725924 -8.9618332519955839 32.186476411317521 41.631628648616726 22.897207561250724 7.8709425513623374 -5.2144141568512863 25.900849100004269 27.342943904458025 32.860571577934806 77.208870558305222 76.153061889648441 22.313019874064548 -12.52536631078528 1.891069546711069 -7.8067871458804721 30.947457565201656 -5.0584738826986833 25.204968602510426 50.801940515306264 39.170528960227969 21.1574454462299 35.280040502548218 7.6591190155465814 23.529128280455069 -5.7124048304683299 7.2039753788422036 28.16881145187682 12.051901448455746 50.161738946166224 1.5754801096911191 -4.929702017614666 13.226868907021888 101.22207458330239 -13.245569367081988 6.4783414922675151 24.203187110390463 2.3287469891072425 17.244939329069958 46.608700641509024
leaf_weight=1129 1375 391 157 981 2108 1752 80 378 43 29 736 468 258 799 398 1439 1866 106 106 144 482 93 136 1825 114 149 213 808 473 158 82 241 22 25 152 1639 222 1256 36 305 211 54 32 416 24 201 155 1609 601 163 610 79 714 1369 81 23 985 363 213 648 342 31
leaf_count=1129 1375 391 157 981 2108 1752 80 378 43 29 736 468 258 799 398 1439 1866 106 106 144 482 93 136 1825 114 149 213 808 473 158 82 241 22 25 152 1639 222 1256 36 305 211 54 32 416 24 201 155 1609 601 163 610 79 714 1369 81 23 985 363 213 648 342 31
internal_value=0.072615 6.34143 1.20376 4.88802 -4.38325 1.79933 17.5951 -1.22936 0.839283 36.4836 8.26984 10.238 12.3709 10.6466 8.4293 -1.23913 -2.05587 28.0813 31.9984 -9.09187 2.81111 26.4306 3.70397 -5.41974 15.3863 33.4894 15.1063 2.35028 -4.88514 13.5553 11.2162 30.4811 46.2088 40.9274 11.3587 -9.92123 -9.13198 -7.76612 -0.822525 2.04937 25.2002 30.421 15.1748 18.3335 56.1336 -0.00662374 13.0723 -8.32298 3.72341 20.7288 9.71219 37.1318 -2.41726 -7.4054 -0.516484 81.2489 -10.1973 0.349068 17.1646 -0.85405 11.6517 25.9097
internal_weight=32098 13336 9156 6412 18762 5841 4180 11236 9128 571 2968 1653 2790 2532 1561 7475 7015 1390 519 7526 950 413 1808 3978 1160 894 1540 3037 2873 1046 460 723 171 92 888 6840 5711 4072 686 542 403 265 138 496 49 506 1296 3850 992 320 746 320 2153 2744 1062 52 2241 2229 611 1121 1141 244
internal_count=32098 13336 9156 6412 18762 5841 4180 11236 9128 571 2968 1653 2790 2532 1561 7475 7015 1390 519 7526 950 413 1808 3978 1160 894 1540 3037 2873 1046 460 723 171 92 888 6840 5711 4072 686 542 403 265 138 496 49 506 1296 3850 992 320 746 320 2153 2744 1062 52 2241 2229 611 1121 1141 244
is_linear=0
shrinkage=0.05


Tree=38
num_leaves=63
num_cat=0
split_feature=32 40 31 40 40 40 33 40 31 33 34 40 40 33 31 40 33 33 33 34 31 31 33 39 40 40 36 40 34 32 36 36 32 9 34 33 9 32 31 32 38 9 39 24 40 34 39 34 33 32 31 31 9 40 32 5 39 40 32 36 32 31
split_gain=3.2367e+08 2.78352e+08 1.12656e+08 1.0484e+08 2.25893e+08 9.12011e+07 8.26655e+07 6.39122e+07 5.00994e+07 4.23702e+07 4.13868e+07 4.00252e+07 4.70876e+07 3.48143e+07 2.94446e+07 2.44478e+07 2.35825e+07 2.26304e+07 2.13931e+07 2.00771e+07 1.95617e+07 1.90255e+07 1.75396e+07 1.72168e+07 1.69686e+07 2.62477e+07 1.65505e+07 1.30821e+07 1.23217e+07 1.15908e+07 1.10574e+07 1.07949e+07 1.06729e+07 1.00276e+07 9.85497e+06 9.69571e+06 9.36975e+06 8.50528e+06 8.32049e+06 8.25131e+06 8.22881e+06 8.1744e+06 8.80937e+06 8.08562e+06 7.6831e+06 7.61936e+06 7.6176e+06 7.49395e+06 7.44024e+06 7.31027e+06 7.15427e+06 6.81889e+06 6.65048e+06 6.61245e+06 6.32165e+06 6.21093e+06 6.21034e+06 6.19058e+06 6.15941e+06 6.03642e+06 6.00463e+06 6.8528e+06
threshold=143.55000000000004 5.5000000000000009 288.25000000000006 1.0000000180025095e-35 1.5000000000000002 4.5000000000000009 174.55000000000004 1.0000000180025095e-35 265.85000000000008 118.05000000000001 299.40000000000003 1.5000000000000002 5.5000000000000009 109.55000000000001 302.05000000000007 4.5000000000000009 0.95000000000000007 267.55000000000007 283.45000000000005 28.350000000000005 312.25000000000006 294.25000000000006 3.9500000000000006 1.0000000180025095e-35 1.0000000180025095e-35 1.5000000000000002 259.61250000000007 5.5000000000000009 266.65000000000003 376.75000000000006 165.15833333333336 276.51666666666671 404.55000000000007 1.0000000180025095e-35 110.2 429.05000000000007 1.0000000180025095e-35 366.15000000000003 464.85000000000008 418.85000000000008 1.0000000180025095e-35 1.0000000180025095e-35 1.0000000180025095e-35 1.0000000180025095e-35 5.5000000000000009 157.35000000000005 1.0000000180025095e-35 22.100000000000005 96.15000000000002 292.45000000000005 248.95000000000002 448.25000000000006 1.0000000180025095e-35 2.5000000000000004 326.15000000000003 1.0000000180025095e-35 1.0000000180025095e-35 1.0000000180025095e-35 356.45000000000005 199.14166666666668 394.35000000000008 386.75000000000006
decision_type=2 2 2 2 2 2 2 2 2 2 2 2 2 2 2 2 2 2 2 2 2 2 2 2 2 2 2 2 2 2 2 2 2 2 2 2 2 2 2 2 2 2 2 2 2 2 2 2 2 2 2 2 2 2 2 2 2 2 2 2 2 2
left_child=2 3 9 52 10 13 8 -4 19 23 17 18 15 26 30 22 41 20 38 54 32 -15 -13 36 -11 -26 -6 -27 51 40 -8 -7 -5 45 -23 37 44 -36 -9 -22 47 42 55 46 -1 -32 -31 -16 -21 -42 -19 58 56 -28 -3 -14 -2 -25 -10 -18 -55 -62
right_child=1 6 7 4 5 31 14 11 28 24 -12 12 16 21 29 -17 59 50 -20 48 39 34 -24 57 25 27 53 -29 -30 43 33 -33 -34 -35 35 -37 -38 -39 -40 -41 49 -43 -44 -45 -46 -47 -48 -49 -50 -51 -52 -53 -54 60 -56 -57 -58 -59 -60 -61 61 -63
leaf_value=-11.371934011497146 -10.507613051373685 0.55192104630141592 -9.0925275790788671 11.218708234336509 -0.49065972455828089 -7.0036916294014224 3.4664125353097917 11.587622067846411 12.666808175427713 -9.4035768607631329 77.18645539283753 -0.34656785399389367 0.52447030835367703 9.4820509310078318 29.436743445186824 -6.7667456642154153 10.396337852975991 39.633655834198002 64.027953640619913 13.292008335351944 33.527036586351564 17.427507700967162 13.346458169153269 -10.818461972781961 36.124505783339679 -2.5669344361598334 -0.7430137674598134 9.019334463976115 39.915622930666984 32.876850079267449 17.385071663808823 -0.66536184596636938 34.163597967344174 36.035515141102579 15.692870576041086 60.221548108701349 -2.5478205603630473 42.243807263644243 30.893172973826314 62.259997987747198 2.2492557854347286 17.135511765670778 8.6584924465219792 26.12450406979292 -7.8394932879769037 29.309265751070015 58.721921926174531 48.78768017533897 34.636327825076336 35.984193829389724 65.842693179586661 25.466095166418274 -0.15027364974188651 7.173670490537372 7.3392818349379088 12.639066347890887 -5.4536483440619818 -3.7771169246618452 20.921932889114728 22.971368813316854 11.695442404104083 29.164676303543697
leaf_weight=4594 1185 729 1409 199 1062 1802 80 292 547 320 52 1473 1203 706 182 1569 158 60 24 100 114 304 278 369 59 641 136 393 68 39 500 1071 68 124 70 27 426 53 69 32 42 125 662 39 2315 183 106 69 69 26 46 244 311 350 648 116 1248 2026 385 241 178 82
leaf_count=4594 1185 729 1409 199 1062 1802 80 292 547 320 52 1473 1203 706 182 1569 158 60 24 100 114 304 278 369 59 641 136 393 68 39 500 1071 68 124 70 27 426 53 69 32 42 125 662 39 2315 183 106 69 69 26 46 244 311 350 648 116 1248 2026 385 241 178 82
internal_value=0.0689843 6.02436 -4.16408 1.14357 4.64362 1.70936 16.7154 0.521455 11.7523 -7.36781 34.6594 2.70279 1.67081 7.85635 26.6772 -2.2341 6.84617 30.3985 18.3166 5.74212 25.1091 14.617 1.82742 -8.54275 0.722855 3.68759 3.51878 1.83674 19.2216 36.3409 21.1971 -4.64088 17.0624 22.9548 22.6021 33.0894 -9.74458 27.1335 15.2776 39.8247 30.5765 4.73453 3.95204 46.3347 -10.1883 20.58 51.7705 34.7563 22.0066 15.1479 51.0074 18.025 -7.03513 9.22658 3.74597 1.58989 -7.9152 -4.86198 16.0769 17.9918 11.4493 17.205
internal_weight=32098 13336 18762 9156 6412 5841 4180 7619 2790 11143 571 6210 5825 2968 1390 3320 2505 519 385 1546 413 1160 1751 9730 1413 1093 1808 1034 1244 503 887 2873 267 807 454 150 7335 123 361 146 319 2106 1981 184 6909 683 145 251 169 68 106 1176 2744 746 1377 1319 2433 2395 932 399 610 260
internal_count=32098 13336 18762 9156 6412 5841 4180 7619 2790 11143 571 6210 5825 2968 1390 3320 2505 519 385 1546 413 1160 1751 9730 1413 1093 1808 1034 1244 503 887 2873 267 807 454 150 7335 123 361 146 319 2106 1981 184 6909 683 145 251 169 68 106 1176 2744 746 1377 1319 2433 2395 932 399 610 260
is_linear=0
shrinkage=0.05


Tree=39
num_leaves=63
num_cat=0
split_feature=35 40 35 40 40 40 40 40 40 35 40 35 35 40 35 35 40 40 40 39 35 25 40 40 40 35 8 39 40 40 31 35 6 38 31 33 40 35 40 40 35 35 31 35 35 33 32 39 40 40 35 32 31 40 40 39 25 40 31 32 2 25
split_gain=5.30429e+08 2.49561e+08 1.47667e+08 1.04609e+08 2.2218e+08 9.35744e+07 8.82237e+07 4.35982e+07 9.05863e+07 3.93047e+07 3.6665e+07 2.79305e+07 2.62379e+07 2.53745e+07 2.0066e+07 1.32421e+07 1.29614e+07 1.24013e+07 1.98667e+07 9.40702e+06 9.3831e+06 8.7875e+06 8.54771e+06 8.02713e+06 8.05186e+06 7.86309e+06 7.6933e+06 7.45572e+06 7.13407e+06 7.99487e+06 7.0514e+06 7.0981e+06 6.55836e+06 7.1381e+06 5.94201e+06 6.03741e+06 5.7582e+06 6.51559e+06 6.87503e+06 6.39576e+06 5.19378e+06 5.17933e+06 5.31385e+06 5.16538e+06 5.13624e+06 5.05997e+06 4.68005e+06 4.53389e+06 4.53332e+06 4.985e+06 4.49709e+06 4.33193e+06 5.14226e+06 4.33156e+06 4.33492e+06 4.18403e+06 4.1829e+06 4.14332e+06 4.13308e+06 3.89794e+06 3.89651e+06 3.81436e+06
threshold=712.95000000000016 5.5000000000000009 373.95000000000005 1.0000000180025095e-35 1.5000000000000002 5.5000000000000009 4.5000000000000009 1.0000000180025095e-35 1.5000000000000002 1055.7500000000002 4.5000000000000009 206.35000000000005 1313.1500000000003 5.5000000000000009 1110.2000000000003 487.35000000000008 2.5000000000000004 1.0000000180025095e-35 3.5000000000000004 1.0000000180025095e-35 1455.95 1.0000000180025095e-35 3.5000000000000004 1.5000000000000002 2.5000000000000004 924.45000000000016 1.0000000180025095e-35 1.0000000180025095e-35 2.5000000000000004 3.5000000000000004 226.05000000000004 909.35000000000014 1.0000000180025095e-35 1.0000000180025095e-35 388.85000000000008 373.85000000000008 1.0000000180025095e-35 18.750000000000004 1.5000000000000002 5.5000000000000009 1397.9500000000003 463.85000000000008 66.65000000000002 838.80000000000018 1351.1500000000003 347.55000000000007 408.75000000000006 1.0000000180025095e-35 2.5000000000000004 3.5000000000000004 1249.5000000000002 374.65000000000003 300.15000000000003 2.5000000000000004 3.5000000000000004 1.0000000180025095e-35 1.0000000180025095e-35 4.5000000000000009 187.85000000000005 257.15000000000003 1.0000000180025095e-35 1.0000000180025095e-35
decision_type=2 2 2 2 2 2 2 2 2 2 2 2 2 2 2 2 2 2 2 2 2 2 2 2 2 2 2 2 2 2 2 2 2 2 2 2 2 2 2 2 2 2 2 2 2 2 2 2 2 2 2 2 2 2 2 2 2 2 2 2 2 2
left_child=2 3 11 40 12 7 14 61 41 21 19 36 25 17 16 -7 -6 -13 23 48 26 43 -18 -19 -25 60 32 -8 -16 -30 -23 -32 33 50 35 -27 -1 -38 -39 57 -2 -9 -43 -3 -29 -34 -22 -17 -10 -50 -11 -31 -53 -21 -55 -15 -24 -40 -35 -47 -5 -4
right_child=1 9 5 4 6 15 27 8 10 20 -12 13 -14 55 28 47 22 18 -20 53 46 30 56 24 -26 34 -28 44 29 51 31 -33 45 58 -36 -37 37 38 39 -41 -42 42 -44 -45 -46 59 -48 -49 49 -51 -52 52 -54 54 -56 -57 -58 -59 -60 -61 -62 -63
leaf_value=-12.789559553308653 -5.2529972567316747 15.972188505782123 -9.3338001610047829 34.294082165120258 0.38289890360035655 4.3787762798117225 -5.153453412837063 13.574995068564935 -6.6034940077708315 38.50312398493034 -6.8117272028226736 -11.517431697404097 99.663488944371551 -2.0169866002491434 9.9980966872063242 7.9773633905910932 18.665970417772023 6.5808483807481579 -8.6011383407495501 -0.98969200237978638 38.416420407130801 18.318911056895004 7.9741581953885987 -9.6557323247681044 0.57779871093755741 72.918510111640487 20.402370011131723 0.2688513416001459 37.122513795621465 13.074305571331067 27.704076719400931 49.859261935097834 11.493116817785348 47.811084785461425 40.120650090423283 47.319265152159197 -12.287683019577209 -0.31803512034842574 -8.2945586097791857 -6.2466896839542558 6.8188729834049315 4.3400601110150738 26.149349525127008 21.777402750346511 12.768733670314154 16.544627723693846 65.948260976148376 13.123225612564173 4.3338376203982882 -2.3225681115447738 52.725000365792894 10.123740415219908 36.025831442890748 10.409295240037775 3.5193381236686871 2.6382875383841742 19.404886136807896 -12.406962290157205 22.756346574009108 44.362877138923203 55.444967567562486 -1.8828901831987044
leaf_weight=1093 1709 728 1884 134 217 1702 765 193 273 233 2289 1156 24 1417 69 838 490 309 1905 221 29 95 508 287 582 51 106 946 132 89 102 56 46 20 51 42 1097 274 1362 1832 94 31 282 809 90 20 33 875 497 648 73 27 66 437 478 732 95 1113 93 34 26 189
leaf_count=1093 1709 728 1884 134 217 1702 765 193 273 233 2289 1156 24 1417 69 838 490 309 1905 221 29 95 508 287 582 51 106 946 132 89 102 56 46 20 51 42 1097 274 1362 1832 94 31 282 809 90 20 33 875 497 648 73 27 66 437 478 732 95 1113 93 34 26 189
internal_value=0.0655351 11.1271 -3.6693 5.30391 9.98715 0.652846 6.29353 -2.49874 -0.113084 24.3511 -2.2163 -7.22877 49.3333 -4.85717 14.4882 7.50235 11.5448 -7.10091 -5.44489 1.90232 34.5177 20.4491 13.7609 -0.340776 -2.80198 45.3598 32.6772 -1.4097 24.5554 27.7542 29.0839 35.5565 35.1843 37.9301 53.8362 61.3576 -9.46622 -8.82649 -7.99765 -8.4862 -4.62363 20.0171 23.9893 19.0278 1.35475 23.6791 53.0705 10.6059 -0.813724 0.566719 41.8959 20.9597 28.5059 5.29259 6.80995 -0.431291 9.77502 -10.1439 27.1908 34.0598 37.7311 -8.65448
internal_weight=32098 8102 23996 5625 3822 10837 3494 7422 5349 2477 4843 13159 328 6388 1693 3415 1310 4239 3083 2554 687 1790 1093 1178 869 304 625 1801 383 314 253 158 519 419 144 93 6771 5678 4581 4307 1803 506 313 1537 1036 100 62 1713 1418 1145 306 182 93 1136 915 2149 603 2475 113 54 160 2073
internal_count=32098 8102 23996 5625 3822 10837 3494 7422 5349 2477 4843 13159 328 6388 1693 3415 1310 4239 3083 2554 687 1790 1093 1178 869 304 625 1801 383 314 253 158 519 419 144 93 6771 5678 4581 4307 1803 506 313 1537 1036 100 62 1713 1418 1145 306 182 93 1136 915 2149 603 2475 113 54 160 2073
is_linear=0
shrinkage=0.05


Tree=40
num_leaves=63
num_cat=0
split_feature=32 36 31 38 37 36 39 9 33 5 37 33 36 37 37 37 34 25 9 25 36 36 31 36 33 38 36 9 36 2 9 39 25 31 34 34 36 9 33 39 32 36 34 39 5 9 5 37 25 9 32 31 33 31 31 5 31 36 33 9 32 31
split_gain=2.60735e+08 9.68668e+07 7.86535e+07 7.64019e+07 7.41694e+07 4.07154e+07 2.97953e+07 3.15439e+07 1.96204e+07 1.72433e+07 1.64835e+07 1.52182e+07 1.41489e+07 1.47067e+07 1.31865e+07 1.27041e+07 1.16972e+07 1.06847e+07 1.0163e+07 9.94799e+06 9.86974e+06 8.48264e+06 8.17215e+06 7.91236e+06 7.68622e+06 7.5299e+06 7.40204e+06 7.65168e+06 6.94817e+06 6.55509e+06 6.0371e+06 7.37909e+06 5.87032e+06 5.60136e+06 5.45772e+06 5.14324e+06 4.96083e+06 4.91132e+06 5.02267e+06 4.87759e+06 4.8615e+06 5.21355e+06 4.85916e+06 4.80052e+06 4.79547e+06 4.68745e+06 4.63738e+06 4.63317e+06 4.56614e+06 4.53735e+06 7.52547e+06 4.48692e+06 4.27738e+06 4.21207e+06 4.17344e+06 4.15955e+06 4.12544e+06 4.07948e+06 4.51025e+06 4.04443e+06 3.91134e+06 3.74768e+06
threshold=81.350000000000009 185.05833333333337 248.95000000000002 1.0000000180025095e-35 3.5000000000000004 296.12500000000006 1.0000000180025095e-35 1.0000000180025095e-35 127.75000000000001 1.0000000180025095e-35 3.5000000000000004 2.2500000000000004 261.05833333333339 4.5000000000000009 2.5000000000000004 4.5000000000000009 150.50000000000003 1.0000000180025095e-35 1.0000000180025095e-35 1.0000000180025095e-35 309.52500000000003 420.42500000000007 102.45000000000002 364.8250000000001 365.95000000000005 1.0000000180025095e-35 362.04166666666669 1.0000000180025095e-35 123.86250000000003 1.0000000180025095e-35 1.0000000180025095e-35 1.0000000180025095e-35 1.0000000180025095e-35 424.35000000000008 419.85000000000008 226.05000000000004 347.52916666666675 1.0000000180025095e-35 393.85000000000008 1.0000000180025095e-35 156.25000000000003 352.12500000000006 382.75000000000006 1.0000000180025095e-35 1.0000000180025095e-35 1.0000000180025095e-35 1.0000000180025095e-35 2.5000000000000004 1.0000000180025095e-35 1.0000000180025095e-35 225.25000000000003 213.95000000000002 397.55000000000007 345.95000000000005 454.25000000000006 1.0000000180025095e-35 432.55000000000007 147.81250000000003 27.550000000000004 1.0000000180025095e-35 410.95000000000005 294.25000000000006
decision_type=2 2 2 2 2 2 2 2 2 2 2 2 2 2 2 2 2 2 2 2 2 2 2 2 2 2 2 2 2 2 2 2 2 2 2 2 2 2 2 2 2 2 2 2 2 2 2 2 2 2 2 2 2 2 2 2 2 2 2 2 2 2
left_child=2 15 8 4 5 14 7 9 22 33 36 21 13 29 -3 25 19 23 48 56 32 30 -1 40 -25 28 61 43 -2 -6 31 46 -12 -4 -19 -10 -5 38 44 59 -14 49 -39 -28 -22 -15 -7 -30 55 50 -42 -47 -18 -51 -55 -16 -8 -17 -59 -24 -29 -13
right_child=1 3 6 10 12 11 16 -9 35 -11 20 26 17 45 18 57 52 34 -20 -21 37 -23 39 24 -26 -27 27 60 47 -31 -32 -33 -34 -35 -36 -37 -38 42 -40 -41 41 -43 -44 -45 -46 51 -48 -49 -50 53 -52 -53 -54 54 -56 -57 -58 58 -60 -61 -62 -63
leaf_value=-10.24951271861452 -5.0244209258035371 0.28743822072554792 -6.243768565283081 -4.9290324031636423 8.7418485483048869 -0.55237266134461982 -0.34539822019004857 9.5028099698180792 -2.1261949192568119 4.8306159876533288 0.39403916281977097 8.8371622713867595 36.62431219816208 19.54206020994754 2.3740399874357396 0.88693439781398531 12.095378136496212 28.479193127645203 14.960105933528064 9.0374256979223464 11.808441826195088 17.627329802761476 -8.64253968324571 13.639867678555575 51.152532476849025 -7.9535108206618546 5.718186640184979 27.597623519897464 -3.504139362786745 19.105268559050053 15.894138857433873 9.4827012807716358 12.617980846762658 -2.2944834116704182 49.978477746087151 7.9571755010210827 1.7280146894857826 12.970889468987785 0.85238493667854065 -4.3541930081945681 -2.7671891593016111 -5.7295275535583503 46.340901927948003 24.586978343205576 37.460737176374955 50.735654727935795 11.221597771002697 1.4804339112118816 11.269547955007745 17.238833968220529 17.491523461163197 23.981763943604061 31.182053330070097 43.80808002560638 17.421030608467433 9.7542941422441647 4.9853550339773722 27.076244864744297 7.5547123977489639 -1.8850393568331771 57.831118940270464 17.486889055343081
leaf_weight=3564 1096 1855 3136 1245 810 427 1368 465 521 484 798 207 32 354 1148 223 129 146 283 496 106 240 2726 22 36 585 43 20 688 188 186 738 112 1258 37 167 361 24 91 1235 52 25 20 156 22 25 104 1446 226 74 387 42 38 43 23 229 494 34 228 241 23 317
leaf_count=3564 1096 1855 3136 1245 810 427 1368 465 521 484 798 207 32 354 1148 223 129 146 283 496 106 240 2726 22 36 585 43 20 688 188 186 738 112 1258 37 167 361 24 91 1235 52 25 20 156 22 25 104 1446 226 74 387 42 38 43 23 229 494 34 228 241 23 317
internal_value=-0.00688127 4.6204 -4.42296 7.05514 9.40863 6.56649 -0.82512 -2.94031 -7.7714 -4.12647 -0.141654 11.5613 17.0858 14.0001 3.28066 -1.76485 3.65071 22.0786 6.22469 2.74505 4.36417 8.91816 -8.48835 19.2446 36.9236 -2.73387 17.4101 24.6426 -1.78852 10.6941 7.4816 6.24856 1.89852 -5.11309 32.826 0.321367 -3.43265 12.8955 9.83287 -6.99459 17.6323 16.6261 28.1391 20.5098 16.2174 21.8373 1.75364 -0.126589 4.6825 17.5914 15.0919 33.9646 16.4385 25.4293 34.6126 3.6014 1.06888 5.85743 10.088 -8.09365 43.769 14.0699
internal_weight=31899 15577 16322 11277 8498 6202 7868 5343 8454 4878 2779 2461 2296 1419 3741 4300 2525 877 1886 2358 1173 1695 7766 694 58 3815 766 242 3230 998 1455 1269 910 4394 183 688 1606 263 219 4202 636 604 44 199 128 421 531 2134 1603 579 439 67 167 140 66 1377 1862 485 262 2967 43 524
internal_count=31899 15577 16322 11277 8498 6202 7868 5343 8454 4878 2779 2461 2296 1419 3741 4300 2525 877 1886 2358 1173 1695 7766 694 58 3815 766 242 3230 998 1455 1269 910 4394 183 688 1606 263 219 4202 636 604 44 199 128 421 531 2134 1603 579 439 67 167 140 66 1377 1862 485 262 2967 43 524
is_linear=0
shrinkage=0.05


Tree=41
num_leaves=63
num_cat=0
split_feature=39 40 40 37 33 40 40 40 36 36 36 40 40 33 40 37 33 37 36 36 34 34 31 36 36 36 36 31 31 37 34 37 5 37 36 36 40 40 31 36 31 37 8 36 25 36 33 37 36 31 36 37 27 40 37 33 37 36 31 31 31 37
split_gain=2.31068e+08 1.36964e+08 9.83737e+07 8.45009e+07 8.4288e+07 6.24478e+07 1.37573e+08 5.35206e+07 4.005e+07 3.82037e+07 3.7372e+07 3.67543e+07 8.68804e+07 4.31768e+07 3.3013e+07 3.23823e+07 2.94326e+07 2.39601e+07 2.38272e+07 1.67972e+07 1.65883e+07 1.64046e+07 1.44811e+07 1.33309e+07 1.47456e+07 1.28584e+07 1.24901e+07 1.23013e+07 1.11194e+07 1.07906e+07 1.05651e+07 1.04712e+07 1.04249e+07 8.82609e+06 8.48836e+06 7.92288e+06 7.61425e+06 7.4038e+06 6.92286e+06 6.50527e+06 6.0933e+06 6.03076e+06 5.9926e+06 6.92624e+06 5.81879e+06 5.74391e+06 5.41034e+06 5.34865e+06 5.20728e+06 5.06048e+06 4.97325e+06 4.97109e+06 4.90496e+06 4.819e+06 4.75151e+06 4.73414e+06 4.61965e+06 6.43113e+06 4.60483e+06 4.38874e+06 5.12554e+06 4.34489e+06
threshold=1.0000000180025095e-35 5.5000000000000009 5.5000000000000009 2.5000000000000004 1.0000000180025095e-35 1.0000000180025095e-35 1.5000000000000002 4.5000000000000009 206.78750000000005 193.32500000000002 211.48750000000004 1.0000000180025095e-35 1.5000000000000002 297.15000000000003 4.5000000000000009 3.5000000000000004 255.05000000000004 2.5000000000000004 242.21250000000003 251.61250000000004 26.150000000000002 345.80000000000001 361.85000000000008 256.81666666666672 307.47500000000008 373.58333333333343 180.51666666666668 288.25000000000006 217.85000000000005 1.5000000000000002 1.0500000000000003 1.5000000000000002 1.0000000180025095e-35 4.5000000000000009 162.61250000000004 178.11250000000004 2.5000000000000004 2.5000000000000004 450.45000000000005 125.61 189.65000000000001 1.5000000000000002 1.0000000180025095e-35 233.41666666666669 1.0000000180025095e-35 252.83333333333337 485.45000000000005 1.5000000000000002 145.05500000000004 388.85000000000008 176.81250000000003 4.5000000000000009 1.0000000180025095e-35 2.5000000000000004 1.5000000000000002 365.95000000000005 1.5000000000000002 321.08333333333343 265.85000000000008 209.75000000000003 343.95000000000005 3.5000000000000004
decision_type=2 2 2 2 2 2 2 2 2 2 2 2 2 2 2 2 2 2 2 2 2 2 2 2 2 2 2 2 2 2 2 2 2 2 2 2 2 2 2 2 2 2 2 2 2 2 2 2 2 2 2 2 2 2 2 2 2 2 2 2 2 2
left_child=2 5 11 10 18 45 15 16 33 51 39 -1 13 20 17 19 22 28 -3 -7 26 52 36 59 -25 30 -13 61 -14 -20 -10 -21 -16 48 -19 -9 -8 -36 47 -4 -23 -38 43 49 -37 -2 -39 -12 -6 -32 -43 -5 -11 -30 -24 -44 -28 -58 -31 -17 -61 -18
right_child=1 4 3 9 8 6 7 35 25 21 38 12 14 -15 32 23 27 34 29 31 -22 40 54 24 -26 -27 56 -29 53 58 42 -33 -34 -35 37 44 41 46 -40 -41 -42 50 55 -45 -46 -47 -48 -49 -50 -51 -52 -53 -54 -55 -56 -57 57 -59 -60 60 -62 -63
leaf_value=-10.200972324940507 -7.6234943743614991 0.77046515042628716 -8.0633970971080249 2.1726653362913741 1.689455166285631 10.256728873767637 -5.8840425513007428 -8.1494384526000676 20.278782359911467 17.059066342055552 -0.13758127487481828 0.0022371753870849909 -7.9831035430329287 54.826934339415359 -9.9381068622478477 26.290973999815169 4.2072670509802048 -2.5372628392568277 6.3869457687352735 16.554531779212336 48.243812522888192 16.297926853321218 3.7030588203580077 90.167653452555342 36.274810504913333 44.413648980387144 8.155943979551127 23.741396338689285 -7.6576377248855669 8.8711736612291219 17.049312167432571 38.229699543740253 -1.7461015039802286 22.079533945172042 -4.7437653381978313 -3.3406190520253172 -1.8401244450624912 7.737683146575943 9.372220857507287 -2.6965671699104172 43.64254215883922 0.85553082013526538 25.421875953674316 36.88994069840799 2.9078931271727009 -2.6652796062587902 32.970555390011178 5.9202600263326239 11.748413140424724 44.854515089988709 8.277207832662075 13.29800767409496 -3.5938742955525722 -0.69309062217560857 12.969374261165127 -2.1693934700705788 15.191975920359296 43.068406236171725 18.734836082674057 64.144903614210051 31.114103762308758 14.440200229191488
leaf_weight=3687 1282 1090 1521 708 189 220 308 655 606 689 1166 353 1594 53 3622 53 181 402 615 93 25 27 202 30 22 89 222 269 309 166 90 139 435 151 124 1535 465 618 362 898 83 391 53 283 492 1073 22 530 403 20 534 117 30 1266 439 22 150 24 412 23 24 243
leaf_count=3687 1282 1090 1521 708 189 220 308 655 606 689 1166 353 1594 53 3622 53 181 402 615 93 25 27 202 30 22 89 222 269 309 166 90 139 435 151 124 1535 465 618 362 898 83 391 53 283 492 1073 22 530 403 20 534 117 30 1266 439 22 150 24 412 23 24 243
internal_value=-0.00653721 5.17068 -3.50443 1.7104 12.5949 1.58485 4.17515 1.77635 20.3571 11.3678 -1.85747 -5.98174 -4.29432 11.1678 -5.81805 26.8685 6.32754 -2.78424 6.11439 20.1548 8.17822 18.9484 3.64608 46.8327 67.3668 26.1503 6.84092 15.378 -5.03904 10.9969 24.6368 29.5409 -9.05974 11.2893 3.34394 -3.36877 1.22886 6.4385 3.09527 -6.07108 36.9307 2.80495 30.2799 32.7516 -1.82396 -5.3644 8.60506 1.75549 8.53702 22.1048 5.14004 3.75044 16.1973 -2.05947 10.0493 17.3284 12.937 19.037 15.902 36.1549 47.2781 10.0719
internal_weight=31899 12862 19037 6131 4189 8673 6318 5714 1906 1654 4477 12906 9219 827 8392 604 3032 4335 2283 452 774 829 2339 152 52 1163 749 693 3169 1193 1074 232 4057 743 1166 2682 1698 764 2058 2419 110 1390 468 393 2027 2355 640 1696 592 110 925 825 719 1575 641 75 396 174 578 100 47 424
internal_count=31899 12862 19037 6131 4189 8673 6318 5714 1906 1654 4477 12906 9219 827 8392 604 3032 4335 2283 452 774 829 2339 152 52 1163 749 693 3169 1193 1074 232 4057 743 1166 2682 1698 764 2058 2419 110 1390 468 393 2027 2355 640 1696 592 110 925 825 719 1575 641 75 396 174 578 100 47 424
is_linear=0
shrinkage=0.05


Tree=42
num_leaves=63
num_cat=0
split_feature=35 40 40 40 35 40 35 40 35 35 40 40 35 40 40 40 35 9 40 9 40 9 39 35 9 8 31 31 31 39 40 34 2 37 27 9 9 39 33 34 9 39 32 5 5 2 31 32 18 33 35 10 39 32 39 32 35 34 32 35 33 33
split_gain=3.91923e+08 2.47394e+08 9.89908e+07 2.05757e+08 8.56037e+07 8.30498e+07 5.17792e+07 4.48969e+07 3.48874e+07 2.97811e+07 1.99012e+07 4.15335e+07 1.83753e+07 1.55763e+07 1.37285e+07 1.05021e+07 1.04605e+07 1.00004e+07 9.18138e+06 8.88885e+06 7.59549e+06 7.42462e+06 8.23244e+06 7.25819e+06 6.69433e+06 6.35083e+06 6.17417e+06 9.30302e+06 6.57394e+06 6.16495e+06 6.11545e+06 5.51855e+06 8.13685e+06 6.71468e+06 5.41907e+06 5.39646e+06 5.34476e+06 5.99516e+06 5.14792e+06 5.06864e+06 5.34321e+06 4.87788e+06 4.84327e+06 4.82161e+06 4.65064e+06 4.6449e+06 4.59238e+06 6.4437e+06 5.64635e+06 5.62988e+06 4.57289e+06 4.52897e+06 4.45483e+06 4.25072e+06 4.18387e+06 4.64134e+06 4.13038e+06 4.05449e+06 6.9777e+06 3.74665e+06 3.73201e+06 5.87509e+06
threshold=485.05000000000007 5.5000000000000009 1.0000000180025095e-35 1.5000000000000002 867.25000000000011 4.5000000000000009 231.25000000000003 5.5000000000000009 832.35000000000025 902.1500000000002 1.0000000180025095e-35 1.5000000000000002 1155.7500000000002 4.5000000000000009 2.5000000000000004 3.5000000000000004 607.45000000000016 1.0000000180025095e-35 2.5000000000000004 1.0000000180025095e-35 3.5000000000000004 1.0000000180025095e-35 1.0000000180025095e-35 1313.1500000000003 1.0000000180025095e-35 1.0000000180025095e-35 131.65000000000001 361.85000000000008 472.65000000000003 1.0000000180025095e-35 5.5000000000000009 428.15000000000003 1.0000000180025095e-35 4.5000000000000009 1.0000000180025095e-35 1.0000000180025095e-35 1.0000000180025095e-35 1.0000000180025095e-35 326.85000000000008 11.250000000000002 1.0000000180025095e-35 1.0000000180025095e-35 389.15000000000003 1.0000000180025095e-35 1.0000000180025095e-35 1.0000000180025095e-35 302.05000000000007 317.55000000000007 1.0000000180025095e-35 390.05000000000007 23.250000000000004 1.0000000180025095e-35 1.0000000180025095e-35 150.05000000000004 1.0000000180025095e-35 401.15000000000003 1170.4500000000003 324.25000000000006 440.45000000000005 853.25000000000011 279.65000000000003 425.05000000000007
decision_type=2 2 2 2 2 2 2 2 2 2 2 2 2 2 2 2 2 2 2 2 2 2 2 2 2 2 2 2 2 2 2 2 2 2 2 2 2 2 2 2 2 2 2 2 2 2 2 2 2 2 2 2 2 2 2 2 2 2 2 2 2 2
left_child=6 2 35 8 16 9 30 10 39 17 -8 -12 25 36 -11 24 -3 18 -5 29 -20 22 -9 26 45 34 -10 38 -29 44 -1 32 46 -33 -6 52 37 -13 -28 40 54 -18 -17 -44 -7 51 57 49 60 -48 -32 -16 -2 -27 55 -4 -21 58 -14 -31 -49 -62
right_child=1 4 3 5 12 19 7 21 23 14 11 13 31 -15 15 42 41 -19 20 56 -22 -23 -24 -25 -26 53 27 28 -30 59 50 33 -34 -35 -36 -37 -38 -39 -40 -41 -42 -43 43 -45 -46 -47 47 48 -50 -51 -52 -53 -54 -55 -56 -57 -58 -59 -60 -61 61 -63
leaf_value=-8.9985024869390156 -8.6937805964906101 7.3918908968352728 8.4654995436938307 -3.6334835484258239 25.28464317291904 -8.5081672923297926 -9.3140978604057363 -0.53556906896274825 26.615434675216676 2.2091035540789776 10.210290706041723 -4.6254489684317051 48.39356024742127 -7.8540544886890507 22.406631962569445 9.807800034262101 10.706863471984946 14.173415323930527 9.2424005098371627 1.4755275700048465 2.294709010761137 10.054480251681005 4.6853924250158672 73.782318107898419 40.387871731978201 -4.6326002286030699 79.69058855977552 31.47801552091326 59.788836692119474 -4.272666288559833 -9.9715537991731082 37.988124079782459 49.394782577711965 69.207306989034024 1.1879017988840739 0.033030309455876865 6.1451671447625031 0.7729872524458915 52.300629777000069 40.084134483337408 41.224786093927207 16.118798683607093 16.535407424684781 38.137336614355448 -0.24510426573131397 34.974886471249839 32.574764639755777 60.929418737238109 13.623766126632692 -0.16330381234486899 -4.9320167511949577 2.7803825017568227 -4.5353676618518017 17.381683434471491 25.050314453994336 34.726352062225338 15.728680683394609 2.4340788629319934 6.6272398900985721 0.90841257197371983 28.606801459046661 53.860473117312871
leaf_weight=4996 1217 1039 106 326 838 960 1856 2042 35 146 514 1440 20 2170 143 265 737 277 747 367 831 268 1198 26 65 26 29 70 29 854 575 61 58 24 24 361 185 800 42 42 31 957 134 32 207 55 29 22 20 24 2073 37 1368 140 147 20 59 27 20 590 61 37
leaf_count=4996 1217 1039 106 326 838 960 1856 2042 35 146 514 1440 20 2170 143 265 737 277 747 367 831 268 1198 26 65 26 29 70 29 854 575 61 58 24 24 361 185 800 42 42 31 957 134 32 207 55 29 22 20 24 2073 37 1368 140 147 20 59 27 20 590 61 37
internal_value=-0.00621035 6.34811 1.94032 5.31097 16.5292 2.60937 -4.84008 -2.55643 33.8486 8.4258 -4.87977 -3.26886 26.4366 -4.77665 16.2071 19.0028 11.3417 5.29688 4.00549 -3.24727 5.58364 2.05646 1.3949 48.8955 26.1862 22.8891 45.7392 49.6764 39.7711 -4.3399 -7.96889 35.4859 32.4609 46.803 24.6137 -5.69341 -2.02285 -2.69744 63.4881 23.8028 21.5534 13.7643 14.0028 20.6996 -7.04248 22.258 28.6833 32.5986 38.2198 17.75 -6.02633 18.3723 -6.49312 13.9337 19.3197 12.6339 3.44956 17.405 27.5104 -2.15574 42.3192 38.1414
internal_weight=31899 13782 9618 6672 4164 6095 18117 10473 577 3058 6965 5109 1431 4595 877 731 2733 2181 1904 3037 1578 3508 3240 231 300 1028 205 170 99 2611 7644 403 318 85 862 2946 2425 2240 71 346 304 1694 431 166 1167 235 260 193 140 53 2648 180 2585 166 273 126 426 67 40 1444 120 98
internal_count=31899 13782 9618 6672 4164 6095 18117 10473 577 3058 6965 5109 1431 4595 877 731 2733 2181 1904 3037 1578 3508 3240 231 300 1028 205 170 99 2611 7644 403 318 85 862 2946 2425 2240 71 346 304 1694 431 166 1167 235 260 193 140 53 2648 180 2585 166 273 126 426 67 40 1444 120 98
is_linear=0
shrinkage=0.05


Tree=43
num_leaves=63
num_cat=0
split_feature=35 35 38 38 35 35 35 25 38 25 35 24 25 5 25 2 10 4 35 32 25 29 2 25 35 32 34 22 35 35 32 33 6 33 33 33 2 18 33 35 35 33 35 33 32 33 2 33 32 33 5 32 2 35 25 21 34 10 32 33 33 33
split_gain=3.55131e+08 1.10118e+08 5.92062e+07 4.38809e+07 3.68749e+07 1.91507e+07 1.6893e+07 1.48609e+07 1.07978e+07 1.01528e+07 9.7192e+06 8.20625e+06 7.79977e+06 6.58768e+06 6.36562e+06 6.30794e+06 6.21262e+06 6.04861e+06 5.78774e+06 5.22812e+06 5.20929e+06 5.04382e+06 4.66012e+06 4.52942e+06 4.51237e+06 3.94659e+06 4.57371e+06 3.87113e+06 3.47044e+06 3.31231e+06 3.30549e+06 5.31789e+06 3.22422e+06 3.14984e+06 3.10407e+06 3.47151e+06 3.05102e+06 3.52771e+06 2.98451e+06 2.92241e+06 3.723e+06 3.36387e+06 4.9742e+06 6.15186e+06 3.33673e+06 4.5661e+06 3.03591e+06 2.91111e+06 2.84558e+06 3.62283e+06 3.0747e+06 3.41157e+06 2.7677e+06 2.72846e+06 2.67991e+06 2.6383e+06 2.56172e+06 4.2467e+06 3.58862e+06 2.59037e+06 3.11531e+06 2.53476e+06
threshold=455.95000000000005 894.95000000000016 1.0000000180025095e-35 1.0000000180025095e-35 220.65000000000006 1122.0000000000002 712.95000000000016 1.0000000180025095e-35 1.0000000180025095e-35 1.0000000180025095e-35 1531.0000000000002 1.0000000180025095e-35 1.0000000180025095e-35 1.0000000180025095e-35 1.0000000180025095e-35 1.0000000180025095e-35 1.0000000180025095e-35 1.0000000180025095e-35 370.95000000000005 117.35000000000001 1.0000000180025095e-35 1.0000000180025095e-35 1.0000000180025095e-35 1.0000000180025095e-35 121.05000000000001 268.35000000000008 397.75000000000006 1.0000000180025095e-35 832.35000000000025 987.70000000000016 404.55000000000007 370.25000000000006 1.0000000180025095e-35 367.75000000000006 469.35000000000008 239.35000000000005 1.0000000180025095e-35 1.0000000180025095e-35 1.3500000000000003 1187.8500000000001 1155.7500000000002 372.05000000000007 1455.95 459.35000000000008 380.65000000000003 307.15000000000003 1.0000000180025095e-35 178.45000000000002 480.05000000000007 300.85000000000008 1.0000000180025095e-35 274.55000000000007 1.0000000180025095e-35 1096.7500000000002 1.0000000180025095e-35 1.0000000180025095e-35 1.0500000000000003 1.0000000180025095e-35 205.15000000000001 321.25000000000006 459.35000000000008 328.85000000000008
decision_type=2 2 2 2 2 2 2 2 2 2 2 2 2 2 2 2 2 2 2 2 2 2 2 2 2 2 2 2 2 2 2 2 2 2 2 2 2 2 2 2 2 2 2 2 2 2 2 2 2 2 2 2 2 2 2 2 2 2 2 2 2 2
left_child=4 3 5 6 24 23 9 8 18 13 14 15 19 22 27 20 17 34 52 -7 28 39 -2 36 -1 -23 55 29 -8 -4 33 -32 53 -29 35 -14 37 -3 -30 40 -21 44 -43 -44 45 -41 -42 -40 50 -50 -31 -52 -6 -25 -26 -27 59 58 -58 -38 -61 -37
right_child=1 2 10 -5 7 12 11 -9 -10 -11 -12 -13 16 -15 -16 -17 -18 -19 -20 21 -22 25 -24 32 54 26 -28 30 38 48 31 -33 -34 -35 -36 61 56 -39 47 41 46 42 43 -45 -46 -47 -48 -49 49 -51 51 -53 -54 -55 -56 -57 57 -59 -60 60 -62 -63
leaf_value=-8.8464035641893215 0.8330158540622481 12.517424781832517 -4.5521641097636332 -3.737422054557328 -4.3990840660284718 35.369367694854738 4.9758822983032118 4.1378542263443174 -9.1956952262591987 8.593424516829641 25.772399232825457 1.0575689114282407 44.458138134262782 6.7015270461356797 12.947180505999093 14.537161834123641 12.133752079499075 52.471355438232422 -1.3001678149151803 22.14543222701678 13.246002044429236 -4.1145221328735353 5.5595361224928252 21.981531482024959 -6.7029191628531386 3.384663847088814 30.885586295705856 8.9517141066556398 16.105742112343961 -0.15666330917908328 7.3753393897098993 34.510603790283206 5.2034978047395368 -3.4607148813812629 47.75613509654999 9.7600952284676694 19.713232123406968 6.1527036113978291 -0.14267928207313621 19.385200872421265 2.2556961312890054 23.249133436982547 57.663832855224612 21.278542677561443 23.015306053025938 -6.3317046586956298 24.164779281616212 10.497211366102576 25.689296790531706 1.7090548276901245 -1.8144780958852462 20.053208511783964 -0.014792520509046668 4.0202627892079565 -0.71711930012583136 20.619836820574371 15.68926716532026 1.2254455934871329 32.781398348291127 0.79902804326266053 21.323188913785497 27.524386747118452
leaf_weight=3955 3986 991 251 2059 4535 49 1170 682 766 688 49 407 22 687 147 392 39 36 3125 93 337 35 600 262 3098 64 33 115 143 548 65 25 39 92 20 28 67 279 91 45 64 191 26 21 123 28 21 219 28 36 31 42 391 23 199 34 56 22 68 64 26 71
leaf_count=3955 3986 991 251 2059 4535 49 1170 682 766 688 49 407 22 687 147 392 39 36 3125 93 337 35 600 262 3098 64 33 115 143 548 65 25 39 92 20 28 67 279 91 45 64 191 26 21 123 28 21 219 28 36 31 42 391 23 199 34 56 22 68 64 26 71
internal_value=-0.00589982 5.54187 12.2379 2.82779 -5.02277 16.2959 4.37799 -2.973 -3.52303 2.88078 3.88921 7.6128 21.7381 2.13542 3.11219 8.74714 30.1986 34.179 -2.98331 19.5284 7.58914 18.5307 1.4514 13.3036 -7.70765 10.8007 14.7856 1.93965 6.41455 0.361504 6.91321 14.9129 18.6869 3.43508 29.5086 26.4925 12.1948 11.1192 10.1303 20.6274 15.2323 22.8401 26.8348 41.4066 17.9894 9.52118 7.66853 7.37389 2.16199 12.2004 1.12743 10.7669 -4.05108 20.532 -6.34163 9.36421 16.703 21.4705 25.0624 12.2696 6.72823 22.5001
internal_weight=31899 15148 4369 10779 16751 2940 8720 9499 8817 5961 1429 2759 1043 5273 1380 2352 216 177 8051 827 1960 778 4586 1897 7252 166 131 1233 1623 936 297 90 324 207 141 121 1573 1270 453 612 178 434 238 47 196 73 85 310 685 64 621 73 4926 285 3297 98 303 146 124 157 90 99
internal_count=31899 15148 4369 10779 16751 2940 8720 9499 8817 5961 1429 2759 1043 5273 1380 2352 216 177 8051 827 1960 778 4586 1897 7252 166 131 1233 1623 936 297 90 324 207 141 121 1573 1270 453 612 178 434 238 47 196 73 85 310 685 64 621 73 4926 285 3297 98 303 146 124 157 90 99
is_linear=0
shrinkage=0.05


Tree=44
num_leaves=63
num_cat=0
split_feature=40 33 39 36 36 9 40 40 40 32 33 5 32 32 34 40 40 34 40 33 32 34 32 40 40 40 33 40 36 34 9 36 9 32 36 36 39 34 33 33 34 40 38 36 32 36 25 9 36 36 40 40 8 32 36 36 33 25 36 33 36 36
split_gain=1.85755e+08 1.7647e+08 9.10003e+07 5.68989e+07 5.56564e+07 5.56416e+07 5.08045e+07 1.117e+08 4.39927e+07 2.51248e+07 2.42184e+07 2.40463e+07 2.16327e+07 1.95823e+07 1.84531e+07 1.72005e+07 4.91903e+07 1.89165e+07 1.65443e+07 1.40253e+07 1.11621e+07 1.01836e+07 9.91254e+06 9.5715e+06 9.36693e+06 1.84673e+07 1.3499e+07 1.90568e+07 8.94736e+06 8.54015e+06 8.29786e+06 7.84676e+06 7.64925e+06 6.9493e+06 6.94811e+06 6.74026e+06 6.4017e+06 6.37765e+06 6.27877e+06 6.01173e+06 5.61683e+06 7.80838e+06 5.60957e+06 5.38265e+06 4.98334e+06 4.97562e+06 4.86275e+06 4.85806e+06 4.84041e+06 4.83296e+06 5.30611e+06 4.67072e+06 4.64879e+06 5.50396e+06 4.52913e+06 4.46384e+06 4.44101e+06 4.34584e+06 4.18511e+06 4.10327e+06 4.08624e+06 4.08461e+06
threshold=5.5000000000000009 1.0000000180025095e-35 1.0000000180025095e-35 189.8416666666667 193.32500000000002 1.0000000180025095e-35 1.0000000180025095e-35 1.5000000000000002 4.5000000000000009 308.35000000000008 104.05000000000001 1.0000000180025095e-35 2.3500000000000001 340.25000000000006 265.15000000000003 1.0000000180025095e-35 1.5000000000000002 114.55000000000001 4.5000000000000009 150.15000000000001 0.95000000000000007 333.45000000000005 404.55000000000007 2.5000000000000004 1.0000000180025095e-35 4.5000000000000009 315.35000000000008 1.5000000000000002 296.12500000000006 65.100000000000009 1.0000000180025095e-35 268.21666666666675 1.0000000180025095e-35 248.95000000000002 294.5125000000001 231.11250000000004 1.0000000180025095e-35 448.75000000000006 381.15000000000003 230.95000000000002 19.850000000000005 2.5000000000000004 1.0000000180025095e-35 252.83333333333337 446.55000000000007 275.04166666666669 1.0000000180025095e-35 1.0000000180025095e-35 82.925000000000026 96.270000000000024 3.5000000000000004 2.5000000000000004 1.0000000180025095e-35 212.85000000000005 113.11250000000003 252.83333333333337 237.25000000000003 1.0000000180025095e-35 32.300000000000004 451.15000000000003 354.54166666666669 357.02500000000003
decision_type=2 2 2 2 2 2 2 2 2 2 2 2 2 2 2 2 2 2 2 2 2 2 2 2 2 2 2 2 2 2 2 2 2 2 2 2 2 2 2 2 2 2 2 2 2 2 2 2 2 2 2 2 2 2 2 2 2 2 2 2 2 2
left_child=2 4 5 29 20 11 55 10 9 19 13 15 32 45 31 -1 17 22 23 54 -2 43 39 -18 -7 26 -26 -28 -14 48 46 -5 36 37 56 -35 -6 42 49 58 -21 -42 52 -12 -15 -8 -10 -37 -3 -25 -51 -36 53 -16 -9 -4 -11 61 -17 -45 -48 -33
right_child=1 3 6 14 12 24 7 8 30 34 21 -13 28 44 33 16 18 -19 -20 40 -22 -23 -24 38 25 -27 27 -29 -30 -31 -32 57 -34 35 51 47 -38 -39 -40 -41 41 -43 -44 59 -46 -47 60 -49 -50 50 -52 -53 -54 -55 -56 -57 -58 -59 -60 -61 -62 -63
leaf_value=-10.411535339520805 -5.9594988506564848 -7.7366701372931992 -6.9429288107082359 14.816855714326174 -0.5780969981256241 -2.4586276603466457 6.0338484943639017 -5.4755019136731118 -5.1872626954290695 6.0855859872656808 25.6731739571951 0.15600441568598802 6.6423303570695289 29.267650458687228 34.662865939893223 -6.5897904385577197 -10.301444970740587 53.898887498038157 -9.7610811364200742 5.4112765431039689 0.10291131299473898 63.744895440340045 33.226453693451418 -7.535232348830859 9.4440399581231738 -1.0938529242240072 73.6745778465271 18.152398962834305 14.324025163635278 13.460205870673613 6.4941706064852269 17.904591136054908 13.094563572149021 15.277775132315501 5.6462466771485378 34.553247523979401 5.1769053456458183 37.136813991352668 8.6573449552643549 29.881093354658645 -0.77584205907687809 20.502329661145723 1.6846120166778566 50.393647336092869 54.726757562571564 19.257042379890169 -1.6959238703735555 53.098778049996554 4.8714386036611881 0.16005635109500124 -5.0301533603848929 20.849535467632776 3.338442043463389 8.3821308630484133 1.5365360249491637 -2.5719776281744995 16.521810548955745 31.344625026739919 5.0956000749843646 24.412960688273113 10.185164189268562 28.183933754553721
leaf_weight=2994 2027 85 1282 947 1445 372 195 280 1905 355 103 1238 961 57 76 91 639 21 3232 368 1214 32 31 706 473 418 20 68 626 297 205 438 148 35 61 142 726 59 102 22 57 177 40 55 29 112 487 47 729 887 1107 294 24 27 1297 1073 143 103 485 21 85 124
leaf_count=2994 2027 85 1282 947 1445 372 195 280 1905 355 103 1238 961 57 76 91 639 21 3232 368 1214 32 31 706 473 418 20 68 626 297 205 438 148 35 61 142 726 59 102 22 57 177 40 55 29 112 487 47 729 887 1107 294 24 27 1297 1073 143 103 485 21 85 124
internal_value=-0.00560484 5.51171 -2.64422 15.3245 1.1552 -5.30595 1.31662 3.65299 1.49149 5.61773 24.1014 -6.42853 5.1744 16.7652 20.2392 -7.21865 -5.91325 7.21689 -7.19222 2.76998 -3.68867 37.7654 5.65835 -4.77938 4.29537 6.86175 12.7895 30.7711 9.67241 6.20283 -3.17323 17.7401 2.0962 29.1916 12.8924 35.4327 1.34642 23.0056 -3.52007 4.22923 9.26252 15.3192 18.0132 33.121 37.8527 10.8579 -3.97332 39.1651 3.55487 -3.98011 -2.72137 18.2371 23.156 27.7737 0.291532 -4.95141 9.08233 21.903 3.24947 43.2148 0.0696224 20.1726
internal_weight=31899 10320 21579 3173 7147 12906 8673 6318 5714 3032 604 11555 3906 393 2062 10317 7323 650 6673 2179 3241 211 629 3441 1351 979 561 88 1587 1111 2682 1612 2319 450 853 224 2171 226 2802 598 602 234 167 179 86 307 2477 189 814 2700 1994 355 127 103 1577 2355 498 665 576 76 572 562
internal_count=31899 10320 21579 3173 7147 12906 8673 6318 5714 3032 604 11555 3906 393 2062 10317 7323 650 6673 2179 3241 211 629 3441 1351 979 561 88 1587 1111 2682 1612 2319 450 853 224 2171 226 2802 598 602 234 167 179 86 307 2477 189 814 2700 1994 355 127 103 1577 2355 498 665 576 76 572 562
is_linear=0
shrinkage=0.05


Tree=45
num_leaves=63
num_cat=0
split_feature=35 40 35 40 40 40 40 35 40 40 40 35 40 35 35 35 25 10 9 40 9 40 40 25 39 31 40 40 31 33 8 35 40 9 9 36 40 40 9 40 36 9 5 31 5 40 40 29 25 35 2 25 33 5 32 35 29 28 36 35 36 29
split_gain=3.16042e+08 1.80027e+08 7.89834e+07 7.04833e+07 1.46772e+08 6.05548e+07 5.6095e+07 3.98828e+07 2.26229e+07 5.43892e+07 2.13512e+07 1.84823e+07 1.66182e+07 1.56086e+07 1.34221e+07 1.08772e+07 8.97935e+06 8.96054e+06 7.86505e+06 7.75664e+06 7.71902e+06 7.33318e+06 1.09344e+07 7.26731e+06 6.84081e+06 6.82655e+06 6.75831e+06 6.56994e+06 5.63156e+06 1.07918e+07 1.18773e+07 6.54195e+06 5.58943e+06 5.55504e+06 5.36917e+06 5.56811e+06 5.33002e+06 5.7412e+06 5.04983e+06 4.65048e+06 4.62781e+06 4.60627e+06 4.55996e+06 4.55643e+06 4.53353e+06 4.46026e+06 4.63812e+06 4.1774e+06 4.1691e+06 4.07108e+06 3.99154e+06 3.80697e+06 3.78909e+06 3.78013e+06 3.65832e+06 7.6646e+06 6.95968e+06 5.84591e+06 7.71891e+06 6.67394e+06 5.33317e+06 4.23884e+06
threshold=673.95000000000016 5.5000000000000009 367.45000000000005 1.0000000180025095e-35 1.5000000000000002 4.5000000000000009 5.5000000000000009 1020.4500000000002 1.0000000180025095e-35 1.5000000000000002 4.5000000000000009 1531.0000000000002 1.0000000180025095e-35 209.55000000000004 1032.6500000000003 1313.1500000000003 1.0000000180025095e-35 1.0000000180025095e-35 1.0000000180025095e-35 2.5000000000000004 1.0000000180025095e-35 1.5000000000000002 5.5000000000000009 1.0000000180025095e-35 1.0000000180025095e-35 244.95000000000002 4.5000000000000009 3.5000000000000004 247.15000000000001 336.85000000000008 1.0000000180025095e-35 753.45000000000016 2.5000000000000004 1.0000000180025095e-35 1.0000000180025095e-35 359.52500000000003 2.5000000000000004 3.5000000000000004 1.0000000180025095e-35 3.5000000000000004 14.925000000000002 1.0000000180025095e-35 1.0000000180025095e-35 426.45000000000005 1.0000000180025095e-35 1.5000000000000002 5.5000000000000009 1.0000000180025095e-35 1.0000000180025095e-35 838.80000000000018 1.0000000180025095e-35 1.0000000180025095e-35 416.75000000000006 1.0000000180025095e-35 384.95000000000005 1225.1500000000003 1.0000000180025095e-35 1.0000000180025095e-35 296.12500000000006 1083.5500000000002 340.75000000000006 1.0000000180025095e-35
decision_type=2 2 2 2 2 2 2 2 2 2 2 2 2 2 2 2 2 2 2 2 2 2 2 2 2 2 2 2 2 2 2 2 2 2 2 2 2 2 2 2 2 2 2 2 2 2 2 2 2 2 2 2 2 2 2 2 2 2 2 2 2 2
left_child=2 3 12 41 15 14 8 33 -4 -10 20 16 -1 40 36 17 34 28 24 -16 23 -15 26 32 44 -19 -23 -21 -5 30 31 -30 -11 47 54 -36 -6 -38 48 -34 -14 -2 -29 -26 -8 -42 -47 -3 53 -49 51 -39 -31 -7 56 61 57 59 -59 -9 -57 -56
right_child=1 7 6 4 5 38 18 11 9 10 -12 -13 13 21 19 -17 -18 25 -20 27 -22 22 -24 -25 43 -27 -28 42 29 52 -32 -33 39 -35 35 -37 37 50 -40 -41 45 -43 -44 -45 -46 46 -48 49 -50 -51 -52 -53 -54 -55 55 60 -58 58 -60 -61 -62 -63
leaf_value=-9.5735927919079273 -5.5110923649703194 15.011021134097774 -6.9613536232002788 28.154909222390916 0.7188405697033784 -5.2153361997744732 1.6820922269608625 25.292058041630959 15.600610434215113 -6.3902861547777832 -5.8257620869978197 72.567254373301623 -9.6791129207131856 5.0678592608168778 3.5448942840099336 64.916927083333334 39.131738170981407 37.775680242265977 13.282335286342359 27.516048405980797 9.9042018573380375 -2.9921174866169484 -0.4284399854267264 8.7648600978802342 6.0874108396146616 0.85397406854937152 -8.0547514028341585 11.67183102305029 22.140705415937635 80.865679441179552 6.3656649442819457 50.202370977666646 3.3851780363995241 21.730606327527628 28.693262967101319 55.190804831186931 13.3800850429263 2.6326241246172515 4.0173277459860666 -2.0767576749778041 0.20378765185033121 1.7518377907722595 28.520563490867616 13.441235518931435 9.4112442118664301 -7.7132658744666776 -4.4708710504004596 2.6150872531796803 2.9604382943515937 15.114086043694591 15.539011470973492 14.292787806959039 50.456496734619144 2.0833180440446504 24.129066102244273 54.216774728563102 35.562456932846381 10.071675514452387 44.017709395464728 3.3122312879969935 25.67225846926371 -0.74875316873192788
leaf_weight=2210 1676 1401 1884 90 214 1206 1419 49 473 368 2152 23 995 283 84 33 128 21 307 178 223 1430 1998 219 1058 31 1223 204 27 21 26 90 727 264 114 24 491 447 293 840 279 251 50 263 219 2551 1943 147 242 117 96 83 20 208 119 36 49 33 34 117 30 20
leaf_count=2210 1676 1401 1884 90 214 1206 1419 49 473 368 2152 23 995 283 84 33 128 21 307 178 223 1430 1998 219 1058 31 1223 204 27 21 26 90 727 264 114 24 491 447 293 840 279 251 50 263 219 2551 1943 147 242 117 96 83 20 208 119 36 49 33 34 117 30 20
internal_value=0.0424162 8.11157 -3.0318 3.33871 7.00431 4.11437 0.268034 18.843 -2.29162 -0.532764 -2.2177 28.4153 -5.62627 -4.81114 10.6015 37.5621 27.0667 34.793 5.66477 17.4471 1.04883 -2.74656 -3.22204 0.132046 4.87444 15.7647 -5.32593 20.1503 38.4043 43.4175 36.9337 43.7266 -0.845001 14.9923 24.5957 33.3015 7.94762 9.33254 -2.03328 0.457274 -6.5772 -4.56506 14.9885 7.5515 2.71548 -5.93057 -6.3114 13.9238 -3.10383 8.15442 6.15787 4.45865 66.0319 -4.1417 22.1288 27.2115 18.4339 14.8318 27.298 9.80025 41.242 20.5495
internal_weight=31851 8787 23064 6082 4155 3796 10152 2705 6886 5002 4529 776 12912 10702 1847 359 753 326 3266 516 2377 4934 4651 2154 2959 52 2653 432 274 184 143 117 1935 1929 625 138 1331 1117 1949 1567 5768 1927 254 1321 1638 4773 4494 1665 1656 264 626 530 41 1414 487 205 282 233 67 166 66 139
internal_count=31851 8787 23064 6082 4155 3796 10152 2705 6886 5002 4529 776 12912 10702 1847 359 753 326 3266 516 2377 4934 4651 2154 2959 52 2653 432 274 184 143 117 1935 1929 625 138 1331 1117 1949 1567 5768 1927 254 1321 1638 4773 4494 1665 1656 264 626 530 41 1414 487 205 282 233 67 166 66 139
is_linear=0
shrinkage=0.05


Tree=46
num_leaves=63
num_cat=0
split_feature=35 40 35 40 40 40 40 35 40 40 40 40 35 35 35 35 9 32 9 9 40 8 25 5 40 40 8 10 35 40 40 40 35 29 33 22 2 33 31 40 35 9 25 29 31 35 5 9 40 40 5 9 31 31 36 35 9 31 33 32 33 40
split_gain=2.85557e+08 1.54205e+08 7.93598e+07 5.95471e+07 1.28257e+08 5.72516e+07 5.00363e+07 3.22377e+07 2.44206e+07 5.52226e+07 2.34201e+07 1.4998e+07 1.40867e+07 1.35031e+07 1.08269e+07 8.62699e+06 8.2868e+06 7.88748e+06 7.7397e+06 7.53809e+06 7.00036e+06 6.97054e+06 6.86955e+06 6.79148e+06 6.61819e+06 9.86826e+06 6.35308e+06 6.77327e+06 6.55411e+06 6.09938e+06 5.92937e+06 5.74367e+06 5.60721e+06 5.5406e+06 5.16294e+06 5.07295e+06 4.91946e+06 4.85984e+06 4.94826e+06 4.84185e+06 4.83547e+06 4.62467e+06 4.53171e+06 4.37349e+06 4.25325e+06 4.18876e+06 4.11536e+06 4.09931e+06 4.0441e+06 4.15417e+06 3.88582e+06 3.80659e+06 5.12851e+06 3.7762e+06 3.74537e+06 3.64608e+06 3.64364e+06 3.61188e+06 5.15217e+06 3.45395e+06 3.36031e+06 3.29524e+06
threshold=712.95000000000016 5.5000000000000009 367.45000000000005 1.0000000180025095e-35 1.5000000000000002 5.5000000000000009 4.5000000000000009 1170.4500000000003 1.0000000180025095e-35 1.5000000000000002 4.5000000000000009 1.0000000180025095e-35 209.55000000000004 1531.0000000000002 1032.6500000000003 1313.1500000000003 1.0000000180025095e-35 382.75000000000006 1.0000000180025095e-35 1.0000000180025095e-35 2.5000000000000004 1.0000000180025095e-35 1.0000000180025095e-35 1.0000000180025095e-35 1.5000000000000002 5.5000000000000009 1.0000000180025095e-35 1.0000000180025095e-35 1110.2000000000003 4.5000000000000009 3.5000000000000004 2.5000000000000004 517.05000000000007 1.0000000180025095e-35 199.45000000000002 1.0000000180025095e-35 1.0000000180025095e-35 449.00000000000006 414.45000000000005 3.5000000000000004 949.45000000000016 1.0000000180025095e-35 1.0000000180025095e-35 1.0000000180025095e-35 422.05000000000007 16.250000000000004 1.0000000180025095e-35 1.0000000180025095e-35 1.5000000000000002 5.5000000000000009 1.0000000180025095e-35 1.0000000180025095e-35 402.75000000000006 444.75000000000006 223.16250000000005 1397.9500000000003 1.0000000180025095e-35 165.05000000000004 283.45000000000005 102.85000000000001 274.45000000000005 4.5000000000000009
decision_type=2 2 2 2 2 2 2 2 2 2 2 2 2 2 2 2 2 2 2 2 2 2 2 2 2 2 2 2 2 2 2 2 2 2 2 2 2 2 2 2 2 2 2 2 2 2 2 2 2 2 2 2 2 2 2 2 2 2 2 2 2 2
left_child=2 3 11 47 15 8 14 16 -4 50 18 -1 45 17 36 23 40 35 22 32 -16 -19 31 26 -14 29 27 28 33 -26 55 -11 -7 57 54 37 51 41 -39 -33 43 -9 56 -3 -34 -13 60 -2 -47 61 53 -6 -53 -10 -18 -22 -8 -5 -59 -36 -32 -50
right_child=1 7 5 4 6 19 42 13 9 10 -12 12 24 -15 20 -17 34 21 -20 -21 30 -23 -24 -25 25 -27 -28 -29 -30 -31 46 39 44 -35 59 -37 -38 38 -40 -41 -42 -43 -44 -45 -46 48 -48 -49 49 -51 -52 52 -54 -55 -56 -57 -58 58 -60 -61 -62 -63
leaf_value=-9.0949131528921932 -5.0011722410164339 14.36596214236582 -6.656347818379861 29.499375473369255 4.9959939746092061 3.2937130909972754 -3.6578917655513048 27.171715985811677 11.4729506217872 -5.8766216695574105 -5.5145005843845576 -9.2066317468791379 4.8144662768701787 68.938891269849691 3.3676496048413571 61.67108158920751 1.0414878106886343 42.633218830151669 9.7312616919141366 12.879473845454227 23.523071105616868 16.640935599803925 8.5017171189996112 18.132291323530907 -2.8425116124519936 -0.40701802434834156 20.637927536737351 22.535178069108063 70.630409705638883 -7.6520138379670719 1.7040773259217923 3.7338461916644734 6.4369535682045598 22.479402426310951 11.946391098022461 5.5710999352591379 15.642559814174275 27.940944624741874 -2.1784967551231387 -1.627544794825752 18.740909816714517 51.845336167017621 4.6574071871806906 6.2109834337721068 15.002097486598153 0.16267148702810175 27.09453482437134 2.1110031155503206 -5.6730142543788844 -4.2594257501949704 27.771378777708328 7.7808465636382671 27.311536541390929 22.630438664772861 20.718085801655597 45.706745197659451 3.1196174072965661 44.573195193608605 72.406479458186936 31.982991386233991 15.476516850560689 -9.2808899458739962
leaf_weight=2210 1510 1020 2067 22 792 1947 1270 91 361 393 2345 991 283 23 84 33 31 133 251 332 157 32 240 51 1430 1998 42 36 24 1223 65 778 1056 28 25 35 171 30 25 918 539 24 251 196 168 283 50 234 1380 1945 56 118 47 96 110 21 235 60 23 154 139 1169
leaf_count=2210 1510 1020 2067 22 792 1947 1270 91 361 393 2345 991 283 23 84 33 31 133 251 332 157 32 240 51 1430 1998 42 36 24 1223 65 778 1056 28 25 35 171 30 25 918 539 24 251 196 168 283 50 234 1380 1945 56 118 47 96 110 21 235 60 23 154 139 1169
internal_value=0.0402954 8.26218 -2.68578 3.57607 7.15082 0.433339 4.30666 18.635 -2.03017 -0.271746 -1.89791 -5.34496 -4.57058 31.7659 10.5755 37.4647 16.1481 29.4551 1.38926 5.71128 16.5748 37.5923 0.49023 34.6716 -2.60923 -3.06094 38.261 42.0961 46.5814 -5.05963 19.1428 -0.43019 4.96078 42.2417 23.5479 22.9057 7.83111 26.4746 14.2503 0.831867 14.7989 32.321 -1.5623 13.0515 7.61256 -6.24834 14.2391 -4.0469 -5.63464 -5.99971 15.3401 6.43533 13.3441 13.8168 16.392 26.1402 -2.59961 47.5117 52.286 29.1846 11.0882 -7.32763
internal_weight=31851 7931 23920 5463 3719 11008 3400 2468 7505 5438 4925 12912 10702 393 1644 319 2075 370 2580 3503 516 165 2329 286 4934 4651 235 193 157 2653 432 2089 3171 133 320 205 1128 170 55 1696 1755 115 1756 1216 1224 5768 254 1744 4777 4494 513 957 165 457 141 178 1505 105 83 179 204 2549
internal_count=31851 7931 23920 5463 3719 11008 3400 2468 7505 5438 4925 12912 10702 393 1644 319 2075 370 2580 3503 516 165 2329 286 4934 4651 235 193 157 2653 432 2089 3171 133 320 205 1128 170 55 1696 1755 115 1756 1216 1224 5768 254 1744 4777 4494 513 957 165 457 141 178 1505 105 83 179 204 2549
is_linear=0
shrinkage=0.05


Tree=47
num_leaves=63
num_cat=0
split_feature=35 40 35 40 40 40 40 35 40 40 40 35 40 35 35 10 35 31 25 40 40 9 40 9 25 40 34 40 35 40 40 35 9 9 40 40 9 5 5 32 35 25 29 35 40 35 40 32 34 40 40 31 35 32 10 32 35 29 29 31 31 32
split_gain=2.58028e+08 1.46625e+08 6.41861e+07 5.75838e+07 1.19733e+08 4.95116e+07 4.56694e+07 3.27174e+07 1.81491e+07 4.29684e+07 1.75441e+07 1.50243e+07 1.40729e+07 1.33206e+07 1.08513e+07 8.95794e+06 1.08749e+07 8.79367e+06 7.96977e+06 7.06277e+06 9.89764e+06 6.59353e+06 6.31783e+06 6.27138e+06 5.8534e+06 5.48199e+06 5.41032e+06 5.35126e+06 5.30351e+06 4.74023e+06 5.11857e+06 4.52119e+06 4.48492e+06 4.47095e+06 4.10707e+06 3.77735e+06 3.7643e+06 3.71411e+06 3.66372e+06 3.64308e+06 3.54253e+06 3.51889e+06 3.43949e+06 3.54611e+06 3.41275e+06 3.29058e+06 3.23604e+06 3.17576e+06 4.64374e+06 3.16804e+06 3.84477e+06 3.08404e+06 3.07513e+06 3.01321e+06 2.98055e+06 2.93243e+06 6.4867e+06 6.27613e+06 3.80897e+06 4.92151e+06 4.56381e+06 3.72183e+06
threshold=673.95000000000016 5.5000000000000009 373.95000000000005 1.0000000180025095e-35 1.5000000000000002 4.5000000000000009 5.5000000000000009 1020.4500000000002 1.0000000180025095e-35 1.5000000000000002 4.5000000000000009 1531.0000000000002 1.0000000180025095e-35 199.05000000000004 1032.6500000000003 1.0000000180025095e-35 1122.0000000000002 255.55000000000004 1.0000000180025095e-35 1.5000000000000002 5.5000000000000009 1.0000000180025095e-35 2.5000000000000004 1.0000000180025095e-35 1.0000000180025095e-35 4.5000000000000009 301.60000000000008 3.5000000000000004 894.95000000000016 2.5000000000000004 3.5000000000000004 1140.1000000000001 1.0000000180025095e-35 1.0000000180025095e-35 2.5000000000000004 3.5000000000000004 1.0000000180025095e-35 1.0000000180025095e-35 1.0000000180025095e-35 456.35000000000008 16.250000000000004 1.0000000180025095e-35 1.0000000180025095e-35 838.80000000000018 1.5000000000000002 1397.9500000000003 5.5000000000000009 430.85000000000008 148.85000000000005 2.5000000000000004 3.5000000000000004 452.25000000000006 1249.5000000000002 480.05000000000007 1.0000000180025095e-35 384.95000000000005 1225.1500000000003 1.0000000180025095e-35 1.0000000180025095e-35 273.55000000000007 426.45000000000005 450.65000000000003
decision_type=2 2 2 2 2 2 2 2 2 2 2 2 2 2 2 2 2 2 2 2 2 2 2 2 2 2 2 2 2 2 2 2 2 2 2 2 2 2 2 2 2 2 2 2 2 2 2 2 2 2 2 2 2 2 2 2 2 2 2 2 2 2
left_child=2 3 12 36 15 14 8 33 -4 -10 23 18 -1 40 29 16 26 -17 32 -15 25 38 -16 24 34 49 28 45 -5 -6 -31 -7 55 42 -11 -36 -2 53 41 -32 -14 -8 -3 -44 -42 54 -46 -34 -49 -21 -51 -43 -20 -29 -24 57 58 -9 59 -57 -61 -58
right_child=1 7 6 4 5 31 21 11 9 10 -12 -13 13 19 22 17 -18 -19 52 20 -22 -23 27 -25 -26 -27 -28 37 -30 30 39 -33 47 -35 35 -37 -38 -39 -40 -41 44 51 43 -45 46 -47 -48 48 -50 50 -52 -53 -54 -55 -56 56 61 -59 -60 60 -62 -63
leaf_value=-8.6384263805210573 -4.9772822600329265 13.554443755521067 -6.24309735959622 29.55320545067465 0.38748496820993517 -2.9938309745498088 3.2802486893626424 13.156845745968717 14.130117262409664 -5.5304355188867476 -5.2432357862393815 65.491946610160497 -8.7463001231973987 4.7316833691279987 3.1992669731378558 39.435929123560591 54.8558548996414 0.14054767063685827 31.360298442840577 -7.525983125409514 -0.49623966761935218 12.338550357746357 25.695240888069936 9.069596276396771 8.030999081578365 -7.258706540274293 13.152636981010438 8.4753127169250799 46.890461194876472 12.332415221746283 4.0951739476458595 3.1659580951470283 25.251057226317272 19.571641084845322 3.1056138697881019 -1.8732422863723013 1.5883859983240942 25.739808315277102 9.842263366107284 15.774112830977693 0.051190455403543056 7.3440716536084487 2.1629683878754271 13.828291009430192 -6.9973233932618291 43.421407540639244 -4.1842395712565867 59.005550308227548 24.933042221069339 1.0761484982065894 -4.4213394254750478 23.860735628008843 49.257951724529271 28.472313871837798 8.1723492622375495 10.544696963274921 49.217030767960985 32.843162170721563 -1.8820341968536376 39.801161024305557 11.095387573242188 25.470170824455494
leaf_weight=2241 1676 1401 1853 133 214 1582 2311 233 459 354 2108 23 991 314 84 24 69 35 96 301 2246 297 127 221 215 1343 32 183 66 491 550 367 98 264 713 818 251 50 290 76 266 242 147 117 2382 21 1791 20 20 603 673 32 32 21 30 54 33 49 20 45 20 33
leaf_count=2241 1676 1401 1853 133 214 1582 2311 233 459 354 2108 23 991 314 84 24 69 35 96 301 2246 297 127 221 215 1343 32 183 66 491 550 367 98 264 713 818 251 50 290 76 266 242 147 117 2382 21 1791 20 20 603 673 32 32 21 30 54 33 49 20 45 20 33
internal_value=0.0382806 7.32932 -2.73948 3.02193 6.33516 3.72495 0.298603 17.0142 -2.0294 -0.432029 -1.94118 25.684 -5.02954 -4.28825 9.59083 33.935 37.4376 16.1251 24.4681 -2.54913 -2.99167 5.24599 15.746 1.05785 0.214705 -4.9111 32.2348 18.1857 35.3033 7.20459 8.51065 -1.83393 22.1402 13.5265 -0.676808 0.445454 -4.12208 13.5271 4.51329 5.51306 -6.04338 3.91546 12.568 7.33283 -5.43996 24.8332 -5.78998 30.0969 41.9693 -2.91184 -1.82339 9.27303 35.8347 10.5338 22.3469 19.8856 24.4361 16.5775 18.3074 21.7006 30.9686 37.3436
internal_weight=31851 8787 23064 6082 4155 3796 9913 2705 6741 4888 4429 776 13151 10910 1847 359 300 59 753 5480 5166 3172 516 2321 2100 2920 231 432 199 1331 1117 1949 625 1929 1885 1531 1927 254 2875 626 5430 2585 1665 264 4439 178 4173 138 40 1577 1276 274 128 204 157 487 205 282 139 119 65 66
internal_count=31851 8787 23064 6082 4155 3796 9913 2705 6741 4888 4429 776 13151 10910 1847 359 300 59 753 5480 5166 3172 516 2321 2100 2920 231 432 199 1331 1117 1949 625 1929 1885 1531 1927 254 2875 626 5430 2585 1665 264 4439 178 4173 138 40 1577 1276 274 128 204 157 487 205 282 139 119 65 66
is_linear=0
shrinkage=0.05


Tree=48
num_leaves=63
num_cat=0
split_feature=35 35 38 38 35 35 35 39 25 25 2 5 36 32 32 36 8 5 2 25 33 25 38 24 2 34 35 5 35 33 33 34 10 34 32 5 5 32 35 36 33 35 36 25 36 25 33 35 32 34 33 35 39 36 36 35 2 35 7 33 8 34
split_gain=2.33388e+08 6.69326e+07 3.70356e+07 3.15963e+07 2.35153e+07 2.09198e+07 1.20303e+07 1.15902e+07 1.03963e+07 1.01287e+07 8.13448e+06 6.54283e+06 6.27572e+06 5.87706e+06 4.83025e+06 4.82243e+06 4.80139e+06 4.73284e+06 4.7354e+06 4.41808e+06 4.40866e+06 4.11937e+06 4.0275e+06 4.02468e+06 3.85018e+06 4.00201e+06 3.73903e+06 3.79566e+06 3.67181e+06 3.4705e+06 5.79094e+06 3.46214e+06 6.11218e+06 4.70057e+06 3.85697e+06 3.28127e+06 3.2063e+06 3.17013e+06 2.99136e+06 2.96047e+06 2.87068e+06 4.67363e+06 2.8262e+06 2.77846e+06 2.76097e+06 2.76072e+06 3.52522e+06 2.69211e+06 2.63891e+06 2.61944e+06 2.61304e+06 2.62771e+06 2.8812e+06 2.61084e+06 2.57664e+06 2.57344e+06 2.49962e+06 2.42095e+06 2.45036e+06 2.36451e+06 2.31238e+06 2.19121e+06
threshold=466.75000000000006 1032.6500000000003 1.0000000180025095e-35 1.0000000180025095e-35 231.25000000000003 794.6500000000002 1455.95 1.0000000180025095e-35 1.0000000180025095e-35 1.0000000180025095e-35 1.0000000180025095e-35 1.0000000180025095e-35 390.78333333333336 480.05000000000007 485.65000000000003 413.25000000000006 1.0000000180025095e-35 1.0000000180025095e-35 1.0000000180025095e-35 1.0000000180025095e-35 480.05000000000007 1.0000000180025095e-35 1.0000000180025095e-35 1.0000000180025095e-35 1.0000000180025095e-35 375.45000000000005 1187.8500000000001 1.0000000180025095e-35 741.05000000000007 367.75000000000006 451.15000000000003 432.10000000000008 1.0000000180025095e-35 467.85000000000008 384.95000000000005 1.0000000180025095e-35 1.0000000180025095e-35 466.85000000000008 1225.1500000000003 271.14166666666677 265.35000000000008 1096.7500000000002 373.58333333333343 1.0000000180025095e-35 354.54166666666669 1.0000000180025095e-35 71.65000000000002 887.1500000000002 211.05000000000004 463.65000000000003 289.05000000000007 1170.4500000000003 1.0000000180025095e-35 13.050000000000002 261.05833333333339 1351.1500000000003 1.0000000180025095e-35 607.45000000000016 1.0000000180025095e-35 79.350000000000009 1.0000000180025095e-35 248.55000000000004
decision_type=2 2 2 2 2 2 2 2 2 2 2 2 2 2 2 2 2 2 2 2 2 2 2 2 2 2 2 2 2 2 2 2 2 2 2 2 2 2 2 2 2 2 2 2 2 2 2 2 2 2 2 2 2 2 2 2 2 2 2 2 2 2
left_child=4 2 5 6 21 8 9 11 17 16 23 22 29 19 -15 43 24 18 57 35 49 53 42 45 31 26 27 39 -4 -8 -31 32 34 38 40 56 37 -12 -33 -26 41 -3 -6 -9 -10 -7 47 -47 54 -11 61 52 -52 -1 -18 -21 -5 -2 59 -59 -48 -34
right_child=1 3 28 13 7 10 12 15 44 20 36 -13 -14 14 -16 -17 48 -19 -20 55 -22 -23 -24 -25 25 -27 -28 -29 -30 30 -32 33 50 -35 -36 -37 -38 -39 -40 -41 -42 -43 -44 -45 -46 46 60 -49 -50 -51 51 -53 -54 -55 -56 -57 -58 58 -60 -61 -62 -63
leaf_value=-8.5095210092751206 0.13845684860595095 3.9031585653622951 -4.2312969723162945 -0.21032470104258982 -4.1635887419036726 7.0637363833327669 12.967495545825443 -1.2958869337390166 7.2338629564110297 20.309162164198572 10.891566046887199 1.4435448972858711 51.903001298223231 36.102229158083603 9.854767827987672 5.5513523024223428 -16.731432494663057 5.926873825612784 5.5137907109595581 8.4114414279525356 45.538196023305261 -0.46510338055469647 -7.6231548496976078 2.340495766329703 39.524007148742676 9.1955098271369931 33.071727660809245 -1.4843479251861573 -0.36234738017849244 47.661971036849486 17.339878875017167 20.714718122141704 24.278966360613705 8.8542583269950672 19.018996578563343 11.453193873131132 24.193165705860526 24.584593933820727 44.770621500412631 17.264124422154186 7.7524756337248766 33.292655778700308 -1.3079406023494105 2.5142623065117 16.051879870773544 15.613825018703938 11.43432322008775 35.888976721330124 9.4242643879909149 39.13119495391846 -6.5944014769334061 -12.13943327461801 17.429813559850057 -5.8092263701671083 6.2656618973304488 26.445361259248525 9.431324380322506 3.1542637729010372 6.3070957552060234 -0.79228452013462392 -0.67341077400713556 0.87378593444824215
leaf_weight=1043 2482 24 1252 582 3911 1526 37 2347 733 244 354 606 28 24 65 368 21 798 733 74 21 328 683 383 20 60 70 20 1202 31 32 28 20 39 220 83 69 48 24 59 230 31 1113 601 101 64 202 22 204 20 26 41 24 6315 29 27 76 1010 346 608 49 20
leaf_count=1043 2482 24 1252 582 3911 1526 37 2347 733 244 354 606 28 24 65 368 21 798 733 74 21 328 683 383 20 60 70 20 1202 31 32 28 20 39 220 83 69 48 24 59 230 31 1113 601 101 64 202 22 204 20 26 41 24 6315 29 27 76 1010 346 608 49 20
internal_value=0.0363666 4.70765 3.14122 12.0565 -3.88519 4.55197 16.2686 -2.23895 3.07222 15.009 8.26141 -3.49618 30.9803 4.71372 16.9327 0.154561 13.0116 2.34252 1.79023 3.42216 23.489 -5.9476 -4.0207 7.00857 14.6351 20.2888 24.2272 17.9735 -2.33624 25.1219 32.2603 12.8542 11.5491 21.9761 14.0455 2.085 14.2357 12.5266 31.8174 22.8995 10.2064 20.4681 -3.53096 -0.519123 8.30175 7.96824 12.064 20.8005 6.90116 21.7351 1.92519 -2.75666 4.93722 -6.19199 -3.39312 13.2324 0.9033 1.17634 2.48796 1.67126 9.07066 12.5764
internal_weight=31851 14536 11982 2554 17315 9528 1623 9629 6811 1495 2717 6313 128 931 89 3316 1210 5977 5179 842 285 7686 5707 2246 956 229 169 99 2454 100 63 727 636 91 505 741 471 402 52 79 285 55 5024 2948 834 1863 337 86 254 264 131 91 50 7358 50 101 658 4446 1964 1618 251 40
internal_count=31851 14536 11982 2554 17315 9528 1623 9629 6811 1495 2717 6313 128 931 89 3316 1210 5977 5179 842 285 7686 5707 2246 956 229 169 99 2454 100 63 727 636 91 505 741 471 402 52 79 285 55 5024 2948 834 1863 337 86 254 264 131 91 50 7358 50 101 658 4446 1964 1618 251 40
is_linear=0
shrinkage=0.05


Tree=49
num_leaves=63
num_cat=0
split_feature=35 40 35 40 40 40 40 35 40 40 40 40 35 35 40 35 40 40 35 9 9 32 28 5 8 9 39 8 40 10 39 35 29 39 33 9 31 5 25 23 33 40 31 25 25 32 33 39 31 33 5 36 9 35 36 40 40 32 33 40 40 10
split_gain=2.11126e+08 1.24063e+08 5.88019e+07 4.71066e+07 1.03745e+08 4.51174e+07 3.99476e+07 2.47756e+07 1.85138e+07 4.13638e+07 1.85797e+07 1.41605e+07 1.26329e+07 1.02676e+07 8.90004e+06 8.6701e+06 7.59338e+06 9.77816e+06 7.04487e+06 6.67708e+06 6.37043e+06 6.35419e+06 6.33371e+06 6.16014e+06 6.0232e+06 5.99526e+06 7.10968e+06 5.80656e+06 5.59118e+06 5.58032e+06 5.22018e+06 5.16943e+06 4.99745e+06 4.80742e+06 4.57249e+06 4.40539e+06 4.3088e+06 4.18334e+06 5.03338e+06 3.91143e+06 4.91167e+06 3.89507e+06 3.77518e+06 3.66425e+06 3.64802e+06 3.63121e+06 3.61057e+06 4.40025e+06 3.88041e+06 5.61147e+06 3.43465e+06 3.41623e+06 3.29323e+06 3.24356e+06 3.22667e+06 3.32018e+06 3.46503e+06 3.20338e+06 3.19723e+06 3.10816e+06 3.63934e+06 3.08449e+06
threshold=712.95000000000016 5.5000000000000009 392.25000000000011 1.0000000180025095e-35 1.5000000000000002 5.5000000000000009 4.5000000000000009 1170.4500000000003 1.0000000180025095e-35 1.5000000000000002 4.5000000000000009 1.0000000180025095e-35 209.55000000000004 1531.0000000000002 2.5000000000000004 1032.6500000000003 1.5000000000000002 5.5000000000000009 1313.1500000000003 1.0000000180025095e-35 1.0000000180025095e-35 382.75000000000006 1.0000000180025095e-35 1.0000000180025095e-35 1.0000000180025095e-35 1.0000000180025095e-35 1.0000000180025095e-35 1.0000000180025095e-35 4.5000000000000009 1.0000000180025095e-35 1.0000000180025095e-35 1110.2000000000003 1.0000000180025095e-35 1.0000000180025095e-35 205.35000000000005 1.0000000180025095e-35 426.45000000000005 1.0000000180025095e-35 1.0000000180025095e-35 1.0000000180025095e-35 351.35000000000008 3.5000000000000004 402.75000000000006 1.0000000180025095e-35 1.0000000180025095e-35 389.15000000000003 387.50000000000006 1.0000000180025095e-35 418.05000000000007 263.65000000000003 1.0000000180025095e-35 223.16250000000005 1.0000000180025095e-35 853.25000000000011 23.950000000000003 1.5000000000000002 5.5000000000000009 408.75000000000006 146.25000000000003 2.5000000000000004 3.5000000000000004 1.0000000180025095e-35
decision_type=2 2 2 2 2 2 2 2 2 2 2 2 2 2 2 2 2 2 2 2 2 2 2 2 2 2 2 2 2 2 2 2 2 2 2 2 2 2 2 2 2 2 2 2 2 2 2 2 2 2 2 2 2 2 2 2 2 2 2 2 2 2
left_child=2 3 11 52 18 8 14 19 -4 -10 25 -1 54 21 -6 35 -14 28 23 37 30 22 46 27 -23 26 -11 29 59 31 -7 32 57 61 51 44 -32 38 -3 40 45 -42 -37 50 -16 -35 48 -48 49 -9 -8 -21 -2 -39 -13 -56 -57 58 -5 -18 -61 -17
right_child=1 7 5 4 6 20 43 13 9 10 -12 12 16 -15 15 33 17 -19 -20 34 -22 24 -24 -25 -26 -27 -28 -29 -30 -31 36 -33 -34 39 -36 42 -38 53 -40 -41 41 -43 -44 -45 -46 -47 47 -49 -50 -51 -52 -53 -54 -55 55 56 -58 -59 -60 60 -62 -63
leaf_value=-7.9309791724907814 -4.7344704179650803 10.583251234733117 -5.8591900015852474 32.619872247605102 0.65522771133431079 2.8462557465107734 -3.6400484300900722 -4.4685500766920008 14.12062440226774 -2.0197933698446882 -4.9063646520105406 -7.4200887916278777 5.3301904246888379 60.334299933392074 5.0435255495408429 13.68725464929234 -6.76362175934063 -0.038944760726586189 55.218539220636551 -0.35823097229003908 12.392912755445472 37.893871779190867 36.139908297518467 15.068276861602186 13.732311619818212 9.0800383179405326 3.7997277539477348 17.390548465365455 -6.6128674996960441 20.15005102687412 5.627304066745193 63.334252309799197 19.353426401955744 6.9428219444611505 26.379695665147263 10.611107775202969 12.585634371449411 11.906259322743262 18.667662651986536 11.003066866910912 42.885427345434827 23.129921381814142 27.326758237679798 3.8712391137126909 14.385000933562555 25.810802110036214 -11.467469528588381 15.060712549421522 35.432777246306927 29.752621269226076 3.1338236193134361 18.326728893970621 1.6402012328561555 22.270110042848739 0.81985627193018284 -6.2722585759707927 -3.3320139935005724 30.227122942606613 55.800661446066471 1.5036737517981429 -3.7172708300632715 -2.5263960886001589
leaf_weight=2373 1510 1209 1904 21 261 1547 1286 23 466 1126 2135 1413 330 23 665 110 322 2336 33 31 307 133 47 51 32 237 983 42 1433 36 1027 24 28 51 173 114 284 124 229 79 45 56 48 251 124 51 22 54 34 25 219 116 234 193 259 2348 1748 33 51 623 719 40
leaf_count=2373 1510 1209 1904 21 261 1547 1286 23 466 1126 2135 1413 330 23 665 110 322 2336 33 31 307 133 47 51 32 237 983 42 1433 36 1027 24 28 51 173 114 284 124 229 79 45 56 48 251 124 51 22 54 34 25 219 116 234 193 259 2348 1748 33 51 623 719 40
internal_value=0.0345483 7.10417 -2.30948 2.90093 6.08041 0.61136 3.52243 16.4082 -1.66953 -0.0570171 -1.53142 -4.41356 -3.6897 27.9194 9.12372 10.7219 -2.03402 -2.48132 33.3441 14.228 5.54861 25.9044 20.026 30.8201 33.208 1.53999 0.692672 34.2386 -4.32356 37.905 4.81341 41.9762 38.1221 16.5957 20.8703 8.05366 7.13468 13.0168 11.8707 20.4425 24.116 31.9319 15.5639 -1.72159 6.51164 16.3768 15.2326 7.3815 22.5092 13.355 -2.65435 14.3864 -3.87915 18.2161 -5.34394 -4.67033 -5.01749 43.1271 49.0396 -2.35205 -1.29354 9.36361
internal_weight=31851 7931 23920 5463 3719 10016 3400 2468 6851 4947 4481 13904 11531 393 1644 1383 5763 5433 319 2075 3165 370 205 286 165 2346 2109 235 3097 193 2858 157 133 432 320 951 1311 1755 1438 282 203 101 162 1756 789 102 158 76 82 48 1505 147 1744 317 5768 4355 4096 105 72 1664 1342 150
internal_count=31851 7931 23920 5463 3719 10016 3400 2468 6851 4947 4481 13904 11531 393 1644 1383 5763 5433 319 2075 3165 370 205 286 165 2346 2109 235 3097 193 2858 157 133 432 320 951 1311 1755 1438 282 203 101 162 1756 789 102 158 76 82 48 1505 147 1744 317 5768 4355 4096 105 72 1664 1342 150
is_linear=0
shrinkage=0.05


Tree=50
num_leaves=63
num_cat=0
split_feature=35 40 40 40 40 35 35 40 35 35 40 40 35 36 9 34 34 40 9 9 25 9 35 25 5 33 35 40 40 25 36 33 5 31 9 25 34 31 32 32 40 32 40 25 34 4 35 36 34 32 38 35 23 32 32 36 25 31 33 34 32 32
split_gain=1.83427e+08 1.19082e+08 5.4587e+07 1.28887e+08 4.71347e+07 3.47946e+07 2.45018e+07 2.38007e+07 2.23444e+07 1.66478e+07 1.12714e+07 2.52764e+07 8.55131e+06 9.16599e+06 8.53306e+06 8.42912e+06 9.42283e+06 8.32797e+06 8.15207e+06 5.98188e+06 5.96616e+06 5.45165e+06 5.3455e+06 5.93014e+06 5.0153e+06 5.10858e+06 4.73699e+06 4.60283e+06 6.45443e+06 4.49728e+06 4.25037e+06 4.80472e+06 4.17441e+06 5.01536e+06 4.12228e+06 4.1155e+06 3.94544e+06 3.90967e+06 3.90192e+06 6.06093e+06 3.90167e+06 3.89179e+06 3.86668e+06 3.68938e+06 3.56535e+06 4.51401e+06 4.1018e+06 3.62675e+06 3.56236e+06 4.44201e+06 3.78241e+06 3.59967e+06 3.50235e+06 3.62345e+06 7.34606e+06 3.47267e+06 3.44828e+06 3.39208e+06 3.64343e+06 4.47051e+06 3.5857e+06 3.26633e+06
threshold=485.05000000000007 5.5000000000000009 1.0000000180025095e-35 1.5000000000000002 4.5000000000000009 853.25000000000011 231.25000000000003 5.5000000000000009 1110.2000000000003 825.05000000000007 1.0000000180025095e-35 1.5000000000000002 723.1500000000002 201.13750000000002 1.0000000180025095e-35 437.80000000000001 310.45000000000005 4.5000000000000009 1.0000000180025095e-35 1.0000000180025095e-35 1.0000000180025095e-35 1.0000000180025095e-35 1055.7500000000002 1.0000000180025095e-35 1.0000000180025095e-35 10.65 1225.1500000000003 2.5000000000000004 3.5000000000000004 1.0000000180025095e-35 390.78333333333336 419.15000000000003 1.0000000180025095e-35 452.25000000000006 1.0000000180025095e-35 1.0000000180025095e-35 148.85000000000005 330.25000000000006 317.55000000000007 254.95000000000002 2.5000000000000004 414.85000000000008 3.5000000000000004 1.0000000180025095e-35 324.25000000000006 1.0000000180025095e-35 1279.4000000000003 400.05000000000007 428.15000000000003 268.35000000000008 1.0000000180025095e-35 1249.5000000000002 1.0000000180025095e-35 208.85000000000005 308.35000000000008 325.31250000000006 1.0000000180025095e-35 310.25000000000006 392.15000000000003 106.25000000000001 272.55000000000007 404.55000000000007
decision_type=2 2 2 2 2 2 2 2 2 2 2 2 2 2 2 2 2 2 2 2 2 2 2 2 2 2 2 2 2 2 2 2 2 2 2 2 2 2 2 2 2 2 2 2 2 2 2 2 2 2 2 2 2 2 2 2 2 2 2 2 2 2
left_child=6 2 43 8 9 19 -1 10 12 27 -8 -12 24 -14 20 16 -10 35 22 29 57 56 32 44 52 -26 -22 -5 -29 37 31 38 33 -7 -9 40 -31 -3 39 -20 -13 -35 -42 -2 46 48 47 -24 50 -50 51 -46 53 -4 -55 -40 -6 -11 60 -60 -59 -25
right_child=1 5 3 4 21 18 7 34 15 14 11 17 13 -15 -16 -17 -18 -19 30 -21 26 -23 23 61 25 -27 -28 28 -30 36 -32 -33 -34 41 -36 -37 -38 -39 55 -41 42 -43 -44 -45 45 -47 -48 -49 49 -51 -52 -53 -54 54 -56 -57 -58 58 59 -61 -62 -63
leaf_value=-5.4029651989884435 -5.0154707806744989 4.3990199660954357 19.276597709005529 -2.2744270278298555 -4.3104413692958676 9.3329808059739836 -6.6787192026873887 1.1696173878981588 45.720515453454226 2.9685987629505419 8.1571093191329691 -6.2823654281461563 53.820580855187245 25.632372470905906 19.765792910877721 25.049765595935639 88.56461174374536 -5.6882394148067199 25.205912731488546 14.396757808863553 12.766216968350552 2.5128714794519351 20.15787017323353 38.230099568124551 50.885834989547732 16.670091505845388 32.734217473080285 7.8241161189572344 1.2723708073594677 11.18379739447033 45.094600563049319 8.3019823850587358 20.924193126222363 14.369401228617107 7.6318386582064726 5.453719691435496 32.766071901114088 8.8668388029632084 13.717025511679442 52.73074148813884 1.4963011050439583 35.359796333312993 -3.0862120967992053 0.33682027191895508 3.0963755645751956 -5.5576236516237261 35.221535019758271 -0.33024436632792153 38.912836902482169 10.992608096681792 -9.2912424260919746 31.176618948436921 31.09186552487887 -10.000963455835979 15.751434785624348 33.437636366757481 0.95633512649303332 -0.72665747320652008 11.275757698816797 34.202653452555339 10.592158765444941 18.184707752350839
leaf_weight=7696 2574 1190 88 319 2234 515 1889 3259 33 322 532 433 34 190 218 21 21 2086 60 317 136 428 216 59 20 24 38 706 804 267 25 43 138 63 267 201 23 832 69 30 841 34 1017 368 25 32 41 24 28 29 22 21 26 45 72 33 361 100 73 30 233 31
leaf_count=7696 2574 1190 88 319 2234 515 1889 3259 33 322 532 433 34 190 218 21 21 2086 60 317 136 428 216 59 20 24 38 706 804 267 25 43 138 63 267 201 23 832 69 30 841 34 1017 368 25 32 41 24 28 29 22 21 26 45 72 33 361 100 73 30 233 31
internal_value=0.0267181 4.40122 1.31513 3.84782 1.6831 11.4503 -3.25878 -1.69093 26.4831 6.1466 -3.37856 -2.1586 22.6586 29.9109 10.8604 51.9291 62.3821 -3.35737 17.4238 7.95569 8.77737 -2.71544 15.7819 19.6359 16.7512 32.2227 17.127 3.18276 4.33564 7.07255 25.4944 23.4093 13.0687 11.2974 1.65896 -1.40624 12.8955 6.23741 26.7927 34.3809 -2.0081 21.7269 -1.012 -4.34598 17.2339 11.1988 20.6059 18.1091 15.4884 24.7078 7.76046 15.9156 13.8043 11.6117 5.84667 20.0972 -3.57776 6.86069 9.73513 17.9535 7.19311 31.3256
internal_weight=31906 13685 9518 6576 6002 4167 18221 10525 574 2979 6999 5110 499 224 1150 75 54 4578 1538 2629 932 3023 1278 528 275 44 174 1829 1510 2312 260 235 750 612 3526 2492 290 2022 192 90 2291 97 1858 2942 438 157 281 240 125 57 68 46 231 205 117 102 2595 758 436 103 333 90
internal_count=31906 13685 9518 6576 6002 4167 18221 10525 574 2979 6999 5110 499 224 1150 75 54 4578 1538 2629 932 3023 1278 528 275 44 174 1829 1510 2312 260 235 750 612 3526 2492 290 2022 192 90 2291 97 1858 2942 438 157 281 240 125 57 68 46 231 205 117 102 2595 758 436 103 333 90
is_linear=0
shrinkage=0.05


Tree=51
num_leaves=63
num_cat=0
split_feature=39 9 40 5 33 40 40 40 37 40 31 36 33 31 31 33 36 40 40 40 34 31 40 40 31 34 33 33 37 31 40 34 34 36 31 34 9 40 31 9 33 34 31 36 36 25 25 36 21 40 40 34 33 36 33 23 33 40 36 10 31 36
split_gain=1.04186e+08 6.40174e+07 5.61954e+07 3.49261e+07 3.00724e+07 2.81333e+07 6.24173e+07 2.50777e+07 2.4511e+07 2.3577e+07 1.53275e+07 1.44944e+07 1.40656e+07 1.27385e+07 1.19076e+07 1.27799e+07 1.12427e+07 1.55842e+07 1.01428e+07 3.78154e+07 1.04206e+07 9.22952e+06 8.79968e+06 8.28147e+06 8.03765e+06 8.0172e+06 7.81535e+06 7.55039e+06 7.44345e+06 7.39633e+06 6.87308e+06 6.52336e+06 6.31575e+06 8.1011e+06 6.00704e+06 5.71091e+06 5.56919e+06 5.55485e+06 5.32873e+06 5.28339e+06 5.25849e+06 5.21535e+06 4.86788e+06 4.77578e+06 4.66674e+06 4.65694e+06 4.16944e+06 4.27421e+06 4.52537e+06 4.08501e+06 9.60876e+06 6.35704e+06 3.9085e+06 3.78571e+06 3.78103e+06 3.70039e+06 3.68915e+06 3.58541e+06 3.45139e+06 3.42844e+06 3.27894e+06 3.24472e+06
threshold=1.0000000180025095e-35 1.0000000180025095e-35 5.5000000000000009 1.0000000180025095e-35 131.65000000000001 1.0000000180025095e-35 1.5000000000000002 4.5000000000000009 3.5000000000000004 5.5000000000000009 368.25000000000006 373.58333333333343 276.25000000000006 288.25000000000006 207.85000000000005 323.05000000000007 167.7416666666667 5.5000000000000009 1.0000000180025095e-35 1.5000000000000002 114.55000000000001 288.25000000000006 4.5000000000000009 5.5000000000000009 334.05000000000007 93.850000000000009 291.45000000000005 276.25000000000006 2.5000000000000004 168.75000000000003 2.5000000000000004 195.35000000000005 271.35000000000008 269.82916666666671 368.25000000000006 67.40000000000002 1.0000000180025095e-35 2.5000000000000004 424.35000000000008 1.0000000180025095e-35 381.15000000000003 407.7000000000001 372.45000000000005 255.47083333333339 281.01000000000005 1.0000000180025095e-35 1.0000000180025095e-35 300.81666666666672 1.0000000180025095e-35 1.0000000180025095e-35 4.5000000000000009 201.65000000000003 357.45000000000005 279.41250000000008 245.75000000000003 1.0000000180025095e-35 199.45000000000002 1.5000000000000002 294.5125000000001 1.0000000180025095e-35 444.75000000000006 213.91250000000005
decision_type=2 2 2 2 2 2 2 2 2 2 2 2 2 2 2 2 2 2 2 2 2 2 2 2 2 2 2 2 2 2 2 2 2 2 2 2 2 2 2 2 2 2 2 2 2 2 2 2 2 2 2 2 2 2 2 2 2 2 2 2 2 2
left_child=1 3 5 9 13 -2 8 12 24 18 28 29 30 -4 -10 34 -3 49 -1 20 26 59 37 -5 54 -12 38 61 -11 32 -8 60 -6 40 -16 -23 45 -21 -20 53 -34 46 -39 -38 -43 -32 -31 48 52 -18 51 57 -48 -9 -7 -37 58 -51 -19 -14 -15 -25
right_child=2 16 4 23 11 6 7 39 14 10 25 -13 21 31 15 -17 17 56 19 22 -22 35 -24 27 -26 -27 -28 -29 -30 41 36 -33 33 -35 -36 55 43 42 -40 -41 -42 44 -44 -45 -46 -47 47 -49 -50 50 -52 -53 -54 -55 -56 -57 -58 -59 -60 -61 -62 -63
leaf_value=-7.8918613147306615 -3.4798382698027446 -0.21375830744272944 2.311523651276175 0.74626843969692647 4.7510048388424568 5.9481729517529782 -2.8659912222951327 -4.3834944891927732 19.175649202288245 -3.9308561062289118 3.1999831289172054 33.323434107354352 7.91961519627979 6.7885408092157125 51.344120954430622 72.98259323582505 -0.23754758443212684 8.3121903928779286 2.5830230344153651 -8.1930521408988675 39.681826807105026 12.634725360475349 -7.4944563858952336 1.2893342404968653 21.995113924549472 24.773652196725209 34.775721168518068 20.36709891104698 1.3015818294167116 12.699593093949888 1.8789109948028255 26.718689163208008 20.726409369468691 46.678770074390229 16.265090003380408 33.573268548978703 6.7385429836181281 -4.0142792058830725 15.170243959113805 5.5463477824351299 -7.7460975011189781 49.380093735740303 1.0264758770979518 26.685453798415814 18.64804237365723 7.8108892790106843 4.2705722154992998 36.053420459307162 28.305077234903976 22.28503261357546 0.69611786293253486 27.808375545848499 29.501744403839112 -0.22289423355655302 23.429856300013409 10.902958038945993 23.276328725554052 7.6092853765449711 18.660382114292741 -5.7522054422784734 12.661219994864659 9.0951006499261631
leaf_weight=3029 2344 519 1571 1254 354 266 455 1566 57 2908 1001 94 304 924 23 33 277 169 558 603 23 169 3220 253 155 45 22 100 887 576 1435 50 50 21 26 72 83 2165 99 199 24 21 615 47 30 430 66 39 57 48 346 55 20 840 35 24 128 313 154 54 320 281
leaf_count=3029 2344 519 1571 1254 354 266 455 1566 57 2908 1001 94 304 924 23 33 277 169 558 603 23 169 3220 253 155 45 22 100 887 576 1435 50 50 21 26 72 83 2165 99 199 24 21 615 47 30 430 66 39 57 48 346 55 20 840 35 24 128 313 154 54 320 281
internal_value=0.0253822 -2.31842 3.50839 -3.31241 8.2379 1.19386 2.94026 1.32573 18.3475 -4.11032 -1.23083 14.3844 4.38515 5.33736 36.7284 48.9297 6.12384 8.33136 -5.45923 -4.45055 6.58252 11.0934 -5.62353 3.10088 12.7445 4.1281 5.46134 7.7581 -2.70789 12.9692 2.67935 9.01092 7.82299 19.2702 32.7308 18.1668 3.94408 -3.84276 4.47973 -2.28332 11.4921 15.8254 -2.89915 13.9501 31.3024 3.24661 14.7841 21.3811 17.3796 4.96237 6.85263 11.9732 10.1383 -2.93092 7.98093 27.9057 16.0927 9.56063 13.246 5.85739 8.2992 5.39686
internal_weight=31906 19072 12834 17063 4217 8617 6273 5678 595 15175 4841 1352 3073 2865 139 82 2009 1490 10334 7305 702 623 6603 1888 456 1046 679 634 3795 1258 2450 1294 449 95 49 265 1995 3383 657 2605 74 809 2780 130 51 1865 758 182 143 1039 762 416 86 2406 301 96 451 361 323 358 1244 534
internal_count=31906 19072 12834 17063 4217 8617 6273 5678 595 15175 4841 1352 3073 2865 139 82 2009 1490 10334 7305 702 623 6603 1888 456 1046 679 634 3795 1258 2450 1294 449 95 49 265 1995 3383 657 2605 74 809 2780 130 51 1865 758 182 143 1039 762 416 86 2406 301 96 451 361 323 358 1244 534
is_linear=0
shrinkage=0.05


Tree=52
num_leaves=63
num_cat=0
split_feature=36 40 33 40 40 33 40 33 32 31 25 34 32 36 40 40 34 10 36 36 40 40 34 25 31 34 40 31 32 25 5 32 33 31 18 36 25 40 32 32 31 34 40 32 40 36 34 24 31 31 31 5 33 32 32 40 32 40 29 32 32 5
split_gain=9.05046e+07 9.19428e+07 5.16315e+07 4.09189e+07 9.26621e+07 3.31193e+07 3.26921e+07 2.2016e+07 1.63245e+07 1.25672e+07 1.09986e+07 1.03506e+07 1.0266e+07 9.81754e+06 8.83228e+06 1.13714e+07 9.10819e+06 8.63972e+06 8.59098e+06 8.36797e+06 7.92701e+06 1.09561e+07 7.89695e+06 6.99171e+06 6.67795e+06 7.05708e+06 6.35868e+06 6.05315e+06 5.97858e+06 5.74955e+06 5.59546e+06 5.2555e+06 5.23427e+06 4.97583e+06 4.96871e+06 4.95405e+06 4.79712e+06 4.51017e+06 4.48159e+06 4.23515e+06 5.19562e+06 4.21512e+06 4.18111e+06 4.13794e+06 4.06908e+06 3.74285e+06 3.7406e+06 4.93532e+06 3.69318e+06 3.657e+06 3.59949e+06 3.56855e+06 3.52414e+06 3.47672e+06 3.39352e+06 3.38903e+06 3.3486e+06 3.31682e+06 3.30809e+06 3.15024e+06 3.10771e+06 3.1067e+06
threshold=165.15833333333336 5.5000000000000009 17.350000000000005 1.0000000180025095e-35 1.5000000000000002 315.35000000000008 4.5000000000000009 276.25000000000006 390.65000000000003 334.05000000000007 1.0000000180025095e-35 407.7000000000001 15.450000000000001 82.925000000000026 1.0000000180025095e-35 1.5000000000000002 4.1500000000000012 1.0000000180025095e-35 294.5125000000001 269.82916666666671 2.5000000000000004 3.5000000000000004 2.5500000000000003 1.0000000180025095e-35 430.35000000000008 262.45000000000005 2.5000000000000004 98.15000000000002 16.550000000000004 1.0000000180025095e-35 1.0000000180025095e-35 328.05000000000007 118.05000000000001 267.75000000000006 1.0000000180025095e-35 276.51666666666671 1.0000000180025095e-35 3.5000000000000004 248.95000000000002 238.15000000000001 412.55000000000007 478.50000000000006 5.5000000000000009 396.45000000000005 5.5000000000000009 379.48750000000007 178.45000000000002 1.0000000180025095e-35 146.55000000000004 213.95000000000002 478.75000000000006 1.0000000180025095e-35 123.75000000000001 456.35000000000008 470.75000000000006 4.5000000000000009 117.35000000000001 4.5000000000000009 1.0000000180025095e-35 3.7500000000000004 344.65000000000003 1.0000000180025095e-35
decision_type=2 2 2 2 2 2 2 2 2 2 2 2 2 2 2 2 2 2 2 2 2 2 2 2 2 2 2 2 2 2 2 2 2 2 2 2 2 2 2 2 2 2 2 2 2 2 2 2 2 2 2 2 2 2 2 2 2 2 2 2 2 2
left_child=13 3 12 29 5 8 7 10 24 -7 20 19 35 -1 -15 32 44 22 50 33 -6 39 45 30 25 27 -24 -5 -13 51 -8 38 -16 -4 -20 -3 52 -28 41 -22 -41 56 55 -39 57 61 58 -48 -10 -33 -14 -2 -21 -23 -50 -18 -30 -17 60 -29 -35 -9
right_child=1 2 11 4 6 9 23 17 48 -11 -12 28 18 14 15 16 42 -19 34 36 21 53 26 -25 -26 -27 37 59 31 -31 -32 49 -34 46 -36 -37 -38 43 -40 40 -42 -43 -44 -45 -46 -47 47 -49 54 -51 -52 -53 -54 -55 -56 -57 -58 -59 -60 -61 -62 -63
leaf_value=-5.78430789807671 -5.6462366387943401 -1.2518556833237078 6.6825395266161669 -19.038250407576562 -4.8046554166297106 28.616906329598091 -4.6016853811197613 4.5663675614332746 16.970019200790759 61.25735386553265 8.7715573351767109 -1.8885211849212646 3.5728605519276146 -6.5307663712758801 4.5796295402997949 -2.6965551473234708 4.6523720097407111 -1.5723565341709378 12.632470086268848 -1.6270211638826311 2.4919583050150771 -2.1681258235261391 3.4782405525445941 2.3672436951987659 18.607207154911876 31.252166189466205 29.804188456535339 3.5541917236069405 35.947573432922368 0.95837077922810066 1.1934402190022282 2.8554986830680602 21.622940125898882 10.733647671962414 -0.52525871483291064 3.2260705812655868 25.338005395387782 11.633898743411951 47.554240364498561 6.1331504813907785 20.613839022100791 44.548059281058933 8.6566308756421009 32.504288088480635 -1.2959618113970197 25.344195093427388 26.604746842384341 -0.43238581702822732 28.711145833387214 29.879131644112721 19.821981300626483 -0.74681948976193691 15.152227986785006 7.3309122916564213 51.35299906523332 -5.562884942849478 10.783540265988082 -6.3820273717119322 0.74190312694100768 11.580399307900638 22.586916744347775 16.094304396084379
leaf_weight=3980 3418 989 745 24 658 99 3602 354 43 42 413 20 1299 1170 249 1300 177 143 574 33 877 1487 60 494 151 28 100 317 20 434 471 31 55 341 82 1645 116 114 36 409 73 23 240 30 1799 28 86 21 59 21 35 417 605 103 23 150 39 1151 68 199 66 70
leaf_count=3980 3418 989 745 24 658 99 3602 354 43 42 413 20 1299 1170 249 1300 177 143 574 33 877 1487 60 494 151 28 100 317 20 434 471 31 55 341 82 1645 116 114 36 409 73 23 240 30 1799 28 86 21 59 21 35 417 605 103 23 150 39 1151 68 199 66 70
internal_value=0.024113 1.85895 6.62471 -0.370354 1.31175 15.9083 -0.203918 2.62439 12.1609 38.3396 1.04253 12.7986 3.59249 -3.84081 -2.61126 -1.71577 -2.30767 9.69788 6.30296 11.7787 0.157564 1.26477 11.8297 -3.25022 9.26149 6.77697 18.0609 5.50789 23.9699 -4.49621 -3.93154 27.0121 7.66312 9.38868 10.9878 1.54472 15.9849 21.6468 32.848 4.56123 8.32628 26.3916 3.64485 15.9819 -3.1018 7.63879 12.8527 21.2984 28.8383 13.7689 3.99919 -5.1135 14.2843 -1.55278 35.0619 -0.0335257 19.3137 -4.42727 10.9502 6.64957 12.6558 6.46956
internal_weight=31906 21635 6895 14740 10471 985 9486 4919 844 141 4020 2271 4624 10271 6291 5121 4817 899 1990 2081 3607 2949 756 4567 719 568 304 540 190 4269 4073 170 304 1327 656 2634 754 244 118 1359 482 82 567 144 4250 452 582 107 125 52 1334 3835 638 1590 82 327 59 2451 475 516 407 424
internal_count=31906 21635 6895 14740 10471 985 9486 4919 844 141 4020 2271 4624 10271 6291 5121 4817 899 1990 2081 3607 2949 756 4567 719 568 304 540 190 4269 4073 170 304 1327 656 2634 754 244 118 1359 482 82 567 144 4250 452 582 107 125 52 1334 3835 638 1590 82 327 59 2451 475 516 407 424
is_linear=0
shrinkage=0.05


Tree=53
num_leaves=63
num_cat=0
split_feature=35 35 38 38 35 35 25 25 2 5 10 36 25 4 25 35 38 35 35 36 32 32 31 32 35 8 24 8 32 28 5 31 7 23 35 10 13 32 31 18 33 36 31 2 31 31 31 36 36 35 32 33 35 32 33 32 24 18 36 33 25 33
split_gain=1.43736e+08 4.95792e+07 2.72606e+07 1.70602e+07 1.44633e+07 1.11984e+07 1.09448e+07 7.96686e+06 7.5463e+06 5.94534e+06 5.18634e+06 4.5991e+06 4.49005e+06 4.59887e+06 4.34824e+06 5.39616e+06 4.07745e+06 3.94358e+06 3.56412e+06 3.48864e+06 3.80587e+06 3.93497e+06 3.94585e+06 4.19773e+06 3.2818e+06 3.26777e+06 3.16112e+06 3.12231e+06 4.28002e+06 3.77978e+06 3.09275e+06 3.37099e+06 3.08225e+06 3.00486e+06 2.91806e+06 4.34268e+06 4.34728e+06 3.72585e+06 4.08881e+06 3.26038e+06 3.03959e+06 2.68985e+06 2.63506e+06 2.59763e+06 2.5911e+06 3.73846e+06 3.86534e+06 2.46923e+06 2.4031e+06 2.22896e+06 2.19822e+06 3.35106e+06 2.94422e+06 2.17136e+06 2.78965e+06 2.493e+06 2.15977e+06 2.12748e+06 2.20383e+06 2.05998e+06 2.0593e+06 2.05716e+06
threshold=431.65000000000003 832.35000000000025 1.0000000180025095e-35 1.0000000180025095e-35 1187.8500000000001 209.55000000000004 1.0000000180025095e-35 1.0000000180025095e-35 1.0000000180025095e-35 1.0000000180025095e-35 1.0000000180025095e-35 373.58333333333343 1.0000000180025095e-35 1.0000000180025095e-35 1.0000000180025095e-35 1351.1500000000003 1.0000000180025095e-35 1455.95 1249.5000000000002 403.42500000000001 156.25000000000003 472.65000000000003 440.85000000000008 294.25000000000006 1279.4000000000003 1.0000000180025095e-35 1.0000000180025095e-35 1.0000000180025095e-35 266.15000000000003 1.0000000180025095e-35 1.0000000180025095e-35 226.05000000000004 1.0000000180025095e-35 1.0000000180025095e-35 978.05000000000007 1.0000000180025095e-35 1.0000000180025095e-35 326.15000000000003 306.25000000000006 1.0000000180025095e-35 213.65000000000001 208.11250000000004 40.000000000000007 1.0000000180025095e-35 380.65000000000003 353.75000000000006 316.35000000000008 296.12500000000006 436.42500000000001 1313.1500000000003 394.35000000000008 393.85000000000008 1313.1500000000003 212.85000000000005 265.35000000000008 476.25000000000006 1.0000000180025095e-35 1.0000000180025095e-35 376.6375000000001 367.75000000000006 1.0000000180025095e-35 332.7000000000001
decision_type=2 2 2 2 2 2 2 2 2 2 2 2 2 2 2 2 2 2 2 2 2 2 2 2 2 2 2 2 2 2 2 2 2 2 2 2 2 2 2 2 2 2 2 2 2 2 2 2 2 2 2 2 2 2 2 2 2 2 2 2 2 2
left_child=5 3 4 6 11 60 8 16 9 32 12 27 19 50 -4 -16 25 18 -12 20 -6 22 44 -24 -21 43 33 28 -3 34 31 42 -2 -13 39 36 40 -37 -39 -30 -36 -31 -8 57 45 46 -22 -11 -35 -46 52 -52 -14 54 -29 -55 -43 58 -7 -23 -1 -25
right_child=1 2 14 -5 10 7 30 -9 -10 47 17 26 13 -15 15 -17 -18 -19 -20 24 21 59 23 61 -26 -27 -28 53 29 41 -32 -33 -34 48 35 37 -38 38 -40 -41 -42 56 -44 -45 49 -47 -48 -49 -50 -51 51 -53 -54 55 -56 -57 -58 -59 -60 -61 -62 -63
leaf_value=-5.0698542913295457 -0.056476560889471283 10.831035818427504 1.090480163062203 -2.9909593744373324 33.908768494232838 -2.3731701073970841 10.475542447680519 3.4024771922988131 5.6697393501707758 3.1729997788891304 12.557659816741944 13.259636181195203 16.165501562754311 43.984826725926894 5.3199588945826655 27.823746430873872 -6.3015904324942262 24.762797335477977 -5.544066914340906 13.766428315639496 10.47878957370232 14.271955838410751 -18.24565598624093 -0.61559597212692785 39.572435883113315 -5.9049539214420914 1.9624036642221308 -12.417180020213127 7.0465861510164265 17.797929568517777 16.027931029688229 8.6744765484744644 3.1288659663072655 37.564877884864806 4.2599135727252602 -18.146240253448486 33.837498654489934 -3.8180571028526793 18.574682377444372 -2.4243725014998851 14.225902046463709 0.88224984527248707 0.47082034102395964 1.2857348941501436 10.037384613355002 -4.7638584196567537 32.916494234748505 8.9736967429399019 14.311967415809631 29.057758553083552 27.771230784329504 1.0147574162483215 40.683059967041018 7.6278442062023615 2.7682110729717442 -6.880908237804066 -14.463828616875871 -5.1610921410733397 0.40434157164615875 34.161067401568097 -0.67002387678364983 19.408045329218325
leaf_weight=6662 4983 901 1535 1875 23 4901 84 591 1001 697 52 266 24 29 159 32 685 26 57 22 116 23 21 29 28 571 52 40 464 21 88 572 896 25 106 20 23 47 36 113 275 194 304 563 24 32 23 249 20 43 22 25 25 288 124 33 26 574 836 30 277 23
leaf_count=6662 4983 901 1535 1875 23 4901 84 591 1001 697 52 266 24 29 159 32 685 26 57 22 116 23 21 29 28 571 52 40 464 21 88 572 896 25 106 20 23 47 36 113 275 194 304 563 24 32 23 249 20 43 22 25 25 288 124 33 26 574 836 30 277 23
internal_value=0.0229074 3.31779 7.18028 1.34252 9.56242 -3.39527 2.25815 -2.20261 1.61557 1.02096 16.0654 8.08794 18.1793 26.5356 1.97574 9.09023 -2.61006 7.26533 3.09162 15.789 14.1833 12.9369 10.7908 0.621561 28.2178 -2.27041 13.3732 7.38025 8.1723 6.36435 7.05662 6.23425 0.428992 15.2811 7.62354 10.391 12.7276 1.22636 5.89446 5.19179 11.4532 0.700637 2.63679 -1.9685 13.9099 10.6443 14.1915 4.69982 27.2303 22.2445 21.2644 13.5391 28.6745 3.74499 -0.935543 6.13629 -0.931378 -2.25881 -1.96843 25.5299 -4.89422 8.24101
internal_weight=31906 16246 5497 10749 3771 15660 8874 8721 7826 6825 697 3074 562 125 1726 191 8130 135 109 437 387 364 311 73 50 7445 363 2711 2226 1325 1048 960 5879 311 1084 507 404 103 83 577 381 241 388 6874 238 171 139 946 45 67 96 47 49 485 164 321 220 6311 5737 53 6939 52
internal_count=31906 16246 5497 10749 3771 15660 8874 8721 7826 6825 697 3074 562 125 1726 191 8130 135 109 437 387 364 311 73 50 7445 363 2711 2226 1325 1048 960 5879 311 1084 507 404 103 83 577 381 241 388 6874 238 171 139 946 45 67 96 47 49 485 164 321 220 6311 5737 53 6939 52
is_linear=0
shrinkage=0.05


Tree=54
num_leaves=63
num_cat=0
split_feature=35 35 38 38 35 35 25 25 10 2 25 35 35 31 31 38 36 8 36 31 32 34 32 35 28 18 39 36 8 35 34 21 34 31 8 29 18 36 28 31 31 34 29 35 34 31 32 35 31 29 35 32 32 34 2 10 25 32 36 31 39 35
split_gain=1.29722e+08 4.47453e+07 2.46027e+07 1.53968e+07 1.31218e+07 1.01107e+07 9.87764e+06 7.36789e+06 7.20222e+06 6.81054e+06 6.16026e+06 3.98372e+06 3.95059e+06 3.79493e+06 4.5417e+06 3.69775e+06 3.67698e+06 3.4673e+06 3.64374e+06 3.40628e+06 3.22779e+06 3.19191e+06 5.41886e+06 4.62588e+06 3.17964e+06 3.68173e+06 3.15217e+06 3.1143e+06 3.02549e+06 2.96183e+06 2.85171e+06 3.0879e+06 2.85107e+06 2.78641e+06 2.71353e+06 2.60083e+06 2.6847e+06 2.39959e+06 2.38144e+06 4.05392e+06 2.7132e+06 2.35339e+06 2.32695e+06 3.42717e+06 2.29827e+06 2.29124e+06 2.26493e+06 2.47905e+06 2.47109e+06 2.14957e+06 2.79812e+06 3.38421e+06 2.14295e+06 2.87678e+06 2.08304e+06 2.07748e+06 1.95924e+06 1.93158e+06 1.92657e+06 1.87417e+06 1.86502e+06 1.85942e+06
threshold=431.65000000000003 832.35000000000025 1.0000000180025095e-35 1.0000000180025095e-35 1122.0000000000002 206.35000000000005 1.0000000180025095e-35 1.0000000180025095e-35 1.0000000180025095e-35 1.0000000180025095e-35 1.0000000180025095e-35 1455.95 1455.95 464.85000000000008 388.85000000000008 1.0000000180025095e-35 403.42500000000001 1.0000000180025095e-35 424.12500000000006 306.25000000000006 175.95000000000002 443.30000000000001 105.25000000000001 1351.1500000000003 1.0000000180025095e-35 1.0000000180025095e-35 1.0000000180025095e-35 255.47083333333339 1.0000000180025095e-35 1279.4000000000003 397.75000000000006 1.0000000180025095e-35 232.95000000000002 226.05000000000004 1.0000000180025095e-35 1.0000000180025095e-35 1.0000000180025095e-35 327.63333333333338 1.0000000180025095e-35 79.350000000000009 62.750000000000007 437.80000000000001 1.0000000180025095e-35 1083.5500000000002 453.00000000000006 60.550000000000004 147.75000000000003 998.25000000000011 404.95000000000005 1.0000000180025095e-35 618.05000000000007 12.050000000000002 466.85000000000008 419.85000000000008 1.0000000180025095e-35 1.0000000180025095e-35 1.0000000180025095e-35 13.15 13.050000000000002 265.85000000000008 1.0000000180025095e-35 967.45000000000016
decision_type=2 2 2 2 2 2 2 2 2 2 2 2 2 2 2 2 2 2 2 2 2 2 2 2 2 2 2 2 2 2 2 2 2 2 2 2 2 2 2 2 2 2 2 2 2 2 2 2 2 2 2 2 2 2 2 2 2 2 2 2 2 2
left_child=5 3 4 6 17 58 9 15 10 24 16 56 13 14 19 28 21 18 20 59 44 22 -6 -23 25 27 -13 49 35 -18 31 -12 -33 45 55 36 37 -7 40 -40 60 -19 -42 -44 46 -8 47 -3 -48 50 -2 -52 53 -24 -54 -29 57 -4 -1 -10 -22 -58
right_child=1 2 11 -5 8 7 33 -9 12 -11 30 26 -14 -15 -16 -17 29 41 -20 -21 38 23 52 -25 -26 -27 -28 34 -30 -31 -32 32 -34 -35 -36 -37 -38 -39 39 -41 42 -43 43 -45 -46 -47 48 -49 -50 -51 51 -53 54 -55 -56 -57 61 -59 -60 -61 -62 -63
leaf_value=-6.6521421815520743 0.11244409210152095 10.591643690890601 14.396147312164306 -2.8414114025632542 39.820650606155397 -1.9017546361428037 9.8174761935397328 3.258031021438589 4.603802409172058 5.386252381407715 26.236776652897106 1.6092821047856258 23.524657795979426 22.512432980537415 -13.26366249167401 -5.9941291030566246 13.078107172792608 4.1693322850288927 14.832129603076627 16.598715555100213 -8.0802027613617664 -3.1504362030462789 10.557524235347636 19.777013021526916 -1.8535936209730719 -1.6539711596672995 18.125445332252063 4.6600636381203158 -5.6576978643390916 37.593814294040207 35.595870159531749 21.800245500647506 -4.0121987628936768 8.8628367968000372 -0.86511180432311263 -5.2336546039309368 -4.8539295460060625 0.38347584474380414 18.605125491759356 0.25797692952047285 9.1906876555264247 -12.950737667083741 1.0804126338164013 18.977975396187073 22.958777829763051 1.4838612800446627 10.755487480498196 1.1870697677135469 27.787197135476504 -2.7859733587761881 18.085599221938697 2.9870162432865186 15.355888488374909 27.468034412242748 32.621157550811766 0.15199632885440295 -0.39972136165156513 0.37525160445906408 -4.3161140903898483 -13.565098502419213 4.7236345029303006 10.234185779204063
leaf_weight=1042 1620 294 25 1875 20 4296 111 596 40 1001 85 52 26 21 46 693 22 455 185 42 43 66 367 33 870 855 65 1662 577 28 43 23 20 616 341 537 581 1568 34 263 932 21 195 31 37 321 57 92 34 369 39 767 58 27 25 302 66 1409 5770 22 84 109
leaf_count=1042 1620 294 25 1875 20 4296 111 596 40 1001 85 52 26 21 46 693 22 455 185 42 43 66 367 33 870 855 65 1662 577 28 43 23 20 616 341 537 581 1568 34 263 932 21 195 31 37 321 57 92 34 369 39 767 58 27 25 302 66 1409 5770 22 84 109
internal_value=0.021762 3.1519 6.82127 1.2754 9.0843 -3.2255 2.14524 -2.11075 13.9477 1.5348 16.0169 1.87695 5.36619 2.60525 -0.18175 -2.49851 13.7831 7.2956 8.1056 5.60448 7.5119 12.6905 14.3236 4.49205 0.969915 1.38242 10.7849 1.89146 -2.17803 26.8069 24.4556 20.7132 9.79446 6.70379 3.25203 -1.89047 -1.61191 -1.2907 6.39347 2.35832 7.32611 3.41404 8.08698 3.53539 10.9542 3.62514 10.023 8.35014 17.119 0.769415 1.3102 3.71759 13.2545 11.7164 20.5563 3.96687 1.2292 0.619688 -4.67345 -1.84323 0.388477 6.22368
internal_weight=31906 16246 5497 10749 3771 15660 8874 8848 1014 7826 817 1726 197 171 150 8252 646 2757 2281 104 2096 596 497 99 6825 5955 117 5100 7559 50 171 128 43 1048 2305 6982 6445 5864 1582 297 1285 476 1158 226 514 432 477 386 91 2795 2426 806 477 394 83 1964 1609 1434 6812 62 127 175
internal_count=31906 16246 5497 10749 3771 15660 8874 8848 1014 7826 817 1726 197 171 150 8252 646 2757 2281 104 2096 596 497 99 6825 5955 117 5100 7559 50 171 128 43 1048 2305 6982 6445 5864 1582 297 1285 476 1158 226 514 432 477 386 91 2795 2426 806 477 394 83 1964 1609 1434 6812 62 127 175
is_linear=0
shrinkage=0.05


Tree=55
num_leaves=63
num_cat=0
split_feature=35 9 39 35 35 9 39 31 31 38 38 24 36 35 32 35 34 33 35 11 36 23 33 8 38 34 31 32 32 32 4 35 31 35 31 32 34 6 31 6 31 39 32 6 33 33 31 11 34 35 35 6 32 33 24 31 34 34 31 31 31 35
split_gain=1.21487e+08 3.92013e+07 2.37441e+07 2.06334e+07 1.70512e+07 1.54628e+07 1.74739e+07 7.47211e+06 6.90861e+06 6.0034e+06 5.92403e+06 5.11031e+06 4.80489e+06 4.37839e+06 4.34442e+06 4.23666e+06 4.0041e+06 3.84749e+06 3.80324e+06 3.69862e+06 3.13783e+06 3.12618e+06 3.00447e+06 2.98742e+06 3.26113e+06 4.4923e+06 2.97648e+06 2.9013e+06 2.85206e+06 3.32877e+06 2.76603e+06 2.77069e+06 2.94313e+06 2.79204e+06 2.70825e+06 2.70212e+06 2.68295e+06 2.66253e+06 2.58495e+06 2.41465e+06 2.19697e+06 2.24001e+06 2.45413e+06 2.15983e+06 2.15396e+06 5.40263e+06 3.70311e+06 3.41186e+06 2.52407e+06 2.11958e+06 2.11036e+06 2.74238e+06 2.691e+06 2.07531e+06 3.22036e+06 2.06756e+06 2.00468e+06 2.40537e+06 2.18188e+06 1.98222e+06 3.28621e+06 1.88361e+06
threshold=482.65000000000009 1.0000000180025095e-35 1.0000000180025095e-35 1122.0000000000002 1110.2000000000003 1.0000000180025095e-35 1.0000000180025095e-35 326.15000000000003 259.35000000000008 1.0000000180025095e-35 1.0000000180025095e-35 1.0000000180025095e-35 317.01666666666671 794.6500000000002 420.85000000000008 860.05000000000007 356.90000000000003 4.4500000000000011 307.85000000000008 1.0000000180025095e-35 394.05000000000007 1.0000000180025095e-35 457.35000000000008 1.0000000180025095e-35 1.0000000180025095e-35 413.35000000000008 424.35000000000008 211.05000000000004 7.3500000000000005 408.75000000000006 1.0000000180025095e-35 1455.95 335.95000000000005 1249.5000000000002 368.25000000000006 100.55000000000001 363.2000000000001 1.0000000180025095e-35 353.75000000000006 1.0000000180025095e-35 247.15000000000001 1.0000000180025095e-35 150.05000000000004 1.0000000180025095e-35 291.45000000000005 247.85000000000005 322.15000000000003 1.0000000180025095e-35 271.35000000000008 1313.1500000000003 1170.4500000000003 1.0000000180025095e-35 131.45000000000002 255.05000000000004 1.0000000180025095e-35 240.95000000000002 361.05000000000007 433.65000000000003 478.75000000000006 400.75000000000006 426.45000000000005 949.45000000000016
decision_type=2 2 2 2 2 2 2 2 2 2 2 2 2 2 2 2 2 2 2 2 2 2 2 2 2 2 2 2 2 2 2 2 2 2 2 2 2 2 2 2 2 2 2 2 2 2 2 2 2 2 2 2 2 2 2 2 2 2 2 2 2 2
left_child=5 2 9 10 12 6 18 -7 -8 15 13 14 22 26 21 -2 20 38 -1 -10 39 35 40 24 25 34 36 -24 -17 49 31 32 33 -18 -23 -5 -4 -13 -15 -6 -3 42 -42 -20 45 -16 47 -46 -48 50 51 52 -30 54 56 -56 58 -58 -19 -31 -61 -53
right_child=1 4 3 11 16 7 8 -9 19 -11 -12 37 -14 17 44 28 30 53 43 -21 -22 23 27 -25 -26 -27 -28 -29 29 59 -32 -33 -34 -35 -36 -37 -38 -39 -40 -41 41 -43 -44 -45 46 -47 48 -49 -50 -51 -52 61 -54 -55 55 -57 57 -59 -60 60 -62 -63
leaf_value=-4.8321733348800588 0.15836775509148582 3.8770958564122049 1.9139719840877405 21.947426795959473 11.040559901599012 0.7718021125400939 -2.0906515518766979 10.601142110737417 2.8486825268869622 -2.4460937563884588 -0.41777249970058405 -0.45872486699529058 13.564317649251127 22.794414354264738 19.204854619300974 -13.806153024945941 21.377869536958894 1.8644484132452472 -3.361405788652311 -2.5322821566466209 32.654077299435933 32.535724827221465 8.7304718208312995 0.18884215004121263 8.7933416292402491 45.457691605885827 6.1884091540498458 33.315786063671112 14.896367475860998 -2.8358213206191039 42.489286704685384 36.191582095623019 29.570246345118473 -2.2435222192244098 9.8232322529384071 6.2517799408831944 16.053966398800121 16.677816608548166 9.1907858318849041 27.801243014335633 0.15150770230810773 11.895639544343654 8.7675340105658002 0.23767544583381503 5.8221578493714334 -9.3637860546941347 22.781901486048216 25.901674360387467 40.742274962938751 20.81594961711339 -1.8425314910828121 22.817212570545287 2.6338134265289859 6.3353256543750991 5.7947563117550267 -9.4423151585120202 19.395056789029731 1.9678185674879289 14.892425891331264 20.567419866153173 0.97936283428590376 9.4845959677212477
leaf_weight=7476 2582 587 2518 30 153 820 3100 253 1524 1800 909 119 305 40 59 21 29 393 3952 404 24 21 30 24 45 21 540 20 57 169 23 32 38 22 35 319 34 28 275 25 129 242 230 466 56 23 79 34 26 28 63 43 208 944 31 79 44 36 35 28 91 69
leaf_count=7476 2582 587 2518 30 153 820 3100 253 1524 1800 909 119 305 40 59 21 29 393 3952 404 24 21 30 24 45 21 540 20 57 169 23 32 38 22 35 319 34 28 275 25 129 242 230 466 56 23 79 34 26 28 63 43 208 944 31 79 44 36 35 28 91 69
internal_value=-0.0220636 3.49903 2.44149 4.38273 10.1925 -2.73112 -3.1002 3.08944 -0.629011 -0.116101 3.29345 11.3499 7.94298 3.97235 12.9769 1.13248 20.2242 5.87729 -4.14485 1.72114 15.6828 10.171 6.55808 16.3144 19.4867 25.736 2.81596 18.5646 4.36949 4.87437 26.5948 23.5736 19.0367 11.1882 18.3404 7.60098 2.10236 2.80538 10.9182 13.3946 6.05276 8.17774 5.67152 -2.98178 17.9909 11.1917 20.8501 13.4078 27.2292 7.47707 6.62824 8.04378 5.27142 4.86071 2.60822 -5.14823 4.28777 11.5528 2.92982 0.644986 5.58832 14.6034
internal_weight=31840 13845 11956 6797 1889 17995 16922 1073 5028 5159 5878 919 1543 4969 772 3359 346 1877 11894 1928 202 495 1238 146 122 77 3092 50 777 756 144 121 89 51 56 349 2552 147 315 178 1188 601 359 4418 277 82 195 90 105 468 440 377 265 1562 618 110 508 80 428 288 119 112
internal_count=31840 13845 11956 6797 1889 17995 16922 1073 5028 5159 5878 919 1543 4969 772 3359 346 1877 11894 1928 202 495 1238 146 122 77 3092 50 777 756 144 121 89 51 56 349 2552 147 315 178 1188 601 359 4418 277 82 195 90 105 468 440 377 265 1562 618 110 508 80 428 288 119 112
is_linear=0
shrinkage=0.05


Tree=56
num_leaves=63
num_cat=0
split_feature=35 40 40 40 40 35 40 35 35 35 40 40 40 40 40 40 25 35 32 40 35 10 35 40 32 33 33 34 7 33 35 32 31 33 34 32 32 32 33 18 36 17 35 35 33 40 35 32 32 35 6 33 2 35 32 10 32 35 32 32 36 33
split_gain=1.09642e+08 9.20844e+07 3.66249e+07 8.55561e+07 3.45402e+07 2.46491e+07 1.68584e+07 1.37765e+07 1.04895e+07 1.02007e+07 7.80126e+06 7.72701e+06 7.2055e+06 1.54763e+07 6.22247e+06 9.05918e+06 5.07197e+06 4.88154e+06 4.82124e+06 4.69115e+06 4.51801e+06 8.22608e+06 4.09263e+06 4.04232e+06 4.1683e+06 3.55631e+06 5.96163e+06 6.50722e+06 4.20576e+06 4.10582e+06 4.90821e+06 3.90329e+06 3.68845e+06 3.82954e+06 3.7032e+06 3.62428e+06 3.8065e+06 5.62889e+06 5.03432e+06 3.5392e+06 3.38504e+06 3.26842e+06 3.14264e+06 3.10037e+06 3.04112e+06 3.03091e+06 3.0165e+06 2.98734e+06 3.92236e+06 3.29258e+06 3.26995e+06 3.01868e+06 2.98553e+06 2.88645e+06 3.77665e+06 2.88079e+06 2.79289e+06 2.75968e+06 2.63661e+06 2.627e+06 2.61022e+06 2.59476e+06
threshold=482.65000000000009 5.5000000000000009 1.0000000180025095e-35 1.5000000000000002 4.5000000000000009 967.45000000000016 5.5000000000000009 1096.7500000000002 249.95000000000002 1313.1500000000003 2.5000000000000004 3.5000000000000004 1.0000000180025095e-35 3.5000000000000004 1.5000000000000002 2.5000000000000004 1.0000000180025095e-35 1397.9500000000003 7.3500000000000005 2.5000000000000004 639.85000000000014 1.0000000180025095e-35 607.45000000000016 3.5000000000000004 448.55000000000007 228.45000000000002 253.25000000000003 424.75000000000006 1.0000000180025095e-35 345.40000000000003 1397.9500000000003 145.65000000000001 478.75000000000006 107.75000000000001 424.75000000000006 492.65000000000003 426.95000000000005 392.85000000000008 279.65000000000003 1.0000000180025095e-35 275.04166666666669 1.0000000180025095e-35 1249.5000000000002 253.35000000000005 243.65000000000001 4.5000000000000009 552.6500000000002 282.15000000000003 259.05000000000007 867.25000000000011 1.0000000180025095e-35 166.15000000000001 1.0000000180025095e-35 924.45000000000016 139.85000000000005 1.0000000180025095e-35 448.55000000000007 69.250000000000014 472.65000000000003 358.65000000000003 409.72500000000008 336.85000000000008
decision_type=2 2 2 2 2 2 2 2 2 2 2 2 2 2 2 2 2 2 2 2 2 2 2 2 2 2 2 2 2 2 2 2 2 2 2 2 2 2 2 2 2 2 2 2 2 2 2 2 2 2 2 2 2 2 2 2 2 2 2 2 2 2
left_child=6 2 52 9 7 16 12 10 -8 20 -5 46 -1 14 43 -16 22 -6 -7 -9 40 61 -3 24 42 28 44 31 32 -29 -31 -28 33 34 -20 36 37 38 -33 58 -4 47 -21 -14 -27 -15 -12 48 49 51 53 -24 -2 -51 -55 -49 -38 -17 -18 -44 -10 -22
right_child=1 5 3 4 17 18 8 19 60 -11 11 -13 13 45 15 57 39 -19 25 23 21 -23 41 -25 -26 26 27 29 -30 30 -32 35 -34 -35 -36 -37 56 -39 -40 -41 -42 -43 59 -45 -46 -47 -48 55 -50 50 -52 -53 -54 54 -56 -57 -58 -59 -60 -61 -62 -63
leaf_value=-5.7540473555494041 -4.6041987336547328 3.9940869133998071 8.6742474328069132 -2.3305975727813131 -3.2380214796780802 -7.6411578369140631 -2.6699480029616418 1.3971506858939557 0.87053963655048694 49.104817326863611 2.4982028481393761 1.9412393562439025 0.1976484837867607 -2.9355563240177407 -5.7134464833305154 -4.3669015606589943 13.039882745089598 8.1055780006914713 17.656161412325773 18.772485414573126 22.638200026516312 3.6370345897674561 11.894514750482656 11.10409349196666 5.9237068939208983 9.1721630404072432 3.7189477063607477 15.985365068211275 39.987429132769186 26.401291980165425 57.791752686500551 41.40681007385254 40.131477165222172 23.43890955270605 -8.4793849219446606 -4.4660511589050298 34.853161003476103 -0.00029752463625188464 15.38129989599226 -0.47681235621901269 22.474480196923921 -10.317158444722494 24.604265928268433 6.2833264925358847 -15.471070493970599 -5.4078390728752614 9.354851356825872 7.5709462120198756 20.122076807123548 18.65962858871675 30.98083520428888 4.5613588775284803 0.29696019695433273 19.380618982315067 -9.0672782966068812 0.16857385945010495 19.617879902641732 1.5534734855352088 30.863273213126448 47.080730937077448 4.722378366930144 32.698700277992849
leaf_weight=3114 2594 948 136 489 2942 20 2836 67 2711 30 202 1183 389 1876 841 230 365 98 33 56 229 50 238 185 30 31 69 34 31 33 20 20 20 94 23 20 42 57 262 47 66 24 26 453 21 3655 779 897 94 71 29 342 353 20 28 154 106 1365 22 26 525 89
leaf_count=3114 2594 948 136 489 2942 20 2836 67 2711 30 202 1183 389 1876 841 230 365 98 33 56 229 50 238 185 30 31 69 34 31 33 20 20 20 94 23 20 42 57 262 47 66 24 26 453 21 3655 779 897 94 71 29 342 353 20 28 154 106 1365 22 26 525 89
internal_value=-0.0209604 3.32408 0.626324 2.67394 0.897193 9.48763 -2.59457 4.66301 -0.450048 20.6872 3.37312 4.66199 -3.6867 -2.95589 -0.233579 -1.51433 7.44476 -2.87234 16.6442 13.4376 19.1916 22.4896 6.67671 15.9351 22.4115 17.1744 15.5226 16.8012 23.0504 29.5469 38.2467 14.8761 19.9619 17.2726 6.92192 16.3945 17.2512 14.3304 17.2271 12.4796 13.1832 8.01732 26.9914 3.47177 -0.779912 -4.56929 7.94298 8.25225 10.5102 9.26907 15.9257 7.57048 -4.01712 12.2568 2.78601 6.4863 23.9414 0.699752 14.0531 35.8425 1.49545 25.4539
internal_weight=31840 13845 9630 6683 6083 4215 17995 3043 6072 600 2653 2164 11923 8809 3278 2436 3279 3040 936 390 570 368 2845 323 138 916 715 663 201 87 53 576 170 150 56 507 487 339 282 434 202 1897 108 842 52 5531 981 1873 822 728 148 580 2947 119 48 1051 148 1595 387 52 3236 318
internal_count=31840 13845 9630 6683 6083 4215 17995 3043 6072 600 2653 2164 11923 8809 3278 2436 3279 3040 936 390 570 368 2845 323 138 916 715 663 201 87 53 576 170 150 56 507 487 339 282 434 202 1897 108 842 52 5531 981 1873 822 728 148 580 2947 119 48 1051 148 1595 387 52 3236 318
is_linear=0
shrinkage=0.05


Tree=57
num_leaves=63
num_cat=0
split_feature=35 40 40 40 40 35 40 9 35 35 9 40 35 5 40 40 9 40 40 32 22 35 35 35 10 31 34 24 31 32 32 35 40 35 4 9 35 32 9 35 34 34 31 34 36 31 32 9 34 36 17 32 32 32 35 36 32 34 35 5 40 31
split_gain=9.89517e+07 8.31061e+07 3.3054e+07 7.72144e+07 3.11725e+07 2.22458e+07 1.52148e+07 1.3261e+07 9.50372e+06 9.20617e+06 9.16349e+06 8.5813e+06 9.16289e+06 6.14543e+06 6.07638e+06 1.29548e+07 5.64812e+06 5.20683e+06 7.34339e+06 4.99881e+06 4.88156e+06 4.40559e+06 4.09596e+06 4.07751e+06 7.42404e+06 3.90499e+06 3.59348e+06 4.10894e+06 5.93622e+06 3.49073e+06 6.62318e+06 3.41714e+06 3.3608e+06 3.33794e+06 3.46911e+06 3.31904e+06 6.45511e+06 3.50995e+06 3.15097e+06 3.11603e+06 3.08515e+06 6.49755e+06 3.1864e+06 3.57617e+06 3.055e+06 2.91319e+06 2.90957e+06 2.86866e+06 3.07573e+06 2.6746e+06 2.65264e+06 2.63657e+06 2.6506e+06 4.66946e+06 2.61766e+06 2.53746e+06 4.86891e+06 3.49619e+06 3.35571e+06 3.00443e+06 2.40592e+06 2.37969e+06
threshold=482.65000000000009 5.5000000000000009 1.0000000180025095e-35 1.5000000000000002 4.5000000000000009 967.45000000000016 5.5000000000000009 1.0000000180025095e-35 281.55000000000007 1313.1500000000003 1.0000000180025095e-35 2.5000000000000004 1096.7500000000002 1.0000000180025095e-35 1.0000000180025095e-35 3.5000000000000004 1.0000000180025095e-35 1.5000000000000002 2.5000000000000004 18.650000000000002 1.0000000180025095e-35 1397.9500000000003 607.45000000000016 639.85000000000014 1.0000000180025095e-35 248.95000000000002 1.0500000000000003 1.0000000180025095e-35 422.05000000000007 193.95000000000002 113.15000000000002 1155.7500000000002 3.5000000000000004 1110.2000000000003 1.0000000180025095e-35 1.0000000180025095e-35 902.1500000000002 470.75000000000006 1.0000000180025095e-35 1020.4500000000002 324.25000000000006 363.2000000000001 136.05000000000004 258.25000000000006 275.04166666666669 414.45000000000005 358.65000000000003 1.0000000180025095e-35 281.35000000000008 51.625000000000007 1.0000000180025095e-35 109.25000000000001 346.35000000000008 464.85000000000008 1069.4000000000003 236.61000000000004 206.95000000000002 187.85000000000005 818.95000000000016 1.0000000180025095e-35 4.5000000000000009 279.95000000000005
decision_type=2 2 2 2 2 2 2 2 2 2 2 2 2 2 2 2 2 2 2 2 2 2 2 2 2 2 2 2 2 2 2 2 2 2 2 2 2 2 2 2 2 2 2 2 2 2 2 2 2 2 2 2 2 2 2 2 2 2 2 2 2 2
left_child=6 2 -2 9 7 22 10 11 49 23 14 -5 13 32 -1 17 19 -16 -19 -7 33 38 -3 44 35 -12 27 -21 -29 30 -28 -9 -13 -18 -35 37 -37 55 -6 -15 42 -42 -31 -44 -4 -32 -33 48 50 -8 -24 -49 -53 -54 -34 56 -25 59 -58 -57 -17 -14
right_child=1 5 3 4 21 16 8 31 -10 -11 25 12 61 39 15 60 20 18 -20 26 -22 -23 47 24 -26 -27 29 28 -30 40 45 46 54 34 -36 36 -38 -39 -40 -41 41 -43 43 -45 -46 -47 -48 51 -50 -51 -52 52 53 -55 -56 57 58 -59 -60 -61 -62 -63
leaf_value=-5.806078370635106 -3.8162678430766412 4.5334079041436457 8.2405351006590273 -2.9187941660094507 -3.729909858834711 -6.1494711621602383 -4.6107179713262543 10.861123238219173 1.6784901198415962 46.649576047261561 -0.86813802060752698 4.6046045235818083 5.6453608888975335 8.6479139313474302 2.8893961913846296 -3.1717719910760809 17.983814198830551 -5.6934193911921112 0.2561871465320405 13.015031427743654 2.3972942352294924 7.7002990934313562 7.2963640119142132 40.269986049549004 3.4551834659576417 6.8347022692353097 24.949886620044708 11.786485399518696 -23.879282474517822 5.4839812564849852 -9.3615284614073939 9.9477198464529852 0.43767609975365707 27.222697486061801 49.385555200991426 57.143498883928572 21.467588317394259 37.424214344099163 1.0193457966969337 27.91335340168165 -7.5555144380640105 19.417561375447946 22.54701498937607 40.062662147220813 21.350756265900355 14.109562292099 33.899488139152531 1.4985527748285339 15.119690092342106 -1.3941069535151289 -9.1054239501953127 19.159008376260061 2.8834195161477112 28.96566077145663 -17.429493863242012 15.390107831716538 28.536618522361472 -2.1819792540177056 2.8409456253051761 35.799009973352604 -5.4455686006493709 16.44631909402036
leaf_weight=2929 2947 1070 136 485 2537 30 894 382 2846 30 434 727 71 240 797 1755 68 793 1499 229 24 98 1766 37 50 265 40 28 20 20 39 21 860 76 23 21 32 32 405 23 27 129 125 38 66 20 32 43 127 2332 25 148 78 22 21 100 27 23 24 22 3451 181
leaf_count=2929 2947 1070 136 485 2537 30 894 382 2846 30 434 727 71 240 797 1755 68 793 1499 229 24 98 1766 37 50 265 40 28 20 20 39 21 860 76 23 21 32 32 405 23 27 129 125 38 66 20 32 43 127 2332 25 148 78 22 21 100 27 23 24 22 3451 181
internal_value=-0.0199124 3.15787 0.595008 2.54025 0.852333 9.01324 -2.46484 4.42986 -0.427546 19.6529 -3.50237 3.08183 4.45268 3.24716 -3.84828 -3.15698 15.812 -0.59178 -1.80229 13.8453 23.4829 -2.72872 7.07253 18.232 21.3651 2.05211 14.6843 10.227 -3.07425 17.5032 9.2433 12.5118 2.08826 26.5131 32.3716 24.1812 35.6033 21.8968 -3.07612 10.3327 19.9154 14.7491 24.3193 26.6304 12.5241 -1.40523 24.4092 8.30243 7.6006 -2.28551 7.06742 12.9283 14.91 8.62151 0.0117844 19.7642 26.4621 15.6993 16.4445 19.0704 -4.67905 13.4032
internal_weight=31840 13845 9630 6683 6083 4215 17995 3043 6072 600 11923 2608 2123 1871 11224 8295 936 3089 2292 745 191 3040 3279 570 368 699 715 277 48 438 99 435 1608 167 99 318 53 265 2942 263 339 156 183 163 202 59 53 2209 1918 3226 1791 291 248 100 881 233 88 145 51 122 5206 252
internal_count=31840 13845 9630 6683 6083 4215 17995 3043 6072 600 11923 2608 2123 1871 11224 8295 936 3089 2292 745 191 3040 3279 570 368 699 715 277 48 438 99 435 1608 167 99 318 53 265 2942 263 339 156 183 163 202 59 53 2209 1918 3226 1791 291 248 100 881 233 88 145 51 122 5206 252
is_linear=0
shrinkage=0.05


Tree=58
num_leaves=63
num_cat=0
split_feature=35 9 5 25 2 35 9 25 35 5 2 35 35 36 32 36 7 36 31 33 31 36 34 31 33 36 31 38 35 32 34 36 31 35 33 32 32 35 7 29 33 36 33 33 32 35 34 24 29 21 32 24 33 33 31 32 35 31 36 33 24 7
split_gain=8.96149e+07 3.45589e+07 2.0663e+07 1.62896e+07 1.44281e+07 1.34414e+07 1.08797e+07 1.082e+07 7.10929e+06 6.4796e+06 6.51205e+06 6.13217e+06 5.65702e+06 5.42317e+06 5.01496e+06 4.84056e+06 4.73618e+06 4.34834e+06 4.15023e+06 4.0614e+06 3.78517e+06 3.69484e+06 4.61277e+06 3.27165e+06 3.91458e+06 5.31788e+06 2.83654e+06 2.69171e+06 2.91556e+06 4.78153e+06 4.4992e+06 4.34694e+06 2.77316e+06 2.53448e+06 2.66944e+06 2.55256e+06 2.66919e+06 2.45304e+06 2.44845e+06 2.41207e+06 2.3961e+06 3.75572e+06 2.36598e+06 2.30057e+06 2.89521e+06 2.28045e+06 2.25808e+06 2.21675e+06 2.11119e+06 2.85667e+06 2.5341e+06 2.07001e+06 2.05006e+06 2.46038e+06 2.31772e+06 2.01938e+06 1.97238e+06 1.9708e+06 1.84686e+06 1.85854e+06 1.83946e+06 1.80826e+06
threshold=455.95000000000005 1.0000000180025095e-35 1.0000000180025095e-35 1.0000000180025095e-35 1.0000000180025095e-35 1110.2000000000003 1.0000000180025095e-35 1.0000000180025095e-35 998.25000000000011 1.0000000180025095e-35 1.0000000180025095e-35 1455.95 1225.1500000000003 331.81666666666672 396.45000000000005 364.8250000000001 1.0000000180025095e-35 444.47500000000008 328.15000000000003 300.85000000000008 328.15000000000003 403.42500000000001 310.45000000000005 430.35000000000008 341.05000000000007 321.08333333333343 119.55000000000001 1.0000000180025095e-35 1170.4500000000003 181.65000000000001 419.85000000000008 321.08333333333343 426.45000000000005 800.35000000000025 220.05000000000004 408.75000000000006 384.95000000000005 1170.4500000000003 1.0000000180025095e-35 1.0000000180025095e-35 261.75000000000006 251.61250000000004 18.550000000000004 339.05000000000007 389.15000000000003 1069.4000000000003 16.950000000000003 1.0000000180025095e-35 1.0000000180025095e-35 1.0000000180025095e-35 294.25000000000006 1.0000000180025095e-35 62.350000000000001 116.25000000000001 316.35000000000008 362.45000000000005 1140.1000000000001 304.35000000000008 210.21250000000001 315.35000000000008 1.0000000180025095e-35 1.0000000180025095e-35
decision_type=2 2 2 2 2 2 2 2 2 2 2 2 2 2 2 2 2 2 2 2 2 2 2 2 2 2 2 2 2 2 2 2 2 2 2 2 2 2 2 2 2 2 2 2 2 2 2 2 2 2 2 2 2 2 2 2 2 2 2 2 2 2
left_child=6 2 3 4 11 13 7 9 40 10 26 16 17 33 51 61 27 -5 -8 -17 -9 22 39 24 37 -26 -1 28 -2 -30 31 43 -33 -3 42 36 58 -16 -28 56 41 -4 -35 -31 -45 -15 -42 -14 49 60 -51 55 -44 54 -54 -10 -7 -12 59 -36 -24 -6
right_child=1 5 8 12 15 21 18 20 14 -11 57 -13 47 45 23 19 -18 -19 -20 -21 -22 -23 48 -25 25 -27 38 -29 29 30 -32 32 -34 34 35 -37 -38 -39 -40 -41 46 -43 52 44 -46 -47 -48 -49 -50 50 -52 -53 53 -55 -56 -57 -58 -59 -60 -61 -62 -63
leaf_value=-4.6924099173140812 -0.81497901656997274 3.9807195444690806 1.2562024325441785 4.2631919773976978 2.9095504890988995 18.533437497700966 0.95866108417091245 0.72600877218689597 12.154731288776603 0.75251754364888945 -0.77305007920823776 11.087525239427176 19.129817528350681 14.598514613429248 24.674027167615435 8.4875616971565346 2.122586048325422 16.710594531007715 9.1297931831714116 26.06651540517807 8.5955790904804044 38.198814274015881 24.021888166078384 5.378514249397047 -4.9557856492374261 25.217009862661364 -3.4315733631219296 -2.7265942127573783 -17.066374388195221 1.9419593102591379 28.288325738906863 6.6381814424808212 -15.196127926219596 17.348196980048872 8.874167356491089 -0.065193384469941607 30.621277210712435 45.283958244323735 -0.21023511431206054 26.7966916513443 5.9340479026159905 7.2248754035354423 -10.744531850461607 5.9297113685607918 29.14839484116127 -2.9200230407714844 14.456305467230933 1.2907867340814501 9.9582989488329208 47.551044841246174 23.268468675159273 -2.2998555134236813 0.85153849720954899 0.10376040441495878 23.308595579641839 -0.7826893680625493 4.8439149323499429 4.5094569758958176 9.6492716477521796 28.830584779381752 7.4749973470514481 8.6856149002044436
leaf_weight=4991 4646 824 605 1353 1077 35 781 764 186 973 684 112 102 261 42 184 1263 74 194 40 191 21 71 33 23 40 7265 2050 21 35 24 26 33 29 20 43 20 22 642 20 254 467 27 25 29 20 112 21 28 22 21 40 20 111 27 36 106 238 211 28 22 155
leaf_count=4991 4646 824 605 1353 1077 35 781 764 186 973 684 112 102 261 42 184 1263 74 194 40 191 21 71 33 23 40 7265 2050 21 35 24 26 33 29 20 43 20 22 642 20 254 467 27 25 29 20 112 21 28 22 21 40 20 111 27 36 106 238 211 28 22 155
internal_value=-0.0189167 2.77104 1.84104 1.03524 0.276143 8.91645 -2.54094 -2.85827 6.72351 -3.19127 -3.46894 -0.532444 5.7955 7.02813 12.4297 4.86554 -0.692091 4.90868 2.58451 11.6267 2.29992 17.8723 16.5589 19.4047 23.0492 14.2015 -3.75912 -1.20812 -0.564834 5.45679 8.20672 4.95024 -5.57423 5.72158 8.39782 11.2744 13.0221 31.7587 -3.17002 10.547 5.04894 3.85636 4.06951 11.9271 18.399 13.3516 8.54195 16.0841 22.461 25.035 35.6921 8.17026 1.98799 4.1638 13.7524 10.0568 8.24202 0.590547 11.6631 20.5154 20.1076 3.63625
internal_weight=31840 15117 13130 11270 9720 1987 16723 15748 1860 14793 13820 8264 1550 1641 422 1456 8152 1427 975 224 955 346 325 160 127 63 12898 6889 4839 193 172 148 59 1360 536 322 279 64 7907 161 1438 1072 214 89 54 281 366 123 164 136 43 262 185 158 47 222 141 922 259 48 93 1232
internal_count=31840 15117 13130 11270 9720 1987 16723 15748 1860 14793 13820 8264 1550 1641 422 1456 8152 1427 975 224 955 346 325 160 127 63 12898 6889 4839 193 172 148 59 1360 536 322 279 64 7907 161 1438 1072 214 89 54 281 366 123 164 136 43 262 185 158 47 222 141 922 259 48 93 1232
is_linear=0
shrinkage=0.05


Tree=59
num_leaves=63
num_cat=0
split_feature=35 40 40 40 40 35 40 9 35 35 40 35 9 39 5 9 22 25 5 31 35 23 31 39 5 31 18 40 40 40 31 31 31 35 25 39 36 31 35 31 31 31 36 31 35 35 10 35 35 25 35 17 35 36 31 31 35 31 9 31 39 35
split_gain=8.09344e+07 7.45874e+07 2.95312e+07 6.89262e+07 2.77966e+07 1.83705e+07 1.38932e+07 1.07064e+07 8.43401e+06 7.91185e+06 7.5475e+06 7.70682e+06 7.45246e+06 7.50962e+06 5.23096e+06 4.55756e+06 4.38922e+06 4.15615e+06 3.89551e+06 3.70281e+06 3.63135e+06 3.62201e+06 3.59383e+06 3.39493e+06 3.37971e+06 4.9368e+06 3.20242e+06 3.12621e+06 7.78149e+06 3.3245e+06 2.96141e+06 4.53292e+06 3.97414e+06 2.92906e+06 2.90828e+06 2.90324e+06 4.29837e+06 4.24536e+06 3.83657e+06 3.5804e+06 3.34794e+06 3.28528e+06 3.50612e+06 2.86307e+06 2.79096e+06 2.76348e+06 5.1359e+06 2.75984e+06 2.72373e+06 2.69577e+06 2.65975e+06 2.65023e+06 2.64873e+06 2.64414e+06 2.56287e+06 2.48281e+06 5.14774e+06 4.37942e+06 2.4659e+06 2.46469e+06 2.39233e+06 2.39026e+06
threshold=487.35000000000008 5.5000000000000009 1.0000000180025095e-35 1.5000000000000002 4.5000000000000009 967.45000000000016 5.5000000000000009 1.0000000180025095e-35 311.15000000000003 1313.1500000000003 2.5000000000000004 1096.7500000000002 1.0000000180025095e-35 1.0000000180025095e-35 1.0000000180025095e-35 1.0000000180025095e-35 1.0000000180025095e-35 1.0000000180025095e-35 1.0000000180025095e-35 248.95000000000002 1397.9500000000003 1.0000000180025095e-35 337.75000000000006 1.0000000180025095e-35 1.0000000180025095e-35 464.85000000000008 1.0000000180025095e-35 1.0000000180025095e-35 1.5000000000000002 4.5000000000000009 314.25000000000006 398.85000000000008 168.75000000000003 607.45000000000016 1.0000000180025095e-35 1.0000000180025095e-35 379.48750000000007 481.05000000000007 1225.1500000000003 380.65000000000003 436.65000000000003 368.25000000000006 367.51666666666671 253.25000000000003 1155.7500000000002 639.85000000000014 1.0000000180025095e-35 1110.2000000000003 121.05000000000001 1.0000000180025095e-35 1225.1500000000003 1.0000000180025095e-35 1020.4500000000002 313.22500000000008 481.05000000000007 127.75000000000001 880.85000000000002 370.15000000000003 1.0000000180025095e-35 236.55000000000004 1.0000000180025095e-35 1225.1500000000003
decision_type=2 2 2 2 2 2 2 2 2 2 2 2 2 2 2 2 2 2 2 2 2 2 2 2 2 2 2 2 2 2 2 2 2 2 2 2 2 2 2 2 2 2 2 2 2 2 2 2 2 2 2 2 2 2 2 2 2 2 2 2 2 2
left_child=6 2 -2 9 7 17 12 10 48 21 -5 14 13 18 23 24 47 33 27 -14 58 45 -15 -12 35 30 54 -1 -29 -30 32 -32 -26 -3 -13 36 38 41 39 -7 -41 43 53 50 -9 -4 55 -17 -8 -24 -37 -35 -16 -43 -19 56 -47 59 -6 -57 -61 -36
right_child=1 5 3 4 20 15 8 44 -10 -11 11 34 19 22 52 16 -18 26 -20 -21 -22 -23 49 -25 25 -27 -28 28 29 -31 31 -33 -34 51 61 37 -38 -39 -40 40 -42 42 -44 -45 -46 46 -48 -49 -50 -51 -52 -53 -54 -55 -56 57 -58 -59 -60 60 -62 -63
leaf_value=-6.3385186940192462 -3.7405687585061984 3.6065030857040123 10.306717494922349 -2.7820024050881531 -3.6196595848060102 -0.80610160963101818 -3.5291985346575867 9.9074939218693139 1.9492274244474321 43.773557767073314 -0.87896627377682979 9.484387056155084 -1.0447450728006409 -2.403888724382591 8.0677383767851332 16.668542581183072 1.5567739168802897 11.710076524663707 -0.61555778391750682 6.3666894492857597 6.7541887078966418 26.962227327199209 -0.071724833112945377 3.8675932349916744 32.600944010416669 -2.4762878721410577 -1.037268968338662 1.8617760841498676 -3.3931800944795523 -6.0108969594949304 42.859657587323873 17.758690442265692 5.7402570962905886 7.3082264378253177 10.31722715695699 7.2156747553348541 -14.149332850912343 32.753334568164966 24.480105412751438 31.153250321887789 4.9391425428719362 7.4350848001592302 19.481406979947479 22.052438017955197 22.161351091231943 28.491253731467509 3.5962701846142204 29.751262676354614 -0.71218695290383294 7.0773820897653001 25.750805075963338 -9.4131222407023127 25.843127258964206 -9.1742286166629281 28.270083896666769 19.196472684074852 -4.6711424160003663 16.02000571052627 0.62500265893768003 45.536338806152344 27.727203195745297 31.055272356669111
leaf_weight=1994 2909 880 158 477 2477 88 1408 377 2540 30 626 195 443 2587 236 68 24 357 652 272 98 84 613 946 21 22 47 509 2555 2309 35 37 40 1873 24 100 23 27 32 21 29 68 37 104 53 22 49 99 2197 168 24 24 23 37 25 34 25 101 397 33 44 33
leaf_count=1994 2909 880 158 477 2477 88 1408 377 2540 30 626 195 443 2587 236 68 24 357 652 272 98 84 613 946 21 22 47 509 2555 2309 35 37 40 1873 24 100 23 27 32 21 29 68 37 104 53 22 49 99 2197 168 24 24 23 37 25 34 25 101 397 33 44 33
internal_value=-0.0179709 2.90274 0.450789 2.31454 0.713784 8.49747 -2.19374 4.11754 -0.257567 18.7692 2.89131 4.19049 -3.17686 -3.48777 3.0622 14.6601 21.5508 6.69826 -4.31992 1.77471 -2.71059 17.4053 -1.50648 1.97742 12.8935 19.4639 11.2785 -4.64777 -4.0203 -4.63584 23.0932 29.9605 14.9874 5.99068 12.3885 11.1674 6.13702 13.6129 8.88165 5.26461 15.9491 12.2162 6.24614 15.9344 11.4179 15.6826 18.4404 24.4242 -1.81242 1.46611 10.8031 7.09668 9.64625 1.58228 12.7938 21.2487 10.8517 23.5538 -3.03332 30.4088 35.3597 22.3235
internal_weight=31840 13593 9451 6542 5962 4142 18247 2990 6145 580 2560 2083 12102 11387 1831 936 191 3206 8019 715 2972 550 3368 1572 745 155 429 7367 5373 4864 133 72 61 2777 252 590 193 397 170 138 50 370 142 228 430 466 308 167 3605 781 124 1897 259 105 382 259 47 212 2874 111 77 57
internal_count=31840 13593 9451 6542 5962 4142 18247 2990 6145 580 2560 2083 12102 11387 1831 936 191 3206 8019 715 2972 550 3368 1572 745 155 429 7367 5373 4864 133 72 61 2777 252 590 193 397 170 138 50 370 142 228 430 466 308 167 3605 781 124 1897 259 105 382 259 47 212 2874 111 77 57
is_linear=0
shrinkage=0.05


Tree=60
num_leaves=63
num_cat=0
split_feature=35 40 40 40 40 35 40 40 40 40 35 35 35 2 40 9 40 31 31 9 31 31 39 5 39 31 35 32 33 32 9 22 35 33 35 35 33 31 31 32 32 33 32 32 32 31 32 35 32 32 8 35 5 32 35 40 10 2 33 31 40 31
split_gain=7.02994e+07 5.61625e+07 2.53325e+07 2.11909e+07 5.10831e+07 1.71313e+07 1.56828e+07 1.10718e+07 2.87376e+07 1.16925e+07 8.91302e+06 8.62891e+06 7.5959e+06 7.22014e+06 6.29894e+06 6.23801e+06 6.03858e+06 5.81482e+06 6.96255e+06 4.93757e+06 4.88211e+06 3.84712e+06 3.7624e+06 3.72548e+06 3.90038e+06 3.56497e+06 3.50539e+06 3.32786e+06 3.31428e+06 3.19521e+06 3.18874e+06 3.46663e+06 3.08738e+06 3.06365e+06 3.02945e+06 6.93048e+06 3.14271e+06 3.5722e+06 3.01072e+06 2.94385e+06 3.39646e+06 2.88694e+06 2.97591e+06 4.04934e+06 2.85281e+06 5.42321e+06 4.29756e+06 4.97949e+06 4.74137e+06 2.82453e+06 5.3404e+06 3.60382e+06 2.81267e+06 5.44937e+06 2.79024e+06 2.68701e+06 2.68291e+06 2.66534e+06 2.66381e+06 2.61749e+06 3.61899e+06 2.68996e+06
threshold=717.95000000000016 5.5000000000000009 5.5000000000000009 1.0000000180025095e-35 1.5000000000000002 307.85000000000008 4.5000000000000009 1.0000000180025095e-35 1.5000000000000002 4.5000000000000009 1455.95 320.75000000000006 933.35000000000025 1.0000000180025095e-35 2.5000000000000004 1.0000000180025095e-35 3.5000000000000004 388.85000000000008 472.65000000000003 1.0000000180025095e-35 138.15000000000001 422.05000000000007 1.0000000180025095e-35 1.0000000180025095e-35 1.0000000180025095e-35 481.05000000000007 1313.1500000000003 29.850000000000005 494.35000000000008 460.75000000000006 1.0000000180025095e-35 1.0000000180025095e-35 69.250000000000014 185.65000000000001 1096.7500000000002 940.45000000000016 379.65000000000003 328.15000000000003 361.85000000000008 181.65000000000001 454.55000000000007 134.25000000000003 257.15000000000003 468.75000000000006 370.25000000000006 460.75000000000006 412.85000000000008 782.6500000000002 424.95000000000005 450.65000000000003 1.0000000180025095e-35 1069.4000000000003 1.0000000180025095e-35 219.35000000000005 121.05000000000001 2.5000000000000004 1.0000000180025095e-35 1.0000000180025095e-35 459.35000000000008 207.85000000000005 3.5000000000000004 96.15000000000002
decision_type=2 2 2 2 2 2 2 2 2 2 2 2 2 2 2 2 2 2 2 2 2 2 2 2 2 2 2 2 2 2 2 2 2 2 2 2 2 2 2 2 2 2 2 2 2 2 2 2 2 2 2 2 2 2 2 2 2 2 2 2 2 2
left_child=2 3 7 -2 12 54 13 -1 11 14 15 -9 21 30 -10 22 32 20 -19 23 -14 39 27 24 -7 28 29 -3 44 33 31 55 -16 -17 35 -29 -36 -38 -15 -5 -41 -37 -43 -44 -24 46 -46 -48 -49 51 56 -50 -13 -54 -4 -6 -51 -8 -57 61 -61 -32
right_child=1 10 5 4 6 19 57 8 9 -11 -12 52 17 38 16 26 -18 18 -20 -21 -22 -23 25 -25 -26 -27 -28 34 -30 -31 59 -33 -34 -35 36 41 37 -39 -40 40 -42 42 43 -45 45 -47 47 48 49 50 -52 -53 53 -55 -56 58 -58 -59 -60 60 -62 -63
leaf_value=-4.6885004625809588 -3.2025222859136266 -5.737255700784071 -3.3637177049066276 26.591566102401075 -2.5027172225972882 0.50972087953738343 -2.4016011102029089 1.0358518646962327 -4.3751113969538382 -4.3062855124729245 30.55311592872496 8.6304080393800415 18.280881956349248 8.6602375442841488 -3.7893269789957369 6.3288457840412589 -1.8633717214725853 6.3137033271789553 41.866969512757805 8.5125985239099897 44.741841920216878 28.833485452752367 7.4681611099382383 7.0771381434280887 3.8703764683115782 21.65380576919107 36.249873018264772 5.1336503570315557 30.060523605346681 27.701258046286451 13.266977723067008 -15.122136900160047 2.3855347598239294 16.633277422247584 7.1708787827168479 35.096431223551434 5.209846617958763 -21.713716861179897 19.663843688672905 1.0054187692914691 22.475123096466064 4.0601652191906439 27.554956109770416 2.3618313572623513 19.416190723122142 37.995099925994872 24.986864535808564 -11.375023763320026 8.6515613993731417 10.765582292241263 -18.148198552565145 30.687443592718672 9.4901983121546305 41.324922780990605 -0.48470578171488976 3.2294077838658568 -8.876070861816407 3.0783098897108667 12.286866195466784 17.483412664476784 3.4557935317357384 -7.9067361330986019
leaf_weight=4261 1777 56 1380 23 184 1905 1514 523 1114 4954 54 569 23 170 226 111 2504 40 21 383 72 38 685 409 1579 68 20 402 20 42 24 27 1941 206 59 21 22 28 98 70 25 41 58 22 122 20 40 34 55 133 22 28 41 20 2157 828 20 260 90 112 78 40
leaf_count=4261 1777 56 1380 23 184 1905 1514 523 1114 4954 54 569 23 170 226 111 2504 40 21 383 72 38 685 409 1579 68 20 402 20 42 24 27 1941 206 59 21 22 28 98 70 25 41 58 22 122 20 40 34 55 133 22 28 41 20 2157 828 20 260 90 112 78 40
internal_value=-0.0225411 4.0669 -1.37107 1.29248 3.42992 0.96631 1.66553 -2.50163 -1.71806 -2.52343 10.4705 5.78322 22.7986 5.17268 -0.996685 10.006 -0.190954 30.6002 18.5534 3.0957 38.3355 14.997 8.86845 2.56278 2.03282 10.522 15.8771 5.96022 9.87992 14.7421 3.71714 2.57836 1.74155 13.0251 6.96337 8.48781 -0.644822 -9.86735 12.6839 10.5412 6.65534 17.9834 15.0133 20.6268 9.53168 12.5138 11.3912 8.44232 6.17594 8.48886 4.88595 16.0854 9.72428 19.9278 -1.60798 3.01204 8.19805 -1.59846 4.11739 8.77887 11.7247 0.0334066
internal_weight=31869 7903 23966 5514 3737 7813 3425 16153 11892 10739 2389 1153 312 1651 5785 2335 4671 156 61 4276 95 156 1956 3893 3484 1247 379 709 1179 359 1383 1129 2167 317 653 544 109 50 268 118 95 142 121 80 1159 474 454 332 292 258 175 83 630 61 3537 1102 153 1774 918 254 190 64
internal_count=31869 7903 23966 5514 3737 7813 3425 16153 11892 10739 2389 1153 312 1651 5785 2335 4671 156 61 4276 95 156 1956 3893 3484 1247 379 709 1179 359 1383 1129 2167 317 653 544 109 50 268 118 95 142 121 80 1159 474 454 332 292 258 175 83 630 61 3537 1102 153 1774 918 254 190 64
is_linear=0
shrinkage=0.05


Tree=61
num_leaves=63
num_cat=0
split_feature=35 40 40 40 40 35 40 25 9 35 40 40 40 35 2 9 35 40 9 40 5 32 36 34 5 25 5 18 35 36 35 32 7 35 36 35 36 32 32 35 36 40 40 9 34 22 5 32 8 18 32 36 36 35 38 32 35 32 2 35 34 35
split_gain=6.34452e+07 5.06867e+07 2.28626e+07 1.91248e+07 4.61025e+07 1.5461e+07 1.41537e+07 1.06793e+07 9.76919e+06 8.044e+06 7.50403e+06 2.04668e+07 7.51641e+06 6.8553e+06 6.51617e+06 5.6298e+06 5.17974e+06 4.79799e+06 4.45616e+06 4.19942e+06 4.08874e+06 5.28106e+06 3.52289e+06 3.38096e+06 3.36224e+06 3.33044e+06 3.98943e+06 3.98833e+06 3.93256e+06 3.90054e+06 3.27552e+06 4.02773e+06 3.38626e+06 3.25558e+06 3.22284e+06 3.16362e+06 3.01632e+06 5.09527e+06 3.88966e+06 3.52951e+06 2.9783e+06 2.94068e+06 4.24074e+06 4.06085e+06 4.10318e+06 3.3416e+06 3.01332e+06 2.88367e+06 2.64913e+06 2.97751e+06 3.99464e+06 3.16185e+06 2.5472e+06 2.53376e+06 2.52444e+06 2.52011e+06 2.51819e+06 2.45631e+06 2.37488e+06 2.34203e+06 3.14383e+06 3.02787e+06
threshold=717.95000000000016 5.5000000000000009 5.5000000000000009 1.0000000180025095e-35 1.5000000000000002 307.85000000000008 4.5000000000000009 1.0000000180025095e-35 1.0000000180025095e-35 1455.95 1.0000000180025095e-35 1.5000000000000002 4.5000000000000009 933.35000000000025 1.0000000180025095e-35 1.0000000180025095e-35 257.45000000000005 2.5000000000000004 1.0000000180025095e-35 3.5000000000000004 1.0000000180025095e-35 229.65000000000001 453.55000000000007 419.85000000000008 1.0000000180025095e-35 1.0000000180025095e-35 1.0000000180025095e-35 1.0000000180025095e-35 1249.5000000000002 336.48750000000007 949.45000000000016 152.35000000000005 1.0000000180025095e-35 806.05000000000007 211.48750000000004 1313.1500000000003 390.78333333333336 352.45000000000005 402.85000000000008 867.25000000000011 334.03333333333336 2.5000000000000004 3.5000000000000004 1.0000000180025095e-35 185.55000000000004 1.0000000180025095e-35 1.0000000180025095e-35 460.75000000000006 1.0000000180025095e-35 1.0000000180025095e-35 177.55000000000004 268.21666666666675 171.71250000000003 1455.95 1.0000000180025095e-35 109.25000000000001 121.05000000000001 350.45000000000005 1.0000000180025095e-35 909.35000000000014 192.25000000000003 860.05000000000007
decision_type=2 2 2 2 2 2 2 2 2 2 2 2 2 2 2 2 2 2 2 2 2 2 2 2 2 2 2 2 2 2 2 2 2 2 2 2 2 2 2 2 2 2 2 2 2 2 2 2 2 2 2 2 2 2 2 2 2 2 2 2 2 2
left_child=2 3 7 -2 13 56 14 8 10 15 -1 16 17 48 41 22 -12 -13 24 52 21 -15 25 -11 -7 26 27 28 30 -30 32 55 -3 -28 -20 47 37 54 -39 -40 -10 -6 43 -43 -45 46 -44 -17 49 50 -5 -52 -19 58 -27 -32 -4 -23 -8 61 -61 -35
right_child=1 9 5 4 6 18 53 -9 40 23 11 12 -14 20 -16 35 -18 19 34 -21 -22 57 -24 -25 -26 36 33 -29 29 -31 31 -33 -34 59 -36 -37 -38 38 39 -41 -42 42 45 44 -46 -47 -48 -49 -50 -51 51 -53 -54 -55 -56 -57 -58 -59 -60 60 -62 -63
leaf_value=-5.0438370177692189 -3.0423961694002757 4.3512145505912265 -3.1955318305083296 30.24174090491401 -1.6854075121371885 1.9311784118328383 -2.689433722278793 2.1637396183843611 0.70746170757103621 17.835255928039551 -0.17450104866256105 -5.0172586486612625 -4.6766542840805405 51.780094286600757 12.049747061907356 12.373846092603937 7.2866098810023949 -1.3641740081121596 3.0602040581319527 -2.5655936145913874 14.805821999123223 16.703373013120707 26.360768394117002 43.013215001424157 6.7232812821865089 6.5944300181070963 2.6510169349610808 0.57768854960685478 5.322598438878213 -22.586341685340518 7.8792236558852657 14.114838114371222 13.707327287479982 13.590069653437689 12.271930570985997 34.437379589080813 -3.7535612945556647 35.06380820274353 33.238893981206985 9.143003002513538 8.0801881019771109 5.7531251636662883 1.0654634199387423 9.9557552965248348 31.442941862164123 -16.403529787063601 10.339797282446 26.316195690064205 -1.4211141194986261 33.317481563402261 -1.7758167452928497 17.743430787041074 2.3587735578694535 7.6688005819916727 25.103970918201266 -14.885866622924807 -0.46047050403828288 33.958375360748981 2.5522284822670493 6.3549444507611428 21.127970286484423 34.342097544670104
leaf_weight=3662 1777 536 1380 27 226 3484 1448 1199 952 30 376 943 4262 30 268 317 610 834 174 2132 38 33 27 24 409 150 64 262 31 21 31 310 118 39 209 20 25 40 21 55 160 399 528 68 33 24 105 42 23 23 41 42 1023 72 21 20 2157 55 254 95 58 32
leaf_count=3662 1777 536 1380 27 226 3484 1448 1199 952 30 376 943 4262 30 268 317 610 834 174 2132 38 33 27 24 409 150 64 262 31 21 31 310 118 39 209 20 25 40 21 55 160 399 528 68 33 24 105 42 23 23 41 42 1023 72 21 20 2157 55 254 95 58 32
internal_value=-0.021414 3.86355 -1.30252 1.22785 3.25842 0.917994 1.58225 -2.37655 -2.74058 9.94695 -3.10281 -2.40457 -3.13876 21.6587 4.91405 9.50573 4.4414 -1.80978 2.94092 -1.05153 29.0702 33.6638 8.42502 29.0255 2.43464 8.17398 7.26139 6.10526 7.46255 -5.94832 8.14961 11.9727 6.03932 12.5964 8.08697 15.0832 12.9037 14.3546 22.4434 15.8011 1.76829 3.53128 4.55027 8.02021 16.9763 1.90953 2.60386 14.005 14.2472 16.9567 13.5358 8.10139 0.686755 -1.51853 8.86753 -1.04826 -1.52759 27.4877 -1.90719 15.438 11.9552 22.9431
internal_weight=31869 7903 23966 5514 3737 7813 3425 16153 14954 2389 13842 10180 9194 312 1651 2335 986 4932 4276 3989 156 118 1956 54 3893 1929 1617 1329 1067 52 1015 361 654 288 383 379 312 287 116 76 1112 1383 1157 500 101 657 633 359 156 133 110 83 1857 1774 171 51 3537 88 1702 224 153 71
internal_count=31869 7903 23966 5514 3737 7813 3425 16153 14954 2389 13842 10180 9194 312 1651 2335 986 4932 4276 3989 156 118 1956 54 3893 1929 1617 1329 1067 52 1015 361 654 288 383 379 312 287 116 76 1112 1383 1157 500 101 657 633 359 156 133 110 83 1857 1774 171 51 3537 88 1702 224 153 71
is_linear=0
shrinkage=0.05


Tree=62
num_leaves=63
num_cat=0
split_feature=35 9 39 35 35 25 9 35 5 5 5 2 25 34 37 9 39 21 7 2 31 31 35 5 31 35 21 23 35 31 35 31 31 2 31 34 34 31 35 31 31 34 38 31 31 31 28 35 31 35 35 35 38 8 35 29 38 25 29 28 31 4
split_gain=5.78469e+07 1.91769e+07 1.39472e+07 1.26876e+07 8.54876e+06 7.45521e+06 7.14481e+06 6.64556e+06 5.893e+06 5.80584e+06 4.84622e+06 4.86891e+06 4.75411e+06 4.60426e+06 4.14086e+06 3.49703e+06 4.09971e+06 3.29428e+06 3.21698e+06 4.53118e+06 4.00535e+06 3.10992e+06 3.29002e+06 2.83366e+06 2.82115e+06 2.7066e+06 5.54255e+06 2.60874e+06 2.90443e+06 3.73001e+06 2.75575e+06 2.52759e+06 2.40217e+06 2.29301e+06 2.21057e+06 2.2004e+06 2.32227e+06 2.53548e+06 2.70351e+06 2.07816e+06 4.13076e+06 1.94e+06 1.78692e+06 1.7235e+06 1.75953e+06 1.82379e+06 1.70086e+06 2.24189e+06 1.64527e+06 1.94551e+06 1.83038e+06 1.62683e+06 1.6075e+06 1.66704e+06 1.76634e+06 1.67712e+06 1.46405e+06 1.40266e+06 1.37851e+06 1.32665e+06 1.30695e+06 1.2757e+06
threshold=607.45000000000016 1.0000000180025095e-35 1.0000000180025095e-35 317.75000000000006 1455.95 1.0000000180025095e-35 1.0000000180025095e-35 1155.7500000000002 1.0000000180025095e-35 1.0000000180025095e-35 1.0000000180025095e-35 1.0000000180025095e-35 1.0000000180025095e-35 305.15000000000003 1.5000000000000002 1.0000000180025095e-35 1.0000000180025095e-35 1.0000000180025095e-35 1.0000000180025095e-35 1.0000000180025095e-35 482.95000000000005 113.05000000000001 1225.1500000000003 1.0000000180025095e-35 450.45000000000005 1397.9500000000003 1.0000000180025095e-35 1.0000000180025095e-35 1170.4500000000003 388.85000000000008 1249.5000000000002 29.050000000000004 345.95000000000005 1.0000000180025095e-35 444.75000000000006 87.350000000000009 237.15000000000001 26.850000000000005 1069.4000000000003 326.15000000000003 422.05000000000007 162.50000000000003 1.0000000180025095e-35 328.15000000000003 215.95000000000002 150.65000000000001 1.0000000180025095e-35 1279.4000000000003 406.85000000000008 1044.7500000000002 1225.1500000000003 1020.4500000000002 1.0000000180025095e-35 1.0000000180025095e-35 987.70000000000016 1.0000000180025095e-35 1.0000000180025095e-35 1.0000000180025095e-35 1.0000000180025095e-35 1.0000000180025095e-35 456.45000000000005 1.0000000180025095e-35
decision_type=2 2 2 2 2 2 2 2 2 2 2 2 2 2 2 2 2 2 2 2 2 2 2 2 2 2 2 2 2 2 2 2 2 2 2 2 2 2 2 2 2 2 2 2 2 2 2 2 2 2 2 2 2 2 2 2 2 2 2 2 2 2
left_child=3 2 8 15 9 6 10 56 25 12 11 34 18 17 60 16 23 42 19 20 27 31 33 -1 61 -2 -27 -4 -29 30 -30 -14 35 -23 -5 -21 41 -38 -39 -24 -41 -37 -9 44 45 -11 47 -15 51 -50 -51 -45 53 54 55 -20 -3 -18 59 -16 -8 -7
right_child=1 7 4 5 -6 24 14 13 -10 43 -12 -13 21 46 58 -17 57 -19 52 32 -22 22 39 -25 -26 26 -28 28 29 -31 -32 -33 -34 -35 -36 36 37 38 -40 40 -42 -43 -44 48 -46 -47 -48 -49 49 50 -52 -53 -54 -55 -56 -57 -58 -59 -60 -61 -62 -63
leaf_value=-3.7628509283429716 -1.4493127556152765 7.5193441068813023 -3.9372198998554966 -2.2790352285120412 16.206265475838276 3.5227329441513984 7.3910957347581947 18.326488964374249 4.0513827113506427 5.1265731535617665 2.4817517111232026 2.3478702314969757 7.2938275695312775 28.293920593261721 2.8332896039162803 1.292736909131166 -1.7860881721932498 -8.3708356300989788 5.664693945633454 -0.90745000718728352 9.1280300726709154 4.8628810687446586 27.073432172622002 0.047195413799686288 12.118744867726377 -3.4677267640064926 25.689821582606864 -0.62257406826814021 31.343336993997749 -5.132157736558181 6.8441331863403327 -5.2458180966200656 6.7722201456542779 13.136241181353306 0.060263295364769945 4.2797631788253785 14.884376365974033 4.7350858720143636 -12.174923388316081 -2.7814211797714234 22.673687678224901 21.724339681513172 3.1601951414538969 9.9984296043176926 1.4610069164746926 14.306957434299518 35.220399875640872 14.17730497443676 11.187037841425287 -8.0967767419293519 9.9596977243423481 21.352161891243675 0.21843102359829319 -0.39046922993456201 10.463258191735246 -2.9530707277357582 2.8375719172183915 1.1106232515538037 -8.1257418142046252 -5.2475529837289026 16.63005094130834 -4.631787119396761
leaf_weight=7105 2853 1066 644 6081 135 805 189 52 649 159 846 747 64 45 546 519 2112 24 479 345 92 768 28 524 95 39 28 600 22 26 24 108 357 94 1211 30 29 60 39 30 34 34 31 74 158 82 20 75 111 32 25 55 207 117 172 64 198 521 35 56 48 51
leaf_count=7105 2853 1066 644 6081 135 805 189 52 649 159 846 747 64 45 546 519 2112 24 479 345 92 768 28 524 95 39 28 600 22 26 24 108 357 94 1211 30 29 60 39 30 34 34 31 74 158 82 20 75 111 32 25 55 207 117 172 64 198 521 35 56 48 51
internal_value=-0.0203433 3.04513 2.15788 -1.50066 3.78546 -0.281763 -0.693569 8.25178 -0.258187 3.46069 -1.11789 -1.4967 2.79885 15.7529 3.61999 -2.71153 -2.91404 7.94433 1.8519 0.809559 -0.958067 5.60859 6.72434 -3.50116 3.94412 -1.21603 8.71752 -1.66317 0.516119 10.0052 18.5611 -0.579903 3.59347 5.76508 -1.89054 1.48022 5.77058 1.88227 -1.92643 15.7122 10.7416 13.5472 12.662 7.7084 5.56174 8.25019 21.7209 19.471 10.5923 7.33129 -0.17727 14.8392 4.16131 5.14229 6.04765 4.64897 6.78597 -1.21291 1.52074 2.08158 9.26228 3.03689
internal_weight=31869 10378 8867 21491 5298 10710 9759 1511 3569 5163 8885 8039 4467 247 874 10781 10262 107 3341 2302 1408 1126 954 7629 951 2920 67 1316 672 72 46 172 894 862 7292 537 192 128 99 92 64 64 83 696 399 241 140 120 297 168 57 129 1039 832 715 543 1264 2633 637 602 237 856
internal_count=31869 10378 8867 21491 5298 10710 9759 1511 3569 5163 8885 8039 4467 247 874 10781 10262 107 3341 2302 1408 1126 954 7629 951 2920 67 1316 672 72 46 172 894 862 7292 537 192 128 99 92 64 64 83 696 399 241 140 120 297 168 57 129 1039 832 715 543 1264 2633 637 602 237 856
is_linear=0
shrinkage=0.05


Tree=63
num_leaves=63
num_cat=0
split_feature=40 32 39 36 9 40 40 40 33 36 5 33 37 37 18 33 40 40 32 25 37 36 36 32 32 40 9 32 32 36 37 9 36 37 24 27 32 32 10 25 36 36 10 36 36 21 36 5 40 36 32 32 32 33 36 18 36 36 33 37 36 40
split_gain=5.05264e+07 2.91569e+07 2.0781e+07 1.57002e+07 1.33716e+07 1.28689e+07 2.77309e+07 1.12521e+07 7.85881e+06 7.56475e+06 7.3146e+06 5.90624e+06 5.88919e+06 5.88772e+06 5.11585e+06 5.06572e+06 4.74895e+06 1.87583e+07 7.9088e+06 4.63515e+06 4.39772e+06 4.31474e+06 4.29533e+06 6.81285e+06 6.15964e+06 4.1704e+06 4.1184e+06 4.01161e+06 3.61589e+06 3.59397e+06 3.8898e+06 3.50293e+06 3.45274e+06 4.3454e+06 3.35816e+06 3.43777e+06 3.33165e+06 3.21175e+06 3.18754e+06 3.08568e+06 3.03172e+06 2.89138e+06 2.86256e+06 3.51238e+06 2.93274e+06 2.8545e+06 2.75861e+06 2.74158e+06 2.60294e+06 2.50055e+06 2.40425e+06 5.91635e+06 4.30244e+06 3.05026e+06 2.38542e+06 2.33286e+06 3.7627e+06 5.26835e+06 3.2782e+06 3.69417e+06 2.28093e+06 2.27675e+06
threshold=5.5000000000000009 65.250000000000014 1.0000000180025095e-35 241.15833333333336 1.0000000180025095e-35 1.0000000180025095e-35 1.5000000000000002 4.5000000000000009 111.75000000000001 157.21000000000004 1.0000000180025095e-35 142.65000000000001 3.5000000000000004 3.5000000000000004 1.0000000180025095e-35 303.30000000000001 1.0000000180025095e-35 1.5000000000000002 418.85000000000008 1.0000000180025095e-35 3.5000000000000004 311.45833333333337 205.71666666666673 198.15000000000001 398.85000000000008 4.5000000000000009 1.0000000180025095e-35 386.85000000000008 315.85000000000008 303.91666666666674 2.5000000000000004 1.0000000180025095e-35 354.54166666666669 4.5000000000000009 1.0000000180025095e-35 1.0000000180025095e-35 380.65000000000003 253.05000000000004 1.0000000180025095e-35 1.0000000180025095e-35 296.12500000000006 338.42000000000002 1.0000000180025095e-35 147.81250000000003 223.16250000000005 1.0000000180025095e-35 263.94166666666672 1.0000000180025095e-35 2.5000000000000004 300.81666666666672 406.45000000000005 446.55000000000007 253.05000000000004 332.7000000000001 382.3250000000001 1.0000000180025095e-35 373.58333333333343 397.11250000000013 192.05000000000004 4.5000000000000009 416.75000000000006 3.5000000000000004
decision_type=2 2 2 2 2 2 2 2 2 2 2 2 2 2 2 2 2 2 2 2 2 2 2 2 2 2 2 2 2 2 2 2 2 2 2 2 2 2 2 2 2 2 2 2 2 2 2 2 2 2 2 2 2 2 2 2 2 2 2 2 2 2
left_child=2 9 4 13 10 54 8 15 36 -2 16 14 21 -3 29 27 -1 18 20 26 -18 -10 -14 -24 -25 48 47 39 -16 45 -31 34 33 38 35 55 60 -22 -17 -8 -9 -6 43 -15 -44 -5 -47 -11 -19 -29 52 -52 -36 -54 -4 56 58 -58 -13 -60 -7 -50
right_child=1 3 5 11 41 6 7 40 12 19 -12 31 22 42 28 32 17 25 -20 -21 37 -23 23 24 -26 -27 -28 49 -30 30 -32 -33 -34 -35 50 -37 -38 -39 -40 -41 -42 -43 44 -45 -46 46 -48 -49 61 -51 51 -53 53 -55 -56 -57 57 -59 59 -61 -62 -63
leaf_value=-5.3211492912099949 -1.9783294533554558 1.3568525317302418 -3.2165757785633815 3.0231601848541447 0.95239446234057223 4.8243109272034088 -0.21210432914663807 -2.8378629511854179 1.6808074469919558 0.34903908084837237 0.44439878014647416 27.140501807717715 15.273840127989303 1.5913676712805263 7.4951472222805027 5.1091200687992036 2.4420446981751436 -5.4028964060188471 29.606518643325376 8.9594872135339791 25.782086938780708 25.591412021373884 59.982097396850591 8.0683096542358399 43.922039840532392 -5.0502849458081949 8.4493293761893327 2.9781553795022413 -7.6952461438603921 9.5608972187150165 28.112432409922281 17.371672919652994 17.150442147581543 15.85974511669343 -6.4822715647080376 -3.9475161103641287 18.328349169217624 2.2966183185577393 -7.7784116659845628 4.3307646206438299 0.8481423749649889 6.8956287800674403 3.046899784750436 9.0521467906090614 -15.177919147632743 20.696413608551026 3.9152300134301186 6.3323835312532122 -0.32257217018383944 10.904220335300153 -26.802206287384038 9.0775100619704627 3.4717652921323423 26.29134835600853 1.8434765092516674 6.3103564694641143 37.918475784195799 9.5479461415608728 9.5009043339439625 26.274874289830525 19.69893934386117 -3.1838966819253569
leaf_weight=2981 2185 1764 2098 431 1089 324 1619 1910 54 2406 1228 34 43 208 64 335 592 651 31 215 37 29 20 25 23 3242 190 242 101 486 30 206 73 83 34 34 65 24 56 486 788 252 121 653 27 50 48 208 1266 169 20 27 27 32 262 127 36 30 372 36 28 1542
leaf_count=2981 2185 1764 2098 431 1089 324 1619 1910 54 2406 1228 34 43 208 64 335 592 651 31 215 37 29 20 25 23 3242 190 242 101 486 30 206 73 83 34 34 65 24 56 486 788 252 121 653 27 50 48 208 1266 169 20 27 27 32 262 127 36 30 372 36 28 1542
internal_value=-0.0193262 2.88203 -1.38544 5.60956 -2.65771 0.499205 1.66736 0.593162 11.7958 0.262478 -3.20444 8.73805 20.1095 3.09932 6.37865 2.66705 -3.6367 -2.95676 4.93063 1.88426 3.75918 10.0351 27.6426 35.4641 25.2482 -3.76186 1.34176 1.71895 -1.80321 7.67053 10.6395 11.5507 7.02798 5.46904 10.0685 11.5422 7.92803 16.5419 3.26334 0.836748 -1.7613 2.06924 6.14562 7.24978 -0.277898 4.77454 12.4771 0.825143 -2.55427 6.23729 3.02652 -6.19045 7.68455 15.8485 -2.65482 12.3715 13.8868 25.0228 12.224 10.981 6.00752 -1.89386
internal_weight=31869 10202 21667 4998 12935 8732 6372 5761 611 5204 11594 2225 194 2773 1210 3063 10366 7385 684 3019 653 83 111 68 48 6701 2804 2516 165 1045 516 1015 547 474 809 669 417 61 391 2105 2698 1341 1009 861 148 529 98 2614 3459 411 140 47 93 59 2360 635 508 66 442 408 352 2808
internal_count=31869 10202 21667 4998 12935 8732 6372 5761 611 5204 11594 2225 194 2773 1210 3063 10366 7385 684 3019 653 83 111 68 48 6701 2804 2516 165 1045 516 1015 547 474 809 669 417 61 391 2105 2698 1341 1009 861 148 529 98 2614 3459 411 140 47 93 59 2360 635 508 66 442 408 352 2808
is_linear=0
shrinkage=0.05


Tree=64
num_leaves=63
num_cat=0
split_feature=39 36 5 25 31 2 34 36 36 31 33 32 31 33 36 32 21 23 32 34 36 31 7 34 33 34 31 7 6 34 34 33 33 33 31 34 36 31 32 33 23 31 33 36 36 6 37 33 32 33 23 4 36 24 36 31 5 36 34 11 36 31
split_gain=3.68015e+07 1.55437e+07 1.39018e+07 9.64373e+06 8.99114e+06 6.93642e+06 5.64329e+06 4.66036e+06 4.53775e+06 4.40113e+06 3.80822e+06 3.78314e+06 4.4522e+06 5.47898e+06 3.73692e+06 3.6905e+06 3.22182e+06 3.0357e+06 2.91395e+06 2.8753e+06 2.86515e+06 3.6573e+06 2.85895e+06 2.49786e+06 2.39055e+06 2.77529e+06 2.337e+06 2.30899e+06 2.99139e+06 2.28113e+06 2.27478e+06 3.79108e+06 2.81056e+06 2.50847e+06 2.25928e+06 2.21301e+06 2.20602e+06 2.09249e+06 2.26052e+06 2.03249e+06 2.01497e+06 1.98735e+06 1.89256e+06 1.82759e+06 3.2916e+06 1.76152e+06 1.75884e+06 1.74093e+06 1.73847e+06 2.31212e+06 1.92121e+06 1.71732e+06 2.60856e+06 1.68871e+06 1.74817e+06 1.65081e+06 1.629e+06 2.26461e+06 1.85064e+06 1.76922e+06 1.73462e+06 1.59914e+06
threshold=1.0000000180025095e-35 185.05833333333337 1.0000000180025095e-35 1.0000000180025095e-35 374.55000000000007 1.0000000180025095e-35 123.30000000000003 323.02500000000003 364.8250000000001 464.85000000000008 291.45000000000005 384.95000000000005 187.85000000000005 353.65000000000003 194.51250000000002 456.35000000000008 1.0000000180025095e-35 1.0000000180025095e-35 274.55000000000007 407.7000000000001 291.51250000000005 450.45000000000005 1.0000000180025095e-35 302.95000000000005 293.25000000000006 209.85000000000005 361.85000000000008 1.0000000180025095e-35 1.0000000180025095e-35 440.00000000000006 417.35000000000008 372.05000000000007 220.05000000000004 155.05000000000004 138.15000000000001 273.55000000000007 226.32916666666668 460.75000000000006 288.55000000000007 267.55000000000007 1.0000000180025095e-35 484.75000000000006 457.35000000000008 298.01666666666671 327.63333333333338 1.0000000180025095e-35 4.5000000000000009 237.25000000000003 401.15000000000003 207.65000000000001 1.0000000180025095e-35 1.0000000180025095e-35 336.48750000000007 1.0000000180025095e-35 303.91666666666674 60.550000000000004 1.0000000180025095e-35 235.65833333333336 467.85000000000008 1.0000000180025095e-35 318.92500000000001 261.45000000000005
decision_type=2 2 2 2 2 2 2 2 2 2 2 2 2 2 2 2 2 2 2 2 2 2 2 2 2 2 2 2 2 2 2 2 2 2 2 2 2 2 2 2 2 2 2 2 2 2 2 2 2 2 2 2 2 2 2 2 2 2 2 2 2 2
left_child=2 35 4 5 10 11 8 16 -7 55 45 19 -13 48 -4 23 40 22 -10 27 -17 -22 -15 -6 47 61 -19 37 -29 51 -21 32 33 -32 36 -2 -18 -3 -39 -30 -5 -40 -36 -25 -45 -1 -16 -9 49 50 -14 -12 -53 -50 -55 -8 58 -58 59 -57 -59 -26
right_child=1 3 14 7 15 6 9 24 18 -11 29 12 13 17 46 20 34 26 -20 30 21 -23 -24 43 25 -27 -28 28 39 -31 31 -33 -34 -35 42 -37 -38 38 41 -41 -42 -43 -44 44 -46 -47 -48 -49 53 -51 -52 52 -54 54 -56 56 57 60 -60 -61 -62 -63
leaf_value=-2.9468654025047183 -0.94156230042378108 -1.3157857188357223 -0.33971765170847085 2.8041391160577191 -0.22404416234282395 2.1100634042857509 18.519118942712485 8.6276585161943462 4.3135286642445463 28.948991225505701 -1.1669136937051003 -0.48334480738969304 -0.34547966166240412 -1.3329924302942615 3.7256836639653201 26.135983523130417 8.9537561440467837 35.236560199878838 13.666114295326896 22.114463306608656 -1.2558304022340214 18.828450513937895 18.170656726473855 2.0341006402616149 -1.7138347285134452 25.126227856179081 12.99689746584211 1.2158815004828405 2.4437835368372145 11.467119408872996 0.069116995974284848 17.552977160045081 -7.9456414647269673 20.997791493480857 9.9035756178911303 5.238683027700084 -8.6593384742736816 1.1444417826405593 4.9953033129374189 17.363754695892336 10.24842225108484 24.969685211181641 25.909911193847655 30.478079204559329 1.7918661689758304 -0.87204973354460069 12.494004430770875 -6.1128320784795855 4.1175857720124096 25.207800811812991 17.970237066529016 1.4948796669479278 16.767551627484234 7.5104827785491954 -10.449998874891373 5.084124744826175 27.916446032978243 0.42552481273124959 -8.3036425677212815 17.976206509913169 19.29448759896415 13.676458440824996
leaf_weight=10988 3555 2038 733 1111 3527 1291 38 434 180 29 846 398 41 34 1222 20 40 27 155 21 68 34 42 54 21 48 21 1271 42 44 41 42 57 22 241 151 32 245 33 50 99 20 20 20 20 1128 60 21 475 21 22 183 33 20 42 188 21 29 22 31 21 86
leaf_count=10988 3555 2038 733 1111 3527 1291 38 434 180 29 846 398 41 34 1222 20 40 27 155 21 68 34 42 54 21 48 21 1271 42 44 41 42 57 22 241 151 32 245 33 50 99 20 20 20 20 1128 60 21 475 21 22 183 33 20 42 188 21 29 22 31 21 86
internal_value=-0.0183599 2.04349 -1.41853 3.14655 -1.88488 2.24985 4.73625 6.07445 3.45558 10.2306 -2.49732 1.25777 3.78609 6.06695 2.5079 0.278527 4.6118 15.6626 8.64084 0.513339 8.83189 5.43893 9.44534 -0.00965574 9.77423 15.1371 25.5067 0.21067 1.84608 0.311245 6.63122 4.62413 0.0990304 7.37754 8.967 -0.68975 1.12571 -0.743555 3.16989 10.5525 3.41322 12.5328 11.1301 8.03447 16.135 -2.7537 4.13606 7.94733 4.1509 10.8398 6.05048 -0.150957 3.8282 3.10459 -4.6563 8.6797 7.48131 14.1376 5.52032 6.90903 8.35049 10.6559
internal_weight=31869 12889 18980 9183 16965 7030 2005 2153 1626 379 13222 5025 1143 745 2015 3743 1543 124 335 3882 122 102 76 3621 610 155 48 3699 1363 1106 183 162 120 63 333 3706 72 2336 298 92 1210 53 261 94 40 12116 1282 455 621 84 63 1062 216 537 62 350 312 71 241 219 50 107
internal_count=31869 12889 18980 9183 16965 7030 2005 2153 1626 379 13222 5025 1143 745 2015 3743 1543 124 335 3882 122 102 76 3621 610 155 48 3699 1363 1106 183 162 120 63 333 3706 72 2336 298 92 1210 53 261 94 40 12116 1282 455 621 84 63 1062 216 537 62 350 312 71 241 219 50 107
is_linear=0
shrinkage=0.05


Tree=65
num_leaves=63
num_cat=0
split_feature=35 40 40 40 40 35 35 40 40 40 35 31 32 34 36 31 37 39 32 9 31 36 29 9 31 35 33 9 35 35 39 5 39 25 33 39 32 34 34 33 31 32 29 32 31 35 36 35 18 32 7 36 28 33 37 35 18 32 13 34 31 35
split_gain=5.00843e+07 5.24981e+07 1.94047e+07 4.05161e+07 1.99439e+07 1.28353e+07 1.03246e+07 7.21423e+06 8.44877e+06 6.56846e+06 5.50115e+06 5.0132e+06 6.39758e+06 5.86393e+06 4.61254e+06 6.02705e+06 6.3579e+06 4.30219e+06 4.72916e+06 4.27693e+06 3.91899e+06 3.75458e+06 3.80443e+06 3.67484e+06 4.27667e+06 3.67374e+06 3.55516e+06 3.40606e+06 3.23853e+06 3.19454e+06 3.90691e+06 3.07049e+06 3.51017e+06 3.04269e+06 2.97654e+06 2.97415e+06 2.81852e+06 3.38036e+06 3.33115e+06 3.79936e+06 2.68364e+06 2.63855e+06 4.05773e+06 2.63735e+06 2.6058e+06 2.59576e+06 2.5915e+06 2.56267e+06 3.11799e+06 2.61549e+06 2.55018e+06 2.4692e+06 2.46687e+06 2.42881e+06 3.38722e+06 2.64667e+06 2.48092e+06 2.39243e+06 5.16069e+06 5.07746e+06 3.5848e+06 3.41686e+06
threshold=434.4500000000001 5.5000000000000009 1.0000000180025095e-35 1.5000000000000002 4.5000000000000009 832.35000000000025 753.45000000000016 2.5000000000000004 3.5000000000000004 5.5000000000000009 1397.9500000000003 131.65000000000001 378.65000000000003 173.65000000000001 311.45833333333337 410.45000000000005 4.5000000000000009 1.0000000180025095e-35 444.35000000000008 1.0000000180025095e-35 304.35000000000008 403.42500000000001 1.0000000180025095e-35 1.0000000180025095e-35 414.45000000000005 133.35000000000005 1.0000000180025095e-35 1.0000000180025095e-35 667.90000000000009 548.05000000000007 1.0000000180025095e-35 1.0000000180025095e-35 1.0000000180025095e-35 1.0000000180025095e-35 459.35000000000008 1.0000000180025095e-35 331.75000000000006 352.2000000000001 235.35000000000005 407.65000000000003 361.85000000000008 314.05000000000007 1.0000000180025095e-35 450.65000000000003 302.05000000000007 1044.7500000000002 327.63333333333338 958.55000000000007 1.0000000180025095e-35 100.55000000000001 1.0000000180025095e-35 302.3633333333334 1.0000000180025095e-35 303.30000000000001 4.5000000000000009 1069.4000000000003 1.0000000180025095e-35 181.65000000000001 1.0000000180025095e-35 3.8500000000000001 335.95000000000005 1110.2000000000003
decision_type=2 2 2 2 2 2 2 2 2 2 2 2 2 2 2 2 2 2 2 2 2 2 2 2 2 2 2 2 2 2 2 2 2 2 2 2 2 2 2 2 2 2 2 2 2 2 2 2 2 2 2 2 2 2 2 2 2 2 2 2 2 2
left_child=9 2 -2 6 7 33 26 -5 10 27 23 -8 14 40 15 16 44 -10 47 31 -20 22 36 53 -25 -11 29 35 -28 -4 -31 32 57 52 41 -1 37 38 39 -21 -14 42 -34 -38 -13 -44 -32 -19 49 -49 -33 -36 -3 55 56 -9 -55 60 59 61 -7 -59
right_child=1 5 3 4 -6 19 11 8 17 25 -12 12 13 -15 -16 -17 -18 18 20 21 -22 -23 -24 24 -26 -27 28 -29 -30 30 46 50 34 -35 51 -37 43 -39 -40 -41 -42 -43 45 -45 -46 -47 -48 48 -50 -51 -52 -53 -54 54 -56 -57 -58 58 -60 -61 -62 -63
leaf_value=-3.5192905573874969 -3.1457095221561548 4.3431978951466617 7.1857574021053869 -2.0243067224247335 -2.4205232852736689 -17.121982143353673 3.6303778648376466 4.6320306423497426 -1.2486890094214447 -2.6739449070392576 30.046042836189272 17.611662197113038 37.309493958950043 56.439800008138029 0.91203852759467241 39.065318503099334 36.719813520258121 0.86846610278852521 6.2233291782744944 33.333413219451906 25.251220392626387 35.570771744137723 1.0109422099833585 8.9050088328374937 27.414079680442811 0.22693907073370734 6.3997050158249644 0.9518465410546737 -9.913957564775334 29.555898111516782 18.566613876819613 15.432463064002045 1.3292905949227822 8.4368378422310411 26.099982693990075 -1.5992490411150537 5.3981417668660487 34.41288696753012 -0.94618111564999541 5.5531205749511727 17.988613377547846 10.814536982174069 7.5566029936075214 21.428514358324882 -4.0412177367643878 29.867285927859218 -3.7257342598655008 21.451088855380107 24.515396444002789 2.4129404494073246 1.5919951817928217 10.432308611953468 -0.15809535033460978 9.2100454098997062 22.140826012558406 -10.471818774541219 -6.8455406188964849 5.6659387775690728 -17.708780375393953 17.039859896120817 4.309367975234986 -12.788585255940756
leaf_weight=7032 3366 2585 172 624 3507 32 39 874 770 1524 25 24 32 21 36 34 22 589 73 32 43 21 49 142 40 3845 104 587 43 44 32 227 217 405 45 2828 75 37 21 20 41 387 32 39 33 22 22 21 24 128 39 57 345 171 45 30 28 153 22 92 50 30
leaf_count=7032 3366 2585 172 624 3507 32 39 874 770 1524 25 24 32 21 36 34 22 589 73 32 43 21 49 142 40 3845 104 587 43 44 32 227 217 405 45 2828 75 37 21 20 41 387 32 39 33 22 22 21 24 128 39 57 345 171 45 30 28 153 22 92 50 30
internal_value=-0.015373 1.93565 0.0292702 1.39362 0.268004 6.17672 12.8817 2.86758 3.88408 -2.01784 6.80889 20.2712 22.9419 33.1561 16.4981 21.4635 13.888 1.47927 3.87168 9.71399 13.2768 15.1981 13.6309 6.3721 12.9729 -0.596482 7.88452 -2.74831 1.62768 11.291 18.4962 8.56644 7.43686 4.37468 9.39699 -2.96859 16.3916 22.1013 15.8611 22.6487 26.458 8.16501 4.38136 10.8822 5.07578 16.6461 9.48455 2.43993 7.79017 5.09617 13.4032 17.3445 3.81318 5.32563 9.75238 4.1308 6.95097 3.50625 5.59362 7.45781 -4.05409 2.64061
internal_weight=32049 16233 11199 7833 7134 5034 699 3627 3003 15816 1355 282 243 94 149 113 79 1648 878 1699 116 294 273 1330 182 5369 417 10447 147 270 98 1405 1139 3335 760 9860 224 110 73 52 73 658 271 114 57 54 54 762 173 149 266 102 2930 1148 244 904 199 379 297 275 82 183
internal_count=32049 16233 11199 7833 7134 5034 699 3627 3003 15816 1355 282 243 94 149 113 79 1648 878 1699 116 294 273 1330 182 5369 417 10447 147 270 98 1405 1139 3335 760 9860 224 110 73 52 73 658 271 114 57 54 54 762 173 149 266 102 2930 1148 244 904 199 379 297 275 82 183
is_linear=0
shrinkage=0.05


Tree=66
num_leaves=63
num_cat=0
split_feature=35 40 40 40 40 35 35 40 40 40 31 35 31 32 34 36 31 36 9 39 32 31 9 31 34 33 36 29 9 25 35 39 18 25 35 5 39 33 35 32 32 34 2 31 32 29 32 35 36 7 33 34 40 35 18 32 40 40 33 34 35 36
split_gain=4.52025e+07 4.72543e+07 1.74377e+07 3.57417e+07 1.83648e+07 1.19881e+07 9.84513e+06 6.71377e+06 7.51749e+06 5.83665e+06 5.23303e+06 4.97771e+06 4.52441e+06 5.77382e+06 5.29219e+06 4.16282e+06 5.43941e+06 5.73991e+06 3.85993e+06 3.83804e+06 4.24925e+06 3.53689e+06 3.52258e+06 3.935e+06 3.51315e+06 3.40964e+06 3.38851e+06 3.4335e+06 3.20593e+06 3.29365e+06 3.03567e+06 3.52599e+06 2.88635e+06 3.42632e+06 3.45883e+06 2.77112e+06 3.16793e+06 2.68633e+06 2.68315e+06 2.6285e+06 2.54371e+06 3.08195e+06 2.49322e+06 2.42199e+06 2.38129e+06 3.6621e+06 2.38021e+06 2.37174e+06 2.33883e+06 2.30153e+06 2.29945e+06 2.44988e+06 2.28794e+06 2.27555e+06 2.81399e+06 2.36048e+06 2.26239e+06 2.59828e+06 2.23309e+06 2.57228e+06 2.37362e+06 2.22845e+06
threshold=428.85000000000008 5.5000000000000009 1.0000000180025095e-35 1.5000000000000002 4.5000000000000009 832.35000000000025 753.45000000000016 2.5000000000000004 3.5000000000000004 1.0000000180025095e-35 247.15000000000001 1397.9500000000003 131.65000000000001 378.65000000000003 173.65000000000001 311.45833333333337 410.45000000000005 218.61250000000004 1.0000000180025095e-35 1.0000000180025095e-35 444.35000000000008 304.35000000000008 1.0000000180025095e-35 414.45000000000005 337.15000000000003 1.0000000180025095e-35 403.42500000000001 1.0000000180025095e-35 1.0000000180025095e-35 1.0000000180025095e-35 548.05000000000007 1.0000000180025095e-35 1.0000000180025095e-35 1.0000000180025095e-35 707.6500000000002 1.0000000180025095e-35 1.0000000180025095e-35 459.35000000000008 667.90000000000009 386.85000000000008 331.75000000000006 423.15000000000003 1.0000000180025095e-35 361.85000000000008 314.05000000000007 1.0000000180025095e-35 450.65000000000003 958.55000000000007 327.63333333333338 1.0000000180025095e-35 407.65000000000003 216.55000000000004 1.5000000000000002 958.55000000000007 1.0000000180025095e-35 100.55000000000001 1.5000000000000002 5.5000000000000009 303.30000000000001 197.55000000000004 1069.4000000000003 302.3633333333334
decision_type=2 2 2 2 2 2 2 2 2 2 2 2 2 2 2 2 2 2 2 2 2 2 2 2 2 2 2 2 2 2 2 2 2 2 2 2 2 2 2 2 2 2 2 2 2 2 2 2 2 2 2 2 2 2 2 2 2 2 2 2 2 2
left_child=9 2 -2 6 7 32 25 -5 11 -1 52 22 -8 15 43 16 17 -14 35 -10 53 -22 58 -24 -19 30 27 40 29 56 -4 -32 33 -3 -35 36 -7 44 -27 -36 41 50 -6 -15 45 -38 -42 -47 -33 -37 51 -20 -11 -21 55 -55 -12 -58 60 -60 -9 -39
right_child=1 5 3 4 42 18 12 8 19 10 28 -13 13 14 -16 -17 -18 24 26 20 21 -23 23 -25 -26 38 -28 -29 -30 -31 31 48 -34 34 39 49 37 61 -40 -41 46 -43 -44 -45 -46 47 -48 -49 -50 -51 -52 -53 -54 54 -56 -57 57 -59 59 -61 -62 -63
leaf_value=-4.0897098516356953 -2.9828696478045549 3.9956945581097978 6.63505708138148 -1.9615522514304844 -2.8257998417606736 3.3309406970610405 3.4488589286804201 4.3507803475437212 -1.1167655521898698 1.0704007851814699 3.9960867808360998 28.543740898132327 36.341990585327146 35.444019427895547 53.617810022263306 0.8664360576205784 37.112052008684941 -5.1154552254606704 32.561722170511885 0.8905877207040489 5.9121626697174499 23.988659361905832 8.5410103471962735 26.111797088530007 19.575338829040529 5.3898187177361185 33.792233078820367 0.96039490797081783 5.5734114789007085 4.9892813874803714 28.078103377602318 17.638283336162569 0.17755162335824276 6.2239195784222003 12.64100735313014 14.660839728636891 1.2628260086208996 24.79498345481025 -9.418259975522064 31.932718065510628 5.1282347857157395 38.225653403713594 1.1152673396332404 17.089182469902969 10.273809916104458 4.0983132859071096 20.357088315792573 25.186249817212424 -3.5394480618563566 1.5123956154554319 5.0684161322457451 12.518570283151442 -2.4172805739967718 20.378534101304552 23.289626733462015 2.2922934431117028 -2.2867809312966214 0.44410408150840119 6.9575965258875501 20.688017540443237 -9.9482275009155288 9.910693392837258
leaf_weight=2638 3405 2642 180 633 3099 379 39 891 780 499 232 25 20 32 21 36 34 34 30 599 73 43 143 41 25 106 21 49 237 264 44 32 414 275 76 227 217 45 43 23 75 21 461 41 387 24 39 30 22 39 28 31 8156 21 24 128 2005 1540 203 41 30 57
leaf_count=2638 3405 2642 180 633 3099 379 39 891 780 499 232 25 20 32 21 36 34 34 30 599 73 43 143 41 25 106 21 49 237 264 44 32 414 275 76 227 217 45 43 23 75 21 461 41 387 24 39 30 22 39 28 31 8156 21 24 128 2005 1540 203 41 30 57
internal_value=-0.0146044 1.81076 0.0107476 1.29389 0.244003 5.79367 12.0075 2.72337 3.69824 -1.9463 -1.50909 6.43686 19.2576 21.7948 31.4983 15.6731 20.3903 13.1936 9.22829 1.44233 3.69018 12.6129 6.02717 12.4562 5.34675 7.2193 14.4382 12.9494 -0.0785214 -0.410001 10.4903 17.5714 4.09238 4.62977 9.10895 8.13811 7.06502 8.92714 1.11635 17.1229 15.572 20.9962 -2.31545 25.1351 7.75675 4.16229 10.3381 15.8138 9.01032 12.7331 16.9308 22.3759 -2.2162 2.34945 7.40066 4.84136 -0.787393 -1.10044 5.01176 9.26476 3.88501 16.4773
internal_weight=32049 16478 11349 7944 7235 5129 709 3675 3042 15571 12933 1374 282 243 94 149 113 79 1699 1668 888 116 1349 184 59 427 294 273 4278 4041 278 98 3430 3016 374 1405 1139 760 149 99 224 110 3560 73 658 271 114 54 54 266 89 61 8655 772 173 149 3777 3545 1165 244 921 102
internal_count=32049 16478 11349 7944 7235 5129 709 3675 3042 15571 12933 1374 282 243 94 149 113 79 1699 1668 888 116 1349 184 59 427 294 273 4278 4041 278 98 3430 3016 374 1405 1139 760 149 99 224 110 3560 73 658 271 114 54 54 266 89 61 8655 772 173 149 3777 3545 1165 244 921 102
is_linear=0
shrinkage=0.05


Tree=67
num_leaves=63
num_cat=0
split_feature=35 40 40 40 40 35 35 40 40 40 35 35 39 32 31 36 32 31 36 31 35 4 33 35 34 31 31 40 40 40 40 2 33 35 18 35 39 35 28 36 36 33 35 10 40 31 35 2 32 31 5 7 35 32 32 35 18 32 36 32 33 5
split_gain=4.08347e+07 4.27834e+07 1.58128e+07 3.30438e+07 1.62364e+07 1.04419e+07 8.39062e+06 5.86949e+06 6.89265e+06 5.62489e+06 4.48026e+06 4.11696e+06 3.5061e+06 3.85393e+06 3.19904e+06 3.9208e+06 4.04855e+06 4.32732e+06 8.74083e+06 3.19742e+06 3.1141e+06 3.04051e+06 2.88356e+06 2.85414e+06 3.93074e+06 5.69011e+06 6.63979e+06 2.75439e+06 6.19604e+06 3.39194e+06 3.24397e+06 2.66637e+06 3.01409e+06 2.65017e+06 2.59806e+06 2.59709e+06 3.1822e+06 2.45448e+06 2.38993e+06 3.39491e+06 2.85642e+06 2.33648e+06 2.76087e+06 2.3361e+06 2.30951e+06 2.19664e+06 2.54313e+06 2.17991e+06 2.1725e+06 2.14652e+06 2.14374e+06 3.10766e+06 2.33136e+06 2.17654e+06 3.16112e+06 2.0895e+06 2.53963e+06 2.13033e+06 2.08172e+06 2.00176e+06 2.45304e+06 1.97342e+06
threshold=434.4500000000001 5.5000000000000009 1.0000000180025095e-35 1.5000000000000002 4.5000000000000009 832.35000000000025 753.45000000000016 2.5000000000000004 3.5000000000000004 5.5000000000000009 1397.9500000000003 1313.1500000000003 1.0000000180025095e-35 444.35000000000008 131.65000000000001 210.21250000000001 389.15000000000003 410.45000000000005 311.45833333333337 234.65000000000001 133.35000000000005 1.0000000180025095e-35 1.0000000180025095e-35 1313.1500000000003 450.80000000000001 382.95000000000005 436.65000000000003 4.5000000000000009 1.0000000180025095e-35 1.5000000000000002 2.5000000000000004 1.0000000180025095e-35 279.65000000000003 667.90000000000009 1.0000000180025095e-35 548.05000000000007 1.0000000180025095e-35 587.85000000000014 1.0000000180025095e-35 232.25833333333335 212.78750000000005 1.7500000000000002 1055.7500000000002 1.0000000180025095e-35 3.5000000000000004 54.150000000000013 741.05000000000007 1.0000000180025095e-35 314.05000000000007 162.95000000000002 1.0000000180025095e-35 1.0000000180025095e-35 860.05000000000007 251.15000000000001 335.75000000000006 958.55000000000007 1.0000000180025095e-35 100.55000000000001 313.22500000000008 390.65000000000003 328.85000000000008 1.0000000180025095e-35
decision_type=2 2 2 2 2 2 2 2 2 2 2 2 2 2 2 2 2 2 2 2 2 2 2 2 2 2 2 2 2 2 2 2 2 2 2 2 2 2 2 2 2 2 2 2 2 2 2 2 2 2 2 2 2 2 2 2 2 2 2 2 2 2
left_child=9 2 -2 6 7 34 22 -5 10 27 31 14 -10 55 -8 -16 17 21 -19 -15 -11 -17 35 50 25 -25 -27 28 -1 -30 -31 43 -33 -24 37 -4 -37 -3 40 -40 45 -18 -43 -9 -32 46 -39 61 -38 -42 -7 52 -52 -54 -55 -14 57 -57 -51 -56 -61 -6
right_child=1 5 3 4 47 23 11 8 12 20 -12 -13 13 19 15 16 41 18 -20 -21 -22 -23 33 24 -26 26 -28 -29 29 30 44 32 -34 -35 -36 36 48 38 39 -41 49 42 -44 -45 -46 -47 -48 -49 -50 58 51 -53 53 54 59 56 -58 -59 -60 60 -62 -63
leaf_value=-3.8629215698083188 -2.8392805677442414 3.0617693266508503 6.4947168003681099 -1.8250137676078921 -3.1576993415492907 7.3044958294606452 2.7352020701846564 5.8061625929176808 -1.1304162282990171 -2.4193836242454299 27.116553695678711 36.8608713220667 0.78051342271483415 3.5367096967864455 36.857947936424843 -4.0706794977188112 14.884512180884679 38.848331451416016 -3.8249276351928714 20.141572310560843 0.25142127387409713 18.996393070816993 5.8102289685836208 -6.6915612307461831 28.638922062152769 37.130140955107557 4.6657795217302107 -3.7118143877485807 2.1986950552944715 -4.3999735068779531 0.75424327422170201 7.1798877120927997 21.127098223946312 -8.9473466340885608 0.20791971273445675 26.674198081276632 20.202944946289065 5.0928102660179135 7.773515197562034 -5.5418532942781358 2.053053662765806 45.377075687321756 19.709135932922365 -0.48554755298570651 -2.013697620399856 2.304015656232834 26.580004555838453 1.0365405898060267 -0.078657753236832162 12.402074688777589 -1.1324776389382103 -0.88491639479612694 23.183543631860189 -1.1474412860292378 26.798384816718823 19.359607151576455 22.125145147989194 2.1776787002105267 6.8047863285792509 5.5729785919189458 24.507643228310808 0.6261342979647746
leaf_weight=2677 3366 1503 172 624 2654 1288 37 970 770 1524 25 27 589 57 26 50 30 30 20 59 3845 20 104 33 41 28 36 3229 768 746 1416 131 55 43 407 44 23 40 91 101 107 22 20 174 1611 400 21 457 31 342 22 39 70 33 33 21 24 128 323 50 26 396
leaf_count=2677 3366 1503 172 624 2654 1288 37 970 770 1524 25 27 589 57 26 50 30 30 20 59 3845 20 104 33 41 28 36 3229 768 746 1416 131 55 43 407 44 23 40 91 101 107 22 20 174 1611 400 21 457 31 342 22 39 70 33 33 21 24 128 323 50 26 396
internal_value=-0.0138742 1.7478 0.0268256 1.25845 0.241914 5.57642 11.6332 2.58745 3.50433 -1.822 6.1461 18.2947 1.33225 3.49199 16.3289 18.6361 16.1685 10.5445 21.779 11.9823 -0.506691 2.51991 7.12833 8.76688 15.6593 10.1731 18.8689 -2.49797 -1.95496 -0.830179 -1.44671 5.75192 11.3041 1.49339 3.95105 10.1962 16.6928 4.47136 5.9581 0.769077 6.76612 25.5419 33.1542 4.84921 -0.718883 3.65184 12.49 -2.18389 8.5598 8.62582 8.15755 12.1822 14.3601 15.9678 12.4108 2.1995 7.03062 4.59929 9.68339 16.5155 12.0506 -2.66642
internal_weight=32049 16233 11199 7833 7134 5034 699 3627 3003 15816 1355 282 1648 878 255 218 192 120 50 116 5369 70 417 1699 138 97 64 10447 7218 4541 3773 1330 186 147 3335 270 98 2928 1425 192 1233 72 42 1144 3027 461 61 3507 54 772 1561 273 234 212 142 762 173 149 665 109 76 3050
internal_count=32049 16233 11199 7833 7134 5034 699 3627 3003 15816 1355 282 1648 878 255 218 192 120 50 116 5369 70 417 1699 138 97 64 10447 7218 4541 3773 1330 186 147 3335 270 98 2928 1425 192 1233 72 42 1144 3027 461 61 3507 54 772 1561 273 234 212 142 762 173 149 665 109 76 3050
is_linear=0
shrinkage=0.05


Tree=68
num_leaves=63
num_cat=0
split_feature=35 40 40 40 40 35 35 33 31 33 9 39 35 21 9 39 35 40 5 9 35 35 35 33 31 33 23 33 40 40 2 9 39 9 35 32 31 23 31 33 33 9 35 5 39 32 32 31 31 32 31 35 33 35 31 33 31 32 32 13 34 35
split_gain=3.68639e+07 3.84948e+07 1.42036e+07 2.90782e+07 1.49729e+07 9.75611e+06 8.14959e+06 9.38946e+06 6.38505e+06 1.00916e+07 6.16568e+06 5.24507e+06 4.93856e+06 4.9337e+06 4.89158e+06 5.62742e+06 4.09932e+06 3.87584e+06 3.52929e+06 3.50075e+06 3.417e+06 3.29147e+06 3.22139e+06 2.58796e+06 2.53294e+06 3.79254e+06 2.50844e+06 2.98437e+06 4.22746e+06 2.48224e+06 2.45976e+06 2.43868e+06 2.71813e+06 2.41463e+06 2.41348e+06 2.31533e+06 2.28882e+06 2.67064e+06 2.24876e+06 3.73975e+06 3.11195e+06 2.13091e+06 2.07476e+06 2.06201e+06 2.36835e+06 2.17649e+06 3.00486e+06 2.17265e+06 6.61666e+06 4.67233e+06 4.07357e+06 2.92046e+06 4.61468e+06 3.2172e+06 3.74332e+06 2.49606e+06 2.47041e+06 2.06163e+06 2.05682e+06 4.62855e+06 4.6322e+06 4.50209e+06
threshold=428.85000000000008 5.5000000000000009 1.0000000180025095e-35 1.5000000000000002 4.5000000000000009 832.35000000000025 1110.2000000000003 451.15000000000003 450.45000000000005 399.55000000000007 1.0000000180025095e-35 1.0000000180025095e-35 741.05000000000007 1.0000000180025095e-35 1.0000000180025095e-35 1.0000000180025095e-35 978.05000000000007 2.5000000000000004 1.0000000180025095e-35 1.0000000180025095e-35 1055.7500000000002 967.45000000000016 806.05000000000007 494.35000000000008 414.45000000000005 263.65000000000003 1.0000000180025095e-35 303.30000000000001 3.5000000000000004 5.5000000000000009 1.0000000180025095e-35 1.0000000180025095e-35 1.0000000180025095e-35 1.0000000180025095e-35 1313.1500000000003 337.95000000000005 58.45000000000001 1.0000000180025095e-35 288.25000000000006 194.55000000000004 419.15000000000003 1.0000000180025095e-35 707.6500000000002 1.0000000180025095e-35 1.0000000180025095e-35 266.15000000000003 335.75000000000006 396.85000000000008 460.75000000000006 414.85000000000008 481.05000000000007 1069.4000000000003 274.45000000000005 860.05000000000007 361.85000000000008 239.35000000000005 328.15000000000003 364.45000000000005 181.65000000000001 1.0000000180025095e-35 3.8500000000000001 1110.2000000000003
decision_type=2 2 2 2 2 2 2 2 2 2 2 2 2 2 2 2 2 2 2 2 2 2 2 2 2 2 2 2 2 2 2 2 2 2 2 2 2 2 2 2 2 2 2 2 2 2 2 2 2 2 2 2 2 2 2 2 2 2 2 2 2 2
left_child=14 2 41 6 10 31 7 12 9 -8 11 -5 36 16 15 18 22 -13 -1 23 -19 35 -14 43 25 -24 27 57 -29 -17 -12 32 -3 -6 -28 -15 -4 42 39 -21 -41 -2 -38 44 58 -45 -47 51 -49 50 -50 53 -53 -46 56 -52 -55 -22 -7 60 61 -60
right_child=1 5 3 4 33 19 8 -9 -10 -11 30 17 13 21 -16 29 -18 20 -20 38 26 -23 24 -25 -26 -27 34 28 -30 -31 -32 -33 -34 -35 -36 -37 37 -39 -40 40 -42 -43 -44 45 47 46 -48 48 49 -51 55 52 -54 54 -56 -57 -58 -59 59 -61 -62 -63
leaf_value=-2.8598423719994646 -3.1345014727525724 1.717915822461594 -5.2315533488137387 -0.61300718790339115 -2.5972045830434678 -4.5367823178117925 0.013419579097202847 -23.193068434975366 50.220782966613768 40.697995581450286 6.5316043846174345 -1.5588621544459511 -1.5886877695719401 29.717095705668129 1.8897406019840695 -1.3076299904332724 -6.9596825988204394 3.5364425441817886 0.5760836711286762 -9.5545768340428676 -8.9276553967595103 43.313134892781576 -0.47931385040283203 20.716016339574541 35.213431803385419 29.226986730666386 8.7107063705270953 30.495933813133906 10.28759677373446 1.2456937508163615 18.562854717640167 7.5410677938276667 4.6977688044443608 1.2495278345365475 -11.891447900590443 9.534770024043544 7.8269680258603502 20.705512117084705 17.024791044908412 18.474561241093806 -0.43392157554626465 0.83792884751370078 -7.1342568359374994 17.236419580247667 19.51133821308613 -5.6743920059765092 10.920235344292461 -2.7508782480892382 -4.8439888238906867 32.419657806396486 29.238362856014916 -1.9812894590439336 19.586955378997715 4.6819958786309606 19.798286538510709 5.6809163397008726 -10.217550921440125 12.252415480437103 5.1737968285878502 -17.403600202907217 15.556102329751722 -16.66669662339347
leaf_weight=9667 3025 1505 35 1414 3090 77 35 22 20 27 442 315 21 30 868 2778 27 1237 810 24 20 21 22 35 21 21 44 43 65 1448 47 368 1557 470 21 27 317 38 170 68 32 380 25 90 44 34 138 152 36 25 23 31 124 213 37 22 32 27 150 22 92 28
leaf_count=9667 3025 1505 35 1414 3090 77 35 22 20 27 442 315 21 30 868 2778 27 1237 810 24 20 21 22 35 21 21 44 43 65 1448 47 368 1557 470 21 27 317 38 170 68 32 380 25 90 44 34 138 152 36 25 23 31 124 213 37 22 32 27 150 22 92 28
internal_value=-0.0131805 1.63525 0.010609 1.16866 0.221689 5.2301 10.8321 8.89347 25.6553 17.7309 2.46041 1.65806 10.0603 16.7366 -1.75763 -1.97295 10.0128 3.4703 -2.5942 8.32854 4.55759 26.3914 15.404 7.29031 20.9797 14.0284 10.2992 13.7567 18.3335 -0.432757 7.68798 3.69534 3.23314 -2.08935 2.05463 20.157 7.00361 8.13053 13.2901 8.16996 12.4238 -2.69118 6.73331 6.94732 6.00405 10.9364 7.6399 7.63753 3.9358 13.5242 7.69233 9.62308 15.2733 6.93662 4.97461 17.7214 2.73593 3.23962 2.73266 4.6496 6.44653 1.73821
internal_weight=32049 16478 11349 7944 7235 5129 709 627 82 62 3675 3186 605 190 15571 14703 112 1772 10477 1699 1457 78 85 1405 64 43 220 155 108 4226 489 3430 3062 3560 65 57 415 380 294 124 100 3405 342 1370 1108 262 172 739 258 106 81 481 155 326 282 45 245 47 369 292 270 178
internal_count=32049 16478 11349 7944 7235 5129 709 627 82 62 3675 3186 605 190 15571 14703 112 1772 10477 1699 1457 78 85 1405 64 43 220 155 108 4226 489 3430 3062 3560 65 57 415 380 294 124 100 3405 342 1370 1108 262 172 739 258 106 81 481 155 326 282 45 245 47 369 292 270 178
is_linear=0
shrinkage=0.05


Tree=69
num_leaves=63
num_cat=0
split_feature=40 33 9 25 36 2 34 40 40 32 40 40 9 33 34 33 36 40 36 9 36 36 33 34 33 32 34 36 36 32 18 36 28 25 32 36 5 32 33 33 36 29 10 36 36 36 40 40 40 33 33 33 33 2 36 33 33 33 34 32 34 32
split_gain=3.06702e+07 1.79675e+07 1.63078e+07 1.38222e+07 9.93576e+06 8.87232e+06 7.51918e+06 6.42724e+06 1.82511e+07 8.1991e+06 6.59865e+06 5.91717e+06 5.79154e+06 4.65758e+06 4.43852e+06 4.35973e+06 4.12867e+06 4.03632e+06 4.01124e+06 4.00508e+06 3.88466e+06 3.88357e+06 3.79489e+06 3.6787e+06 4.11555e+06 3.4095e+06 3.34512e+06 3.68592e+06 3.11442e+06 2.97618e+06 2.82769e+06 2.89078e+06 3.2015e+06 2.71174e+06 2.52108e+06 2.49155e+06 2.42897e+06 4.03152e+06 2.43122e+06 4.5465e+06 3.51501e+06 4.76257e+06 3.25699e+06 3.09952e+06 2.72755e+06 2.28115e+06 2.3795e+06 5.02895e+06 2.72604e+06 2.70723e+06 3.97467e+06 2.42506e+06 2.21512e+06 2.86468e+06 2.20847e+06 2.51475e+06 2.17487e+06 4.8285e+06 3.96025e+06 8.94399e+06 3.25623e+06 3.01443e+06
threshold=5.5000000000000009 196.95000000000002 1.0000000180025095e-35 1.0000000180025095e-35 140.98750000000004 1.0000000180025095e-35 320.75000000000006 1.0000000180025095e-35 1.5000000000000002 396.45000000000005 4.5000000000000009 2.5000000000000004 1.0000000180025095e-35 136.15000000000001 407.7000000000001 201.35000000000005 196.81666666666669 3.5000000000000004 235.65833333333336 1.0000000180025095e-35 288.61000000000007 321.08333333333343 494.35000000000008 443.30000000000001 20.950000000000003 135.75000000000003 335.05000000000001 293.01666666666671 218.61250000000004 2.3500000000000001 1.0000000180025095e-35 241.15833333333336 1.0000000180025095e-35 1.0000000180025095e-35 222.95000000000002 252.83333333333337 1.0000000180025095e-35 117.35000000000001 420.75000000000006 405.05000000000007 338.42000000000002 1.0000000180025095e-35 1.0000000180025095e-35 385.0750000000001 370.65000000000009 394.05000000000007 4.5000000000000009 1.0000000180025095e-35 3.5000000000000004 437.75000000000006 373.85000000000008 328.85000000000008 449.00000000000006 1.0000000180025095e-35 359.52500000000003 419.15000000000003 228.45000000000002 261.75000000000006 1.5500000000000003 193.95000000000002 354.95000000000005 89.65000000000002
decision_type=2 2 2 2 2 2 2 2 2 2 2 2 2 2 2 2 2 2 2 2 2 2 2 2 2 2 2 2 2 2 2 2 2 2 2 2 2 2 2 2 2 2 2 2 2 2 2 2 2 2 2 2 2 2 2 2 2 2 2 2 2 2
left_child=2 4 3 5 -2 7 19 -1 9 14 11 -10 15 18 35 -3 -4 -13 -11 29 -20 -5 28 34 -25 -24 -7 -28 -17 33 31 -31 -33 -6 -8 -9 38 -38 39 44 41 42 -40 -42 56 46 47 -18 49 50 51 -49 53 -39 55 -14 -30 -58 -59 61 -61 -60
right_child=1 12 16 21 6 26 23 8 10 13 -12 17 54 -15 -16 22 45 -19 20 -21 -22 -23 25 24 -26 -27 27 -29 36 30 -32 32 -34 -35 -36 -37 37 52 40 -41 43 -43 -44 -45 -46 -47 -48 48 -50 -51 -52 -53 -54 -55 -56 -57 57 58 59 60 -62 -63
leaf_value=-3.9077535556976333 -1.3142207503062409 27.542511905323376 -0.13456337502211566 1.374409087348933 0.062170107321393109 0.86700889087006827 9.1063041934967046 0.89506868289625841 -4.6483048409784073 28.346885805544645 -3.6490871722656379 1.2929061021321477 14.44436125520415 34.467534936269125 26.374586057662967 1.4836235871428087 0.82644962682652834 -1.7372742456422825 -12.606165196678855 6.4101161485036302 15.470226652281625 6.9368835029477758 4.801313462464706 -15.428515234447662 12.28474849494728 31.229219348614034 2.4024222031445572 20.45362040590733 14.243008823172993 1.9477707295417788 -1.3236461950347604 6.8139530422923329 -1.1540531959909721 6.4016187750832145 23.896200950005479 6.3930675377348054 30.916503790150518 7.9917274779222147 5.0031079302652408 -12.773329399853218 -10.90932512010847 29.020714667108326 23.453575696945194 11.194844883885878 17.416699228788676 10.811974624892791 0.8893473314265361 10.619615216853688 3.8870593414034533 26.676920050161858 -7.7837493760245184 28.329681514558338 -4.8153167816308837 26.827730496724445 26.688231602421514 3.2093406735044541 -8.7398856624772279 1.1711062552028673 8.0033597946166992 16.258074506123862 39.554112315177917 -18.538288850369664
leaf_weight=4565 2630 22 635 1483 2480 1590 50 673 977 23 4982 2028 203 30 20 506 335 2399 22 486 28 398 23 21 37 26 71 47 43 1250 346 819 149 181 68 297 23 127 118 41 35 36 30 29 38 139 401 243 184 27 28 21 26 24 27 66 79 241 20 60 20 23
leaf_count=4565 2630 22 635 1483 2480 1590 50 673 977 23 4982 2028 203 30 20 506 335 2399 22 486 28 398 23 21 37 26 71 47 43 1250 346 819 149 181 68 297 23 127 118 41 35 36 30 29 38 139 401 243 184 27 28 21 26 24 27 66 79 241 20 60 20 23
internal_value=-0.0125214 2.21864 -1.08481 -1.52426 1.24081 -1.95611 2.38226 -2.32082 -1.68973 4.45604 -2.3365 -1.12641 6.63441 17.8819 3.05921 5.43893 3.20117 -0.349155 11.0659 2.06857 3.11661 2.55137 5.1288 12.5613 2.25064 18.8243 1.46981 9.59231 4.68701 1.66474 2.88042 3.53624 5.58747 0.493376 17.6293 2.57848 6.28712 11.2235 5.07277 3.26127 9.19977 12.7104 8.74307 -0.893373 4.51588 4.73831 4.05692 5.57267 8.73368 11.5292 10.1286 12.0284 8.6645 10.9855 13.0561 11.6878 3.50718 2.4651 4.89695 12.1972 22.0821 -6.19334
internal_weight=32049 10403 21646 19633 8517 17752 5887 16044 11479 1093 10386 5404 1886 103 990 1590 2013 4427 73 5711 50 1881 1568 176 58 49 1708 118 1519 5225 2564 2218 968 2661 118 970 1013 200 813 565 248 184 148 64 524 1378 1239 838 503 319 292 264 177 151 296 269 486 443 364 123 80 43
internal_count=32049 10403 21646 19633 8517 17752 5887 16044 11479 1093 10386 5404 1886 103 990 1590 2013 4427 73 5711 50 1881 1568 176 58 49 1708 118 1519 5225 2564 2218 968 2661 118 970 1013 200 813 565 248 184 148 64 524 1378 1239 838 503 319 292 264 177 151 296 269 486 443 364 123 80 43
is_linear=0
shrinkage=0.05


Tree=70
num_leaves=63
num_cat=0
split_feature=39 9 31 5 33 34 31 25 25 2 9 31 37 6 37 37 2 9 31 34 10 34 33 7 33 31 31 34 33 33 33 33 31 18 31 34 34 31 38 31 21 31 33 34 31 33 6 7 33 7 24 31 31 28 33 29 34 31 2 34 34 33
split_gain=2.59112e+07 1.74603e+07 1.36825e+07 1.2409e+07 8.09727e+06 1.04435e+07 4.94223e+06 4.76219e+06 4.51712e+06 5.15737e+06 4.7924e+06 4.40153e+06 4.11282e+06 3.98025e+06 3.72821e+06 3.66323e+06 3.2588e+06 3.69257e+06 2.31003e+06 2.22729e+06 2.21323e+06 3.96295e+06 2.11591e+06 2.09545e+06 2.09091e+06 3.18888e+06 2.11266e+06 1.99158e+06 2.54875e+06 1.98574e+06 1.98106e+06 2.18339e+06 2.93004e+06 2.11334e+06 1.97203e+06 2.00982e+06 2.36509e+06 2.12973e+06 1.97796e+06 1.94486e+06 3.91609e+06 1.79858e+06 1.78613e+06 1.78472e+06 1.78303e+06 1.99367e+06 1.75443e+06 1.73289e+06 1.87972e+06 1.70161e+06 1.71638e+06 1.63058e+06 1.82239e+06 1.63025e+06 1.60968e+06 1.52606e+06 1.93809e+06 1.50816e+06 1.50692e+06 2.54338e+06 3.32766e+06 1.8268e+06
threshold=1.0000000180025095e-35 1.0000000180025095e-35 332.05000000000007 1.0000000180025095e-35 335.05000000000007 363.2000000000001 343.95000000000005 1.0000000180025095e-35 1.0000000180025095e-35 1.0000000180025095e-35 1.0000000180025095e-35 221.95000000000002 4.5000000000000009 1.0000000180025095e-35 3.5000000000000004 4.5000000000000009 1.0000000180025095e-35 1.0000000180025095e-35 353.75000000000006 480.2000000000001 1.0000000180025095e-35 2.5500000000000003 459.35000000000008 1.0000000180025095e-35 293.25000000000006 326.15000000000003 408.75000000000006 2.0500000000000003 125.55000000000001 1.0000000180025095e-35 387.50000000000006 328.85000000000008 478.75000000000006 1.0000000180025095e-35 386.75000000000006 472.75000000000006 377.10000000000008 273.55000000000007 1.0000000180025095e-35 198.05000000000004 1.0000000180025095e-35 304.35000000000008 429.05000000000007 393.85000000000008 292.25000000000006 303.30000000000001 1.0000000180025095e-35 1.0000000180025095e-35 263.65000000000003 1.0000000180025095e-35 1.0000000180025095e-35 224.05000000000004 263.65000000000003 1.0000000180025095e-35 480.05000000000007 1.0000000180025095e-35 135.15000000000001 177.25000000000003 1.0000000180025095e-35 141.60000000000002 1.0000000180025095e-35 359.75000000000006
decision_type=2 2 2 2 2 2 2 2 2 2 2 2 2 2 2 2 2 2 2 2 2 2 2 2 2 2 2 2 2 2 2 2 2 2 2 2 2 2 2 2 2 2 2 2 2 2 2 2 2 2 2 2 2 2 2 2 2 2 2 2 2 2
left_child=1 3 8 12 7 6 -6 16 9 19 47 55 13 18 -10 42 17 -4 29 -2 58 -22 30 27 25 -5 51 -19 -29 -1 31 32 33 53 35 36 -14 -38 -36 -16 -41 -42 -7 -15 45 -12 -9 54 -49 50 -18 -26 -53 -13 -11 -3 -57 -47 61 60 -60 -8
right_child=2 11 4 24 5 15 20 46 14 10 44 22 34 43 39 -17 49 23 -20 -21 21 -23 -24 -25 26 -27 -28 28 -30 -31 -32 -33 -34 -35 38 -37 37 -39 -40 40 41 -43 -44 -45 -46 57 -48 48 -50 -51 -52 52 -54 -55 -56 56 -58 -59 59 -61 -62 -63
leaf_value=-2.7271986382148188 -1.1329722624358884 1.101596210347789 0.48994788136479894 -0.30459274694325356 23.070201215078669 10.575264420332733 12.965805740523757 6.8305634127825572 1.1672974296112215 1.1500783291143228 3.1234336684731878 5.4409983323950737 1.8360786239993616 -0.26979704652543063 3.4853565789042342 44.279567591349291 4.8342704677695245 -3.5573868910471598 -1.4698108127349163 11.527762696402414 -15.280237067829479 10.05466924206964 17.70323685732755 14.964882181822389 4.2689068206787111 4.2866334595644418 -3.6540727449500041 -1.3261319637298585 23.614133530074643 -4.6873559540691803 -4.5776544354996593 15.219258733965317 14.750768745809362 -3.644632089579547 16.033901166419188 16.287378997802733 -2.0093263522998708 -21.945216470672975 0.76470807822127096 3.0736411413838791 18.90647175625751 4.0649460187325115 28.762215988724321 11.655887483060361 24.841202359199528 8.8860537105593185 -2.3159541264176369 1.1294772939248519 13.304827527530859 13.044366810239595 -4.3472241874174635 26.320734462738042 9.4874575452106757 -2.6827848653295145 -9.5431521548165232 -0.73282264315563705 -18.508991417677507 26.480252862544287 11.513424024581909 23.331106534600259 -10.590551794142952 3.1574442953291073
leaf_weight=8428 4631 775 2032 1026 43 27 57 822 1392 1571 68 789 289 1599 343 21 683 48 3127 35 33 29 33 69 125 599 46 20 21 1526 53 53 69 81 48 20 37 21 38 124 95 26 27 32 20 29 56 66 61 58 55 20 82 67 36 46 23 21 90 32 21 284
leaf_count=8428 4631 775 2032 1026 43 27 57 822 1392 1571 68 789 289 1599 343 21 683 48 3127 35 33 29 33 69 125 599 46 20 21 1526 53 53 69 81 48 20 37 21 38 124 95 26 27 32 20 29 56 66 61 58 55 20 82 67 36 46 23 21 90 32 21 284
internal_value=-0.051033 -1.22659 1.66571 -1.74338 3.88661 8.98721 6.74962 3.01011 0.485129 -0.148511 2.06857 3.2068 -2.2204 -2.36489 2.57742 26.5598 2.05829 1.06245 -2.65529 -1.038 5.46429 -3.43004 5.2262 8.42529 2.06802 1.3878 6.11689 3.35528 11.4482 -3.0277 4.85593 5.32805 4.80695 4.07469 2.47211 0.875149 -0.013164 -9.22749 9.28705 5.91567 9.3181 15.7174 19.6687 -0.0358167 11.0362 8.69639 6.24719 1.35488 6.97748 4.79809 4.15001 8.09691 12.7881 4.80514 0.910529 0.467204 -6.65821 16.2756 6.60365 10.9119 7.33159 4.79697
internal_weight=32098 19052 13046 17063 4528 664 589 3864 8518 6538 1872 1989 15165 14712 1980 75 2986 2190 13081 4666 546 62 1145 158 1898 1625 273 89 41 9954 1112 1059 1006 937 453 367 347 58 86 588 245 121 54 1631 138 118 878 1734 127 796 738 227 102 856 1607 844 69 50 484 143 111 341
internal_count=32098 19052 13046 17063 4528 664 589 3864 8518 6538 1872 1989 15165 14712 1980 75 2986 2190 13081 4666 546 62 1145 158 1898 1625 273 89 41 9954 1112 1059 1006 937 453 367 347 58 86 588 245 121 54 1631 138 118 878 1734 127 796 738 227 102 856 1607 844 69 50 484 143 111 341
is_linear=0
shrinkage=0.05


Tree=71
num_leaves=63
num_cat=0
split_feature=35 40 40 40 40 40 40 2 40 35 35 33 33 31 36 33 21 40 40 40 31 34 34 5 40 32 32 33 37 36 31 32 34 34 32 35 34 36 10 33 33 33 34 36 36 36 36 2 36 33 39 33 22 31 31 29 29 36 36 9 35 31
split_gain=2.77972e+07 2.17339e+07 1.24186e+07 1.18957e+07 1.04245e+07 9.35997e+06 2.20928e+07 7.25427e+06 7.10274e+06 6.92826e+06 6.05977e+06 5.02649e+06 1.01477e+07 4.67656e+06 6.72829e+06 6.1352e+06 6.7722e+06 4.45578e+06 4.10922e+06 3.96546e+06 3.86006e+06 3.32086e+06 3.77386e+06 3.3116e+06 3.28015e+06 3.26422e+06 3.82176e+06 3.96236e+06 3.17532e+06 2.81962e+06 2.78357e+06 2.75326e+06 5.16154e+06 6.02383e+06 3.16274e+06 2.73444e+06 2.70674e+06 3.18032e+06 2.54347e+06 3.01864e+06 3.42691e+06 3.55476e+06 2.52187e+06 3.75341e+06 2.9699e+06 3.56152e+06 4.11858e+06 2.80052e+06 2.64382e+06 4.62469e+06 4.05342e+06 2.51234e+06 2.41772e+06 2.48355e+06 3.7844e+06 3.05286e+06 2.36675e+06 2.34151e+06 2.30391e+06 2.30029e+06 2.29428e+06 3.26064e+06
threshold=759.00000000000011 5.5000000000000009 1.0000000180025095e-35 1.5000000000000002 5.5000000000000009 1.0000000180025095e-35 1.5000000000000002 1.0000000180025095e-35 4.5000000000000009 373.95000000000005 437.25000000000006 315.35000000000008 269.40000000000003 334.05000000000007 313.22500000000008 453.55000000000007 1.0000000180025095e-35 2.5000000000000004 3.5000000000000004 4.5000000000000009 187.85000000000005 171.45000000000002 141.60000000000002 1.0000000180025095e-35 4.5000000000000009 495.05000000000007 482.05000000000007 1.0000000180025095e-35 4.5000000000000009 342.98333333333341 488.35000000000008 139.85000000000005 354.95000000000005 433.65000000000003 329.95000000000005 958.55000000000007 20.850000000000005 311.45833333333337 1.0000000180025095e-35 407.65000000000003 209.95000000000002 293.25000000000006 324.25000000000006 225.27083333333334 379.48750000000007 334.03333333333336 268.21666666666675 1.0000000180025095e-35 299.32916666666671 283.45000000000005 1.0000000180025095e-35 363.85000000000008 1.0000000180025095e-35 201.65000000000001 238.95000000000002 1.0000000180025095e-35 1.0000000180025095e-35 252.83333333333337 276.51666666666671 1.0000000180025095e-35 958.55000000000007 420.25000000000006
decision_type=2 2 2 2 2 2 2 2 2 2 2 2 2 2 2 2 2 2 2 2 2 2 2 2 2 2 2 2 2 2 2 2 2 2 2 2 2 2 2 2 2 2 2 2 2 2 2 2 2 2 2 2 2 2 2 2 2 2 2 2 2 2
left_child=2 5 -1 10 8 -2 11 19 17 -6 -4 12 35 15 -15 16 -13 -5 -19 28 23 22 25 31 59 26 30 -28 52 -29 38 -3 -33 -34 -35 36 37 -7 56 40 -40 -42 43 -23 45 46 -44 58 49 -48 -50 -43 53 55 -55 -8 60 -25 -45 -9 -22 -62
right_child=1 20 3 4 9 6 7 24 -10 -11 -12 13 -14 14 -16 -17 -18 18 -20 -21 21 42 -24 57 -26 -27 27 29 -30 -31 -32 32 33 34 -36 -37 -38 -39 39 -41 41 51 44 47 -46 -47 48 -49 50 -51 -52 -53 -54 54 -56 -57 -58 -59 -60 -61 61 -63
leaf_value=-3.2074027158335237 -2.2595866537754827 -10.966751155187918 1.890816638396158 -3.2438206483052165 -0.58546084866339387 25.92865370379554 -0.25789512913285589 8.9984979432414871 -2.9592397759760241 2.3380661299927095 9.3342295045419696 11.496274642286629 -17.761270376488014 58.195867457389831 17.182786216735842 -2.0774735723223006 48.779309016749977 1.8197420783857259 -1.1073658960175223 -1.7559164026648018 7.6905254423745948 6.3572858323069177 -8.3897129869461065 19.15407186547915 2.6203777305247478 -10.284653513248152 2.5579005584716796 37.793405465726501 7.5926140529537633 13.365062858944848 -3.3215751541985408 -0.98305113653570297 27.980194538518006 13.040875641504924 -13.88112638473511 26.612122689223874 -5.1910461711883542 4.2649209022521974 -3.0842743960477539 -10.109069993495943 28.359528388977051 -7.6405700501941496 14.609640102942013 10.430726942522774 -10.0832865524292 26.072862930297852 5.027822351455689 35.174290649979206 25.379636682782856 -24.002062670044278 -5.6864253816150487 17.120922405719757 -13.774140444508305 16.26422567566236 1.7848645383230257 -14.843478592582372 2.1486261796951296 3.0889597138693166 25.239578872919083 23.757593816121421 17.700835918217173 5.3359877467155457
leaf_weight=4509 1590 43 770 1137 4443 36 163 220 5174 3726 424 29 27 20 20 28 21 2215 2614 1342 467 68 40 48 244 26 25 27 221 21 63 261 38 24 20 41 20 32 59 40 25 21 103 58 20 30 34 27 21 23 21 20 27 48 754 46 120 43 48 30 164 79
leaf_count=4509 1590 43 770 1137 4443 36 163 220 5174 3726 424 29 27 20 20 28 21 2215 2614 1342 467 68 40 48 244 26 25 27 221 21 63 261 38 24 20 41 20 32 59 40 25 21 103 58 20 30 34 27 21 23 21 20 27 48 754 46 120 43 48 30 164 79
internal_value=-0.0484813 2.71595 -0.831655 -0.309183 -0.608671 0.902416 2.39472 1.18999 -1.60352 0.748002 4.53404 16.0029 10.113 23.7895 37.6893 16.6614 27.1551 -0.427782 0.235261 0.135048 6.94411 8.08936 6.70944 2.98256 6.74447 7.23145 7.63412 18.6991 2.15067 27.106 6.87065 0.959739 2.4549 13.3976 0.803602 15.9472 10.9783 15.734 7.51599 1.84618 5.67186 13.4993 11.7357 15.9129 8.40385 9.99756 7.61014 20.7984 0.327838 -6.68599 9.84661 4.43821 0.992035 1.38638 2.65146 -3.46812 8.64312 11.5629 17.1366 10.7696 9.74078 13.681
internal_weight=32098 7086 25012 20503 19309 4959 3369 3095 11140 8169 1194 274 156 118 40 78 50 5966 4829 2601 2127 1650 1197 477 494 1157 1131 73 1259 48 1058 386 343 82 44 129 88 68 995 165 125 66 453 201 252 232 202 133 99 57 42 41 1038 1011 802 209 830 91 106 250 710 243
internal_count=32098 7086 25012 20503 19309 4959 3369 3095 11140 8169 1194 274 156 118 40 78 50 5966 4829 2601 2127 1650 1197 477 494 1157 1131 73 1259 48 1058 386 343 82 44 129 88 68 995 165 125 66 453 201 252 232 202 133 99 57 42 41 1038 1011 802 209 830 91 106 250 710 243
is_linear=0
shrinkage=0.05


Tree=72
num_leaves=63
num_cat=0
split_feature=35 40 40 40 40 40 40 2 40 35 35 40 36 35 36 31 31 11 40 40 31 35 34 7 34 5 40 37 31 35 31 29 34 36 24 2 36 36 36 36 39 34 35 36 22 8 31 31 28 40 31 36 9 31 31 31 36 35 36 31 35 31
split_gain=2.5087e+07 1.96149e+07 1.12078e+07 1.07359e+07 9.40808e+06 8.44738e+06 1.99387e+07 6.54698e+06 6.41022e+06 6.32144e+06 5.46895e+06 4.02134e+06 3.81902e+06 9.84805e+06 5.90125e+06 4.05958e+06 5.19709e+06 4.61487e+06 3.70857e+06 3.57883e+06 3.4837e+06 3.24863e+06 2.99708e+06 4.05044e+06 3.75219e+06 2.98872e+06 2.96034e+06 2.86573e+06 2.591e+06 2.43601e+06 2.72541e+06 2.43466e+06 2.27599e+06 3.38745e+06 3.26164e+06 4.79326e+06 2.68033e+06 3.21428e+06 3.71701e+06 2.38604e+06 3.65821e+06 2.701e+06 2.2737e+06 2.20234e+06 2.18199e+06 2.3131e+06 2.22301e+06 2.6113e+06 2.54928e+06 2.12607e+06 2.11567e+06 2.11321e+06 2.07602e+06 2.05332e+06 2.44692e+06 3.01876e+06 2.89232e+06 3.66119e+06 1.99981e+06 1.95226e+06 1.94162e+06 1.8573e+06
threshold=759.00000000000011 5.5000000000000009 1.0000000180025095e-35 1.5000000000000002 5.5000000000000009 1.0000000180025095e-35 1.5000000000000002 1.0000000180025095e-35 4.5000000000000009 314.35000000000008 437.25000000000006 2.5000000000000004 309.52500000000003 1187.8500000000001 373.58333333333343 424.35000000000008 372.45000000000005 1.0000000180025095e-35 3.5000000000000004 4.5000000000000009 187.85000000000005 1069.4000000000003 171.45000000000002 1.0000000180025095e-35 141.60000000000002 1.0000000180025095e-35 4.5000000000000009 4.5000000000000009 462.55000000000007 1069.4000000000003 123.85000000000001 1.0000000180025095e-35 324.25000000000006 225.27083333333334 1.0000000180025095e-35 1.0000000180025095e-35 379.48750000000007 334.03333333333336 268.21666666666675 299.32916666666671 1.0000000180025095e-35 432.10000000000008 563.1500000000002 176.81250000000003 1.0000000180025095e-35 1.0000000180025095e-35 201.65000000000001 238.95000000000002 1.0000000180025095e-35 2.5000000000000004 488.35000000000008 252.83333333333337 1.0000000180025095e-35 52.150000000000013 138.15000000000001 113.05000000000001 294.5125000000001 707.6500000000002 342.98333333333341 13.850000000000003 656.45000000000016 150.65000000000001
decision_type=2 2 2 2 2 2 2 2 2 2 2 2 2 2 2 2 2 2 2 2 2 2 2 2 2 2 2 2 2 2 2 2 2 2 2 2 2 2 2 2 2 2 2 2 2 2 2 2 2 2 2 2 2 2 2 2 2 2 2 2 2 2
left_child=2 5 -1 10 8 -2 12 19 11 -6 -4 -5 13 15 21 16 17 61 43 27 25 -14 23 24 50 29 52 44 31 -3 -31 42 33 -24 35 -35 37 38 -34 41 -41 -40 -11 -13 45 46 -8 -48 -49 -29 -22 -27 -9 59 55 -55 57 -56 -10 -12 -30 -7
right_child=1 20 3 4 9 6 7 26 58 28 53 18 14 -15 -16 -17 -18 -19 -20 -21 22 -23 32 -25 -26 51 -28 49 60 30 -32 -33 36 34 -36 -37 -38 -39 39 40 -42 -43 -44 -45 -46 -47 47 48 -50 -51 -52 -53 -54 54 56 -57 -58 -59 -60 -61 -62 -63
leaf_value=-3.0470325769545306 -2.1466073263040601 -1.0388403888683995 1.7962758080042029 -3.0816296167271959 -0.84587753068091853 12.769863357543947 -2.7674420315348462 8.5485729399594401 -3.2273115631164062 1.1537508773492173 9.4128596591949467 -0.033058232863239827 8.6520684168888984 50.765571863001043 21.662464415721406 30.710950228662206 -9.4034473764896394 -4.8528045245579321 -1.0519975967762256 -1.6681205793049316 6.2465008032666809 -16.110148677119504 6.0394217266755952 13.049044437558241 -11.740180975198747 18.196368314946692 2.4893588497257628 -4.0924052728925435 4.185046336436467 18.157645827073321 -0.92034884558783647 -2.1670509203985522 13.879158012380879 18.417744524871249 5.8478236883878711 44.806646347045898 -9.5791224288940438 24.769219729105632 -15.303677721584544 24.110654762813027 -5.4021034604027163 6.881679103685463 3.85662332332886 3.1396379221055084 -13.085433330359283 -3.9836381915891383 15.59882407299308 4.2617067850561758 -4.372681548081192 9.3403413079638948 -3.60066966188365 2.9345118422840919 22.569713865915936 10.910748617989677 7.0963968677316762 35.261729454994203 14.591783776804178 -14.467251864346592 -0.48868717546115631 -12.414728237333753 13.383374193135431 28.053968860792079
leaf_weight=4509 1590 311 770 1137 3627 35 167 220 4388 2602 20 985 26 22 39 33 25 21 2614 1342 916 27 68 191 32 48 244 35 367 39 36 395 103 79 32 22 20 30 34 21 21 23 1110 1230 27 171 43 528 102 186 58 43 30 35 187 20 119 22 786 21 68 46
leaf_count=4509 1590 311 770 1137 3627 35 167 220 4388 2602 20 985 26 22 39 33 25 21 2614 1342 916 27 68 191 32 48 244 35 367 39 36 395 103 79 32 22 20 30 34 21 21 23 1110 1230 27 171 43 528 102 186 58 43 30 35 187 20 119 22 786 21 68 46
internal_value=-0.0460572 2.58015 -0.790072 -0.293724 -0.578237 0.857295 2.27499 1.13049 -1.52335 0.710602 4.30734 -0.406393 15.2027 19.3997 6.90017 15.0868 11.027 16.0345 0.223498 0.128296 6.59691 -3.96265 7.6849 6.37397 5.10663 2.83343 6.40725 2.04314 1.95352 0.911752 9.00021 1.56487 11.1489 15.1172 19.7585 24.1658 7.98365 9.49769 7.22964 0.311446 9.35428 -6.35169 1.96199 1.72875 0.942433 1.31706 2.39614 3.67744 2.86376 7.21298 5.66012 10.9847 10.2311 8.86752 10.006 19.7657 8.36942 4.82654 -2.81128 -1.76712 5.62295 21.4497
internal_weight=32098 7086 25012 20503 19309 4959 3369 3095 11140 8169 1194 5966 274 182 92 160 127 102 4829 2601 2127 53 1650 1197 1006 477 494 1259 4542 386 75 4107 453 201 133 101 252 232 202 99 42 57 3712 2215 1038 1011 840 673 630 221 974 91 250 424 383 55 328 209 5174 41 435 81
internal_count=32098 7086 25012 20503 19309 4959 3369 3095 11140 8169 1194 5966 274 182 92 160 127 102 4829 2601 2127 53 1650 1197 1006 477 494 1259 4542 386 75 4107 453 201 133 101 252 232 202 99 42 57 3712 2215 1038 1011 840 673 630 221 974 91 250 424 383 55 328 209 5174 41 435 81
is_linear=0
shrinkage=0.05


Tree=73
num_leaves=63
num_cat=0
split_feature=35 40 9 40 40 40 2 35 25 31 25 40 40 40 25 17 31 40 31 32 32 32 40 40 28 35 32 32 32 23 31 31 21 37 34 9 14 35 4 7 5 35 34 34 31 34 31 35 34 32 31 24 31 32 31 31 35 32 31 29 9 35
split_gain=2.2641e+07 1.77024e+07 1.08344e+07 9.26708e+06 7.62376e+06 1.79947e+07 5.90865e+06 5.21202e+06 5.02892e+06 3.3382e+06 3.28596e+06 3.27086e+06 8.16298e+06 3.7179e+06 3.24269e+06 3.99978e+06 3.78641e+06 3.17734e+06 2.95727e+06 3.04719e+06 2.87401e+06 2.8041e+06 2.74938e+06 2.6717e+06 2.51548e+06 4.94481e+06 3.1154e+06 3.07856e+06 2.50969e+06 3.21381e+06 2.42104e+06 2.32624e+06 4.27531e+06 3.66321e+06 3.36613e+06 2.2996e+06 2.20988e+06 2.61027e+06 1.06205e+07 5.06697e+06 3.49184e+06 3.29694e+06 3.18155e+06 3.33511e+06 3.02394e+06 3.70344e+06 3.13699e+06 3.62669e+06 3.665e+06 2.77998e+06 3.14794e+06 2.41318e+06 2.18007e+06 3.14324e+06 2.03711e+06 1.9777e+06 1.8815e+06 2.11025e+06 1.88079e+06 4.05901e+06 1.8736e+06 1.84754e+06
threshold=759.00000000000011 5.5000000000000009 1.0000000180025095e-35 5.5000000000000009 1.0000000180025095e-35 1.5000000000000002 1.0000000180025095e-35 314.35000000000008 1.0000000180025095e-35 273.55000000000007 1.0000000180025095e-35 1.0000000180025095e-35 1.5000000000000002 4.5000000000000009 1.0000000180025095e-35 1.0000000180025095e-35 73.050000000000011 2.5000000000000004 66.65000000000002 77.250000000000014 65.250000000000014 87.750000000000014 3.5000000000000004 4.5000000000000009 1.0000000180025095e-35 1187.8500000000001 331.75000000000006 408.75000000000006 119.30000000000003 1.0000000180025095e-35 462.55000000000007 388.85000000000008 1.0000000180025095e-35 3.5000000000000004 144.25000000000003 1.0000000180025095e-35 1.0000000180025095e-35 1279.4000000000003 1.0000000180025095e-35 1.0000000180025095e-35 1.0000000180025095e-35 1249.5000000000002 325.65000000000003 441.85000000000008 175.35000000000005 354.95000000000005 416.15000000000003 1187.8500000000001 108.25000000000001 474.15000000000003 394.65000000000003 1.0000000180025095e-35 462.55000000000007 177.55000000000004 404.95000000000005 434.55000000000007 1032.6500000000003 13.15 374.55000000000007 1.0000000180025095e-35 1.0000000180025095e-35 656.45000000000016
decision_type=2 2 2 2 2 2 2 2 2 2 2 2 2 2 2 2 2 2 2 2 2 2 2 2 2 2 2 2 2 2 2 2 2 2 2 2 2 2 2 2 2 2 2 2 2 2 2 2 2 2 2 2 2 2 2 2 2 2 2 2 2 2
left_child=2 4 3 8 -2 24 10 -5 11 -4 35 -1 18 17 15 20 -16 -14 -13 -20 56 -22 -19 60 25 27 -27 31 -21 -30 -9 33 -33 -6 -35 -7 37 40 39 42 41 44 -39 -44 45 -23 51 48 55 50 -42 58 -18 -54 -10 -48 57 -3 -46 -60 -8 -32
right_child=1 14 9 7 5 6 23 30 54 -11 -12 12 13 -15 16 -17 52 22 19 28 21 36 -24 -25 -26 26 -28 -29 29 -31 61 32 -34 34 -36 -37 -38 38 -40 -41 49 -43 43 -45 46 -47 47 -49 -50 -51 -52 -53 53 -55 -56 -57 -58 -59 59 -61 -62 -63
leaf_value=-3.2396611730373159 -2.0392769638707851 11.327021570463438 1.2732506144756393 -1.0448381473165973 37.407810437237778 -1.4480941646066707 8.1211442949690618 1.1889049616929339 0.52627011393557799 5.6464019358328166 4.0985228586675246 -2.5201601185607463 -3.6682883314710248 -3.0583751536209434 -6.0595361264546712 -11.299699608939036 10.809573442689958 0.94283661115274509 2.1753808776291836 23.332513392413105 20.778637768463657 -4.12925242774942 -1.662200967207043 2.3648909162302489 2.5035647480111374 18.025795128345489 45.599449448358449 2.763033017347444 4.6965164899826055 23.861401016235352 3.7823530586316574 -1.8514537920270648 25.547903581460318 -0.83946173531668533 24.481809948512488 2.7459702718064674 20.511765788151667 27.709558080037439 -13.663707962036135 42.733592218160631 16.52448268157757 -14.272826584180198 -4.5185745920453755 20.606885803222657 7.5054605442124442 10.927489037783642 -7.4419190874286727 -18.036086810718881 22.6366117477417 -4.245880249568394 3.6336360585862311 0.97215872417796756 8.4937141251564032 35.596491357554562 6.4838600563266908 3.5556817250923047 -13.605742290496828 -3.2975182352839294 18.864140586669045 -5.8526912975311278 21.441228303909302 12.978267880036283
leaf_weight=3903 1590 37 1156 3446 27 1767 220 3715 1058 701 433 212 954 4419 30 35 252 1877 571 27 33 178 2200 244 38 20 21 53 175 25 342 35 24 21 35 401 26 30 30 20 151 24 28 25 407 53 51 22 22 28 69 110 20 23 166 206 25 74 98 20 30 65
leaf_count=3903 1590 37 1156 3446 27 1767 220 3715 1058 701 433 212 954 4419 30 35 252 1877 571 27 33 178 2200 244 38 20 21 53 175 25 342 35 24 21 35 401 26 30 30 20 151 24 28 25 407 53 51 22 22 28 69 110 20 23 166 206 25 74 98 20 30 65
internal_value=-0.0437544 2.45114 -0.750569 -1.04527 0.81443 2.16124 1.07397 0.390251 -1.74226 2.92407 0.121881 -2.00444 -1.54353 -2.00017 6.26706 5.43797 10.8641 -1.0707 2.72898 4.12349 5.7695 6.35179 -0.462874 6.08689 14.4426 16.365 32.1489 13.0463 9.0238 7.09213 1.58999 16.8845 9.29405 22.2801 14.9863 -0.672347 6.05387 5.81474 12.5165 20.1419 5.19532 4.0714 14.6981 7.33306 4.44866 -0.674675 5.71307 1.50878 3.04996 10.5929 12.4814 7.70597 12.5851 22.9905 1.33424 1.37328 -1.21368 1.57733 9.11687 14.6748 9.71955 5.25099
internal_weight=32098 7086 25012 23155 4959 3369 3095 7568 15587 1857 2601 14363 10460 9450 2127 1802 325 5031 1010 798 1767 1631 4077 494 274 236 41 195 227 200 4122 142 59 83 56 2168 1598 1572 133 103 1439 1191 83 53 1167 231 936 301 279 248 220 635 295 43 1224 257 136 111 525 118 250 407
internal_count=32098 7086 25012 23155 4959 3369 3095 7568 15587 1857 2601 14363 10460 9450 2127 1802 325 5031 1010 798 1767 1631 4077 494 274 236 41 195 227 200 4122 142 59 83 56 2168 1598 1572 133 103 1439 1191 83 53 1167 231 936 301 279 248 220 635 295 43 1224 257 136 111 525 118 250 407
is_linear=0
shrinkage=0.05


Tree=74
num_leaves=63
num_cat=0
split_feature=35 40 9 39 40 40 40 40 33 33 31 36 33 21 36 40 36 25 31 25 34 36 9 32 32 35 35 31 40 40 40 37 34 31 31 33 4 32 31 32 36 31 35 33 31 35 33 11 34 33 36 40 33 31 35 4 35 31 35 31 31 32
split_gain=2.04335e+07 1.59764e+07 9.77807e+06 8.88161e+06 6.88044e+06 1.62402e+07 5.38347e+06 5.29534e+06 4.20734e+06 9.21209e+06 4.19609e+06 5.81725e+06 5.56895e+06 5.92477e+06 3.63172e+06 3.47543e+06 3.19687e+06 2.92652e+06 3.41724e+06 2.59803e+06 3.24207e+06 3.15746e+06 2.82462e+06 2.48486e+06 2.65501e+06 2.45412e+06 2.50805e+06 2.42411e+06 2.16926e+06 5.35011e+06 2.45334e+06 2.14878e+06 2.2316e+06 2.14814e+06 2.92851e+06 3.41382e+06 2.36066e+06 2.07309e+06 1.96752e+06 2.83677e+06 2.61485e+06 2.37642e+06 1.99215e+06 1.96706e+06 1.87946e+06 1.87465e+06 1.84703e+06 2.26649e+06 2.61056e+06 3.03277e+06 1.86438e+06 1.82652e+06 1.82436e+06 2.59819e+06 1.82304e+06 5.30895e+06 4.20483e+06 3.67229e+06 4.13951e+06 3.4042e+06 2.86585e+06 3.53786e+06
threshold=759.00000000000011 5.5000000000000009 1.0000000180025095e-35 1.0000000180025095e-35 1.0000000180025095e-35 1.5000000000000002 5.5000000000000009 4.5000000000000009 315.35000000000008 269.40000000000003 334.05000000000007 313.22500000000008 453.55000000000007 1.0000000180025095e-35 199.14166666666668 5.5000000000000009 416.75000000000006 1.0000000180025095e-35 73.050000000000011 1.0000000180025095e-35 470.75000000000006 382.3250000000001 1.0000000180025095e-35 65.250000000000014 85.750000000000014 958.55000000000007 887.1500000000002 316.35000000000008 1.0000000180025095e-35 1.5000000000000002 4.5000000000000009 4.5000000000000009 428.15000000000003 140.35000000000005 127.75000000000001 220.05000000000004 1.0000000180025095e-35 58.45000000000001 462.55000000000007 177.55000000000004 362.04166666666669 416.15000000000003 958.55000000000007 1.0000000180025095e-35 440.85000000000008 498.35000000000008 446.85000000000008 1.0000000180025095e-35 204.35000000000005 263.65000000000003 231.11250000000004 2.5000000000000004 271.80000000000001 8.2500000000000018 1279.4000000000003 1.0000000180025095e-35 1249.5000000000002 416.15000000000003 1203.6500000000003 418.05000000000007 339.55000000000007 452.55000000000007
decision_type=2 2 2 2 2 2 2 2 2 2 2 2 2 2 2 2 2 2 2 2 2 2 2 2 2 2 2 2 2 2 2 2 2 2 2 2 2 2 2 2 2 2 2 2 2 2 2 2 2 2 2 2 2 2 2 2 2 2 2 2 2 2
left_child=2 4 3 15 -2 8 16 19 9 25 12 -12 13 -10 -4 43 28 23 -19 20 22 -21 31 -3 -25 26 -6 52 -5 37 51 32 -7 34 35 -26 -37 -30 40 -40 41 42 -20 45 -8 -1 47 48 49 -24 -50 -31 -17 -54 56 59 57 60 -59 -56 61 -35
right_child=1 17 14 6 5 7 44 -9 10 -11 11 -13 -14 -15 -16 27 -18 18 38 21 -22 -23 46 24 33 -27 -28 -29 29 30 -32 -33 -34 54 -36 36 -38 -39 39 -41 -42 -43 -44 -45 -46 -47 -48 -49 50 -51 -52 -53 53 -55 55 -57 -58 58 -60 -61 -62 -63
leaf_value=-2.2425726149176399 -1.9373131153006224 -1.3067024547688284 0.4977639087924941 -2.6704725789321566 14.799073151291394 -0.19077691975814692 1.7158354975457979 -0.99707167519521889 9.4437439384131601 -18.226410742159242 53.078599925041203 14.943135375976562 -3.7607892377035963 44.316162981305808 4.9221710562729353 -1.5400217670884357 3.7543923222732669 -5.7565596199035651 5.3013340910685436 5.5638138678916 -14.027973472277324 21.945999356227762 11.157603316537795 19.739706244613188 14.947518768716368 23.994094927718002 -3.5043592241075303 1.1698838563206104 1.3601030515043775 -2.9633330224107963 -2.3892231191338449 6.5581207180023204 12.216146655145444 7.5079780475037996 -14.440889188978407 2.2265140049159529 -14.143295229398289 8.6944499565559692 8.0690284132957455 33.816666611381201 -2.4129347610473637 25.908793115615847 15.571619410618494 -4.0696469809257056 6.2883218879641793 0.13544704170640687 21.330363464355472 -9.4824855531964989 5.2179271132857714 -4.6111744908491774 21.981654456881589 0.99772752827429589 -11.638050951957704 8.1370255266525309 8.3042157978847122 -8.1755619896782772 -13.93958078313757 3.1109784654549193 -20.277205944061279 26.013122400057082 11.478463946428242 -2.9399885501861576
leaf_weight=7750 1590 137 900 1305 61 784 2493 1586 29 27 20 20 28 21 957 3358 396 30 97 218 30 34 62 33 47 41 27 1352 181 357 1583 170 38 427 27 144 26 206 20 23 35 28 92 1306 247 928 22 21 27 60 43 1575 20 98 58 27 27 350 20 51 328 100
leaf_count=7750 1590 137 900 1305 61 784 2493 1586 29 27 20 20 28 21 957 3358 396 30 97 218 30 34 62 33 47 41 27 1352 181 357 1583 170 38 427 27 144 26 206 20 23 35 28 92 1306 247 928 22 21 27 60 43 1575 20 98 58 27 27 350 20 51 328 100
internal_value=-0.0415667 2.32859 -0.71304 -0.993007 0.773709 2.05318 0.311779 1.02027 13.7205 8.33186 20.8444 34.0109 14.0924 24.0902 2.77787 -1.72794 -0.576409 5.95371 10.3209 3.14055 2.21163 7.77411 2.60869 5.16607 5.69867 13.8906 9.18325 -0.626562 -0.905773 -0.31558 -0.929909 1.44105 0.382779 5.41475 1.0882 3.0204 -0.277104 5.26417 11.9559 21.841 10.2691 12.3146 10.3006 -2.26054 2.12803 -1.98827 7.53758 6.11298 7.81873 3.40247 15.5156 0.265792 -1.3253 4.78532 6.17532 11.6733 5.57809 6.00828 1.84675 16.59 7.80917 5.52544
internal_weight=32098 7086 25012 23155 4959 3369 8343 3095 274 156 118 40 78 50 1857 14812 5603 2127 325 1509 1257 252 1227 1802 1665 129 88 4828 5207 3902 3515 992 822 1632 244 217 170 387 295 43 252 217 189 9984 2740 8678 235 213 192 122 70 1932 3476 118 1388 136 1252 1225 370 109 855 527
internal_count=32098 7086 25012 23155 4959 3369 8343 3095 274 156 118 40 78 50 1857 14812 5603 2127 325 1509 1257 252 1227 1802 1665 129 88 4828 5207 3902 3515 992 822 1632 244 217 170 387 295 43 252 217 189 9984 2740 8678 235 213 192 122 70 1932 3476 118 1388 136 1252 1225 370 109 855 527
is_linear=0
shrinkage=0.05


Tree=75
num_leaves=63
num_cat=0
split_feature=35 40 40 40 40 40 35 32 35 35 9 32 5 39 40 40 32 32 35 36 35 36 32 7 33 36 32 35 28 32 17 33 6 39 18 32 32 36 39 35 29 10 32 37 40 40 29 35 33 18 35 5 33 33 32 33 2 33 32 32 32 36
split_gain=1.90071e+07 1.41301e+07 1.03989e+07 8.65923e+06 8.17402e+06 7.25926e+06 5.79708e+06 6.45138e+06 5.543e+06 5.2644e+06 4.88814e+06 4.28317e+06 4.24944e+06 4.04774e+06 3.94175e+06 4.39103e+06 3.27255e+06 7.0181e+06 6.16036e+06 4.65668e+06 3.31454e+06 3.13067e+06 2.95357e+06 2.78903e+06 2.62716e+06 2.59046e+06 3.49948e+06 2.34736e+06 2.37109e+06 2.53284e+06 2.33027e+06 2.31868e+06 2.50797e+06 2.29863e+06 2.24513e+06 2.21873e+06 2.86183e+06 2.12288e+06 2.12051e+06 2.27932e+06 2.0857e+06 1.9752e+06 1.93112e+06 2.0283e+06 1.89996e+06 3.31496e+06 1.89853e+06 3.6848e+06 2.62365e+06 1.88041e+06 2.94221e+06 2.41656e+06 1.89718e+06 2.88854e+06 2.62178e+06 2.38522e+06 1.86945e+06 2.00377e+06 2.00751e+06 2.17339e+06 1.85151e+06 1.81744e+06
threshold=741.05000000000007 1.0000000180025095e-35 1.5000000000000002 5.5000000000000009 5.5000000000000009 4.5000000000000009 1225.1500000000003 376.75000000000006 278.45000000000005 924.45000000000016 1.0000000180025095e-35 344.65000000000003 1.0000000180025095e-35 1.0000000180025095e-35 2.5000000000000004 3.5000000000000004 390.65000000000003 240.45000000000002 1069.4000000000003 271.14166666666677 1055.7500000000002 416.75000000000006 466.85000000000008 1.0000000180025095e-35 3.5500000000000003 362.04166666666669 404.55000000000007 1397.9500000000003 1.0000000180025095e-35 440.45000000000005 1.0000000180025095e-35 1.0000000180025095e-35 1.0000000180025095e-35 1.0000000180025095e-35 1.0000000180025095e-35 292.45000000000005 211.05000000000004 208.11250000000004 1.0000000180025095e-35 873.85000000000014 1.0000000180025095e-35 1.0000000180025095e-35 81.350000000000009 4.5000000000000009 4.5000000000000009 1.0000000180025095e-35 1.0000000180025095e-35 1083.5500000000002 291.45000000000005 1.0000000180025095e-35 1140.1000000000001 1.0000000180025095e-35 457.35000000000008 471.15000000000003 164.25000000000003 407.65000000000003 1.0000000180025095e-35 431.45000000000005 143.55000000000004 200.75000000000003 65.250000000000014 282.51250000000005
decision_type=2 2 2 2 2 2 2 2 2 2 2 2 2 2 2 2 2 2 2 2 2 2 2 2 2 2 2 2 2 2 2 2 2 2 2 2 2 2 2 2 2 2 2 2 2 2 2 2 2 2 2 2 2 2 2 2 2 2 2 2 2 2
left_child=3 -2 9 10 5 14 30 11 -5 24 12 35 13 31 34 23 17 18 -11 -19 -18 44 -22 27 -3 -17 -27 28 29 41 46 32 -1 -10 -4 36 -8 -12 39 -30 -9 42 -16 -44 45 -15 49 56 -49 52 51 60 55 -54 -55 -6 57 58 -48 -60 -51 -43
right_child=1 2 4 8 6 -7 7 40 33 16 37 -13 -14 21 15 25 20 19 -20 -21 22 -23 -24 -25 -26 26 -28 -29 38 -31 -32 -33 -34 -35 -36 -37 -38 -39 -40 -41 -42 61 43 -45 -46 -47 47 48 -50 50 -52 -53 53 54 -56 -57 -58 -59 59 -61 -62 -63
leaf_value=-2.47846130208959 -1.8621388160949714 14.077921529249714 0.40959855936759831 -0.96607224955262494 6.1689012333818152 -1.0189438248756562 13.848264528810979 16.620954168059608 0.76117119454948212 9.1703469241106959 -0.34555483829390488 -13.206814817871368 1.2446101275772252 -2.5290702127898075 -2.6771063940865654 0.77441445078773574 43.378797849019371 18.679419556260111 43.615090407371525 -12.07587794661522 7.8646953887939448 3.7612131457579765 33.643617835044857 16.226119863209515 -1.4298693625463379 -0.062460821953372686 15.30475296139717 23.00188682192848 2.548584262184475 -1.1473805844783784 -9.1228795528411872 -4.7559332627687718 0.65554182649510251 2.9475244834750853 -11.41284896326065 21.815048698425294 -5.5837251510885029 3.8238663649058142 8.3156111272176112 -19.478235888481141 32.12974553991247 -5.7805063179561067 10.701406894292592 22.901551686885746 -2.5602301097716191 0.77201379230873812 -12.95873833544114 26.31147074018206 4.7504660251528721 -12.477129476720638 -12.251951587901397 14.371964272998628 23.946734968821207 -6.8219268480936694 14.081756786033512 -1.3678160867300528 -12.866928327083588 11.242114594403436 15.83349687576294 -1.7204249106797598 2.8126267629440385 11.870585514068605
leaf_weight=7249 1665 44 204 3270 1105 1671 40 110 2830 27 627 28 1208 1181 21 563 21 20 25 32 25 361 20 92 72 69 80 21 23 67 32 1001 700 2090 50 25 36 595 30 24 27 35 164 43 1475 2136 34 21 43 22 34 42 36 24 40 116 32 34 20 149 198 25
leaf_count=7249 1665 44 204 3270 1105 1671 40 110 2830 27 627 28 1208 1181 21 563 21 20 25 32 25 361 20 92 72 69 80 21 23 67 32 1001 700 2090 50 25 36 595 30 24 27 35 164 43 1475 2136 34 21 43 22 34 42 36 24 40 116 32 34 20 149 198 25
internal_value=-0.0352955 2.1913 3.37202 -0.700041 2.88258 1.25202 5.1906 12.1215 0.629473 12.6645 -1.35865 4.09691 -1.60153 -1.84532 3.76346 4.91143 18.2681 12.7417 25.7303 -0.246917 26.9764 -0.728964 19.322 8.28918 4.4524 2.32594 8.18839 6.67726 5.8837 7.60888 4.26042 -2.48806 -2.20248 1.68993 -1.91765 8.89399 4.64364 1.68456 -2.07002 -8.69915 19.6774 9.64592 11.7701 13.2357 -1.06723 -0.403319 4.48004 1.04213 11.8252 5.18804 1.58601 3.38178 5.99515 12.6163 6.24288 5.45288 -1.52335 0.00827603 -1.87325 0.356962 1.28365 1.57412
internal_weight=32104 7381 5716 24723 5430 3182 2248 266 8190 286 16533 129 15311 14103 1511 1257 170 104 52 52 66 5153 45 545 116 712 149 453 432 355 1982 8950 7949 4920 254 101 76 1222 77 47 137 288 228 207 4792 3317 1950 333 64 1617 296 262 1321 100 64 1221 269 237 203 169 220 60
internal_count=32104 7381 5716 24723 5430 3182 2248 266 8190 286 16533 129 15311 14103 1511 1257 170 104 52 52 66 5153 45 545 116 712 149 453 432 355 1982 8950 7949 4920 254 101 76 1222 77 47 137 288 228 207 4792 3317 1950 333 64 1617 296 262 1321 100 64 1221 269 237 203 169 220 60
is_linear=0
shrinkage=0.05


Tree=76
num_leaves=63
num_cat=0
split_feature=9 5 39 40 36 36 36 34 40 33 37 18 40 40 33 34 32 33 25 40 40 32 6 37 32 25 32 21 36 36 34 36 36 36 40 36 33 32 34 33 33 34 36 32 34 34 34 25 8 32 40 33 32 12 36 33 18 32 32 32 34 33
split_gain=1.7537e+07 1.57022e+07 1.43711e+07 7.38286e+06 6.73903e+06 5.64022e+06 4.4017e+06 4.38787e+06 4.06639e+06 3.70726e+06 3.62832e+06 2.80979e+06 2.78605e+06 6.18383e+06 4.37298e+06 2.80809e+06 2.53675e+06 2.39362e+06 2.33275e+06 2.29735e+06 8.7687e+06 8.49864e+06 2.16778e+06 2.14043e+06 2.11321e+06 2.24089e+06 2.1015e+06 2.03318e+06 2.27097e+06 4.36108e+06 2.019e+06 1.91688e+06 1.88661e+06 1.88239e+06 1.83327e+06 1.91495e+06 2.00943e+06 3.84716e+06 1.75824e+06 5.8649e+06 1.75458e+06 2.4225e+06 1.7076e+06 2.43769e+06 1.6892e+06 1.95051e+06 2.35671e+06 1.64158e+06 1.86377e+06 2.37204e+06 1.60326e+06 2.15961e+06 1.58206e+06 1.58203e+06 1.93995e+06 1.55467e+06 1.87661e+06 1.98006e+06 1.87806e+06 1.53049e+06 3.60305e+06 2.20335e+06
threshold=1.0000000180025095e-35 1.0000000180025095e-35 1.0000000180025095e-35 5.5000000000000009 276.51666666666671 364.8250000000001 256.81666666666672 72.500000000000014 5.5000000000000009 494.35000000000008 3.5000000000000004 1.0000000180025095e-35 4.5000000000000009 1.0000000180025095e-35 487.15000000000003 368.55000000000007 414.85000000000008 259.50000000000006 1.0000000180025095e-35 1.0000000180025095e-35 1.5000000000000002 91.950000000000017 1.0000000180025095e-35 4.5000000000000009 489.55000000000007 1.0000000180025095e-35 406.45000000000005 1.0000000180025095e-35 215.17083333333335 273.71250000000003 426.25000000000006 323.02500000000003 416.75000000000006 302.3633333333334 1.0000000180025095e-35 216.37083333333337 330.95000000000005 121.45000000000002 1.0000000180025095e-35 162.05000000000004 24.450000000000003 275.80000000000001 142.31000000000003 222.95000000000002 413.35000000000008 327.35000000000008 206.45000000000002 1.0000000180025095e-35 1.0000000180025095e-35 478.05000000000007 1.5000000000000002 64.050000000000011 448.55000000000007 1.0000000180025095e-35 218.61250000000004 419.15000000000003 1.0000000180025095e-35 367.85000000000008 333.65000000000003 376.75000000000006 465.85000000000008 178.45000000000002
decision_type=2 2 2 2 2 2 2 2 2 2 2 2 2 2 2 2 2 2 2 2 2 2 2 2 2 2 2 2 2 2 2 2 2 2 2 2 2 2 2 2 2 2 2 2 2 2 2 2 2 2 2 2 2 2 2 2 2 2 2 2 2 2
left_child=1 2 8 5 34 12 17 11 22 18 -10 32 13 -4 15 24 33 -3 -5 -8 21 -21 -1 52 25 -15 -19 55 -29 -30 47 -13 -6 38 -2 36 -36 -38 -12 40 -40 -42 -41 -44 45 46 -22 48 49 -7 51 -27 -18 54 -37 56 57 58 -20 60 -9 -61
right_child=4 6 3 9 7 30 19 59 10 -11 16 31 -14 14 -16 -17 23 26 27 20 44 -23 -24 -25 -26 50 -28 28 29 -31 -32 -33 -34 -35 35 53 37 -39 39 42 41 -43 43 -45 -46 -47 -48 -49 -50 -51 -52 -53 -54 -55 -56 -57 -58 -59 -60 61 -62 -63
leaf_value=-2.5933127307611241 -1.4732078657850449 0.57893872270599922 -2.5175040104932958 1.6451084467899151 4.7826747756000536 1.5362099092268775 0.8995102331547985 5.0887254071958141 -1.0537311849365882 23.922912902832032 4.6507830547249842 -16.046594839543104 -2.4338882871597143 -0.18005099885752873 24.058922179540001 9.4146809984487714 16.645781074870719 4.274054660324393 2.9520291095901943 1.6927316761016848 4.8558653875863538 43.770647599498432 -0.28866504216314975 23.24707494882437 12.535149099952298 4.7350672364234923 19.975658105767295 5.2042296374139712 25.209143615805587 -2.7578144168853762 18.072936244444417 1.7454603660397414 10.974397604595993 16.416830117361886 0.53990153803529695 16.962987743105209 -0.21703169812326847 22.571987338508332 -0.23536447133773414 3.6919227426702328 4.7356900405883797 26.877678103674029 -17.21062159959008 -1.1200876557164723 15.211142107986269 -7.3720201184672689 18.494957421042702 6.5179805449189594 -8.184559129079183 12.702591081226574 2.2143434282890926 21.92106862449646 -0.28573782637312606 14.692487781926207 3.4523846651269845 14.83196308527674 -6.4926489775180816 10.269326031592584 -12.726131820678711 30.208405964191144 26.332334625244144 13.227065902286107
leaf_weight=9240 342 1362 1710 2758 628 705 221 99 4422 20 184 24 1967 1916 21 99 22 290 425 20 787 30 1147 26 38 68 23 121 46 20 22 41 153 21 894 28 46 31 39 22 30 21 68 36 42 31 33 227 45 51 508 25 37 38 520 28 50 93 20 26 25 72
leaf_count=9240 342 1362 1710 2758 628 705 221 99 4422 20 184 24 1967 1916 21 99 22 290 425 20 787 30 1147 26 38 68 23 121 46 20 22 41 153 21 894 28 46 31 39 22 30 21 68 36 42 31 33 227 45 51 508 25 37 38 520 28 50 93 20 26 25 72
internal_value=-0.0335307 -0.406441 -0.787813 0.592419 3.62858 -0.309255 3.12625 6.80609 -1.77763 2.4562 -0.594794 5.16436 -0.87041 -0.169073 1.33217 1.15234 3.41592 1.48503 2.33563 5.48797 6.56332 26.9395 -2.33882 11.2948 0.832194 0.655511 5.42785 4.70732 9.27367 16.7343 3.08547 -4.82391 5.99565 1.82517 1.84155 2.56965 1.20744 8.95777 1.05911 -2.00046 7.74803 13.853 -8.96368 -11.6408 5.42244 4.93933 5.40476 2.76472 1.70107 2.2895 3.3193 9.35496 6.02771 4.82682 4.14271 3.3211 2.77297 3.63408 2.24739 13.0624 9.37171 17.7323
internal_weight=32104 29137 26298 10983 2967 7402 2839 1068 15315 3581 4928 846 6352 4385 2675 2654 506 1675 3561 1164 943 50 10387 85 2555 2517 313 803 187 66 1050 65 781 421 1899 1557 971 77 400 216 90 51 126 104 893 851 820 1028 801 756 601 93 59 586 548 616 588 538 445 222 124 98
internal_count=32104 29137 26298 10983 2967 7402 2839 1068 15315 3581 4928 846 6352 4385 2675 2654 506 1675 3561 1164 943 50 10387 85 2555 2517 313 803 187 66 1050 65 781 421 1899 1557 971 77 400 216 90 51 126 104 893 851 820 1028 801 756 601 93 59 586 548 616 588 538 445 222 124 98
is_linear=0
shrinkage=0.05


Tree=77
num_leaves=63
num_cat=0
split_feature=9 5 25 40 31 31 37 2 34 33 40 40 31 40 40 33 33 37 40 40 23 40 31 33 31 18 37 33 31 31 37 33 34 29 29 33 33 34 24 31 33 34 40 40 31 33 34 8 33 28 33 31 22 40 31 33 33 37 33 34 31 33
split_gain=1.58272e+07 1.41712e+07 1.29884e+07 8.24647e+06 5.87912e+06 5.17234e+06 4.63511e+06 4.29952e+06 3.44311e+06 4.23047e+06 2.90084e+06 6.76729e+06 3.61123e+06 2.8273e+06 4.13908e+06 4.50648e+06 4.93539e+06 3.86399e+06 2.53333e+06 2.46208e+06 3.26358e+06 2.81415e+06 2.34961e+06 4.12217e+06 3.20284e+06 2.33398e+06 2.30146e+06 2.27889e+06 2.25789e+06 2.15353e+06 1.981e+06 2.42847e+06 1.92436e+06 3.4029e+06 2.00781e+06 2.08018e+06 2.75187e+06 1.87767e+06 1.86283e+06 1.85455e+06 1.85335e+06 1.83042e+06 1.71873e+06 2.079e+06 1.9888e+06 1.84693e+06 1.93327e+06 1.89162e+06 1.67505e+06 1.65184e+06 1.68508e+06 1.63489e+06 1.60968e+06 1.58315e+06 3.68453e+06 1.84968e+06 2.57704e+06 1.50803e+06 2.53857e+06 2.11318e+06 1.61367e+06 2.06368e+06
threshold=1.0000000180025095e-35 1.0000000180025095e-35 1.0000000180025095e-35 5.5000000000000009 330.25000000000006 292.25000000000006 2.5000000000000004 1.0000000180025095e-35 93.850000000000009 437.75000000000006 1.0000000180025095e-35 4.5000000000000009 456.45000000000005 1.0000000180025095e-35 1.5000000000000002 243.65000000000001 62.350000000000001 1.5000000000000002 5.5000000000000009 1.5000000000000002 1.0000000180025095e-35 2.5000000000000004 418.05000000000007 276.25000000000006 368.25000000000006 1.0000000180025095e-35 1.5000000000000002 328.85000000000008 228.25000000000003 450.45000000000005 4.5000000000000009 2.2500000000000004 169.45000000000002 1.0000000180025095e-35 1.0000000180025095e-35 332.7000000000001 387.50000000000006 478.50000000000006 1.0000000180025095e-35 420.25000000000006 187.75000000000003 266.65000000000003 1.0000000180025095e-35 1.5000000000000002 452.25000000000006 429.05000000000007 285.75000000000006 1.0000000180025095e-35 419.15000000000003 1.0000000180025095e-35 129.55000000000004 404.95000000000005 1.0000000180025095e-35 5.5000000000000009 26.850000000000005 283.45000000000005 372.05000000000007 4.5000000000000009 162.05000000000004 375.45000000000005 17.150000000000002 387.50000000000006
decision_type=2 2 2 2 2 2 2 2 2 2 2 2 2 2 2 2 2 2 2 2 2 2 2 2 2 2 2 2 2 2 2 2 2 2 2 2 2 2 2 2 2 2 2 2 2 2 2 2 2 2 2 2 2 2 2 2 2 2 2 2 2 2
left_child=1 2 3 7 37 27 -6 10 25 22 -1 12 19 -3 15 16 17 -15 -16 20 30 -21 24 29 -10 -7 -22 -2 53 -24 31 -12 34 -34 35 -20 -37 57 42 -9 -36 -26 -30 51 45 46 47 -45 -38 50 -14 -44 -23 -4 -55 -56 -57 60 -59 -60 61 -5
right_child=5 13 28 4 6 8 -8 39 9 -11 11 -13 49 14 18 -17 -18 -19 32 21 26 52 23 -25 41 -27 -28 -29 38 -31 -32 -33 33 -35 40 36 48 -39 -40 -41 -42 -43 43 44 -46 -47 -48 -49 -50 -51 -52 -53 -54 54 55 56 -58 58 59 -61 -62 -63
leaf_value=-3.1441083002806316 0.72884654296116247 -0.41408369164965331 -0.2794026430887781 -2.3643299688943133 0.84863523020131171 5.1547309234886161 5.697169931777073 -0.01750459603637412 11.426949655690365 27.840256959199905 1.4480569787242616 -3.0364966553643145 3.4184437034521928 0.4764360785484314 1.7061293877901182 27.159691929172823 -15.475018234252929 23.825900814662109 3.9497172958422264 -3.9511224786531844 0.73887816071510315 -0.58685855191851743 35.506013428081168 1.4428193487439838 8.3301307817300163 -3.8453450679779055 17.979047354873344 5.5039279058478243 0.83261903563118356 15.429493802435259 15.781197915758407 -6.1922174073034721 7.2653158007536902 29.110277748107912 4.3199729259197523 25.44145131994177 -5.5937100505828861 12.241436440604074 -2.4070422887802128 4.6875669683677605 -14.383344904581705 -8.581477320194244 8.2784501910209656 3.3664449581413494 10.090818453809016 14.225498155268227 12.557332463984221 -6.6196485463310699 12.45358984205458 -5.1397738071198162 12.284259839284989 25.247958460721105 -9.899677025003637 15.262280298101491 -0.34656289111324184 22.115532366434735 1.2915847680507564 11.28959692388341 2.7153233086669841 -13.697247299194338 -0.50190336704853544 -14.757240581512452
leaf_weight=4147 1362 507 778 835 1602 942 712 1318 84 32 645 4497 359 34 1242 37 20 37 687 816 32 3635 22 35 24 78 49 306 254 34 21 124 118 21 26 27 20 28 105 249 27 48 40 676 153 41 53 51 36 47 63 22 47 58 254 24 39 69 91 25 4304 35
leaf_count=4147 1362 507 778 835 1602 942 712 1318 84 32 645 4497 359 34 1242 37 20 37 687 816 32 3635 22 35 24 78 49 306 254 34 21 124 118 21 26 27 20 28 105 249 27 48 40 676 153 41 53 51 36 47 63 22 47 58 254 24 39 69 91 25 4304 35
internal_value=-0.0318542 -0.386119 -0.748423 -1.11238 0.232618 3.44715 2.34049 -1.75777 5.81279 10.7348 -2.02697 -1.57871 -0.455787 2.96994 3.70566 12.4466 6.46436 12.6445 3.19802 -0.823328 1.60986 -1.29449 8.51866 14.9037 4.79408 4.46649 11.1681 1.60485 2.64407 23.3167 0.629832 0.216075 5.12414 10.5656 4.2051 4.85303 12.3298 -0.672824 3.99723 0.730142 -5.20813 -2.94427 4.51851 5.42219 4.85708 3.88173 3.33802 2.66591 6.00813 3.75173 4.74201 14.2999 -0.705735 1.0069 3.67555 1.55558 9.22452 -0.7403 3.69538 -0.821869 -0.8989 -2.8629
internal_weight=32104 29137 26298 23750 7701 2967 2314 16049 1299 279 14482 10335 5838 2839 2332 128 91 71 2204 5369 871 4498 247 91 156 1020 81 1668 2548 56 790 769 962 139 823 770 83 5387 1395 1567 53 72 1290 1036 974 821 780 727 56 469 422 62 3682 1153 375 317 63 5359 185 116 5174 870
internal_count=32104 29137 26298 23750 7701 2967 2314 16049 1299 279 14482 10335 5838 2839 2332 128 91 71 2204 5369 871 4498 247 91 156 1020 81 1668 2548 56 790 769 962 139 823 770 83 5387 1395 1567 53 72 1290 1036 974 821 780 727 56 469 422 62 3682 1153 375 317 63 5359 185 116 5174 870
is_linear=0
shrinkage=0.05


Tree=78
num_leaves=63
num_cat=0
split_feature=35 40 40 40 35 9 25 28 9 36 36 35 5 40 25 35 40 31 25 4 34 33 36 10 33 31 35 32 36 32 36 40 33 36 2 32 36 33 32 31 32 31 31 31 33 33 36 36 2 33 33 31 36 36 36 9 36 33 35 33 31 32
split_gain=1.45291e+07 9.56963e+06 8.87972e+06 8.85268e+06 5.90044e+06 4.78904e+06 4.69536e+06 5.08013e+06 4.78819e+06 7.21757e+06 4.65235e+06 4.41303e+06 4.03889e+06 4.0318e+06 3.89019e+06 3.25632e+06 3.10853e+06 2.92886e+06 2.76189e+06 3.71663e+06 2.85397e+06 2.63565e+06 2.61247e+06 2.41504e+06 3.10781e+06 2.29683e+06 2.27652e+06 5.39881e+06 3.11483e+06 2.37471e+06 2.66307e+06 2.12022e+06 2.52128e+06 2.1114e+06 2.10137e+06 2.06691e+06 4.72059e+06 4.34761e+06 2.0964e+06 3.29913e+06 2.73376e+06 2.44254e+06 2.78926e+06 2.44216e+06 4.01119e+06 2.41455e+06 2.46353e+06 3.44394e+06 2.0296e+06 1.94625e+06 2.63087e+06 2.06764e+06 1.86959e+06 1.85237e+06 1.84827e+06 1.82127e+06 2.7225e+06 1.97862e+06 2.34779e+06 2.19203e+06 1.8162e+06 1.79252e+06
threshold=880.85000000000002 1.0000000180025095e-35 1.5000000000000002 5.5000000000000009 278.45000000000005 1.0000000180025095e-35 1.0000000180025095e-35 1.0000000180025095e-35 1.0000000180025095e-35 298.01666666666671 234.53750000000005 1455.95 1.0000000180025095e-35 5.5000000000000009 1.0000000180025095e-35 1096.7500000000002 4.5000000000000009 302.05000000000007 1.0000000180025095e-35 1.0000000180025095e-35 410.45000000000005 1.0000000180025095e-35 208.11250000000004 1.0000000180025095e-35 170.35000000000005 62.750000000000007 1225.1500000000003 376.75000000000006 340.75000000000006 268.35000000000008 331.81666666666672 2.5000000000000004 465.45000000000005 311.45833333333337 1.0000000180025095e-35 485.65000000000003 298.01666666666671 241.55000000000004 152.35000000000005 168.75000000000003 127.55000000000001 181.95000000000002 484.75000000000006 136.05000000000004 323.05000000000007 217.75000000000003 296.12500000000006 225.27083333333334 1.0000000180025095e-35 444.85000000000008 321.25000000000006 384.75000000000006 354.54166666666669 165.15833333333336 211.48750000000004 1.0000000180025095e-35 294.5125000000001 196.95000000000002 735.20000000000016 15.850000000000003 384.75000000000006 98.350000000000009
decision_type=2 2 2 2 2 2 2 2 2 2 2 2 2 2 2 2 2 2 2 2 2 2 2 2 2 2 2 2 2 2 2 2 2 2 2 2 2 2 2 2 2 2 2 2 2 2 2 2 2 2 2 2 2 2 2 2 2 2 2 2 2 2
left_child=3 -2 6 5 -5 12 7 8 9 10 -3 13 14 16 21 -11 23 -10 20 25 48 34 -7 31 -25 -20 35 29 60 33 -31 -4 -33 -28 -1 38 -37 -38 39 -15 61 43 -43 45 -45 -40 47 -47 55 50 -13 -51 -26 -14 -16 -6 57 59 -59 -57 -29 -41
right_child=1 2 11 4 18 22 -8 -9 17 15 -12 49 53 26 54 -17 -18 -19 19 -21 -22 -23 -24 24 52 -27 27 28 -30 30 -32 32 -34 -35 -36 36 37 -39 41 40 -42 42 -44 44 -46 46 -48 -49 -50 51 -52 -53 -54 -55 -56 56 -58 58 -60 -61 -62 -63
leaf_value=-1.673354044664378 -1.5455580613556208 25.90281008911133 -1.3350182921167404 -0.88507267011187141 0.63211681030299538 -0.60186954451577401 32.245285938580835 -10.530004040400188 13.185322661626907 22.279475264115767 -1.8696653817829334 3.9027972981736472 -1.5883942655113896 -17.90420895452085 -0.90385373400169478 49.805712618146629 -0.69657696313113748 -13.222001738775345 15.318031091690063 -9.7011948156356809 17.045569824350292 -3.2005637663831124 3.6425048650413254 12.638169816562108 -8.7357352979183194 4.9536903159229126 17.997733510335287 18.776001925801122 6.2779669655693908 -15.100760909049743 8.3011089229583757 4.7020125888806925 15.260907747679287 -1.6768770866394043 0.8903629301962136 12.696076921316294 1.1346927808678668 -29.955701255798342 20.81320072937012 2.2300545415099786 -9.2089400243759165 3.4226991679959791 18.337344698472457 3.6395581073760988 29.862298815590993 12.542518216371537 17.730495416373014 -8.2302563941703664 4.2137960117074877 -5.9153929249993693 20.160211273243554 12.517701208591461 7.3637319087982185 2.3693600533868757 2.7634068001008689 2.2209663737181464 9.1573769950572359 -0.039493958155314132 16.047165865676348 -7.8643462464958436 36.714986119951526 15.412050651822771
leaf_weight=10521 1089 25 126 3270 4124 682 30 24 21 22 38 37 418 23 672 21 965 21 60 40 29 2761 774 28 100 490 30 43 36 31 20 551 63 25 865 26 23 22 25 98 40 626 33 25 35 32 24 53 541 29 76 32 22 1010 703 165 162 48 43 80 21 35
leaf_count=10521 1089 25 126 3270 4124 682 30 24 21 22 38 37 418 23 672 21 965 21 60 40 29 2761 774 28 100 490 30 43 36 31 20 551 63 25 865 26 23 22 25 98 40 626 33 25 35 32 24 53 541 29 76 32 22 1010 703 165 162 48 43 80 21 35
internal_value=-0.0302615 2.55559 3.81119 -0.467798 0.812409 -1.0974 13.9924 10.8087 14.2691 19.9301 9.15116 3.1982 -1.33378 2.77408 -1.56788 35.7225 1.26908 -0.0183395 1.77242 5.01414 1.40404 -1.81466 1.65441 3.40037 -2.38468 6.08435 4.8795 9.71019 18.0439 1.84819 -5.92356 4.57302 5.78542 9.05473 -1.47859 3.99099 -4.2652 -14.0651 4.5498 -0.1132 2.25208 5.62125 4.16956 10.5525 18.9362 6.79865 3.5843 -0.409918 1.31618 10.9517 14.837 3.75443 -5.83255 1.21086 0.971117 0.977021 3.83321 1.2662 7.56189 -1.0722 24.6622 5.699
internal_weight=32104 4646 3557 27458 9052 18406 202 172 148 106 63 3355 16950 3181 15522 43 1855 42 5782 590 5192 14147 1456 890 150 550 1326 206 100 106 51 740 614 55 11386 1120 71 45 1049 196 173 853 659 194 60 134 109 85 5163 174 113 61 122 1428 1375 4622 498 336 91 245 64 133
internal_count=32104 4646 3557 27458 9052 18406 202 172 148 106 63 3355 16950 3181 15522 43 1855 42 5782 590 5192 14147 1456 890 150 550 1326 206 100 106 51 740 614 55 11386 1120 71 45 1049 196 173 853 659 194 60 134 109 85 5163 174 113 61 122 1428 1375 4622 498 336 91 245 64 133
is_linear=0
shrinkage=0.05


Tree=79
num_leaves=63
num_cat=0
split_feature=39 31 32 5 31 40 40 33 34 34 40 31 31 32 37 40 36 31 40 36 25 40 33 36 40 11 33 32 32 40 33 25 32 32 32 10 40 34 36 40 14 32 40 33 36 36 31 40 31 31 34 28 34 33 33 32 34 40 36 33 31 33
split_gain=1.34494e+07 7.46171e+06 7.5489e+06 7.44398e+06 4.18728e+06 4.13178e+06 4.75104e+06 5.76803e+06 4.14485e+06 4.0551e+06 3.93822e+06 3.52029e+06 3.4758e+06 3.01731e+06 6.65043e+06 3.0117e+06 2.90088e+06 2.53761e+06 2.96086e+06 2.41137e+06 2.36719e+06 2.30445e+06 4.88931e+06 4.58346e+06 4.16123e+06 2.95295e+06 3.55251e+06 2.08266e+06 3.49703e+06 3.045e+06 2.57836e+06 2.05709e+06 2.05459e+06 2.05282e+06 1.90441e+06 1.87315e+06 1.93826e+06 2.40903e+06 1.9028e+06 1.86995e+06 2.47628e+06 1.83764e+06 1.87421e+06 2.05737e+06 1.79124e+06 1.67924e+06 1.88193e+06 1.65618e+06 3.63785e+06 1.63737e+06 1.62189e+06 5.19757e+06 5.42743e+06 3.12736e+06 2.50138e+06 3.31177e+06 1.79805e+06 1.60581e+06 3.65022e+06 4.26522e+06 2.21248e+06 2.2099e+06
threshold=1.0000000180025095e-35 288.25000000000006 386.85000000000008 1.0000000180025095e-35 374.55000000000007 1.0000000180025095e-35 1.5000000000000002 64.050000000000011 392.15000000000003 271.35000000000008 1.0000000180025095e-35 460.75000000000006 474.75000000000006 276.55000000000007 4.5000000000000009 1.0000000180025095e-35 211.48750000000004 436.65000000000003 5.5000000000000009 244.65833333333336 1.0000000180025095e-35 3.5000000000000004 324.85000000000008 278.07083333333338 5.5000000000000009 1.0000000180025095e-35 228.45000000000002 306.25000000000006 282.15000000000003 5.5000000000000009 239.35000000000005 1.0000000180025095e-35 285.85000000000008 285.85000000000008 433.05000000000007 1.0000000180025095e-35 1.0000000180025095e-35 22.100000000000005 245.81250000000003 5.5000000000000009 1.0000000180025095e-35 404.55000000000007 5.5000000000000009 416.75000000000006 444.47500000000008 373.58333333333343 396.85000000000008 2.5000000000000004 420.25000000000006 482.95000000000005 150.50000000000003 1.0000000180025095e-35 232.95000000000002 65.950000000000017 274.45000000000005 205.15000000000001 84.850000000000009 5.5000000000000009 282.51250000000005 324.85000000000008 355.65000000000003 116.25000000000001
decision_type=2 2 2 2 2 2 2 2 2 2 2 2 2 2 2 2 2 2 2 2 2 2 2 2 2 2 2 2 2 2 2 2 2 2 2 2 2 2 2 2 2 2 2 2 2 2 2 2 2 2 2 2 2 2 2 2 2 2 2 2 2 2
left_child=3 9 15 4 39 -4 7 -7 11 20 -6 17 -13 -12 32 -3 -5 57 -19 -16 -2 22 25 -24 -23 31 -27 28 -11 -29 -31 -17 -15 -33 41 36 -18 -38 -39 -1 -41 42 -22 -44 45 46 -34 48 -25 -48 56 52 -52 -54 55 -55 -26 -8 -59 60 61 -60
right_child=1 2 5 16 10 6 8 -9 -10 27 13 12 -14 14 19 21 35 18 -20 -21 34 24 23 47 50 26 -28 29 -30 30 -32 33 44 -35 -36 -37 37 38 -40 40 -42 -43 43 -45 -46 -47 49 -49 -50 -51 51 -53 53 54 -56 -57 -58 58 59 -61 -62 -63
leaf_value=-2.0327445057181381 -0.75787553862842227 -0.92907548212214253 0.15476299891220266 -0.19032995084477727 -2.903438407203871 5.3231955051422126 3.7062620013249843 40.767450793584189 22.896386361122133 2.811890946400577 0.33890482232890079 25.392855586788873 7.4088763117624881 16.242512710447667 10.836941176369077 3.2254758248494655 -0.068617620022551534 4.6636720267209144 -15.32503309249878 34.271386005567471 -0.056176894986454173 -0.20502590202596652 30.558029612898828 -13.983182592391968 3.2634315973085473 0.35482279882309542 -20.685885885487433 3.9752841701110206 -14.314199666678906 5.9557506196639123 24.908714495207136 7.7812747775787301 12.146706214547159 25.04366335272789 6.5054820025460955 -2.4945587082246767 4.4186175862684953 22.186419187273302 7.2731810205632996 -0.88341162967981013 12.106639483168319 -7.3955695778131485 2.9579372267295314 15.465681140621506 12.484227202440564 -2.7642459873642244 0.015329495558933337 17.321495117459978 14.890238920847574 13.369132848886345 21.220237403166923 32.086313333511349 17.185963984727859 -0.25137346055772575 4.6470464301109322 -26.070352023580803 -7.7687149625075493 22.221909936991608 16.218279849158392 20.844936226509716 -4.7488622896599049 -4.1912552106948127
leaf_weight=9023 5036 859 199 873 774 22 297 24 40 435 2409 44 69 27 21 407 206 44 32 23 850 1464 32 20 1316 157 23 201 32 34 38 124 52 20 169 113 755 35 55 4344 37 64 379 36 38 168 196 28 24 26 38 20 20 27 40 23 38 44 36 37 66 21
leaf_count=9023 5036 859 199 873 774 22 297 24 40 435 2409 44 69 27 21 407 206 44 32 23 850 1464 32 20 1316 157 23 201 32 34 38 124 52 20 169 113 755 35 55 4344 37 64 379 36 38 168 196 28 24 26 38 20 20 27 40 23 38 44 36 37 66 21
internal_value=-0.0287484 1.21757 2.57988 -0.869093 -1.20873 6.58224 8.23052 23.8159 7.24843 0.158468 0.272031 6.34131 14.4115 1.10237 4.4403 1.74605 1.98843 4.76084 -3.75262 23.0868 -0.238824 2.34745 4.66948 14.8131 1.69812 3.22634 -2.33371 3.66646 1.63837 7.13575 15.9587 5.04269 2.82206 10.1788 1.50613 3.6225 4.28018 5.34036 13.0728 -1.62124 -0.773703 0.870396 1.28859 4.04295 2.06716 1.17158 3.58478 7.81533 1.76596 1.57929 3.52875 8.16245 4.92949 -0.698219 -4.67248 -12.1281 2.95381 6.0523 9.46786 5.9605 1.48306 8.69898
internal_weight=32104 12929 5655 19175 17138 975 776 46 730 7274 3734 690 113 2960 551 4680 2037 577 76 44 6534 3821 835 104 2986 731 180 740 467 273 72 551 507 144 1498 1164 1051 845 90 13404 4381 1329 1265 415 480 442 274 72 44 222 1522 168 148 110 90 50 1354 501 204 160 123 57
internal_count=32104 12929 5655 19175 17138 975 776 46 730 7274 3734 690 113 2960 551 4680 2037 577 76 44 6534 3821 835 104 2986 731 180 740 467 273 72 551 507 144 1498 1164 1051 845 90 13404 4381 1329 1265 415 480 442 274 72 44 222 1522 168 148 110 90 50 1354 501 204 160 123 57
is_linear=0
shrinkage=0.05


Tree=80
num_leaves=63
num_cat=0
split_feature=39 40 40 5 9 40 35 9 33 35 11 36 36 40 33 33 34 34 31 40 40 35 36 37 36 33 31 34 8 31 31 31 10 34 31 35 33 33 35 31 33 33 31 31 5 11 36 36 40 31 35 35 33 31 31 40 34 35 31 36 36 36
split_gain=1.40721e+07 7.7468e+06 9.42307e+06 6.46867e+06 6.65238e+06 6.02573e+06 4.70715e+06 4.00545e+06 3.97422e+06 3.70739e+06 3.36013e+06 3.58873e+06 4.66655e+06 3.16125e+06 3.0308e+06 2.99385e+06 2.62758e+06 4.76186e+06 3.50231e+06 2.566e+06 3.45982e+06 3.95438e+06 2.41114e+06 2.40679e+06 3.12468e+06 2.33957e+06 2.29375e+06 2.83539e+06 2.22628e+06 2.16817e+06 2.11699e+06 2.04822e+06 1.95163e+06 2.38066e+06 1.90916e+06 1.87327e+06 1.81193e+06 1.7977e+06 3.77489e+06 2.12898e+06 1.73043e+06 1.65935e+06 1.91692e+06 1.72775e+06 1.56461e+06 1.55878e+06 1.55727e+06 1.5456e+06 1.53958e+06 1.52816e+06 2.4083e+06 1.49199e+06 2.59979e+06 1.41374e+06 1.39684e+06 1.33047e+06 2.36015e+06 2.14664e+06 2.48926e+06 1.5554e+06 1.31552e+06 1.86559e+06
threshold=1.0000000180025095e-35 1.0000000180025095e-35 1.5000000000000002 1.0000000180025095e-35 1.0000000180025095e-35 5.5000000000000009 712.95000000000016 1.0000000180025095e-35 457.35000000000008 639.85000000000014 1.0000000180025095e-35 329.71250000000009 275.04166666666669 4.5000000000000009 494.35000000000008 15.850000000000003 342.25000000000006 1.0500000000000003 334.05000000000007 1.0000000180025095e-35 1.5000000000000002 880.85000000000002 281.01000000000005 4.5000000000000009 261.05833333333339 150.15000000000001 288.25000000000006 419.85000000000008 1.0000000180025095e-35 452.25000000000006 323.95000000000005 464.85000000000008 1.0000000180025095e-35 375.45000000000005 368.25000000000006 765.35000000000002 131.65000000000001 1.0000000180025095e-35 572.75000000000011 236.55000000000004 339.05000000000007 299.05000000000007 448.25000000000006 328.15000000000003 1.0000000180025095e-35 1.0000000180025095e-35 303.91666666666674 342.98333333333341 2.5000000000000004 388.85000000000008 867.25000000000011 1225.1500000000003 365.95000000000005 127.75000000000001 486.35000000000008 5.5000000000000009 192.25000000000003 1140.1000000000001 366.05000000000007 259.61250000000007 354.54166666666669 254.11000000000004
decision_type=2 2 2 2 2 2 2 2 2 2 2 2 2 2 2 2 2 2 2 2 2 2 2 2 2 2 2 2 2 2 2 2 2 2 2 2 2 2 2 2 2 2 2 2 2 2 2 2 2 2 2 2 2 2 2 2 2 2 2 2 2 2
left_child=3 -2 6 4 19 7 31 13 15 40 16 12 -12 26 -11 29 17 18 -8 -1 21 35 45 34 25 -25 48 28 44 -6 -10 -3 33 -27 -22 37 -17 38 -21 -39 54 43 60 -5 -28 -9 -24 -15 -4 -30 -51 -36 -53 -38 -7 56 59 58 -57 -55 61 -43
right_child=1 2 5 41 8 9 10 22 30 14 11 -13 -14 47 -16 36 -18 -19 -20 20 23 -23 46 24 -26 32 27 -29 49 -31 -32 -33 -34 -35 51 -37 53 39 -40 -41 -42 42 -44 -45 -46 -47 -48 -49 -50 50 -52 52 -54 55 -56 57 -58 -59 -60 -61 -62 -63
leaf_value=-2.8321956144158831 -1.3220639572416006 3.807777988652925 -3.2224800396358733 -0.021742555276794331 1.9715608307475296 1.6690880875029035 9.9171488669610799 4.0980348650300717 23.593088082344302 4.3907113535439271 -2.1162104797363281 -12.890269966125487 29.855588763100759 -1.8587473870171403 20.163753877147553 -6.8594365054503417 31.596231650114063 0.60097299876965982 32.307758040428162 1.794004388314357 -1.8820773418712484 18.576390023912705 18.278820455641974 6.9103507644544209 19.800659015655519 3.2006705348968509 2.5303769800308999 17.5275750041008 1.1007764963003306 9.2372861210223842 2.7280610466003417 18.594991592407226 -13.329151445627213 -12.929177440915788 -0.13837216157334586 -13.734957976341247 -5.0531426685350436 0.22448025993678883 20.609337854385377 -18.686740597811614 -10.282541117668153 9.0111750484876385 -8.5437882264455158 3.3001707239478244 9.4888366829265252 -5.3495992271988477 6.9892024832112458 1.3868515168970041 0.70330234076925136 1.6341295957565309 -21.44408757503216 5.915649280548096 -16.682438043866838 0.45148841930063144 12.903162581580027 4.352726248626051 8.6171562872680969 -6.7798605422973637 23.499371453126273 -9.4119051400949996 18.528623592853545 0.88181637461858853
leaf_weight=3014 2357 370 307 1086 1124 2349 31 228 31 1734 25 20 21 2004 31 133 30 38 40 556 8777 35 42 118 25 125 985 32 52 113 20 25 32 28 2463 20 111 46 28 22 30 153 24 612 88 54 112 449 1339 20 26 20 35 95 28 58 51 25 24 69 20 131
leaf_count=3014 2357 370 307 1086 1124 2349 31 228 31 1734 25 20 21 2004 31 133 30 38 40 556 8777 35 42 118 25 125 985 32 52 113 20 25 32 28 2463 20 111 46 28 22 30 153 24 612 88 54 112 449 1339 20 26 20 35 95 28 58 51 25 24 69 20 131
internal_value=-0.0111806 1.26862 1.84961 -0.867775 -1.18258 1.48122 7.93413 0.429916 1.64643 2.92715 14.0816 4.79177 12.4796 0.0510911 4.66774 1.25709 18.4926 14.886 22.5316 -1.5244 -1.20472 2.19126 5.03664 -1.41129 2.81089 1.40909 1.18397 2.84347 2.4422 2.63529 15.4107 4.74368 -2.09982 0.248803 -1.5339 1.33787 -1.75497 1.80022 2.69611 -5.89386 1.65081 1.80446 5.06021 1.17555 3.10106 2.28891 10.0682 -1.26467 -0.0289062 -4.77167 -11.4101 -0.320247 -8.46495 -0.187084 1.80142 1.49035 -0.777 6.04623 9.95662 -3.69835 6.13421 5.26137
internal_weight=32091 12867 10510 19224 17198 9910 600 5738 1854 4172 205 66 46 5302 1765 1803 139 109 71 15344 12330 707 436 11623 328 303 2849 1203 1171 1237 51 395 185 153 11295 672 566 652 584 68 2407 2026 328 1698 1073 282 154 2453 1646 98 46 2518 55 433 2377 322 215 107 82 164 304 284
internal_count=32091 12867 10510 19224 17198 9910 600 5738 1854 4172 205 66 46 5302 1765 1803 139 109 71 15344 12330 707 436 11623 328 303 2849 1203 1171 1237 51 395 185 153 11295 672 566 652 584 68 2407 2026 328 1698 1073 282 154 2453 1646 98 46 2518 55 433 2377 322 215 107 82 164 304 284
is_linear=0
shrinkage=0.05


Tree=81
num_leaves=63
num_cat=0
split_feature=39 40 40 5 9 40 34 34 34 36 33 33 33 9 40 34 11 32 33 32 36 40 32 40 5 33 37 33 33 32 33 34 36 32 36 40 40 40 32 40 36 34 34 7 33 36 32 36 8 9 32 8 40 33 33 34 24 36 38 32 24 32
split_gain=1.27001e+07 6.99148e+06 8.50432e+06 5.83798e+06 6.00377e+06 5.43822e+06 4.24632e+06 8.84726e+06 6.73784e+06 3.71932e+06 3.58673e+06 3.1113e+06 2.70195e+06 2.6794e+06 2.42369e+06 3.25905e+06 2.3791e+06 2.75001e+06 2.65366e+06 2.36987e+06 2.25563e+06 2.1345e+06 1.98455e+06 1.92861e+06 2.3554e+06 1.73145e+06 2.45694e+06 2.1703e+06 2.05587e+06 1.72251e+06 1.64308e+06 1.63952e+06 1.63864e+06 1.55641e+06 1.53164e+06 1.51526e+06 3.08662e+06 2.43185e+06 3.08589e+06 1.51539e+06 1.50941e+06 1.48146e+06 2.86539e+06 2.96261e+06 2.60983e+06 1.94335e+06 1.89357e+06 1.57814e+06 1.46321e+06 1.71756e+06 1.68079e+06 1.45752e+06 1.56935e+06 2.0484e+06 1.4201e+06 5.14393e+06 3.26909e+06 3.79181e+06 3.18271e+06 3.08237e+06 2.89767e+06 5.29386e+06
threshold=1.0000000180025095e-35 1.0000000180025095e-35 1.5000000000000002 1.0000000180025095e-35 1.0000000180025095e-35 5.5000000000000009 333.45000000000005 247.15000000000001 424.75000000000006 293.01666666666671 457.35000000000008 494.35000000000008 15.850000000000003 1.0000000180025095e-35 5.5000000000000009 453.00000000000006 1.0000000180025095e-35 337.95000000000005 127.75000000000001 253.05000000000004 227.72500000000002 4.5000000000000009 440.45000000000005 2.5000000000000004 1.0000000180025095e-35 357.45000000000005 4.5000000000000009 393.85000000000008 446.85000000000008 79.250000000000014 123.75000000000001 22.100000000000005 303.91666666666674 402.85000000000008 248.08750000000001 4.5000000000000009 1.0000000180025095e-35 1.5000000000000002 418.85000000000008 2.5000000000000004 211.48750000000004 133.15000000000001 428.15000000000003 1.0000000180025095e-35 87.250000000000014 206.78750000000005 406.45000000000005 183.88333333333335 1.0000000180025095e-35 1.0000000180025095e-35 300.25000000000006 1.0000000180025095e-35 4.5000000000000009 361.75000000000006 345.40000000000003 463.65000000000003 1.0000000180025095e-35 385.0750000000001 1.0000000180025095e-35 203.00000000000003 1.0000000180025095e-35 433.05000000000007
decision_type=2 2 2 2 2 2 2 2 2 2 2 2 2 2 2 2 2 2 2 2 2 2 2 2 2 2 2 2 2 2 2 2 2 2 2 2 2 2 2 2 2 2 2 2 2 2 2 2 2 2 2 2 2 2 2 2 2 2 2 2 2 2
left_child=3 -2 6 4 14 9 7 16 -8 21 12 20 -6 33 35 -16 18 -18 29 -20 22 23 25 -4 48 41 27 -27 -29 -3 -14 -12 -15 -11 -21 36 -1 38 -38 -39 -5 46 43 44 47 -46 -7 -43 49 -25 -50 52 53 -35 60 56 57 58 59 -56 -22 -62
right_child=1 2 5 40 10 11 8 -9 -10 13 31 -13 30 32 15 -17 17 -19 19 34 54 -23 -24 24 -26 26 -28 28 -30 -31 -32 -33 -34 51 -36 -37 37 39 -40 -41 -42 42 -44 -45 45 -47 -48 -49 50 -51 -52 -53 -54 -55 55 -57 -58 -59 -60 -61 61 -63
leaf_value=-2.6905858321737544 -1.2559607676673314 3.4986430302644389 -2.4495963897745487 0.12191344101876367 2.5035208563872207 1.2781609790010946 41.304211740908414 -26.337146587371826 3.4329554796218873 0.90314834414840162 7.4394477905765655 18.311608240008354 -6.8065023951843138 21.292034646739133 -0.61293622733138464 19.126838379814512 -2.7594001960126979 13.635650285993306 26.6435542751003 0.78252197901407883 3.6935685724073384 -1.6741237041351746 11.547463875628532 0.79684009207308115 7.6655842378954677 -23.672498489561537 5.7123209283158589 4.3756911014688429 -14.986910585256723 10.965221790083094 -0.2550755646180462 25.80133625030518 6.6397422932886663 11.707253634072037 17.383107550938927 -2.7687641854233873 1.3507636653651824 -3.3307550031895197 17.010439037554193 -0.63810525255012229 2.883944821649882 -4.4492443353899063 -8.6438996253475064 -2.8912785450617475 21.941253395403848 5.5337645604060253 -9.6134920364472922 13.565635890960692 -7.9376574397087101 7.365023637876333 4.4484917249435041 -3.3359302966594697 2.2093631121420092 -2.9019162630212723 10.956302533547085 31.102012498378755 18.685853435993195 17.747847788674491 -11.060053144182477 -0.1166545909184676 1.6633599672317505 -21.701771068572999
leaf_weight=3014 2357 156 413 858 1237 1495 23 20 24 1181 31 32 122 23 4859 21 95 35 37 24 1675 1836 47 1426 136 21 37 29 26 153 444 20 112 139 33 3275 674 641 33 2827 1168 31 31 48 59 26 41 20 92 107 39 50 155 29 96 20 40 42 42 182 100 32
leaf_count=3014 2357 156 413 858 1237 1495 23 20 24 1181 31 32 122 23 4859 21 95 35 37 24 1675 1836 47 1426 136 21 37 29 26 153 444 20 112 139 33 3275 674 641 33 2827 1168 31 31 48 59 26 41 20 92 107 39 50 155 29 96 20 40 42 42 182 100 32
internal_value=-0.0106216 1.20519 1.75713 -0.824386 -1.12345 1.40716 7.53742 6.31115 21.9657 0.40842 1.56411 2.78079 1.19424 2.37939 -1.44818 -0.52799 7.53622 1.65465 9.4335 16.7897 2.66075 -0.413751 1.40029 0.631909 1.33894 1.14443 -4.85426 -9.99851 -4.77754 7.19569 -1.66722 14.6402 9.13606 1.79242 10.3934 -1.87732 -1.47122 -0.590941 2.0817 -1.1358 1.71424 1.53156 5.41886 7.78813 11.5573 16.9225 0.987433 2.61541 0.821862 1.25528 -4.25018 4.60806 5.83778 9.18543 3.74138 6.35293 5.12163 3.62282 1.76891 3.7071 3.13149 -4.00091
internal_weight=32091 12867 10510 19224 17198 9910 600 553 47 5738 1854 4172 1803 1689 15344 4880 533 130 403 94 4140 4049 1911 2213 1800 1864 113 76 55 309 566 51 135 1554 57 10464 7189 4175 707 3468 2026 1751 215 184 136 85 1536 51 1664 1533 131 373 323 168 2229 422 402 362 320 278 1807 132
internal_count=32091 12867 10510 19224 17198 9910 600 553 47 5738 1854 4172 1803 1689 15344 4880 533 130 403 94 4140 4049 1911 2213 1800 1864 113 76 55 309 566 51 135 1554 57 10464 7189 4175 707 3468 2026 1751 215 184 136 85 1536 51 1664 1533 131 373 323 168 2229 422 402 362 320 278 1807 132
is_linear=0
shrinkage=0.05


Tree=82
num_leaves=63
num_cat=0
split_feature=2 25 40 35 34 32 40 40 40 23 32 40 36 33 40 35 33 33 36 36 32 34 33 28 36 35 34 32 36 32 27 35 37 32 34 32 33 35 35 37 36 36 36 35 32 35 36 21 18 33 35 32 36 7 34 32 8 36 35 28 32 32
split_gain=1.15882e+07 9.0403e+06 7.39421e+06 6.01518e+06 4.44326e+06 6.47699e+06 3.68179e+06 8.59523e+06 5.72278e+06 4.60903e+06 3.83291e+06 3.67737e+06 3.48236e+06 5.07853e+06 3.04082e+06 2.90998e+06 2.90769e+06 4.78201e+06 2.86986e+06 2.69851e+06 2.57595e+06 2.53154e+06 3.0326e+06 3.20849e+06 3.05271e+06 2.37818e+06 3.10139e+06 2.36888e+06 2.08749e+06 2.08172e+06 2.07424e+06 2.42245e+06 1.9313e+06 1.8626e+06 1.75918e+06 5.08253e+06 4.05358e+06 3.1707e+06 2.80426e+06 1.728e+06 1.67745e+06 2.42681e+06 2.05498e+06 2.64386e+06 2.19682e+06 3.43679e+06 3.05798e+06 2.80291e+06 2.65247e+06 2.24141e+06 3.60393e+06 2.29339e+06 3.3063e+06 1.85332e+06 2.8321e+06 2.37416e+06 1.76814e+06 2.2677e+06 1.77691e+06 1.76697e+06 1.98939e+06 2.40423e+06
threshold=1.0000000180025095e-35 1.0000000180025095e-35 5.5000000000000009 517.05000000000007 478.50000000000006 268.35000000000008 4.5000000000000009 1.0000000180025095e-35 1.5000000000000002 1.0000000180025095e-35 13.15 2.5000000000000004 387.95000000000005 335.05000000000007 3.5000000000000004 592.85000000000014 341.05000000000007 217.75000000000003 185.05833333333337 244.65833333333336 426.95000000000005 133.15000000000001 300.85000000000008 1.0000000180025095e-35 272.41250000000008 902.1500000000002 268.95000000000005 337.95000000000005 345.05000000000013 470.75000000000006 1.0000000180025095e-35 832.35000000000025 3.5000000000000004 466.85000000000008 11.250000000000002 212.85000000000005 1.0000000180025095e-35 572.75000000000011 759.00000000000011 2.5000000000000004 228.87083333333337 245.81250000000003 268.21666666666675 777.00000000000011 331.75000000000006 1313.1500000000003 349.91250000000008 1.0000000180025095e-35 1.0000000180025095e-35 228.45000000000002 1203.6500000000003 272.55000000000007 299.32916666666671 1.0000000180025095e-35 118.65000000000002 227.45000000000002 1.0000000180025095e-35 336.48750000000007 747.75000000000011 1.0000000180025095e-35 378.65000000000003 422.85000000000008
decision_type=2 2 2 2 2 2 2 2 2 2 2 2 2 2 2 2 2 2 2 2 2 2 2 2 2 2 2 2 2 2 2 2 2 2 2 2 2 2 2 2 2 2 2 2 2 2 2 2 2 2 2 2 2 2 2 2 2 2 2 2 2 2
left_child=1 2 6 -4 30 -6 7 -1 9 16 -11 -10 21 -14 15 -13 17 29 -12 -19 28 -2 -23 24 25 -24 -27 -20 -3 34 40 -32 -18 -16 36 -36 37 -9 -39 -35 -5 53 43 -43 47 48 -47 49 59 56 51 -51 -53 54 -42 -56 57 -44 -59 60 -46 -62
right_child=12 20 3 4 5 -7 -8 8 11 10 18 14 13 -15 33 -17 32 19 27 -21 -22 22 23 -25 -26 26 -28 -29 -30 -31 31 -33 -34 39 35 -37 -38 38 -40 -41 41 42 44 -45 45 46 -48 -49 -50 50 -52 52 -54 -55 55 -57 -58 58 -60 -61 61 -63
leaf_value=-2.2889386164552996 1.6402381774473236 1.269099517809904 -0.31435708737568513 0.85848401372854966 36.659108302904215 -1.288793217052113 -2.2464546441355266 1.9734200832703892 -2.8244407993367129 -0.32457108626494535 2.7344143104553225 0.59432573105278852 5.6270882219076164 25.485048510577229 -1.0508174340588048 4.5666304296489777 23.955949385960899 -3.1725874409531105 33.898011589050292 -25.4828880061274 6.6595970007814946 2.2586433766729237 5.9761192505176259 -5.9625439643859863 6.3362349791346864 36.856278705596928 14.81148835879106 13.983818810326714 5.4826538531403797 17.898613266511397 5.4589333152771005 -17.160471740262263 6.3232860391790222 -2.5524883785763302 -3.3585298767089848 30.007872949327744 -8.4715978788775068 19.696484266008653 -1.7916644876653498 11.143350282262583 6.4976682215682731 4.2066041465697248 3.3016164625684419 -5.7129204487478411 -2.262709884441227 28.996197364443823 4.1189502573013312 -9.4022496435377345 -6.1973311103474016 10.710602494386528 -5.8522016448974616 11.178235574202105 39.267453291416167 -2.3080996253273702 7.3000451725721369 29.540017191569014 -4.1007998313903817 21.172699780213208 3.3170581817626954 -3.7808993144911165 11.163444747215461 2.4097340117655528
leaf_weight=5015 2183 2092 5696 1022 23 22 5550 735 1110 37 20 1683 248 37 2571 635 24 33 32 23 316 309 26 28 106 27 39 28 342 22 20 29 44 37 25 21 86 49 22 61 121 123 168 148 109 21 30 27 110 104 25 22 20 33 20 30 50 38 22 98 121 223
leaf_count=5015 2183 2092 5696 1022 23 22 5550 735 1110 37 20 1683 248 37 2571 635 24 33 32 23 316 309 26 28 106 27 39 28 342 22 20 29 44 37 25 21 86 49 22 61 121 123 168 148 109 21 30 27 110 104 25 22 20 33 20 30 50 38 22 98 121 223
internal_value=-0.0100905 -0.315377 -0.600202 0.616073 2.52314 18.1068 -1.17726 -0.695324 0.399767 3.55447 12.9826 -0.221653 2.94701 8.20514 0.357672 1.68251 2.53686 1.86692 19.1371 -12.3357 2.41253 2.39566 5.47805 9.87981 12.1201 18.7842 23.8298 24.6047 1.86114 2.69541 2.26664 -7.92806 12.5466 -0.792937 2.33883 11.874 1.8471 2.94811 13.0382 5.97247 2.45269 3.43241 2.71819 -1.2107 3.61443 1.85641 14.3625 6.24407 0.891494 7.18494 11.6893 14.693 24.5541 8.54045 10.634 20.644 4.41428 6.28162 14.6256 2.30669 3.62365 5.4888
internal_weight=32091 29088 26338 8475 2779 45 17863 12313 7298 1201 117 6097 3003 285 4987 2318 1084 1016 80 56 2750 2718 535 226 198 92 66 60 2434 960 2734 49 68 2669 938 46 892 806 71 98 2685 1663 1459 271 1188 712 51 476 661 449 171 146 42 204 171 50 278 228 60 551 453 344
internal_count=32091 29088 26338 8475 2779 45 17863 12313 7298 1201 117 6097 3003 285 4987 2318 1084 1016 80 56 2750 2718 535 226 198 92 66 60 2434 960 2734 49 68 2669 938 46 892 806 71 98 2685 1663 1459 271 1188 712 51 476 661 449 171 146 42 204 171 50 278 228 60 551 453 344
is_linear=0
shrinkage=0.05


Tree=83
num_leaves=63
num_cat=0
split_feature=2 40 40 40 35 40 32 23 36 34 32 9 35 36 31 33 32 33 33 31 40 40 31 9 36 31 34 32 36 36 31 36 31 33 36 32 35 36 31 28 32 35 32 33 31 32 36 36 32 36 31 36 35 32 36 31 36 32 31 34 33 22
split_gain=1.04584e+07 7.954e+06 9.08498e+06 6.5953e+06 6.38097e+06 5.39016e+06 4.78238e+06 5.58929e+06 4.19354e+06 3.6465e+06 4.55982e+06 3.45916e+06 3.23126e+06 3.95528e+06 4.06751e+06 3.125e+06 2.95572e+06 2.69698e+06 2.61683e+06 2.51154e+06 2.34277e+06 2.2117e+06 2.02207e+06 2.00186e+06 1.99185e+06 4.30144e+06 4.5398e+06 2.584e+06 2.57919e+06 2.56856e+06 3.52421e+06 2.25187e+06 2.09713e+06 2.1047e+06 2.0949e+06 1.97831e+06 1.99086e+06 1.89118e+06 1.88379e+06 1.84009e+06 2.75642e+06 1.80118e+06 1.75392e+06 2.61285e+06 1.74983e+06 2.29932e+06 1.74701e+06 2.42659e+06 2.27899e+06 2.27444e+06 3.67535e+06 2.31523e+06 1.92269e+06 1.90591e+06 1.9608e+06 1.76549e+06 4.28987e+06 2.44449e+06 2.03464e+06 1.93143e+06 1.82972e+06 1.73255e+06
threshold=1.0000000180025095e-35 1.0000000180025095e-35 1.5000000000000002 5.5000000000000009 538.75000000000011 4.5000000000000009 9.9500000000000011 1.0000000180025095e-35 185.05833333333337 478.50000000000006 268.35000000000008 1.0000000180025095e-35 712.95000000000016 387.95000000000005 15.950000000000001 131.65000000000001 1.4500000000000002 437.75000000000006 335.05000000000007 146.55000000000004 2.5000000000000004 3.5000000000000004 255.55000000000004 1.0000000180025095e-35 233.41666666666669 119.55000000000001 62.750000000000007 472.65000000000003 147.81250000000003 347.52916666666675 436.65000000000003 166.41000000000003 217.85000000000005 196.95000000000002 196.81666666666669 366.15000000000003 567.95000000000016 125.61 4.4500000000000011 1.0000000180025095e-35 380.65000000000003 412.35000000000008 450.65000000000003 367.75000000000006 446.65000000000003 161.90000000000003 390.78333333333336 227.72500000000002 440.45000000000005 444.47500000000008 386.75000000000006 406.77500000000003 873.85000000000014 420.85000000000008 226.32916666666668 310.25000000000006 234.53750000000005 18.650000000000002 320.15000000000003 387.95000000000005 159.55000000000004 1.0000000180025095e-35
decision_type=2 2 2 2 2 2 2 2 2 2 2 2 2 2 2 2 2 2 2 2 2 2 2 2 2 2 2 2 2 2 2 2 2 2 2 2 2 2 2 2 2 2 2 2 2 2 2 2 2 2 2 2 2 2 2 2 2 2 2 2 2 2
left_child=1 -1 6 5 22 11 16 17 -9 37 -11 20 19 14 -14 -10 41 24 -15 -2 -4 44 -5 39 25 31 28 29 -27 30 32 -8 -26 35 -33 36 -34 -6 -39 -16 -41 -3 43 -25 -22 -46 47 48 53 50 51 -48 -52 54 -40 -49 -57 -58 60 -60 -59 -23
right_child=12 2 3 4 9 -7 7 8 15 10 -12 -13 13 18 23 -17 -18 -19 -20 -21 21 61 -24 42 27 26 -28 -29 -30 -31 -32 34 33 -35 -36 -37 -38 38 46 40 -42 -43 -44 -45 45 -47 49 55 -50 -51 52 -53 -54 -55 -56 56 57 58 59 -61 -62 -63
leaf_value=-2.0086127414888195 -1.2642149307655879 0.66622928995234965 -2.3445448739385784 -0.75516613214259942 17.443342445010231 -1.9484952399702546 4.1349499496080542 0.36352889736493432 13.712575329051299 30.088965974030675 0.45472500610351568 3.5150399929079827 20.553082614626206 8.5596170620061454 3.3077778043230168 34.850048071808281 -12.257870211968056 18.6988550894601 24.210796490231075 2.7457574592455911 0.86665975457589295 -0.61711763657663665 1.1058727400030015 0.81093369690995465 4.8669553756713873 -1.2225198289622432 34.091632490158084 16.029734717061125 12.553303346909011 10.017844395759779 8.721558334952908 -21.494758472442626 -12.525747573943367 -25.019714220364889 1.3902932929992677 -20.236435499645417 8.9973100575533778 -6.6173510258657888 1.106629785158477 1.9290821645570837 -13.286605978418482 7.6723946498973037 22.478029417991639 15.90899864629559 2.2931142377927438 13.434875505153949 -3.2241648096026796 2.321531395341232 8.9832377305844933 7.8806573232014969 -4.8743470907211304 17.441074868907101 -19.227137162089349 -10.673663171459186 -13.999828754771841 22.675197121756419 -9.1994848887125666 6.2392684182773035 4.171307449936867 14.824588004218208 26.448687962123326 -10.013002151489259
leaf_weight=5517 580 507 1117 3882 21 6118 93 24 34 27 25 668 35 96 782 36 39 35 37 1195 2094 2617 2339 76 22 46 20 24 130 39 38 20 21 24 20 21 22 57 910 92 44 112 20 46 161 65 33 819 82 45 56 23 40 38 22 35 30 24 780 45 21 50
leaf_count=5517 580 507 1117 3882 21 6118 93 24 34 27 25 668 35 96 782 36 39 35 37 1195 2094 2617 2339 76 22 46 20 24 130 39 38 20 21 24 20 21 22 57 910 92 44 112 20 46 161 65 33 819 82 45 56 23 40 38 22 35 30 24 780 45 21 50
internal_value=-0.00958598 -0.299608 0.1004 -0.139358 0.87131 -0.872778 4.11936 7.09621 18.3995 2.71151 15.8417 0.099053 2.79966 4.77153 3.78257 24.5833 1.09275 5.24837 12.9137 1.43546 -0.27478 0.18881 -0.0554442 3.22882 4.37658 6.80847 11.518 0.584662 8.9528 -1.39759 -4.40572 -0.131872 -8.94059 -12.3925 -10.0522 -7.65727 -1.51395 2.4899 2.38728 2.37423 -2.99364 1.9339 8.75356 6.50365 1.31778 5.4976 2.5582 2.87774 0.979147 -1.99326 -4.91646 5.26334 -10.8547 0.302513 0.75004 4.01646 5.50111 4.83323 5.31712 4.7524 15.6703 -0.793268
internal_weight=32091 29088 23571 22244 9354 12890 1327 669 94 3133 52 6772 3003 1228 1095 70 658 575 133 1775 6104 4987 6221 1060 540 329 196 211 176 187 148 133 110 88 40 64 43 3081 3060 918 136 619 142 122 2320 226 3003 2806 1052 197 152 56 96 970 932 1754 935 900 870 825 45 2667
internal_count=32091 29088 23571 22244 9354 12890 1327 669 94 3133 52 6772 3003 1228 1095 70 658 575 133 1775 6104 4987 6221 1060 540 329 196 211 176 187 148 133 110 88 40 64 43 3081 3060 918 136 619 142 122 2320 226 3003 2806 1052 197 152 56 96 970 932 1754 935 900 870 825 45 2667
is_linear=0
shrinkage=0.05


Tree=84
num_leaves=63
num_cat=0
split_feature=39 35 9 36 24 2 25 32 32 35 35 9 8 12 31 29 33 8 34 35 31 28 33 34 31 31 33 33 36 24 33 34 33 34 33 31 37 32 35 31 35 24 33 33 38 36 11 21 36 33 24 32 32 35 34 33 33 9 35 32 32 31
split_gain=9.69987e+06 5.52389e+06 4.93052e+06 3.72838e+06 3.67068e+06 3.12522e+06 3.41873e+06 2.69219e+06 3.29683e+06 3.24534e+06 2.47024e+06 2.35338e+06 2.24538e+06 3.14417e+06 2.14355e+06 2.29571e+06 1.93884e+06 1.91161e+06 4.07783e+06 1.8477e+06 1.82931e+06 1.82676e+06 1.74925e+06 1.73787e+06 2.92121e+06 1.82821e+06 2.21715e+06 2.03666e+06 1.82772e+06 1.70665e+06 1.91515e+06 1.68861e+06 1.68463e+06 1.98557e+06 1.6668e+06 2.38688e+06 1.63702e+06 2.3742e+06 1.82722e+06 1.69655e+06 1.65644e+06 1.57969e+06 2.41563e+06 2.22281e+06 1.83629e+06 1.53841e+06 1.5312e+06 1.61287e+06 2.25675e+06 1.51759e+06 1.49154e+06 1.55732e+06 1.45486e+06 1.45202e+06 1.44989e+06 1.43739e+06 1.81035e+06 1.43359e+06 1.68559e+06 1.40235e+06 2.44705e+06 2.56509e+06
threshold=1.0000000180025095e-35 1110.2000000000003 1.0000000180025095e-35 175.51666666666668 1.0000000180025095e-35 1.0000000180025095e-35 1.0000000180025095e-35 24.350000000000005 117.35000000000001 1187.8500000000001 1170.4500000000003 1.0000000180025095e-35 1.0000000180025095e-35 1.0000000180025095e-35 167.05000000000004 1.0000000180025095e-35 277.85000000000008 1.0000000180025095e-35 312.75000000000006 1044.7500000000002 444.75000000000006 1.0000000180025095e-35 249.45000000000002 110.2 60.550000000000004 386.75000000000006 303.30000000000001 209.95000000000002 296.12500000000006 1.0000000180025095e-35 365.95000000000005 120.50000000000001 196.95000000000002 440.00000000000006 187.75000000000003 337.75000000000006 4.5000000000000009 456.35000000000008 1397.9500000000003 404.95000000000005 1225.1500000000003 1.0000000180025095e-35 416.75000000000006 152.60000000000002 1.0000000180025095e-35 453.55000000000007 1.0000000180025095e-35 1.0000000180025095e-35 262.54166666666674 373.85000000000008 1.0000000180025095e-35 442.25000000000006 470.75000000000006 887.1500000000002 197.55000000000004 459.35000000000008 442.95000000000005 1.0000000180025095e-35 860.05000000000007 185.55000000000004 401.15000000000003 357.45000000000005
decision_type=2 2 2 2 2 2 2 2 2 2 2 2 2 2 2 2 2 2 2 2 2 2 2 2 2 2 2 2 2 2 2 2 2 2 2 2 2 2 2 2 2 2 2 2 2 2 2 2 2 2 2 2 2 2 2 2 2 2 2 2 2 2
left_child=2 3 36 -2 7 6 12 -3 9 -9 -6 16 20 -14 15 19 22 -18 31 -4 46 -22 34 25 -25 29 27 -27 -28 57 -31 -19 -13 54 -10 -36 38 41 39 53 52 42 -38 -43 -44 -8 47 -5 50 -42 51 -49 -41 -1 -34 56 -16 -7 -59 -12 -61 -62
right_child=1 4 14 5 10 23 45 8 11 -11 59 32 13 -15 55 -17 17 18 -20 -21 21 -23 -24 24 -26 26 28 -29 -30 30 -32 -33 33 -35 35 -37 37 -39 -40 40 49 43 44 -45 -46 -47 -48 48 -50 -51 -52 -53 -54 -55 -56 -57 -58 58 -60 60 61 -63
leaf_value=-1.3929852514626164 -0.72255855751050002 -12.147678375244141 -0.41380802619985868 0.17186488133131389 8.0319698030298419 1.4572044284587884 2.3087838105072875 6.3955752892927693 -2.7310155090448021 34.224608840942381 -17.163360829786821 21.835250715698518 -5.1465685662357981 13.615213990211487 2.6857574012238232 -10.94660245110007 6.8780937170213265 0.25760856041541469 13.163771569728851 15.048882923126222 3.567354900006813 -9.0947053845723484 -8.7571076952892799 21.253519244347849 4.8816150741047331 5.3878484114488163 5.0543005409240722 20.093928771972656 -13.707526458634272 -9.9885767137418036 7.8407044005393987 -17.020831981781992 12.27730147230859 22.224678205901927 -5.4327162699265914 14.591206210592517 0.47408275513325715 12.953689760524174 -10.928178860278841 0.10551096348767486 1.3038983844575429 7.9938000030517573 18.256131919654642 -9.2217230814297988 0.91716433694729449 9.9214391932971253 -1.4244880964932545 2.3541143064383214 18.350483230590822 -16.345254529755692 -7.3143476352547161 12.800393405414765 9.4851878234318328 1.0293508112338732 1.1595256736313089 12.196810287084336 -12.471342802047729 3.9317541733936028 20.626124200366792 4.1684281479228629 -23.9937069979581 -2.2059114020211359
leaf_weight=13228 3213 21 568 2118 44 1079 1738 22 74 20 22 28 321 24 1314 51 465 26 32 20 564 30 46 31 225 404 25 25 27 61 20 31 51 22 22 46 354 43 47 2636 21 25 37 75 26 69 1328 237 25 29 33 42 42 649 69 39 20 54 21 55 22 35
leaf_count=13228 3213 21 568 2118 44 1079 1738 22 74 20 22 28 321 24 1314 51 465 26 32 20 564 30 46 31 225 404 25 25 27 61 20 31 51 22 22 46 354 43 47 2636 21 25 37 75 26 69 1328 237 25 29 33 42 42 649 69 39 20 54 21 55 22 35
internal_value=-0.00910668 1.05343 -0.720284 0.728407 4.35554 1.27681 0.749936 5.56096 5.95077 19.6475 -2.24715 5.32 0.0421608 -3.8414 1.62177 -0.770488 4.10426 5.59315 -1.12031 0.112134 0.348268 2.92786 -0.283225 3.0212 6.86415 2.4479 5.06298 6.24485 -4.68742 1.42939 -5.58629 -9.13944 10.6264 8.41614 2.46184 8.11288 -0.994059 1.66495 -1.08348 -1.05561 0.0842648 0.726043 2.07949 -4.91784 11.1004 2.59947 -0.0567751 0.683071 3.89594 -8.93261 2.73772 3.92667 0.252616 -1.2797 5.88458 2.73513 2.45851 1.92183 8.60618 -5.62238 -3.3554 -10.6152
internal_weight=32091 12867 19224 11714 1153 8501 6529 975 954 42 178 912 4722 345 2012 639 742 554 89 588 4377 594 188 1972 256 1716 481 429 52 1235 81 57 170 142 142 68 17212 560 16652 16605 2728 517 417 100 63 1807 3783 2455 337 50 312 279 2678 13877 120 1373 1334 1154 75 134 112 57
internal_count=32091 12867 19224 11714 1153 8501 6529 975 954 42 178 912 4722 345 2012 639 742 554 89 588 4377 594 188 1972 256 1716 481 429 52 1235 81 57 170 142 142 68 17212 560 16652 16605 2728 517 417 100 63 1807 3783 2455 337 50 312 279 2678 13877 120 1373 1334 1154 75 134 112 57
is_linear=0
shrinkage=0.05


Tree=85
num_leaves=63
num_cat=0
split_feature=25 9 2 40 40 33 40 33 34 33 36 33 33 36 31 32 33 32 36 36 32 31 32 31 10 32 33 32 40 40 31 32 23 34 31 31 23 37 34 32 33 31 32 32 32 33 36 33 36 36 31 32 8 40 34 33 31 29 33 33 34 32
split_gain=1.17616e+07 7.38811e+06 5.66341e+06 4.24001e+06 6.25027e+06 4.62599e+06 3.66844e+06 3.57624e+06 3.03882e+06 4.70802e+06 2.74812e+06 2.49588e+06 3.94103e+06 3.47606e+06 2.47943e+06 4.18956e+06 3.21574e+06 2.44814e+06 3.43004e+06 4.33149e+06 3.16426e+06 3.05497e+06 3.03276e+06 2.42327e+06 2.37379e+06 2.71301e+06 2.35983e+06 3.75745e+06 2.23649e+06 4.02477e+06 2.1865e+06 2.17186e+06 1.98501e+06 1.97302e+06 1.95371e+06 1.91128e+06 1.87296e+06 1.85002e+06 3.05031e+06 4.21794e+06 3.36449e+06 2.82648e+06 3.73785e+06 2.73347e+06 2.39683e+06 1.74259e+06 1.72451e+06 1.67496e+06 2.45215e+06 1.66985e+06 1.66241e+06 2.01649e+06 5.70063e+06 1.63309e+06 1.87434e+06 1.50943e+06 1.41961e+06 1.44756e+06 1.47025e+06 2.03426e+06 1.75561e+06 1.56521e+06
threshold=1.0000000180025095e-35 1.0000000180025095e-35 1.0000000180025095e-35 1.0000000180025095e-35 1.5000000000000002 392.15000000000003 5.5000000000000009 472.55000000000007 354.95000000000005 14.750000000000002 311.45833333333337 192.05000000000004 295.15000000000003 302.3633333333334 384.75000000000006 296.25000000000006 317.35000000000008 308.35000000000008 340.75000000000006 235.65833333333336 240.45000000000002 106.65000000000002 412.85000000000008 267.75000000000006 1.0000000180025095e-35 438.55000000000007 311.35000000000008 117.35000000000001 3.5000000000000004 2.5000000000000004 232.45000000000002 125.55000000000001 1.0000000180025095e-35 327.35000000000008 25.650000000000002 420.25000000000006 1.0000000180025095e-35 4.5000000000000009 9.2000000000000011 358.65000000000003 330.95000000000005 119.55000000000001 283.95000000000005 406.45000000000005 145.65000000000001 3.5500000000000003 225.27083333333334 300.85000000000008 220.91250000000005 176.81250000000003 22.450000000000003 77.250000000000014 1.0000000180025095e-35 1.5000000000000002 358.55000000000007 178.45000000000002 476.65000000000003 1.0000000180025095e-35 297.15000000000003 20.950000000000003 316.45000000000005 450.65000000000003
decision_type=2 2 2 2 2 2 2 2 2 2 2 2 2 2 2 2 2 2 2 2 2 2 2 2 2 2 2 2 2 2 2 2 2 2 2 2 2 2 2 2 2 2 2 2 2 2 2 2 2 2 2 2 2 2 2 2 2 2 2 2 2 2
left_child=1 2 3 -1 5 17 28 24 23 -10 32 30 -13 31 36 26 -17 20 19 21 50 34 -21 37 25 35 -16 -28 29 -6 -11 -14 56 -34 -19 53 -4 38 40 -40 47 -42 44 -39 -43 -22 -41 -8 -49 -31 -5 -52 55 -2 -55 -53 57 58 59 61 -60 -3
right_child=7 10 14 4 6 -7 8 -9 9 11 -12 12 13 -15 15 16 -18 18 -20 22 45 -23 -24 -25 -26 -27 27 -29 -30 49 -32 -33 33 -35 -36 -37 -38 43 39 46 41 42 -44 -45 -46 -47 -48 48 -50 -51 51 52 -54 54 -56 -57 -58 -59 60 -61 -62 -63
leaf_value=-2.1319454527608879 -0.70711360109263455 1.3446124628022658 0.4086620741157998 -3.8032822092976235 -2.7553644227184448 19.688712924864234 -0.90046842369371982 12.923732426996981 -14.16207593033711 28.340334560253002 4.9908983727266403 -8.3805878798166926 13.869980586658825 26.02400307302122 3.4031605776758442 7.466529025137425 23.903394008327176 13.780759061297232 21.815442217418127 4.9953243610470794 -1.758436610481956 22.692781888521637 -14.827616413661412 1.0657052610718267 -2.3837939525905409 8.1858088424544277 4.7409299482618064 -18.597301380774553 -1.7524542033824315 -0.59121118356475966 8.5680069430121062 -8.8958621025085449 4.1503694115744691 18.956595576250997 -7.5405235517592661 5.7574759627381962 6.1503283065876797 1.7378431133601975 -2.7547383705774946 -10.731500015258788 -0.37078021817675261 13.749653526588723 21.314704190468305 21.356741705807774 -6.3378425338051541 -18.717302271297999 -31.017698322642936 0.84096355438232429 -23.045774632408509 2.3110682243694725 1.8573077842541901 10.981998428844271 -12.670064736962319 2.3204841694006553 9.6419499858733158 26.266066627502443 9.2558417495416148 -3.8373838863228311 2.6603742625065676 -2.3146402303762335 13.478438238664106 12.595279926061631
leaf_weight=4596 435 911 1828 99 991 41 3780 89 24 27 667 36 22 27 332 152 37 22 35 43 33 39 35 3141 209 243 35 34 7305 838 29 20 135 27 21 408 154 92 111 20 107 27 49 22 33 28 22 22 21 1213 581 84 25 1456 93 20 49 165 254 465 44 32
leaf_count=4596 435 911 1828 99 991 41 3780 89 24 27 667 36 22 27 332 152 37 22 35 43 33 39 35 3141 209 243 35 34 7305 838 29 20 135 27 21 408 154 92 111 20 107 27 49 22 33 28 22 22 21 1213 581 84 25 1456 93 20 49 165 254 465 44 32
internal_value=0.0368211 -0.268328 -0.526566 -0.768588 -0.440268 3.20793 -0.664692 3.05419 0.166911 6.49698 2.19785 9.57659 5.03018 12.0271 1.70179 4.54714 10.6843 2.57346 7.63701 4.53548 1.43852 12.5591 -3.89958 0.00965797 2.74533 3.15216 1.65455 -6.75907 -1.27809 -0.138947 18.1011 3.0291 1.30306 6.61807 3.36804 2.6408 0.854785 -0.760673 -0.931581 -7.86141 -0.669074 5.40203 11.0689 5.52395 2.70153 -9.54283 -21.3576 -1.01209 -10.8247 1.12525 2.26654 3.11289 8.76789 1.99986 2.76006 13.9212 0.854603 0.634581 1.0671 0.39182 4.25767 1.7264
internal_weight=31935 29002 26253 23681 19085 1106 17979 2933 7632 185 2749 161 105 69 2572 590 189 1065 195 160 870 82 78 7447 2844 2635 401 69 10347 3042 56 42 2082 162 43 2392 1982 4306 4192 153 4039 216 109 114 60 61 42 3823 43 2051 809 710 129 1984 1549 104 1920 1871 1706 1408 298 943
internal_count=31935 29002 26253 23681 19085 1106 17979 2933 7632 185 2749 161 105 69 2572 590 189 1065 195 160 870 82 78 7447 2844 2635 401 69 10347 3042 56 42 2082 162 43 2392 1982 4306 4192 153 4039 216 109 114 60 61 42 3823 43 2051 809 710 129 1984 1549 104 1920 1871 1706 1408 298 943
is_linear=0
shrinkage=0.05


Tree=86
num_leaves=63
num_cat=0
split_feature=25 5 9 2 35 40 40 35 31 36 35 33 40 23 31 40 34 40 35 32 32 40 33 32 40 32 2 35 24 31 34 34 40 40 31 33 33 34 34 5 23 31 32 34 8 35 34 35 32 31 36 35 36 33 34 40 35 29 35 33 31 40
split_gain=1.06149e+07 7.86218e+06 6.76385e+06 4.01107e+06 3.32057e+06 2.98319e+06 5.82376e+06 5.21433e+06 6.8814e+06 5.9887e+06 3.32666e+06 2.8502e+06 2.56455e+06 2.44439e+06 2.52963e+06 2.64883e+06 2.2299e+06 2.20054e+06 2.85763e+06 2.17379e+06 2.18303e+06 2.13424e+06 2.43505e+06 2.93094e+06 2.17925e+06 2.04318e+06 2.1447e+06 2.49209e+06 2.00014e+06 1.78485e+06 1.72359e+06 1.91054e+06 1.96108e+06 1.7906e+06 1.76716e+06 1.72022e+06 2.68202e+06 1.95942e+06 1.71692e+06 1.75817e+06 1.69483e+06 1.81859e+06 2.33084e+06 1.65405e+06 1.63204e+06 3.2459e+06 2.49268e+06 1.85329e+06 1.78907e+06 1.61133e+06 1.60231e+06 1.57236e+06 1.80449e+06 2.08778e+06 1.7423e+06 2.5482e+06 4.30995e+06 1.55559e+06 1.46583e+06 1.45709e+06 1.45508e+06 1.4507e+06
threshold=1.0000000180025095e-35 1.0000000180025095e-35 1.0000000180025095e-35 1.0000000180025095e-35 1531.0000000000002 1.0000000180025095e-35 1.5000000000000002 894.95000000000016 448.25000000000006 250.51000000000002 1455.95 472.55000000000007 5.5000000000000009 1.0000000180025095e-35 168.75000000000003 5.5000000000000009 327.35000000000008 5.5000000000000009 1279.4000000000003 389.15000000000003 436.65000000000003 1.0000000180025095e-35 451.15000000000003 426.95000000000005 1.5000000000000002 402.85000000000008 1.0000000180025095e-35 1187.8500000000001 1.0000000180025095e-35 446.65000000000003 443.30000000000001 144.25000000000003 5.5000000000000009 3.5000000000000004 226.05000000000004 90.950000000000017 196.95000000000002 252.95000000000002 93.850000000000009 1.0000000180025095e-35 1.0000000180025095e-35 384.75000000000006 474.15000000000003 368.55000000000007 1.0000000180025095e-35 967.45000000000016 187.85000000000005 409.4500000000001 354.35000000000008 470.95000000000005 216.37083333333337 1083.5500000000002 298.01666666666671 431.45000000000005 97.300000000000026 5.5000000000000009 860.05000000000007 1.0000000180025095e-35 1032.6500000000003 321.25000000000006 314.25000000000006 4.5000000000000009
decision_type=2 2 2 2 2 2 2 2 2 2 2 2 2 2 2 2 2 2 2 2 2 2 2 2 2 2 2 2 2 2 2 2 2 2 2 2 2 2 2 2 2 2 2 2 2 2 2 2 2 2 2 2 2 2 2 2 2 2 2 2 2 2
left_child=1 2 3 5 11 -1 7 -7 9 -9 17 21 -12 14 -4 28 19 61 44 -15 -21 -2 23 30 -25 -3 49 -28 -16 -26 31 34 33 -33 -23 -34 -37 -38 39 -36 41 51 -43 -20 47 46 -46 -19 -47 57 60 54 53 -53 -5 59 -57 -27 -13 -56 -17 -8
right_child=4 25 13 40 -6 6 10 8 -10 -11 12 58 -14 16 15 50 -18 18 43 20 -22 22 -24 24 29 26 27 -29 -30 -31 -32 32 35 -35 38 36 37 -39 -40 -41 -42 42 -44 -45 45 48 -48 -49 -50 -51 -52 52 -54 -55 55 56 -58 -59 -60 -61 -62 -63
leaf_value=-2.2081575273553402 -0.49624970835230126 1.6753153159598928 -0.94617493236211203 -0.16176730111930138 23.205198059082033 1.9273797028181983 -0.89712754955819385 47.462729845047001 -4.7453455856868194 12.585023915767671 3.7243008342443731 5.0477932734148849 24.48523322968256 1.3344428987503054 1.8023695988158999 4.6656251269717552 18.445687308907509 -0.84092935579302963 3.6761887359619139 24.475923124949137 2.6706202333623712 0.43893848700949367 -9.1088706266880042 23.776274926321847 5.5666080227604624 5.9239254574105153 6.5926124078248227 28.717669134140017 -6.1108816963502735 20.218000246130902 -6.3802548315010821 11.298200081825257 24.706541602178053 -0.11344981177286668 3.5022962593893148 -3.556758172171457 26.971174045042559 7.3256707731882731 -9.5251950661341365 12.867401084247627 5.8611166965760546 2.6858276998588915 18.983681080652321 22.967678132057191 -2.2014770940902668 -3.6781505902608238 12.5717928314209 0.9473845847187411 -19.155616440883904 -9.743990665674211 7.1065494055954774 -4.6880287614735696 0.89738914528671576 -25.160867338180545 -2.0870343722948212 1.1651166244789406 30.619198144000514 -5.3248231589794166 18.106814689307729 12.404415997591887 -6.2010306860009834 -2.1500619198845832
leaf_weight=4156 494 2421 741 1417 20 915 4857 20 28 32 51 42 21 125 972 86 36 3630 25 24 22 722 40 21 216 320 35 20 87 23 51 50 22 110 921 28 22 30 24 53 178 475 23 20 592 33 30 2411 43 20 392 33 49 20 82 27 23 34 44 22 48 4406
leaf_count=4156 494 2421 741 1417 20 915 4857 20 28 32 51 42 21 125 972 86 36 3630 25 24 22 722 40 21 216 320 35 20 87 23 51 50 22 110 921 28 22 30 24 53 178 475 23 20 592 33 30 2411 43 20 392 33 49 20 82 27 23 34 44 22 48 4406
internal_value=0.0349801 -0.254912 -0.526679 -0.79001 2.90148 -1.00654 -0.714742 2.99765 15.2388 25.9995 -0.943902 2.76208 9.77957 1.92875 1.46539 2.59282 7.13539 -0.992016 -0.307836 4.75428 14.0473 2.48929 3.12146 3.33481 8.33347 2.23887 5.41918 14.6381 1.15227 6.97657 2.69554 2.92907 6.90657 3.45269 2.3232 12.3244 8.91933 15.6372 3.68636 4.0119 1.17069 0.786125 3.43854 12.2502 -0.391693 -2.68079 -1.48894 -0.127202 -12.4351 4.06346 5.49308 -0.00341569 -6.01912 -12.4136 0.387165 5.43805 14.714 4.84354 11.7292 0.978465 0.773092 -1.49309
internal_weight=31935 29002 26152 23619 2933 21270 17114 995 80 52 16119 2913 72 2533 2326 1585 207 16047 6784 171 46 2827 2333 2293 260 2850 429 55 1059 239 2033 1982 262 160 1720 102 80 52 998 974 2349 2171 498 45 6739 698 622 6041 76 374 526 1673 102 53 1571 154 50 354 86 104 134 9263
internal_count=31935 29002 26152 23619 2933 21270 17114 995 80 52 16119 2913 72 2533 2326 1585 207 16047 6784 171 46 2827 2333 2293 260 2850 429 55 1059 239 2033 1982 262 160 1720 102 80 52 998 974 2349 2171 498 45 6739 698 622 6041 76 374 526 1673 102 53 1571 154 50 354 86 104 134 9263
is_linear=0
shrinkage=0.05


Tree=87
num_leaves=63
num_cat=0
split_feature=25 5 9 2 35 40 40 35 31 36 35 33 32 23 31 35 35 31 7 32 10 32 34 32 32 2 35 36 33 33 33 33 35 23 40 31 31 31 33 33 35 7 31 32 31 40 31 32 31 29 40 40 31 31 33 32 40 8 36 35 33 32
split_gain=9.57992e+06 7.09562e+06 6.10438e+06 3.61999e+06 2.99682e+06 2.69233e+06 5.25594e+06 4.70593e+06 6.21046e+06 5.4048e+06 3.00231e+06 2.5723e+06 2.5089e+06 2.20606e+06 2.30937e+06 2.48555e+06 3.41503e+06 2.06058e+06 2.09007e+06 2.3818e+06 2.0333e+06 2.13188e+06 2.01248e+06 1.96351e+06 1.84397e+06 1.9356e+06 2.24911e+06 1.75257e+06 1.64181e+06 4.58524e+06 1.59916e+06 2.0245e+06 1.74082e+06 2.10139e+06 1.79367e+06 1.64189e+06 1.58179e+06 2.03772e+06 1.84945e+06 1.56418e+06 2.2434e+06 1.52125e+06 1.51888e+06 1.4967e+06 1.47823e+06 1.45712e+06 1.45423e+06 1.42209e+06 1.54712e+06 1.40392e+06 1.36052e+06 1.72661e+06 1.9039e+06 1.71861e+06 1.59973e+06 2.27703e+06 2.12674e+06 1.58416e+06 1.32442e+06 1.32292e+06 1.31307e+06 1.29974e+06
threshold=1.0000000180025095e-35 1.0000000180025095e-35 1.0000000180025095e-35 1.0000000180025095e-35 1531.0000000000002 1.0000000180025095e-35 1.5000000000000002 894.95000000000016 448.25000000000006 250.51000000000002 1455.95 472.55000000000007 410.95000000000005 1.0000000180025095e-35 378.65000000000003 1279.4000000000003 1203.6500000000003 282.05000000000007 1.0000000180025095e-35 470.75000000000006 1.0000000180025095e-35 438.55000000000007 327.35000000000008 356.45000000000005 402.85000000000008 1.0000000180025095e-35 1187.8500000000001 311.45833333333337 211.65000000000001 276.25000000000006 492.55000000000007 466.95000000000005 1203.6500000000003 1.0000000180025095e-35 3.5000000000000004 388.85000000000008 113.05000000000001 29.050000000000004 378.05000000000007 355.45000000000005 967.45000000000016 1.0000000180025095e-35 320.15000000000003 436.65000000000003 376.55000000000007 1.0000000180025095e-35 470.95000000000005 109.25000000000001 234.65000000000001 1.0000000180025095e-35 3.5000000000000004 5.5000000000000009 478.75000000000006 464.85000000000008 59.95000000000001 73.200000000000003 1.5000000000000002 1.0000000180025095e-35 276.51666666666671 1032.6500000000003 263.65000000000003 326.15000000000003
decision_type=2 2 2 2 2 2 2 2 2 2 2 2 2 2 2 2 2 2 2 2 2 2 2 2 2 2 2 2 2 2 2 2 2 2 2 2 2 2 2 2 2 2 2 2 2 2 2 2 2 2 2 2 2 2 2 2 2 2 2 2 2 2
left_child=1 2 3 5 11 -1 7 -7 9 -9 17 20 -12 14 15 16 27 -8 -19 28 21 36 23 47 -3 46 -27 -4 -20 -30 31 32 33 35 -34 -5 37 -2 60 40 -37 -23 -29 -25 -31 -38 49 -15 -49 -26 53 -52 57 54 -47 -56 -57 -53 -58 -13 -39 -35
right_child=4 24 13 30 -6 6 10 8 -10 -11 12 59 -14 22 -16 -17 -18 18 19 -21 -22 41 -24 43 25 26 -28 42 29 44 -32 -33 34 61 -36 39 45 38 -40 -41 -42 -43 -44 -45 -46 50 -48 48 -50 -51 51 52 -54 -55 55 56 58 -59 -60 -61 -62 -63
leaf_value=-2.0977496487511473 4.2523279765553506 1.5915495584580783 -0.065799098244620491 0.12772507058800761 22.04493772506714 1.8310107205812234 -1.3967410364153987 45.089593591690061 -4.5080784184592115 11.955772799253465 -1.1445968806743623 4.7954037609554474 17.638747044801715 11.512591089248659 4.1509791506851625 -11.524516935007913 20.359790065071802 -0.56791880462704958 2.925763477689959 17.761594565709434 -2.3810895597428514 6.0654483771212746 17.523403035932116 19.589388159398112 5.6277291813492774 6.2629816683701112 27.281785583496095 9.7310580089170902 -17.934218823282343 8.9245057024854297 -12.007291953460031 11.194228531956673 2.0803971886634827 3.346205755668251 -12.528242701418858 2.945520574183754 -0.032230082359883484 -2.3825650665801739 -12.221061916129536 -8.3152691749426051 14.146576969997557 20.485137648582459 1.0586795651394387 2.5370892394672744 -3.2556991964016322 2.9223850471065163 -9.2567913484573374 4.4598972026337966 -8.4388006210327156 -5.0585819318014034 0.89301329728846179 4.6800877700410446 16.53353890553117 19.909436321258546 -4.3267257281712128 27.871387586139498 14.32703514734904 -6.0051106324066987 -1.1368650150299071 17.201473893428393 7.975986543382918 12.844984420568778
leaf_weight=4156 166 2421 1485 1599 20 915 9767 20 28 32 32 42 40 25 572 42 22 5545 573 24 209 214 36 31 320 35 20 90 38 47 23 50 38 95 47 362 337 243 43 26 51 20 115 22 53 210 20 47 46 34 597 555 32 22 21 21 45 37 20 44 35 58
leaf_count=4156 166 2421 1485 1599 20 915 9767 20 28 32 32 42 40 25 572 42 22 5545 573 24 209 214 36 31 320 35 20 90 38 47 23 50 38 95 47 362 337 243 43 26 51 20 115 22 53 210 20 47 46 34 597 555 32 22 21 21 45 37 20 44 35 58
internal_value=0.0332311 -0.242166 -0.500345 -0.750509 2.7564 -0.956217 -0.679005 2.84776 14.4769 24.6996 -0.896707 2.62397 9.29059 1.83231 1.39212 0.492427 0.787235 -0.942415 -0.235823 2.26958 2.36483 2.7437 6.77862 4.51656 2.12692 5.14822 13.9062 0.532445 1.74664 -3.14928 1.11216 1.24189 1.02325 1.29561 -5.99732 0.871339 2.29669 -0.245222 -2.57106 3.57986 4.3287 7.2979 4.86607 12.5111 2.469 2.94925 3.86028 0.925806 -1.9201 4.60136 3.59333 2.81528 4.65438 6.39565 5.45779 10.4338 14.0381 4.01226 9.56891 11.1427 -1.07843 6.94705
internal_weight=31935 29002 26152 23619 2933 21270 17114 995 80 52 16119 2913 72 2533 2326 1754 1712 16047 6280 735 2827 2618 207 171 2850 429 55 1690 711 138 2349 2326 2276 2191 85 2038 2384 487 321 439 413 234 205 53 100 1897 374 118 93 354 1560 1221 624 339 317 107 86 592 65 86 278 153
internal_count=31935 29002 26152 23619 2933 21270 17114 995 80 52 16119 2913 72 2533 2326 1754 1712 16047 6280 735 2827 2618 207 171 2850 429 55 1690 711 138 2349 2326 2276 2191 85 2038 2384 487 321 439 413 234 205 53 100 1897 374 118 93 354 1560 1221 624 339 317 107 86 592 65 86 278 153
is_linear=0
shrinkage=0.05


Tree=88
num_leaves=63
num_cat=0
split_feature=25 40 40 40 35 32 34 35 36 35 35 40 40 35 35 36 35 35 40 32 40 36 36 2 11 36 36 31 39 32 31 36 32 35 28 9 34 34 37 31 40 35 36 36 35 40 31 4 36 31 6 8 32 32 32 32 36 35 31 34 35 31
split_gain=8.64587e+06 5.62274e+06 8.13889e+06 5.08987e+06 4.68398e+06 3.75345e+06 3.51222e+06 3.75522e+06 3.44822e+06 6.1566e+06 3.24661e+06 3.22808e+06 6.11005e+06 3.5221e+06 2.70463e+06 2.50939e+06 2.43395e+06 2.33251e+06 2.0958e+06 2.17571e+06 2.0069e+06 1.91496e+06 1.8713e+06 1.85301e+06 2.23188e+06 2.16079e+06 1.79304e+06 1.72522e+06 1.71182e+06 2.9461e+06 1.69839e+06 1.6061e+06 1.51627e+06 1.51057e+06 2.7934e+06 1.4878e+06 1.47075e+06 1.91333e+06 2.72103e+06 2.46402e+06 1.79886e+06 2.78934e+06 3.45614e+06 3.19844e+06 2.34038e+06 1.83455e+06 1.77996e+06 1.69798e+06 1.66161e+06 1.53288e+06 1.62999e+06 1.41162e+06 3.81511e+06 4.26722e+06 4.75492e+06 2.68441e+06 3.22766e+06 2.38619e+06 2.88345e+06 2.70036e+06 2.30246e+06 2.23822e+06
threshold=1.0000000180025095e-35 1.0000000180025095e-35 1.5000000000000002 5.5000000000000009 517.05000000000007 308.35000000000008 407.7000000000001 998.25000000000011 340.75000000000006 998.25000000000011 753.45000000000016 3.5000000000000004 2.5000000000000004 880.85000000000002 1531.0000000000002 229.91666666666669 894.95000000000016 696.75000000000011 1.0000000180025095e-35 426.95000000000005 1.5000000000000002 329.71250000000009 211.48750000000004 1.0000000180025095e-35 1.0000000180025095e-35 318.92500000000001 364.8250000000001 83.65000000000002 1.0000000180025095e-35 412.85000000000008 446.65000000000003 347.52916666666675 335.75000000000006 1249.5000000000002 1.0000000180025095e-35 1.0000000180025095e-35 447.05000000000007 363.2000000000001 4.5000000000000009 167.05000000000004 5.5000000000000009 789.1500000000002 279.41250000000008 258.24166666666673 1020.4500000000002 3.5000000000000004 404.95000000000005 1.0000000180025095e-35 311.45833333333337 450.45000000000005 1.0000000180025095e-35 1.0000000180025095e-35 480.05000000000007 390.65000000000003 354.35000000000008 225.25000000000003 352.12500000000006 967.45000000000016 470.95000000000005 208.25000000000003 978.05000000000007 482.95000000000005
decision_type=2 2 2 2 2 2 2 2 2 2 2 2 2 2 2 2 2 2 2 2 2 2 2 2 2 2 2 2 2 2 2 2 2 2 2 2 2 2 2 2 2 2 2 2 2 2 2 2 2 2 2 2 2 2 2 2 2 2 2 2 2 2
left_child=1 -1 5 11 35 6 7 10 9 16 17 12 -4 27 18 -15 32 21 -2 36 -21 -3 -12 24 33 -25 -13 -14 -10 -30 -22 -23 -7 34 -17 -5 37 40 39 -39 45 47 43 -43 48 46 -20 49 -44 50 -42 57 53 54 55 -53 -57 61 60 -60 -59 -6
right_child=14 2 3 4 51 8 -8 -9 28 -11 22 26 13 15 -16 23 -18 -19 19 20 30 31 -24 25 -26 -27 -28 -29 29 -31 -32 -33 -34 -35 -36 -37 -38 38 -40 -41 41 42 44 -45 -46 -47 -48 -49 -50 -51 -52 52 -54 -55 -56 56 -58 58 59 -61 -62 -63
leaf_value=-1.6629260800010082 -0.41148638763770579 1.2473263560885037 -2.4036074982337166 -0.26620094884461748 1.5705366338068358 18.037942314147951 21.015011047363284 -17.498344755172731 30.561228041215379 -12.607594069596885 26.282872526645662 -1.5659827396731736 -1.3030869256025772 16.420440910602437 20.94269090652466 0.65873370170593271 23.895114219188692 -11.684645646618259 2.4711846256383945 21.435520354561184 4.6748569130766811 20.188891674223402 7.5513951683044445 4.2416559900556292 12.691803817749024 25.458752037229996 0.5157111055523701 1.9851544531324898 26.766544785499573 -0.37243175506591797 18.658357850710551 5.3172038690367742 5.2688334277076443 9.5623596668243405 -19.355495210127401 2.9260936503761856 -5.9912958145141602 18.051962963740031 23.989342239379884 -3.2891380517106308 3.1879696108885773 11.439453663984935 3.8670695695010098 33.516185179210844 11.416573803489273 -0.21584496881749998 11.267192732235966 -9.0842811321390098 -15.795855612981889 12.284168607538398 -9.8901252117156986 -4.3950057309407455 -17.165289195891351 8.7605710814318325 -21.350899538500556 8.1520683573464208 -13.56980037689209 21.749684413274132 1.7623698337872824 -19.452261381149295 5.9298508558746263 9.6697234933295952
leaf_weight=5539 512 780 1246 5691 2053 28 25 24 22 37 20 7782 521 58 20 84 26 31 373 23 228 21 40 28 40 21 1193 1702 20 20 24 134 137 28 22 390 49 21 25 38 507 75 22 21 37 771 68 29 21 44 25 169 31 127 29 118 20 24 60 20 552 89
leaf_count=5539 512 780 1246 5691 2053 28 25 24 22 37 20 7782 521 58 20 84 26 31 373 23 228 21 40 28 40 21 1193 1702 20 20 24 134 137 28 22 390 49 21 25 38 507 75 22 21 37 771 68 29 21 44 25 169 31 127 29 118 20 24 60 20 552 89
internal_value=0.0315695 -0.230058 0.108205 -0.123242 0.76093 3.8551 2.49329 2.0523 8.90315 6.06002 2.50963 -0.774506 0.457506 1.88121 2.61858 7.15558 9.67626 1.80866 2.49278 3.11209 7.29704 2.25603 13.7952 4.74588 2.32719 13.3347 -1.28927 1.2145 19.3585 13.1971 6.00662 7.33208 7.43571 -0.766725 -3.49516 -0.0614657 2.57077 2.77276 10.1647 4.30685 2.46121 4.3325 9.87258 16.2687 2.1972 1.25537 3.82749 2.72084 -5.73575 3.31519 2.5734 2.28006 -0.184039 0.952934 -1.99817 -0.170058 5.00397 2.71511 5.35361 -3.54129 6.58901 1.90706
internal_weight=31935 29002 23463 22098 9373 1365 1075 1050 290 228 1026 12725 3750 2504 2933 281 191 966 2913 2401 275 935 60 223 174 49 8975 2223 62 40 252 155 165 134 106 6081 2126 2077 84 59 1993 781 176 96 80 1212 441 605 43 576 532 3292 494 463 336 307 138 2798 656 80 576 2142
internal_count=31935 29002 23463 22098 9373 1365 1075 1050 290 228 1026 12725 3750 2504 2933 281 191 966 2913 2401 275 935 60 223 174 49 8975 2223 62 40 252 155 165 134 106 6081 2126 2077 84 59 1993 781 176 96 80 1212 441 605 43 576 532 3292 494 463 336 307 138 2798 656 80 576 2142
is_linear=0
shrinkage=0.05


Tree=89
num_leaves=63
num_cat=0
split_feature=25 5 9 2 33 6 40 31 34 33 32 5 23 31 40 31 40 31 34 34 9 34 32 32 24 36 32 31 40 40 32 2 31 31 24 36 21 32 36 37 36 23 34 31 32 32 32 6 33 33 23 33 33 31 34 31 36 36 32 28 33 31
split_gain=7.8029e+06 6.31998e+06 5.31252e+06 3.18019e+06 2.56988e+06 2.18096e+06 2.07267e+06 2.45243e+06 3.48236e+06 2.03554e+06 2.12986e+06 2.06779e+06 1.96195e+06 2.11105e+06 2.21284e+06 1.8991e+06 1.88973e+06 2.03068e+06 2.1809e+06 2.00358e+06 1.86453e+06 1.8106e+06 1.80248e+06 1.79424e+06 1.78583e+06 1.6794e+06 2.06105e+06 2.15645e+06 3.54945e+06 1.80025e+06 1.66701e+06 1.76554e+06 2.56015e+06 2.20741e+06 1.64561e+06 1.5973e+06 1.53363e+06 3.99772e+06 4.00558e+06 2.33155e+06 1.83878e+06 1.82398e+06 1.60554e+06 1.63673e+06 1.54272e+06 1.475e+06 2.29733e+06 1.8286e+06 1.45077e+06 1.75944e+06 1.49884e+06 1.45061e+06 3.91158e+06 2.2008e+06 2.36177e+06 3.13976e+06 2.19645e+06 1.40292e+06 1.39095e+06 1.36294e+06 1.33351e+06 1.33065e+06
threshold=1.0000000180025095e-35 1.0000000180025095e-35 1.0000000180025095e-35 1.0000000180025095e-35 472.55000000000007 1.0000000180025095e-35 5.5000000000000009 424.35000000000008 3.8500000000000001 451.15000000000003 426.95000000000005 1.0000000180025095e-35 1.0000000180025095e-35 168.75000000000003 5.5000000000000009 408.75000000000006 5.5000000000000009 478.75000000000006 443.30000000000001 144.25000000000003 1.0000000180025095e-35 327.35000000000008 389.15000000000003 436.65000000000003 1.0000000180025095e-35 294.5125000000001 442.25000000000006 300.15000000000003 5.5000000000000009 5.5000000000000009 292.45000000000005 1.0000000180025095e-35 386.75000000000006 486.35000000000008 1.0000000180025095e-35 336.48750000000007 1.0000000180025095e-35 360.45000000000005 236.61000000000004 3.5000000000000004 240.05833333333337 1.0000000180025095e-35 279.45000000000005 5.9500000000000011 482.05000000000007 406.45000000000005 386.85000000000008 1.0000000180025095e-35 492.55000000000007 466.95000000000005 1.0000000180025095e-35 144.40000000000003 98.350000000000009 382.95000000000005 245.35000000000005 323.95000000000005 255.47083333333339 382.3250000000001 261.45000000000005 1.0000000180025095e-35 71.65000000000002 60.550000000000004
decision_type=2 2 2 2 2 2 2 2 2 2 2 2 2 2 2 2 2 2 2 2 2 2 2 2 2 2 2 2 2 2 2 2 2 2 2 2 2 2 2 2 2 2 2 2 2 2 2 2 2 2 2 2 2 2 2 2 2 2 2 2 2 2
left_child=1 2 3 5 9 6 -1 36 -9 10 16 15 13 61 24 20 -2 18 19 45 -12 22 -14 -24 -15 -7 27 28 -27 -28 -3 33 -33 35 -29 -32 44 40 41 -40 42 -39 43 -38 -8 46 47 -18 49 50 57 52 -16 54 55 56 -53 -5 -55 -45 -17 -4
right_child=4 30 12 48 -6 25 7 8 -10 -11 11 -13 21 14 51 60 17 -19 -20 -21 -22 -23 23 -25 -26 26 29 34 -30 -31 31 32 -34 -35 -36 -37 37 38 39 -41 -42 -43 -44 59 -46 -47 -48 -49 -50 -51 -52 53 -54 58 -56 -57 -58 -59 -60 -61 -62 -63
leaf_value=-1.4154039240711773 0.94695380844167998 1.1944429726586572 2.1951772676433547 0.13710632469765444 10.85408054576831 -0.29740409389630007 -1.10913116191635 1.4300963696606912 14.825839782678166 -7.6732518813189348 1.6828137337352356 17.515956870052548 1.1188183935165406 1.6263226813016858 4.493730186325962 22.63174741164498 3.2285210608676667 15.340913958162876 -11.815945957017982 10.51728353574104 17.273197782607308 16.570134668880041 22.149577955404919 2.3811366081237795 -5.8509794265374371 3.9465431571006775 1.0580818124917837 2.0051902437505005 26.291545187985459 -13.007126178060259 2.2173510495629256 5.0661080084348988 22.527994320310398 -12.273249485181726 16.010303763909771 7.6473677769984523 -3.5445957871745613 3.9623318246669244 7.9185176074504859 24.279539635306911 -13.651834810697117 -10.668600585937501 8.2175358260119413 0.060690780519315861 -9.6219003218191652 -10.223892339070638 17.245426770618984 -9.4387824900945034 -11.445676304983056 10.451817494392396 5.5297592669368507 7.65720795767648 -17.743862488156275 10.518727841048406 -8.5450375556945808 -3.8049154758453372 27.296084181467695 4.133509679330162 27.415459187825519 8.6368735557307996 5.6054850205131199 -2.3526984075169159
leaf_weight=13008 1667 1948 236 1860 89 1515 3690 724 52 51 221 36 125 972 339 23 566 37 23 97 21 36 24 22 87 52 65 450 27 35 599 76 29 23 22 175 340 144 51 38 26 25 54 849 54 21 28 30 23 50 167 35 21 29 25 32 24 249 21 49 23 505
leaf_count=13008 1667 1948 236 1860 89 1515 3690 724 52 51 221 36 125 972 339 23 566 37 23 97 21 36 24 22 87 52 65 450 27 35 599 76 29 23 22 175 340 144 51 38 26 25 54 849 54 21 28 30 23 50 167 35 21 29 25 32 24 249 21 49 23 505
internal_value=0.029991 -0.218555 -0.462215 -0.69559 2.48766 -0.888397 -1.05888 -0.298105 2.32775 2.22584 2.40659 6.21812 1.7139 1.29877 2.3287 4.80589 1.90642 3.90071 3.3474 3.81742 3.0357 6.37851 4.23291 12.6951 1.01204 0.615241 2.73914 3.93767 11.5834 -3.86474 2.0173 3.79438 9.88891 2.99147 2.65797 3.44507 -0.681124 0.627346 6.3191 14.9041 -0.486821 1.79799 -0.22189 -0.590008 -1.23191 2.80984 3.24848 2.59091 1.05026 1.17383 0.970005 4.97956 3.19654 8.84634 5.0666 8.80605 15.6459 0.608943 17.6154 0.528656 14.1186 -0.904252
internal_weight=31935 29002 26152 23619 2933 21270 19104 6096 776 2844 2793 324 2533 2326 1585 288 2469 802 765 742 242 207 171 46 1059 2166 651 551 79 100 2850 902 105 797 472 774 5320 1576 258 89 1318 169 1292 1238 3744 645 624 596 2349 2326 2276 526 360 166 116 91 59 2109 50 898 46 741
internal_count=31935 29002 26152 23619 2933 21270 19104 6096 776 2844 2793 324 2533 2326 1585 288 2469 802 765 742 242 207 171 46 1059 2166 651 551 79 100 2850 902 105 797 472 774 5320 1576 258 89 1318 169 1292 1238 3744 645 624 596 2349 2326 2276 526 360 166 116 91 59 2109 50 898 46 741
is_linear=0
shrinkage=0.05


Tree=90
num_leaves=63
num_cat=0
split_feature=40 9 5 39 31 33 34 33 40 32 32 32 31 31 36 32 34 34 31 7 40 36 6 34 34 33 31 40 37 10 40 36 31 34 40 12 7 33 33 31 40 33 36 31 40 29 40 40 32 11 37 31 32 36 32 33 40 31 32 31 32 36
split_gain=6.78136e+06 6.89862e+06 5.98472e+06 4.66582e+06 2.88692e+06 4.1859e+06 3.95675e+06 2.52951e+06 2.4465e+06 7.39696e+06 2.83419e+06 4.65435e+06 2.38631e+06 3.87087e+06 2.0472e+06 2.19448e+06 2.01911e+06 3.04252e+06 2.01284e+06 2.22239e+06 1.99814e+06 2.2695e+06 2.1025e+06 2.0741e+06 1.93318e+06 1.91102e+06 1.98291e+06 1.86179e+06 1.83826e+06 1.78865e+06 2.66651e+06 2.07259e+06 1.77403e+06 1.75281e+06 1.7078e+06 1.65893e+06 1.69484e+06 1.60265e+06 1.57582e+06 1.57527e+06 1.52769e+06 1.47749e+06 1.47596e+06 1.94398e+06 1.61986e+06 1.47333e+06 1.53196e+06 2.01367e+06 1.83863e+06 1.44449e+06 1.43219e+06 3.37573e+06 2.48316e+06 1.55456e+06 1.72771e+06 1.42017e+06 1.83692e+06 1.4169e+06 1.4162e+06 1.41079e+06 1.41091e+06 2.14737e+06
threshold=1.0000000180025095e-35 1.0000000180025095e-35 1.0000000180025095e-35 1.0000000180025095e-35 332.05000000000007 339.05000000000007 299.40000000000003 217.75000000000003 1.5000000000000002 270.75000000000006 171.95000000000002 91.950000000000017 372.45000000000005 392.85000000000008 354.54166666666669 109.25000000000001 486.75000000000006 478.50000000000006 288.25000000000006 1.0000000180025095e-35 1.5000000000000002 440.65000000000003 1.0000000180025095e-35 419.85000000000008 461.10000000000008 317.35000000000008 248.95000000000002 4.5000000000000009 4.5000000000000009 1.0000000180025095e-35 5.5000000000000009 362.04166666666669 492.05000000000007 467.85000000000008 5.5000000000000009 1.0000000180025095e-35 1.0000000180025095e-35 241.55000000000004 0.95000000000000007 191.85000000000005 3.5000000000000004 393.85000000000008 261.05833333333339 165.05000000000004 5.5000000000000009 1.0000000180025095e-35 1.5000000000000002 5.5000000000000009 374.65000000000003 1.0000000180025095e-35 2.5000000000000004 440.85000000000008 168.15000000000001 188.61250000000004 179.45000000000002 134.25000000000003 5.5000000000000009 495.85000000000008 470.75000000000006 300.15000000000003 164.25000000000003 362.04166666666669
decision_type=2 2 2 2 2 2 2 2 2 2 2 2 2 2 2 2 2 2 2 2 2 2 2 2 2 2 2 2 2 2 2 2 2 2 2 2 2 2 2 2 2 2 2 2 2 2 2 2 2 2 2 2 2 2 2 2 2 2 2 2 2 2
left_child=-1 2 3 20 16 7 12 32 9 10 11 -4 27 -14 15 -9 17 -5 25 24 21 -2 28 -24 57 37 -27 -7 -22 30 -15 -32 45 34 -10 36 -36 -3 -34 -39 -21 -8 43 44 -30 46 48 49 -6 -48 -49 53 -53 -52 -55 -45 -57 58 59 -20 -61 -62
right_child=1 18 8 4 5 6 41 14 33 -11 -12 -13 13 29 -16 -17 -18 -19 19 40 22 -23 23 -25 -26 26 -28 -29 42 -31 31 -33 38 -35 35 -37 -38 39 -40 -41 -42 -43 -44 55 -46 -47 47 50 -50 -51 51 52 -54 54 -56 56 -58 -59 -60 60 61 -63
leaf_value=-1.4934508588882418 1.1433853181044749 1.2904716037734136 -1.4544522486261879 0.041577543185894877 4.4787961944385817 21.484898613393309 29.382441048000171 2.604155895289253 1.0440814132090814 27.402801567468892 -13.312862173716226 27.005128927230835 -14.245491291246106 1.0556213014728422 7.665149467055862 -8.0326842243149432 -15.0570031079379 16.864548942777844 10.883453746870453 24.111946372985841 -1.3089083107629202 14.039366499582925 0.6218000703580342 14.375171328442438 19.17792350769043 6.5777459689860169 -7.6584347795557095 6.4147237192120476 1.7735022368431093 -7.1222660753462055 8.708897975705705 27.59904545545578 5.144014187135558 -9.1558905433206004 2.6945758811442175 11.527064199881121 11.207338511754596 -8.9729865964356961 21.083674888610844 4.226002614200115 8.5145503787145227 12.137097860265662 15.988302993774415 4.4347188615798947 15.368707681313541 -3.9102584754006338 1.1350846595774973 2.1840371371872389 20.648053405398414 -2.9540455043315887 -5.3713991479175851 2.7301899731159214 24.399789712367916 17.584104671478272 2.5476241544440943 -0.46301399700103274 -15.36966453675301 15.474861780802408 13.047035595348902 4.3435339303126277 -1.5758220760427284 6.7973204612731939
leaf_weight=6055 652 988 51 5864 108 32 23 68 1211 39 24 20 31 91 37 169 22 27 51 20 9935 36 1307 28 20 260 27 57 50 27 53 20 69 34 813 66 63 77 20 32 73 27 20 60 39 118 882 670 21 286 41 20 39 25 81 62 31 24 35 435 338 99
leaf_count=6055 652 988 51 5864 108 32 23 68 1211 39 24 20 31 91 37 169 22 27 51 20 9935 36 1307 28 20 260 27 57 50 27 53 20 69 34 813 66 63 77 20 32 73 27 20 60 39 118 882 670 21 286 41 20 39 25 81 62 31 24 35 435 338 99
internal_value=0.0132531 0.364844 0.0998785 -0.164635 0.704241 1.96337 7.01484 1.27627 2.51002 9.06811 1.54123 6.56233 4.91594 2.1428 -3.2731 -4.98076 0.0622187 0.118682 2.87331 4.47507 -0.799441 1.81818 -0.955608 0.91026 3.78882 1.60602 5.23845 11.8332 -1.19989 4.80269 6.76594 13.8843 1.80002 2.10819 2.28608 3.88274 3.3068 0.655696 8.72596 -5.09805 11.8688 20.07 2.93411 1.85525 7.73095 1.53096 1.82643 1.49292 7.111 0.133808 3.30506 6.95111 17.0542 2.89614 6.09396 -1.56264 -5.4319 3.4754 3.17479 2.80043 2.32769 0.321068
internal_weight=32003 25948 23469 21148 8928 3015 361 2654 2321 134 95 71 311 222 274 237 5913 5891 2479 1095 12220 688 11532 1335 1002 1384 287 89 10197 191 164 73 2380 2187 2153 942 876 1097 89 109 93 50 262 242 89 2291 2173 2044 129 1168 876 206 59 147 106 153 93 982 958 923 872 437
internal_count=32003 25948 23469 21148 8928 3015 361 2654 2321 134 95 71 311 222 274 237 5913 5891 2479 1095 12220 688 11532 1335 1002 1384 287 89 10197 191 164 73 2380 2187 2153 942 876 1097 89 109 93 50 262 242 89 2291 2173 2044 129 1168 876 206 59 147 106 153 93 982 958 923 872 437
is_linear=0
shrinkage=0.05


Tree=91
num_leaves=63
num_cat=0
split_feature=9 5 39 36 36 32 35 11 25 35 35 32 35 36 36 33 35 33 31 31 18 32 29 31 32 33 33 24 32 36 35 35 35 35 31 31 36 36 36 36 31 31 29 31 11 18 33 35 36 32 31 32 36 35 35 35 32 32 10 36 33 31
split_gain=6.15628e+06 5.5775e+06 4.00109e+06 3.05748e+06 1.99812e+06 1.61069e+06 1.96208e+06 2.59238e+06 1.59483e+06 1.62446e+06 3.53532e+06 1.5242e+06 2.4814e+06 1.66836e+06 1.63367e+06 1.81982e+06 1.79786e+06 1.49541e+06 1.50678e+06 1.42256e+06 1.49229e+06 1.97323e+06 2.18657e+06 2.46258e+06 2.19769e+06 2.04922e+06 2.058e+06 1.76087e+06 2.10408e+06 1.76852e+06 1.75618e+06 1.73584e+06 2.52715e+06 2.38733e+06 1.72803e+06 1.65513e+06 2.17772e+06 1.65262e+06 2.40692e+06 1.54236e+06 1.76816e+06 1.42196e+06 1.39929e+06 1.67297e+06 1.66031e+06 1.92525e+06 1.39431e+06 1.7388e+06 1.38386e+06 1.68405e+06 1.34239e+06 1.81591e+06 1.30191e+06 2.61899e+06 1.60548e+06 1.30121e+06 1.28642e+06 1.83419e+06 1.59141e+06 1.34382e+06 1.26917e+06 1.50094e+06
threshold=1.0000000180025095e-35 1.0000000180025095e-35 1.0000000180025095e-35 364.8250000000001 272.41250000000008 492.65000000000003 853.25000000000011 1.0000000180025095e-35 1.0000000180025095e-35 1155.7500000000002 949.45000000000016 406.45000000000005 1397.9500000000003 256.81666666666672 272.41250000000008 436.05000000000007 812.6500000000002 399.55000000000007 146.55000000000004 136.05000000000004 1.0000000180025095e-35 480.05000000000007 1.0000000180025095e-35 481.05000000000007 315.85000000000008 305.35000000000008 323.05000000000007 1.0000000180025095e-35 450.65000000000003 273.71250000000003 818.95000000000016 1083.5500000000002 894.95000000000016 1203.6500000000003 446.65000000000003 320.15000000000003 286.95833333333343 303.91666666666674 276.51666666666671 296.12500000000006 232.45000000000002 29.050000000000004 1.0000000180025095e-35 332.05000000000007 1.0000000180025095e-35 1.0000000180025095e-35 370.25000000000006 940.45000000000016 256.81666666666672 342.75000000000006 148.65000000000001 428.85000000000008 228.87083333333337 916.25000000000011 902.1500000000002 1069.4000000000003 464.85000000000008 420.85000000000008 1.0000000180025095e-35 420.42500000000007 209.95000000000002 434.55000000000007
decision_type=2 2 2 2 2 2 2 2 2 2 2 2 2 2 2 2 2 2 2 2 2 2 2 2 2 2 2 2 2 2 2 2 2 2 2 2 2 2 2 2 2 2 2 2 2 2 2 2 2 2 2 2 2 2 2 2 2 2 2 2 2 2
left_child=1 2 -1 19 42 6 -5 56 -6 10 -10 12 13 17 16 -16 -15 52 -19 41 21 22 24 31 -21 27 -27 28 -26 -30 -31 32 -24 -33 50 39 -37 38 -23 40 -28 -4 43 46 45 -45 48 -48 -2 -50 -22 -52 54 -54 -3 -41 57 58 -8 -59 61 -13
right_child=4 11 3 5 8 -7 7 -9 9 -11 -12 60 -14 14 15 -17 -18 18 -20 20 34 37 23 -25 25 26 35 -29 29 30 -32 33 -34 -35 -36 36 -38 -39 -40 55 -42 -43 -44 44 -46 -47 47 -49 49 -51 51 -53 53 -55 -56 -57 -58 59 -60 -61 -62 -63
leaf_value=-0.96098068498928046 0.7531422053601472 0.48867734163748033 0.73601993693293433 1.6229060507051629 3.2991866528839724 -8.7757661610841762 4.5873494468554101 13.490129488776711 19.773811122092109 20.311028608254023 -5.9724918619791669 3.9403296791948379 -14.589140836397807 4.7557212168309428 3.2526617474445119 -5.1213244991170042 17.848376279263885 0.90161734922674663 12.994363545356913 0.23693250975504668 8.582191429967466 5.3513621752628602 -2.7643167516463163 12.373625831604004 3.6023874345026226 20.707585078239443 -1.308300675286187 -4.3038959929876235 3.755070545408461 -1.5306101036071778 -18.016638608773551 11.61498502064974 -12.512206499964337 -7.5210647514888223 4.9479235032399496 -2.0789353143601192 17.165820145120428 0.48264892995357517 26.544923283656438 1.6573247637067521 16.960064877913549 -1.7276636996544636 -3.6282696429930681 7.1024871995163323 -8.7366450037275047 -6.9079007554937295 1.1122234958249171 13.331283001104991 0.61139684184031051 -13.861726549509411 -2.6419166583979745 -12.321576761657543 0.10860409429579071 -10.758794423976504 9.4802800261057349 -14.085920694328491 -2.4275662410086483 22.532643638957634 -10.875917835235597 7.0779142281947998 8.2413418173025814 -7.5877046331763269
leaf_weight=15264 1197 1096 834 1213 1056 32 99 85 24 28 30 240 24 90 656 72 37 57 47 4329 23 37 272 25 663 25 27 107 45 35 30 39 88 28 75 21 49 48 21 35 26 1967 141 267 21 27 74 48 44 37 407 55 198 77 52 21 69 22 20 39 156 32
leaf_count=15264 1197 1096 834 1213 1056 32 99 85 24 28 30 240 24 90 656 72 37 57 47 4329 23 37 272 25 663 25 27 107 45 35 30 39 88 28 75 21 49 48 21 35 26 1967 141 267 21 27 74 48 44 37 407 55 198 77 52 21 69 22 20 39 156 32
internal_value=0.0125905 -0.210198 -0.438327 0.292842 2.1712 2.32762 2.55729 5.95073 3.82078 10.5379 5.47031 1.89681 1.40775 1.56893 3.33733 2.42447 8.57012 0.578761 6.36661 -0.0514474 0.352835 0.584296 0.4621 -2.87883 0.741077 2.7544 7.26959 1.7077 2.53983 -3.86448 -9.13955 -3.77184 -5.14713 3.61783 -2.11511 5.39278 11.3924 7.34539 13.0249 1.53981 7.65354 -0.9941 1.15977 1.55342 4.84565 5.81582 0.812668 5.91972 0.32514 -5.99978 -3.20733 -3.79426 0.155756 -2.93427 0.895962 -4.24639 3.37704 5.60214 1.98848 12.6518 4.64608 2.58409
internal_weight=32003 29009 26175 10911 2994 1579 1547 334 1138 82 54 2834 2406 2382 855 728 127 1527 104 9332 6531 5971 5865 452 5413 1084 204 880 773 110 65 427 360 67 560 179 70 106 58 109 53 2801 1856 1715 315 294 1400 122 1278 81 485 462 1423 275 1148 56 249 180 119 61 428 272
internal_count=32003 29009 26175 10911 2994 1579 1547 334 1138 82 54 2834 2406 2382 855 728 127 1527 104 9332 6531 5971 5865 452 5413 1084 204 880 773 110 65 427 360 67 560 179 70 106 58 109 53 2801 1856 1715 315 294 1400 122 1278 81 485 462 1423 275 1148 56 249 180 119 61 428 272
is_linear=0
shrinkage=0.05


Tree=92
num_leaves=63
num_cat=0
split_feature=40 35 40 40 35 28 34 33 40 35 36 32 34 36 40 36 40 40 33 34 38 33 33 36 37 32 33 32 32 35 35 22 11 11 32 33 35 12 29 39 5 32 32 33 35 33 29 37 35 32 33 33 35 33 32 33 35 35 33 33 33 33
split_gain=6.40773e+06 6.53683e+06 3.60472e+06 7.67786e+06 4.45182e+06 2.37428e+06 3.02911e+06 2.86345e+06 2.54944e+06 4.15295e+06 5.25975e+06 3.51987e+06 2.31938e+06 2.30402e+06 2.22737e+06 2.73805e+06 2.13241e+06 2.45174e+06 2.11334e+06 4.29034e+06 2.35772e+06 3.60496e+06 5.16772e+06 2.2598e+06 2.10217e+06 1.89454e+06 2.49527e+06 1.79382e+06 1.71768e+06 2.05779e+06 1.70458e+06 1.59934e+06 1.60669e+06 1.58419e+06 1.97527e+06 1.56963e+06 1.55441e+06 1.52752e+06 5.06004e+06 2.20994e+06 2.08596e+06 2.9764e+06 3.16202e+06 1.90782e+06 3.19677e+06 1.52503e+06 1.51924e+06 1.51926e+06 2.34252e+06 1.49523e+06 1.49471e+06 1.42461e+06 1.37464e+06 1.35925e+06 1.69899e+06 1.63151e+06 1.67116e+06 3.86113e+06 1.35056e+06 1.2302e+06 1.19476e+06 3.21694e+06
threshold=5.5000000000000009 522.6500000000002 4.5000000000000009 1.0000000180025095e-35 592.85000000000014 1.0000000180025095e-35 467.85000000000008 392.15000000000003 1.5000000000000002 1187.8500000000001 307.47500000000008 69.250000000000014 76.250000000000014 327.63333333333338 1.5000000000000002 478.25000000000006 2.5000000000000004 3.5000000000000004 224.15000000000001 9.2000000000000011 1.0000000180025095e-35 111.75000000000001 19.750000000000004 256.81666666666672 3.5000000000000004 466.85000000000008 196.95000000000002 454.55000000000007 468.75000000000006 832.35000000000025 818.95000000000016 1.0000000180025095e-35 1.0000000180025095e-35 1.0000000180025095e-35 418.85000000000008 494.35000000000008 987.70000000000016 1.0000000180025095e-35 1.0000000180025095e-35 1.0000000180025095e-35 1.0000000180025095e-35 444.35000000000008 398.85000000000008 409.65000000000003 717.95000000000016 174.55000000000004 1.0000000180025095e-35 4.5000000000000009 909.35000000000014 460.75000000000006 181.15000000000001 9.3500000000000032 933.35000000000025 472.55000000000007 164.25000000000003 463.55000000000007 1110.2000000000003 887.1500000000002 207.65000000000001 341.05000000000007 459.35000000000008 442.95000000000005
decision_type=2 2 2 2 2 2 2 2 2 2 2 2 2 2 2 2 2 2 2 2 2 2 2 2 2 2 2 2 2 2 2 2 2 2 2 2 2 2 2 2 2 2 2 2 2 2 2 2 2 2 2 2 2 2 2 2 2 2 2 2 2 2
left_child=2 -2 3 -1 14 6 8 12 9 11 -11 -6 25 24 15 50 -10 27 20 -20 21 22 23 -13 -9 26 -7 33 31 -30 -14 32 60 34 46 37 -37 53 40 -40 41 42 43 44 -39 -29 47 -18 -49 -25 -5 -35 -34 55 -55 -3 57 -57 -53 -28 61 -19
right_child=1 35 -4 4 5 7 -8 13 16 10 -12 18 30 -15 -16 -17 17 28 19 -21 -22 -23 -24 49 -26 -27 59 45 29 -31 -32 -33 52 51 -36 36 -38 38 39 -41 -42 -43 -44 -45 -46 -47 -48 48 -50 -51 -52 58 -54 54 -56 56 -58 -59 -60 -61 -62 -63
leaf_value=-1.4174449682499128 0.069568197526037698 2.2773650594962818 -1.4404088395467713 1.4828540893892448 -11.653331559044975 -6.5794606643418483 -8.5244721730550133 1.5746509781905584 -0.87925631718649633 39.750047356741774 5.1397349896638289 24.950514300116179 2.1128142527171545 -5.6029432452641998 -0.29630433752671581 18.603039611816406 6.7176880532825329 2.5256156346821128 8.2789750281675367 -11.906152393267705 -5.9451603698730473 28.22865533499882 -14.656846990585329 12.585204691067339 19.629979868939049 11.722021212180456 8.7164698382555432 4.0252679778996745 -2.0890816688537597 13.821446992987294 -12.031998825073243 -10.469499324930126 0.88578256728157168 -10.182063341140747 16.276692201220801 21.876914224170505 3.4245698089599608 2.1065302548585119 0.72221562957763674 -21.006210465864704 19.87284902053721 19.60456480227019 -10.633986326853435 -4.713185501098633 16.335270587190404 -9.0093241958057177 -0.11968569969063375 5.7727608777858599 27.013095054626469 -2.7904353005545484 12.001090578351702 12.967731700624739 -10.217421433448791 -12.235771451677595 0.78816532946445728 1.7771274060010911 -0.30769711968799435 32.131807608604433 -0.96015940956447443 -4.5178715934753422 10.105311925360498 -16.940850101817741
leaf_weight=6055 6525 3277 6711 966 28 114 54 28 339 21 23 29 28 26 5056 25 296 601 81 39 20 29 20 64 38 30 59 66 31 59 89 29 63 22 63 21 25 81 25 22 34 38 30 30 77 34 67 27 25 21 35 28 50 35 88 22 24 20 46 25 47 22
leaf_count=6055 6525 3277 6711 966 28 114 54 28 339 21 23 29 28 26 5056 25 296 601 81 39 20 29 20 64 38 30 59 66 31 59 89 29 63 22 63 21 25 81 25 22 34 38 30 30 77 34 67 27 25 21 35 28 50 35 88 22 24 20 46 25 47 22
internal_value=0.011961 1.03354 -0.478023 -0.0450845 0.892481 2.54967 3.18047 -0.833888 3.45649 7.2265 21.6583 5.30808 -2.92395 7.00384 0.134731 2.25882 2.71823 3.49206 6.87547 1.71881 10.2569 12.2449 8.78569 12.8984 11.9701 0.0128379 -1.76128 5.77346 1.78733 8.34115 -8.64692 1.06092 1.48797 6.85011 8.02728 2.66771 11.8485 2.55666 5.77032 -9.44854 8.23683 6.69142 4.4405 6.84601 9.04079 -0.406493 6.77496 8.10238 15.9845 8.78652 1.85062 0.988789 -4.02714 2.2442 -2.91783 2.43412 10.2174 16.2317 4.30985 4.77768 2.41813 1.8382
internal_weight=32003 10374 21629 14918 8863 2781 2344 437 2290 375 44 331 345 92 6082 1026 1915 1576 303 120 183 163 134 114 66 228 198 674 902 90 117 812 783 574 478 3849 46 3803 337 47 290 256 218 188 158 100 415 348 52 85 1001 96 113 3466 123 3343 66 42 74 84 670 623
internal_count=32003 10374 21629 14918 8863 2781 2344 437 2290 375 44 331 345 92 6082 1026 1915 1576 303 120 183 163 134 114 66 228 198 674 902 90 117 812 783 574 478 3849 46 3803 337 47 290 256 218 188 158 100 415 348 52 85 1001 96 113 3466 123 3343 66 42 74 84 670 623
is_linear=0
shrinkage=0.05


Tree=93
num_leaves=63
num_cat=0
split_feature=40 35 40 40 35 9 34 28 35 35 35 32 11 34 35 35 34 31 2 36 36 33 35 40 36 34 32 32 22 24 33 32 35 31 35 33 32 5 31 36 40 32 31 8 32 33 32 35 36 40 34 36 36 31 36 35 9 31 31 36 36 36
split_gain=5.78298e+06 5.89949e+06 3.25326e+06 6.92927e+06 4.01777e+06 2.24162e+06 2.94012e+06 2.60655e+06 3.50405e+06 2.88276e+06 2.71006e+06 1.21424e+07 2.47318e+06 2.16172e+06 4.42831e+06 4.01478e+06 2.76559e+06 2.23635e+06 2.06712e+06 4.70872e+06 4.47944e+06 3.07702e+06 2.16495e+06 2.0102e+06 2.47109e+06 1.92087e+06 5.12165e+06 2.56648e+06 1.89512e+06 1.89294e+06 1.77948e+06 1.54388e+06 1.53227e+06 1.47007e+06 1.45397e+06 1.73948e+06 2.00513e+06 1.9684e+06 1.43908e+06 1.75591e+06 1.4386e+06 2.91438e+06 3.34211e+06 4.29119e+06 2.62898e+06 2.52518e+06 2.23899e+06 4.16566e+06 2.26201e+06 1.49595e+06 1.43062e+06 1.41615e+06 3.43287e+06 2.22774e+06 3.37871e+06 2.43061e+06 1.38309e+06 1.37788e+06 2.52972e+06 1.37442e+06 1.36969e+06 1.36696e+06
threshold=5.5000000000000009 522.6500000000002 4.5000000000000009 1.0000000180025095e-35 592.85000000000014 1.0000000180025095e-35 467.85000000000008 1.0000000180025095e-35 1313.1500000000003 1155.7500000000002 1313.1500000000003 412.85000000000008 1.0000000180025095e-35 180.75000000000003 1069.4000000000003 1096.7500000000002 299.40000000000003 357.45000000000005 1.0000000180025095e-35 382.3250000000001 327.63333333333338 326.85000000000008 967.45000000000016 1.5000000000000002 478.25000000000006 448.75000000000006 333.65000000000003 225.25000000000003 1.0000000180025095e-35 1.0000000180025095e-35 437.75000000000006 143.55000000000004 998.25000000000011 273.55000000000007 909.35000000000014 311.35000000000008 145.65000000000001 1.0000000180025095e-35 282.05000000000007 273.71250000000003 1.5000000000000002 69.250000000000014 209.75000000000003 1.0000000180025095e-35 350.45000000000005 323.05000000000007 382.75000000000006 696.75000000000011 323.02500000000003 2.5000000000000004 195.35000000000005 390.78333333333336 444.47500000000008 384.75000000000006 406.77500000000003 880.85000000000002 1.0000000180025095e-35 247.15000000000001 189.65000000000001 204.51666666666668 307.47500000000008 342.98333333333341
decision_type=2 2 2 2 2 2 2 2 2 2 2 2 2 2 2 2 2 2 2 2 2 2 2 2 2 2 2 2 2 2 2 2 2 2 2 2 2 2 2 2 2 2 2 2 2 2 2 2 2 2 2 2 2 2 2 2 2 2 2 2 2 2
left_child=2 56 3 -1 23 6 7 10 9 31 28 -12 13 14 59 16 -15 -17 25 20 22 -22 30 24 -5 51 27 -27 40 61 34 50 -14 -8 35 37 -37 -20 -24 -40 41 -6 44 45 -43 46 47 -44 -48 -42 -9 -3 53 54 -53 -55 -2 58 -33 -7 -49 -4
right_child=1 18 29 4 5 12 33 8 -10 -11 11 -13 32 15 -16 17 -18 -19 19 -21 21 -23 38 -25 -26 26 -28 -29 -30 -31 -32 57 -34 -35 -36 36 -38 -39 39 -41 49 42 43 -45 -46 -47 48 60 -50 -51 -52 52 -54 55 -56 -57 -58 -59 -60 -61 -62 -63
leaf_value=-1.3465727215135797 -0.12313960555412731 2.0953534202324966 -1.4304322363255928 1.7580933918099069 -11.831978861490887 -0.55387333929538729 -2.3983095010121662 13.950055673718452 -17.814881288813009 14.820693864493535 -6.7259122139698748 35.696428311255673 4.2858984040177388 19.457216835021974 -13.847433978113635 32.342471208243538 -3.2216793595290767 11.20199971205809 3.9131952179134779 18.927172744483279 0.8048287072080248 -19.488464429301601 17.890343445188858 -0.2814891153542381 17.672887454986576 9.2385571079254145 -8.1136825084686279 28.85925769042969 -6.9601891297560474 -3.9436168747678284 18.126449121236799 -2.5232021776112643 -13.596452095985413 -20.512978199550087 -7.3549857676029209 6.3409362179989168 -14.169002400911772 17.638890679677328 14.517208953464731 -1.9362745008160993 -1.2304145729148781 7.162493270321896 21.044805118015834 -5.8183371697702722 -12.288682228326799 27.866915383832207 10.022824778380219 5.0128847184388539 31.621272563934326 2.8574159662144774 -3.3139593669346405 -8.8434110994996704 10.416016297113329 -4.2235169917796602 16.51831616560618 -20.232864462362755 2.8665013069823639 -5.9390852082989172 16.432936304265805 8.6321730773047651 -12.437811756134034 0.58278938459063123
leaf_weight=6055 6112 2961 5054 1001 21 51 24 28 31 29 37 31 23 20 29 29 41 22 202 57 47 31 51 5056 25 50 32 25 52 645 20 88 25 21 32 22 26 30 34 31 273 38 28 31 32 29 27 23 22 1242 21 29 42 66 24 37 413 167 22 202 22 1012
leaf_count=6055 6112 2961 5054 1001 21 51 24 28 31 29 37 31 23 20 29 29 41 22 202 57 47 31 51 5056 25 50 32 25 52 645 20 88 25 21 32 22 26 30 34 31 273 38 28 31 32 29 27 23 22 1242 21 29 42 66 24 37 413 167 22 202 22 1012
internal_value=0.0113629 0.981863 -0.454122 -0.0428303 0.847857 2.42218 1.8051 2.05338 -1.69378 -0.286017 2.81145 12.6137 5.68772 6.99316 4.65913 12.8699 4.21402 23.2231 2.53432 5.27686 3.79764 -7.26045 5.72294 0.127995 2.14588 2.04476 8.63338 15.7788 2.44919 -1.36839 3.6684 -1.62987 -5.02783 -10.8518 2.7416 3.8955 -4.76861 5.68807 11.6032 6.67016 2.72285 6.06389 7.55521 11.1262 -1.72947 14.6049 11.4525 5.903 19.7201 2.1208 6.55119 1.8216 -2.2723 -5.68838 2.64114 -9.97445 0.0660898 -3.07706 1.26803 6.78044 -3.51857 -1.09456
internal_weight=32003 10374 21629 14918 8863 2781 2339 2294 386 355 1908 68 442 394 282 112 61 51 3849 583 526 78 448 6082 1026 3266 107 75 1840 6711 332 326 48 45 312 280 48 232 116 65 1788 273 252 182 70 151 122 73 49 1515 49 3159 198 156 53 103 6525 277 110 253 45 6066
internal_count=32003 10374 21629 14918 8863 2781 2339 2294 386 355 1908 68 442 394 282 112 61 51 3849 583 526 78 448 6082 1026 3266 107 75 1840 6711 332 326 48 45 312 280 48 232 116 65 1788 273 252 182 70 151 122 73 49 1515 49 3159 198 156 53 103 6525 277 110 253 45 6066
is_linear=0
shrinkage=0.05


Tree=94
num_leaves=63
num_cat=0
split_feature=40 35 40 40 35 2 10 35 32 40 35 31 33 31 33 33 31 36 2 36 35 32 40 36 28 18 36 36 35 32 40 33 31 32 32 35 33 33 32 33 36 31 31 32 40 32 33 36 11 36 32 36 32 33 32 31 36 32 31 36 38 35
split_gain=5.21914e+06 5.32429e+06 2.93607e+06 6.25367e+06 3.62603e+06 2.16255e+06 2.55678e+06 4.75151e+06 3.15271e+06 2.35605e+06 3.84983e+06 3.46914e+06 4.3249e+06 3.79498e+06 3.17174e+06 2.80111e+06 6.48172e+06 2.53883e+06 1.86558e+06 4.31723e+06 2.7623e+06 2.23554e+06 1.81421e+06 2.23016e+06 1.76934e+06 2.89052e+06 2.10263e+06 3.83742e+06 1.90596e+06 1.76851e+06 1.75623e+06 1.72044e+06 1.60006e+06 1.59705e+06 2.52016e+06 2.58388e+06 1.54442e+06 1.34898e+06 1.29233e+06 2.59008e+06 2.12097e+06 1.55407e+06 1.49238e+06 1.86967e+06 1.448e+06 1.42503e+06 1.36182e+06 2.11383e+06 2.05941e+06 1.36072e+06 1.35376e+06 1.29218e+06 3.05596e+06 2.98163e+06 2.58676e+06 1.45411e+06 2.1779e+06 2.41119e+06 2.16917e+06 1.95742e+06 2.58853e+06 2.21851e+06
threshold=5.5000000000000009 522.6500000000002 4.5000000000000009 1.0000000180025095e-35 592.85000000000014 1.0000000180025095e-35 1.0000000180025095e-35 1170.4500000000003 100.55000000000001 1.5000000000000002 1020.4500000000002 104.55000000000001 1.0000000180025095e-35 370.15000000000003 378.05000000000007 118.05000000000001 224.05000000000004 325.31250000000006 1.0000000180025095e-35 400.05000000000007 1313.1500000000003 450.65000000000003 1.5000000000000002 478.25000000000006 1.0000000180025095e-35 1.0000000180025095e-35 334.03333333333336 305.71666666666675 924.45000000000016 328.05000000000007 3.5000000000000004 485.45000000000005 454.25000000000006 23.250000000000004 75.15000000000002 1170.4500000000003 201.35000000000005 181.15000000000001 392.85000000000008 291.45000000000005 284.0125000000001 220.05000000000004 158.95000000000002 280.45000000000005 2.5000000000000004 102.85000000000001 315.35000000000008 256.81666666666672 1.0000000180025095e-35 211.48750000000004 156.25000000000003 387.95000000000005 384.95000000000005 444.85000000000008 346.35000000000008 332.05000000000007 194.51250000000002 23.250000000000004 323.95000000000005 245.81250000000003 1.0000000180025095e-35 1279.4000000000003
decision_type=2 2 2 2 2 2 2 2 2 2 2 2 2 2 2 2 2 2 2 2 2 2 2 2 2 2 2 2 2 2 2 2 2 2 2 2 2 2 2 2 2 2 2 2 2 2 2 2 2 2 2 2 2 2 2 2 2 2 2 2 2 2
left_child=2 -2 3 -1 22 6 9 8 -8 10 11 -6 13 -13 17 -14 -17 -12 51 20 21 33 23 37 31 26 27 36 -28 -15 -9 38 -10 -20 -35 -36 -26 -5 40 41 42 -40 43 -11 -44 -46 47 48 49 -47 -42 55 54 -54 -53 58 57 -57 -3 60 -58 -61
right_child=1 18 -4 4 5 -7 7 30 32 24 14 12 15 29 -16 16 -18 -19 19 -21 -22 -23 -24 -25 25 -27 28 -29 -30 -31 -32 -33 -34 34 35 -37 -38 -39 39 -41 50 -43 44 -45 45 46 -48 -49 -50 -51 -52 52 53 -55 -56 56 59 -59 -60 61 -62 -63
leaf_value=-1.2792440801951113 0.062785296633554144 1.6276160341281249 -1.2999689767430751 1.3208066837804289 17.158472028845235 5.565767761919048 12.58177234476263 -24.656407747949874 -3.0397080149179625 3.2104400530628774 14.24740151677813 21.918319772992817 -16.6777918351324 10.976262250153916 2.7908397947038925 -20.795252521221457 9.5010543534972456 37.571962280273439 18.413875845074653 21.541538594220139 -12.692922949790955 -4.2571768206934779 -0.26741465736999137 16.789243326187133 -6.1841277565754638 -14.718300894687051 0.00075517222285270691 18.069202553142201 -18.037540506433558 -7.5894966281693561 -6.224158382415772 13.870458781719208 11.041725041649558 -11.324748047915373 5.083846357015088 22.328470478887144 3.5207971658288821 11.313131201607842 -2.2010667892602775 12.377864678313093 -14.656052463395255 4.8270775224765146 -1.5083631017473009 -8.0483383946120739 0.066599848832976954 11.511976034981863 15.09455573913899 16.701959612562852 -5.9910157724868425 1.9663053535763177 -1.4836024722361634 0.73337992827097587 -1.2855898292971331 17.769082315762841 -22.308833076213972 11.48865899156641 6.4531044897437102 -4.9998648192613357 -8.4530547055331144 2.214207408980998 23.062174576979416 11.00157971341163
leaf_weight=6055 6525 1795 6711 966 38 429 44 28 243 87 28 35 38 23 28 26 55 20 24 37 24 62 5056 25 71 38 32 33 27 29 24 32 22 22 391 23 97 35 117 82 21 240 90 64 89 70 47 37 43 80 274 21 142 24 29 27 240 124 55 703 26 80
leaf_count=6055 6525 1795 6711 966 38 429 44 28 243 87 28 35 38 23 28 26 55 20 24 37 24 62 5056 25 71 38 32 33 27 29 24 32 22 22 391 23 97 35 117 82 21 240 90 64 89 70 47 37 43 80 274 21 142 24 29 27 240 124 55 703 26 80
internal_value=0.0107948 0.93277 -0.431416 -0.0406888 0.805464 2.30107 1.7056 -2.16591 0.187271 2.40757 6.33799 3.27724 0.716627 9.18965 16.1646 -5.47794 -0.223686 23.966 2.40761 5.01302 3.89295 4.65552 0.121595 2.03859 1.65488 -1.83744 0.0451481 2.48123 -8.25406 0.622281 -16.1492 2.41287 -1.87068 5.8568 5.16558 6.04188 -0.580689 1.67019 2.13946 4.36437 1.0566 2.52374 2.74685 -1.56149 4.17351 5.57069 7.33915 5.75435 3.65559 6.42095 -2.4213 1.94253 -1.79468 1.4693 -12.6311 2.20719 3.56274 -2.05159 1.32792 4.3709 8.07655 3.11202
internal_weight=32003 10374 21629 14918 8863 2781 2352 361 309 1991 320 244 206 87 76 119 81 48 3849 583 546 522 6082 1026 1671 298 260 201 59 52 52 1373 265 460 436 414 168 1001 1341 439 902 357 607 151 456 366 277 230 193 150 295 3266 216 166 50 3050 1200 151 1850 1049 266 783
internal_count=32003 10374 21629 14918 8863 2781 2352 361 309 1991 320 244 206 87 76 119 81 48 3849 583 546 522 6082 1026 1671 298 260 201 59 52 52 1373 265 460 436 414 168 1001 1341 439 902 357 607 151 456 366 277 230 193 150 295 3266 216 166 50 3050 1200 151 1850 1049 266 783
is_linear=0
shrinkage=0.05


Tree=95
num_leaves=63
num_cat=0
split_feature=9 40 34 34 36 35 36 17 36 34 35 32 35 33 28 32 33 33 35 25 33 34 21 32 13 2 35 35 36 6 32 36 36 35 36 36 33 34 32 33 24 32 35 36 35 35 33 33 33 33 28 35 6 34 34 39 34 32 32 13 35 28
split_gain=5.44855e+06 3.8879e+06 4.41567e+06 3.51599e+06 3.34052e+06 3.41139e+06 2.80655e+06 2.40962e+06 1.99215e+06 2.19104e+06 2.60284e+06 1.90356e+06 3.97963e+06 3.93224e+06 2.15784e+06 1.73043e+06 6.15208e+06 5.87077e+06 1.83121e+06 1.68611e+06 1.66292e+06 1.65972e+06 1.63029e+06 1.62081e+06 1.69287e+06 1.58568e+06 2.01956e+06 1.54511e+06 1.51263e+06 1.47955e+06 1.43715e+06 1.38435e+06 1.35735e+06 2.77606e+06 1.58821e+06 2.95177e+06 5.21128e+06 2.7531e+06 2.69228e+06 1.94288e+06 1.32502e+06 2.99207e+06 2.01866e+06 1.70552e+06 1.46795e+06 1.32203e+06 2.28253e+06 2.22911e+06 1.42695e+06 1.46811e+06 1.31285e+06 1.84627e+06 1.59784e+06 1.49183e+06 2.20916e+06 1.2959e+06 1.23904e+06 1.21909e+06 1.89531e+06 2.3444e+06 2.27534e+06 1.47798e+06
threshold=1.0000000180025095e-35 5.5000000000000009 169.45000000000002 182.75000000000003 390.78333333333336 1203.6500000000003 345.05000000000013 1.0000000180025095e-35 315.18333333333339 476.25000000000006 1203.6500000000003 317.55000000000007 1122.0000000000002 429.05000000000007 1.0000000180025095e-35 410.95000000000005 295.15000000000003 263.65000000000003 832.35000000000025 1.0000000180025095e-35 249.45000000000002 463.65000000000003 1.0000000180025095e-35 4.6500000000000012 1.0000000180025095e-35 1.0000000180025095e-35 1397.9500000000003 933.35000000000025 352.12500000000006 1.0000000180025095e-35 420.85000000000008 266.78333333333336 190.97750000000005 759.00000000000011 218.61250000000004 229.91666666666669 420.75000000000006 428.15000000000003 234.05000000000004 174.55000000000004 1.0000000180025095e-35 378.65000000000003 1170.4500000000003 237.71000000000006 1110.2000000000003 587.85000000000014 166.15000000000001 190.00000000000003 138.65000000000001 116.25000000000001 1.0000000180025095e-35 1313.1500000000003 1.0000000180025095e-35 230.30000000000004 305.15000000000003 1.0000000180025095e-35 297.05000000000007 13.15 53.95000000000001 1.0000000180025095e-35 770.85000000000025 1.0000000180025095e-35
decision_type=2 2 2 2 2 2 2 2 2 2 2 2 2 2 2 2 2 2 2 2 2 2 2 2 2 2 2 2 2 2 2 2 2 2 2 2 2 2 2 2 2 2 2 2 2 2 2 2 2 2 2 2 2 2 2 2 2 2 2 2 2 2
left_child=1 6 11 -4 -2 -6 50 8 9 10 23 12 45 14 40 16 -16 18 -17 25 -12 28 30 -5 32 29 -27 -26 -10 -8 -15 -22 33 -25 56 -36 37 38 -37 -40 42 43 44 -42 -13 -3 48 -48 49 -47 51 -1 53 -53 -55 -43 -34 -49 60 61 -59 -60
right_child=4 2 3 7 5 -7 19 -9 21 -11 20 13 -14 22 15 17 -18 -19 -20 -21 31 -23 -24 24 27 26 -28 -29 -30 -31 -32 -33 34 -35 35 36 -38 -39 39 -41 41 55 -44 -45 -46 46 47 57 -50 -51 -52 52 -54 54 -56 -57 -58 58 59 -61 -62 -63
leaf_value=-0.79425714931600189 1.5205851817287366 -0.22376682916413204 23.0084369430542 -9.9014232242107401 5.4329556312181255 23.648927218338542 -0.42229672421155567 -12.368488866632635 28.449158082008367 15.53995819091797 5.1416787719726571 2.4618021256316367 -20.349836786588035 14.904615456717355 -5.2923100558194252 -7.7069019913673404 25.832482383251193 -27.219632686417683 8.3403393983840939 4.1921601852284205 -2.53119800567627 1.719368938777758 19.377592625984779 3.3461924244375787 -7.2445426940917974 2.399239823298577 15.866293514159418 9.2470142555236823 9.8307572285334288 3.5682061335456048 -0.19901689953274199 -20.342609743277233 -8.4223751841364685 20.593801409699196 20.003793814603021 -14.740152910593395 27.157340869903567 15.077939871083135 12.326970743249966 -6.0191561945023082 -1.4651733739035471 -2.0566195458173753 14.573208947742685 14.258327871210435 -10.581053300337359 4.8592324126122612 -12.618718733507045 8.9796625250577939 17.46785399800255 -8.7690933500017447 -2.2731067931855091 13.728692803175555 15.035182364781699 -14.412162960659373 3.4314368364287589 -12.627736642225734 4.5173922951157035 3.9257801237560459 1.4669049448799343 16.17788174947103 -17.127684887972745 -6.3066929343584421
leaf_weight=14638 2731 6153 25 20 226 29 2415 22 20 35 20 1111 24 28 77 40 20 29 32 316 20 23 39 51 49 273 31 20 24 257 36 24 37 43 34 37 20 23 27 31 35 64 34 34 22 335 34 40 21 21 1534 23 30 22 82 53 37 21 352 24 33 74
leaf_count=14638 2731 6153 25 20 226 29 2415 22 20 35 20 1111 24 28 77 40 20 29 32 316 20 23 39 51 49 273 31 20 24 257 36 24 37 43 34 37 20 23 27 31 35 64 34 34 22 335 34 40 21 21 1534 23 30 22 82 53 37 21 352 24 33 74
internal_value=-0.00224039 -0.211304 0.62317 4.62618 2.03161 7.50458 -0.612273 3.88136 4.48219 3.45158 2.59338 0.330667 -0.0237541 1.85892 1.23067 -3.64451 1.12517 -8.22529 -0.574795 0.719548 -6.8127 12.604 11.3193 3.99662 4.67623 0.350817 3.77252 -2.46438 18.2937 -0.0384796 6.40882 -12.2465 6.12536 11.2361 4.17249 6.80766 3.55644 -0.443718 -4.20159 2.52128 1.94411 -1.97522 2.56878 6.28264 2.20854 0.0448764 1.77573 -0.198439 4.80243 4.05531 -0.880774 -0.736412 4.65685 2.20528 -0.343171 -6.84525 -1.95249 0.577829 -0.0889837 0.973165 -8.94023 0.116562
internal_weight=32035 29049 9428 642 2986 255 19621 617 595 528 493 8786 7132 1654 1551 198 97 101 72 3292 64 67 103 429 409 2976 304 69 44 2672 64 44 340 94 246 172 138 118 95 58 1353 186 1167 69 1133 7108 955 578 377 356 16329 14795 157 127 104 117 74 544 504 450 54 426
internal_count=32035 29049 9428 642 2986 255 19621 617 595 528 493 8786 7132 1654 1551 198 97 101 72 3292 64 67 103 429 409 2976 304 69 44 2672 64 44 340 94 246 172 138 118 95 58 1353 186 1167 69 1133 7108 955 578 377 356 16329 14795 157 127 104 117 74 544 504 450 54 426
is_linear=0
shrinkage=0.05


Tree=96
num_leaves=63
num_cat=0
split_feature=9 5 25 36 35 7 34 36 31 24 35 32 2 11 36 36 32 35 35 36 40 2 32 12 34 31 34 34 32 31 35 31 37 2 24 35 40 40 35 40 35 40 40 11 35 37 40 35 37 35 31 32 35 32 32 31 32 36 35 32 36 32
split_gain=4.91732e+06 4.07636e+06 3.24218e+06 3.01482e+06 3.07878e+06 2.35542e+06 2.87806e+06 2.15019e+06 2.05576e+06 2.04692e+06 2.76346e+06 2.68789e+06 2.22588e+06 1.91519e+06 2.02176e+06 1.80331e+06 1.40144e+06 1.74562e+06 1.84357e+06 1.26546e+06 1.37226e+06 1.49549e+06 1.38122e+06 1.26317e+06 1.26058e+06 2.88484e+06 1.34172e+06 1.67154e+06 1.35692e+06 1.21513e+06 3.1557e+06 2.56714e+06 2.0134e+06 1.53009e+06 1.24306e+06 1.95915e+06 1.70583e+06 1.58396e+06 1.62377e+06 1.20149e+06 1.20131e+06 1.14924e+06 1.80819e+06 2.9815e+06 4.02823e+06 1.78808e+06 1.7765e+06 2.54681e+06 1.58867e+06 2.29175e+06 3.34808e+06 2.76739e+06 1.50962e+06 1.20046e+06 2.34509e+06 1.90055e+06 2.45954e+06 1.41471e+06 1.86723e+06 1.39373e+06 1.55306e+06 1.19478e+06
threshold=1.0000000180025095e-35 1.0000000180025095e-35 1.0000000180025095e-35 390.78333333333336 1203.6500000000003 1.0000000180025095e-35 470.75000000000006 293.01666666666671 384.75000000000006 1.0000000180025095e-35 998.25000000000011 280.45000000000005 1.0000000180025095e-35 1.0000000180025095e-35 315.18333333333339 440.65000000000003 476.25000000000006 958.55000000000007 1187.8500000000001 289.95500000000004 5.5000000000000009 1.0000000180025095e-35 259.05000000000007 1.0000000180025095e-35 302.95000000000005 398.85000000000008 344.35000000000008 401.75000000000006 212.85000000000005 119.55000000000001 924.45000000000016 29.050000000000004 4.5000000000000009 1.0000000180025095e-35 1.0000000180025095e-35 1225.1500000000003 3.5000000000000004 2.5000000000000004 1110.2000000000003 5.5000000000000009 1397.9500000000003 1.0000000180025095e-35 3.5000000000000004 1.0000000180025095e-35 1249.5000000000002 3.5000000000000004 5.5000000000000009 1351.1500000000003 4.5000000000000009 880.85000000000002 357.45000000000005 358.65000000000003 651.1500000000002 257.15000000000003 314.05000000000007 267.75000000000006 428.85000000000008 279.41250000000008 800.35000000000025 225.25000000000003 282.51250000000005 109.25000000000001
decision_type=2 2 2 2 2 2 2 2 2 2 2 2 2 2 2 2 2 2 2 2 2 2 2 2 2 2 2 2 2 2 2 2 2 2 2 2 2 2 2 2 2 2 2 2 2 2 2 2 2 2 2 2 2 2 2 2 2 2 2 2 2 2
left_child=1 2 5 41 -5 8 13 19 -1 10 -9 -12 40 -7 -15 29 24 -18 -19 20 -3 23 -23 -22 -10 -26 -27 -28 -29 30 31 39 -32 34 35 -31 -37 -36 -39 -4 -13 -2 43 44 48 -45 -44 53 49 50 -43 -51 -52 59 57 -56 -57 58 -55 60 -48 -62
right_child=3 7 15 4 -6 6 -8 9 16 -11 11 12 -14 14 -16 -17 17 18 -20 -21 21 22 -24 -25 25 26 27 28 -30 33 32 -33 -34 -35 37 36 -38 38 -40 -41 -42 42 46 45 -46 -47 47 -49 -50 51 52 -53 -54 54 55 56 -58 -59 -60 -61 61 -63
leaf_value=-0.99749711605661739 -0.70366347392164985 -0.048563528887497258 1.9153627796606587 5.161307864985635 22.466480717987849 0.31646757813320436 17.447273795421307 2.7220174804512549 -0.072487639795520351 -5.9105538859086879 -1.5180551075353854 12.782887972981097 24.861061342300911 2.942186373545157 15.917397332818886 7.8159272411290335 -3.1524104825911987 19.304015094583686 1.3034064636230469 -8.8326366200166593 1.226040732221944 16.880504450377298 2.520897605202415 9.1019944633756378 20.500380277633667 11.612301844816942 -10.101480430715226 11.090676156936155 -3.7031820727932843 1.2333566750405809 -3.4143543584006175 -2.3835185440818232 -22.936325386047365 6.5554757315002083 5.7156483736905193 -1.7366085052490234 15.521545783148873 -3.1228728352171005 -18.550221917940224 10.489612712126513 0.96149796946295385 3.3506539921151166 -0.41846626815928145 1.5161533936210301 26.65408055132086 -18.925629351139069 1.3188383963062795 -13.268608910838763 14.627910807326035 3.8447745366529986 10.534845672954212 -15.849231653213502 27.943683376312254 9.5164766761660573 -0.93815739664412645 2.5077295658952101 19.902210817029399 2.5266979694366456 26.728190341362588 -6.5323302030563362 4.1051601422593951 16.876893720626832
leaf_weight=16846 507 1316 110 226 29 2209 26 571 4175 51 41 83 31 143 38 102 31 33 25 34 560 34 33 56 24 26 34 31 31 1542 28 332 25 146 33 21 45 66 23 65 29 268 872 23 22 20 395 24 37 44 33 30 20 40 131 59 31 26 26 46 47 30
leaf_count=16846 507 1316 110 226 29 2209 26 571 4175 51 41 83 31 143 38 102 31 33 25 34 560 34 33 56 24 26 34 31 31 1542 28 332 25 146 33 21 45 66 23 65 29 268 872 23 22 20 395 24 37 44 33 30 20 40 131 59 31 26 26 46 47 30
internal_value=-0.00212837 -0.200738 -0.395673 1.93003 7.12935 -0.577762 0.901614 1.59893 -0.745911 3.7843 4.43919 9.76802 13.0039 0.72162 5.66626 1.30267 0.215136 6.42576 11.5451 0.732515 0.895203 2.71365 9.80786 1.94204 0.0872148 4.65405 1.53674 -1.19206 3.69375 1.02995 -1.01397 0.199579 -12.6228 1.64008 1.22525 1.59443 10.0303 -3.64056 -7.10972 5.10008 9.72199 1.44456 1.93428 4.5919 5.78373 -7.99165 1.16947 2.78897 4.72089 3.79289 5.62149 -4.13928 17.1042 3.25273 5.69748 2.90509 8.49916 12.4053 16.2968 1.77549 2.58515 9.08116
internal_weight=32035 29049 26210 2986 255 23672 2416 2839 21256 806 755 184 143 2390 181 2538 4410 89 58 2033 1999 683 67 616 4321 146 122 96 62 2436 560 507 53 1876 1730 1608 66 122 89 175 112 2731 2224 497 454 43 1727 855 432 395 321 74 53 831 313 221 90 92 66 518 472 77
internal_count=32035 29049 26210 2986 255 23672 2416 2839 21256 806 755 184 143 2390 181 2538 4410 89 58 2033 1999 683 67 616 4321 146 122 96 62 2436 560 507 53 1876 1730 1608 66 122 89 175 112 2731 2224 497 454 43 1727 855 432 395 321 74 53 831 313 221 90 92 66 518 472 77
is_linear=0
shrinkage=0.05


Tree=97
num_leaves=63
num_cat=0
split_feature=40 35 8 40 40 40 35 11 34 37 33 6 10 35 40 40 32 33 35 33 33 34 9 34 24 35 9 35 32 34 34 34 22 37 10 34 34 32 32 32 33 37 35 33 8 32 35 34 34 33 34 11 32 32 34 33 32 33 21 34 32 32
split_gain=4.46313e+06 4.38861e+06 2.93387e+06 2.16272e+06 4.97351e+06 4.0421e+06 5.89153e+06 4.28523e+06 3.74402e+06 3.60285e+06 4.63406e+06 4.50372e+06 2.27461e+06 2.21703e+06 2.12151e+06 2.56301e+06 2.00573e+06 1.99318e+06 1.86588e+06 1.71647e+06 4.26546e+06 2.20504e+06 1.64118e+06 2.75062e+06 1.49972e+06 1.45188e+06 1.35461e+06 1.35056e+06 1.345e+06 1.30991e+06 2.86841e+06 2.4736e+06 1.25805e+06 1.22262e+06 1.17145e+06 1.59878e+06 4.47471e+06 2.33291e+06 1.80734e+06 1.72937e+06 1.66472e+06 2.08912e+06 1.46837e+06 1.4589e+06 1.35717e+06 2.68994e+06 2.05975e+06 3.22526e+06 3.18189e+06 2.46508e+06 2.38396e+06 3.26509e+06 2.11737e+06 3.56829e+06 4.58037e+06 2.06122e+06 2.71233e+06 2.43782e+06 2.04025e+06 2.31432e+06 1.71673e+06 1.98887e+06
threshold=5.5000000000000009 587.85000000000014 1.0000000180025095e-35 4.5000000000000009 1.0000000180025095e-35 1.5000000000000002 592.85000000000014 1.0000000180025095e-35 187.85000000000005 4.5000000000000009 453.55000000000007 1.0000000180025095e-35 1.0000000180025095e-35 578.35000000000025 2.5000000000000004 3.5000000000000004 456.35000000000008 494.35000000000008 480.05000000000007 111.75000000000001 3.5500000000000003 130.55000000000004 1.0000000180025095e-35 320.75000000000006 1.0000000180025095e-35 782.6500000000002 1.0000000180025095e-35 1455.95 212.85000000000005 445.55000000000007 397.75000000000006 287.35000000000008 1.0000000180025095e-35 5.5000000000000009 1.0000000180025095e-35 260.25000000000006 209.85000000000005 161.90000000000003 236.15000000000001 292.45000000000005 393.85000000000008 3.5000000000000004 1096.7500000000002 199.45000000000002 1.0000000180025095e-35 115.15000000000002 1032.6500000000003 329.50000000000006 368.55000000000007 480.05000000000007 22.100000000000005 1.0000000180025095e-35 191.75000000000003 238.15000000000001 463.65000000000003 345.40000000000003 296.25000000000006 300.85000000000008 1.0000000180025095e-35 254.60000000000002 476.25000000000006 426.95000000000005
decision_type=2 2 2 2 2 2 2 2 2 2 2 2 2 2 2 2 2 2 2 2 2 2 2 2 2 2 2 2 2 2 2 2 2 2 2 2 2 2 2 2 2 2 2 2 2 2 2 2 2 2 2 2 2 2 2 2 2 2 2 2 2 2
left_child=2 26 3 4 -1 6 13 9 -9 10 11 12 19 18 -7 22 32 33 -6 20 25 -21 29 -24 -5 -8 -2 -4 -19 30 31 -16 -17 34 44 36 38 -37 -36 -40 41 -41 -39 -43 46 -46 -3 49 -49 50 55 58 -50 -54 -55 57 -57 -48 59 -52 61 -47
right_child=1 17 27 24 5 14 7 8 -10 -11 -12 -13 -14 -15 15 16 -18 28 -20 21 -22 -23 23 -25 -26 -27 -28 -29 -30 -31 -32 -33 -34 -35 35 37 -38 42 39 40 -42 43 -44 -45 45 60 47 48 52 -51 51 -53 53 54 -56 56 -58 -59 -60 -61 -62 -63
leaf_value=-1.0269963326571772 -0.036504671278463949 2.2146646726795125 -2.424637850838872 -0.75631623013982396 0.87356133563548155 -1.4465231388085691 22.147571464538576 6.5377309510874202 -17.497190886277419 26.370779195513048 -11.18587967681885 -6.7541876284281415 1.6060632467269897 -13.34562646484375 1.7540991827491439 -0.29436552302411656 5.8771039138237633 4.3430285661116894 7.5328325448942586 16.660217085709942 -7.8616976737976074 35.296562476385212 4.2954334535577274 23.227683294387091 -3.4514044264851957 7.7591350979275182 2.8105701382651995 7.9321759134531025 21.63568458557129 -9.7752721405029295 19.299822931704313 -12.249604564905168 -8.7216792652342061 11.634811822105858 5.5222824010849001 -7.3637353102366134 -23.434637724269521 1.7598230692056511 -11.666909967150007 0.81881365480152424 9.4075070953369142 -21.423769350051881 17.180355272795023 -4.5810902807447649 -10.551395232589158 0.79651895999028677 3.8075673868579254 -18.389320650100711 12.693167083263397 23.647116892154401 4.7455667850583101 -0.85969949449811667 -18.751110397685661 10.547988143334024 -15.414195815376614 -7.5537415297135073 12.104624698683621 -18.582745436429978 26.016281675037586 24.995716694423134 -9.4419173385157737 11.387178383781663
leaf_weight=5540 6605 1877 1928 5561 805 1239 50 43 26 35 25 30 32 25 2167 2789 132 23 121 65 22 21 222 21 569 27 446 32 22 25 23 32 45 34 100 24 22 26 42 141 35 20 38 36 54 271 31 20 40 26 43 35 22 65 23 23 74 20 38 21 33 53
leaf_count=5540 6605 1877 1928 5561 805 1239 50 43 26 35 25 30 32 25 2167 2789 132 23 121 65 22 21 222 21 569 27 446 32 22 25 23 32 45 34 100 24 22 26 42 141 35 20 38 36 54 271 31 20 40 26 43 35 22 65 23 23 74 20 38 21 33 53
internal_value=-0.00202195 0.850224 -0.410708 -0.227086 0.125199 0.920906 3.4419 8.7403 -2.51891 11.2709 9.32787 11.4042 13.9145 1.34705 0.421225 0.845371 -0.147567 2.34558 1.74373 16.0436 11.5547 21.211 2.02812 5.93155 -1.00648 17.1023 0.143583 -2.25555 12.7972 1.60599 1.73404 1.55032 -0.42818 2.2025 2.10391 -0.165587 -1.52026 5.93045 -0.23118 -2.33098 -0.640858 -2.4261 10.9158 -10.5963 2.5006 -0.150807 2.96274 5.88195 0.344168 8.90903 7.56451 12.3175 2.84197 -0.740288 3.76242 3.16477 7.44336 -4.97295 16.8391 11.3901 1.42239 2.52894
internal_weight=32035 10383 21652 19692 13562 8022 1327 376 69 307 272 247 217 951 6695 5456 2966 3332 926 185 99 86 2490 243 6130 77 7051 1960 45 2247 2222 2199 2834 3287 3253 484 396 88 374 274 232 197 64 56 2769 411 2358 481 170 311 285 137 150 110 88 148 97 51 102 64 357 324
internal_count=32035 10383 21652 19692 13562 8022 1327 376 69 307 272 247 217 951 6695 5456 2966 3332 926 185 99 86 2490 243 6130 77 7051 1960 45 2247 2222 2199 2834 3287 3253 484 396 88 374 274 232 197 64 56 2769 411 2358 481 170 311 285 137 150 110 88 148 97 51 102 64 357 324
is_linear=0
shrinkage=0.05


Tree=98
num_leaves=63
num_cat=0
split_feature=9 5 31 32 36 35 36 40 31 40 40 35 36 24 35 32 18 34 33 10 40 32 40 25 32 32 35 33 31 31 40 33 34 32 32 31 36 32 35 40 32 36 36 40 18 31 32 36 35 40 34 34 36 33 33 35 40 11 33 32 33 31
split_gain=4.18304e+06 3.61312e+06 2.92534e+06 3.24178e+06 2.68979e+06 2.69192e+06 2.13098e+06 2.6645e+06 4.15675e+06 2.11026e+06 2.48325e+06 2.41311e+06 1.90744e+06 1.85894e+06 2.47091e+06 2.34101e+06 1.8319e+06 2.01328e+06 2.81865e+06 2.28331e+06 1.62197e+06 1.91239e+06 1.69947e+06 1.56096e+06 1.50292e+06 1.40909e+06 1.34165e+06 2.99458e+06 1.36436e+06 1.33686e+06 1.27934e+06 1.19227e+06 1.22409e+06 2.5194e+06 1.34947e+06 1.49763e+06 1.26784e+06 2.12542e+06 1.33116e+06 1.48186e+06 1.29166e+06 1.1514e+06 1.14321e+06 1.1783e+06 1.32565e+06 1.14493e+06 2.35221e+06 2.3235e+06 1.97099e+06 1.11817e+06 1.28417e+06 1.11111e+06 1.1082e+06 1.09304e+06 1.03906e+06 1.38298e+06 3.32594e+06 2.48902e+06 2.17079e+06 2.62732e+06 1.03276e+06 3.06454e+06
threshold=1.0000000180025095e-35 1.0000000180025095e-35 424.35000000000008 412.85000000000008 390.78333333333336 1203.6500000000003 258.24166666666673 1.0000000180025095e-35 454.25000000000006 5.5000000000000009 4.5000000000000009 949.45000000000016 293.01666666666671 1.0000000180025095e-35 998.25000000000011 283.95000000000005 1.0000000180025095e-35 271.35000000000008 485.45000000000005 1.0000000180025095e-35 5.5000000000000009 433.05000000000007 2.5000000000000004 1.0000000180025095e-35 450.65000000000003 483.80000000000001 1032.6500000000003 431.45000000000005 363.85000000000008 376.55000000000007 4.5000000000000009 3.5500000000000003 447.05000000000007 348.35000000000008 436.65000000000003 224.05000000000004 299.32916666666671 406.45000000000005 887.1500000000002 5.5000000000000009 372.55000000000007 317.01666666666671 289.95500000000004 5.5000000000000009 1.0000000180025095e-35 242.85000000000005 254.95000000000002 238.91250000000005 741.05000000000007 5.5000000000000009 478.50000000000006 455.55000000000007 331.81666666666672 300.85000000000008 495.95000000000005 1008.7500000000001 5.5000000000000009 1.0000000180025095e-35 444.85000000000008 410.95000000000005 328.85000000000008 454.25000000000006
decision_type=2 2 2 2 2 2 2 2 2 2 2 2 2 2 2 2 2 2 2 2 2 2 2 2 2 2 2 2 2 2 2 2 2 2 2 2 2 2 2 2 2 2 2 2 2 2 2 2 2 2 2 2 2 2 2 2 2 2 2 2 2 2
left_child=1 2 16 51 60 -6 -5 -8 -9 10 11 -10 42 14 -14 -16 17 19 25 23 22 -22 -17 54 -11 31 52 28 -28 -24 -27 -19 34 49 36 -36 37 38 39 -33 -38 -18 43 -3 45 48 -47 -48 -45 53 -51 -4 -21 -34 55 -1 -57 58 59 -58 -2 -62
right_child=4 12 3 6 5 -7 7 8 9 24 -12 -13 13 -15 15 20 41 18 -20 26 21 -23 29 -25 -26 30 27 -29 -30 -31 -32 32 33 -35 35 -37 40 -39 -40 -41 -42 -43 -44 44 -46 46 47 -49 -50 50 -52 -53 -54 -55 -56 56 57 -59 -60 -61 61 -63
leaf_value=-0.57617306390080658 0.86297781632491122 -0.026717966100155723 0.39701952880375013 -7.7295102772889308 4.8509614592896106 21.032443414885421 -1.1339565384544825 2.0368517773491996 5.9053674411773684 16.132533003733709 0.37280950401768542 29.652625440514608 2.5678971309952061 -5.6714252275579113 -1.1395640268212273 16.494338571457636 -1.4292030095009549 10.925650342579546 18.402290031433107 -2.3706304815271264 30.716064869273794 9.3533317565917979 12.322920631865662 1.0867761108250316 34.116731416611451 19.499845800399783 -9.6298367738723769 2.0384874067655425 -26.277222499847415 -3.0898987110923319 1.6159093475341799 1.5218284682585645 1.035011312365532 -13.391582255200909 17.52814230742278 1.7551121028030623 12.893996562027349 -15.114510211077604 -1.2783098754960067 11.755538860280463 -1.7110553065935772 -4.4609080615228622 -8.3982291663394246 1.7694393494175475 10.206231113580557 2.218872522122481 -22.116961201754485 -2.2159243949434972 10.575106912851334 -1.6041091737293063 15.881706546601794 10.581474728054472 1.477236722959774 -9.7365734836033422 -11.632623463585263 -0.48689796565633725 19.045042364058954 -4.6915258117344072 26.587840918699904 -1.7112444559733075 4.3240809123820449 -12.997995705516249
leaf_weight=15487 2234 1316 3296 27 226 29 76 98 20 26 33 23 571 51 42 42 1850 29 25 1540 22 20 24 1675 21 20 32 41 20 34 20 143 72 44 27 34 41 22 305 47 24 377 34 309 52 176 22 44 80 21 21 27 213 35 21 269 31 23 24 30 470 27
leaf_count=15487 2234 1316 3296 27 226 29 76 98 20 26 33 23 571 51 42 42 1850 29 25 1540 22 20 24 1675 21 20 32 41 20 34 20 143 72 44 27 34 41 22 305 47 24 377 34 309 52 176 22 44 80 21 21 27 213 35 21 269 31 23 24 30 470 27
internal_value=-0.00192086 -0.185103 -0.368628 0.94525 1.78015 6.69121 5.7193 6.94191 9.71914 15.84 10.6897 18.6074 1.50922 3.56754 4.19163 9.23051 -0.580998 -0.431908 1.84065 -0.540816 12.2977 20.5433 8.83456 -0.364968 24.168 1.38315 -2.21356 -8.06582 -16.0327 3.28782 10.5579 0.958884 0.613147 -2.87906 1.66135 8.73662 0.919788 0.0923173 0.768176 4.05333 7.50136 -1.94243 0.693181 0.847812 2.53285 1.9005 -0.799803 -8.8496 3.58037 0.225304 7.1388 0.47977 -1.90309 -2.4884 -0.518048 -0.503335 2.48882 9.90057 13.849 8.83703 1.32159 3.38304
internal_weight=32035 29049 26210 3647 2986 255 324 297 221 123 76 43 2839 806 755 184 22563 20336 930 19406 142 42 100 17560 47 905 1846 93 52 58 40 865 836 193 643 61 582 517 495 190 65 2227 2033 1999 683 631 242 66 389 149 42 3323 1753 107 15885 15864 377 108 85 61 2731 497
internal_count=32035 29049 26210 3647 2986 255 324 297 221 123 76 43 2839 806 755 184 22563 20336 930 19406 142 42 100 17560 47 905 1846 93 52 58 40 865 836 193 643 61 582 517 495 190 65 2227 2033 1999 683 631 242 66 389 149 42 3323 1753 107 15885 15864 377 108 85 61 2731 497
is_linear=0
shrinkage=0.05


Tree=99
num_leaves=63
num_cat=0
split_feature=2 25 40 8 36 32 33 28 33 7 33 36 33 37 31 36 32 36 31 36 33 31 10 31 36 31 32 10 32 33 31 31 29 31 32 31 31 33 33 32 32 8 33 32 32 33 32 33 40 40 39 32 36 33 33 33 32 32 31 33 31 32
split_gain=4.14477e+06 3.5164e+06 2.6537e+06 2.13613e+06 2.11698e+06 2.05681e+06 2.97351e+06 2.51229e+06 4.65653e+06 2.50846e+06 2.10478e+06 2.17228e+06 2.05549e+06 2.04987e+06 2.65385e+06 3.23511e+06 2.03383e+06 1.79407e+06 1.67592e+06 3.0049e+06 2.90264e+06 2.00282e+06 1.871e+06 1.75743e+06 1.65029e+06 1.53173e+06 1.52144e+06 1.47668e+06 1.69992e+06 1.76877e+06 1.4582e+06 2.58812e+06 1.45371e+06 1.48691e+06 1.40914e+06 1.73314e+06 1.40564e+06 1.50364e+06 1.83023e+06 1.35654e+06 1.77696e+06 1.602e+06 1.4201e+06 1.32397e+06 1.72821e+06 1.28429e+06 1.28245e+06 2.0147e+06 1.2643e+06 2.65501e+06 1.25002e+06 1.22114e+06 1.21733e+06 1.21499e+06 1.21375e+06 3.38234e+06 2.81429e+06 1.79005e+06 1.63039e+06 1.19159e+06 1.16973e+06 1.16672e+06
threshold=1.0000000180025095e-35 1.0000000180025095e-35 5.5000000000000009 1.0000000180025095e-35 364.8250000000001 254.95000000000002 353.65000000000003 1.0000000180025095e-35 247.85000000000005 1.0000000180025095e-35 376.2000000000001 302.3633333333334 367.75000000000006 4.5000000000000009 386.75000000000006 296.12500000000006 468.75000000000006 453.55000000000007 330.25000000000006 359.52500000000003 251.35000000000005 470.95000000000005 1.0000000180025095e-35 406.85000000000008 272.41250000000008 380.65000000000003 434.75000000000006 1.0000000180025095e-35 171.95000000000002 402.75000000000006 282.05000000000007 179.65000000000001 1.0000000180025095e-35 406.85000000000008 398.85000000000008 446.65000000000003 390.65000000000003 449.00000000000006 397.55000000000007 426.95000000000005 418.85000000000008 1.0000000180025095e-35 442.95000000000005 384.95000000000005 422.85000000000008 439.35000000000008 372.55000000000007 332.7000000000001 1.0000000180025095e-35 2.5000000000000004 1.0000000180025095e-35 456.35000000000008 387.95000000000005 293.25000000000006 259.50000000000006 237.25000000000003 352.45000000000005 434.75000000000006 230.15000000000001 477.95000000000005 211.85000000000005 329.95000000000005
decision_type=2 2 2 2 2 2 2 2 2 2 2 2 2 2 2 2 2 2 2 2 2 2 2 2 2 2 2 2 2 2 2 2 2 2 2 2 2 2 2 2 2 2 2 2 2 2 2 2 2 2 2 2 2 2 2 2 2 2 2 2 2 2
left_child=1 2 3 25 -2 36 7 18 16 10 11 -8 26 14 15 45 -9 27 54 20 22 43 23 -20 -24 -1 -6 39 60 -30 31 -17 -27 -34 35 -25 -4 38 -38 40 41 46 48 61 -45 -12 59 -48 -41 -50 -23 -28 -14 -51 55 -7 58 -58 -56 -3 -29 -21
right_child=4 17 5 -5 12 6 9 8 -10 -11 13 -13 52 -15 -16 30 -18 -19 19 21 -22 50 24 34 -26 32 51 28 29 -31 -32 -33 33 -35 -36 -37 37 -39 -40 42 -42 -43 -44 44 -46 -47 47 -49 49 53 -52 -53 -54 -55 56 -57 57 -59 -60 -61 -62 -63
leaf_value=-0.79751300143427872 1.2410179116047928 1.2663481069669718 -0.45769532793995649 -2.4180389149858232 1.9558566616022544 0.4965173075265355 3.3506799788702106 -2.9235028002812316 -20.847537666208606 16.302253066576444 -10.040597854909443 26.375428009033204 6.2078734993934637 14.51905547668194 -11.538052836217378 17.424512104761032 10.676774835586549 9.4150251150131226 11.387080498175187 -2.0060456824302673 23.941242011388145 15.306286356082332 -12.469394961992901 -10.648071512682685 6.72354463849749 0.71198006115927925 19.783264894070836 -4.6809597544048147 -7.5847521068444896 7.7121618444269364 18.698425403718026 -6.6109964013099676 3.1953031495560049 -4.293797935470681 11.936344512871335 5.4921723109025224 1.3440360427816347 -12.188273181915285 14.506719287236534 -0.95065386478717517 -9.7809681256612144 -3.3294439494882422 -6.7052866220474243 9.8001547745295952 -5.2042712869214229 4.6577908972035287 3.3711916432212123 17.834117398460705 22.708940878281226 3.3292560352896254 -1.0951007570539202 5.1863245687986677 19.795148024138285 13.049954514276415 20.762428601582847 -18.909505222154703 -9.0764497571521332 7.4607720184326176 2.9408365703764421 10.453581425878738 9.4701266503334036 -18.208296592712404
leaf_weight=12500 2640 1799 5078 1662 273 945 21 195 34 52 42 20 32 29 38 21 32 70 132 20 24 26 24 29 21 3241 23 23 134 22 31 24 86 289 28 39 1207 20 27 52 36 164 24 28 61 23 122 30 26 137 21 38 34 42 33 23 36 30 21 36 40 25
leaf_count=12500 2640 1799 5078 1662 273 945 21 195 34 52 42 20 32 29 38 21 32 70 132 20 24 26 24 29 21 3241 23 23 134 22 31 24 86 289 28 39 1207 20 27 52 36 164 24 28 61 23 122 30 26 137 21 38 34 42 33 23 36 30 21 36 40 25
internal_value=-0.00182481 -0.18598 -0.364468 -0.711344 1.75461 0.364464 1.70929 0.950657 -3.59097 6.31403 4.22813 14.5823 5.14433 2.18718 0.189274 3.34983 -1.00628 1.51267 1.70759 4.17534 7.27014 -0.902863 5.80455 7.64348 -3.51269 -0.535337 3.55103 1.30681 -2.62806 -5.4275 10.354 4.60557 0.370967 -2.5763 2.49602 -1.39117 -0.0874936 1.41162 1.63204 1.65597 1.23578 1.42016 4.92626 -4.0178 -0.483778 -4.83963 1.81218 6.22572 6.01247 7.77873 7.97801 10.6901 13.2074 5.61009 0.623418 0.0354238 5.36657 -1.55953 13.8318 1.44659 4.30386 -11.0073
internal_weight=32035 28995 26238 17778 3040 8460 2128 1827 261 301 249 41 400 208 179 141 227 2757 1566 478 297 181 273 228 45 16116 334 2687 219 156 76 45 3616 375 96 68 6332 1254 1234 2468 2187 2151 281 134 89 65 1987 152 257 205 47 61 66 179 1088 968 120 66 54 1835 63 45
internal_count=32035 28995 26238 17778 3040 8460 2128 1827 261 301 249 41 400 208 179 141 227 2757 1566 478 297 181 273 228 45 16116 334 2687 219 156 76 45 3616 375 96 68 6332 1254 1234 2468 2187 2151 281 134 89 65 1987 152 257 205 47 61 66 179 1088 968 120 66 54 1835 63 45
is_linear=0
shrinkage=0.05


Tree=100
num_leaves=63
num_cat=0
split_feature=40 35 24 31 9 33 25 32 31 33 33 1 32 32 8 31 25 15 34 33 21 32 18 33 33 31 33 9 33 33 31 33 23 34 34 33 34 32 23 31 33 31 39 32 31 18 31 33 33 31 31 32 33 33 31 34 31 31 31 33 35 32
split_gain=4.84354e+06 5.88605e+06 2.55326e+06 2.43427e+06 2.72794e+06 2.05677e+06 1.80847e+06 1.96616e+06 1.52646e+06 1.51716e+06 1.56288e+06 1.4535e+06 1.4157e+06 1.35065e+06 5.57136e+06 2.42362e+06 2.01987e+06 1.6931e+06 1.6884e+06 1.48979e+06 2.02681e+06 1.42729e+06 1.26674e+06 1.23522e+06 1.22166e+06 2.72406e+06 2.64545e+06 2.47366e+06 2.50152e+06 4.84177e+06 2.78861e+06 2.45868e+06 2.31112e+06 2.13339e+06 2.48208e+06 2.50934e+06 2.26211e+06 2.2502e+06 2.11962e+06 2.18522e+06 2.19851e+06 2.07833e+06 2.0645e+06 1.99383e+06 1.98821e+06 1.90682e+06 1.90617e+06 2.02404e+06 1.72693e+06 2.21407e+06 3.06039e+06 1.70781e+06 3.74972e+06 2.09991e+06 2.27671e+06 1.74223e+06 2.03039e+06 2.80062e+06 2.70331e+06 1.56204e+06 1.47909e+06 3.18766e+06
threshold=5.5000000000000009 735.20000000000016 1.0000000180025095e-35 209.75000000000003 1.0000000180025095e-35 494.35000000000008 1.0000000180025095e-35 476.25000000000006 265.85000000000008 437.75000000000006 414.65000000000003 1.0000000180025095e-35 179.45000000000002 65.250000000000014 1.0000000180025095e-35 468.85000000000008 1.0000000180025095e-35 1.0000000180025095e-35 490.75000000000006 387.50000000000006 1.0000000180025095e-35 495.05000000000007 1.0000000180025095e-35 482.15000000000003 205.35000000000005 482.95000000000005 226.45000000000002 1.0000000180025095e-35 471.15000000000003 420.75000000000006 484.75000000000006 405.05000000000007 1.0000000180025095e-35 443.30000000000001 333.45000000000005 89.350000000000009 375.45000000000005 244.65000000000001 1.0000000180025095e-35 404.95000000000005 142.65000000000001 255.55000000000004 1.0000000180025095e-35 362.45000000000005 488.35000000000008 1.0000000180025095e-35 140.35000000000005 449.00000000000006 255.05000000000004 460.75000000000006 432.55000000000007 386.85000000000008 318.95000000000005 355.45000000000005 175.35000000000005 173.65000000000001 257.45000000000005 308.35000000000008 156.65000000000001 357.45000000000005 916.25000000000011 386.85000000000008
decision_type=2 2 2 2 2 2 2 2 2 2 2 2 2 2 2 2 2 2 2 2 2 2 2 2 2 2 2 2 2 2 2 2 2 2 2 2 2 2 2 2 2 2 2 2 2 2 2 2 2 2 2 2 2 2 2 2 2 2 2 2 2 2
left_child=2 8 3 -1 6 11 7 22 -2 10 -6 13 -7 14 15 16 19 18 21 20 -3 24 -5 -4 25 33 -26 28 29 30 31 48 42 34 35 -15 -36 -38 39 40 -37 -42 -31 -33 -27 -29 -44 -48 60 50 51 52 -50 -53 -55 56 58 -58 -54 -57 -28 -62
right_child=1 5 23 4 9 12 -8 -9 -10 -11 -12 -13 -14 17 -16 -17 -18 -19 -20 -21 -22 -23 -24 -25 26 44 27 45 -30 32 -32 43 -34 -35 36 38 37 -39 -40 -41 41 -43 46 -45 -46 -47 47 -49 49 -51 -52 53 55 54 -56 59 57 -59 -60 -61 61 -63
leaf_value=-0.82351567952773341 -0.23896413349495327 18.099132415771486 -1.8826166700944684 -0.11323417915605843 2.4500649065927194 4.2819193935394289 1.9895292970164544 4.6195803793309969 1.1771561167310398 9.8681701996747186 -10.728106494571852 12.185194278898694 22.470975394352624 2.7874988177276796 -23.841283480326336 -11.095795694986981 19.995919234752655 15.351676794460841 -11.131943784441267 -5.2450378005569043 -1.8399482433612531 -6.1123541948271969 -2.0838650634032874 -10.171211585791216 14.335605029454308 24.430372222832272 5.0230268047701934 10.777044371286721 -5.6271860553557618 7.4033290922641761 -14.260107662059642 -16.928759638194382 -1.0292059600353241 -11.037406003134592 21.583138126797149 -12.466634225845338 -9.0096165611630408 11.482382873586708 4.159482348759969 -16.052285662941312 -6.9897077863866635 10.16200011905871 6.7037809181213381 3.0325485056096859 5.5115092533390699 -2.87789301554362 33.250523071289066 13.011288833618165 15.663956707304923 19.83935015418313 -11.558169235721712 -3.9229180718461674 11.617874631014738 -1.3022334657866379 19.073792486924393 4.2179958715387009 27.487479209899902 5.1481085929464792 -11.803497903687614 -13.837226318359377 -21.007325011033281 4.2623089790344242
leaf_weight=8765 4969 25 1968 7635 1032 20 1049 206 3084 68 23 42 23 420 24 27 20 28 21 37 26 41 913 46 63 21 31 173 83 64 27 29 32 35 27 40 21 37 60 46 33 38 20 22 41 30 30 21 87 22 31 96 22 29 26 23 20 47 28 25 26 24
leaf_count=8765 4969 25 1968 7635 1032 20 1049 206 3084 68 23 42 23 420 24 27 20 28 21 37 26 41 913 46 63 21 31 173 83 64 27 29 32 35 27 40 21 37 60 46 33 38 20 22 41 30 30 21 87 22 31 96 22 29 26 23 20 47 28 25 26 24
internal_value=0.0479793 0.938767 -0.376258 -0.202825 0.295103 3.17912 0.0276995 -0.207388 0.303357 2.62935 2.16277 2.97128 14.0109 2.79529 -1.64331 2.303 5.6527 3.14124 2.97132 2.39288 7.93411 3.12007 -0.323715 -2.07193 3.31419 1.84351 4.37916 3.79184 2.62612 3.50212 1.45195 2.17342 11.0521 1.01826 1.60268 0.53178 9.62813 4.06287 -3.83413 -6.88901 -3.09162 2.19008 13.9159 -8.318 11.9195 8.75907 19.7863 24.9167 3.16981 4.36485 3.58042 4.74493 7.2645 0.540091 8.33007 2.83569 6.12655 11.8166 -1.49809 -5.18577 -3.55779 -8.8779
internal_weight=32042 10337 21705 19691 10926 2284 9803 8754 8053 1123 1055 2241 43 2199 159 135 108 2040 2012 88 51 1991 8548 2014 1950 819 1131 1068 865 782 615 588 167 757 722 637 85 58 217 157 111 71 135 51 62 203 71 51 537 456 434 403 252 151 55 165 117 67 50 48 81 50
internal_count=32042 10337 21705 19691 10926 2284 9803 8754 8053 1123 1055 2241 43 2199 159 135 108 2040 2012 88 51 1991 8548 2014 1950 819 1131 1068 865 782 615 588 167 757 722 637 85 58 217 157 111 71 135 51 62 203 71 51 537 456 434 403 252 151 55 165 117 67 50 48 81 50
is_linear=0
shrinkage=0.05


Tree=101
num_leaves=63
num_cat=0
split_feature=40 35 24 36 33 14 35 22 40 40 35 40 29 32 35 32 32 36 35 35 35 32 21 33 35 5 35 32 35 31 31 21 32 8 35 31 35 32 33 31 22 35 33 33 36 35 32 33 31 33 30 31 33 38 38 35 7 32 33 36 31 33
split_gain=4.3713e+06 5.32145e+06 2.30431e+06 2.34528e+06 1.87888e+06 2.41162e+06 1.76944e+06 1.59816e+06 1.78996e+06 3.67468e+06 3.51525e+06 2.80807e+06 1.95557e+06 5.65075e+06 3.39497e+06 2.71636e+06 3.47164e+06 2.55514e+06 2.71989e+06 2.28854e+06 2.14682e+06 2.08776e+06 1.74789e+06 1.67974e+06 2.1519e+06 1.55103e+06 4.13917e+06 1.82679e+06 1.64237e+06 2.33084e+06 3.31078e+06 1.55226e+06 1.39402e+06 1.39281e+06 1.33506e+06 1.31671e+06 1.30088e+06 1.27766e+06 1.21693e+06 1.18978e+06 1.17417e+06 2.52625e+06 2.23774e+06 2.98736e+06 1.90229e+06 1.77941e+06 5.27561e+06 1.70617e+06 1.38607e+06 2.1639e+06 1.90193e+06 1.85104e+06 1.32894e+06 3.8353e+06 3.24161e+06 2.55829e+06 2.45318e+06 2.25749e+06 2.5474e+06 5.28129e+06 3.16089e+06 2.9033e+06
threshold=5.5000000000000009 717.95000000000016 1.0000000180025095e-35 364.8250000000001 494.35000000000008 1.0000000180025095e-35 1531.0000000000002 1.0000000180025095e-35 4.5000000000000009 1.0000000180025095e-35 278.45000000000005 1.5000000000000002 1.0000000180025095e-35 131.45000000000002 1203.6500000000003 276.55000000000007 253.05000000000004 131.81250000000003 392.25000000000011 933.35000000000025 501.65000000000003 450.65000000000003 1.0000000180025095e-35 152.60000000000002 612.95000000000016 1.0000000180025095e-35 563.1500000000002 170.05000000000004 447.85000000000008 302.05000000000007 448.25000000000006 1.0000000180025095e-35 448.55000000000007 1.0000000180025095e-35 406.55000000000007 339.55000000000007 690.95000000000016 179.45000000000002 487.15000000000003 452.25000000000006 1.0000000180025095e-35 987.70000000000016 307.15000000000003 382.80000000000001 273.71250000000003 880.85000000000002 268.35000000000008 138.65000000000001 5.9500000000000011 387.50000000000006 1.0000000180025095e-35 14.950000000000001 345.40000000000003 1.0000000180025095e-35 1.0000000180025095e-35 887.1500000000002 1.0000000180025095e-35 9.9500000000000011 300.85000000000008 300.81666666666672 267.75000000000006 259.50000000000006
decision_type=2 2 2 2 2 2 2 2 2 2 2 2 2 2 2 2 2 2 2 2 2 2 2 2 2 2 2 2 2 2 2 2 2 2 2 2 2 2 2 2 2 2 2 2 2 2 2 2 2 2 2 2 2 2 2 2 2 2 2 2 2 2
left_child=2 35 3 7 5 38 -5 8 9 -1 -11 12 14 -14 15 16 17 18 -12 -15 -17 23 33 24 -22 27 -27 28 34 -30 -31 -29 -8 -13 -19 -2 -37 -6 40 -24 48 45 44 -44 -43 47 -47 -42 49 -3 51 -50 54 55 57 56 -54 -53 61 60 -60 -59
right_child=1 4 -4 6 37 -7 32 -9 -10 10 11 22 13 19 -16 20 -18 25 -20 -21 21 -23 39 -25 -26 26 -28 31 29 30 -32 -33 -34 -35 -36 36 -38 -39 -40 -41 41 42 43 -45 -46 46 -48 -49 50 -51 -52 52 53 -55 -56 -57 -58 58 59 -61 -62 -63
leaf_value=-1.0754013669568134 -0.095676931067171275 5.536170702395232 -1.9683326863322144 1.004915591090487 4.0678234004974367 15.428677656843858 16.120258120128089 -3.3038834154605867 -1.09643061187385 -0.70632963815956007 3.2797394839200109 0.7548314472564468 18.525633905331294 -3.505532870085343 25.32157027834938 -0.059476845208988639 -14.1633350734053 2.9473421704437999 28.75648204803467 -23.425953311011906 8.1257574535551527 2.7260447233151166 2.0732719490707843 8.5560770569845683 27.579436380212957 11.381148052215577 -18.400801985604424 5.1754717745279013 9.0060743560791021 -19.436249833948473 4.2657334657815786 21.632860913483995 0.27419766550478725 -2.7268023444960519 17.011022624969481 1.1716752884536983 8.5346198189643125 21.347427115233049 -6.0833827161788943 7.4043261963388192 -11.018015167236328 -3.92629508972168 13.296566390991211 -10.039455485343934 -25.010810416677725 -6.796897375583649 27.973707675933838 6.2988098751414903 15.436804201329748 -15.925724061330161 18.604864735603332 -12.524165385110038 -3.7391988561703609 -10.519000020780062 12.960089219900278 7.7027449002632729 13.175789335038928 1.7164157653545644 10.424063133968497 -18.629371152718861 -7.0128002973163834 9.6055065981366425
leaf_weight=4565 6021 23 2014 2561 20 37 35 463 5182 2572 22 1980 24 46 21 43 29 108 20 21 21 39 1164 43 44 20 28 38 25 34 26 23 23 336 20 1850 62 23 40 115 25 20 24 32 23 20 24 33 30 24 20 28 104 38 65 442 27 1001 53 45 51 132
leaf_count=4565 6021 23 2014 2561 20 37 35 463 5182 2572 22 1980 24 46 21 43 29 108 20 21 21 39 1164 43 44 20 28 38 25 34 26 23 23 336 20 1850 62 23 40 115 25 20 24 32 23 20 24 33 30 24 20 28 104 38 65 442 27 1001 53 45 51 132
internal_value=0.0455803 0.891829 -0.357445 -0.192683 2.95265 2.764 1.2005 -0.40641 -0.325639 0.0239054 0.755228 1.63148 4.54087 -2.29214 5.57035 4.8589 2.48584 3.81228 15.4115 -9.74925 9.7674 12.6419 1.06903 16.2227 21.2944 2.29934 -5.99166 3.75177 1.56696 -3.82084 -9.16539 11.3807 9.83648 0.249724 5.14479 0.267323 1.41043 13.3104 2.56237 2.55261 2.71379 -0.935712 -6.62545 -0.0383033 -15.2041 4.58668 12.1689 -1.16534 3.06595 -5.42309 3.26191 3.1097 2.92349 4.86377 2.0613 5.88391 -0.252904 1.52052 1.82727 -4.31879 1.87329 2.63553
internal_weight=32042 10337 21705 19691 2404 2361 2619 17072 16609 11427 6862 4290 695 91 604 583 393 364 42 67 190 147 3595 108 65 322 48 274 213 85 60 61 58 2316 128 7933 1912 43 2324 1279 2284 201 99 56 43 102 44 58 2083 47 2036 2016 1986 611 1375 573 131 1310 1282 149 104 1133
internal_count=32042 10337 21705 19691 2404 2361 2619 17072 16609 11427 6862 4290 695 91 604 583 393 364 42 67 190 147 3595 108 65 322 48 274 213 85 60 61 58 2316 128 7933 1912 43 2324 1279 2284 201 99 56 43 102 44 58 2083 47 2036 2016 1986 611 1375 573 131 1310 1282 149 104 1133
is_linear=0
shrinkage=0.05


Tree=102
num_leaves=63
num_cat=0
split_feature=40 35 24 36 35 33 14 22 40 40 35 40 33 35 35 21 35 8 36 32 21 36 33 36 25 18 36 35 18 35 40 32 36 37 32 25 1 22 34 32 32 33 36 32 36 33 33 31 34 34 31 34 35 33 34 33 35 24 36 32 34 31
split_gain=3.9451e+06 4.80261e+06 2.07964e+06 2.11696e+06 2.96415e+06 1.69569e+06 2.17649e+06 1.52301e+06 1.65698e+06 2.95993e+06 3.05824e+06 2.57761e+06 2.68523e+06 2.83994e+06 3.57259e+06 3.5538e+06 3.77553e+06 2.59852e+06 1.93008e+06 1.86084e+06 1.70617e+06 1.53952e+06 1.75718e+06 1.38878e+06 1.57624e+06 1.37467e+06 1.45809e+06 1.45668e+06 1.34972e+06 2.11603e+06 1.41986e+06 1.26271e+06 1.25938e+06 1.17709e+06 1.15309e+06 1.14307e+06 1.13542e+06 1.34268e+06 3.28297e+06 2.06424e+06 3.09047e+06 2.79283e+06 2.14471e+06 1.58679e+06 2.89654e+06 1.72266e+06 1.6635e+06 1.89221e+06 3.72479e+06 2.63991e+06 1.92277e+06 1.70115e+06 2.51945e+06 1.93052e+06 2.03678e+06 1.95235e+06 1.3858e+06 1.32623e+06 3.97563e+06 2.00472e+06 1.88694e+06 2.02635e+06
threshold=5.5000000000000009 717.95000000000016 1.0000000180025095e-35 345.05000000000013 1531.0000000000002 494.35000000000008 1.0000000180025095e-35 1.0000000180025095e-35 4.5000000000000009 1.0000000180025095e-35 278.45000000000005 1.5000000000000002 442.95000000000005 909.35000000000014 645.45000000000016 1.0000000180025095e-35 1044.7500000000002 1.0000000180025095e-35 279.41250000000008 236.15000000000001 1.0000000180025095e-35 133.56250000000003 25.550000000000004 147.81250000000003 1.0000000180025095e-35 1.0000000180025095e-35 10.625000000000002 690.95000000000016 1.0000000180025095e-35 894.95000000000016 3.5000000000000004 396.45000000000005 318.92500000000001 3.5000000000000004 179.45000000000002 1.0000000180025095e-35 1.0000000180025095e-35 1.0000000180025095e-35 305.15000000000003 454.55000000000007 340.25000000000006 367.75000000000006 249.34500000000003 495.05000000000007 307.47500000000008 466.95000000000005 420.75000000000006 269.85000000000008 201.65000000000003 277.75000000000006 396.85000000000008 485.05000000000001 1455.95 405.05000000000007 9.2000000000000011 397.55000000000007 949.45000000000016 1.0000000180025095e-35 382.3250000000001 6.2500000000000009 271.35000000000008 251.25000000000003
decision_type=2 2 2 2 2 2 2 2 2 2 2 2 2 2 2 2 2 2 2 2 2 2 2 2 2 2 2 2 2 2 2 2 2 2 2 2 2 2 2 2 2 2 2 2 2 2 2 2 2 2 2 2 2 2 2 2 2 2 2 2 2 2
left_child=2 25 3 7 35 6 36 8 9 -1 -11 12 13 14 21 -15 -17 18 19 -16 28 22 -12 -23 31 26 -2 -27 -13 -30 -31 -25 -9 -21 -7 -5 37 43 39 40 41 42 -39 45 -45 46 51 49 50 56 -49 52 53 55 -55 57 -48 59 60 -3 -59 -62
right_child=1 5 -4 4 -6 34 -8 32 -10 10 11 20 -14 15 17 16 -18 -19 -20 33 -22 23 -24 24 -26 27 -28 -29 29 30 -32 -33 -34 -35 -36 -37 -38 38 -40 -41 -42 -43 -44 44 -46 -47 47 48 -50 -51 -52 -53 -54 54 -56 -57 -58 58 -60 -61 61 -63
leaf_value=-0.99426852861192305 -2.6892432788556278 -10.629285568237306 -1.8699160649080495 0.47131852216492665 11.998785423636438 3.8644324493408209 14.657243625537768 -2.5158813333304804 -1.0880988353390986 -0.67101315820298535 1.0659581404465894 0.6354791452098274 18.54132070541382 -15.643223564028739 21.18728745778402 20.852062110900881 -9.5026769365583146 -3.7872982433864046 28.28305706770524 12.304812004566195 2.4249778965419631 -8.7790391921997077 18.966818664813864 2.5338845256131233 -7.5554294470378345 -1.4693271551527167 0.60945956396179213 -13.549446786366978 -0.997024359890059 -18.880352490948095 -2.865030544281006 13.214092054674703 -12.275488993856642 -3.1295627412341891 20.280055551943573 3.7058750707286081 10.681177441666767 -4.4066921353340147 -12.894997643451303 -11.797940978170796 16.559158931907856 -13.443935026441302 16.959835772464672 6.5232351016998296 -20.064216468447732 -3.1069266124393629 0.75181684970855711 14.071321587129072 28.921827484130858 -12.41652480415676 -1.1767152211604974 -8.9178695463365134 19.337440670054892 1.1529493343539354 -16.954276889801026 15.245622242242099 14.593694617531519 -0.89034815776495302 -17.028292524814606 3.6638056230345151 20.739136997858683 1.5197068989276887
leaf_weight=4410 352 25 2014 2858 60 20 37 404 4996 2572 26 1813 32 40 33 20 21 21 23 30 1279 30 29 258 35 621 6934 26 255 31 25 31 36 21 23 302 41 23 49 22 38 28 24 20 21 115 40 44 25 23 39 31 23 41 25 32 33 162 32 1312 24 32
leaf_count=4410 352 25 2014 2858 60 20 37 404 4996 2572 26 1813 32 40 33 20 21 21 23 30 1279 30 29 258 35 621 6934 26 255 31 25 31 36 21 23 302 41 23 49 22 38 28 24 20 21 115 40 44 25 23 39 31 23 41 25 32 33 162 32 1312 24 32
internal_value=0.0433013 0.847237 -0.339573 -0.183049 0.989481 2.80501 2.6258 -0.412273 -0.332619 0.00941753 0.677532 1.53331 4.41843 3.68715 5.00354 -5.04005 5.30451 12.2936 15.4497 11.9358 0.982225 2.72206 10.5046 1.5129 2.46586 0.253957 0.450093 -1.95477 0.113449 -2.92977 -11.7307 3.67951 -3.31439 5.94948 12.6449 0.780444 2.43425 2.28615 -1.80929 2.21441 4.94248 -0.943307 6.50388 2.64516 -7.09473 2.8392 3.19113 7.46263 12.0027 2.35505 6.90658 2.69005 2.90073 2.67637 -5.70585 3.01808 7.0091 2.77152 -0.571087 3.39655 1.84465 9.75661
internal_weight=32042 10337 21705 19691 3220 2404 2361 16471 16031 11035 6625 4053 650 618 537 81 41 128 107 84 3403 409 55 354 324 7933 7286 647 2124 311 56 289 440 51 43 3160 2324 2283 184 135 113 75 47 2099 41 2058 1943 204 108 96 83 1739 1708 1685 66 1619 73 1587 250 1337 218 56
internal_count=32042 10337 21705 19691 3220 2404 2361 16471 16031 11035 6625 4053 650 618 537 81 41 128 107 84 3403 409 55 354 324 7933 7286 647 2124 311 56 289 440 51 43 3160 2324 2283 184 135 113 75 47 2099 41 2058 1943 204 108 96 83 1739 1708 1685 66 1619 73 1587 250 1337 218 56
is_linear=0
shrinkage=0.05


Tree=103
num_leaves=63
num_cat=0
split_feature=5 9 7 31 33 35 6 34 35 25 33 32 33 31 32 37 31 33 34 36 35 34 25 33 36 31 32 33 33 12 33 36 36 36 32 4 32 38 31 31 34 31 35 33 32 33 36 36 23 33 21 11 35 36 36 33 37 4 34 32 33 32
split_gain=3.74821e+06 3.46455e+06 2.21829e+06 2.17161e+06 1.91875e+06 2.00458e+06 1.81434e+06 3.31523e+06 2.56028e+06 2.18952e+06 1.65751e+06 1.53327e+06 1.41001e+06 1.36885e+06 1.44191e+06 2.96064e+06 2.07988e+06 3.32614e+06 1.60106e+06 1.57415e+06 1.34326e+06 1.27953e+06 1.4084e+06 1.85453e+06 1.2411e+06 1.21677e+06 2.37001e+06 1.20744e+06 2.33465e+06 1.76618e+06 1.70131e+06 1.62232e+06 1.56108e+06 3.24085e+06 1.97873e+06 1.46226e+06 1.19587e+06 1.18794e+06 1.16793e+06 2.7066e+06 1.1643e+06 1.1523e+06 1.09647e+06 1.29917e+06 1.29775e+06 1.73718e+06 1.09536e+06 1.43478e+06 1.09203e+06 1.92876e+06 3.17006e+06 1.70159e+06 1.3894e+06 1.64996e+06 1.88039e+06 1.25395e+06 1.79216e+06 1.39229e+06 1.44171e+06 1.29047e+06 1.09287e+06 1.31735e+06
threshold=1.0000000180025095e-35 1.0000000180025095e-35 1.0000000180025095e-35 191.85000000000005 332.7000000000001 806.05000000000007 1.0000000180025095e-35 488.60000000000008 1397.9500000000003 1.0000000180025095e-35 57.95000000000001 408.75000000000006 27.550000000000004 316.35000000000008 472.65000000000003 3.5000000000000004 489.95000000000005 93.200000000000003 365.65000000000003 311.45833333333337 1455.95 327.35000000000008 1.0000000180025095e-35 376.2000000000001 362.04166666666669 470.95000000000005 272.55000000000007 207.65000000000001 15.850000000000003 1.0000000180025095e-35 27.550000000000004 397.11250000000013 349.91250000000008 362.04166666666669 434.75000000000006 1.0000000180025095e-35 274.55000000000007 1.0000000180025095e-35 368.25000000000006 428.45000000000005 162.50000000000003 414.45000000000005 794.6500000000002 381.15000000000003 404.55000000000007 357.45000000000005 307.47500000000008 276.51666666666671 1.0000000180025095e-35 461.35000000000008 1.0000000180025095e-35 1.0000000180025095e-35 618.05000000000007 251.61250000000004 334.03333333333336 5.9500000000000011 3.5000000000000004 1.0000000180025095e-35 106.25000000000001 179.45000000000002 17.350000000000005 480.05000000000007
decision_type=2 2 2 2 2 2 2 2 2 2 2 2 2 2 2 2 2 2 2 2 2 2 2 2 2 2 2 2 2 2 2 2 2 2 2 2 2 2 2 2 2 2 2 2 2 2 2 2 2 2 2 2 2 2 2 2 2 2 2 2 2 2
left_child=1 2 6 -3 10 -6 7 9 -8 48 11 12 -4 -2 16 -16 18 -18 21 -20 37 22 23 25 41 -15 -27 28 36 31 -30 32 35 -34 -35 42 -5 -7 -24 -40 -37 -25 -29 44 45 -44 47 -13 55 51 -51 -50 -53 -54 -55 57 -57 58 -1 -60 -58 -62
right_child=13 3 4 27 5 20 8 -9 -10 -11 -12 46 -14 14 15 -17 17 -19 19 -21 -22 -23 38 24 -26 26 -28 29 30 -31 -32 -33 33 34 -36 40 -38 -39 39 -41 -42 -43 43 -45 -46 -47 -48 -49 49 50 -52 52 53 54 -56 56 60 -59 59 -61 61 -63
leaf_value=-0.8562041850665244 0.88137496899645551 -0.30837425627480919 0.61416630993097043 1.9371458659275693 -2.3803289659730682 6.5325070419410869 0.69463614237549798 -16.441934016256621 16.782799743652344 0.9040834993478758 -1.6191308550508152 6.1550545586072483 13.673693111964637 2.4016187850978565 0.37637812805175785 26.186160211563113 3.8353839732946891 -21.259927459385086 17.198892065806266 2.1040261422434159 16.093017848332725 -9.5218480677831732 17.258676806811632 -3.2526206254959109 5.7561225436982655 3.9893181588338771 22.835766872492705 -3.7504291024472978 -15.114966008974159 17.611349060058597 -0.97256083131259219 17.928400650024415 -18.779935040681259 -4.2596423149108888 14.051137507677078 6.2070498697219358 5.973211723782363 -1.4972340399758859 -5.6441615795267044 16.572446193832619 21.247034506364301 -17.499114166606557 7.2388740872932686 0.36500899354252248 -0.99651534106280359 23.17475663661957 1.8686499529871448 21.188058494386219 0.22115100751243044 -18.401344944449033 5.6333039757998096 -0.53525768369436266 20.458235263824463 -1.2312558462745267 17.709687795639038 -3.0965861447658471 -5.5823460505889351 0.96310486525835159 -0.55452664732933055 17.191892501286098 -0.73136326758428671 6.4624315568895057
leaf_weight=12531 1864 1006 1309 706 91 240 2285 33 25 2221 654 65 21 704 25 20 31 23 39 31 30 21 29 40 21 69 22 45 23 25 282 20 23 36 25 31 248 57 29 26 22 22 118 109 37 20 87 21 1779 34 23 50 26 38 20 1422 111 1191 20 21 1779 66
leaf_count=12531 1864 1006 1309 706 91 240 2285 33 25 2221 654 65 21 704 25 20 31 23 39 31 30 21 29 40 21 69 22 45 23 25 282 20 23 36 25 31 248 57 29 26 22 22 118 109 37 20 87 21 1779 34 23 50 26 38 20 1422 111 1191 20 21 1779 66
internal_value=0.0411362 -0.133183 -0.310824 1.54661 1.08288 4.18335 -0.46241 -0.606336 0.86875 -0.581839 0.482049 1.39634 0.820369 1.71878 3.07375 11.8474 2.7171 -6.85336 3.20789 10.514 6.00994 2.68762 2.95414 2.36239 -4.74948 3.10489 8.5456 2.6009 1.76892 4.65074 -2.03904 3.98404 3.38557 -2.7858 3.24478 4.74262 2.98635 4.99145 9.13934 4.85823 12.4501 -8.30783 3.501 4.64999 7.31892 9.54842 5.82428 9.8259 -0.754526 0.360358 -8.70315 0.630416 6.06386 9.99191 5.3001 -0.882659 -1.74587 -0.670791 -0.825577 8.5351 -0.763914 -0.474024
internal_weight=32042 29026 26250 2776 2575 418 23675 21365 2310 21332 2157 1503 1330 3016 1152 45 1107 54 1053 70 327 983 962 878 83 795 91 1770 1259 511 305 486 466 84 61 382 954 297 84 55 53 62 329 284 175 138 173 86 19111 1970 57 1913 134 84 58 17141 3378 13763 12572 41 1956 1845
internal_count=32042 29026 26250 2776 2575 418 23675 21365 2310 21332 2157 1503 1330 3016 1152 45 1107 54 1053 70 327 983 962 878 83 795 91 1770 1259 511 305 486 466 84 61 382 954 297 84 55 53 62 329 284 175 138 173 86 19111 1970 57 1913 134 84 58 17141 3378 13763 12572 41 1956 1845
is_linear=0
shrinkage=0.05


Tree=104
num_leaves=63
num_cat=0
split_feature=5 9 7 34 34 18 29 35 33 33 35 32 33 32 33 32 34 35 10 35 2 34 35 34 35 33 33 33 33 37 28 34 35 34 35 22 34 35 23 32 29 35 35 23 35 37 38 35 34 34 32 34 35 10 35 33 33 34 33 34 32 33
split_gain=3.38276e+06 3.12675e+06 2.00201e+06 1.85797e+06 1.64894e+06 1.36875e+06 1.52552e+06 1.59598e+06 1.36796e+06 1.69953e+06 1.59303e+06 1.38696e+06 1.36199e+06 1.24989e+06 1.68185e+06 1.42656e+06 1.55496e+06 1.91978e+06 1.30542e+06 2.44304e+06 1.27375e+06 1.59935e+06 1.18098e+06 1.50981e+06 1.16739e+06 1.11451e+06 1.13108e+06 1.37866e+06 1.2931e+06 2.96037e+06 1.79663e+06 2.01038e+06 1.92251e+06 1.6267e+06 1.10295e+06 1.10276e+06 1.0965e+06 1.42702e+06 1.15141e+06 1.66958e+06 1.02769e+06 998167 1.46745e+06 988330 1.33928e+06 1.12789e+06 982234 978757 1.18509e+06 1.5563e+06 1.40302e+06 1.08721e+06 968399 972860 909570 881067 1.41117e+06 1.32475e+06 1.20921e+06 1.87164e+06 1.14648e+06 1.03537e+06
threshold=1.0000000180025095e-35 1.0000000180025095e-35 1.0000000180025095e-35 478.50000000000006 486.75000000000006 1.0000000180025095e-35 1.0000000180025095e-35 894.95000000000016 332.7000000000001 55.850000000000001 806.05000000000007 408.75000000000006 459.35000000000008 396.45000000000005 488.85000000000008 495.05000000000007 169.45000000000002 1225.1500000000003 1.0000000180025095e-35 1122.0000000000002 1.0000000180025095e-35 295.2000000000001 873.85000000000014 2.0500000000000003 1122.0000000000002 444.85000000000008 436.05000000000007 416.75000000000006 367.75000000000006 4.5000000000000009 1.0000000180025095e-35 423.15000000000003 1083.5500000000002 375.45000000000005 1351.1500000000003 1.0000000180025095e-35 347.9500000000001 1096.7500000000002 1.0000000180025095e-35 266.15000000000003 1.0000000180025095e-35 1140.1000000000001 949.45000000000016 1.0000000180025095e-35 487.35000000000008 2.5000000000000004 1.0000000180025095e-35 902.1500000000002 175.70000000000002 99.200000000000003 312.15000000000003 327.35000000000008 9.0500000000000025 1.0000000180025095e-35 1279.4000000000003 361.75000000000006 315.35000000000008 237.15000000000001 15.850000000000003 11.250000000000002 370.25000000000006 162.05000000000004
decision_type=2 2 2 2 2 2 2 2 2 2 2 2 2 2 2 2 2 2 2 2 2 2 2 2 2 2 2 2 2 2 2 2 2 2 2 2 2 2 2 2 2 2 2 2 2 2 2 2 2 2 2 2 2 2 2 2 2 2 2 2 2 2
left_child=1 2 4 8 5 6 7 22 9 11 -10 -4 25 14 18 16 17 24 35 -20 21 -18 52 46 -15 26 27 28 30 33 31 55 -32 40 -6 43 38 -38 -11 -40 41 42 -30 44 -2 -46 -24 -12 49 50 -49 -50 -1 -54 -53 56 58 -58 59 60 -3 -60
right_child=13 12 3 -5 34 -7 -8 -9 10 36 47 -13 -14 15 -16 -17 20 -19 19 -21 -22 -23 23 -25 -26 -27 -28 -29 29 -31 32 -33 -34 -35 -36 -37 37 -39 39 -41 -42 -43 -44 -45 45 -47 -48 48 51 -51 -52 54 53 -55 -56 -57 57 -59 61 -61 -62 -63
leaf_value=-1.9697287801368408 0.53433065042469163 1.4921976787309816 0.7724350988391846 14.875564813613892 -14.249630981021458 -1.5464539341195864 -1.5662558611047854 1.3597818049853465 -2.2613123486330222 -1.8252803804203013 11.591084578458002 5.5330652365622495 7.1112035444060586 3.2095121995319702 13.592706482498736 -7.2520709131602885 14.705158589820606 -10.66896456082662 -0.57782271478487102 -16.579817703792028 19.990320161481701 0.80781818146401274 -11.758225760459901 3.0083838060167101 15.382518473125641 -7.4862312753995255 10.569837182940859 -7.2312319633808544 0.40838441193103797 23.864138495922091 -5.9277867826696955 -7.6786857565929161 9.927403155240146 16.193315334320069 -0.039453159679066055 -7.9926301833122011 0.88895778656005864 -14.144801541378625 -3.7698389172554019 12.610801586253302 -9.563312406539918 -6.3923894745962961 16.258327844868536 -2.3256808774486468 6.2529826047633774 2.213740745670111 -1.9477961250713893 -3.2057319641113282 14.908687590177244 -10.274308639764786 7.0942653077713986 -4.5111348819732671 -0.039391130356920406 -1.3100702379263387 8.8554466581344595 -8.6935726922750476 4.779240886543108 18.977583351135255 -2.3302348399510633 13.328339130000064 5.6799345578017988 1.644622406593391
leaf_weight=781 1063 1169 1323 24 36 2415 2109 1605 91 522 51 173 103 317 27 27 37 24 161 28 24 47 65 45 21 36 33 47 40 20 146 58 22 20 22 31 27 38 28 35 20 21 23 157 218 834 42 51 39 24 94 20 14879 1676 35 20 92 20 308 38 190 350
leaf_count=781 1063 1169 1323 24 36 2415 2109 1605 91 522 51 173 103 317 27 27 37 24 161 28 24 47 65 45 21 36 33 47 40 20 146 58 22 20 22 31 27 38 28 35 20 21 23 157 218 834 42 51 39 24 94 20 14879 1676 35 20 92 20 308 38 190 350
internal_value=0.0390794 -0.126523 -0.295283 1.02874 -0.439289 -0.41861 -0.290144 -0.149186 0.898465 0.395469 3.56372 1.32296 1.46928 1.63284 1.18072 3.92437 4.56642 2.99556 1.04624 -2.94849 9.83172 6.92927 -0.287674 -4.67576 3.96582 1.25187 1.37116 1.25459 1.41057 6.01333 1.13589 1.50911 -3.85151 3.13417 -8.85956 1.37408 -1.73919 -7.90001 -1.05466 5.33052 0.622793 3.04806 6.19487 1.50188 1.78601 3.05077 -7.9074 5.25187 4.02259 1.51944 3.47151 8.52294 -0.2492 -0.168033 3.99487 1.75278 1.84919 7.31466 1.55131 2.38371 2.07768 -0.215949
internal_weight=32042 29026 26250 2575 23675 23617 21202 19093 2551 2146 405 1496 2776 3016 2519 497 470 362 2492 189 108 84 17488 152 338 2673 2637 2604 2557 144 2413 2245 168 124 58 2303 650 65 585 63 104 84 63 2272 2115 1052 107 314 263 169 145 94 17336 16555 55 2187 2167 112 2055 1397 1359 658
internal_count=32042 29026 26250 2575 23675 23617 21202 19093 2551 2146 405 1496 2776 3016 2519 497 470 362 2492 189 108 84 17488 152 338 2673 2637 2604 2557 144 2413 2245 168 124 58 2303 650 65 585 63 104 84 63 2272 2115 1052 107 314 263 169 145 94 17336 16555 55 2187 2167 112 2055 1397 1359 658
is_linear=0
shrinkage=0.05


Tree=105
num_leaves=63
num_cat=0
split_feature=5 29 8 7 2 35 32 31 31 35 36 11 36 37 34 31 39 32 34 6 35 22 28 37 31 32 31 31 24 35 18 34 36 34 35 34 33 18 31 31 32 32 34 36 31 21 32 33 33 32 36 31 36 33 24 35 35 33 31 36 31 8
split_gain=3.988e+06 2.39189e+06 2.81607e+06 2.55513e+06 2.06621e+06 1.99918e+06 1.76327e+06 3.52727e+06 1.73456e+06 1.68975e+06 1.67178e+06 2.49143e+06 1.78266e+06 1.51124e+06 2.92425e+06 1.39201e+06 2.89573e+06 1.3886e+06 2.51698e+06 1.30244e+06 3.80635e+06 1.28784e+06 1.25131e+06 2.19347e+06 1.56605e+06 1.43891e+06 1.47414e+06 1.28834e+06 2.22378e+06 1.69307e+06 1.42385e+06 4.01601e+06 1.37032e+06 1.24995e+06 1.42499e+06 1.48354e+06 1.33309e+06 1.18112e+06 1.40024e+06 1.68134e+06 1.38916e+06 1.40053e+06 1.17801e+06 1.17489e+06 1.1164e+06 2.33723e+06 1.07202e+06 1.22337e+06 1.31806e+06 1.06538e+06 1.19202e+06 1.15792e+06 1.04202e+06 1.02515e+06 1.01804e+06 2.49014e+06 1.82206e+06 1.02574e+06 1.00003e+06 1.63962e+06 983376 960104
threshold=1.0000000180025095e-35 1.0000000180025095e-35 1.0000000180025095e-35 1.0000000180025095e-35 1.0000000180025095e-35 538.75000000000011 491.15000000000003 236.55000000000004 328.15000000000003 1531.0000000000002 359.52500000000003 1.0000000180025095e-35 354.54166666666669 4.5000000000000009 320.75000000000006 486.35000000000008 1.0000000180025095e-35 352.45000000000005 175.70000000000002 1.0000000180025095e-35 1140.1000000000001 1.0000000180025095e-35 1.0000000180025095e-35 4.5000000000000009 89.550000000000011 394.35000000000008 452.25000000000006 450.45000000000005 1.0000000180025095e-35 940.45000000000016 1.0000000180025095e-35 483.45000000000005 342.98333333333341 440.00000000000006 1455.95 381.05000000000007 134.25000000000003 1.0000000180025095e-35 310.25000000000006 388.85000000000008 229.65000000000001 125.55000000000001 470.75000000000006 299.32916666666671 446.65000000000003 1.0000000180025095e-35 426.95000000000005 207.65000000000001 12.750000000000002 386.85000000000008 379.48750000000007 412.55000000000007 10.625000000000002 328.85000000000008 1.0000000180025095e-35 853.25000000000011 685.05000000000007 285.35000000000008 359.55000000000007 293.01666666666671 347.85000000000008 1.0000000180025095e-35
decision_type=2 2 2 2 2 2 2 2 2 2 2 2 2 2 2 2 2 2 2 2 2 2 2 2 2 2 2 2 2 2 2 2 2 2 2 2 2 2 2 2 2 2 2 2 2 2 2 2 2 2 2 2 2 2 2 2 2 2 2 2 2 2
left_child=1 2 3 4 9 -5 37 -8 61 22 12 -12 -6 15 -15 17 -17 19 58 20 -10 -7 27 25 -25 54 46 30 -29 32 31 52 -30 34 35 -3 -35 44 40 -40 41 -39 -38 -21 -4 -46 -27 48 -48 51 -51 -32 -1 -42 -24 56 -56 -57 -19 -60 -37 -2
right_child=8 33 6 5 10 21 7 -9 13 -11 11 -13 -14 14 -16 16 -18 18 -20 43 -22 -23 23 24 -26 26 -28 28 29 -31 49 -33 -34 36 -36 60 42 38 39 -41 53 -43 -44 -45 45 -47 47 -49 -50 50 -52 -53 -54 -55 55 57 -58 -59 59 -61 -62 -63
leaf_value=-1.7619368101672634 1.0907916757612284 -1.7040151575883362 -1.5304337555358849 0.15227481496458359 0.95285474344103727 3.3846383740801289 1.6413110017776491 -26.418215312276569 2.7105153674192461 11.222439786791803 3.5098123526230411 21.300205466860817 -13.36705111807043 2.7477563635299083 25.996606642859327 2.3671201597650846 -18.499322528424472 11.741789782369459 19.195167552403042 2.9855253199051166 -12.639748781226402 -4.124266737898191 -0.98336382262224853 16.919353203151537 2.3324265054062656 -9.2251790832350231 -16.458200867970785 2.0485047624288528 4.6728891232918057 -13.179403414224325 -0.72348267919844411 22.285638117790224 -5.0611045304996276 -5.8706755208969117 11.16572379555021 -12.344703675183384 16.161583622864313 0.40007883707682296 -19.022702010833857 -3.8604341041751029 -1.0889544017460882 -15.424378464139743 0.49575544084821432 17.776506484985351 0.080651406105174572 14.188528335795684 -1.4531357013753483 -8.5743063126669998 12.829212298393252 -6.0050287784001481 5.5475050106048585 -5.9299744734476363 -0.020566473425399294 12.344095830917359 -5.0792875158025872 -22.892445774078368 12.355469391562723 -8.4580024689435955 -7.8382548395792639 5.4445191559282327 -0.21482731898625695 -2.9712606597550311
leaf_weight=920 1834 2587 2139 1187 1794 1182 24 21 664 32 313 21 22 38 21 60 23 37 35 29 43 60 1533 23 92 69 27 1262 58 38 1345 20 96 20 21 55 28 27 33 41 49 29 21 25 215 34 84 45 20 209 25 116 12974 20 47 20 22 32 30 103 24 158
leaf_count=920 1834 2587 2139 1187 1794 1182 24 21 664 32 313 21 22 38 21 60 23 37 35 29 43 60 1533 23 92 69 27 1262 58 38 1345 20 96 20 21 55 28 27 33 41 49 29 21 25 215 34 84 45 20 209 25 116 12974 20 47 20 22 32 30 103 24 158
internal_value=-0.054094 -0.235853 -0.0891052 0.0832911 -0.0922403 1.61957 -1.64067 -11.4531 1.65068 -0.257583 1.37731 4.62837 0.779376 3.23652 11.0228 2.79859 -3.41515 3.33249 6.98495 2.34858 1.77691 3.02189 -0.27684 -1.45552 5.24981 -1.86158 -5.43768 -0.137717 1.2858 -3.72737 -0.27032 -0.103644 -1.39505 -1.6373 -1.80794 -1.91013 5.00756 -1.46999 -5.1709 -10.622 -1.94385 -7.79473 9.44766 9.8332 -1.16158 2.00703 -4.07275 -1.68673 1.29347 -1.63854 -4.77078 -1.13687 -0.135872 2.80468 -1.33187 -5.7472 0.47962 -14.0097 4.47108 2.4484 -8.65968 0.768601
internal_weight=32176 29076 26320 23688 21259 2429 2632 45 3100 19109 2150 334 1816 1108 59 1049 83 966 205 761 707 1242 19077 2014 115 1899 245 17063 1454 192 15609 13914 154 2756 2687 2666 69 2587 199 74 125 56 49 54 2388 249 218 149 104 1695 234 1461 13894 69 1654 121 69 52 170 133 79 1992
internal_count=32176 29076 26320 23688 21259 2429 2632 45 3100 19109 2150 334 1816 1108 59 1049 83 966 205 761 707 1242 19077 2014 115 1899 245 17063 1454 192 15609 13914 154 2756 2687 2666 69 2587 199 74 125 56 49 54 2388 249 218 149 104 1695 234 1461 13894 69 1654 121 69 52 170 133 79 1992
is_linear=0
shrinkage=0.05


Tree=106
num_leaves=63
num_cat=0
split_feature=5 29 31 34 33 38 33 34 31 18 31 40 40 37 35 40 37 34 34 34 40 32 34 31 32 40 35 31 40 35 2 31 39 32 34 40 34 34 34 31 33 31 32 32 32 31 31 32 36 24 32 39 36 7 34 36 35 32 31 32 34 34
split_gain=3.59917e+06 2.15868e+06 2.21463e+06 1.95339e+06 2.764e+06 4.30815e+06 1.57282e+06 1.6247e+06 1.56544e+06 1.47926e+06 1.4059e+06 1.72943e+06 1.62895e+06 4.34461e+06 2.9676e+06 2.01253e+06 1.36389e+06 2.63913e+06 1.35929e+06 2.22539e+06 1.97652e+06 2.82961e+06 1.34751e+06 1.3082e+06 2.31857e+06 2.2768e+06 3.04747e+06 1.56006e+06 2.55392e+06 4.29749e+06 1.3305e+06 1.25629e+06 2.61339e+06 1.25322e+06 2.27157e+06 1.16322e+06 2.19098e+06 2.79552e+06 2.02384e+06 2.12231e+06 1.98971e+06 2.45821e+06 2.52445e+06 3.67675e+06 3.33548e+06 2.17385e+06 2.21028e+06 1.90606e+06 5.14499e+06 3.36134e+06 2.24582e+06 1.74034e+06 2.37395e+06 2.21439e+06 3.25947e+06 1.6687e+06 1.91246e+06 1.57577e+06 1.54623e+06 1.26247e+06 1.15848e+06 1.13229e+06
threshold=1.0000000180025095e-35 1.0000000180025095e-35 424.35000000000008 302.95000000000005 335.05000000000007 1.0000000180025095e-35 224.15000000000001 441.85000000000008 328.15000000000003 1.0000000180025095e-35 119.55000000000001 1.0000000180025095e-35 3.5000000000000004 4.5000000000000009 1140.1000000000001 2.5000000000000004 4.5000000000000009 320.75000000000006 344.35000000000008 433.65000000000003 2.5000000000000004 259.05000000000007 277.75000000000006 366.05000000000007 444.35000000000008 1.5000000000000002 723.1500000000002 332.05000000000007 1.5000000000000002 358.15000000000003 1.0000000180025095e-35 486.35000000000008 1.0000000180025095e-35 352.45000000000005 175.70000000000002 5.5000000000000009 204.35000000000005 167.95000000000002 266.65000000000003 209.75000000000003 194.55000000000004 148.65000000000001 410.95000000000005 372.55000000000007 436.65000000000003 203.75000000000003 238.95000000000002 283.95000000000005 296.12500000000006 1.0000000180025095e-35 335.75000000000006 1.0000000180025095e-35 251.61250000000004 1.0000000180025095e-35 428.15000000000003 281.01000000000005 1008.7500000000001 458.65000000000003 349.95000000000005 240.45000000000002 465.85000000000008 476.25000000000006
decision_type=2 2 2 2 2 2 2 2 2 2 2 2 2 2 2 2 2 2 2 2 2 2 2 2 2 2 2 2 2 2 2 2 2 2 2 2 2 2 2 2 2 2 2 2 2 2 2 2 2 2 2 2 2 2 2 2 2 2 2 2 2 2
left_child=1 2 9 22 6 -6 7 -5 -2 10 18 -12 13 23 15 -15 31 -18 -1 20 -20 -22 -4 27 25 26 -25 -13 29 -29 -27 33 -33 -10 -35 -14 37 40 39 -38 -37 -42 43 45 -44 59 -47 48 49 58 -49 52 -40 54 55 56 -53 -46 -48 -43 -11 -21
right_child=8 -3 3 4 5 -7 -8 -9 16 60 11 12 35 14 -16 -17 17 -19 19 61 21 -23 -24 24 -26 30 -28 28 -30 -31 -32 32 -34 34 -36 36 38 -39 51 -41 41 42 44 -45 57 46 47 50 -50 -51 -52 53 -54 -55 -56 -57 -58 -59 -60 -61 -62 -63
leaf_value=-0.83292631713190846 0.73017073018049983 -1.555435366554021 0.90446309723813512 11.028285928726197 34.387090316638357 1.9618829273042224 -8.5104425086975102 -5.2769455172798851 2.2311466644240272 -1.3544648509504431 -0.96669940955201161 1.1959626908534082 -0.46819810969571396 17.752587524414064 28.74228038787842 -1.1810362860560417 2.6103688476901308 24.69677669207255 -2.3218100756406783 -8.5406154212497523 2.5863838105588348 21.888586019858337 -12.111131119728089 -2.4328694020645529 -16.736061436197033 0.62663887302830545 -23.862601312001548 1.2920811474323273 2.572877930013501 27.413193844210721 11.420026442408563 2.2487641370296481 -17.574355785095175 4.2475285282555744 18.235409148761203 0.46236362413141729 -24.977841027790593 18.739529945091771 1.5202342224121095 -4.5215121347457172 16.834235314323621 0.61777061379474141 -21.567608625238591 19.897806681527033 11.133247391382854 16.555924619210735 -2.6457719223252663 19.953270128369333 -22.476443844749816 23.038922605514529 -0.53004429858663815 16.478629000290582 -20.269459238529208 -8.6300374159941793 -9.8229746679464984 23.75531174659729 -4.1417856319384141 -4.9272309201104303 9.7991894660783672 -12.848224263531822 -10.937037087231875 4.3049846862924515
leaf_weight=6693 1992 2756 3483 50 20 21 25 22 761 2195 2724 1552 4209 25 22 32 38 21 32 42 37 39 20 79 23 265 21 32 196 31 32 60 23 170 35 3599 21 22 25 32 34 46 22 36 24 37 87 32 21 20 23 23 25 37 24 20 22 42 35 28 32 29
leaf_count=6693 1992 2756 3483 50 20 21 25 22 761 2195 2724 1552 4209 25 22 32 38 21 32 42 37 39 20 79 23 265 21 32 196 31 32 60 23 170 35 3599 21 22 25 32 34 46 22 36 24 37 87 32 21 20 23 23 25 37 24 20 22 42 35 28 32 29
internal_value=-0.0513893 -0.22406 -0.0846499 1.06002 6.89494 17.7791 2.29444 6.04613 1.56815 -0.268421 -0.135169 0.159728 0.442373 1.62043 13.1437 7.12318 3.0747 10.4716 -0.717925 3.58208 8.10234 12.4915 0.830152 1.21239 -1.30176 -0.407585 -6.93311 1.79546 5.3878 14.1453 1.78956 2.65866 -3.24439 3.16586 6.6357 0.123943 0.698607 0.963944 -4.06123 -12.6268 0.868236 3.86769 2.89448 4.72722 -4.70719 3.06721 5.25665 3.33888 0.623083 4.03921 11.3875 -1.48181 -9.37461 1.65026 5.92409 11.7384 6.39754 0.912943 0.924504 -4.47747 -1.49216 -3.29382
internal_weight=32176 29076 26320 3641 138 41 97 72 3100 22679 20452 13580 10856 2310 79 57 1108 59 6872 179 108 76 3503 2231 420 397 100 1811 259 63 297 1049 83 966 205 8546 4337 4108 229 53 4086 487 453 365 88 329 255 218 163 142 55 176 50 126 89 65 45 66 122 74 2227 71
internal_count=32176 29076 26320 3641 138 41 97 72 3100 22679 20452 13580 10856 2310 79 57 1108 59 6872 179 108 76 3503 2231 420 397 100 1811 259 63 297 1049 83 966 205 8546 4337 4108 229 53 4086 487 453 365 88 329 255 218 163 142 55 176 50 126 89 65 45 66 122 74 2227 71
is_linear=0
shrinkage=0.05


Tree=107
num_leaves=63
num_cat=0
split_feature=5 7 25 2 36 34 35 31 35 24 31 31 33 37 6 36 40 37 37 31 37 34 35 8 40 22 31 35 34 24 33 31 31 23 35 31 39 36 35 31 33 31 31 40 40 35 31 23 33 33 40 4 36 6 36 40 35 40 34 36 40 31
split_gain=3.24825e+06 2.12816e+06 1.79806e+06 1.58653e+06 1.66793e+06 1.55973e+06 1.50323e+06 1.41281e+06 1.35677e+06 1.76812e+06 1.38784e+06 1.30138e+06 1.26999e+06 1.68222e+06 1.74641e+06 1.44205e+06 1.26157e+06 1.24161e+06 1.2318e+06 1.9226e+06 1.23091e+06 2.38182e+06 1.20681e+06 1.5709e+06 2.14127e+06 1.43104e+06 1.32699e+06 1.51221e+06 1.19171e+06 2.39025e+06 1.85544e+06 1.77079e+06 1.55247e+06 1.15818e+06 1.15801e+06 1.1338e+06 2.35859e+06 1.12538e+06 1.09068e+06 1.07886e+06 1.04528e+06 1.01236e+06 3.08521e+06 3.65795e+06 2.70037e+06 2.56498e+06 1.63763e+06 1.23062e+06 1.12392e+06 1.86433e+06 988866 982348 1.0319e+06 976948 957126 966648 1.12457e+06 1.15575e+06 1.53654e+06 1.41481e+06 1.37191e+06 1.51875e+06
threshold=1.0000000180025095e-35 1.0000000180025095e-35 1.0000000180025095e-35 1.0000000180025095e-35 364.8250000000001 478.50000000000006 1249.5000000000002 328.15000000000003 1225.1500000000003 1.0000000180025095e-35 339.55000000000007 215.95000000000002 1.0000000180025095e-35 2.5000000000000004 1.0000000180025095e-35 73.516666666666694 4.5000000000000009 3.5000000000000004 4.5000000000000009 420.25000000000006 4.5000000000000009 320.75000000000006 1187.8500000000001 1.0000000180025095e-35 5.5000000000000009 1.0000000180025095e-35 349.95000000000005 867.25000000000011 467.85000000000008 1.0000000180025095e-35 355.45000000000005 359.55000000000007 495.85000000000008 1.0000000180025095e-35 887.1500000000002 486.35000000000008 1.0000000180025095e-35 453.55000000000007 634.05000000000007 478.75000000000006 335.05000000000007 380.65000000000003 448.25000000000006 5.5000000000000009 3.5000000000000004 1249.5000000000002 432.55000000000007 1.0000000180025095e-35 427.15000000000003 283.45000000000005 2.5000000000000004 1.0000000180025095e-35 303.91666666666674 1.0000000180025095e-35 145.05500000000004 1.0000000180025095e-35 639.85000000000014 1.5000000000000002 215.05000000000004 278.07083333333338 5.5000000000000009 410.45000000000005
decision_type=2 2 2 2 2 2 2 2 2 2 2 2 2 2 2 2 2 2 2 2 2 2 2 2 2 2 2 2 2 2 2 2 2 2 2 2 2 2 2 2 2 2 2 2 2 2 2 2 2 2 2 2 2 2 2 2 2 2 2 2 2 2
left_child=1 2 3 12 6 11 -5 -2 37 10 -10 -3 13 14 38 -14 -8 33 19 -12 35 -22 23 25 26 54 -25 -28 32 30 31 -30 41 -17 39 -9 -37 53 -1 -15 -6 -19 43 -43 50 46 -45 48 49 -46 -44 52 -24 -4 -13 -56 -57 -58 59 60 -59 -62
right_child=7 5 8 4 40 -7 16 20 9 -11 18 22 15 34 -16 17 -18 28 -20 -21 21 -23 51 24 -26 -27 27 -29 29 -31 -32 -33 -34 -35 -36 36 -38 -39 -40 -41 -42 42 44 45 47 -47 -48 -49 -50 -51 -52 -53 -54 -55 55 56 57 58 -60 -61 61 -63
leaf_value=-0.60020210844300292 0.69366219165028042 -0.30291901290569945 0.74687434898463156 0.45814061941564549 2.9412758266094006 13.519707618713381 -1.2327425858913326 3.0075679903059398 17.841857857857981 -6.0365179582809416 -1.1980053129650299 -4.9885803816053604 -6.0874519411621524 1.2899398999735525 1.3213190902708614 -2.5669133763354264 -15.003241430479903 -0.91259636374944686 -4.9783330554053897 19.727065368320634 2.4798503232629674 23.461937922523134 16.073512126553446 6.4470556961862675 -17.14729641723633 -7.7825837314128883 2.2951027126312256 -15.678873283212836 -0.63099117172373975 -21.253746758699421 10.466673772985287 -18.27814020429339 11.422089373001031 0.40410828154188655 -8.8898311835748185 2.1363260877132415 -16.695638042947522 7.0937611785801984 -2.5595783749176686 9.1770813512802132 11.291205272009208 1.1910431949992974 0.75139490999765213 3.968274424922082 -8.1990770045448755 27.663901365938642 19.846822491559116 0.86956924270181091 0.7294687032699585 -24.666799043572468 13.229950885772707 -2.8400401751200359 5.3824604741062032 -3.3363545503585961 -0.47447296923689425 1.5786964356596187 14.154238737783125 4.7811732402306362 -4.5981714280446369 2.587881610009461 18.81326151526704 4.0446583076759621
leaf_weight=12788 1992 1167 2188 1935 292 25 39 966 31 24 21 45 152 1188 1149 1844 29 2235 21 23 38 21 31 38 25 37 25 22 44 20 22 21 28 399 27 60 23 66 752 45 43 300 77 62 68 21 22 34 20 23 20 24 83 157 236 590 31 107 45 239 49 27
leaf_count=12788 1992 1167 2188 1935 292 25 39 966 31 24 21 45 152 1188 1149 1844 29 2235 21 23 38 21 31 38 25 37 25 22 44 20 22 21 28 399 27 60 23 66 752 45 43 300 77 62 68 21 22 34 20 23 20 24 83 157 236 590 31 107 45 239 49 27
internal_value=-0.0488198 -0.212857 -0.353761 -0.489047 0.747522 1.08578 0.201364 1.48974 0.912992 6.102 9.13664 0.975585 -0.624392 -0.399812 -0.550207 -1.28622 -7.10546 -1.14748 4.98491 9.7401 2.92096 9.94805 1.87765 1.47016 -4.28411 1.92036 -0.500818 -6.11825 -0.485115 -5.66741 -2.08434 -6.33238 -0.294563 -2.03841 1.35349 2.52573 -3.08217 0.654725 -0.709024 1.57779 4.01306 -0.408396 1.33332 4.00227 -3.13332 12.0343 8.12694 -7.45323 -10.0026 -12.3612 3.32429 6.35407 8.28968 0.473498 2.1826 2.42633 3.05555 4.80524 4.18464 5.1212 8.42973 13.5665
internal_weight=32176 29076 26230 23699 2338 2846 2003 3100 2531 120 96 2821 21361 15949 14689 5412 68 5260 65 44 1108 59 1654 1516 110 1406 85 47 3017 107 87 65 2910 2243 1260 1049 83 2411 13540 1233 335 2882 647 405 242 105 84 145 111 91 97 138 114 2345 1369 1324 1088 498 467 422 183 76
internal_count=32176 29076 26230 23699 2338 2846 2003 3100 2531 120 96 2821 21361 15949 14689 5412 68 5260 65 44 1108 59 1654 1516 110 1406 85 47 3017 107 87 65 2910 2243 1260 1049 83 2411 13540 1233 335 2882 647 405 242 105 84 145 111 91 97 138 114 2345 1369 1324 1088 498 467 422 183 76
is_linear=0
shrinkage=0.05


Tree=108
num_leaves=63
num_cat=0
split_feature=5 10 35 32 29 18 32 9 37 34 31 40 40 33 31 31 32 36 32 35 31 35 33 24 34 36 35 35 36 6 36 37 31 36 36 35 35 32 32 40 2 32 31 35 33 31 13 31 34 9 35 34 34 36 35 36 33 31 31 40 31 33
split_gain=2.93154e+06 2.01222e+06 1.82257e+06 2.18671e+06 1.74081e+06 2.02945e+06 2.09683e+06 1.97817e+06 2.67564e+06 1.85827e+06 1.637e+06 1.71141e+06 2.40121e+06 5.98968e+06 2.89136e+06 5.21155e+06 2.64143e+06 1.99365e+06 1.62004e+06 1.68705e+06 1.87971e+06 1.76705e+06 1.50849e+06 1.43804e+06 2.09628e+06 1.28356e+06 1.5471e+06 1.28344e+06 1.27561e+06 1.42889e+06 2.08e+06 1.39286e+06 2.31705e+06 2.79748e+06 1.47019e+06 1.46337e+06 2.93188e+06 1.64427e+06 2.20203e+06 2.95198e+06 1.92693e+06 1.26341e+06 1.23387e+06 1.54553e+06 1.21522e+06 1.21309e+06 1.20602e+06 1.20495e+06 1.18196e+06 2.42032e+06 5.22181e+06 1.6768e+06 1.54852e+06 2.34398e+06 2.07506e+06 1.86693e+06 1.46305e+06 1.4873e+06 1.18003e+06 1.27211e+06 2.19304e+06 1.81259e+06
threshold=1.0000000180025095e-35 1.0000000180025095e-35 1455.95 448.55000000000007 1.0000000180025095e-35 1.0000000180025095e-35 472.65000000000003 1.0000000180025095e-35 4.5000000000000009 465.85000000000008 119.55000000000001 1.0000000180025095e-35 3.5000000000000004 283.45000000000005 322.15000000000003 359.55000000000007 462.85000000000008 269.82916666666671 416.95000000000005 800.35000000000025 398.85000000000008 759.00000000000011 351.35000000000008 1.0000000180025095e-35 432.10000000000008 359.52500000000003 838.80000000000018 1203.6500000000003 190.97750000000005 1.0000000180025095e-35 299.32916666666671 4.5000000000000009 394.65000000000003 215.17083333333335 238.91250000000005 1096.7500000000002 1069.4000000000003 350.45000000000005 444.35000000000008 4.5000000000000009 1.0000000180025095e-35 483.80000000000001 474.75000000000006 894.95000000000016 402.75000000000006 446.65000000000003 1.0000000180025095e-35 374.55000000000007 114.55000000000001 1.0000000180025095e-35 1155.7500000000002 84.850000000000009 325.65000000000003 309.52500000000003 1032.6500000000003 261.05833333333339 291.45000000000005 269.85000000000008 458.45000000000005 5.5000000000000009 416.15000000000003 326.85000000000008
decision_type=2 2 2 2 2 2 2 2 2 2 2 2 2 2 2 2 2 2 2 2 2 2 2 2 2 2 2 2 2 2 2 2 2 2 2 2 2 2 2 2 2 2 2 2 2 2 2 2 2 2 2 2 2 2 2 2 2 2 2 2 2 2
left_child=1 4 3 42 5 6 10 8 41 -6 -1 -12 13 16 22 -16 18 -17 19 21 -21 -13 -15 46 58 26 -20 -19 -2 31 44 35 33 -33 -35 36 -30 40 39 -39 -37 -8 -3 -44 -31 -43 -14 -9 51 52 -51 -7 56 54 -54 -56 -50 -58 59 -25 61 -61
right_child=28 2 -4 -5 9 48 7 47 -10 -11 11 12 23 14 15 17 -18 27 25 20 -22 -23 -24 24 -26 -27 -28 -29 29 30 -32 32 -34 34 -36 37 -38 38 -40 -41 -42 45 43 -45 -46 -47 -48 -49 49 50 -52 -53 53 -55 55 -57 57 -59 -60 60 -62 -63
leaf_value=-0.54147573229252599 -0.09337584021409559 -1.4666611694972156 11.671634204571063 -6.6058995483260539 -1.4461806493015121 -1.5872764883037798 4.1769804343322798 6.6125625743397656 13.787735764817761 11.282439368346642 -0.63933323505284723 1.4149953958111823 0.41608933181273761 12.422007962819693 35.685226763211766 23.067373161315921 -12.90618155207485 -1.7626621009316297 5.8922171825586362 -13.635430900867171 0.51175998267480882 13.44410243111272 -0.29749527431669692 -2.4635095456273679 -16.03439870675405 -2.8654509353637696 21.738455593585968 14.145178279422579 1.629129569683051 0.49078572222164701 13.473500544474675 17.838943958282471 19.979718679851956 -13.53867191509767 4.1838152694702151 -3.7211579834485984 18.555721671764669 -2.7066288232803348 -5.3268943294402096 18.942546321499734 -21.140382204055786 -2.3087693340465671 -0.72561764045500432 11.200573335994374 13.597813718659538 10.215012923308782 3.2691895390714691 20.205408324366033 -0.37189975852767626 0.093304052352905287 31.383716201782228 -13.304137377200588 -0.2102364279329777 6.6695002354480124 -26.630411339998247 -7.8410251348446582 2.7396704956337259 20.729283182621003 -6.1252560372535996 -1.1730822183395344 10.14084282546747 9.5679158297452069
leaf_weight=6212 965 2354 26 204 2550 2036 173 56 44 29 2990 2012 7743 37 26 20 32 32 43 39 59 31 63 431 24 20 24 21 1594 112 65 21 27 22 25 77 26 32 62 31 20 244 71 44 21 21 389 23 96 40 20 31 48 37 20 39 27 20 104 366 61 44
leaf_count=6212 965 2354 26 204 2550 2036 173 56 44 29 2990 2012 7743 37 26 20 32 32 43 39 59 31 63 431 24 20 24 21 1594 112 65 21 27 22 25 77 26 32 62 31 20 244 71 44 21 21 389 23 96 40 20 31 48 37 20 39 27 20 104 366 61 44
internal_value=-0.0463788 -0.202214 -1.50254 -1.63068 -0.0691595 0.0645579 0.219694 3.23615 2.03414 -1.30305 0.138427 0.427493 0.70198 2.08931 10.4054 16.4627 1.35705 9.61632 1.56191 1.29012 -5.11824 1.59752 4.40872 0.329633 -1.43048 8.25034 11.5685 4.54044 1.41526 2.09714 6.14293 1.68358 7.58752 2.66709 -4.11182 1.37909 1.90079 -2.42792 1.36271 7.94614 -7.31275 0.853409 -1.21961 3.83745 2.56032 -1.31632 0.552569 10.57 -1.30969 1.39058 10.5234 -1.763 -0.518724 -4.17867 -7.9299 -14.2103 3.16681 10.3948 -1.08208 -0.5006 1.29561 -0.0203897
internal_weight=32176 29076 2699 2673 26377 23798 21384 561 482 2579 20823 14611 11621 2459 199 99 2260 73 2228 2141 98 2043 100 9162 1030 87 67 53 3100 2135 198 1937 95 68 47 1842 1620 222 125 63 97 438 2469 115 133 265 8132 79 2414 347 60 2067 287 144 107 59 143 47 1006 902 471 410
internal_count=32176 29076 2699 2673 26377 23798 21384 561 482 2579 20823 14611 11621 2459 199 99 2260 73 2228 2141 98 2043 100 9162 1030 87 67 53 3100 2135 198 1937 95 68 47 1842 1620 222 125 63 97 438 2469 115 133 265 8132 79 2414 347 60 2067 287 144 107 59 143 47 1006 902 471 410
is_linear=0
shrinkage=0.05


Tree=109
num_leaves=63
num_cat=0
split_feature=5 8 7 32 32 28 10 32 32 31 34 33 40 2 32 32 33 23 32 37 32 32 34 2 33 35 24 9 33 32 35 38 25 33 37 18 33 33 31 35 33 31 31 24 33 35 32 34 34 23 32 35 40 34 40 24 35 31 35 34 35 40
split_gain=2.64572e+06 2.06529e+06 2.03096e+06 1.76503e+06 1.817e+06 1.55508e+06 1.56867e+06 1.56991e+06 1.45624e+06 2.2574e+06 1.91718e+06 2.07415e+06 1.8382e+06 1.41004e+06 1.35126e+06 1.34949e+06 1.68301e+06 1.3236e+06 1.3162e+06 2.36312e+06 2.17268e+06 1.25132e+06 1.83672e+06 1.38043e+06 2.42273e+06 1.71011e+06 1.62014e+06 2.0799e+06 1.75165e+06 2.33901e+06 2.03156e+06 1.39278e+06 1.35489e+06 1.6475e+06 1.24366e+06 1.23755e+06 1.54357e+06 1.79975e+06 1.21548e+06 3.40609e+06 1.20479e+06 1.20324e+06 1.45189e+06 1.19246e+06 1.24751e+06 1.29785e+06 1.17941e+06 1.17782e+06 1.28519e+06 1.10364e+06 1.65595e+06 1.64556e+06 1.34856e+06 1.09318e+06 1.07922e+06 1.07497e+06 2.00062e+06 1.7951e+06 1.30391e+06 1.29508e+06 1.92668e+06 1.46398e+06
threshold=1.0000000180025095e-35 1.0000000180025095e-35 1.0000000180025095e-35 476.25000000000006 367.85000000000008 1.0000000180025095e-35 1.0000000180025095e-35 440.45000000000005 394.35000000000008 448.25000000000006 193.95000000000002 233.15000000000003 5.5000000000000009 1.0000000180025095e-35 238.15000000000001 482.05000000000007 116.25000000000001 1.0000000180025095e-35 448.55000000000007 4.5000000000000009 483.80000000000001 414.85000000000008 488.60000000000008 1.0000000180025095e-35 303.30000000000001 806.05000000000007 1.0000000180025095e-35 1.0000000180025095e-35 423.05000000000007 304.35000000000008 967.45000000000016 1.0000000180025095e-35 1.0000000180025095e-35 494.35000000000008 3.5000000000000004 1.0000000180025095e-35 277.85000000000008 392.15000000000003 432.55000000000007 1083.5500000000002 131.65000000000001 316.35000000000008 290.35000000000008 1.0000000180025095e-35 196.95000000000002 916.25000000000011 331.75000000000006 382.75000000000006 258.25000000000006 1.0000000180025095e-35 259.05000000000007 1170.4500000000003 5.5000000000000009 193.95000000000002 1.5000000000000002 1.0000000180025095e-35 853.25000000000011 265.85000000000008 690.95000000000016 22.100000000000005 1110.2000000000003 5.5000000000000009
decision_type=2 2 2 2 2 2 2 2 2 2 2 2 2 2 2 2 2 2 2 2 2 2 2 2 2 2 2 2 2 2 2 2 2 2 2 2 2 2 2 2 2 2 2 2 2 2 2 2 2 2 2 2 2 2 2 2 2 2 2 2 2 2
left_child=1 2 5 4 35 6 18 -8 55 10 11 -10 -13 15 -4 16 -9 -16 21 43 53 22 23 32 25 -25 27 28 29 31 -30 -26 33 -1 -28 46 -37 -38 -6 -40 -27 42 -2 54 45 -45 49 48 -23 51 52 -3 -51 -21 -20 59 58 -58 -57 60 -7 -61
right_child=41 3 14 -5 38 8 7 13 9 -11 -12 12 -14 -15 17 -17 -18 -19 19 20 -22 47 -24 24 26 40 34 -29 30 -31 -32 -33 -34 -35 -36 36 37 -39 39 -41 -42 -43 -44 44 -46 -47 -48 -49 -50 50 -52 -53 -54 -55 -56 56 57 -59 -60 61 -62 -63
leaf_value=-0.23461652641661496 0.95252022106974299 -1.0787206171800778 0.32924786996908295 -7.8023134454241347 0.53785240890758101 -1.3425041875073684 -0.94161149200661198 -5.9156685012228358 -1.9860044216236628 -15.378348621507971 5.1392158480485284 -5.8452501338461174 -22.280149159608065 5.9696799018166287 2.0353099960458128 -0.50039785821387106 -18.944881950280607 7.781655400672129 -1.3897129968848341 12.665052013993265 23.063316414753597 -2.3107094152801384 14.842844726925804 1.0426662694691278 5.4034871717979165 -12.699488969225634 5.430159202814103 14.138852493762972 3.8120170665509776 17.001929103174518 -13.732570717551491 -8.1755022338458474 1.2715954181500033 -13.345869108041128 20.773119771480562 -2.776551213565174 -22.470911847628081 -3.4833834687868754 -4.1249600141279164 18.790822089419645 -1.5236727971019168 2.6027488259399387 -4.4067145921454269 -3.0636274804531691 4.6853442774878609 -17.212990835734779 -5.6922259725057165 -13.633870097723875 10.295480068524679 -5.1972497856905386 4.3246606429417929 9.7199255678388816 -18.585436813919635 -3.4865110310641203 3.1759415540366969 -4.0833430549060861 0.68826265443455092 -16.559442416826883 9.3739436290882256 0.22322059634255198 12.380110185879929 8.0278110952938313
leaf_weight=14173 1786 1761 1560 106 441 1578 1963 68 187 41 60 46 27 22 952 47 39 112 172 20 24 543 21 1374 58 38 25 40 33 31 33 28 1615 24 28 111 26 24 31 34 66 1178 136 71 36 21 156 22 21 62 30 36 27 22 523 54 22 48 27 205 26 85
leaf_count=14173 1786 1761 1560 106 441 1578 1963 68 187 41 60 46 27 22 952 47 39 112 172 20 24 543 21 1374 58 38 25 40 33 31 33 28 1615 24 28 111 26 24 31 34 66 1178 136 71 36 21 156 22 21 62 30 36 27 22 523 54 22 48 27 205 26 85
internal_value=-0.0440599 -0.192103 -0.0533233 -1.47166 -1.22666 -0.200005 -0.0632962 -1.34721 -1.40464 -4.33238 -2.91711 -4.77626 -11.9239 -5.87103 1.26631 -7.56256 -10.6646 2.64019 0.0807755 1.95926 11.0624 -0.0111178 0.0646165 0.0469493 1.37777 0.57475 5.67799 3.81042 1.55284 5.22691 -4.96028 0.982421 -0.100676 -0.256781 13.5359 -1.83969 -6.06237 -13.3569 1.47867 7.86176 -5.60714 1.34449 0.573303 1.22925 -3.20561 -6.29337 -1.51158 -2.28405 -1.84133 -1.17119 -5.83442 -0.862387 -9.25883 4.20471 2.04602 -0.887814 -4.94778 -11.1387 0.402419 -0.564131 -1.12007 2.51077
internal_weight=32176 29076 26231 2845 2739 23607 21201 2139 2406 361 320 260 73 176 2624 154 107 1064 19062 889 66 18173 17587 17566 1754 1478 276 223 183 117 66 86 15812 14197 53 2233 161 50 506 65 104 3100 1922 823 128 92 2072 586 564 1916 119 1797 89 42 695 2045 151 70 81 1894 1604 290
internal_count=32176 29076 26231 2845 2739 23607 21201 2139 2406 361 320 260 73 176 2624 154 107 1064 19062 889 66 18173 17587 17566 1754 1478 276 223 183 117 66 86 15812 14197 53 2233 161 50 506 65 104 3100 1922 823 128 92 2072 586 564 1916 119 1797 89 42 695 2045 151 70 81 1894 1604 290
is_linear=0
shrinkage=0.05


Tree=110
num_leaves=63
num_cat=0
split_feature=8 35 40 40 37 29 33 33 10 4 11 21 33 31 33 36 18 35 35 35 36 35 36 35 37 33 33 35 40 35 35 40 36 36 36 36 40 33 36 40 40 40 33 33 31 39 18 35 35 36 31 35 31 31 33 27 31 40 17 35 31 35
split_gain=2.75966e+06 2.91885e+06 3.73855e+06 7.64712e+06 8.20333e+06 2.76144e+06 2.08857e+06 4.61596e+06 4.65114e+06 2.38513e+06 2.52481e+06 5.43616e+06 2.70088e+06 4.62637e+06 1.82234e+06 1.81144e+06 2.0901e+06 2.54531e+06 1.65507e+06 1.51794e+06 1.43066e+06 1.35556e+06 1.51784e+06 1.70042e+06 1.3214e+06 1.32053e+06 1.88892e+06 1.77146e+06 1.56727e+06 1.53654e+06 1.8342e+06 1.83556e+06 1.50918e+06 1.39504e+06 1.31761e+06 2.7436e+06 1.3309e+06 1.6442e+06 1.22723e+06 1.22269e+06 2.39423e+06 1.43689e+06 1.20154e+06 2.64742e+06 1.15982e+06 2.43865e+06 1.12679e+06 1.10978e+06 1.10432e+06 1.08596e+06 1.08066e+06 1.06738e+06 1.46188e+06 1.5228e+06 1.39242e+06 1.06103e+06 1.84462e+06 1.04718e+06 1.18805e+06 1.13467e+06 958171 911959
threshold=1.0000000180025095e-35 498.35000000000008 1.0000000180025095e-35 1.5000000000000002 4.5000000000000009 1.0000000180025095e-35 25.550000000000004 111.75000000000001 1.0000000180025095e-35 1.0000000180025095e-35 1.0000000180025095e-35 1.0000000180025095e-35 373.85000000000008 265.85000000000008 0.95000000000000007 364.8250000000001 1.0000000180025095e-35 958.55000000000007 902.1500000000002 1397.9500000000003 390.78333333333336 853.25000000000011 345.05000000000013 602.95000000000016 2.5000000000000004 401.35000000000008 387.50000000000006 1110.2000000000003 5.5000000000000009 1203.6500000000003 770.85000000000025 5.5000000000000009 311.45833333333337 293.01666666666671 432.35000000000008 413.25000000000006 5.5000000000000009 436.05000000000007 211.48750000000004 3.5000000000000004 5.5000000000000009 2.5000000000000004 494.35000000000008 482.15000000000003 96.15000000000002 1.0000000180025095e-35 1.0000000180025095e-35 690.95000000000016 909.35000000000014 78.441666666666677 2.8500000000000001 685.05000000000007 54.150000000000013 173.05000000000004 343.35000000000008 1.0000000180025095e-35 267.75000000000006 4.5000000000000009 1.0000000180025095e-35 958.55000000000007 458.45000000000005 602.95000000000016
decision_type=2 2 2 2 2 2 2 2 2 2 2 2 2 2 2 2 2 2 2 2 2 2 2 2 2 2 2 2 2 2 2 2 2 2 2 2 2 2 2 2 2 2 2 2 2 2 2 2 2 2 2 2 2 2 2 2 2 2 2 2 2 2
left_child=1 14 -3 4 6 15 21 -8 9 10 11 12 13 -9 24 39 17 60 -6 25 -18 22 23 -4 -1 26 27 51 33 30 -27 -32 -33 -29 35 36 -19 -38 -13 41 57 -5 43 50 45 -43 -2 -47 -22 -16 -42 -7 -53 54 -54 -52 -57 58 -41 -60 -17 -46
right_child=46 2 3 5 18 19 7 8 -10 -11 -12 38 -14 -15 49 16 20 34 -20 -21 48 -23 -24 -25 -26 29 -28 28 -30 -31 31 32 -34 -35 -36 -37 37 -39 -40 40 42 44 -44 -45 61 47 -48 -49 -50 -51 55 52 53 -55 -56 56 -58 -59 59 -61 -62 -63
leaf_value=-0.16448880105547603 -1.1236572524664898 -0.90816898424819359 5.0167713403701786 -0.14980902330668408 15.227853693962098 0.4873030398981259 -14.678446991784234 14.919760140180589 -10.471175844241412 -2.9663806073805867 -2.6344978173573814 -7.7387647247314453 10.079797761780876 48.521151760646276 -5.2104830145030405 1.0363287198958517 2.8706506697336831 6.6653780722618112 33.67660426478232 -10.583238652774266 -2.345399491927203 20.832055577364837 -1.7857316536061907 16.633737066813879 2.0130414178265346 -7.5612092266912043 -13.553087949752808 9.5058623123168946 13.055545485631015 -6.9388871654387447 1.311786299943924 19.183288101922898 2.4955618286132815 -7.9168224317056159 20.197447399298351 -6.6909290245601118 22.068709626197816 5.2913390449855644 9.7771725308895121 0.74587219421843887 -6.7776858595439364 -2.1223877034584682 12.748468797683717 -10.287419783274332 -0.18632807644787214 8.9909659385681149 -4.7523842235063682 23.104463511246905 -16.353717847665152 -1.3608321070482463 2.2102363293505114 7.0874783209327497 -12.916007970457208 -2.5051499624361178 0.37358081605699334 3.722367527008057 -16.378855256807238 -0.9072662370077158 2.239442210727268 17.95238405227661 6.0556805933223057 4.3170306246778507
leaf_weight=15725 2747 2454 72 311 20 313 35 20 39 34 24 20 21 21 222 316 60 100 31 42 34 22 34 56 729 23 32 20 39 31 56 42 20 27 24 28 40 23 20 799 35 30 25 45 151 30 232 26 24 1048 2456 33 73 449 27 25 21 1943 27 20 136 440
leaf_count=15725 2747 2454 72 311 20 313 35 20 39 34 24 20 21 21 222 316 60 100 31 42 34 22 34 56 729 23 32 20 39 31 56 42 20 27 24 28 40 23 20 799 35 30 25 45 151 30 232 26 24 1048 2456 33 73 449 27 25 21 1943 27 20 136 440
internal_value=0.043045 0.191703 0.81894 1.29704 7.51044 0.949957 5.20063 2.06657 5.01167 8.78562 11.9568 15.39 24.6615 32.1302 -0.208867 1.3251 3.59164 4.67681 26.4418 -1.24188 -2.54232 9.18634 7.60483 10.0992 -0.0680126 -0.910798 -1.59857 -1.20862 5.64569 3.13986 5.35576 7.87347 13.8002 -0.502914 9.15525 7.76775 10.2515 15.9436 1.0192 1.0464 0.750306 2.6635 1.83966 1.73404 3.95588 9.38109 -1.40626 15.5437 -8.14195 -2.03376 1.94727 -1.86724 -3.13352 -3.74789 -9.32782 2.06932 -5.45428 -0.267965 1.20031 8.9258 2.54658 3.16643
internal_weight=32022 29043 11319 8865 469 8396 418 234 199 160 126 102 62 41 17724 7169 785 667 51 1227 118 184 162 128 16454 1185 1013 981 86 172 141 118 62 47 215 191 163 63 40 6384 5396 988 2607 2582 677 86 2979 56 58 1270 2537 895 582 549 100 2502 46 2789 846 47 452 591
internal_count=32022 29043 11319 8865 469 8396 418 234 199 160 126 102 62 41 17724 7169 785 667 51 1227 118 184 162 128 16454 1185 1013 981 86 172 141 118 62 47 215 191 163 63 40 6384 5396 988 2607 2582 677 86 2979 56 58 1270 2537 895 582 549 100 2502 46 2789 846 47 452 591
is_linear=0
shrinkage=0.05


Tree=111
num_leaves=63
num_cat=0
split_feature=9 8 32 5 31 35 29 33 32 36 32 28 24 35 32 36 32 11 35 6 35 33 35 32 39 35 31 31 32 35 36 33 33 36 33 32 33 33 29 36 35 35 35 31 32 31 33 33 39 39 35 32 35 35 36 32 32 39 32 31 6 36
split_gain=2.55769e+06 1.95825e+06 2.11465e+06 1.6937e+06 1.67816e+06 1.65374e+06 1.69754e+06 1.59637e+06 1.57016e+06 1.54927e+06 1.6123e+06 1.54636e+06 2.35975e+06 1.36979e+06 1.2737e+06 2.32152e+06 2.85659e+06 2.44061e+06 1.87097e+06 1.51742e+06 1.24308e+06 5.09829e+06 1.21359e+06 1.20478e+06 1.18774e+06 1.18584e+06 1.33597e+06 1.23508e+06 1.1844e+06 1.1792e+06 1.15303e+06 1.13456e+06 1.78083e+06 1.53274e+06 1.11951e+06 1.08989e+06 1.08645e+06 1.4116e+06 1.08419e+06 1.26226e+06 1.9177e+06 1.70147e+06 1.07149e+06 1.05408e+06 1.09254e+06 1.34854e+06 1.15339e+06 1.21338e+06 1.04842e+06 1.04317e+06 1.01224e+06 987878 1.06628e+06 982454 1.44385e+06 958089 2.38326e+06 1.29473e+06 1.95442e+06 1.14751e+06 951925 2.77718e+06
threshold=1.0000000180025095e-35 1.0000000180025095e-35 476.25000000000006 1.0000000180025095e-35 412.55000000000007 867.25000000000011 1.0000000180025095e-35 345.40000000000003 389.15000000000003 362.04166666666669 384.95000000000005 1.0000000180025095e-35 1.0000000180025095e-35 916.25000000000011 183.45000000000002 315.18333333333339 270.75000000000006 1.0000000180025095e-35 1170.4500000000003 1.0000000180025095e-35 1249.5000000000002 283.45000000000005 1203.6500000000003 335.75000000000006 1.0000000180025095e-35 1225.1500000000003 436.65000000000003 430.35000000000008 227.45000000000002 1069.4000000000003 275.04166666666669 205.35000000000005 335.05000000000007 357.02500000000003 382.80000000000001 498.25000000000006 1.0000000180025095e-35 3.9500000000000006 1.0000000180025095e-35 189.8416666666667 967.45000000000016 538.75000000000011 806.05000000000007 2.8500000000000001 335.75000000000006 328.15000000000003 382.80000000000001 102.25000000000001 1.0000000180025095e-35 1.0000000180025095e-35 825.05000000000007 25.450000000000003 511.05000000000007 987.70000000000016 340.75000000000006 356.45000000000005 329.95000000000005 1.0000000180025095e-35 406.45000000000005 181.95000000000002 1.0000000180025095e-35 298.01666666666671
decision_type=2 2 2 2 2 2 2 2 2 2 2 2 2 2 2 2 2 2 2 2 2 2 2 2 2 2 2 2 2 2 2 2 2 2 2 2 2 2 2 2 2 2 2 2 2 2 2 2 2 2 2 2 2 2 2 2 2 2 2 2 2 2
left_child=1 3 8 4 35 6 -6 20 43 38 23 13 31 -7 19 16 -16 18 49 29 24 -22 -12 -11 36 26 34 -27 -8 48 -31 -13 -33 -34 50 -1 -5 -38 -2 41 -41 -40 -30 -3 60 46 47 -46 -15 -18 -10 52 -39 -4 -55 56 -9 59 -59 -57 -45 -62
right_child=9 2 53 7 5 11 28 55 25 10 22 12 -14 14 15 -17 17 -19 -20 -21 21 -23 -24 -25 -26 27 -28 -29 42 30 -32 32 33 -35 -36 -37 37 51 39 40 -42 -43 -44 44 45 -47 -48 -49 -50 -51 -52 -53 -54 54 -56 57 -58 58 -60 -61 61 -63
leaf_value=-0.30123875482456786 1.294822292936209 -9.9910399358216182 -3.7761457577055575 0.90566802078992115 0.66124943946806614 8.2960769981808138 -1.7104717847801023 4.2548857847076453 0.10667896402474926 3.5375571769009464 6.0975556061622953 7.5842125648675962 -15.82894229888916 14.458007599058607 -13.514149235642476 4.6860890921022067 -8.2816370534896855 -12.966215640085716 11.922663508762014 -4.4162667234738668 11.038205585479737 -23.143062071005502 17.242742517500215 -5.9694080029160546 2.682750551250328 2.6857467020259183 -9.5998260728244116 18.108054463636307 -15.057493267832577 24.666901454925537 8.4115673700968436 -11.246075481526994 -3.4354540094252557 14.318419988155364 -8.353800029021043 8.7929776552951697 -15.075559308528902 -2.3704553853897821 -1.6221218143190659 4.9499706239585421 -5.9691209056438552 -20.716615751087666 -1.314677545298701 -1.4090442688188292 0.099555635452270516 -10.320018090750722 9.1131732439994817 -9.878396352767945 0.92814751678042939 3.3861324963704598 6.0435890369054652 -2.3660370676722153 13.380905360796234 -23.139022883501923 -5.5760391845703126 14.899011986905879 20.140203532805813 -14.001110693504073 3.4404293272230362 -0.48443005879720052 -0.024873683487964891 20.124210009574892
leaf_weight=19858 2372 37 51 1153 2647 135 186 257 181 229 94 43 25 21 46 244 30 27 44 24 20 24 33 39 646 34 29 21 37 20 24 34 31 20 26 33 20 21 28 83 78 20 23 1856 78 74 20 50 45 53 119 332 22 22 25 22 26 29 36 27 118 20
leaf_count=19858 2372 37 51 1153 2647 135 186 257 181 229 94 43 25 21 46 244 30 27 44 24 20 24 33 39 646 34 29 21 37 20 24 34 31 20 26 33 20 21 28 83 78 20 23 1856 78 74 20 50 45 53 119 332 22 22 25 22 26 29 36 27 118 20
internal_value=0.0408928 -0.102142 -1.36886 0.0309152 -0.103055 0.865809 0.29202 1.23334 -1.10341 1.43693 4.3531 2.78263 -1.77843 3.76138 2.70223 1.41279 -2.58063 0.685229 3.5875 6.9747 0.715008 -7.60612 8.99355 2.15408 0.881886 1.74265 0.684232 8.57426 -3.68095 9.46 15.8004 0.965812 -2.38232 3.52685 1.59907 -0.286151 0.130362 -2.13275 0.990633 -2.4617 -0.340024 -9.57816 -9.78941 -1.62134 -1.48159 -4.80888 -2.05332 -3.79808 5.2331 -0.831134 2.46165 -1.44246 5.68838 -8.58207 -13.797 4.15535 5.71431 0.28528 -4.34118 6.42242 -1.11115 2.89528
internal_weight=32022 29046 2761 26285 23650 3759 2893 2635 2663 2976 395 866 153 713 578 444 200 154 127 134 2238 44 127 268 2194 410 355 55 246 110 44 128 85 51 326 19891 1548 395 2581 209 161 48 60 2253 2216 222 148 128 66 83 300 375 43 98 47 397 283 114 65 49 1994 138
internal_count=32022 29046 2761 26285 23650 3759 2893 2635 2663 2976 395 866 153 713 578 444 200 154 127 134 2238 44 127 268 2194 410 355 55 246 110 44 128 85 51 326 19891 1548 395 2581 209 161 48 60 2253 2216 222 148 128 66 83 300 375 43 98 47 397 283 114 65 49 1994 138
is_linear=0
shrinkage=0.05


Tree=112
num_leaves=63
num_cat=0
split_feature=8 35 22 28 10 37 33 32 36 34 24 35 13 33 32 33 32 32 34 34 35 6 32 33 33 34 38 36 32 32 34 36 36 32 32 35 34 34 32 34 34 34 34 33 35 36 35 37 36 34 39 33 36 33 34 32 36 34 36 32 35 36
split_gain=2.27714e+06 2.50433e+06 3.07067e+06 2.56534e+06 2.24202e+06 2.0466e+06 2.72304e+06 1.94902e+06 1.97495e+06 1.9177e+06 1.76323e+06 1.9206e+06 2.45093e+06 1.76008e+06 1.61724e+06 1.6049e+06 1.60399e+06 1.99556e+06 2.40565e+06 1.9231e+06 1.66462e+06 1.61806e+06 1.56196e+06 2.97443e+06 1.54583e+06 2.286e+06 2.43259e+06 1.88071e+06 2.6282e+06 1.70619e+06 1.63987e+06 1.43617e+06 1.75263e+06 2.01399e+06 2.08308e+06 1.36797e+06 1.33944e+06 1.32645e+06 1.30136e+06 1.26824e+06 1.33833e+06 1.68368e+06 1.5747e+06 1.24888e+06 1.57298e+06 1.71174e+06 1.87812e+06 1.23917e+06 1.22697e+06 1.11624e+06 1.11039e+06 1.19567e+06 1.06369e+06 1.03264e+06 1.01791e+06 966170 1.10614e+06 1.15025e+06 1.10754e+06 978452 1.46675e+06 963498
threshold=1.0000000180025095e-35 511.05000000000007 1.0000000180025095e-35 1.0000000180025095e-35 1.0000000180025095e-35 4.5000000000000009 401.35000000000008 115.15000000000002 212.78750000000005 417.35000000000008 1.0000000180025095e-35 1110.2000000000003 1.0000000180025095e-35 0.95000000000000007 28.750000000000004 476.05000000000007 478.05000000000007 389.15000000000003 347.9500000000001 333.45000000000005 1044.7500000000002 1.0000000180025095e-35 187.75000000000003 420.75000000000006 439.35000000000008 415.05000000000007 1.0000000180025095e-35 382.3250000000001 376.75000000000006 430.85000000000008 137.00000000000003 298.01666666666671 379.48750000000007 424.95000000000005 450.65000000000003 800.35000000000025 266.65000000000003 410.45000000000005 492.65000000000003 386.35000000000008 302.95000000000005 273.55000000000007 230.30000000000004 382.80000000000001 1083.5500000000002 268.21666666666675 690.95000000000016 2.5000000000000004 269.82916666666671 15.750000000000002 1.0000000180025095e-35 469.35000000000008 462.72500000000008 361.75000000000006 171.45000000000002 380.65000000000003 241.15833333333336 350.25000000000006 219.77083333333334 344.65000000000003 894.95000000000016 78.441666666666677
decision_type=2 2 2 2 2 2 2 2 2 2 2 2 2 2 2 2 2 2 2 2 2 2 2 2 2 2 2 2 2 2 2 2 2 2 2 2 2 2 2 2 2 2 2 2 2 2 2 2 2 2 2 2 2 2 2 2 2 2 2 2 2 2
left_child=1 13 3 4 10 38 -7 8 -6 14 11 -3 22 47 -4 -9 17 18 19 -2 -19 -20 23 53 25 -24 -27 28 30 -30 -26 -22 33 -33 -35 -18 -8 54 43 40 41 42 -16 -5 45 46 -45 52 -11 -48 -46 -52 -1 -13 -10 59 58 -58 -57 -12 -61 -15
right_child=16 2 9 5 7 6 36 15 37 48 55 12 -14 61 39 -17 35 20 21 -21 31 -23 24 -25 27 26 -28 -29 29 -31 -32 32 -34 34 -36 -37 -38 -39 -40 -41 -42 -43 -44 44 50 -47 49 -49 -50 -51 51 -53 -54 -55 -56 56 57 -59 -60 60 -62 -63
leaf_value=-0.23199617850368992 -1.3172030606910203 1.6811757887078027 10.957668479283651 -2.1008079525927772 -0.84263866385527431 0.80153586392265719 6.7130729068409316 -1.0758649796559336 9.54211053689321 -1.7722708845138548 0.19252266608507163 8.8655644518988463 19.531972529810783 -4.9299844274179891 -1.9513416875229463 -12.435177400708199 3.0918381700913113 0.067173955617127593 -9.3742920573125748 14.256946226358416 14.371728658959979 2.8620991620150482 6.4502516409359787 20.888813781738282 -22.446935145060223 -9.568420845607541 5.4421560606089514 7.5255198073387151 14.543809361457825 -5.0493694591522216 -5.0381267393788987 -12.052552093505859 15.737819761889321 17.006936214083719 -5.2634669167654859 -10.518660958558321 24.591540126800538 20.256922845840457 -12.62360917375638 8.9535727262496945 -10.501174279696802 11.216162789386253 -14.849265401840212 -11.254381761550903 -1.4779707714489527 -8.1775836629945733 1.1784621880978954 1.9105520595836269 -17.37960505695904 13.301573717978693 12.785036403624739 -0.59282211428103249 1.71053900475915 -5.2683437635501233 -2.3022395223379135 -2.995418735321552 0.2417617977930171 -11.905095000494095 -14.418038280308247 0.45974922546973596 12.202801682419249 -1.3295486447310052
leaf_weight=15192 2219 5511 24 1083 113 148 22 1099 60 20 703 28 26 222 443 32 24 324 149 20 42 33 332 37 24 53 55 40 20 25 31 25 21 21 21 80 20 20 26 24 51 23 25 20 35 61 49 771 34 31 61 23 739 24 26 63 271 21 32 65 45 1140
leaf_count=15192 2219 5511 24 1083 113 148 22 1099 60 20 703 28 26 222 443 32 24 324 149 20 42 33 332 37 24 53 55 40 20 25 31 25 21 21 21 80 20 20 26 24 51 23 25 20 35 61 49 771 34 31 61 23 739 24 26 63 271 21 32 65 45 1140
internal_value=0.0388481 0.173886 0.769439 0.978173 1.3127 -0.87685 3.99024 -0.561269 3.75611 -2.58035 1.65429 1.99354 4.47042 -0.188081 -1.75491 -1.39726 -1.27767 -1.057 -1.62745 -1.17809 1.98496 -7.15561 3.88507 10.0526 2.93867 4.39472 -1.92415 -1.63747 -5.30266 3.65871 -12.6347 6.76466 3.13401 -0.816432 5.87173 -7.37778 15.2266 8.65856 -1.54262 -2.29395 -2.792 -1.99125 -2.64033 -1.33124 1.64534 -1.57656 2.45006 -0.0471418 -11.5991 5.87617 6.0044 9.12205 -0.141887 2.34222 5.96126 -0.100187 -2.15653 -0.631814 -6.84304 0.878663 5.26373 -1.9164
internal_weight=32022 29043 10979 10335 8756 1579 190 1350 219 644 7406 6206 695 18064 590 1131 2979 2875 2421 2239 454 182 669 89 580 440 108 140 100 45 55 130 88 67 42 104 42 106 1389 566 542 491 468 1363 280 161 100 16702 54 80 119 84 15931 52 86 1200 387 292 95 813 110 1362
internal_count=32022 29043 10979 10335 8756 1579 190 1350 219 644 7406 6206 695 18064 590 1131 2979 2875 2421 2239 454 182 669 89 580 440 108 140 100 45 55 130 88 67 42 104 42 106 1389 566 542 491 468 1363 280 161 100 16702 54 80 119 84 15931 52 86 1200 387 292 95 813 110 1362
is_linear=0
shrinkage=0.05


Tree=113
num_leaves=63
num_cat=0
split_feature=40 40 33 34 33 33 33 34 31 33 32 33 31 40 40 40 33 33 31 34 36 32 31 21 32 10 32 36 32 34 33 34 34 34 11 34 33 33 36 34 34 33 33 33 6 33 24 33 29 36 33 33 31 31 32 33 33 33 31 33 36 31
split_gain=2.42414e+06 6.59244e+06 2.69592e+06 2.88339e+06 3.31484e+06 2.2174e+06 2.85186e+06 2.75548e+06 3.72675e+06 2.12623e+06 1.89652e+06 2.03497e+06 2.02334e+06 1.83125e+06 5.15356e+06 2.56137e+06 1.91829e+06 1.6611e+06 1.86954e+06 4.2047e+06 2.22466e+06 1.99165e+06 1.72299e+06 1.53256e+06 1.50816e+06 1.49759e+06 1.43713e+06 3.30862e+06 1.6159e+06 4.7862e+06 5.0582e+06 3.76171e+06 4.11691e+06 3.93075e+06 5.53156e+06 4.45719e+06 2.54758e+06 3.65471e+06 2.4701e+06 2.37409e+06 2.46966e+06 3.67153e+06 1.93541e+06 2.01527e+06 1.92587e+06 2.39221e+06 3.7096e+06 1.9538e+06 1.76592e+06 2.37998e+06 1.88104e+06 1.71047e+06 1.66697e+06 1.59872e+06 2.32276e+06 2.08933e+06 2.05117e+06 1.57348e+06 1.55085e+06 1.48722e+06 1.44265e+06 1.41199e+06
threshold=1.0000000180025095e-35 1.5000000000000002 111.75000000000001 415.05000000000007 215.45000000000002 335.05000000000007 465.45000000000005 1.0500000000000003 306.25000000000006 81.050000000000011 372.55000000000007 55.850000000000001 424.35000000000008 3.5000000000000004 2.5000000000000004 5.5000000000000009 494.35000000000008 390.05000000000007 292.25000000000006 112.60000000000001 259.61250000000007 227.45000000000002 456.45000000000005 1.0000000180025095e-35 374.65000000000003 1.0000000180025095e-35 495.05000000000007 318.92500000000001 244.65000000000001 443.30000000000001 339.05000000000007 354.95000000000005 324.25000000000006 258.25000000000006 1.0000000180025095e-35 237.15000000000001 194.55000000000004 274.45000000000005 278.07083333333338 478.50000000000006 370.45000000000005 416.75000000000006 119.55000000000001 347.55000000000007 1.0000000180025095e-35 343.35000000000008 1.0000000180025095e-35 3.0500000000000003 1.0000000180025095e-35 349.91250000000008 373.85000000000008 471.15000000000003 221.95000000000002 440.85000000000008 191.75000000000003 81.050000000000011 436.05000000000007 429.05000000000007 353.75000000000006 201.35000000000005 294.5125000000001 326.15000000000003
decision_type=2 2 2 2 2 2 2 2 2 2 2 2 2 2 2 2 2 2 2 2 2 2 2 2 2 2 2 2 2 2 2 2 2 2 2 2 2 2 2 2 2 2 2 2 2 2 2 2 2 2 2 2 2 2 2 2 2 2 2 2 2 2
left_child=-1 2 9 4 24 -6 7 8 -7 10 11 -2 23 14 -3 25 26 22 20 -20 21 -19 -16 -12 61 -15 28 -28 39 31 -31 32 33 35 38 44 52 -38 -35 40 53 42 -42 -44 48 46 47 -46 51 50 59 57 -33 -17 56 -56 -55 -30 -49 -50 -59 -4
right_child=1 13 3 -5 5 6 -8 -9 -10 -11 12 -13 -14 15 17 16 -18 18 19 -21 -22 -23 -24 -25 -26 -27 27 -29 29 30 -32 36 -34 34 -36 -37 37 -39 -40 -41 41 -43 43 -45 45 -47 -48 58 49 -51 -52 -53 -54 54 55 -57 -58 60 -60 -61 -62 -63
leaf_value=-0.86528525517852928 2.321378563596372 -1.473618017066195 18.348546252931868 22.108756354547317 -2.829534291713796 8.7526523907979321 -6.6917887087221501 0.99697810581752244 36.105418262481692 -13.767730839252472 0.80769681476411359 -12.124316719055177 22.672889091855005 -0.51925864721874126 1.5974076225067995 -0.19065608426894434 10.17758288961649 1.4923430800437929 3.7963796811226089 30.395644529660544 -6.5081137908132449 21.308968775612968 6.4841969768817611 13.419484488169353 27.008587265014651 -2.6394312817696788 1.8735925443244703 -23.899090061187746 1.4595968684461864 -21.368646505143911 8.3496452604021343 30.378593671889533 -16.762939677699919 13.135257694639009 -8.2134764171781995 -16.472029162815641 -13.080399904251099 13.208666510459706 35.97605226516724 12.641467604766021 5.285206200859764 -25.306881176341665 -12.257638237417723 6.0317718982696533 0.85881789985931278 14.486768647602625 -15.215481567382813 6.6248066427694132 0.14099355247450171 -12.10432028328931 10.59549641753688 -8.4661309809911813 10.89418248715608 1.0461038370255042 4.3682133951494775 25.096462736129762 17.27371332168579 2.2258430772357518 20.523653284861492 -9.5849835474903777 16.699135046294241 1.6288686005965525
leaf_weight=6041 982 1388 28 31 94 33 27 35 20 20 63 25 21 9081 2405 6366 50 32 39 24 38 21 195 39 20 917 33 20 1874 45 21 21 31 29 21 35 20 39 20 37 44 22 61 20 132 56 25 88 161 54 33 42 23 739 31 20 20 36 26 52 33 23
leaf_count=6041 982 1388 28 31 94 33 27 35 20 20 63 25 21 9081 2405 6366 50 32 39 24 38 21 195 39 20 917 33 20 1874 45 21 21 31 29 21 35 20 39 20 37 44 22 61 20 132 56 25 88 161 54 33 42 23 739 31 20 20 36 26 52 33 23
internal_value=0.0369057 0.24668 3.50955 7.63972 6.03779 2.86692 7.52315 11.8845 19.0745 2.39261 2.67864 1.96275 8.53964 0.0522645 1.01069 -0.142544 0.407609 2.26277 7.30837 13.9294 2.72456 9.34421 1.96392 5.62985 15.3718 -0.713717 0.36032 -7.85195 0.402671 1.39857 -11.9128 1.70673 1.35511 1.56183 13.2566 1.25256 11.0878 4.29712 22.458 0.00796518 -0.0558665 -6.47131 -3.15625 -7.74173 1.49006 5.079 3.13496 4.99985 0.976459 -2.599 -0.512471 1.51683 20.1936 0.0755535 2.16776 12.4969 1.47371 1.73262 9.79472 -2.23342 9.14785 10.8083
internal_weight=32022 25981 1461 311 280 209 115 88 53 1150 1130 1007 123 24520 4142 20378 10380 2754 154 63 91 53 2600 102 71 9998 10330 53 10277 2917 66 2851 2748 2717 70 2647 103 59 49 7360 7323 147 125 81 2612 327 271 246 2285 300 246 1985 44 7176 810 51 759 1943 114 213 69 51
internal_count=32022 25981 1461 311 280 209 115 88 53 1150 1130 1007 123 24520 4142 20378 10380 2754 154 63 91 53 2600 102 71 9998 10330 53 10277 2917 66 2851 2748 2717 70 2647 103 59 49 7360 7323 147 125 81 2612 327 271 246 2285 300 246 1985 44 7176 810 51 759 1943 114 213 69 51
is_linear=0
shrinkage=0.05


Tree=114
num_leaves=63
num_cat=0
split_feature=8 29 32 18 31 33 28 33 33 34 33 36 31 33 32 32 34 34 6 32 7 34 28 33 33 33 33 31 34 33 32 34 1 28 34 31 33 32 36 33 34 34 34 18 33 28 36 32 34 34 32 28 25 31 36 32 36 33 32 32 4 33
split_gain=2.0602e+06 2.12177e+06 2.8777e+06 2.49186e+06 1.97531e+06 1.66547e+06 1.72629e+06 1.85024e+06 1.54512e+06 1.42913e+06 3.35849e+06 2.12513e+06 1.46465e+06 1.77406e+06 1.42857e+06 1.84543e+06 2.13106e+06 1.72215e+06 1.43317e+06 1.40503e+06 1.74136e+06 1.38458e+06 1.3233e+06 1.30897e+06 1.34326e+06 1.79097e+06 1.61031e+06 1.50845e+06 1.4476e+06 2.328e+06 2.33012e+06 1.28989e+06 1.24705e+06 1.4169e+06 1.9462e+06 1.22034e+06 1.75316e+06 1.21816e+06 1.74532e+06 1.20273e+06 1.20025e+06 1.17705e+06 1.91094e+06 1.29377e+06 1.1623e+06 1.14393e+06 1.87815e+06 1.12183e+06 1.11116e+06 1.11067e+06 1.10923e+06 1.45139e+06 1.5231e+06 1.31391e+06 1.10408e+06 4.80854e+06 3.5269e+06 1.25173e+06 1.10237e+06 2.42997e+06 1.08718e+06 1.242e+06
threshold=1.0000000180025095e-35 1.0000000180025095e-35 306.25000000000006 1.0000000180025095e-35 310.25000000000006 345.40000000000003 1.0000000180025095e-35 363.85000000000008 402.75000000000006 426.25000000000006 459.35000000000008 318.92500000000001 450.45000000000005 472.55000000000007 476.25000000000006 389.15000000000003 347.9500000000001 333.45000000000005 1.0000000180025095e-35 478.05000000000007 1.0000000180025095e-35 312.75000000000006 1.0000000180025095e-35 323.05000000000007 199.45000000000002 228.45000000000002 253.25000000000003 412.55000000000007 273.55000000000007 19.750000000000004 433.05000000000007 461.10000000000008 1.0000000180025095e-35 1.0000000180025095e-35 271.35000000000008 288.25000000000006 439.35000000000008 203.00000000000003 244.65833333333336 343.35000000000008 227.45000000000002 483.45000000000005 441.85000000000008 1.0000000180025095e-35 376.2000000000001 1.0000000180025095e-35 323.02500000000003 362.45000000000005 323.15000000000003 421.25000000000006 372.55000000000007 1.0000000180025095e-35 1.0000000180025095e-35 438.65000000000003 313.22500000000008 384.95000000000005 359.52500000000003 429.05000000000007 389.15000000000003 444.35000000000008 1.0000000180025095e-35 355.45000000000005
decision_type=2 2 2 2 2 2 2 2 2 2 2 2 2 2 2 2 2 2 2 2 2 2 2 2 2 2 2 2 2 2 2 2 2 2 2 2 2 2 2 2 2 2 2 2 2 2 2 2 2 2 2 2 2 2 2 2 2 2 2 2 2 2
left_child=1 2 9 4 31 19 7 -7 -3 12 11 41 49 45 15 16 17 -2 -18 23 -21 60 -5 24 27 -26 -27 -6 29 50 -31 32 33 34 -4 36 44 40 -39 -16 -10 42 -11 -44 -35 -14 -47 -8 -36 -1 53 52 -52 -29 55 -9 -56 -58 -50 -60 61 -17
right_child=14 8 3 22 5 6 47 54 37 10 -12 -13 13 -15 39 21 18 -19 -20 20 -22 -23 -24 -25 25 26 -28 28 -30 30 -32 -33 -34 35 48 -37 -38 38 -40 -41 -42 -43 43 -45 -46 46 -48 -49 58 -51 51 -53 -54 -55 56 -57 57 -59 59 -61 -62 -63
leaf_value=-0.13475753829125267 -1.2539410948986713 -1.5450583846976547 1.3912171155956328 -0.61962159948752216 -0.34657452978473502 16.963672837257388 22.552392271290657 -7.9945421630685987 3.4730340021627919 10.400246280670167 22.809676726659141 -10.04380519911647 1.8842809770196447 -13.135771083831788 -3.8367057831147138 0.5705214014116502 -8.8364152024256306 13.484051480293274 2.6796693686283 4.3470895213599237 17.35719512970217 10.169873986036883 -7.4564117561412759 -7.2796965021836133 15.150694327127367 -4.6786210808643078 6.9274896228876051 8.8032627125581104 15.766167668933456 0.52879123218723989 -18.146608776631563 -8.2857914705534252 -4.3526503178152707 -0.64744313357344019 14.313026051695756 -11.006793568211217 13.008727676218207 12.336163100329314 -3.0568454620057501 -15.9502492763378 15.481758261578424 11.38819528905357 -3.4824799135190632 8.5669680561338151 -10.952843923568727 -8.2842731199766462 2.0563812237519485 9.1223390901461254 10.791598589475766 -11.64003522963751 6.8715539533861225 -3.555248763731548 20.4075041487813 -1.6749732152773786 -14.377412781119347 24.367710248629251 -1.2047985059022903 11.083721278174671 -8.9555952534531098 10.706201515197755 -6.920698253925031 8.5020278833680241
leaf_weight=18720 2219 2464 2327 680 546 25 23 22 81 50 21 32 1681 21 85 302 149 20 33 151 31 46 79 38 42 43 98 42 23 61 23 37 101 311 41 31 22 22 113 27 28 41 109 28 30 76 104 48 43 21 155 28 24 104 32 24 40 43 33 30 39 59
leaf_count=18720 2219 2464 2327 680 546 25 23 22 81 50 21 32 1681 21 85 302 149 20 33 151 31 46 79 38 42 43 98 42 23 61 23 37 101 311 41 31 22 22 113 27 28 41 109 28 30 76 104 48 43 21 155 28 24 104 32 24 40 43 33 30 39 59
internal_value=0.0350604 0.163505 0.300547 1.32597 1.75765 3.13865 6.84025 4.30843 -1.16922 0.0341369 3.57585 2.02235 -0.014121 1.31556 -1.21717 -1.00076 -1.54523 -1.12229 -6.74833 2.46348 6.5631 1.95476 -1.33122 1.85538 2.14734 6.08766 3.38804 1.43056 3.53993 2.89645 -4.58471 0.992261 1.10788 1.30018 1.74369 -1.48467 -0.671482 2.62614 -0.548355 -6.75694 6.55784 3.71585 2.03367 -1.01982 -1.55408 1.47863 -2.30967 13.4729 7.32329 -0.14765 4.67667 7.03055 8.68643 1.33931 2.34333 8.89011 -0.275384 5.16154 4.61972 0.407165 1.01002 1.86681
internal_weight=32022 29043 26335 5431 4672 1666 257 186 2708 20904 281 260 20623 1882 2979 2867 2421 2239 182 1409 182 446 759 1227 1189 183 141 1006 460 437 84 3006 2969 2868 2474 394 363 244 135 112 109 228 187 137 341 1861 180 71 147 18741 353 207 179 146 161 46 115 83 106 63 400 361
internal_count=32022 29043 26335 5431 4672 1666 257 186 2708 20904 281 260 20623 1882 2979 2867 2421 2239 182 1409 182 446 759 1227 1189 183 141 1006 460 437 84 3006 2969 2868 2474 394 363 244 135 112 109 228 187 137 341 1861 180 71 147 18741 353 207 179 146 161 46 115 83 106 63 400 361
is_linear=0
shrinkage=0.05


Tree=115
num_leaves=63
num_cat=0
split_feature=24 25 34 34 32 6 31 31 2 10 32 31 33 34 34 33 38 32 32 34 34 34 31 33 32 31 38 31 21 34 31 32 33 33 18 32 29 34 33 32 31 32 33 32 31 11 32 32 33 31 34 31 33 32 31 32 33 32 11 33 34 11
split_gain=2.48533e+06 2.42105e+06 1.82961e+06 1.81431e+06 3.4488e+06 1.66622e+06 1.60828e+06 1.60604e+06 1.32863e+06 1.31499e+06 1.60984e+06 1.28411e+06 1.21162e+06 1.16184e+06 1.1182e+06 2.39942e+06 4.24646e+06 1.0772e+06 1.33567e+06 1.05239e+06 3.39762e+06 1.33015e+06 1.30964e+06 1.73839e+06 1.05043e+06 1.04803e+06 1.04147e+06 1.00483e+06 1.26218e+06 1.61197e+06 1.38179e+06 1.45778e+06 1.45764e+06 1.11678e+06 1.27605e+06 1.69049e+06 1.17227e+06 1.59691e+06 1.08978e+06 1.66361e+06 1.22643e+06 1.02782e+06 2.43346e+06 1.87932e+06 1.25723e+06 2.01458e+06 1.18123e+06 1.15413e+06 1.10894e+06 1.04035e+06 969840 1.12746e+06 954336 925177 907736 906559 901575 891372 916506 889318 1.079e+06 881049
threshold=1.0000000180025095e-35 1.0000000180025095e-35 486.75000000000006 363.2000000000001 56.050000000000004 1.0000000180025095e-35 168.75000000000003 488.35000000000008 1.0000000180025095e-35 1.0000000180025095e-35 420.85000000000008 484.75000000000006 472.55000000000007 331.45000000000005 450.80000000000001 378.05000000000007 1.0000000180025095e-35 424.95000000000005 454.55000000000007 378.85000000000008 262.45000000000005 237.15000000000001 372.45000000000005 399.55000000000007 408.75000000000006 481.05000000000007 1.0000000180025095e-35 460.75000000000006 1.0000000180025095e-35 424.75000000000006 11.550000000000002 491.15000000000003 19.750000000000004 494.35000000000008 1.0000000180025095e-35 422.85000000000008 1.0000000180025095e-35 338.65000000000003 239.35000000000005 376.75000000000006 186.05000000000004 390.65000000000003 392.15000000000003 485.65000000000003 328.15000000000003 1.0000000180025095e-35 352.45000000000005 491.15000000000003 420.75000000000006 217.85000000000005 12.15 251.25000000000003 277.85000000000008 434.75000000000006 353.75000000000006 416.95000000000005 136.15000000000001 288.55000000000007 1.0000000180025095e-35 401.35000000000008 51.45000000000001 1.0000000180025095e-35
decision_type=2 2 2 2 2 2 2 2 2 2 2 2 2 2 2 2 2 2 2 2 2 2 2 2 2 2 2 2 2 2 2 2 2 2 2 2 2 2 2 2 2 2 2 2 2 2 2 2 2 2 2 2 2 2 2 2 2 2 2 2 2 2
left_child=1 5 7 6 -5 8 13 11 14 19 -11 12 25 61 27 57 -17 24 -19 20 21 -10 23 -21 -8 -2 -22 28 29 33 55 -32 -33 34 36 38 41 -38 50 40 -40 46 43 44 -43 -46 -1 -45 -44 -50 -36 -52 -6 -37 -49 -30 -26 58 -16 -29 -61 -3
right_child=2 3 -4 4 52 -7 17 -9 9 10 -12 -13 -14 -15 15 16 -18 18 -20 22 26 -23 -24 -25 56 -27 -28 59 30 -31 31 32 -34 -35 35 53 37 -39 39 -41 -42 42 48 47 45 -47 -48 54 49 -51 51 -53 -54 -55 -56 -57 -58 -59 -60 60 -62 -63
leaf_value=-0.37347138830182031 -0.94968782366502613 -0.73632888497554305 -16.498561291694642 -9.6403188879673305 6.2069688908755785 1.1802971921947703 1.8486517488081071 -8.7518314314560168 1.2195431244447754 -5.3316605815833267 6.040601358658229 10.627880936601889 -6.9756084740831614 -12.486833989620209 6.8251707012370488 29.326166165958753 -1.4004220464955206 11.346271342626125 2.6456854850950098 4.5447563378316058 15.247114935788241 -10.384388037443161 -12.914425904410226 -12.75547956466675 0.42692238235473634 -10.849586096516362 4.483416231055009 1.155833962193076 -1.6445145049299315 -9.1487598282950255 0.53973907397850318 1.618340235286289 19.182350244976227 10.127684450149538 -1.2766799773090385 -16.74022304578261 -1.6171694499025311 -13.279922075271607 -1.5090124855146689 6.1850787228551409 -10.112195146308757 0.21353596995178337 20.246345310211183 -11.713291239208646 7.5921601387262347 -5.2963868467431325 -3.4979754197673922 2.8640348118405008 13.710839541753135 -0.86328940868377702 -1.3876619517803193 11.891538152387065 15.062130053290005 -5.532981204986573 -10.029465852081778 3.0837785279428638 -13.815771560668948 -4.8436608731746675 -4.9415269022402555 -0.23838914603721806 -14.175593612307594 5.6523078721145108
leaf_weight=9924 2706 776 20 26 64 2497 1515 71 2032 154 39 23 89 20 59 22 23 66 133 53 55 25 28 20 25 27 38 1451 1169 56 4229 27 21 24 1170 22 1356 30 68 29 106 518 20 45 150 38 312 43 24 25 33 31 58 113 20 111 20 52 23 41 21 58
leaf_count=9924 2706 776 20 26 64 2497 1515 71 2032 154 39 23 89 20 59 22 23 66 133 53 55 25 28 20 25 27 38 1451 1169 56 4229 27 21 24 1170 22 1356 30 68 29 106 518 20 45 150 38 312 43 24 25 33 31 58 113 20 111 20 52 23 41 21 58
internal_value=-0.0408032 0.0990461 -1.42729 1.50768 6.89325 -0.0485697 1.20264 -1.32392 -0.177227 0.927222 -3.03364 -1.13855 -1.23445 -0.577628 -0.303326 3.63199 13.6215 2.06697 5.53131 1.26682 1.50115 1.07851 -3.7212 -0.195034 1.62504 -1.04749 10.849 -0.336511 -0.431814 -0.68247 0.206756 0.638083 9.30259 -0.648847 -0.66722 -2.00987 -0.498435 -1.86961 -1.50731 -4.90216 -6.75003 -0.327516 1.30922 0.545011 1.48466 4.98703 -0.468708 -5.59754 10.3247 6.27506 -0.948842 5.04445 10.4168 -7.35935 -1.22914 -1.23448 -5.90316 0.27731 3.52476 0.905257 -4.95906 -0.292035
internal_weight=32044 29108 2936 2761 148 26347 2613 2916 23850 2444 193 2845 2822 854 21406 179 45 1759 199 2251 2150 2057 101 73 1560 2733 93 21227 19714 14157 5557 4277 48 14101 14077 1572 12505 1386 1437 203 174 11119 883 814 706 188 10236 108 69 49 1234 64 122 135 63 1280 45 134 82 1513 62 834
internal_count=32044 29108 2936 2761 148 26347 2613 2916 23850 2444 193 2845 2822 854 21406 179 45 1759 199 2251 2150 2057 101 73 1560 2733 93 21227 19714 14157 5557 4277 48 14101 14077 1572 12505 1386 1437 203 174 11119 883 814 706 188 10236 108 69 49 1234 64 122 135 63 1280 45 134 82 1513 62 834
is_linear=0
shrinkage=0.05


Tree=116
num_leaves=63
num_cat=0
split_feature=24 31 34 18 29 32 31 35 31 10 34 31 32 35 34 34 32 32 34 6 34 22 32 35 32 32 31 35 37 8 34 34 21 7 31 32 32 23 6 38 32 31 31 23 38 32 31 38 31 32 39 32 31 31 32 28 32 8 32 35 35 32
split_gain=2.24301e+06 1.73599e+06 1.65122e+06 1.47998e+06 2.00109e+06 2.28953e+06 1.52552e+06 3.05297e+06 1.44945e+06 1.29729e+06 1.26947e+06 1.15891e+06 1.14954e+06 3.0934e+06 1.14619e+06 3.92162e+06 1.12705e+06 1.43114e+06 1.10125e+06 2.74411e+06 4.98378e+06 1.38592e+06 1.10016e+06 2.19224e+06 1.57344e+06 1.22001e+06 2.26016e+06 1.61857e+06 1.13115e+06 1.0932e+06 1.09431e+06 1.42868e+06 1.6508e+06 1.06395e+06 1.60471e+06 1.49121e+06 2.62087e+06 1.57058e+06 1.03842e+06 1.00163e+06 1.00162e+06 937541 2.25213e+06 1.67031e+06 1.06909e+06 1.21624e+06 915117 905683 904351 1.28072e+06 1.23134e+06 1.12643e+06 1.05965e+06 1.19373e+06 871558 2.01107e+06 873188 1.82642e+06 1.27289e+06 1.48582e+06 1.22862e+06 861519
threshold=1.0000000180025095e-35 168.75000000000003 486.75000000000006 1.0000000180025095e-35 1.0000000180025095e-35 306.25000000000006 442.85000000000008 1096.7500000000002 488.35000000000008 1.0000000180025095e-35 384.80000000000001 484.75000000000006 187.75000000000003 1140.1000000000001 273.55000000000007 213.65000000000001 98.350000000000009 6.2500000000000009 361.05000000000007 1.0000000180025095e-35 440.00000000000006 1.0000000180025095e-35 364.45000000000005 707.6500000000002 333.65000000000003 257.15000000000003 432.55000000000007 1069.4000000000003 4.5000000000000009 1.0000000180025095e-35 387.95000000000005 457.65000000000003 1.0000000180025095e-35 1.0000000180025095e-35 193.85000000000005 472.65000000000003 485.65000000000003 1.0000000180025095e-35 1.0000000180025095e-35 1.0000000180025095e-35 143.55000000000004 442.85000000000008 424.35000000000008 1.0000000180025095e-35 1.0000000180025095e-35 242.55000000000004 269.85000000000008 1.0000000180025095e-35 422.05000000000007 454.55000000000007 1.0000000180025095e-35 466.85000000000008 438.65000000000003 428.45000000000005 348.35000000000008 1.0000000180025095e-35 247.15000000000001 1.0000000180025095e-35 278.65000000000003 909.35000000000014 860.05000000000007 315.85000000000008
decision_type=2 2 2 2 2 2 2 2 2 2 2 2 2 2 2 2 2 2 2 2 2 2 2 2 2 2 2 2 2 2 2 2 2 2 2 2 2 2 2 2 2 2 2 2 2 2 2 2 2 2 2 2 2 2 2 2 2 2 2 2 2 2
left_child=1 -1 8 4 5 9 54 -8 11 18 33 41 13 14 15 40 17 -11 47 21 -21 29 23 61 25 -25 27 -27 -24 30 -20 32 -32 48 -35 37 -37 38 -36 -12 -6 42 -2 44 45 -43 -19 -3 -7 50 -50 -51 53 -52 56 -56 57 -5 59 -58 -59 -14
right_child=2 3 -4 6 12 10 7 -9 -10 16 39 -13 22 -15 -16 -17 -18 46 19 20 -22 -23 28 24 -26 26 -28 -29 -30 -31 31 -33 -34 34 35 36 -38 -39 -40 -41 -42 43 -44 -45 -46 -47 -48 -49 49 51 52 -53 -54 -55 55 -57 58 60 -60 -61 -62 -63
leaf_value=-0.40813173425622601 -1.1933345236506583 0.71110876902629183 -15.673633189201354 -1.0000303404918192 -1.2741096942352839 0.81401668283453155 -0.3716978255440207 11.287499269180827 -8.3142398773889319 -1.3280240438063862 12.18829537045281 10.096487514966208 -1.4837573954794143 15.145596983938507 -10.055280161698661 20.2507515243862 -3.1432004348763307 -1.9327323097449083 15.526428676786878 32.127766999331385 -1.5275053132664074 -11.140324597358704 -1.2441150856345988 -9.2719061903807596 -15.003708854675294 -1.6879795444422756 -12.34641949244908 13.751135245338084 9.2510080217250756 -5.8015614449977875 -9.7948622639973966 12.239868911107381 7.2468287927133064 14.606672284097383 1.7972427355242777 21.648039494987046 0.99089205159860505 11.537958497750132 -7.2132914170622833 2.7553250698248544 4.6211692649871114 -3.7542416181775837 6.2836461739313041 9.0699630791490744 2.972164339730234 -11.924397773378425 5.8275179485902724 -0.62784994288315987 1.4121704960606762 -9.2561900994356954 5.7750187958989834 1.7383894501505672 4.9678609500980118 20.653376535268933 -2.3788063923335585 -14.126194505575228 2.9374017442356459 -4.3252867230347229 -0.63154595797522028 18.851673500537874 -18.325069717407228 7.5284934332876494
leaf_weight=10814 2466 8966 20 925 725 1818 255 72 71 503 53 23 135 33 30 23 446 52 21 22 22 20 309 98 50 58 35 24 28 28 30 27 27 33 286 28 34 38 36 60 80 124 105 22 33 72 141 1470 194 34 28 74 183 26 327 41 55 42 171 20 25 33
leaf_count=10814 2466 8966 20 925 725 1818 255 72 71 503 53 23 135 33 30 23 446 52 21 22 22 20 309 98 50 58 35 24 28 28 30 27 27 33 286 28 34 38 36 60 80 124 105 22 33 72 141 1470 194 34 28 74 183 26 327 41 55 42 171 20 25 33
internal_value=-0.038763 0.0940938 -1.35593 0.390971 0.545551 0.731428 -0.917407 2.19546 -1.25773 0.420423 1.98342 -1.08162 -1.09947 0.123319 -0.45446 -0.106605 -1.18099 0.0764107 0.592417 4.29597 15.3001 1.13137 -2.51442 -4.18175 -7.01446 -5.1565 -1.7094 2.83079 -0.372117 2.97674 5.31762 2.76542 -1.72248 1.77461 3.9882 3.15785 10.3199 1.92438 0.789854 7.17964 -0.688243 -1.17273 -0.887974 -4.08949 -5.35372 -6.75552 3.73667 0.522505 1.3473 3.14601 4.36605 -1.72287 6.784 12.9387 -1.55122 -3.68762 -0.916172 -1.57744 1.75039 7.18121 -9.54909 0.286506
internal_weight=32044 29108 2936 18294 16361 14700 1933 327 2916 11775 2925 2845 1661 891 858 828 1142 696 10633 197 44 153 770 433 265 215 117 82 337 133 105 84 57 2812 455 422 62 360 322 113 805 2822 2571 251 229 196 193 10436 2357 539 431 108 237 54 1606 368 1238 992 246 75 67 168
internal_count=32044 29108 2936 18294 16361 14700 1933 327 2916 11775 2925 2845 1661 891 858 828 1142 696 10633 197 44 153 770 433 265 215 117 82 337 133 105 84 57 2812 455 422 62 360 322 113 805 2822 2571 251 229 196 193 10436 2357 539 431 108 237 54 1606 368 1238 992 246 75 67 168
is_linear=0
shrinkage=0.05


Tree=117
num_leaves=63
num_cat=0
split_feature=25 24 34 6 33 33 36 35 36 37 33 8 36 33 36 36 40 35 36 34 9 28 11 32 33 40 33 32 28 40 40 33 32 36 33 2 5 33 33 33 32 35 35 34 35 34 34 33 34 33 36 2 32 35 12 5 36 35 36 33 21 2
split_gain=2.07284e+06 1.54294e+06 1.6519e+06 1.47773e+06 1.45528e+06 1.66736e+06 1.41588e+06 2.05449e+06 1.23081e+06 1.33e+06 1.48322e+06 1.96986e+06 1.73311e+06 1.87005e+06 1.43997e+06 2.85758e+06 1.58168e+06 1.31429e+06 1.27112e+06 1.28671e+06 2.35791e+06 1.21413e+06 1.1984e+06 1.57564e+06 1.83574e+06 1.56665e+06 1.79268e+06 1.4287e+06 2.37417e+06 1.73741e+06 1.42201e+06 1.17581e+06 1.81608e+06 1.90282e+06 1.3197e+06 1.31762e+06 1.12921e+06 1.94743e+06 1.12565e+06 2.06934e+06 1.19449e+06 1.12332e+06 1.06084e+06 1.01787e+06 969328 1.64788e+06 1.2147e+06 1.23061e+06 1.76695e+06 1.3033e+06 944970 1.86654e+06 1.24876e+06 908348 870685 850185 1.57542e+06 1.16619e+06 838862 1.29068e+06 982807 1.64353e+06
threshold=1.0000000180025095e-35 1.0000000180025095e-35 480.2000000000001 1.0000000180025095e-35 472.55000000000007 457.35000000000008 233.41666666666669 1032.6500000000003 376.6375000000001 4.5000000000000009 414.65000000000003 1.0000000180025095e-35 279.41250000000008 485.45000000000005 336.48750000000007 294.5125000000001 5.5000000000000009 1083.5500000000002 359.52500000000003 232.95000000000002 1.0000000180025095e-35 1.0000000180025095e-35 1.0000000180025095e-35 422.85000000000008 379.65000000000003 1.0000000180025095e-35 361.75000000000006 362.45000000000005 1.0000000180025095e-35 3.5000000000000004 5.5000000000000009 13.65 474.15000000000003 167.7416666666667 131.65000000000001 1.0000000180025095e-35 1.0000000180025095e-35 187.75000000000003 148.35000000000005 116.25000000000001 168.15000000000001 463.85000000000008 1313.1500000000003 167.95000000000002 1187.8500000000001 219.65000000000001 472.75000000000006 367.75000000000006 308.30000000000001 194.55000000000004 296.12500000000006 1.0000000180025095e-35 382.75000000000006 717.95000000000016 1.0000000180025095e-35 1.0000000180025095e-35 218.61250000000004 949.45000000000016 248.08750000000001 387.50000000000006 1.0000000180025095e-35 1.0000000180025095e-35
decision_type=2 2 2 2 2 2 2 2 2 2 2 2 2 2 2 2 2 2 2 2 2 2 2 2 2 2 2 2 2 2 2 2 2 2 2 2 2 2 2 2 2 2 2 2 2 2 2 2 2 2 2 2 2 2 2 2 2 2 2 2 2 2
left_child=1 3 4 8 5 42 7 -5 9 10 21 12 -12 18 15 16 -13 -15 19 20 50 44 25 24 43 -11 31 28 29 -28 -31 -27 33 38 -35 55 -8 53 39 54 -40 -10 -3 -24 -1 -46 47 48 -47 -50 -14 52 -52 -38 -33 56 57 -36 59 60 -2 -62
right_child=58 2 -4 6 -6 -7 36 -9 41 22 11 14 13 17 -16 -17 -18 -19 -20 -21 -22 -23 23 -25 -26 26 27 -29 -30 30 -32 32 -34 34 35 -37 37 -39 40 -41 -42 -43 -44 -45 45 46 -48 -49 49 -51 51 -53 -54 -55 -56 -57 -58 -59 -60 -61 61 -63
leaf_value=-0.2136616259770866 -0.00059764902372867019 -1.2886010643386607 -13.60634721826624 0.18232155882384538 -7.6946344277944903 9.1603745484352128 1.7832616754696984 -14.026965739176825 -0.10873899799116359 -2.0077598891836224 0.96873175653798338 -5.4023175656795503 -1.1197666157123656 -3.3862459889164676 -19.405247460240904 7.5451667817433679 -19.879108034331225 12.523568352222442 3.3535456283887228 0.086276901335943318 -24.556704322151518 -1.5492738315103356 -9.9322993212276032 8.9162174971207335 -18.011760732401974 10.533718332563128 18.872674018144608 -0.45858970502527746 23.777699327468873 -1.6682395598467659 11.41910073689052 -0.26637774876185827 14.305725095669429 -9.5718983987282069 -9.8744951338995079 7.9626431174138022 7.319910847622416 12.551537272111695 -6.4230951844192141 21.825187570452691 6.1528997911725725 1.8604329058064728 5.2807800048873546 1.9576430846143653 12.294917726516724 13.659175421974878 11.315597671659098 -11.609587445466415 5.0720948886871344 -8.9517595394237617 -10.440554666519166 -22.078902127345405 4.2743725367954806 -5.7944869373113885 10.664394233966696 4.3353738714147498 -15.487616906847274 5.3859308934980827 2.1313404377387921 -4.4750929476042103 2.0919494202719373 15.805773486261783
leaf_weight=17313 1035 2502 27 1179 83 40 1171 26 1583 165 352 54 43 27 23 30 29 25 30 42 23 1773 27 23 23 35 24 41 26 51 35 49 24 58 21 34 23 67 41 20 35 1335 63 54 41 22 23 23 30 37 46 24 21 31 29 27 28 31 1365 123 436 23
leaf_count=17313 1035 2502 27 1179 83 40 1171 26 1583 165 352 54 43 27 23 30 29 25 30 42 23 1773 27 23 23 35 24 41 26 51 35 49 24 58 21 34 23 67 41 20 35 1335 63 54 41 22 23 23 30 37 46 24 21 31 29 27 28 31 1365 123 436 23
internal_value=-0.0368249 -0.165641 -1.30055 -0.048691 -1.17695 -0.969281 1.10859 -0.124269 -0.169853 -0.303963 -0.388491 -2.54181 -1.36883 -4.29701 -8.00136 -5.68021 -10.4605 4.2627 -6.24071 -7.68707 -9.76657 -0.302523 1.57527 -2.92643 -5.54548 2.31392 3.48482 7.72288 10.1894 6.97757 3.658 1.74838 0.973858 0.116044 -3.22331 -0.611836 2.25842 6.85687 3.93519 7.47672 -0.631519 0.792167 -1.12725 -2.00567 -0.17613 3.51579 0.84954 -1.29974 1.3646 -2.67242 -7.22796 -10.1143 -5.82841 -0.208725 3.79763 -3.33644 -5.92567 -0.776933 1.21859 0.448094 0.853416 2.77913
internal_weight=32044 29062 2715 26347 2688 2605 2497 1205 23850 20932 20031 769 633 281 136 113 83 52 229 199 157 19262 901 127 104 774 609 177 136 110 86 432 397 373 199 141 1292 121 174 98 76 2918 2565 81 17489 176 135 112 89 67 134 91 67 54 78 107 80 52 2982 1617 1494 459
internal_count=32044 29062 2715 26347 2688 2605 2497 1205 23850 20932 20031 769 633 281 136 113 83 52 229 199 157 19262 901 127 104 774 609 177 136 110 86 432 397 373 199 141 1292 121 174 98 76 2918 2565 81 17489 176 135 112 89 67 134 91 67 54 78 107 80 52 2982 1617 1494 459
is_linear=0
shrinkage=0.05


Tree=118
num_leaves=63
num_cat=0
split_feature=25 29 32 34 18 32 34 40 34 40 40 40 34 34 40 39 32 12 34 34 32 33 40 33 34 33 31 34 5 36 31 32 36 32 39 31 33 32 34 36 33 33 33 33 40 40 40 10 31 33 32 31 34 32 40 38 33 36 11 31 36 31
split_gain=1.87074e+06 1.57682e+06 1.93539e+06 2.30389e+06 1.62724e+06 1.66921e+06 1.56876e+06 1.99995e+06 1.56225e+06 1.40769e+06 2.73438e+06 1.71977e+06 1.57051e+06 1.34298e+06 1.79733e+06 1.32814e+06 1.6125e+06 1.24335e+06 1.23923e+06 1.49243e+06 1.12682e+06 1.96458e+06 1.85669e+06 1.3902e+06 1.13318e+06 1.1341e+06 1.11887e+06 1.0707e+06 1.06871e+06 1.88574e+06 1.35648e+06 2.24349e+06 1.98486e+06 1.42655e+06 1.26974e+06 1.08396e+06 1.05737e+06 1.04808e+06 1.01481e+06 926528 881140 1.46929e+06 1.49353e+06 1.65872e+06 1.43063e+06 1.22597e+06 1.84173e+06 1.12121e+06 2.08507e+06 1.35073e+06 1.80175e+06 1.20387e+06 960686 1.58907e+06 3.57203e+06 1.16468e+06 1.14116e+06 2.05615e+06 1.96053e+06 2.24764e+06 1.33568e+06 986034
threshold=1.0000000180025095e-35 1.0000000180025095e-35 191.75000000000003 213.65000000000001 1.0000000180025095e-35 306.25000000000006 463.65000000000003 5.5000000000000009 271.35000000000008 1.0000000180025095e-35 3.5000000000000004 5.5000000000000009 395.45000000000005 241.35000000000005 3.5000000000000004 1.0000000180025095e-35 212.85000000000005 1.0000000180025095e-35 248.55000000000004 453.00000000000006 335.75000000000006 81.050000000000011 5.5000000000000009 440.95000000000005 157.35000000000005 140.75000000000003 242.85000000000005 377.10000000000008 1.0000000180025095e-35 349.91250000000008 242.85000000000005 444.35000000000008 228.87083333333337 454.55000000000007 1.0000000180025095e-35 361.85000000000008 259.50000000000006 302.35000000000008 490.75000000000006 413.25000000000006 490.85000000000008 429.05000000000007 471.15000000000003 483.85000000000008 5.5000000000000009 4.5000000000000009 1.0000000180025095e-35 1.0000000180025095e-35 440.85000000000008 5.9500000000000011 444.35000000000008 476.65000000000003 1.0000000180025095e-35 418.85000000000008 5.5000000000000009 1.0000000180025095e-35 118.05000000000001 376.6375000000001 1.0000000180025095e-35 170.95000000000002 218.61250000000004 438.65000000000003
decision_type=2 2 2 2 2 2 2 2 2 2 2 2 2 2 2 2 2 2 2 2 2 2 2 2 2 2 2 2 2 2 2 2 2 2 2 2 2 2 2 2 2 2 2 2 2 2 2 2 2 2 2 2 2 2 2 2 2 2 2 2 2 2
left_child=1 4 3 -3 5 37 8 -8 13 -10 36 -12 -13 28 -15 -4 -17 20 -5 27 21 -18 -23 24 25 -22 -26 -20 40 30 33 32 -32 -30 -34 -36 -11 38 39 -1 41 47 44 -44 45 46 -43 51 49 -49 -51 52 55 -54 -55 56 -7 58 60 -60 -58 -57
right_child=-2 2 15 18 -6 6 7 -9 9 10 11 12 -14 14 -16 16 17 -19 19 -21 23 22 -24 -25 26 -27 -28 -29 29 -31 31 -33 34 -35 35 -37 -38 -39 -40 -41 -42 42 43 -45 -46 -47 -48 48 -50 50 -52 -53 53 54 -56 61 57 -59 59 -61 -62 -63
leaf_value=-0.20677835149450649 1.1576643325508986 -0.7033476574867219 -1.467311143197074 17.200940229779199 -1.2077763726450699 0.73293308750647457 -0.44111352307455881 -19.050586969202215 -1.0124167593046167 10.326440643128896 0.51323029242810747 15.745330841011473 -0.81413025628952751 5.6692217523401434 -11.646780110420066 -16.643594930790091 -7.7076231472699321 -14.087948483434218 6.0927795957844211 14.963390300750731 -2.5625324410696826 -0.51507798636831892 13.530019973986079 -16.964488180478416 -4.7693370206015455 -10.596003655739773 9.783535427093506 -4.3947279914220179 1.668966610966421 8.5045738301607745 -13.535907545089723 -13.493791219166347 8.4531965215327372 10.084285716783434 -10.246662494410639 5.6692293834686289 26.390364345312118 -5.2214946899842474 10.40707540097444 1.069593179748761 -8.2482613955225261 -0.088389601508776353 -8.4729250689063758 8.1995848068824184 17.697114485700926 -3.6026731950896131 16.908622649136714 -0.31672825538593791 6.9002555497357108 -3.342081094634386 -14.371387853225073 -4.0667432626739872 0.74811918602177974 2.9240950621349713 24.012178925105506 -1.8541276021244748 6.0906881135085538 17.3808484517611 0.38309111595153811 19.206163736752103 -1.3959258923454891 4.9481678982912491
leaf_weight=17317 2982 1250 820 21 2678 1595 42 22 87 21 126 45 21 22 47 27 59 29 53 25 96 82 33 24 28 81 25 45 251 119 20 35 59 63 23 20 20 100 23 1549 28 30 35 26 30 28 34 230 61 162 48 122 152 71 28 549 87 26 29 35 189 59
leaf_count=17317 2982 1250 820 21 2678 1595 42 22 87 21 126 45 21 22 47 27 59 29 53 25 96 82 33 24 28 81 25 45 251 119 20 35 59 63 23 20 20 100 23 1549 28 30 35 26 30 28 34 230 61 162 48 122 152 71 28 549 87 26 29 35 189 59
internal_value=-0.0349836 -0.157359 -1.30864 -0.0134329 -0.0395406 0.0925432 0.936501 -6.83812 1.0439 4.41466 6.44108 3.93807 10.4764 0.793808 -6.12574 -2.69325 -4.77025 -4.06877 5.97541 4.05886 -3.3899 -0.290204 3.51525 -5.51331 -4.3184 -6.23887 2.09523 1.27709 0.906307 2.88087 1.46002 -2.33472 0.866654 3.35739 3.69069 -2.84392 18.1625 -0.116213 -0.0891851 -0.101981 0.587481 0.65571 5.0214 -1.36661 8.21541 5.12355 8.94127 0.423668 -1.76283 -2.96384 -5.86307 0.796011 1.00639 3.95883 8.8884 0.717922 1.31072 3.82865 2.79231 10.677 0.963985 -1.19404
internal_weight=32044 29062 2698 1394 26364 23686 4697 64 4633 320 233 192 66 4313 69 1304 484 457 144 123 428 174 115 254 230 177 53 98 4244 590 471 157 122 314 102 43 41 18989 18889 18866 3654 3626 183 61 122 92 64 3443 501 440 210 2942 2820 251 99 2569 1961 366 340 64 276 608
internal_count=32044 29062 2698 1394 26364 23686 4697 64 4633 320 233 192 66 4313 69 1304 484 457 144 123 428 174 115 254 230 177 53 98 4244 590 471 157 122 314 102 43 41 18989 18889 18866 3654 3626 183 61 122 92 64 3443 501 440 210 2942 2820 251 99 2569 1961 366 340 64 276 608
is_linear=0
shrinkage=0.05


Tree=119
num_leaves=63
num_cat=0
split_feature=24 25 34 32 34 34 6 31 36 35 31 31 10 31 36 31 37 31 31 33 31 33 4 32 32 31 8 31 38 33 31 35 33 32 32 32 36 35 34 32 31 36 31 8 35 31 33 33 18 33 21 33 35 32 32 33 33 34 36 36 33 4
split_gain=1.88989e+06 1.75647e+06 1.52549e+06 3.15061e+06 1.39977e+06 1.39468e+06 1.30642e+06 1.29777e+06 1.25862e+06 1.82527e+06 1.73457e+06 1.13121e+06 1.13078e+06 1.0514e+06 1.02193e+06 1.71236e+06 1.18194e+06 1.59523e+06 1.36425e+06 1.25276e+06 3.4402e+06 1.6282e+06 1.2151e+06 1.97234e+06 1.26061e+06 1.14738e+06 998537 1.38292e+06 991957 1.65129e+06 2.48331e+06 984198 946790 946302 1.072e+06 999615 943666 1.33994e+06 1.63381e+06 1.91225e+06 1.58579e+06 941015 930750 924696 1.00736e+06 1.60276e+06 1.17863e+06 1.0385e+06 904618 1.12119e+06 908204 1.31714e+06 970508 943022 1.6529e+06 1.01177e+06 1.84236e+06 885870 881314 1.20635e+06 1.82425e+06 1.07736e+06
threshold=1.0000000180025095e-35 1.0000000180025095e-35 363.2000000000001 56.050000000000004 329.50000000000006 486.75000000000006 1.0000000180025095e-35 488.35000000000008 233.41666666666669 1032.6500000000003 121.75000000000001 168.75000000000003 1.0000000180025095e-35 484.75000000000006 376.6375000000001 498.05000000000007 4.5000000000000009 253.25000000000003 189.65000000000001 414.65000000000003 450.45000000000005 451.15000000000003 1.0000000180025095e-35 200.75000000000003 121.45000000000002 5.9500000000000011 1.0000000180025095e-35 337.75000000000006 1.0000000180025095e-35 313.55000000000007 220.05000000000004 463.85000000000008 472.55000000000007 424.95000000000005 492.65000000000003 408.75000000000006 135.27083333333337 987.70000000000016 211.65000000000001 147.75000000000003 349.95000000000005 226.32916666666668 481.05000000000007 1.0000000180025095e-35 1020.4500000000002 388.85000000000008 420.75000000000006 402.75000000000006 1.0000000180025095e-35 129.55000000000004 1.0000000180025095e-35 347.55000000000007 933.35000000000025 141.75000000000003 85.750000000000014 3.0500000000000003 144.40000000000003 337.15000000000003 362.04166666666669 279.41250000000008 485.45000000000005 1.0000000180025095e-35
decision_type=2 2 2 2 2 2 2 2 2 2 2 2 2 2 2 2 2 2 2 2 2 2 2 2 2 2 2 2 2 2 2 2 2 2 2 2 2 2 2 2 2 2 2 2 2 2 2 2 2 2 2 2 2 2 2 2 2 2 2 2 2 2
left_child=1 6 4 -4 11 7 14 13 9 12 -10 -3 57 32 15 16 19 18 22 -1 26 -22 24 -24 -18 -26 58 -28 29 30 -20 -16 42 35 -35 43 -19 -38 40 -40 -39 -42 -2 44 48 46 -46 -47 50 -50 52 53 -13 54 -52 -55 -57 -8 59 -21 61 -61
right_child=5 2 3 -5 -6 -7 8 -9 10 -11 -12 33 -14 -15 31 -17 17 36 28 20 21 -23 23 -25 25 -27 27 -29 -30 -31 -32 -33 -34 34 -36 -37 37 38 39 -41 41 -43 -44 -45 45 47 -48 -49 49 -51 51 -53 -54 55 -56 56 -58 -59 -60 60 -62 -63
leaf_value=-0.29454791815799825 -0.81473328453909044 -0.3469425665400252 -9.5757661810288059 9.594638703006213 -7.4508085956176124 -14.40085260152817 0.2933945878277297 -7.8291291841318911 8.5299706114798166 -13.215467947262987 1.6103550830816964 1.6386508786170606 -5.9856717850480763 9.6615983880084499 -0.11762033913611653 9.5802267768166285 -4.811591094418576 7.3661458593426339 17.362810936799416 0.85633032011417309 -7.1207717681753229 -25.159192553433506 20.895190066382998 1.4060188265407787 13.750800534657069 1.5009223693973022 -8.0012107261176251 5.3262149035930637 2.4236200731854107 24.187378211319448 -5.7545508520943782 1.7255811488494446 -6.1472541008102759 6.4461401955663478 -5.7769038808345803 -5.8620449150933167 -5.9162826150910472 -2.9337736458613954 8.3540954033533747 -4.4302694493092787 18.131147638073674 4.6688880119323732 -10.144280991730867 -2.7324338535650061 20.984632110595705 -3.2985715635798196 6.3267074257135398 10.215724195752827 -8.5168320417404182 4.3185732700206616 6.8132268911407836 -6.8830881805646982 -6.725304783715143 4.9487352299240399 -8.6407637894153595 25.534816091710873 5.5030398815870285 7.8722219245135792 9.0000530989273742 -7.8478325224247119 5.9294621430910555 2.0283887561629803
leaf_weight=19223 2706 833 26 122 48 20 1069 71 98 26 1194 948 70 23 1583 44 76 33 26 346 29 22 21 34 21 213 103 24 43 20 21 1335 89 174 20 45 117 29 36 156 27 25 27 109 24 44 32 21 46 27 62 21 36 53 24 22 24 40 23 147 39 34
leaf_count=19223 2706 833 26 122 48 20 1069 71 98 26 1194 948 70 23 1583 44 76 33 26 346 29 22 21 34 21 213 103 24 43 20 21 1335 89 174 20 45 117 29 36 156 27 25 27 109 24 44 32 21 46 27 62 21 36 53 24 22 24 40 23 147 39 34
internal_value=-0.0332345 0.0887169 1.28854 6.22686 1.00883 -1.24228 -0.0370167 -1.15203 1.05111 -0.111263 2.13522 1.16714 0.177719 -0.985396 -0.15094 -0.27314 -0.293896 1.48065 3.46934 -0.373613 -2.35518 -14.9021 1.99832 8.84734 0.783169 2.60027 -1.46148 -5.48264 8.35046 12.1543 7.03378 0.725654 -1.07217 1.89533 5.18603 1.48025 -0.752513 -1.43948 0.479154 -2.0332 6.43437 11.6589 -0.906902 1.70155 2.05076 6.40892 12.6087 1.06759 1.63324 -3.76949 1.96466 4.98359 1.33265 6.33061 2.50049 9.6578 15.0835 0.566752 -0.594441 -0.984323 -3.87917 -5.99263
internal_weight=32044 29108 2761 148 2613 2936 26347 2916 2497 1205 1292 2565 1179 2845 23850 20932 20888 898 475 19990 767 51 365 55 310 234 716 127 110 67 47 2918 2822 1732 194 1538 423 390 273 192 81 52 2733 1493 1384 121 56 65 1263 73 1190 206 984 185 86 99 46 1109 589 566 220 181
internal_count=32044 29108 2761 148 2613 2936 26347 2916 2497 1205 1292 2565 1179 2845 23850 20932 20888 898 475 19990 767 51 365 55 310 234 716 127 110 67 47 2918 2822 1732 194 1538 423 390 273 192 81 52 2733 1493 1384 121 56 65 1263 73 1190 206 984 185 86 99 46 1109 589 566 220 181
is_linear=0
shrinkage=0.05


Tree=120
num_leaves=63
num_cat=0
split_feature=40 40 35 40 40 40 34 35 36 32 35 10 34 34 36 32 35 36 36 36 32 7 32 36 35 32 32 36 35 37 35 35 32 32 32 21 29 35 40 24 32 36 7 35 34 32 34 11 21 35 34 36 36 35 32 32 28 32 36 28 18 36
split_gain=2.35881e+06 2.97671e+06 2.09086e+06 1.6331e+06 2.62649e+06 2.50386e+06 1.74138e+06 1.51625e+06 1.66522e+06 1.44256e+06 1.37227e+06 1.24887e+06 1.19985e+06 5.06114e+06 3.59615e+06 4.01297e+06 1.09957e+06 1.02734e+06 1.71023e+06 2.09805e+06 1.53358e+06 1.42727e+06 2.11578e+06 1.48287e+06 1.65186e+06 1.33188e+06 2.54427e+06 2.55608e+06 1.79817e+06 1.61456e+06 953557 935455 975388 1.3946e+06 971795 2.03388e+06 853379 943349 865908 944341 911293 1.45001e+06 852847 2.95429e+06 2.97306e+06 2.00497e+06 1.63587e+06 1.55918e+06 1.42582e+06 3.92916e+06 1.85969e+06 1.4154e+06 1.20933e+06 1.18328e+06 2.21295e+06 2.52715e+06 1.5127e+06 2.2934e+06 1.13127e+06 1.11307e+06 976835 1.8253e+06
threshold=1.0000000180025095e-35 1.5000000000000002 281.55000000000007 2.5000000000000004 3.5000000000000004 5.5000000000000009 461.10000000000008 1249.5000000000002 334.03333333333336 487.75000000000006 1351.1500000000003 1.0000000180025095e-35 248.55000000000004 123.30000000000003 261.05833333333339 123.35000000000001 249.95000000000002 420.42500000000007 394.05000000000007 373.58333333333343 456.35000000000008 1.0000000180025095e-35 308.35000000000008 325.31250000000006 685.05000000000007 29.850000000000005 240.45000000000002 296.12500000000006 662.50000000000011 2.5000000000000004 54.550000000000004 428.85000000000008 300.25000000000006 335.75000000000006 408.75000000000006 1.0000000180025095e-35 1.0000000180025095e-35 1531.0000000000002 4.5000000000000009 1.0000000180025095e-35 456.35000000000008 240.05833333333337 1.0000000180025095e-35 1279.4000000000003 139.80000000000004 380.65000000000003 423.15000000000003 1.0000000180025095e-35 1.0000000180025095e-35 728.6500000000002 9.2000000000000011 241.15833333333336 212.78750000000005 1279.4000000000003 211.05000000000004 292.45000000000005 1.0000000180025095e-35 376.75000000000006 272.41250000000008 1.0000000180025095e-35 1.0000000180025095e-35 345.05000000000013
decision_type=2 2 2 2 2 2 2 2 2 2 2 2 2 2 2 2 2 2 2 2 2 2 2 2 2 2 2 2 2 2 2 2 2 2 2 2 2 2 2 2 2 2 2 2 2 2 2 2 2 2 2 2 2 2 2 2 2 2 2 2 2 2
left_child=-1 2 -2 -3 6 11 7 30 -9 10 12 36 13 17 15 -14 -7 18 19 20 21 23 -23 25 -25 29 28 31 -27 -4 -5 -28 -33 -34 35 -35 37 38 40 -40 -6 -42 53 44 47 46 51 48 50 -50 59 52 -46 60 -55 -56 57 -57 -49 -44 -18 -62
right_child=1 3 9 4 5 16 -8 8 -10 -11 -12 -13 14 -15 -16 -17 42 -19 -20 -21 -22 22 -24 24 -26 26 27 -29 -30 -31 -32 32 33 34 -36 -37 -38 -39 39 -41 41 -43 43 -45 45 -47 -48 58 49 -51 -52 -53 -54 54 55 56 -58 -59 -60 -61 61 -63
leaf_value=-0.88443691197913155 -0.37211055466545501 -1.5879422213131491 2.5489355427285902 -1.8029813967677244 0.25137619579451315 -0.30243459390242866 -12.726846849350702 16.572034072875976 -0.98286624171517123 16.341824704950508 -9.2482463655017675 -2.3204404456553909 -27.302821313767211 22.541686386532255 11.178928628255582 2.9284119813338574 0.98160182381313954 8.5855042149334455 -7.378308131144597 16.789848065376283 -7.2188811408148865 3.0487883738982373 21.462563507373517 1.6719726343544163 -13.551885427747454 6.7830040648686811 6.7855424880981445 18.103291816711426 18.813259406089781 -9.459013248134303 1.8173029149617772 -9.798834024156843 11.029159944707699 -15.055273246765138 5.8409257281910296 3.3971657259123669 -1.9147077967911537 8.4603748256160376 -0.4203185739600519 -2.609246190531874 14.411392757810397 1.6838142918080701 2.4586099941144584 16.992030270894372 -6.6535493412533331 -18.866670539162378 8.1134490319660735 4.8138508857999538 0.02858601839114458 17.983889947891239 -13.426346846421561 -15.026883520398821 8.6068117523193362 9.9268889586130786 -22.449422309512187 -21.424071035385133 6.995413688512949 -1.3321546087459644 18.582680687537561 -6.3421432654062908 0.23132847070509435 -6.0296120062680316
leaf_weight=6035 466 1382 115 196 2572 2872 21 35 22 22 21 934 21 36 29 23 5683 86 39 28 36 39 26 49 28 139 33 20 40 37 2526 35 22 32 22 28 844 31 4966 547 29 98 456 33 37 22 28 35 78 50 21 28 20 24 21 20 26 49 26 39 646 142
leaf_count=6035 466 1382 115 196 2572 2872 21 35 22 22 21 934 21 36 29 23 5683 86 39 28 36 39 26 49 28 139 33 20 40 37 2526 35 22 32 22 28 844 31 4966 547 29 98 456 33 37 22 28 35 78 50 21 28 20 24 21 20 26 49 26 39 646 142
internal_value=0.00620124 0.212686 2.39664 0.0817853 0.181348 -0.015957 1.61723 1.72563 9.79646 3.67919 3.39608 -0.579394 3.67182 4.17727 -2.49064 -11.5001 0.529254 3.40313 2.82281 3.36855 2.83247 3.3766 10.4143 2.61418 -3.86398 3.56795 5.183 1.18502 9.47133 -0.374052 1.55662 -0.782224 -2.57889 -0.149098 -3.14814 -6.44414 -0.400442 -0.245397 -0.278261 -0.637504 0.455533 4.59011 0.848416 2.31722 1.74071 -5.05695 -2.36833 3.04239 2.31872 7.04238 1.14696 -5.82115 -1.29904 0.654456 -3.89335 -6.75271 -3.28291 -7.1559 10.6825 1.76522 0.752848 -0.896912
internal_weight=32066 26031 1472 24559 23177 20377 2800 2779 57 1006 984 10021 963 890 73 44 10356 854 768 729 701 665 65 600 77 523 371 192 179 152 2722 172 139 104 82 60 9087 8243 8212 5513 2699 127 7484 873 840 135 113 705 644 128 516 85 57 6611 140 116 95 69 61 495 6471 788
internal_count=32066 26031 1472 24559 23177 20377 2800 2779 57 1006 984 10021 963 890 73 44 10356 854 768 729 701 665 65 600 77 523 371 192 179 152 2722 172 139 104 82 60 9087 8243 8212 5513 2699 127 7484 873 840 135 113 705 644 128 516 85 57 6611 140 116 95 69 61 495 6471 788
is_linear=0
shrinkage=0.05


end of trees

feature_importances:
cooking_method_enc=1291
raw_weight_total=1278
raw_weight_mean=798
raw_weight_2=701
raw_weight_3=650
raw_weight_1=642
raw_weight_4=446
ing_egg=246
ing_shrimp=203
n_ingredients=192
has_meat=174
ing_carrot=119
ing_beef=91
ing_cucumber=60
ing_eggplant=58
ing_tomato=58
ing_potato=56
ing_onion=53
has_fruit=53
ing_tofu=47
ing_chicken=39
ing_cauliflower=38
ing_pork=38
ing_pepper=37
ing_fish=34
ing_pineapple=28
ing_cabbage=21
ing_lemon=9
ing_garlic=8
ing_ginger=7
ing_strawberry=7
ing_grape=5
ing_banana=3
ing_watermelon=3
ing_apple=2
ing_kiwi=2
ing_orange=2
ing_peach=2
ing_kumquat=1

parameters:
[boosting: gbdt]
[objective: regression]
[metric: rmse]
[tree_learner: serial]
[device_type: cpu]
[data_sample_strategy: bagging]
[data: ]
[valid: ]
[num_iterations: 1000]
[learning_rate: 0.05]
[num_leaves: 63]
[num_threads: 0]
[seed: 42]
[deterministic: 0]
[force_col_wise: 0]
[force_row_wise: 0]
[histogram_pool_size: -1]
[max_depth: -1]
[min_data_in_leaf: 20]
[min_sum_hessian_in_leaf: 0.001]
[bagging_fraction: 0.8]
[pos_bagging_fraction: 1]
[neg_bagging_fraction: 1]
[bagging_freq: 5]
[bagging_seed: 400]
[bagging_by_query: 0]
[feature_fraction: 0.8]
[feature_fraction_bynode: 1]
[feature_fraction_seed: 30056]
[extra_trees: 0]
[extra_seed: 12879]
[early_stopping_round: 0]
[early_stopping_min_delta: 0]
[first_metric_only: 0]
[max_delta_step: 0]
[lambda_l1: 0]
[lambda_l2: 0]
[linear_lambda: 0]
[min_gain_to_split: 0]
[drop_rate: 0.1]
[max_drop: 50]
[skip_drop: 0.5]
[xgboost_dart_mode: 0]
[uniform_drop: 0]
[drop_seed: 17869]
[top_rate: 0.2]
[other_rate: 0.1]
[min_data_per_group: 100]
[max_cat_threshold: 32]
[cat_l2: 10]
[cat_smooth: 10]
[max_cat_to_onehot: 4]
[top_k: 20]
[monotone_constraints: ]
[monotone_constraints_method: basic]
[monotone_penalty: 0]
[feature_contri: ]
[forcedsplits_filename: ]
[refit_decay_rate: 0.9]
[cegb_tradeoff: 1]
[cegb_penalty_split: 0]
[cegb_penalty_feature_lazy: ]
[cegb_penalty_feature_coupled: ]
[path_smooth: 0]
[interaction_constraints: ]
[verbosity: -1]
[saved_feature_importance_type: 0]
[use_quantized_grad: 0]
[num_grad_quant_bins: 4]
[quant_train_renew_leaf: 0]
[stochastic_rounding: 1]
[linear_tree: 0]
[max_bin: 255]
[max_bin_by_feature: ]
[min_data_in_bin: 3]
[bin_construct_sample_cnt: 200000]
[data_random_seed: 175]
[is_enable_sparse: 1]
[enable_bundle: 1]
[use_missing: 1]
[zero_as_missing: 0]
[feature_pre_filter: 1]
[pre_partition: 0]
[two_round: 0]
[header: 0]
[label_column: ]
[weight_column: ]
[group_column: ]
[ignore_column: ]
[categorical_feature: ]
[forcedbins_filename: ]
[precise_float_parser: 0]
[parser_config_file: ]
[objective_seed: 16083]
[num_class: 1]
[is_unbalance: 0]
[scale_pos_weight: 1]
[sigmoid: 1]
[boost_from_average: 1]
[reg_sqrt: 0]
[alpha: 0.9]
[fair_c: 1]
[poisson_max_delta_step: 0.7]
[tweedie_variance_power: 1.5]
[lambdarank_truncation_level: 30]
[lambdarank_norm: 1]
[label_gain: ]
[lambdarank_position_bias_regularization: 0]
[eval_at: ]
[multi_error_top_k: 1]
[auc_mu_weights: ]
[num_machines: 1]
[local_listen_port: 12400]
[time_out: 120]
[machine_list_filename: ]
[machines: ]
[gpu_platform_id: -1]
[gpu_device_id: -1]
[gpu_use_dp: 0]
[num_gpu: 1]

end of parameters

pandas_categorical:[]
