tree
version=v4
num_class=1
num_tree_per_iteration=1
label_index=0
max_feature_idx=40
objective=regression
feature_names=ing_apple ing_banana ing_beef ing_bell_pepper ing_cabbage ing_carrot ing_cauliflower ing_chicken ing_cucumber ing_egg ing_eggplant ing_fish ing_garlic ing_ginger ing_grape ing_kiwi ing_kumquat ing_lemon ing_onion ing_orange ing_peach ing_pepper ing_pineapple ing_pork ing_potato ing_shrimp ing_small_pepper ing_strawberry ing_tofu ing_tomato ing_watermelon raw_weight_1 raw_weight_2 raw_weight_3 raw_weight_4 raw_weight_total raw_weight_mean n_ingredients has_fruit has_meat cooking_method_enc
feature_infos=[0:1] [0:1] [0:1] none [0:1] [0:1] [0:1] [0:1] [0:1] [0:1] [0:1] [0:1] [0:1] [0:1] [0:1] [0:1] [0:1] [0:1] [0:1] [0:1] [0:1] [0:1] [0:1] [0:1] [0:1] [0:1] none [0:1] [0:1] [0:1] [0:1] [0.5:500] [0:500] [0:499.89999999999998] [0:500] [0.5:1874] [0.5:500] [1:6] [0:1] [0:1] [0:6]
tree_sizes=5520 5563 5556 5700 5728 5524 5686 5496 5505 5493 5510 5490 5573 5454 5474 5564 5469 5471 5540 5530 5478 5513 5435 5456 5452 5519 5427 5446 5424 5473 5464 5453 5467 5479 5482 5440 5452 5439 5479 5450 5456 5499 5477 5417 5501 5485 5475 5475 5405 5462 5470 5512 5519 5373 5390 5401 5499 5498 5347 5500 5499 5491 5386 5510 5451 5480 5461 5495 5478 5545 5515 5509 5545 5512 5482 5481 5536 5521 5498 5533 5542 5531 5507 5499 5477 5525 5502 5482 5495 5476 5504 5431 5507 5511 5449 5502 5514 5494 5503 5491 5512 5528 5495 5431 5486 5403 5469 5510 5465 5517 5536 5456 5498 5528 5460 5488 5485 5516 5524 5441 5516 5509 5539 5451 5443 5476 5493 5496 5505 5445 5503 5568 5553 5480 5481 5506 5478 5444 5471 5496 5466 5426 5474 5439 5468 5538 5520 5475 5458 5540 5532 5470 5469 5509 5487 5479

Tree=0
num_leaves=63
num_cat=0
split_feature=35 35 35 35 35 35 35 40 40 40 40 35 35 35 35 35 35 35 35 40 40 35 35 40 40 40 35 40 35 40 40 40 40 40 40 40 40 40 35 40 40 40 40 40 40 35 35 35 40 35 40 40 40 35 35 35 35 35 35 35 35 40
split_gain=2.21225e+09 3.76982e+08 3.24161e+08 5.83145e+07 5.28405e+07 5.19664e+07 4.81373e+07 1.61583e+07 1.58806e+07 1.12431e+07 1.09944e+07 9.23865e+06 7.45497e+06 6.46734e+06 6.29925e+06 6.08497e+06 5.47568e+06 5.44695e+06 4.33791e+06 4.07812e+06 3.70789e+06 2.70765e+06 2.40856e+06 2.35963e+06 2.19682e+06 2.10912e+06 2.0992e+06 1.91123e+06 1.90224e+06 1.72338e+06 1.68594e+06 1.65636e+06 1.42913e+06 1.33574e+06 1.27759e+06 1.21029e+06 1.20781e+06 1.06508e+06 996818 953865 942803 917808 836028 824317 803417 800494 771615 721984 712118 708506 701496 666299 628389 618584 597907 595613 589439 488407 460441 457019 418048 416167
threshold=602.95000000000016 294.95000000000005 987.70000000000016 782.6500000000002 137.55000000000004 1249.5000000000002 434.4500000000001 1.0000000180025095e-35 1.0000000180025095e-35 1.0000000180025095e-35 1.0000000180025095e-35 517.05000000000007 220.65000000000006 1110.2000000000003 59.050000000000004 373.95000000000005 887.1500000000002 696.75000000000011 1455.95 1.0000000180025095e-35 1.0000000180025095e-35 1397.9500000000003 873.85000000000014 1.0000000180025095e-35 4.5000000000000009 4.5000000000000009 1110.2000000000003 4.5000000000000009 685.05000000000007 1.0000000180025095e-35 4.5000000000000009 4.5000000000000009 4.5000000000000009 4.5000000000000009 1.5000000000000002 1.5000000000000002 4.5000000000000009 1.5000000000000002 184.45000000000002 1.0000000180025095e-35 4.5000000000000009 1.5000000000000002 1.5000000000000002 1.5000000000000002 1.5000000000000002 333.45000000000005 100.35000000000002 1531.0000000000002 1.5000000000000002 1351.1500000000003 4.5000000000000009 4.5000000000000009 1.5000000000000002 838.80000000000018 257.45000000000005 1187.8500000000001 477.25000000000006 1032.6500000000003 933.35000000000025 645.45000000000016 557.30000000000007 3.5000000000000004
decision_type=2 2 2 2 2 2 2 2 2 2 2 2 2 2 2 2 2 2 2 2 2 2 2 2 2 2 2 2 2 2 2 2 2 2 2 2 2 2 2 2 2 2 2 2 2 2 2 2 2 2 2 2 2 2 2 2 2 2 2 2 2 2
left_child=1 4 3 10 14 8 15 22 26 21 28 19 38 24 -1 29 25 32 33 -8 -13 -7 -5 -17 37 43 -4 35 -2 -3 41 48 44 34 -11 -15 42 -10 -6 -14 52 -18 -21 -9 -12 -31 -16 -23 -19 -35 -20 -25 -22 -27 -41 -29 -38 -26 -32 -34 -42 -45
right_child=2 6 5 7 12 9 11 16 13 18 17 20 39 27 46 23 30 31 50 36 40 47 -24 51 57 53 -28 55 -30 45 58 -33 59 49 -36 -37 56 -39 -40 54 60 -43 -44 61 -46 -47 -48 -49 -50 -51 -52 -53 -54 -55 -56 -57 -58 -59 -60 -61 -62 -63
leaf_value=439.9576515731577 473.82264280676441 457.16245809546712 495.70595142956023 483.70065564780577 446.53430952596995 509.97579494961877 464.6309024979588 479.03327192201704 488.97387814558556 504.16910000130673 470.34406132209648 469.4049317866382 453.09044014165823 495.43633457235904 442.79790058120739 461.02761444936885 483.54906568906813 474.43008311273269 503.90338702799596 461.83926131556188 466.2795331207401 517.82041353423654 489.28642622565383 455.91431253626325 485.68940456834474 476.52048420531975 502.23522974699443 492.09368033200565 478.66054420255648 453.12691335538 481.01841560110915 473.29366825546185 467.95652939664689 499.27412092945383 493.06039940048038 486.21018288994821 460.13718992562042 481.11115883637962 448.42959126477439 449.76904881046511 463.95208353879667 476.88663005148811 458.11687232242434 474.24447771232394 465.33119815967405 454.8714787723888 444.62833584680055 526.77700019640793 468.85320521864497 504.19418569609604 510.97767022073475 457.75818547313241 461.77526817334274 478.94774855192492 451.4103430572938 495.49138330904856 461.93469369303949 488.53539454950817 483.45469468554029 470.04315780383456 465.89540714680885 471.10874506689584
leaf_weight=2172 379 531 288 383 1529 128 623 63 51 33 94 413 482 44 1154 470 63 67 51 184 92 63 389 750 253 568 215 327 438 1256 381 995 482 190 120 185 1034 277 1270 1049 526 288 837 249 534 1380 1149 35 393 119 112 1413 489 488 1178 213 816 373 395 576 584 184
leaf_count=2172 379 531 288 383 1529 128 623 63 51 33 94 413 482 44 1154 470 63 67 51 184 92 63 389 750 253 568 215 327 438 1256 381 995 482 190 120 185 1034 277 1270 1049 526 288 837 249 534 1380 1149 35 393 119 112 1413 489 488 1178 213 816 373 395 576 584 184
internal_value=462.245 453.019 481.057 475.391 445.925 494.698 459.233 480.142 490.681 505.207 471.249 462.54 449.204 488.399 441.889 456.04 478.305 469.905 501.751 460.964 465.158 514.765 486.515 457.817 485.648 476.379 498.497 491.811 476.416 454.564 480.958 472.147 467.971 499.277 495.456 487.983 460.168 482.334 447.394 451.074 464.12 478.082 458.788 473.689 466.082 454.04 443.711 521.019 469.665 501.169 508.764 457.119 462.489 477.642 450.637 493.434 460.93 487.385 482.259 469.093 464.975 472.912
internal_weight=31867 21381 10486 7409 9983 3077 11398 3451 2226 851 3958 5598 5508 1723 4475 5800 2679 3141 625 3494 2104 226 772 2633 954 1552 503 769 817 3167 1127 1455 1686 462 153 229 2871 328 2799 2709 1691 351 1021 496 628 2636 2303 98 460 309 163 2163 581 1056 2227 540 1850 626 776 1058 1110 433
internal_count=31867 21381 10486 7409 9983 3077 11398 3451 2226 851 3958 5598 5508 1723 4475 5800 2679 3141 625 3494 2104 226 772 2633 954 1552 503 769 817 3167 1127 1455 1686 462 153 229 2871 328 2799 2709 1691 351 1021 496 628 2636 2303 98 460 309 163 2163 581 1056 2227 540 1850 626 776 1058 1110 433
is_linear=0
shrinkage=1


Tree=1
num_leaves=63
num_cat=0
split_feature=35 35 35 35 35 35 35 40 40 40 40 35 35 35 35 35 35 35 35 40 40 35 35 40 40 35 40 35 40 40 40 40 40 40 40 40 35 40 40 35 40 35 40 40 40 40 35 40 35 35 40 40 35 40 40 35 35 35 35 35 35 40
split_gain=1.99679e+09 3.28527e+08 3.04781e+08 5.45552e+07 4.81569e+07 4.75972e+07 4.00354e+07 1.65624e+07 1.37085e+07 1.01469e+07 9.66955e+06 8.46063e+06 8.03863e+06 5.91082e+06 5.56729e+06 4.62318e+06 4.43654e+06 4.2972e+06 3.95958e+06 3.63228e+06 3.52192e+06 2.58559e+06 2.44366e+06 2.37023e+06 2.10112e+06 1.72773e+06 1.72489e+06 1.65258e+06 1.53744e+06 1.42246e+06 1.40602e+06 1.31739e+06 1.31378e+06 1.12593e+06 1.09229e+06 1.07399e+06 1.03128e+06 986590 978970 934633 844567 795318 774754 750103 698762 674279 674087 673876 651591 639538 627533 604098 601756 589449 586604 539518 525337 522575 510252 489616 394709 385769
threshold=592.85000000000014 278.45000000000005 958.55000000000007 1249.5000000000002 770.85000000000025 420.45000000000005 125.75000000000001 1.0000000180025095e-35 1.0000000180025095e-35 1.0000000180025095e-35 1.0000000180025095e-35 501.65000000000003 1110.2000000000003 206.35000000000005 351.9500000000001 690.95000000000016 38.250000000000007 853.25000000000011 1397.9500000000003 1.0000000180025095e-35 1.0000000180025095e-35 1083.5500000000002 1397.9500000000003 4.5000000000000009 1.0000000180025095e-35 860.05000000000007 4.5000000000000009 679.95000000000016 4.5000000000000009 4.5000000000000009 4.5000000000000009 4.5000000000000009 1.0000000180025095e-35 1.5000000000000002 1.5000000000000002 1.5000000000000002 1531.0000000000002 4.5000000000000009 4.5000000000000009 1020.4500000000002 4.5000000000000009 168.65000000000006 1.5000000000000002 1.5000000000000002 1.5000000000000002 1.5000000000000002 458.85000000000008 1.5000000000000002 1531.0000000000002 314.35000000000008 1.5000000000000002 4.5000000000000009 87.250000000000014 1.5000000000000002 4.5000000000000009 1170.4500000000003 902.1500000000002 639.85000000000014 242.65000000000001 543.55000000000007 1170.4500000000003 3.5000000000000004
decision_type=2 2 2 2 2 2 2 2 2 2 2 2 2 2 2 2 2 2 2 2 2 2 2 2 2 2 2 2 2 2 2 2 2 2 2 2 2 2 2 2 2 2 2 2 2 2 2 2 2 2 2 2 2 2 2 2 2 2 2 2 2 2
left_child=1 6 4 7 10 14 16 21 25 22 27 19 23 41 32 31 -1 30 38 -7 -13 -4 -5 33 -16 -6 34 -2 35 50 47 44 -3 -9 -14 -19 51 42 43 -25 53 -8 -21 -11 -12 -15 -39 -10 -24 -34 -17 -20 -18 -22 -26 -28 -30 -33 -47 -42 -23 -35
right_child=2 5 3 9 8 11 13 12 17 18 15 20 26 45 24 29 52 28 36 37 40 60 48 39 54 -27 55 -29 56 -31 -32 57 49 61 -36 -37 -38 46 -40 -41 59 -43 -44 -45 -46 58 -48 -49 -50 -51 -52 -53 -54 -55 -56 -57 -58 -59 -60 -61 -62 -63
leaf_value=-21.37665686360592 10.629556989669801 -5.8352959349548934 30.521339671650875 45.362148690223698 19.823915445428145 1.650440122390235 -15.483754837199038 24.850659230550132 15.129341534205848 38.41341832478841 7.2788921797902963 6.242623021891788 31.54965986772017 -9.7748175583700281 -2.0536792828905877 11.14833781683623 -18.944380451575807 19.576631363578468 36.209043459032408 -0.78715915096867262 3.2703111609634088 35.875240805370559 52.814534117683536 21.372898770845854 -6.6873914059160473 24.637241847137286 27.964050654837266 15.138673171812341 16.447466835489077 10.129228293177594 13.575265339052478 5.049405981401244 -9.4598650649407769 19.088664069872223 22.784815071724559 12.729728085209425 47.233389078776042 -2.727916493841855 36.012074829595775 24.745592558548751 0.91547166683971337 -13.757984929714562 -4.24704580201941 28.530624914169312 2.634491425268827 -12.538801336000624 -0.88898856184648922 9.2354802421443374 61.323293631417414 -7.8247571658545843 5.9001089256688175 42.30307357037654 -17.280638207180399 -0.96431795250778107 -5.0590371625007391 31.131202011905899 18.81917550809715 7.1930578140363295 -10.943078712236764 2.9609011485901959 39.904612178592892 15.792178512831866
leaf_weight=1913 400 515 305 128 380 675 1405 60 56 24 95 437 44 562 492 67 1042 69 61 198 98 183 63 390 859 366 253 413 490 913 838 554 1163 178 185 337 75 929 247 434 544 1272 885 96 549 994 1075 362 35 1231 380 122 1136 509 1553 287 446 584 1010 633 91 177
leaf_count=1913 400 515 305 128 380 675 1405 60 56 24 95 437 44 562 492 67 1042 69 61 198 98 183 63 390 859 366 253 413 490 913 838 554 1163 178 185 337 75 929 247 434 544 1272 885 96 549 994 1075 362 35 1231 380 122 1136 509 1553 287 446 584 1010 633 91 177
internal_value=0.0179735 -8.90393 17.5759 29.8504 11.7944 -3.35802 -15.9127 26.2379 16.2112 40.832 8.05993 -0.227377 24.0896 -13.0201 -6.58022 6.80233 -19.6197 14.4957 37.5489 -1.67207 2.2197 33.6883 49.9114 21.5973 -5.03153 22.1854 28.1052 12.9202 16.463 8.99777 12.3938 5.12679 -8.12626 18.5158 24.4689 13.8934 42.2955 -2.39857 34.2121 23.1493 1.23426 -14.6637 -3.61449 30.5072 3.31961 -11.3053 -1.74147 10.0251 55.8534 -8.61909 6.68676 40.2717 -18.0766 -0.280638 -5.63895 29.6473 17.5776 6.14949 -11.7346 2.01552 37.2135 17.4451
internal_weight=31867 21130 10737 3438 7299 11796 9334 2587 3344 851 3955 5983 2008 5243 5813 3142 4091 2598 625 3762 2221 579 226 1239 2904 746 769 813 1342 1360 1256 1782 2909 415 229 406 258 3087 367 824 1784 2677 1083 120 644 2566 2004 418 98 2394 447 183 2178 607 2412 540 936 1138 2004 1177 274 355
internal_count=31867 21130 10737 3438 7299 11796 9334 2587 3344 851 3955 5983 2008 5243 5813 3142 4091 2598 625 3762 2221 579 226 1239 2904 746 769 813 1342 1360 1256 1782 2909 415 229 406 258 3087 367 824 1784 2677 1083 120 644 2566 2004 418 98 2394 447 183 2178 607 2412 540 936 1138 2004 1177 274 355
is_linear=0
shrinkage=0.05


Tree=2
num_leaves=63
num_cat=0
split_feature=35 35 35 35 35 35 35 40 40 35 40 40 35 35 35 35 35 35 35 40 40 35 35 40 40 40 35 40 35 40 40 40 40 35 40 35 40 40 35 40 40 40 40 40 35 35 35 40 40 35 40 35 35 35 40 40 35 40 40 35 40 35
split_gain=1.80217e+09 3.07193e+08 2.64291e+08 4.74911e+07 4.34241e+07 4.22612e+07 3.8921e+07 1.31485e+07 1.29507e+07 9.16841e+06 9.15757e+06 8.96038e+06 5.35944e+06 5.23721e+06 4.7392e+06 4.44964e+06 4.42958e+06 4.36354e+06 3.57352e+06 3.47428e+06 3.33475e+06 2.2054e+06 1.96802e+06 1.83741e+06 1.77424e+06 1.72847e+06 1.71679e+06 1.55671e+06 1.55661e+06 1.37709e+06 1.27098e+06 1.24633e+06 1.19302e+06 1.01469e+06 985790 930733 883520 867294 828640 802256 685209 684564 677616 676968 639536 599031 588060 545814 545199 542956 516249 508424 497848 497508 496349 463829 448190 442454 431692 411409 389135 377715
threshold=602.95000000000016 284.95000000000005 987.70000000000016 782.6500000000002 420.45000000000005 1249.5000000000002 133.35000000000005 1.0000000180025095e-35 1.0000000180025095e-35 506.35000000000008 1.0000000180025095e-35 1.0000000180025095e-35 209.55000000000004 1110.2000000000003 54.550000000000004 887.1500000000002 702.05000000000007 355.05000000000007 1397.9500000000003 1.0000000180025095e-35 1.0000000180025095e-35 1397.9500000000003 894.95000000000016 1.0000000180025095e-35 4.5000000000000009 4.5000000000000009 1110.2000000000003 4.5000000000000009 690.95000000000016 4.5000000000000009 4.5000000000000009 4.5000000000000009 1.0000000180025095e-35 466.75000000000006 1.5000000000000002 1531.0000000000002 4.5000000000000009 1.5000000000000002 552.6500000000002 3.5000000000000004 1.0000000180025095e-35 3.5000000000000004 1.5000000000000002 1.5000000000000002 96.050000000000011 168.65000000000006 1531.0000000000002 1.5000000000000002 4.5000000000000009 249.95000000000002 4.5000000000000009 838.80000000000018 320.75000000000006 1187.8500000000001 4.5000000000000009 4.5000000000000009 656.45000000000016 4.5000000000000009 5.5000000000000009 1044.7500000000002 1.5000000000000002 463.85000000000008
decision_type=2 2 2 2 2 2 2 2 2 2 2 2 2 2 2 2 2 2 2 2 2 2 2 2 2 2 2 2 2 2 2 2 2 2 2 2 2 2 2 2 2 2 2 2 2 2 2 2 2 2 2 2 2 2 2 2 2 2 2 2 2 2
left_child=1 6 3 11 17 8 14 22 26 19 21 28 45 24 -1 25 30 32 36 61 -11 -7 -5 -19 37 41 -4 34 -2 39 42 47 -3 54 -15 48 43 -10 55 -17 -14 -9 -13 -12 -16 -8 -23 -18 -20 -42 -25 -27 -34 -29 -21 -22 -32 60 -31 -26 -35 -6
right_child=2 4 5 7 9 10 12 15 13 20 18 16 40 27 44 29 31 23 35 33 38 46 -24 50 59 51 -28 53 -30 58 56 -33 52 57 -36 -37 -38 -39 -40 -41 49 -43 -44 -45 -46 -47 -48 -49 -50 -51 -52 -53 -54 -55 -56 -57 -58 -59 -60 -61 -62 -63
leaf_value=-20.2013347761905 10.616524766176866 -5.2684374773943867 30.224888886345759 19.865424128706739 0.54953957848286494 43.094039678573608 -14.546536771927146 11.765965680586987 24.167793782552085 6.272741171351651 36.492748769124347 7.3954964151187825 -8.7988814424877315 29.972175771539863 -17.721837379646466 16.250280233808038 11.146834709530786 -1.8547295905506076 34.398591263567816 -4.1993702648099793 -1.1700784611701966 50.173809523809524 25.023622767544726 -6.2991549619502978 21.429603131612144 12.900837168895023 36.129575919217842 26.94009976634921 14.981494631883576 19.477695583556752 5.4002313757724458 10.118642185779679 -8.7173831209362067 0.25419321837571435 21.645574373812291 44.871719401041673 34.211471285800705 17.072587899438741 2.516746206370569 11.368539712088449 -11.63155886143732 7.9206528000209646 2.8910816291452832 27.104094934463504 -16.055378192288057 -13.004695463317171 58.257125680106029 6.1051744876157485 40.187920091972984 -10.067177509329174 -4.7369838264449902 15.10138584355839 -7.2432516574009647 30.045397684159976 -2.4228585699707512 1.2239311170412503 7.4012569235648602 -0.61927869456340368 17.084203523476219 23.993212079090679 -3.1487155928067221 2.8712619083268303
leaf_weight=2045 407 486 288 465 366 128 1148 312 51 456 24 98 484 44 1159 211 63 467 61 605 305 63 307 822 312 568 215 327 410 322 610 926 1170 106 185 75 247 277 978 140 1147 184 564 96 1144 1396 35 363 122 1074 1483 488 1122 213 1123 601 517 953 454 314 405 336
leaf_count=2045 407 486 288 465 366 128 1148 312 51 456 24 98 484 44 1159 211 63 467 61 605 305 63 307 822 312 568 215 327 410 322 610 926 1170 106 185 75 247 277 978 140 1147 184 564 96 1144 1396 35 363 122 1074 1483 488 1122 213 1123 601 517 953 454 314 405 336
internal_value=0.0170748 -8.30991 16.9958 11.8803 -2.90134 29.3133 -14.951 16.1674 25.6902 -0.0374744 38.7904 8.14238 -12.053 23.6296 -18.4496 14.5106 6.92907 -6.11815 35.6715 -1.5239 2.43609 47.4159 21.9167 -4.71465 21.1547 12.7742 32.7488 26.7 12.807 16.9019 5.29677 9.08897 -7.51862 -2.22429 23.2454 40.1807 32.5015 18.1758 1.50748 14.3031 -10.5036 10.3395 3.5579 28.9818 -16.894 -13.7005 53.0607 6.85077 38.2581 -10.8751 -5.29408 13.9178 -7.99575 28.165 -3.04484 0.418001 6.31818 -1.25578 18.0774 22.7155 -2.44283 1.66079
internal_weight=31867 21381 10486 7409 11784 3077 9597 3451 2226 6234 851 3958 5249 1723 4348 2679 3141 5550 625 3894 2340 226 772 2772 954 1552 503 769 817 1127 1789 1352 2778 3192 229 258 367 328 1884 351 2705 496 662 120 2303 2544 98 426 183 2221 2305 1056 2292 540 1728 906 1127 1464 776 626 511 702
internal_count=31867 21381 10486 7409 11784 3077 9597 3451 2226 6234 851 3958 5249 1723 4348 2679 3141 5550 625 3894 2340 226 772 2772 954 1552 503 769 817 1127 1789 1352 2778 3192 229 258 367 328 1884 351 2705 496 662 120 2303 2544 98 426 183 2221 2305 1056 2292 540 1728 906 1127 1464 776 626 511 702
is_linear=0
shrinkage=0.05


Tree=3
num_leaves=63
num_cat=0
split_feature=33 36 36 32 34 36 36 36 36 36 37 36 37 37 37 37 37 36 36 37 40 36 40 40 36 37 36 37 36 36 36 40 36 37 36 36 40 36 40 36 37 40 36 36 36 40 40 37 36 36 37 36 40 40 36 37 36 40 40 37 36 37
split_gain=1.12702e+09 3.0007e+08 2.86114e+08 1.33125e+08 6.61977e+07 5.49728e+07 3.78149e+07 3.22658e+07 2.9575e+07 2.87194e+07 2.71102e+07 2.1342e+07 1.57176e+07 1.46405e+07 1.37487e+07 1.2763e+07 9.97333e+06 9.8714e+06 9.42065e+06 8.91014e+06 8.38371e+06 6.84494e+06 6.70345e+06 5.11898e+06 4.94325e+06 4.81099e+06 4.78682e+06 4.68727e+06 4.63273e+06 4.60984e+06 4.08846e+06 4.00201e+06 3.65272e+06 3.42974e+06 2.87657e+06 2.73669e+06 2.68283e+06 2.44963e+06 2.31511e+06 2.30984e+06 2.27127e+06 2.26801e+06 2.18537e+06 2.18365e+06 2.13866e+06 2.12474e+06 2.1051e+06 1.87661e+06 1.8284e+06 1.65585e+06 1.64989e+06 1.54544e+06 1.48142e+06 1.45814e+06 1.45705e+06 1.31678e+06 1.30083e+06 1.27782e+06 1.22699e+06 1.2264e+06 1.21458e+06 1.20974e+06
threshold=0.95000000000000007 211.48750000000004 161.38750000000002 100.55000000000001 24.850000000000005 140.98750000000004 284.0125000000001 282.51250000000005 85.410000000000011 289.95500000000004 3.5000000000000004 362.04166666666669 1.5000000000000002 1.5000000000000002 3.5000000000000004 2.5000000000000004 4.5000000000000009 376.6375000000001 92.112500000000011 4.5000000000000009 1.0000000180025095e-35 262.54166666666674 1.0000000180025095e-35 1.5000000000000002 338.42000000000002 3.5000000000000004 224.28750000000005 2.5000000000000004 178.11250000000004 32.300000000000004 379.48750000000007 1.0000000180025095e-35 218.61250000000004 3.5000000000000004 334.03333333333336 173.16750000000005 1.0000000180025095e-35 248.08750000000001 1.0000000180025095e-35 179.28000000000003 4.5000000000000009 1.5000000000000002 240.05833333333337 424.12500000000006 370.65000000000009 1.0000000180025095e-35 1.0000000180025095e-35 2.5000000000000004 205.71666666666673 336.48750000000007 4.5000000000000009 125.61 1.0000000180025095e-35 1.0000000180025095e-35 331.81666666666672 4.5000000000000009 250.51000000000002 1.0000000180025095e-35 1.0000000180025095e-35 3.5000000000000004 248.08750000000001 1.5000000000000002
decision_type=2 2 2 2 2 2 2 2 2 2 2 2 2 2 2 2 2 2 2 2 2 2 2 2 2 2 2 2 2 2 2 2 2 2 2 2 2 2 2 2 2 2 2 2 2 2 2 2 2 2 2 2 2 2 2 2 2 2 2 2 2 2
left_child=2 5 8 11 9 18 15 19 29 14 39 12 21 -10 31 26 28 36 -2 23 34 -4 44 56 40 -20 -5 51 52 -1 33 -3 -17 49 55 -18 -8 -33 -16 -7 -22 -21 -25 -13 59 -19 -30 54 -14 -24 -27 -15 -12 -37 -38 -9 -6 -28 -45 -11 -40 -31
right_child=1 4 3 6 7 10 17 20 13 22 16 43 48 27 38 32 35 45 25 41 24 -23 30 42 -26 50 57 -29 46 61 -32 37 -34 -35 -36 53 47 -39 60 -41 -42 -43 -44 58 -46 -47 -48 -49 -50 -51 -52 -53 -54 -55 -56 -57 -58 -59 -60 -61 -62 -63
leaf_value=-19.204288483425916 -10.109979791831078 15.235451830072734 -11.440105142124075 -4.3642040761400542 22.642623450539332 -0.70607963045955913 10.816880253008552 36.547554517473493 -14.896859190688671 25.298164228959518 10.196049389369051 -4.2310876727355993 -5.0415340320583875 -11.497062946347292 25.786489646218044 2.8507668610805506 12.530693618344589 18.616478709933126 -5.6486578631349147 35.123488010869963 27.337856034558229 -7.4418607087063613 16.136035600169404 14.535182607990421 37.815762892714496 -0.52620621502200604 3.8263716005235224 -4.5587678783641872 16.232862517793301 -17.132878500071879 27.137234960735174 6.5735338884436576 9.9167957385381058 28.31126044262415 49.587960541114377 25.320366483121305 3.6478590417694714 11.144257584383656 15.802668951678749 3.7172302809854352 37.702395304695507 26.684143198878054 20.142817175805153 1.4943591905163325 36.416496494838171 12.083186676233701 9.9866870765753326 14.535595453435725 -1.1615134395986983 20.888799620837702 4.6773646883797229 -8.4548216751966443 4.4142155476860587 17.493956734004776 7.1429416223687134 49.005171997070313 29.100694264003209 -0.41841042938443257 -2.1414636501531965 38.258496856689455 20.956009524801502 -14.481161149376423
leaf_weight=2008 427 317 2154 980 176 542 291 140 1645 209 142 1350 581 826 110 442 284 158 409 107 396 2128 507 292 222 459 217 529 177 788 181 575 312 87 89 74 720 598 302 648 61 311 429 282 70 586 567 55 636 287 228 844 504 304 509 25 140 969 1310 20 184 947
leaf_count=2008 427 317 2154 980 176 542 291 140 1645 209 142 1350 581 826 110 442 284 158 409 107 396 2128 507 292 222 459 217 529 177 788 181 575 312 87 89 74 720 598 302 648 61 311 429 282 70 586 567 55 636 287 228 844 504 304 509 25 140 969 1310 20 184 947
internal_value=0.0162211 13.335 -6.6222 -2.30325 20.9372 4.02572 3.95755 27.3357 -14.4096 16.5045 7.70664 -6.18908 -8.02803 -11.3292 12.8181 0.171932 11.1885 8.72425 -3.80982 22.6816 34.5936 -9.45312 22.1548 20.1974 31.6948 -1.35528 -1.77841 -8.66031 8.78293 -17.5732 20.2928 10.2508 5.77464 18.8866 42.343 16.2396 6.48215 8.90371 19.2363 1.70258 28.7213 28.8445 17.8718 -2.75183 28.768 13.4706 11.4727 5.49975 -3.01385 17.854 1.20074 -9.95955 5.68514 19.0261 5.09537 38.4351 25.5038 0.358249 -1.49743 26.4301 17.7537 -15.6855
internal_weight=31867 10600 21267 13680 5835 4765 5239 2388 7587 3447 3242 8441 5499 3844 2086 2920 2052 2319 1523 1455 933 4282 1361 1037 679 1096 2166 2199 1390 3743 1062 1490 754 881 254 662 1575 1173 596 1190 457 418 721 2942 299 744 744 1284 1217 794 687 1670 646 378 1229 165 316 1186 1592 229 486 1735
internal_count=31867 10600 21267 13680 5835 4765 5239 2388 7587 3447 3242 8441 5499 3844 2086 2920 2052 2319 1523 1455 933 4282 1361 1037 679 1096 2166 2199 1390 3743 1062 1490 754 881 254 662 1575 1173 596 1190 457 418 721 2942 299 744 744 1284 1217 794 687 1670 646 378 1229 165 316 1186 1592 229 486 1735
is_linear=0
shrinkage=0.05


Tree=4
num_leaves=63
num_cat=0
split_feature=33 36 36 32 34 36 36 31 36 36 36 34 32 36 21 36 21 36 40 36 40 40 31 36 36 31 36 40 21 36 36 31 36 21 40 40 31 36 36 34 40 21 36 21 40 21 40 40 36 21 36 36 36 36 21 40 36 40 36 21 40 36
split_gain=1.01721e+09 2.72561e+08 2.58362e+08 1.19042e+08 6.27281e+07 4.35664e+07 3.43001e+07 3.3456e+07 3.27515e+07 2.94703e+07 2.7042e+07 1.81652e+07 1.08197e+07 8.49281e+06 7.9558e+06 7.26231e+06 6.9277e+06 6.4022e+06 6.04987e+06 5.81724e+06 5.57005e+06 5.12671e+06 5.04534e+06 4.3165e+06 4.24016e+06 4.17704e+06 4.126e+06 3.87214e+06 3.82752e+06 3.68984e+06 3.18947e+06 2.94813e+06 2.60771e+06 2.60142e+06 2.47622e+06 2.41674e+06 2.29325e+06 2.2462e+06 2.20505e+06 2.15868e+06 2.12114e+06 2.09266e+06 1.93035e+06 1.76286e+06 1.74096e+06 1.69934e+06 1.59086e+06 1.53987e+06 1.5323e+06 1.50309e+06 1.50137e+06 1.3964e+06 1.32646e+06 1.28542e+06 1.22083e+06 1.1479e+06 1.12326e+06 1.11395e+06 1.10374e+06 1.06365e+06 967417 966645
threshold=1.0000000180025095e-35 204.51666666666668 162.61250000000004 98.350000000000009 24.850000000000005 131.81250000000003 298.01666666666671 330.25000000000006 275.04166666666669 289.95500000000004 85.410000000000011 1.0000000180025095e-35 1.0000000180025095e-35 352.12500000000006 1.0000000180025095e-35 387.95000000000005 1.0000000180025095e-35 92.112500000000011 1.0000000180025095e-35 243.37500000000003 1.0000000180025095e-35 1.5000000000000002 410.45000000000005 162.61250000000004 250.51000000000002 238.95000000000002 32.300000000000004 1.0000000180025095e-35 1.0000000180025095e-35 379.48750000000007 163.87083333333337 205.95000000000002 248.08750000000001 1.0000000180025095e-35 1.0000000180025095e-35 1.0000000180025095e-35 89.550000000000011 123.86250000000003 226.32916666666668 1.0000000180025095e-35 1.5000000000000002 1.0000000180025095e-35 373.58333333333343 1.0000000180025095e-35 1.5000000000000002 1.0000000180025095e-35 1.0000000180025095e-35 1.0000000180025095e-35 240.05833333333337 1.0000000180025095e-35 298.01666666666671 205.71666666666673 342.98333333333341 232.25833333333335 1.0000000180025095e-35 1.5000000000000002 205.71666666666673 1.0000000180025095e-35 237.71000000000006 1.0000000180025095e-35 4.5000000000000009 65.52500000000002
decision_type=2 2 2 2 2 2 2 2 2 2 2 2 2 2 2 2 2 2 2 2 2 2 2 2 2 2 2 2 2 2 2 2 2 2 2 2 2 2 2 2 2 2 2 2 2 2 2 2 2 2 2 2 2 2 2 2 2 2 2 2 2 2
left_child=2 5 10 7 9 17 14 25 21 16 26 30 31 20 19 34 27 61 42 56 54 43 55 -13 36 -4 -1 58 48 41 -7 -12 -29 -32 -8 -15 -16 -14 -18 -19 -25 52 -11 -6 -24 -39 -17 -40 -23 -42 59 -38 -20 -30 -10 -9 -5 -21 -3 -22 -51 -2
right_child=1 4 3 6 8 11 15 22 13 18 12 23 37 35 24 46 38 39 29 57 50 28 44 40 -26 -27 -28 32 53 -31 33 -33 -34 -35 -36 -37 51 45 47 -41 49 -43 -44 -45 -46 -47 -48 -49 -50 60 -52 -53 -54 -55 -56 -57 -58 -59 -60 -61 -62 -63
leaf_value=-18.244074064611915 -12.514618629940706 10.845490509271622 -11.31635432252183 -4.9477273345736048 22.805543748918936 0.29749694551280043 11.192766377484357 -2.5875867199751554 34.764718170982 25.233064029774766 -14.011423402470527 6.6668435133390407 -9.8640723017309 48.693551271353201 -2.5290070963792162 18.381242299079897 12.006082016798889 -4.1744988956309781 15.801778881155329 5.1308400090535482 22.614650920945774 13.50903111023157 1.0223285670968749 16.632719065138129 11.788234524582371 -7.9334405139102886 -14.912501039449879 6.3114972662953832 19.299853265107568 25.780372796664579 2.3619449466858375 -8.9076413751709715 10.977177756750963 7.2053000287218714 5.8625581400764268 37.328844191028224 2.228271051916209 -7.9972759144931089 23.403052658730367 1.0303008666488491 8.2797904397475239 25.351422873208691 35.02795329093933 29.561543436686197 -2.1862841489059015 -3.7693922804886015 12.111814513907424 16.294580032101912 18.547589527253184 9.5243726149201393 29.429037333449273 7.1994241278181192 20.255928971677648 24.740860007981127 44.291647115567841 -5.3490011535525532 -1.9381928536754811 0.94875940507232781 16.704865384984899 29.912284623331104 14.792578213031476 -7.6876723118212702
leaf_weight=2008 173 128 1619 572 271 683 270 479 187 235 1764 457 813 67 153 128 267 505 556 195 196 294 546 242 165 2091 1730 636 201 181 590 337 566 523 1129 155 330 599 94 329 269 86 64 150 1873 394 483 402 310 128 365 247 239 236 41 1756 677 868 216 67 273 259
leaf_count=2008 173 128 1619 572 271 683 270 479 187 235 1764 457 813 67 153 128 267 505 556 195 196 294 546 242 165 2091 1730 636 201 181 590 337 566 523 1129 155 330 599 94 329 269 86 64 150 1873 394 483 402 310 128 365 247 239 236 41 1756 677 868 216 67 273 259
internal_value=0.01541 12.6321 -6.3096 -2.17082 19.3917 3.15876 3.75641 -5.86789 25.4321 15.2111 -13.662 6.29439 -10.7533 32.0441 0.546769 8.87745 11.7712 -4.68032 21.047 -1.00269 29.7841 20.5568 -3.04448 10.633 4.54939 -9.4097 -16.7022 9.84713 18.6739 19.2782 2.98725 -13.1928 8.50848 4.63784 6.89126 40.7587 2.91322 -7.91528 15.6696 -2.12129 12.6205 17.9423 27.3296 25.2127 -1.46206 -6.31975 13.4252 17.6418 16.095 11.1713 27.3538 4.3563 17.1408 22.2382 36.4779 -4.75718 -3.31646 1.71593 14.5246 24.4737 13.111 -9.62069
internal_weight=31867 10641 21226 13581 6210 4431 5217 8364 2540 3670 7645 3165 3907 1078 3207 2010 2309 1266 1361 2312 856 1462 4654 1369 895 3710 3738 1546 1041 1062 1796 2101 1202 1113 1399 222 730 1806 763 834 912 881 299 421 2419 993 611 496 604 670 628 577 795 437 228 2235 1249 1063 344 263 401 432
internal_count=31867 10641 21226 13581 6210 4431 5217 8364 2540 3670 7645 3165 3907 1078 3207 2010 2309 1266 1361 2312 856 1462 4654 1369 895 3710 3738 1546 1041 1062 1796 2101 1202 1113 1399 222 730 1806 763 834 912 881 299 421 2419 993 611 496 604 670 628 577 795 437 228 2235 1249 1063 344 263 401 432
is_linear=0
shrinkage=0.05


Tree=5
num_leaves=63
num_cat=0
split_feature=35 35 35 35 35 35 35 40 40 40 40 35 35 35 35 35 35 35 40 40 35 35 40 35 40 35 40 40 40 40 40 40 40 40 40 40 40 40 40 35 40 40 40 40 40 40 35 35 40 35 40 35 40 35 40 35 36 40 40 35 40 40
split_gain=1.31471e+09 2.21722e+08 2.03288e+08 3.7394e+07 3.14743e+07 3.14568e+07 2.69319e+07 1.01642e+07 1.00824e+07 6.49502e+06 5.81228e+06 5.51237e+06 4.90139e+06 4.07988e+06 3.98878e+06 3.80062e+06 3.11998e+06 2.91957e+06 2.78243e+06 2.44987e+06 2.00027e+06 1.75281e+06 1.65393e+06 1.65263e+06 1.6339e+06 1.48109e+06 1.46301e+06 1.38556e+06 1.24201e+06 1.06587e+06 1.03856e+06 909577 884037 876629 838072 961684 825024 811312 786060 754743 725262 700814 676430 594553 580990 574254 556121 524361 523137 445076 445002 435946 434408 410201 401159 399266 397866 389580 387293 375907 366122 351422
threshold=592.85000000000014 278.45000000000005 958.55000000000007 1249.5000000000002 423.15000000000009 747.75000000000011 125.75000000000001 1.0000000180025095e-35 1.0000000180025095e-35 1.0000000180025095e-35 1.0000000180025095e-35 498.35000000000008 1083.5500000000002 355.05000000000007 853.25000000000011 206.35000000000005 1455.95 38.250000000000007 1.0000000180025095e-35 1.0000000180025095e-35 667.90000000000009 1531.0000000000002 1.5000000000000002 1069.4000000000003 4.5000000000000009 838.80000000000018 4.5000000000000009 4.5000000000000009 4.5000000000000009 1.0000000180025095e-35 1.5000000000000002 4.5000000000000009 1.5000000000000002 4.5000000000000009 4.5000000000000009 1.5000000000000002 4.5000000000000009 4.5000000000000009 4.5000000000000009 656.45000000000016 4.5000000000000009 1.5000000000000002 1.5000000000000002 1.5000000000000002 1.0000000180025095e-35 1.5000000000000002 1351.1500000000003 1170.4500000000003 1.5000000000000002 168.65000000000006 4.5000000000000009 1313.1500000000003 5.5000000000000009 455.95000000000005 5.5000000000000009 91.450000000000017 403.42500000000001 1.5000000000000002 5.5000000000000009 538.75000000000011 3.5000000000000004 2.5000000000000004
decision_type=2 2 2 2 2 2 2 2 2 2 2 2 2 2 2 2 2 2 2 2 2 2 2 2 2 2 2 2 2 2 2 2 2 2 2 2 2 2 2 2 2 2 2 2 2 2 2 2 2 2 2 2 2 2 2 2 2 2 2 2 2 2
left_child=1 6 5 8 13 10 17 25 23 21 39 19 26 29 27 49 34 -1 -13 -6 33 46 -15 -4 30 -7 41 42 32 -3 -14 45 -16 57 35 -11 48 -18 43 -2 -24 -10 -9 -21 -17 -22 -5 -26 -20 -8 -31 -36 -28 -40 -30 -19 -39 -12 -29 -38 61 -32
right_child=2 4 3 9 11 7 15 14 12 16 20 18 24 22 28 44 37 55 36 38 31 -23 40 -25 47 -27 52 58 54 50 60 -33 -34 -35 51 -37 59 56 53 -41 -42 -43 -44 -45 -46 -47 -48 -49 -50 -51 -52 -53 -54 -55 -56 -57 -58 -59 -60 -61 -62 -63
leaf_value=-17.432269381786451 8.3210731013371397 -4.5318181250824487 24.592480474219101 36.609974892934162 1.4654279354257516 15.439864796931202 -12.546400317607889 12.11806409594039 19.954634692622168 33.090209153119261 5.5620919981999188 5.1648493502320365 25.304940986633301 -1.6833102167573768 16.045320768614072 -7.5721953740195618 31.577445259740799 -15.417431509152406 2.7881760806446931 -0.53941313124128754 8.5732911266858078 51.900307178497314 -5.9220018655754805 30.049399616407314 22.475766379616477 19.68029285249256 20.100001124331826 11.807489269105348 15.607204945882163 -7.9124739183319948 15.94566041855585 7.3608177361386202 10.021135041880054 4.6532761577038979 28.030796573668955 23.537151590983072 0.63627481403261887 37.322201152912626 -2.2518562550302432 11.574158593672742 -3.9711224307853841 13.581968220302038 6.8730431885698486 -3.7009319136659231 -9.5698329563104263 3.9158978960093331 42.2355020782094 25.343593569362866 -1.1181785731151859 -11.261103522132938 -6.5088565774929315 31.88843935927904 17.572114447006989 -0.76280039848758507 13.498053586352004 -14.071923630192595 44.470715459187829 1.4598704435869176 9.9171214387530373 2.4041925442039589 15.725868534219678 21.593662166595461
leaf_weight=1934 325 533 279 96 626 404 1383 71 51 34 67 476 56 637 74 441 59 1149 101 182 79 32 688 276 385 420 285 454 384 864 42 887 344 881 127 117 521 103 797 395 1549 280 458 813 2084 408 81 272 566 1313 1630 173 421 1102 546 1060 24 425 672 711 116 80
leaf_count=1934 325 533 279 96 626 404 1383 71 51 34 67 476 56 637 74 441 59 1149 101 182 79 32 688 276 385 420 285 454 384 864 42 887 344 881 127 117 521 103 797 395 1549 280 458 813 2084 408 81 272 566 1313 1630 173 421 1102 546 1060 24 425 672 711 116 80
internal_value=-0.0402181 -7.25904 14.2582 24.377 -2.69889 9.55677 -13.0036 12.6821 21.3476 33.4829 6.10695 -0.114833 19.6842 -5.28032 11.3323 -10.6149 30.9734 -16.0137 1.74655 -1.37074 5.05885 41.1313 -3.93106 27.3062 22.2767 17.6012 17.3067 9.6877 13.3514 -6.56137 19.1785 6.40758 11.0876 3.70913 28.7262 25.6882 0.88973 36.4223 -1.98423 10.1058 -4.57112 14.5639 7.57701 -3.12264 -9.22094 4.67141 39.1844 23.6631 -0.526662 -11.9204 -6.99511 30.2554 18.5926 -1.38775 14.3689 -14.7718 38.6731 2.01851 10.6793 1.65656 17.737 19.6493
internal_weight=31843 21160 10683 3389 11796 7294 9364 3827 2543 846 3467 5895 1988 5901 3003 5221 637 4143 2375 3520 2747 209 2874 555 951 824 1037 1655 1348 3027 294 1374 418 1373 451 151 1899 186 2894 720 2237 331 529 995 2525 487 177 657 667 2696 2494 300 706 1899 930 2209 127 492 1126 1232 238 122
internal_count=31843 21160 10683 3389 11796 7294 9364 3827 2543 846 3467 5895 1988 5901 3003 5221 637 4143 2375 3520 2747 209 2874 555 951 824 1037 1655 1348 3027 294 1374 418 1373 451 151 1899 186 2894 720 2237 331 529 995 2525 487 177 657 667 2696 2494 300 706 1899 930 2209 127 492 1126 1232 238 122
is_linear=0
shrinkage=0.05


Tree=6
num_leaves=63
num_cat=0
split_feature=33 36 36 32 37 36 36 37 36 36 37 36 36 37 36 37 36 37 37 36 36 36 36 40 37 40 37 36 40 36 36 37 36 40 40 40 37 40 36 40 36 40 36 40 36 36 40 40 40 40 40 37 36 36 36 36 36 36 37 40 36 40
split_gain=8.23716e+08 2.14185e+08 2.12014e+08 9.59136e+07 4.73993e+07 4.53957e+07 2.70383e+07 2.67454e+07 2.54694e+07 2.35009e+07 2.22321e+07 1.45406e+07 1.27182e+07 1.06233e+07 9.0537e+06 8.8886e+06 8.12672e+06 7.33222e+06 6.7794e+06 5.58752e+06 5.29043e+06 5.04108e+06 4.4783e+06 4.30532e+06 4.24754e+06 4.17621e+06 4.09977e+06 4.00543e+06 3.67873e+06 3.21363e+06 3.10493e+06 2.54606e+06 2.25768e+06 2.25371e+06 2.24698e+06 1.89819e+06 1.75005e+06 1.73206e+06 1.7077e+06 1.68941e+06 1.56665e+06 1.5451e+06 1.48881e+06 1.48035e+06 1.41705e+06 1.38977e+06 1.38219e+06 1.37572e+06 1.37275e+06 1.29023e+06 1.18739e+06 1.09002e+06 1.08956e+06 1.07119e+06 1.0587e+06 983362 944040 939157 915575 859825 811594 795354
threshold=1.0000000180025095e-35 218.61250000000004 173.16750000000005 100.55000000000001 3.5000000000000004 149.39000000000001 275.04166666666669 1.5000000000000002 311.45833333333337 311.45833333333337 3.5000000000000004 370.65000000000009 100.47500000000001 1.5000000000000002 108.06666666666669 2.5000000000000004 345.05000000000013 4.5000000000000009 4.5000000000000009 243.37500000000003 76.050000000000026 268.21666666666675 376.6375000000001 1.0000000180025095e-35 3.5000000000000004 1.0000000180025095e-35 2.5000000000000004 258.24166666666673 1.0000000180025095e-35 185.05833333333337 232.25833333333335 4.5000000000000009 359.52500000000003 1.0000000180025095e-35 1.0000000180025095e-35 1.0000000180025095e-35 4.5000000000000009 1.0000000180025095e-35 57.258333333333333 1.5000000000000002 78.441666666666677 1.0000000180025095e-35 318.92500000000001 1.0000000180025095e-35 178.11250000000004 242.21250000000003 1.5000000000000002 1.0000000180025095e-35 1.5000000000000002 1.0000000180025095e-35 1.0000000180025095e-35 4.5000000000000009 382.3250000000001 449.45000000000005 231.11250000000004 189.8416666666667 397.11250000000013 133.56250000000003 3.5000000000000004 4.5000000000000009 138.27083333333334 1.0000000180025095e-35
decision_type=2 2 2 2 2 2 2 2 2 2 2 2 2 2 2 2 2 2 2 2 2 2 2 2 2 2 2 2 2 2 2 2 2 2 2 2 2 2 2 2 2 2 2 2 2 2 2 2 2 2 2 2 2 2 2 2 2 2 2 2 2 2
left_child=2 5 7 11 9 14 18 20 15 27 43 13 38 21 40 19 23 29 25 61 -1 -4 48 51 -16 -6 57 50 52 49 -17 42 -30 -18 -29 -19 -26 -31 -9 -24 -2 -13 -25 -7 -37 -27 -20 -21 -10 -12 -3 -8 -11 -43 -15 -45 -35 -14 -42 -47 -28 -5
right_child=1 4 3 8 6 10 16 12 22 28 17 41 26 54 24 30 33 35 46 47 -22 -23 39 31 36 45 60 34 32 37 -32 -33 -34 56 -36 44 -38 -39 -40 -41 58 53 -44 55 -46 59 -48 -49 -50 -51 -52 -53 -54 -55 -56 -57 -58 -59 -60 -61 -62 -63
leaf_value=-16.214158898998104 -9.8869320704524686 11.421084552921663 -9.5803120045769763 0.18790916153299275 22.072240147446141 5.5577854947482841 31.061418281717508 -14.362065168868666 9.8246417181832459 23.640273841651712 9.8250024196079799 0.3708496543319888 -9.0967940582558402 -3.2489829517167834 -3.6988680393588775 3.4203243898593381 43.66335024447055 20.873947731923252 30.449388327249665 5.1750562477111819 -12.778937604950697 -6.12900270042506 15.684793585473365 21.757284768279895 0.97178488782463734 13.291701610239642 -4.5407953363503042 16.729960732616728 15.8419392824742 15.210313792758519 10.244520665263082 32.152712536883612 21.480725219032983 31.749494185721041 10.882164673287225 10.595036517872529 6.1261819571627623 9.5958576886407254 -10.973254754808215 10.134790298407026 -7.7952121153110419 -3.6141109573050949 27.244683828967357 -0.26492539772905976 15.914790101698888 14.025689536902556 23.024405274355324 1.1633468166003815 5.3844708150808396 4.8112411626225455 6.417437090378745 41.324444885253911 31.937693334508829 -1.3949070174592888 0.15982458940611557 2.9580492022560865 40.939008465935203 -6.6310861402364267 -2.922972983121872 18.483087320437377 -0.67825639921448611 -3.2475714289778743
leaf_weight=2363 266 146 2034 201 297 255 188 602 224 148 175 482 647 686 412 428 74 118 82 265 2132 2205 182 446 520 457 271 213 419 180 273 93 308 157 718 204 241 580 972 556 164 1388 171 498 324 157 266 1104 781 481 631 30 54 894 341 451 34 958 234 348 273 1041
leaf_count=2363 266 146 2034 201 297 255 188 602 224 148 175 482 647 686 412 428 74 118 82 265 2132 2205 182 446 520 457 271 213 419 180 273 93 308 157 718 204 241 580 972 556 164 1388 171 498 324 157 266 1104 781 481 631 30 54 894 341 451 34 958 234 348 273 1041
internal_value=-0.0382072 11.3946 -5.69476 -1.74175 18.2998 4.03739 22.8304 -11.9889 3.65361 13.4892 7.5742 -5.13821 -8.85466 -6.67966 -2.25069 1.07893 28.5329 10.7265 18.5969 -0.263205 -14.5848 -7.78504 8.54594 26.3277 0.390285 16.8895 -6.35362 10.0081 19.8894 8.7126 6.07796 24.4406 18.2309 36.2554 12.2201 15.1407 2.60412 10.9256 -12.2694 11.5035 -6.91614 -2.2014 23.2781 2.17557 13.8594 15.2895 24.774 1.9399 6.37412 6.14875 7.35763 32.4738 25.8584 -2.74471 -2.11714 1.26675 33.3853 -7.62505 -4.93063 17.0973 -2.60243 -2.69159
internal_weight=31843 10540 21303 13085 5437 5103 2800 8218 5055 2637 3266 8030 3723 5266 1837 3312 1193 2062 1607 2611 4495 4239 1743 928 1173 1259 2149 1708 929 1416 701 710 727 265 931 646 761 760 1574 738 664 2764 617 1204 528 962 348 1369 1005 656 777 218 202 2282 1027 949 191 1605 398 505 544 1242
internal_count=31843 10540 21303 13085 5437 5103 2800 8218 5055 2637 3266 8030 3723 5266 1837 3312 1193 2062 1607 2611 4495 4239 1743 928 1173 1259 2149 1708 929 1416 701 710 727 265 931 646 761 760 1574 738 664 2764 617 1204 528 962 348 1369 1005 656 777 218 202 2282 1027 949 191 1605 398 505 544 1242
is_linear=0
shrinkage=0.05


Tree=7
num_leaves=63
num_cat=0
split_feature=35 35 35 35 35 35 35 40 40 40 40 40 35 35 35 35 35 35 35 35 35 40 35 35 40 40 40 35 40 40 40 40 40 40 40 40 40 40 40 35 40 40 40 40 35 40 40 40 40 35 35 40 40 40 40 40 35 40 40 40 40 40
split_gain=1.07221e+09 1.74512e+08 1.72183e+08 3.07814e+07 2.78305e+07 2.30882e+07 2.2896e+07 8.27026e+06 8.2551e+06 5.35724e+06 5.13876e+06 4.69291e+06 3.92684e+06 3.42089e+06 3.35951e+06 3.13962e+06 2.55134e+06 2.40495e+06 2.36158e+06 1.95394e+06 1.4854e+06 1.47861e+06 1.31129e+06 1.31119e+06 1.27847e+06 1.2603e+06 1.25726e+06 1.23963e+06 1.12642e+06 912116 895200 798881 777209 770623 840613 769130 754051 716561 709369 707844 645271 639397 616360 539362 513171 513043 488538 483096 469258 451213 415593 391374 386440 385470 381464 357955 352636 342293 331505 324986 323685 347441
threshold=582.6500000000002 281.55000000000007 958.55000000000007 1249.5000000000002 747.75000000000011 412.35000000000008 125.75000000000001 1.0000000180025095e-35 1.0000000180025095e-35 1.0000000180025095e-35 1.0000000180025095e-35 1.0000000180025095e-35 1083.5500000000002 213.05000000000004 853.25000000000011 480.05000000000007 1455.95 38.250000000000007 342.65000000000009 662.50000000000011 1531.0000000000002 4.5000000000000009 485.05000000000007 1069.4000000000003 1.5000000000000002 4.5000000000000009 4.5000000000000009 845.95000000000016 4.5000000000000009 1.5000000000000002 4.5000000000000009 4.5000000000000009 1.5000000000000002 4.5000000000000009 1.5000000000000002 4.5000000000000009 1.5000000000000002 4.5000000000000009 4.5000000000000009 667.90000000000009 4.5000000000000009 3.5000000000000004 3.5000000000000004 1.5000000000000002 527.55000000000007 1.5000000000000002 4.5000000000000009 5.5000000000000009 1.5000000000000002 181.05000000000004 1313.1500000000003 5.5000000000000009 1.5000000000000002 3.5000000000000004 5.5000000000000009 5.5000000000000009 812.6500000000002 3.5000000000000004 4.5000000000000009 3.5000000000000004 1.5000000000000002 2.5000000000000004
decision_type=2 2 2 2 2 2 2 2 2 2 2 2 2 2 2 2 2 2 2 2 2 2 2 2 2 2 2 2 2 2 2 2 2 2 2 2 2 2 2 2 2 2 2 2 2 2 2 2 2 2 2 2 2 2 2 2 2 2 2 2 2 2
left_child=1 6 4 7 10 18 17 23 27 20 39 22 25 49 26 38 33 -1 36 35 50 29 -7 -4 -20 41 42 -6 32 -14 43 48 -16 34 -11 53 -3 57 52 -2 -26 -9 60 -21 -33 -15 -38 -23 -17 -8 -5 -27 -13 -12 -35 -30 -28 -18 -47 -31 -10 -62
right_child=2 5 3 9 8 11 13 12 14 16 19 15 21 45 28 31 37 -19 24 30 -22 47 -24 -25 40 51 56 -29 55 59 -32 44 -34 54 -36 -37 46 -39 -40 -41 -42 -43 -44 -45 -46 58 -48 -49 -50 -51 -52 -53 -54 -55 -56 -57 -58 -59 -60 -61 61 -63
leaf_value=-15.756020961946886 7.5930246433210975 -4.4509774933843058 22.249825141934085 32.403402356133945 14.008746888704389 0.90147984351189914 -11.162355296677678 14.936809362824432 10.980017014624368 29.97653727811926 2.6078189866512651 -1.0380283577486555 22.87847696031843 -6.7711813053221768 14.570198739541546 1.5543647423699187 31.419737964206277 -13.341367939318289 -1.9719730573281387 7.7021610350835887 47.140396690368654 23.052216929309775 4.2791811663622221 27.110454813639326 -5.8111757255936798 18.260108519437022 9.027060679493335 17.890335333467736 14.216283655166627 17.587809303158618 6.6112233894140644 0.051465128155077922 8.9217125415802006 29.341704602922711 21.045041597806492 3.9934609798284679 -7.7956448690265638 35.044113856037768 -1.6981222490125554 10.646923533207229 -3.9647078544548493 10.475030010808124 4.4155374012296162 3.3266489484578097 1.856063677990468 -9.509693254364862 -6.0325137037476058 20.28843849727086 -1.5915310089504631 -9.8979535418565785 37.371093128345635 15.860695133526367 -3.8886987979619678 -0.19859570001877805 25.767879219055175 12.223940950610263 10.897147859988877 23.611013064177143 -8.0652924335002893 13.891383598590719 4.7125463239608276 8.4907793955369435
leaf_weight=1934 405 544 279 69 428 629 1773 194 71 34 347 141 56 547 74 143 36 2209 629 84 32 265 529 276 678 285 745 396 384 122 956 885 344 140 117 936 564 127 1662 357 1566 137 189 436 710 576 1295 392 693 1172 108 421 758 189 160 546 381 23 1280 116 93 176
leaf_count=1934 405 544 279 69 428 629 1773 194 71 34 347 141 56 547 74 143 36 2209 629 84 32 265 529 276 678 285 745 396 384 122 956 885 344 140 117 936 564 127 1662 357 1566 137 189 436 710 576 1295 392 693 1172 108 421 758 189 160 546 381 23 1280 116 93 176
internal_value=-0.0362968 -6.66738 12.6584 22.0189 8.44948 -2.505 -11.6784 19.2704 11.441 30.2805 5.36364 -0.42323 17.7638 -9.51688 10.2246 -1.08846 28.0015 -14.4686 -4.93163 4.41757 37.2268 20.0843 2.44449 24.667 -3.96418 15.6358 8.71525 15.8742 12.0776 17.1371 5.70307 0.198558 9.92168 25.9693 23.0561 3.12857 -6.0883 32.9289 -2.31014 9.02379 -4.5226 13.0901 6.70465 4.03346 0.854766 -8.11693 -6.56743 21.4032 -1.05342 -10.6592 35.4345 16.8293 -3.4416 1.61824 27.4357 13.0466 9.65983 28.3757 -8.51355 15.7862 7.97713 7.18455
internal_weight=31843 20917 10926 3389 7537 11426 9491 2543 3827 846 3710 6150 1988 5348 3003 4992 637 4143 5276 2948 209 951 1158 555 2873 1037 1655 824 1348 294 1476 2431 418 451 151 1472 2403 186 2561 762 2244 331 529 520 1595 2403 1859 657 836 2945 177 706 899 536 300 930 1126 59 1856 238 340 269
internal_count=31843 20917 10926 3389 7537 11426 9491 2543 3827 846 3710 6150 1988 5348 3003 4992 637 4143 5276 2948 209 951 1158 555 2873 1037 1655 824 1348 294 1476 2431 418 451 151 1472 2403 186 2561 762 2244 331 529 520 1595 2403 1859 657 836 2945 177 706 899 536 300 930 1126 59 1856 238 340 269
is_linear=0
shrinkage=0.05


Tree=8
num_leaves=63
num_cat=0
split_feature=35 35 35 35 35 35 35 40 40 40 40 40 35 35 35 35 35 35 35 35 35 40 40 40 40 35 40 40 35 35 40 40 35 40 40 40 40 40 40 40 40 40 40 40 40 35 35 40 40 40 35 35 35 40 35 40 35 40 40 40 35 40
split_gain=9.67673e+08 1.57556e+08 1.55424e+08 2.65898e+07 2.65243e+07 2.2106e+07 1.93608e+07 7.15045e+06 7.07968e+06 5.05255e+06 4.83491e+06 3.97722e+06 3.19323e+06 3.13262e+06 2.64253e+06 2.58471e+06 2.55916e+06 2.42838e+06 2.30258e+06 2.29082e+06 1.34057e+06 1.31218e+06 1.15032e+06 1.13829e+06 1.09839e+06 1.05882e+06 1.00569e+06 1.00329e+06 986009 970200 895262 871535 842355 742000 739228 715862 695487 758653 646696 622359 544809 537923 504644 471010 428624 427006 420333 419533 400537 388361 377456 366324 346303 338403 333574 318512 315089 311144 308920 298556 288224 288006
threshold=582.6500000000002 288.55000000000007 967.45000000000016 765.35000000000002 1249.5000000000002 133.35000000000005 423.15000000000009 1.0000000180025095e-35 1.0000000180025095e-35 1.0000000180025095e-35 1.0000000180025095e-35 1.0000000180025095e-35 1096.7500000000002 220.65000000000006 853.25000000000011 63.95000000000001 679.95000000000016 367.45000000000005 1455.95 482.65000000000009 1531.0000000000002 4.5000000000000009 4.5000000000000009 4.5000000000000009 1.0000000180025095e-35 1083.5500000000002 4.5000000000000009 1.0000000180025095e-35 487.35000000000008 845.95000000000016 4.5000000000000009 4.5000000000000009 667.90000000000009 1.5000000000000002 1.5000000000000002 4.5000000000000009 4.5000000000000009 1.5000000000000002 4.5000000000000009 1.5000000000000002 3.5000000000000004 4.5000000000000009 1.0000000180025095e-35 1.5000000000000002 1.5000000000000002 184.45000000000002 532.95000000000016 3.5000000000000004 4.5000000000000009 5.5000000000000009 1351.1500000000003 909.35000000000014 1313.1500000000003 4.5000000000000009 1032.6500000000003 1.5000000000000002 1531.0000000000002 5.5000000000000009 3.5000000000000004 3.5000000000000004 108.45000000000002 2.5000000000000004
decision_type=2 2 2 2 2 2 2 2 2 2 2 2 2 2 2 2 2 2 2 2 2 2 2 2 2 2 2 2 2 2 2 2 2 2 2 2 2 2 2 2 2 2 2 2 2 2 2 2 2 2 2 2 2 2 2 2 2 2 2 2 2 2
left_child=1 5 3 9 7 15 17 25 29 32 20 28 21 45 26 -1 31 27 36 41 50 39 33 34 -19 -4 43 -3 -8 -5 40 44 -2 -14 -16 47 37 -12 58 -9 -18 55 -15 -10 -11 -7 -37 -21 -29 -24 -6 -25 -38 -26 -23 -13 -40 -32 -20 61 -17 -36
right_child=2 6 4 8 10 13 11 12 14 16 18 19 22 42 23 60 30 24 38 35 -22 54 49 51 53 -27 -28 48 -30 -31 57 -33 -34 -35 59 46 52 -39 56 -41 -42 -43 -44 -45 -46 -47 -48 -49 -50 -51 -52 -53 -54 -55 -56 -57 -58 -59 -60 -61 -62 -63
leaf_value=-14.756080769689937 7.2133734102602363 -3.3539481150820665 21.515941676486932 13.585592815006013 31.541893482208252 -10.444923767402562 1.0614565827241049 17.712656109149641 10.772660340933966 4.8358045557711993 28.477710409725418 -0.81234546599514568 21.920304899949297 -5.9528047726371076 13.898815590994699 -12.781895475600809 5.6676612084343931 -0.81977535609484598 29.848750983344186 -0.11870016130835881 44.783377552032476 15.439432748493397 22.101313149679655 11.621325068964023 -4.565633992996105 25.986308815584604 9.4693957446430215 -6.5655789954321726 4.1129401043376959 17.127492077083179 7.9525054596691609 4.0275889268256071 10.398199269469355 15.252131866165811 6.9499100467614969 0.16512461297260972 24.081173153374138 19.992789478791067 30.897612993644948 11.777055934346171 2.313986963968651 -1.431488113416626 -7.8261273952416195 5.9418207202990034 1.1788970061874575 -9.2339184248548527 1.8460043672947961 -2.509087003190333 -5.2585466833874186 19.486668230329244 36.176486733518999 13.534521649949093 27.519394538306088 -3.1901782446406397 17.632325491112976 -3.5063127921911388 35.882456294825822 6.1397027322224211 22.430462513799256 7.013699470169243 -11.563653635241323 11.227902732308456
leaf_weight=2317 405 547 283 359 96 1659 547 52 58 94 34 132 52 440 77 1297 298 408 36 519 32 380 239 535 687 249 908 896 513 419 410 1140 426 211 57 873 127 117 66 293 204 1486 1965 388 543 1297 648 284 1695 350 81 470 173 1281 319 650 61 560 23 174 776 127
leaf_count=2317 405 547 283 359 96 1659 547 52 58 94 34 132 52 440 77 1297 298 408 36 519 32 380 239 535 687 249 908 896 513 419 410 1140 426 211 57 873 127 117 66 293 204 1486 1965 388 543 1297 648 284 1695 350 81 470 173 1281 319 650 61 560 23 174 776 127
internal_value=-0.034482 -6.33401 12.0255 8.12473 21.1424 -10.9777 -2.2788 18.4858 11.2748 5.36691 28.7665 -0.222362 17.0485 -8.82337 10.1001 -13.6085 4.47705 -4.3867 26.6014 -0.859614 35.3655 15.1949 19.32 11.5912 -3.18084 23.6083 8.51437 -5.29975 2.53826 15.4931 6.01887 3.19986 8.84603 16.5706 9.45444 0.243622 24.6709 21.9033 31.2824 12.6717 4.30481 -1.99009 -7.4834 6.57005 1.71853 -9.91357 0.881239 -0.964117 -5.71053 20.5476 33.6628 12.5161 26.0639 -3.67033 16.4402 -3.05158 33.2919 6.90594 26.9569 8.49853 -12.3259 9.90265
internal_weight=31843 20917 10926 7652 3274 9751 11166 2428 3572 4080 846 5652 1896 5361 2794 4390 3249 5514 637 4592 209 1044 852 1440 2376 532 1354 3138 1060 778 1472 1777 831 263 435 2324 451 151 186 345 502 2268 2405 446 637 2956 1521 803 2591 589 177 1005 300 1968 699 782 127 970 59 358 2073 184
internal_count=31843 20917 10926 7652 3274 9751 11166 2428 3572 4080 846 5652 1896 5361 2794 4390 3249 5514 637 4592 209 1044 852 1440 2376 532 1354 3138 1060 778 1472 1777 831 263 435 2324 451 151 186 345 502 2268 2405 446 637 2956 1521 803 2591 589 177 1005 300 1968 699 782 127 970 59 358 2073 184
is_linear=0
shrinkage=0.05


Tree=9
num_leaves=63
num_cat=0
split_feature=35 35 35 35 35 35 35 40 40 40 40 40 35 35 35 35 35 35 35 40 40 35 35 40 40 40 40 35 40 35 40 35 35 40 40 40 40 40 40 40 35 40 40 40 40 40 40 40 40 40 40 40 35 40 40 40 40 40 40 35 40 40
split_gain=8.73639e+08 1.57962e+08 1.25366e+08 2.18744e+07 2.15147e+07 2.1248e+07 2.07334e+07 5.83865e+06 5.82189e+06 4.98952e+06 4.3635e+06 3.90229e+06 3.20047e+06 3.10142e+06 2.53905e+06 2.4603e+06 2.37513e+06 2.17589e+06 2.10411e+06 1.78764e+06 1.30594e+06 1.21453e+06 1.16649e+06 1.09275e+06 1.00169e+06 1.00119e+06 941814 936996 904815 855776 802532 776652 717497 714379 681280 604214 599086 530110 516888 501651 486918 486686 485329 470034 467630 463400 463379 438598 492493 402570 391541 366447 354540 346432 333041 324436 320141 312600 311117 306377 287656 265890
threshold=612.95000000000016 298.75000000000006 987.70000000000016 137.55000000000004 1249.5000000000002 800.35000000000025 447.85000000000008 1.0000000180025095e-35 1.0000000180025095e-35 1.0000000180025095e-35 1.0000000180025095e-35 1.0000000180025095e-35 227.65000000000003 383.65000000000009 69.250000000000014 712.95000000000016 538.75000000000011 1110.2000000000003 1397.9500000000003 4.5000000000000009 1.0000000180025095e-35 1455.95 894.95000000000016 4.5000000000000009 1.5000000000000002 1.5000000000000002 4.5000000000000009 538.75000000000011 4.5000000000000009 712.95000000000016 4.5000000000000009 1122.0000000000002 909.35000000000014 4.5000000000000009 4.5000000000000009 1.5000000000000002 4.5000000000000009 1.5000000000000002 1.0000000180025095e-35 4.5000000000000009 1531.0000000000002 3.5000000000000004 4.5000000000000009 1.5000000000000002 1.0000000180025095e-35 3.5000000000000004 4.5000000000000009 3.5000000000000004 2.5000000000000004 3.5000000000000004 1.5000000000000002 5.5000000000000009 191.65000000000003 5.5000000000000009 5.5000000000000009 1.5000000000000002 5.5000000000000009 1.5000000000000002 5.5000000000000009 23.250000000000004 5.5000000000000009 5.5000000000000009
decision_type=2 2 2 2 2 2 2 2 2 2 2 2 2 2 2 2 2 2 2 2 2 2 2 2 2 2 2 2 2 2 2 2 2 2 2 2 2 2 2 2 2 2 2 2 2 2 2 2 2 2 2 2 2 2 2 2 2 2 2 2 2 2
left_child=1 3 5 14 7 9 13 31 32 29 21 27 44 25 59 30 34 23 39 24 -15 -6 51 37 -10 -3 35 -8 41 -2 43 -4 -7 49 50 -19 -27 -9 -14 45 -35 -17 55 -11 -5 -12 57 48 -26 -20 -13 -21 -46 -32 -25 -18 -28 -22 -30 -1 -36 -24
right_child=2 6 4 12 10 8 11 17 19 15 18 16 38 20 -16 28 42 26 33 22 46 -23 61 54 47 36 56 -29 58 -31 53 -33 -34 40 60 -37 -38 -39 -40 -41 -42 -43 -44 -45 52 -47 -48 -49 -50 -51 -52 -53 -54 -55 -56 -57 -58 -59 -60 -61 -62 -63
leaf_value=-14.376855575931788 8.0523473627913802 -3.0539437881055869 21.351226674593413 -7.865031493741502 31.29125572653378 14.541411099391702 2.2080681996632543 17.325425974527995 12.5819647418566 5.6752956616996544 22.50999143600464 0.22453565230952149 -5.3515263493024712 -0.22266130720575653 -11.579022406152932 6.2363315630302161 3.2772588920593266 20.947458362579347 27.484657010165126 11.414484971910303 -1.7086843993928698 39.897391346522738 14.04623943421899 17.513384202979079 6.0150121443862226 -6.2864632866379582 21.241233297772883 5.3726762449586545 8.5913050059458662 11.25029507430353 5.7799945589351864 25.584397943335844 18.012489339467642 28.59424123042772 0.4263178082020786 14.6656003437345 -4.642371960598445 11.601215070138181 -7.2063735328899474 24.140776062011721 34.088333229940446 2.9631491556763652 2.2368673589277472 1.9627838345642936 -10.028448532384838 16.121662001176315 -2.4382180343238171 6.1618942709136428 10.065265992667172 20.35977059641192 -2.4447115886670163 9.3686570551755626 -8.8387375502348622 4.0136867469265347 15.191165078380122 -0.18125107614637426 18.724501236204116 -4.3392451257333056 6.8042851666609456 -13.20789194445703 -0.85611035696026727 12.078284370368761
leaf_weight=1566 461 742 312 497 153 452 596 48 121 101 80 166 459 537 2075 278 80 48 55 361 135 56 287 261 109 789 211 385 422 383 473 166 222 119 732 189 1861 257 2067 247 61 192 959 547 1524 44 1521 285 241 31 797 556 1063 672 378 445 315 691 576 873 1086 427
leaf_count=1566 461 742 312 497 153 452 596 48 121 101 80 166 459 537 2075 278 80 48 55 361 135 56 287 261 109 789 211 385 422 383 473 166 222 119 732 189 1861 257 2067 247 61 192 959 547 1524 44 1521 285 241 31 797 556 1063 672 378 445 315 691 576 873 1086 427
internal_value=-0.0327579 -5.71705 12.0337 -10.2737 20.5582 8.42815 -1.71327 17.937 11.5811 6.07708 27.3282 0.606621 -8.18891 -3.65244 -12.8647 5.19025 -0.0473983 16.5693 25.2713 10.4224 -2.44701 33.5972 11.354 14.9644 8.4126 -4.67733 18.5549 3.45004 6.70805 9.50355 3.94756 22.8213 15.6847 28.6651 -0.909325 15.9379 -5.13188 12.5021 -6.86933 22.8381 30.4561 4.8992 1.56784 2.54143 -9.26973 20.2432 -2.95595 7.61812 8.8039 24.9164 -1.98459 10.174 -9.5396 4.74335 16.1397 0.34576 19.7341 -3.90931 7.55992 -13.9584 -0.339753 12.8693
internal_weight=31843 21646 10197 10124 3031 7166 11522 2185 3061 4105 846 5246 5610 6276 4514 3261 4265 1707 637 2387 2884 209 1631 944 756 3392 763 981 1468 844 1793 478 674 266 2781 237 2650 305 2526 371 180 470 1484 648 3084 124 2347 635 350 86 963 917 2587 1145 639 525 526 826 998 2439 1818 714
internal_count=31843 21646 10197 10124 3031 7166 11522 2185 3061 4105 846 5246 5610 6276 4514 3261 4265 1707 637 2387 2884 209 1631 944 756 3392 763 981 1468 844 1793 478 674 266 2781 237 2650 305 2526 371 180 470 1484 648 3084 124 2347 635 350 86 963 917 2587 1145 639 525 526 826 998 2439 1818 714
is_linear=0
shrinkage=0.05


Tree=10
num_leaves=63
num_cat=0
split_feature=35 35 35 35 35 35 35 40 40 40 40 35 35 35 35 35 40 35 35 40 40 35 35 40 40 40 35 35 40 40 40 40 40 40 35 40 40 40 40 40 40 40 35 40 35 40 40 35 40 35 40 40 40 35 40 35 40 40 40 40 40 35
split_gain=7.98028e+08 1.29032e+08 1.28602e+08 2.42359e+07 1.97024e+07 1.9046e+07 1.53848e+07 6.99635e+06 6.26796e+06 3.74337e+06 3.51215e+06 3.43884e+06 3.30661e+06 2.56783e+06 2.17152e+06 2.03148e+06 1.97877e+06 1.76804e+06 1.58577e+06 1.40837e+06 1.22915e+06 1.218e+06 1.21798e+06 1.10967e+06 1.08194e+06 1.03924e+06 979881 897596 837602 760476 672930 610810 609926 564550 562549 560665 525347 522860 521523 499783 491856 487104 451898 449579 448742 440966 411680 385278 380868 363314 361817 337195 327584 307106 306279 305356 280327 285254 260732 250593 260584 235328
threshold=582.6500000000002 949.45000000000016 271.65000000000003 1249.5000000000002 735.20000000000016 409.4500000000001 121.05000000000001 1.0000000180025095e-35 1.0000000180025095e-35 1.0000000180025095e-35 1.0000000180025095e-35 480.05000000000007 1083.5500000000002 832.35000000000025 195.35000000000005 327.35000000000008 1.0000000180025095e-35 1351.1500000000003 38.250000000000007 1.0000000180025095e-35 4.5000000000000009 662.50000000000011 1055.7500000000002 4.5000000000000009 1.5000000000000002 4.5000000000000009 832.35000000000025 1455.95 4.5000000000000009 4.5000000000000009 3.5000000000000004 1.5000000000000002 3.5000000000000004 4.5000000000000009 1531.0000000000002 4.5000000000000009 4.5000000000000009 4.5000000000000009 4.5000000000000009 3.5000000000000004 3.5000000000000004 1.0000000180025095e-35 645.45000000000016 4.5000000000000009 1170.4500000000003 1.0000000180025095e-35 3.5000000000000004 1008.7500000000001 3.5000000000000004 527.55000000000007 5.5000000000000009 3.5000000000000004 3.5000000000000004 231.25000000000003 5.5000000000000009 1170.4500000000003 1.5000000000000002 2.5000000000000004 1.0000000180025095e-35 1.5000000000000002 2.5000000000000004 380.65000000000009
decision_type=2 2 2 2 2 2 2 2 2 2 2 2 2 2 2 2 2 2 2 2 2 2 2 2 2 2 2 2 2 2 2 2 2 2 2 2 2 2 2 2 2 2 2 2 2 2 2 2 2 2 2 2 2 2 2 2 2 2 2 2 2 2
left_child=2 4 6 7 10 15 18 22 26 27 42 19 23 28 58 41 -13 43 -1 -7 30 37 -3 40 -17 32 -6 -5 39 31 59 -19 56 48 -31 -26 51 52 46 -10 -9 -4 -2 -11 -22 -16 -18 -25 -23 -40 -27 -21 -12 -47 -30 -24 -15 -58 -8 -14 -61 -37
right_child=1 3 5 9 8 11 14 12 13 17 21 16 20 25 45 24 38 29 -20 36 44 33 55 47 35 50 -28 -29 54 34 -32 -33 -34 -35 -36 61 -38 -39 49 -41 -42 -43 -44 -45 -46 53 -48 -49 -50 -51 -52 -53 -54 -55 -56 -57 57 -59 -60 60 -62 -63
leaf_value=-13.524016302953195 6.1695072150669219 18.770291088823747 -4.0091280185815057 29.64794278231534 11.650357000303378 0.63560386247801148 -8.3142772179383506 12.526742977370866 6.6320184432066887 18.071580556805213 2.3247322280102414 3.4862539158740513 19.629037257603237 12.073263327683074 -6.002928076313518 -1.9625510407482238 0.011827565628783149 29.579386506257237 -11.531505158803995 -2.2238339096824258 17.300213247830751 4.5096910294747969 22.276387841851864 13.235639953613282 -5.2119931946271736 11.957530790703482 14.991106315281082 36.746300268954919 8.8630006517682762 26.555291147182643 11.790789147028848 21.004806162516278 5.9390804060739493 5.5214475286532441 32.134157497599972 -4.0586895301184702 -1.4968509809328472 3.3963144087515675 0.065328227162878547 3.3385084426921345 8.8458683649698902 -5.9469313544311184 8.6732677346127804 22.423930496044377 19.962197110302561 -8.2905148672791675 -2.3272659876092603 15.472871675233584 1.5297400478084209 1.5786975560933143 10.082142607319987 -4.1891977587316793 -0.26147479807310131 -7.1187088592765271 7.1640589443102698 25.663771651418585 5.7309495249102191 9.7628764902750653 -9.6909077386001332 12.088867664337158 17.021335648901669 -2.8779378823902171
leaf_weight=1938 326 281 396 165 441 622 416 217 308 89 366 568 49 79 474 748 532 27 2060 577 366 272 222 401 810 438 437 61 462 193 126 90 199 862 59 1167 1759 951 900 184 156 1791 403 178 279 1076 291 370 177 709 623 351 184 1164 623 95 62 150 1986 40 81 661
leaf_count=1938 326 281 396 165 441 622 416 217 308 89 366 568 49 79 474 748 532 27 2060 577 366 272 222 401 810 438 437 61 462 193 126 90 199 862 59 1167 1759 951 900 184 156 1791 403 178 279 1076 291 370 177 709 623 351 184 1164 623 95 62 150 1986 40 81 661
internal_value=0.0256971 10.8742 -5.70549 18.7428 7.1782 -2.27831 -10.1735 16.3994 9.58007 26.0365 4.46092 -0.396867 15.032 8.53224 -8.35751 -4.40823 0.829114 24.0723 -12.4974 -1.50836 17.2275 3.65915 21.167 13.2261 -3.64102 9.97678 13.3131 31.5639 7.11152 26.3148 14.5599 22.9836 8.07228 4.77261 27.8615 -4.11695 -2.00466 2.68663 0.208532 5.4003 10.9873 -5.59605 7.55362 20.9731 18.4517 -7.38842 -0.81524 14.3093 3.33497 0.732189 10.8563 -2.9672 1.45953 -7.68159 7.88748 23.2915 9.53106 8.58373 -9.45249 16.6124 15.3908 -3.63173
internal_weight=32088 11092 20996 3545 7547 11882 9114 2683 4006 862 3541 6309 2085 3128 5116 5573 3000 636 3998 3309 941 2812 598 1144 3386 1551 878 226 1577 369 296 117 490 1311 252 2638 2687 1501 2432 492 373 2187 729 267 645 2714 823 771 449 1609 1061 928 550 2240 1085 317 291 212 2402 170 121 1828
internal_count=32088 11092 20996 3545 7547 11882 9114 2683 4006 862 3541 6309 2085 3128 5116 5573 3000 636 3998 3309 941 2812 598 1144 3386 1551 878 226 1577 369 296 117 490 1311 252 2638 2687 1501 2432 492 373 2187 729 267 645 2714 823 771 449 1609 1061 928 550 2240 1085 317 291 212 2402 170 121 1828
is_linear=0
shrinkage=0.05


Tree=11
num_leaves=63
num_cat=0
split_feature=35 35 35 35 35 35 35 40 40 40 40 35 40 35 35 35 35 35 35 40 35 35 40 40 40 40 35 35 40 40 40 40 40 40 40 35 40 40 40 40 40 35 35 40 40 40 40 40 40 40 40 35 40 40 35 40 35 40 40 40 35 40
split_gain=7.2022e+08 1.16452e+08 1.16102e+08 2.18729e+07 1.77814e+07 1.76293e+07 1.3441e+07 6.31421e+06 5.65683e+06 3.37839e+06 3.16972e+06 2.98422e+06 2.56002e+06 2.4085e+06 2.37156e+06 2.31747e+06 2.08017e+06 1.63161e+06 1.19445e+06 1.10931e+06 1.09924e+06 1.09923e+06 1.00148e+06 950484 937917 910224 884342 810080 755936 626027 611425 607319 550459 509506 503862 478252 471882 451054 443900 412100 411982 410898 404989 384038 380528 364390 356693 349526 326540 312912 303972 301019 299432 298234 277364 276417 262775 254767 252995 257442 248316 244837
threshold=582.6500000000002 949.45000000000016 294.95000000000005 1249.5000000000002 735.20000000000016 145.35000000000005 442.35000000000008 1.0000000180025095e-35 1.0000000180025095e-35 1.0000000180025095e-35 1.0000000180025095e-35 1083.5500000000002 1.0000000180025095e-35 386.65000000000003 69.250000000000014 832.35000000000025 227.65000000000003 1455.95 517.05000000000007 4.5000000000000009 662.50000000000011 1055.7500000000002 4.5000000000000009 1.0000000180025095e-35 4.5000000000000009 1.0000000180025095e-35 832.35000000000025 1455.95 4.5000000000000009 4.5000000000000009 1.5000000000000002 3.5000000000000004 3.5000000000000004 4.5000000000000009 4.5000000000000009 532.95000000000016 4.5000000000000009 3.5000000000000004 3.5000000000000004 4.5000000000000009 1.0000000180025095e-35 639.85000000000014 1170.4500000000003 4.5000000000000009 1.5000000000000002 5.5000000000000009 1.0000000180025095e-35 1.5000000000000002 5.5000000000000009 5.5000000000000009 4.5000000000000009 108.45000000000002 4.5000000000000009 1.5000000000000002 1187.8500000000001 5.5000000000000009 18.750000000000004 1.5000000000000002 1.5000000000000002 2.5000000000000004 333.45000000000005 1.5000000000000002
decision_type=2 2 2 2 2 2 2 2 2 2 2 2 2 2 2 2 2 2 2 2 2 2 2 2 2 2 2 2 2 2 2 2 2 2 2 2 2 2 2 2 2 2 2 2 2 2 2 2 2 2 2 2 2 2 2 2 2 2 2 2 2 2
left_child=2 4 5 7 10 14 13 21 26 27 41 22 35 23 56 28 46 29 34 31 36 -3 38 -4 32 -15 -6 -5 37 30 -11 -13 58 47 44 -8 53 -10 -9 -19 -18 -2 -21 61 -14 -24 -7 -22 -26 -31 57 -16 -27 -12 -23 -30 -1 -20 -17 -60 -45 -25
right_child=1 3 6 9 8 16 12 11 15 17 20 19 18 25 51 24 40 39 50 42 33 54 45 43 48 52 -28 -29 55 49 -32 -33 -34 -35 -36 -37 -38 -39 -40 -41 -42 -43 -44 60 -46 -47 -48 -49 -50 -51 -52 -53 -54 -55 -56 -57 -58 -59 59 -61 -62 -63
leaf_value=-13.089972404327629 5.7361195257154565 17.831776384781264 -2.4821141516591152 28.165545450846356 11.067839270005692 -6.9697675725824197 1.8297586783924153 11.900405945316438 6.3004175176868191 24.72072518088601 3.9843556963879134 15.781767241534064 0.17489682945531387 -0.22330133935209262 -10.935516880467995 11.46960010770001 -4.8942726572179591 23.165959020761345 2.5581407173820168 16.435202570430569 6.334278869628907 21.361303082275391 14.877389571385354 -3.6354464508372653 11.359654329900872 -3.5048206463456157 14.24155106009826 34.908983424452487 8.4198506186018776 24.269277368832942 17.042649141421986 11.20124973115467 5.6421263891248854 5.245375120335555 -0.54476126127071822 4.4280682061643022 3.2264986774397451 3.1715830212054046 8.4035748701829185 28.45034457229254 -6.5631495840212288 8.1546120735906786 18.964087532070803 -4.8492743838291901 -2.4964217500730617 12.67330062288484 -8.4964427146099979 2.5535308458386585 9.5780354544209452 21.053570819052922 1.3651510594808058 -9.7929358400521895 -2.2325578567460016 0.86472243994482545 24.983877609025186 6.805855981572674 -12.052280858003305 -0.74175443218167247 5.4444020855811335 9.2747326482137051 -3.7193492560101369 -5.7163810116273392
leaf_weight=1302 295 281 647 165 441 457 639 217 308 33 92 170 163 467 1164 79 454 52 69 366 73 250 322 169 438 704 437 61 462 146 121 126 199 862 1704 245 951 184 156 127 1994 434 279 832 732 449 2350 376 623 157 848 1142 1348 458 67 623 1148 384 62 150 1170 864
leaf_count=1302 295 281 647 165 441 457 639 217 308 33 92 170 163 467 1164 79 454 52 69 366 73 250 322 169 438 704 437 61 462 146 121 126 199 862 1704 245 951 184 156 127 1994 434 279 832 732 449 2350 376 623 157 848 1142 1348 458 67 623 1148 384 62 150 1170 864
internal_value=0.0244122 10.3305 -5.42021 17.8056 6.81929 -9.31499 -1.87077 15.5795 9.10107 24.7346 4.23787 14.2804 0.120458 -3.40698 -11.5205 8.10563 -7.31889 22.8687 -0.43021 16.3661 3.47619 20.1087 12.5648 -4.22203 9.47794 -2.21563 12.6475 29.9857 6.75594 21.2837 18.688 13.832 7.66866 4.53398 -1.04931 2.54988 2.5523 5.13028 10.4379 26.9152 -6.25364 7.17594 17.5291 -4.59294 -2.00991 13.5938 -8.24789 3.16822 10.3135 22.6031 0.806554 -10.3697 -2.66905 1.38655 22.127 7.49311 -12.6037 -0.239121 9.05451 8.15454 -4.18893 -5.37594
internal_weight=32088 11092 20996 3545 7547 10011 10985 2683 4006 862 3541 2085 4784 6201 4756 3128 5255 636 3900 941 2812 598 1144 3682 1551 2519 878 226 1577 457 154 296 490 1311 2599 884 1501 492 373 179 2448 729 645 3035 895 771 2807 449 1061 303 1301 2306 2052 550 317 1085 2450 453 291 212 2002 1033
internal_count=32088 11092 20996 3545 7547 10011 10985 2683 4006 862 3541 2085 4784 6201 4756 3128 5255 636 3900 941 2812 598 1144 3682 1551 2519 878 226 1577 457 154 296 490 1311 2599 884 1501 492 373 179 2448 729 645 3035 895 771 2807 449 1061 303 1301 2306 2052 550 317 1085 2450 453 291 212 2002 1033
is_linear=0
shrinkage=0.05


Tree=12
num_leaves=63
num_cat=0
split_feature=33 36 36 32 34 36 31 36 37 36 37 36 37 36 37 36 36 37 37 37 40 37 31 40 36 37 36 36 40 31 36 36 36 36 37 36 40 36 40 36 40 40 40 37 40 40 40 40 40 36 37 40 37 36 37 36 37 36 36 37 36 36
split_gain=4.47562e+08 1.18322e+08 1.1047e+08 5.85553e+07 2.60361e+07 2.09723e+07 1.5587e+07 1.48831e+07 1.45697e+07 1.19471e+07 1.11755e+07 1.00333e+07 7.54372e+06 6.10193e+06 4.98701e+06 4.50151e+06 4.45697e+06 3.74891e+06 3.52259e+06 3.30508e+06 3.11646e+06 2.88406e+06 2.35782e+06 2.33018e+06 2.33011e+06 2.07292e+06 1.96594e+06 1.90588e+06 1.86842e+06 1.68891e+06 1.51737e+06 1.46387e+06 1.44346e+06 1.26049e+06 1.24345e+06 1.11029e+06 1.10195e+06 1.02493e+06 1.01117e+06 998675 977374 951081 949080 937362 892296 809742 805961 804554 770231 725767 721197 714812 684129 669084 655595 653120 647509 629058 628075 600877 540370 538537
threshold=7.1500000000000012 160.0291666666667 218.61250000000004 83.450000000000017 9.2000000000000011 151.95833333333337 323.95000000000005 269.82916666666671 1.5000000000000002 282.51250000000005 3.5000000000000004 305.71666666666675 2.5000000000000004 98.27500000000002 3.5000000000000004 113.11250000000003 362.04166666666669 4.5000000000000009 4.5000000000000009 2.5000000000000004 1.0000000180025095e-35 2.5000000000000004 400.75000000000006 1.0000000180025095e-35 68.375000000000014 4.5000000000000009 336.48750000000007 268.21666666666675 1.0000000180025095e-35 234.65000000000001 210.21250000000001 205.71666666666673 185.05833333333337 385.0750000000001 4.5000000000000009 331.81666666666672 1.0000000180025095e-35 80.75833333333334 1.0000000180025095e-35 51.625000000000007 1.5000000000000002 1.5000000000000002 1.0000000180025095e-35 3.5000000000000004 1.5000000000000002 1.0000000180025095e-35 1.5000000000000002 1.0000000180025095e-35 1.5000000000000002 254.11000000000004 3.5000000000000004 1.0000000180025095e-35 3.5000000000000004 178.11250000000004 3.5000000000000004 315.18333333333339 3.5000000000000004 397.11250000000013 385.0750000000001 4.5000000000000009 251.61250000000004 416.75000000000006
decision_type=2 2 2 2 2 2 2 2 2 2 2 2 2 2 2 2 2 2 2 2 2 2 2 2 2 2 2 2 2 2 2 2 2 2 2 2 2 2 2 2 2 2 2 2 2 2 2 2 2 2 2 2 2 2 2 2 2 2 2 2 2 2
left_child=1 8 5 6 11 15 29 12 24 18 48 14 30 39 27 37 19 32 28 40 35 -15 -8 58 -1 43 34 46 -6 -3 -5 56 51 52 -22 -11 -19 -2 -18 -10 -9 -24 -29 -17 -20 -16 -4 -34 -7 -30 -33 -12 -25 -38 -23 -42 -14 -28 -13 -39 -47 -40
right_child=2 3 4 7 9 10 22 16 13 20 17 23 31 21 45 25 38 36 44 -21 26 54 41 33 -26 -27 57 42 49 -31 -32 50 47 -35 -36 -37 53 59 61 -41 55 -43 -44 -45 -46 60 -48 -49 -50 -51 -52 -53 -54 -55 -56 -57 -58 -59 -60 -61 -62 -63
leaf_value=-12.027164526991848 -7.2063539337693605 -7.628830687347004 8.5444166090223526 -3.2805280600145483 16.645903903198242 3.9063944891569053 -3.3103271639004141 5.3896642497564748 -10.753783322729246 24.228970060412518 7.506720439298654 17.736338969347951 1.2359566868372278 -6.0116179124079112 17.140669694238778 -2.3748453067638442 11.305550748384917 15.555124409993491 23.294984726678759 10.869078464012642 17.230497883735818 -2.6881698449710907 0.63241751457258044 12.119631880986104 -9.6764277016244282 4.9875789939965074 22.974104425642224 12.709071821732955 10.177289133786539 -5.4470460049793452 -0.46141456457980512 5.1019161150278647 11.077937434632101 17.54128629282901 24.488351723807199 31.146123014751232 7.6966954285142108 -3.9673493946201348 6.2334324684592337 -8.0505715975411256 1.5067177770199713 -1.5863005508369992 8.3401198190356052 1.0560910658547915 17.424138568310028 10.563013011093457 5.1171959463785566 7.0654804078650564 0.88531400710231978 13.540378958987496 10.906377035571683 3.6288544685517188 19.4013012156767 11.538638578142439 1.4824545488660705 3.7550450698708087 6.4240551022972383 30.590613728184856 24.045101501464845 0.75687991176024982 14.257158256712415 9.0622374603503566
leaf_weight=2218 228 1567 225 787 250 283 2077 397 495 149 162 187 427 1388 98 347 195 117 84 154 376 502 629 629 2009 228 216 165 387 2044 1213 391 162 152 70 95 177 356 467 1103 693 2081 504 467 282 241 722 546 829 274 62 446 34 315 116 605 70 31 50 83 168 263
leaf_count=2218 228 1567 225 787 250 283 2077 397 495 149 162 187 427 1388 98 347 195 117 84 154 376 502 629 629 2009 228 216 165 387 2044 1213 391 162 152 70 95 177 356 467 1103 693 2081 504 467 282 241 722 546 829 274 62 446 34 315 116 605 70 31 50 83 168 263
internal_value=0.0231916 -3.98908 8.714 -1.2556 13.6128 3.15149 -3.91367 2.64421 -8.91849 17.7747 5.64482 10.7107 0.171868 -6.58283 8.73208 -1.27929 5.27342 7.95006 14.6285 3.85586 22.0625 -4.74657 -2.04279 14.7035 -10.9099 0.773792 20.3515 7.37471 12.9639 -6.39384 -1.57074 3.84051 6.44904 13.4346 18.3696 26.9221 11.1937 -4.48666 8.10699 -8.88792 3.21868 -1.07133 9.41766 -0.406483 18.7715 13.0585 5.93148 7.98358 1.65417 11.5714 5.89635 4.6621 12.4931 10.1565 -1.90533 2.55467 1.96667 23.93 19.0673 -3.07416 12.0804 7.25258
internal_weight=32088 21953 10135 14122 5389 4746 8398 5724 7831 2214 3037 3175 2950 3604 2123 1709 2774 1925 1277 1849 937 2006 4787 1052 4227 1042 693 1616 911 3611 2000 950 1316 815 446 244 609 667 925 1598 1695 2710 669 814 366 507 947 708 1112 661 453 608 663 492 618 1298 497 247 237 439 409 730
internal_count=32088 21953 10135 14122 5389 4746 8398 5724 7831 2214 3037 3175 2950 3604 2123 1709 2774 1925 1277 1849 937 2006 4787 1052 4227 1042 693 1616 911 3611 2000 950 1316 815 446 244 609 667 925 1598 1695 2710 669 814 366 507 947 708 1112 661 453 608 663 492 618 1298 497 247 237 439 409 730
is_linear=0
shrinkage=0.05


Tree=13
num_leaves=63
num_cat=0
split_feature=35 35 35 35 35 35 35 40 40 40 40 35 35 35 35 40 40 35 40 40 40 35 35 35 35 35 40 40 40 40 40 40 35 40 40 35 40 40 40 40 40 40 40 40 40 40 40 40 40 40 40 40 40 40 35 40 40 40 35 35 40 35
split_gain=5.87418e+08 9.52796e+07 9.48977e+07 1.80276e+07 1.44529e+07 1.39729e+07 1.1344e+07 5.18527e+06 4.0084e+06 3.19766e+06 2.80972e+06 2.61389e+06 2.43585e+06 1.74149e+06 1.65175e+06 1.58303e+06 1.53436e+06 1.46871e+06 1.3875e+06 1.11541e+06 1.08485e+06 1.06167e+06 995450 911625 859795 851285 821085 818613 815052 630204 629718 587408 548267 526101 504697 459104 444659 436352 406599 382833 377571 366882 353351 352208 342935 322598 447335 310756 288187 287345 284905 274645 266828 339908 266649 248087 272142 244660 224489 223142 211078 210920
threshold=582.6500000000002 949.45000000000016 271.65000000000003 1249.5000000000002 765.35000000000002 409.4500000000001 116.65000000000002 1.0000000180025095e-35 1.0000000180025095e-35 1.0000000180025095e-35 1.5000000000000002 480.05000000000007 1069.4000000000003 191.65000000000003 679.95000000000016 4.5000000000000009 1.0000000180025095e-35 336.4500000000001 4.5000000000000009 4.5000000000000009 1.5000000000000002 38.250000000000007 1455.95 1055.7500000000002 873.85000000000014 1455.95 1.5000000000000002 4.5000000000000009 1.5000000000000002 4.5000000000000009 4.5000000000000009 3.5000000000000004 662.50000000000011 4.5000000000000009 1.5000000000000002 853.25000000000011 5.5000000000000009 4.5000000000000009 4.5000000000000009 1.5000000000000002 3.5000000000000004 3.5000000000000004 3.5000000000000004 4.5000000000000009 3.5000000000000004 3.5000000000000004 2.5000000000000004 4.5000000000000009 5.5000000000000009 5.5000000000000009 5.5000000000000009 5.5000000000000009 3.5000000000000004 2.5000000000000004 532.95000000000016 1.5000000000000002 2.5000000000000004 5.5000000000000009 1187.8500000000001 1187.8500000000001 1.0000000180025095e-35 1313.1500000000003
decision_type=2 2 2 2 2 2 2 2 2 2 2 2 2 2 2 2 2 2 2 2 2 2 2 2 2 2 2 2 2 2 2 2 2 2 2 2 2 2 2 2 2 2 2 2 2 2 2 2 2 2 2 2 2 2 2 2 2 2 2 2 2 2
left_child=2 4 6 7 9 17 21 23 35 32 25 20 27 60 33 52 -13 34 26 31 -7 -1 51 -3 49 61 -10 40 -19 -22 41 55 -2 44 -4 -6 -21 42 -30 -15 -9 -16 -18 -36 -11 46 -28 -41 -29 -20 -35 -17 53 -12 -39 -14 -57 -32 -25 -38 -8 -5
right_child=1 3 5 10 8 11 13 12 18 14 15 16 19 39 30 22 37 28 24 36 29 -23 -24 58 -26 -27 45 48 38 -31 57 -33 -34 50 43 -37 59 54 -40 47 -42 -43 -44 -45 -46 -47 -48 -49 -50 -51 -52 -53 -54 -55 -56 56 -58 -59 -60 -61 -62 -63
leaf_value=-11.612763899890755 5.5192016606453143 16.100949764591096 -3.3773087293363471 22.994423770904543 10.592868519588238 0.33676221631007136 -7.170883301825862 10.576230730056764 9.6254158048918761 2.1594846587985344 13.727947336832683 3.0691228123617846 16.953172618937941 -5.2834206171524833 4.3677688414203955 22.070492459649913 0.012635906385187818 -1.4652140757585286 8.5744476135190197 17.244369264799975 -2.9886872716104942 -9.9568896474118329 25.782873679333786 19.323653460693361 9.9358886370868813 31.425573907382244 3.7573507895072304 13.346553557533085 -4.4399182666194896 -1.2819413713073373 6.3032074450345297 9.791861155335333 8.0551120376586915 4.0344258668250648 -6.0668636302591787 13.072083822714317 13.897847828966505 0.14008992875338244 -3.0220441410228016 -7.567721185573312 7.1906769452776231 1.5388426507005888 -2.1544222595765419 -4.6052712527314679 -0.24213641213749848 4.1635528803609843 7.4242529738873131 -6.2872357688031597 11.309435200345689 6.9666997327545266 2.4392736726795015 19.057826057968626 14.048754391604909 20.211130769791144 1.4559158439943598 9.7431777445475269 14.514282629463111 4.7448070453250919 22.58269343589669 16.395174442902778 -8.4175531800476655 26.320064260191842
leaf_weight=1938 390 281 591 80 377 769 409 200 132 438 30 568 53 624 276 146 532 653 479 290 781 1934 127 250 636 69 120 299 732 1759 433 142 470 485 589 370 282 971 1635 688 140 196 291 1373 225 323 271 1522 414 662 662 157 73 62 638 45 89 602 67 131 1999 118
leaf_count=1938 390 281 591 80 377 769 409 200 132 438 30 568 53 624 276 146 532 653 479 290 781 1934 127 250 636 69 120 299 732 1759 433 142 470 485 589 370 282 971 1635 688 140 196 291 1373 225 323 271 1522 414 662 662 157 73 62 638 45 89 602 67 131 1999 118
internal_value=0.022032 9.32959 -4.89507 16.0911 6.15354 -1.95106 -8.7332 14.0701 8.58954 4.18818 22.3816 -0.339544 12.8929 -7.21713 3.48377 20.4694 0.729316 -3.77539 7.6693 14.6192 -1.30859 -10.7857 22.067 18.1744 8.46277 26.643 6.00264 11.201 -3.02909 -1.80673 4.70656 12.2163 6.90511 2.46567 -4.65821 11.8209 15.7437 0.182848 -3.46052 -6.37707 9.18218 3.19305 -0.753602 -5.04405 1.34445 5.33289 6.29886 -6.68587 12.1637 7.64164 3.11377 20.5095 16.306 18.097 0.661841 14.0574 12.912 5.39678 20.0125 14.69 -8.20581 24.9764
internal_weight=32088 11092 20996 3545 7547 11882 9114 2683 3370 4177 862 6309 2085 5242 3317 595 3000 5573 2623 1032 3309 3872 430 598 1777 267 846 1053 3020 2540 1507 329 860 1810 2553 747 703 2432 2367 2834 340 472 823 1962 663 714 391 2210 713 1141 1147 303 165 92 1609 187 134 1035 317 413 2408 198
internal_count=32088 11092 20996 3545 7547 11882 9114 2683 3370 4177 862 6309 2085 5242 3317 595 3000 5573 2623 1032 3309 3872 430 598 1777 267 846 1053 3020 2540 1507 329 860 1810 2553 747 703 2432 2367 2834 340 472 823 1962 663 714 391 2210 713 1141 1147 303 165 92 1609 187 134 1035 317 413 2408 198
is_linear=0
shrinkage=0.05


Tree=14
num_leaves=63
num_cat=0
split_feature=35 35 35 35 35 35 35 40 40 40 40 40 35 35 35 40 35 40 35 40 40 35 35 40 40 40 40 35 40 35 35 35 35 35 40 40 40 40 40 40 40 40 40 40 40 40 35 40 40 40 40 40 40 40 40 40 40 40 40 40 40 40
split_gain=5.30461e+08 9.73191e+07 7.54616e+07 1.43348e+07 1.40816e+07 1.25232e+07 1.18529e+07 4.08587e+06 3.80972e+06 3.07556e+06 2.29629e+06 2.29444e+06 2.27093e+06 1.85185e+06 1.72662e+06 1.66814e+06 1.52445e+06 1.24197e+06 1.1368e+06 982700 959681 881495 838196 789781 764935 761561 667531 636235 616964 514803 504741 496436 482268 469047 445341 406497 382558 380794 367747 357679 430098 335936 396489 304743 300176 299967 297437 293636 292857 291480 289030 285512 282568 281816 249778 248313 243522 237221 260059 233354 202618 201909
threshold=618.05000000000007 304.85000000000008 1008.7500000000001 149.45000000000002 806.05000000000007 463.85000000000008 1279.4000000000003 1.0000000180025095e-35 1.0000000180025095e-35 1.0000000180025095e-35 1.0000000180025095e-35 1.0000000180025095e-35 389.25000000000006 78.450000000000017 231.25000000000003 4.5000000000000009 702.05000000000007 4.5000000000000009 543.55000000000007 4.5000000000000009 1.0000000180025095e-35 1155.7500000000002 916.25000000000011 3.5000000000000004 1.0000000180025095e-35 1.5000000000000002 4.5000000000000009 1531.0000000000002 1.5000000000000002 707.6500000000002 1531.0000000000002 916.25000000000011 1170.4500000000003 548.05000000000007 4.5000000000000009 1.5000000000000002 1.5000000000000002 4.5000000000000009 4.5000000000000009 1.5000000000000002 2.5000000000000004 3.5000000000000004 2.5000000000000004 4.5000000000000009 4.5000000000000009 1.0000000180025095e-35 20.950000000000003 3.5000000000000004 3.5000000000000004 4.5000000000000009 5.5000000000000009 5.5000000000000009 1.5000000000000002 5.5000000000000009 5.5000000000000009 3.5000000000000004 5.5000000000000009 3.5000000000000004 2.5000000000000004 5.5000000000000009 5.5000000000000009 3.5000000000000004
decision_type=2 2 2 2 2 2 2 2 2 2 2 2 2 2 2 2 2 2 2 2 2 2 2 2 2 2 2 2 2 2 2 2 2 2 2 2 2 2 2 2 2 2 2 2 2 2 2 2 2 2 2 2 2 2 2 2 2 2 2 2 2 2
left_child=1 3 4 13 9 12 7 32 31 29 33 30 24 46 45 23 34 25 37 28 -14 50 51 39 -3 -10 35 56 -13 -2 -8 -6 -4 -7 48 -18 -16 55 47 -9 -41 42 -27 -38 61 -5 -1 -22 -11 52 -17 -19 -20 -28 -23 -12 -21 58 -30 -36 -39 -26
right_child=2 5 6 14 8 10 11 15 17 16 18 19 20 -15 36 21 26 22 49 27 38 54 -24 -25 44 41 53 -29 57 -31 -32 -33 -34 -35 59 -37 43 60 -40 40 -42 -43 -44 -45 -46 -47 -48 -49 -50 -51 -52 -53 -54 -55 -56 -57 -58 -59 -60 -61 -62 -63
leaf_value=-11.209823961630882 6.1998736167440534 -1.8511174902189524 17.589719216547664 -5.8354670604240209 11.444870345970038 2.1381228773431347 25.417694976223501 15.74432207564233 10.229505336284639 2.7676634408951157 -0.66331475710211252 23.031873300913219 0.11920013302681667 -8.7520797046526919 -4.1392863256835941 14.487983267647881 6.7694738702459647 9.2094260308908868 2.8196236109492756 22.227408961245889 -2.1617470104709948 17.783472333635604 10.49076501497162 8.7127166968451615 -3.9846355895685956 4.5464841981367634 6.6798955187116356 26.48600042310812 13.513258684598483 8.6585317840903624 32.220285773999763 14.14464712072302 21.164807105610393 4.4767359234289454 4.5459939199267518 3.1146568719177221 -6.4765324239945485 0.70333167564854027 -1.6250900617533699 8.5268978850482267 13.227334082616521 4.7866526262649636 8.1487059188842785 -5.1543732627407541 -3.443772423073634 -7.2228876805406941 -10.163068732919619 -3.9582343828612268 0.38446810835108547 1.8485169827134282 12.411811944032328 7.5338624432922563 -0.13265162136882827 5.157019002493807 15.231348828021988 -2.5348870480314218 19.397112745987741 13.612254094365818 19.581749683726919 2.9683651499642658 -0.47399157771248035 -5.486227565461939
leaf_weight=1432 392 600 337 467 461 528 157 71 128 339 477 37 627 2156 625 294 91 430 99 152 612 161 661 225 615 110 525 59 26 466 33 270 131 361 413 464 622 625 1815 73 146 302 250 1456 1846 2350 1290 362 208 964 390 622 447 721 237 282 152 67 55 542 880 352
leaf_count=1432 392 600 337 467 461 528 157 71 128 339 477 37 627 2156 625 294 91 430 99 152 612 161 661 225 615 110 525 59 26 466 33 270 131 361 413 464 622 625 1815 73 146 302 250 1456 1846 2350 1290 362 208 964 390 622 447 721 237 282 152 67 55 542 880 352
internal_value=0.0209304 -4.367 9.43962 -7.87185 6.79162 -1.1958 16.4257 14.482 9.26651 4.8681 0.801647 21.8645 -2.55971 -9.84672 -6.12666 13.278 4.17528 8.33909 0.263129 20.2229 -1.64832 14.3928 9.09545 10.9357 -3.47189 6.69903 5.15623 21.7344 17.257 7.53523 26.5992 12.4421 18.5904 3.08777 2.99904 3.71392 -5.22391 -0.44557 -2.04568 12.6603 11.6605 6.0164 7.04803 -5.55013 -3.8176 -6.99288 -10.7137 -2.82944 1.86144 1.32571 13.3042 8.21874 0.402651 5.79868 16.2637 -1.35868 20.8123 15.8133 17.6338 3.65063 0.01493 -4.53123
internal_weight=32088 21890 10198 10398 7395 11492 2803 2065 3234 4161 4663 738 6829 4878 5520 1597 3303 2503 3774 548 3416 1082 1713 515 3413 790 1801 363 185 858 190 731 468 889 1502 555 2703 2264 2789 290 219 662 360 2078 2813 2817 2722 974 547 1510 684 1052 546 1246 398 759 304 148 81 955 1505 967
internal_count=32088 21890 10198 10398 7395 11492 2803 2065 3234 4161 4663 738 6829 4878 5520 1597 3303 2503 3774 548 3416 1082 1713 515 3413 790 1801 363 185 858 190 731 468 889 1502 555 2703 2264 2789 290 219 662 360 2078 2813 2817 2722 974 547 1510 684 1052 546 1246 398 759 304 148 81 955 1505 967
is_linear=0
shrinkage=0.05


Tree=15
num_leaves=63
num_cat=0
split_feature=33 36 36 32 34 36 37 36 36 36 31 37 36 37 37 36 37 37 36 36 36 36 40 37 36 31 37 36 36 36 36 37 40 40 36 36 40 40 36 36 40 36 36 37 36 40 40 40 40 40 40 40 40 36 36 40 40 40 40 37 36 40
split_gain=3.26358e+08 8.97347e+07 8.52333e+07 3.81775e+07 2.10668e+07 1.41875e+07 1.08772e+07 1.07975e+07 1.07928e+07 9.68078e+06 9.63873e+06 7.2764e+06 4.95764e+06 4.70256e+06 3.7639e+06 2.83904e+06 2.78029e+06 2.75824e+06 2.18401e+06 2.16849e+06 2.00898e+06 1.86976e+06 1.79433e+06 1.78943e+06 1.60781e+06 1.57301e+06 1.52187e+06 1.35345e+06 1.31501e+06 1.26694e+06 1.25598e+06 1.15773e+06 1.11612e+06 997108 985864 841079 821122 807607 767000 742837 682067 679616 679147 667714 657500 599622 581032 573453 556383 552016 524497 492287 490604 487892 480372 479444 457182 456313 428000 425856 423700 400371
threshold=1.0000000180025095e-35 204.51666666666668 173.16750000000005 29.850000000000005 61.050000000000004 133.56250000000003 1.5000000000000002 296.12500000000006 317.01666666666671 289.95500000000004 322.15000000000003 3.5000000000000004 104.31000000000002 3.5000000000000004 2.5000000000000004 246.95833333333337 4.5000000000000009 4.5000000000000009 82.925000000000026 92.112500000000011 254.11000000000004 382.3250000000001 1.0000000180025095e-35 2.5000000000000004 387.95000000000005 430.35000000000008 3.5000000000000004 244.65833333333336 165.15833333333336 234.53750000000005 245.81250000000003 3.5000000000000004 1.5000000000000002 1.5000000000000002 338.42000000000002 242.21250000000003 1.0000000180025095e-35 1.0000000180025095e-35 62.716666666666676 171.71250000000003 4.5000000000000009 228.87083333333337 359.52500000000003 4.5000000000000009 179.28000000000003 1.5000000000000002 1.5000000000000002 1.0000000180025095e-35 1.5000000000000002 1.5000000000000002 1.0000000180025095e-35 1.5000000000000002 1.0000000180025095e-35 340.75000000000006 397.11250000000013 1.0000000180025095e-35 1.0000000180025095e-35 4.5000000000000009 1.5000000000000002 4.5000000000000009 60.125000000000007 4.5000000000000009
decision_type=2 2 2 2 2 2 2 2 2 2 2 2 2 2 2 2 2 2 2 2 2 2 2 2 2 2 2 2 2 2 2 2 2 2 2 2 2 2 2 2 2 2 2 2 2 2 2 2 2 2 2 2 2 2 2 2 2 2 2 2 2 2
left_child=2 5 6 10 9 19 18 16 14 13 35 44 38 27 15 56 20 28 -1 60 37 26 42 -14 46 47 32 58 -13 -16 52 -21 -11 -22 43 -4 -29 -6 -8 -19 -34 -15 -9 -24 -7 -17 -10 -12 -32 -30 -26 -23 -18 -42 -36 -27 -5 -35 -3 -33 -2 -48
right_child=1 4 3 8 7 11 12 22 24 21 25 17 23 41 29 45 30 39 -20 31 33 51 34 -25 50 55 -28 36 49 -31 48 59 40 57 54 -37 -38 -39 -40 -41 53 -43 -44 -45 -46 -47 61 -49 -50 -51 -52 -53 -54 -55 -56 -57 -58 -59 -60 -61 -62 -63
leaf_value=-10.171150346482428 -7.662946710257696 5.7422736942177952 -6.313088051006801 0.33694064468867624 12.066430366516114 -0.61624603418888779 -8.8654662767588661 22.094539221009214 6.5794284424224463 13.289839055614539 -1.0297586544815984 2.2064280665096114 -4.7738015807528074 8.1933927412513352 2.2921490184421329 3.2014327110511114 17.908286379094712 6.5113927837049932 -7.9563985282233691 -3.5021730369633746 16.597141900917009 19.841245422363283 15.52883763295827 -1.3822061916715791 10.441924486973491 1.0713111344742521 16.761564134477496 9.4601740037552045 7.5499173064210101 6.5851965282792158 23.717938132908035 -0.75570012942412279 7.3065221702474865 9.0298446416854858 19.875600515093126 -4.6788431363228042 5.8177643299776287 8.2927169404235457 -6.6835960340400336 9.9884882978144915 9.5105395509986117 11.347272222359617 28.874077740837546 21.923472023010255 1.7648613773656028 0.87039224874100884 2.0674084537449371 -2.9423238243281493 17.33855412418681 4.6327926745414736 6.8368270398216175 14.690405871544355 12.773542358941242 12.742395185198104 26.573875427246094 -1.0721141521913713 -2.0239229631813251 13.04335730093497 3.0637992753454473 2.158827919386169 -4.3620608951883808 4.4700594442738337
leaf_weight=2531 145 202 1484 245 200 649 695 134 231 281 476 527 1579 278 461 361 57 317 1987 333 173 65 273 516 129 317 111 198 219 274 46 376 227 96 196 1677 708 487 958 298 351 443 51 48 524 1170 249 2219 133 625 463 162 253 175 31 1474 1258 270 570 188 295 571
leaf_count=2531 145 202 1484 245 200 649 695 134 231 281 476 527 1579 278 461 361 57 317 1987 333 173 65 273 516 129 317 111 198 219 274 46 376 227 96 196 1677 708 487 958 298 351 443 51 48 524 1170 249 2219 133 625 463 162 253 175 31 1474 1258 270 570 188 295 571
internal_value=0.0050799 7.12409 -3.57195 -1.05704 11.0146 1.74262 -7.54512 14.6265 2.15651 8.6699 -3.33136 3.56988 -5.55374 6.75406 0.682291 -0.0954082 12.4555 5.4141 -9.19711 -2.57475 11.1841 12.0198 19.7058 -3.93845 5.53834 -1.84126 11.198 5.30298 4.16609 3.89255 15.6432 -1.16445 10.6007 13.4692 18.2684 -5.44607 6.61379 9.39132 -7.60096 8.19623 9.59721 10.1312 23.9635 16.485 0.447437 1.42004 4.36445 -2.60452 18.9779 5.38972 7.6224 16.1653 13.7177 10.5858 20.7903 -0.692736 -1.63908 11.9906 3.76464 0.215809 -5.44985 3.74047
internal_weight=32040 10715 21325 13059 6219 4496 8266 2448 5412 3771 7647 3159 3748 2399 3769 3034 1715 1986 4518 1337 1226 1372 733 2095 1643 4486 1145 1678 1371 735 489 897 1034 539 548 3161 906 687 1653 615 753 721 185 321 1173 1531 1051 2695 179 844 592 227 310 526 227 1791 1503 366 772 564 440 820
internal_count=32040 10715 21325 13059 6219 4496 8266 2448 5412 3771 7647 3159 3748 2399 3769 3034 1715 1986 4518 1337 1226 1372 733 2095 1643 4486 1145 1678 1371 735 489 897 1034 539 548 3161 906 687 1653 615 753 721 185 321 1173 1531 1051 2695 179 844 592 227 310 526 227 1791 1503 366 772 564 440 820
is_linear=0
shrinkage=0.05


Tree=16
num_leaves=63
num_cat=0
split_feature=35 35 35 35 35 35 35 40 40 40 40 35 40 40 35 35 40 40 35 40 35 40 35 40 35 40 35 35 40 40 35 40 35 35 40 40 40 40 35 40 40 40 40 40 40 35 40 40 40 40 40 40 40 40 40 40 40 40 40 40 40 40
split_gain=4.28931e+08 7.9516e+07 6.15747e+07 1.14891e+07 1.07485e+07 1.03867e+07 9.90145e+06 3.4357e+06 3.41768e+06 2.22605e+06 2.01686e+06 1.85874e+06 1.79603e+06 1.68675e+06 1.51486e+06 1.45148e+06 1.32295e+06 1.02294e+06 880856 863844 856824 844980 797731 747602 650950 585667 579218 549797 543093 537584 472276 469363 419345 390746 354201 348201 338155 409842 326469 297848 293858 283060 360221 281362 266282 261062 254605 430344 253679 248530 228088 225341 201468 198462 194716 194155 193804 186288 186064 221974 178925 178273
threshold=618.05000000000007 304.85000000000008 998.25000000000011 145.35000000000005 789.1500000000002 463.85000000000008 1279.4000000000003 1.0000000180025095e-35 1.5000000000000002 1.0000000180025095e-35 1.0000000180025095e-35 383.65000000000009 1.0000000180025095e-35 4.5000000000000009 231.25000000000003 59.050000000000004 4.5000000000000009 4.5000000000000009 543.55000000000007 1.5000000000000002 1155.7500000000002 4.5000000000000009 902.1500000000002 3.5000000000000004 723.1500000000002 1.0000000180025095e-35 894.95000000000016 1455.95 3.5000000000000004 4.5000000000000009 1170.4500000000003 1.5000000000000002 1531.0000000000002 532.95000000000016 4.5000000000000009 1.0000000180025095e-35 1.5000000000000002 2.5000000000000004 707.6500000000002 5.5000000000000009 4.5000000000000009 3.5000000000000004 2.5000000000000004 5.5000000000000009 1.0000000180025095e-35 104.55000000000003 1.5000000000000002 2.5000000000000004 4.5000000000000009 5.5000000000000009 1.5000000000000002 3.5000000000000004 5.5000000000000009 5.5000000000000009 5.5000000000000009 4.5000000000000009 5.5000000000000009 5.5000000000000009 3.5000000000000004 2.5000000000000004 3.5000000000000004 5.5000000000000009
decision_type=2 2 2 2 2 2 2 2 2 2 2 2 2 2 2 2 2 2 2 2 2 2 2 2 2 2 2 2 2 2 2 2 2 2 2 2 2 2 2 2 2 2 2 2 2 2 2 2 2 2 2 2 2 2 2 2 2 2 2 2 2 2
left_child=1 3 4 15 9 11 7 30 26 38 33 25 32 41 44 -1 23 28 34 -13 39 31 43 36 49 -3 -6 54 46 -21 -4 -14 -8 -7 51 -16 -9 -38 -2 -18 50 42 -10 -15 -5 -17 -11 -48 60 -19 -20 -12 -24 -31 -23 -37 -42 -22 59 -33 -27 -36
right_child=2 5 6 14 8 10 12 16 13 17 18 19 21 22 35 45 20 24 40 29 57 27 52 -25 -26 48 -28 -29 -30 53 -32 58 -34 -35 61 55 37 -39 -40 -41 56 -43 -44 -45 -46 -47 47 -49 -50 -51 -52 -53 -54 -55 -56 -57 -58 -59 -60 -61 -62 -63
leaf_value=-9.8724187721685084 5.6117938655255797 -1.7123525213928863 15.706455081075596 -5.2739455593619375 9.5055389952471874 1.823599000144994 22.950381783263325 13.992668428525821 3.6584597230926761 4.9782470897624371 -0.61597658662531385 -0.14312274355709018 20.862772010354433 8.0120854604042187 -3.507737019042338 -8.611897209103951 13.050886458384841 4.3495116437128347 2.4587074540790761 -2.9896804443722558 16.066925997611804 19.664618205248829 10.268691109105161 7.647227341788156 5.3490880637752767 -3.6812234888405637 12.020099815533316 22.494180297851564 0.82563796584741989 -0.86656580688793428 19.209950431066616 12.010440032958986 29.270342779159549 3.8969765644115775 0.71207564990775463 -5.6265774270976863 7.4760973145690146 11.931006581351262 7.6633585133395359 11.054449531338149 2.5189590491097551 3.9132692874424047 6.9046608768190652 6.4071652277016344 -6.5708764606565113 -7.6083257861107398 0.47315695883766296 3.7104486807396544 -3.1666383534476927 2.9154916551122536 -0.23853745526534376 -2.3894072324671645 8.5225916078679145 -1.909764047463735 16.747930608731565 -4.6428400154783018 1.0852587041799708 13.859916977361147 12.421157186171589 17.646501593754209 -5.1540027403831488 -0.39859885971364251
leaf_weight=2169 415 537 362 471 508 458 146 91 123 152 491 835 34 472 484 1321 316 516 95 891 156 123 285 224 784 580 417 119 395 747 131 25 32 451 611 774 79 149 364 457 406 315 280 648 2478 1272 155 304 1699 729 448 282 393 1170 107 1425 562 247 68 58 320 884
leaf_count=2169 415 537 362 471 508 458 146 91 123 152 491 835 34 472 484 1321 316 516 95 891 156 123 285 224 784 580 417 119 395 747 131 25 32 451 611 774 79 149 364 457 406 315 280 648 2478 1272 155 304 1699 729 448 282 393 1170 107 1425 562 247 68 58 320 884
internal_value=0.00482591 -3.94279 8.48296 -7.11014 6.01414 -1.07182 14.6086 12.9578 8.0403 4.18614 0.737741 -2.32322 19.737 7.08485 -5.58157 -8.91797 11.9025 3.57416 0.229104 -1.55505 12.8451 18.2871 7.90295 9.86122 4.22052 -3.21557 10.6391 19.7352 2.27051 -1.97491 16.6374 15.5553 24.0866 2.8523 -0.393977 -4.72186 11.4159 10.3874 6.57042 11.8706 1.16434 5.03618 5.91388 7.08352 -6.36374 -8.11959 3.2046 2.61725 -3.52617 3.50983 0.233356 -1.26295 9.25657 -1.50326 18.3077 -4.98909 1.68658 14.7142 14.3602 15.9489 -4.20488 0.055329
internal_weight=32040 21861 10179 10394 7255 11467 2924 2212 3441 3814 4688 6779 712 2516 5632 4762 1719 3035 3779 3643 1176 534 1798 543 2029 3136 925 349 1006 2808 493 185 178 909 2268 2683 319 228 779 773 1511 718 403 1120 2949 2593 611 459 2599 1245 543 773 678 1917 230 2199 968 403 151 83 900 1495
internal_count=32040 21861 10179 10394 7255 11467 2924 2212 3441 3814 4688 6779 712 2516 5632 4762 1719 3035 3779 3643 1176 534 1798 543 2029 3136 925 349 1006 2808 493 185 178 909 2268 2683 319 228 779 773 1511 718 403 1120 2949 2593 611 459 2599 1245 543 773 678 1917 230 2199 968 403 151 83 900 1495
is_linear=0
shrinkage=0.05


Tree=17
num_leaves=63
num_cat=0
split_feature=35 35 35 35 35 35 35 40 40 40 40 40 35 40 35 35 40 35 35 40 40 35 40 35 35 40 40 40 35 40 35 40 35 35 40 35 40 40 40 40 40 40 40 40 40 40 35 40 40 40 40 40 40 40 40 40 40 40 40 35 40 40
split_gain=3.8711e+08 7.17937e+07 5.56202e+07 1.03415e+07 9.92834e+06 9.73674e+06 8.42234e+06 2.96416e+06 2.87596e+06 2.32308e+06 1.98472e+06 1.62092e+06 1.57051e+06 1.44816e+06 1.30263e+06 1.22723e+06 1.21883e+06 1.17998e+06 1.00186e+06 783760 762595 655931 644621 632892 503033 496395 477827 446141 444124 429209 426148 423600 398960 393841 389673 378459 324717 317977 289986 288648 280052 372014 275233 274306 259083 304714 255328 242560 239958 224298 217479 212421 208829 204078 198152 196716 186745 180643 179558 168750 168434 141987
threshold=618.05000000000007 298.75000000000006 1008.7500000000001 806.05000000000007 452.85000000000008 141.45000000000002 1279.4000000000003 1.0000000180025095e-35 1.5000000000000002 1.0000000180025095e-35 1.0000000180025095e-35 1.0000000180025095e-35 373.95000000000005 4.5000000000000009 216.85000000000005 38.250000000000007 4.5000000000000009 723.1500000000002 538.75000000000011 1.5000000000000002 4.5000000000000009 1170.4500000000003 1.5000000000000002 909.35000000000014 1531.0000000000002 4.5000000000000009 1.5000000000000002 4.5000000000000009 916.25000000000011 4.5000000000000009 532.95000000000016 1.5000000000000002 707.6500000000002 1187.8500000000001 4.5000000000000009 1531.0000000000002 4.5000000000000009 1.5000000000000002 4.5000000000000009 3.5000000000000004 3.5000000000000004 2.5000000000000004 4.5000000000000009 3.5000000000000004 3.5000000000000004 2.5000000000000004 104.55000000000003 5.5000000000000009 3.5000000000000004 5.5000000000000009 1.5000000000000002 5.5000000000000009 5.5000000000000009 1.5000000000000002 5.5000000000000009 5.5000000000000009 5.5000000000000009 5.5000000000000009 5.5000000000000009 1455.95 4.5000000000000009 5.5000000000000009
decision_type=2 2 2 2 2 2 2 2 2 2 2 2 2 2 2 2 2 2 2 2 2 2 2 2 2 2 2 2 2 2 2 2 2 2 2 2 2 2 2 2 2 2 2 2 2 2 2 2 2 2 2 2 2 2 2 2 2 2 2 2 2 2
left_child=1 5 3 9 12 15 7 33 28 32 30 35 26 44 53 -1 22 25 34 -14 31 47 -9 51 52 39 -3 -21 -5 43 -6 -13 -2 -4 48 -8 -28 -16 -39 -11 41 -24 50 -19 45 -10 -17 -18 -12 -27 -20 -15 -22 -7 -31 -25 -36 -44 -29 -33 -55 -23
right_child=2 4 6 8 10 14 11 16 13 17 18 20 19 23 37 46 21 29 42 27 24 61 40 55 -26 49 36 58 -30 54 -32 59 -34 -35 56 -37 -38 38 -40 -41 -42 -43 57 -45 -46 -47 -48 -49 -50 -51 -52 -53 -54 60 -56 -57 -58 -59 -60 -61 -62 -63
leaf_value=-9.4819569230079654 5.3312041992739028 -2.046143668977912 15.157201725983425 9.5153089465297214 1.6156032115781558 -5.3565655888352444 21.802862674242832 13.372151552397629 3.7455714010977532 2.4750081957538348 -0.73685829171777839 19.81963316973518 -0.30309632651535212 7.8348706286886474 -3.7256959253718858 -8.2450673699834542 12.619911542199432 4.3222086307189471 2.3292882860923299 -3.0369760241197508 19.177338907877605 15.435546095231002 7.1234279186694653 9.9492564184740448 22.914531173706056 4.132036077883817 -4.4318005551319812 -1.0360661002951184 11.864076588636529 6.0525729958827688 3.7021276928633124 12.358910899915195 7.4771619817805348 18.596546907778141 0.56188054500449824 27.806825923919678 -3.1585602174165675 -5.8043817856416045 -4.5838756465420287 0.35679197471744661 7.3752208212919017 11.44481155720163 2.3143474946919516 1.7029414632162194 3.9211264607046736 6.8974966364522139 -7.2639445640484217 10.796482146732393 -2.4207939762227677 2.769717070922276 -0.25404397917537341 6.3434573234395781 16.487281338259471 -7.131747537323192 4.6130324282255888 8.2458906781846206 -0.51268800448534524 0.97836358684290214 -2.0388176927102353 15.819293199266708 -6.1486890481526055 13.367559467011214
leaf_weight=1920 415 678 363 526 535 535 146 87 111 414 560 34 817 414 669 1570 311 261 98 828 150 136 77 287 60 516 726 738 326 416 451 95 453 108 672 32 1614 709 1552 263 215 141 437 162 294 248 1148 441 340 729 483 564 139 632 562 414 1015 601 1130 56 1403 213
leaf_count=1920 415 678 363 526 535 535 146 87 111 414 560 34 817 414 669 1570 311 261 98 828 150 136 77 287 60 516 726 738 326 416 451 95 453 108 672 32 1614 709 1552 263 215 141 437 162 294 248 1148 441 340 729 483 564 139 632 562 414 1015 601 1130 56 1403 213
internal_value=0.00458461 -3.74565 8.05881 5.77982 -1.08104 -6.82686 14.0529 12.4543 7.92791 4.14787 0.550931 18.7501 -2.37841 7.01961 -5.40393 -8.51426 11.4398 3.54623 0.0776101 -1.65976 17.3728 12.382 9.44475 7.79665 18.7484 2.7418 -3.21494 -2.07088 10.414 4.6498 2.56999 14.7775 6.45116 15.9458 -0.532859 22.8822 -3.55359 -4.68327 -4.9666 1.65213 8.65565 9.91845 1.05308 3.31909 5.02167 5.92295 -7.83067 11.5506 -1.37301 3.33434 0.181699 6.97479 17.8835 -6.22554 5.22535 8.94327 -0.0846441 1.54082 -1.64266 13.6422 -6.45399 14.1734
internal_weight=32040 21861 10179 7375 11723 10138 2804 2092 3184 4191 5192 712 6531 2332 5500 4638 1621 3323 4206 3513 534 1101 520 1679 349 1922 3018 2696 852 1401 986 185 868 471 2587 178 2340 2930 2261 677 433 218 1619 423 653 359 2718 752 900 1245 581 978 289 2570 978 701 1687 1038 1868 151 2035 349
internal_count=32040 21861 10179 7375 11723 10138 2804 2092 3184 4191 5192 712 6531 2332 5500 4638 1621 3323 4206 3513 534 1101 520 1679 349 1922 3018 2696 852 1401 986 185 868 471 2587 178 2340 2930 2261 677 433 218 1619 423 653 359 2718 752 900 1245 581 978 289 2570 978 701 1687 1038 1868 151 2035 349
is_linear=0
shrinkage=0.05


Tree=18
num_leaves=63
num_cat=0
split_feature=37 36 36 32 34 36 36 36 36 36 37 31 37 37 37 37 36 36 36 40 36 36 36 40 37 36 37 36 37 36 36 40 40 36 31 31 40 36 36 40 36 36 37 40 40 40 40 36 40 40 40 40 40 40 40 40 40 40 40 40 40 40
split_gain=2.28282e+08 8.23619e+07 6.20917e+07 2.29605e+07 1.83837e+07 1.42656e+07 8.38432e+06 8.33324e+06 8.02132e+06 7.43739e+06 7.26083e+06 5.96292e+06 3.85893e+06 3.17311e+06 2.08504e+06 1.90179e+06 1.78847e+06 1.50438e+06 1.45624e+06 1.42558e+06 1.2879e+06 1.25124e+06 1.08901e+06 1.01943e+06 925295 916050 909388 905797 879270 878340 854163 800328 793650 786075 750124 683794 668891 623370 614305 526371 522784 472755 485408 464286 447551 434368 427181 407487 403133 401835 395879 365917 337539 320145 319661 318654 310201 307278 295965 274664 273439 273139
threshold=2.5000000000000004 204.51666666666668 192.21666666666673 29.850000000000005 61.050000000000004 123.86250000000003 289.95500000000004 321.08333333333343 282.51250000000005 89.916666666666671 3.5000000000000004 347.85000000000008 3.5000000000000004 1.5000000000000002 4.5000000000000009 4.5000000000000009 345.05000000000013 255.47083333333339 78.441666666666677 1.0000000180025095e-35 165.15833333333336 243.37500000000003 394.05000000000007 1.0000000180025095e-35 4.5000000000000009 354.54166666666669 3.5000000000000004 131.81250000000003 3.5000000000000004 165.15833333333336 32.300000000000004 1.0000000180025095e-35 1.0000000180025095e-35 162.61250000000004 442.85000000000008 263.65000000000003 1.5000000000000002 232.25833333333335 254.11000000000004 1.0000000180025095e-35 241.15833333333336 352.12500000000006 3.5000000000000004 1.0000000180025095e-35 1.0000000180025095e-35 1.5000000000000002 4.5000000000000009 233.41666666666669 1.5000000000000002 1.0000000180025095e-35 1.0000000180025095e-35 1.0000000180025095e-35 4.5000000000000009 1.5000000000000002 1.0000000180025095e-35 4.5000000000000009 1.0000000180025095e-35 1.0000000180025095e-35 1.0000000180025095e-35 4.5000000000000009 4.5000000000000009 4.5000000000000009
decision_type=2 2 2 2 2 2 2 2 2 2 2 2 2 2 2 2 2 2 2 2 2 2 2 2 2 2 2 2 2 2 2 2 2 2 2 2 2 2 2 2 2 2 2 2 2 2 2 2 2 2 2 2 2 2 2 2 2 2 2 2 2 2
left_child=2 5 9 11 6 18 12 17 15 30 29 35 21 -11 20 23 24 54 -2 41 57 43 44 47 31 26 -21 -15 -20 -7 -1 -10 -23 -16 51 -4 -18 58 -25 -31 -14 42 -8 -3 -9 -19 -38 -6 -22 -24 -35 -13 -33 -36 -5 -50 -39 -12 -17 -47 -27 -34
right_child=1 4 3 7 8 10 19 22 16 13 14 34 40 27 33 37 36 45 28 25 48 32 49 38 -26 60 -28 -29 -30 39 -32 52 61 50 53 -37 46 56 -40 -41 -42 -43 -44 -45 -46 59 -48 -49 55 -51 -52 -53 -54 -55 -56 -57 -58 -59 -60 -61 -62 -63
leaf_value=-8.9735911408542037 -5.626083313617162 5.22868704089412 -5.0041223235535472 0.77437790330992007 9.4226404357910152 -1.088124211805733 11.162024805228699 6.0971186406988851 17.105821110652045 -6.6232559509892344 3.7624557370724889 -0.52250328521092837 7.5318149144308908 -5.2797779117813199 4.6545482822643818 14.820560491652717 23.194562264774625 3.0472972149497894 -3.6272029375596482 7.8026123932021818 6.4733717252130383 8.2227799304119955 9.3473159585680285 7.1031928624460594 19.354754106203714 9.4515457443963911 13.237246129704619 -3.2667246842705469 -0.72092868753592021 3.2432098120450976 -7.4512554747697841 10.938621854448654 3.5690857533422804 11.47228061887953 0.92298364432000413 -3.5643777272899833 13.673766276041668 18.676053001767112 10.066133014273731 0.52365541093305468 10.243860180346998 16.145638500012851 18.826201795495077 2.610998762214948 3.4125884621190203 -0.21609753224359463 19.314940192482691 13.155993240529842 2.2322594532014235 5.9758012356792261 7.3745941966130193 -2.1775732521658546 13.935416757625385 -0.83732360311493226 -1.2255285200293959 4.7044499591426296 13.940971783229285 1.1040710070476052 10.138807349981263 1.5097806558609008 12.528842850061721 5.5025987075283789
leaf_weight=1994 461 216 1530 242 125 814 203 190 156 2233 138 406 420 883 279 42 89 326 550 668 219 231 112 487 96 105 87 1522 494 224 1713 143 260 72 335 1789 45 42 273 865 308 95 23 785 849 338 132 176 184 419 325 1882 274 1128 1146 447 196 512 172 725 231 614
leaf_count=1994 461 216 1530 242 125 814 203 190 156 2233 138 406 420 883 279 42 89 326 550 668 219 231 112 487 96 105 87 1522 494 224 1713 143 260 72 335 1789 45 42 273 865 308 95 23 785 849 338 132 176 184 419 325 1882 274 1128 1146 447 196 512 172 725 231 614
internal_value=0.00435538 5.35876 -3.3223 -0.92618 9.09899 0.875026 7.10942 1.93338 12.5499 -6.60049 2.41012 -2.68439 5.54112 -5.266 4.38289 10.2999 16.1907 0.287329 -3.28553 10.2571 3.34386 4.45634 4.8449 9.14288 14.8118 9.39538 8.42885 -4.00582 -2.25201 0.154339 -8.27012 14.0507 5.61631 6.68841 -1.31848 -4.22807 19.6587 13.0158 8.16751 1.08305 8.67922 13.1861 11.942 3.17585 3.9035 1.45066 17.8807 11.6056 4.62505 6.68693 8.11775 -1.88389 12.9077 -0.434246 -0.876842 3.98356 14.7766 1.66847 11.0577 0.961007 11.5672 4.92741
internal_weight=32040 12278 19762 11417 6694 5584 4246 4347 2448 8345 4079 7070 2834 4638 2176 1513 935 2777 1505 1412 1500 2106 1570 1061 669 1091 755 2405 1044 1903 3707 573 1105 676 3751 3319 266 452 760 1089 728 321 226 1001 1039 1389 177 301 850 531 397 2288 417 1463 1388 631 238 650 214 1063 336 874
internal_count=32040 12278 19762 11417 6694 5584 4246 4347 2448 8345 4079 7070 2834 4638 2176 1513 935 2777 1505 1412 1500 2106 1570 1061 669 1091 755 2405 1044 1903 3707 573 1105 676 3751 3319 266 452 760 1089 728 321 226 1001 1039 1389 177 301 850 531 397 2288 417 1463 1388 631 238 650 214 1063 336 874
is_linear=0
shrinkage=0.05


Tree=19
num_leaves=63
num_cat=0
split_feature=33 36 36 32 34 36 36 31 36 36 37 37 37 37 36 36 37 37 36 36 31 40 36 31 36 36 37 36 37 37 40 36 31 21 36 40 40 36 36 40 40 40 40 40 40 36 40 40 40 36 36 36 40 40 37 40 40 40 40 37 40 40
split_gain=2.16491e+08 5.95928e+07 5.68393e+07 2.58713e+07 1.40493e+07 9.53443e+06 8.43268e+06 7.37506e+06 7.26557e+06 6.49102e+06 5.54054e+06 4.8517e+06 3.26656e+06 2.58575e+06 2.24919e+06 2.20908e+06 1.88063e+06 1.76183e+06 1.6995e+06 1.32356e+06 1.21661e+06 1.19054e+06 1.15243e+06 1.09829e+06 1.08141e+06 1.04832e+06 877592 875630 873007 844912 833647 748646 700099 699162 685954 678613 675150 612063 556269 533211 503215 499021 485440 480432 458203 456335 452283 437241 385101 376537 365191 361314 357437 355999 337138 331122 330282 330031 322516 316921 311611 310991
threshold=1.0000000180025095e-35 204.51666666666668 157.21000000000004 29.850000000000005 61.050000000000004 138.27083333333334 276.51666666666671 318.15000000000003 296.12500000000006 296.12500000000006 1.5000000000000002 3.5000000000000004 3.5000000000000004 2.5000000000000004 94.216666666666683 362.04166666666669 4.5000000000000009 4.5000000000000009 98.27500000000002 254.11000000000004 396.85000000000008 1.5000000000000002 382.3250000000001 62.750000000000007 218.61250000000004 254.11000000000004 3.5000000000000004 245.81250000000003 2.5000000000000004 3.5000000000000004 4.5000000000000009 175.51666666666668 234.65000000000001 1.0000000180025095e-35 210.21250000000001 1.5000000000000002 1.5000000000000002 359.52500000000003 241.15833333333336 1.0000000180025095e-35 1.0000000180025095e-35 1.0000000180025095e-35 1.5000000000000002 1.5000000000000002 1.5000000000000002 338.42000000000002 4.5000000000000009 1.0000000180025095e-35 1.0000000180025095e-35 51.625000000000007 60.125000000000007 173.16750000000005 4.5000000000000009 1.5000000000000002 4.5000000000000009 4.5000000000000009 1.5000000000000002 1.0000000180025095e-35 4.5000000000000009 4.5000000000000009 1.0000000180025095e-35 4.5000000000000009
decision_type=2 2 2 2 2 2 2 2 2 2 2 2 2 2 2 2 2 2 2 2 2 2 2 2 2 2 2 2 2 2 2 2 2 2 2 2 2 2 2 2 2 2 2 2 2 2 2 2 2 2 2 2 2 2 2 2 2 2 2 2 2 2
left_child=2 5 10 7 9 18 13 32 16 12 23 47 25 24 49 33 19 31 50 39 -9 37 26 -1 -5 53 36 57 -16 -20 -23 60 -4 43 -15 -21 -11 -10 -14 -6 -27 -19 -17 -8 -22 59 -38 -7 -29 -12 -2 -43 -46 -3 -31 -37 -24 -18 -45 -32 -13 -44
right_child=1 4 3 6 8 11 15 20 21 22 14 17 38 34 28 42 27 41 29 35 44 30 56 -25 -26 40 -28 48 -30 54 45 -33 -34 -35 -36 55 46 -39 -40 -41 -42 51 61 58 52 -47 -48 -49 -50 -51 -52 -53 -54 -55 -56 -57 -58 -59 -60 -61 -62 -63
leaf_value=-8.4634656958371508 -6.3246045184957573 4.9714191260586782 -5.3222502382943109 -2.1606129479440308 9.8143588714599623 2.3390960798043166 3.9105438182360235 -2.4785234046553102 17.633454320571001 11.027975034713746 -7.5147928352355962 4.3542622815842602 7.1593401611715128 1.0111939676276469 -4.3629420447720504 7.7039534932916816 14.592552251983108 9.8736548621375277 -2.5836675146431993 13.531101544330575 0.34348750190809368 11.511882605919473 16.239325925386868 -6.8405710559076187 -0.029670009813175635 8.1144774687356787 14.063338955965911 19.870855598449708 -1.817096521495104 -0.33301559819730725 13.678458481692196 4.750286002395435 -3.9001644003145266 7.0399435406639475 4.0058559692957827 7.2087093313535053 6.0729810283734249 23.701563193581322 9.9112982674800989 6.7480332165038561 5.1044099799265581 4.7724787950515752 3.3571015450854484 0.65621834708849591 -2.2060884835658214 18.050596244471848 8.8733120346069345 -0.074166714566600345 14.303532928357022 -5.7996940810178881 -3.35851392056844 7.5247033969128978 -0.77340187412106198 2.7824035255633368 2.1588977278465062 10.627617136637371 12.020309434113679 10.381113126249653 2.4174807239090752 19.233746083577476 1.7473810809089145 5.6985220380190045
leaf_weight=2081 145 249 1673 1090 200 238 381 1996 170 256 500 149 414 437 1414 220 57 111 355 173 620 143 65 2089 1312 179 88 40 442 418 178 652 1793 84 340 96 208 55 330 487 619 238 202 375 624 157 470 888 139 889 365 239 1440 731 201 270 162 253 847 30 497 476
leaf_count=2081 145 249 1673 1090 200 238 381 1996 170 256 500 149 414 437 1414 220 57 111 355 173 620 143 65 2089 1312 179 88 40 442 418 178 652 1793 84 340 96 208 55 330 487 619 238 202 375 624 157 470 888 139 889 365 239 1440 731 201 270 162 253 847 30 497 476
internal_value=0.00413761 5.80233 -2.90923 -1.02453 8.97279 1.41684 1.53892 -2.8384 11.9224 7.05804 -6.44479 3.03303 5.59819 -0.185628 -4.89543 3.65975 10.1416 4.58359 -1.86347 9.09587 -1.54369 16.0889 10.0058 -7.65046 -0.996667 4.43416 9.28999 12.7632 -3.75666 -0.63908 14.7479 3.55502 -4.58659 2.59334 2.3216 10.9506 8.84026 19.1168 8.37997 7.6407 5.7796 6.85413 5.66314 2.36033 -0.848486 16.0157 8.01421 0.435919 15.5476 -6.41708 -4.20181 6.15148 -1.20654 3.33859 0.476152 9.73085 13.2284 11.1555 1.877 14.4797 2.34866 5.00093
internal_weight=32040 10715 21325 13910 6219 4496 5764 8146 2448 3771 7415 3012 2522 3179 3245 2585 1715 1886 1484 1226 4680 733 1249 4170 2402 1778 1022 489 1856 974 508 1298 3466 1687 777 539 934 225 744 687 798 588 898 1603 2684 365 678 1126 179 1389 510 477 2064 980 619 366 227 310 1222 208 646 678
internal_count=32040 10715 21325 13910 6219 4496 5764 8146 2448 3771 7415 3012 2522 3179 3245 2585 1715 1886 1484 1226 4680 733 1249 4170 2402 1778 1022 489 1856 974 508 1298 3466 1687 777 539 934 225 744 687 798 588 898 1603 2684 365 678 1126 179 1389 510 477 2064 980 619 366 227 310 1222 208 646 678
is_linear=0
shrinkage=0.05


Tree=20
num_leaves=63
num_cat=0
split_feature=35 35 35 35 35 35 35 35 35 35 35 35 35 35 35 36 38 38 35 35 38 35 35 35 35 35 35 35 35 35 35 38 38 36 38 35 32 35 35 32 21 38 32 35 36 38 36 36 38 36 4 36 35 35 38 33 35 38 35 35 33 32
split_gain=2.88149e+08 5.41673e+07 3.99915e+07 8.08599e+06 7.35802e+06 7.19813e+06 5.87025e+06 1.34483e+06 1.09317e+06 1.0614e+06 1.05334e+06 1.04195e+06 1.02036e+06 952052 764877 332302 254517 184110 173573 155061 154754 147224 142667 141346 139089 138856 138240 126507 123021 106481 97363.1 90055.6 89704.6 84754.4 71773.9 68528.4 65055.6 64098.4 60179.8 54170 52985.4 51347.4 51081.4 48265.8 41909.8 40521 39322.5 37508 35854.3 35306.9 34962.6 43569.3 34441.7 32795.2 32420.7 31653.6 30288.8 28884.1 28049.9 27437.4 24762.6 24370.9
threshold=629.1500000000002 294.95000000000005 1020.4500000000002 447.85000000000008 812.6500000000002 133.35000000000005 1313.1500000000003 532.95000000000016 377.55000000000007 894.95000000000016 216.85000000000005 1155.7500000000002 723.1500000000002 1531.0000000000002 38.250000000000007 409.72500000000008 1.0000000180025095e-35 1.0000000180025095e-35 933.35000000000025 471.95000000000005 1.0000000180025095e-35 253.35000000000005 100.35000000000002 342.65000000000009 1397.9500000000003 685.05000000000007 557.30000000000007 184.45000000000002 1225.1500000000003 400.9500000000001 1069.4000000000003 1.0000000180025095e-35 1.0000000180025095e-35 10.625000000000002 1.0000000180025095e-35 1203.6500000000003 290.45000000000005 1096.7500000000002 789.1500000000002 306.25000000000006 1.0000000180025095e-35 1.0000000180025095e-35 450.65000000000003 845.95000000000016 467.75000000000006 1.0000000180025095e-35 367.51666666666671 338.42000000000002 1.0000000180025095e-35 394.05000000000007 1.0000000180025095e-35 302.3633333333334 314.35000000000008 498.35000000000008 1.0000000180025095e-35 423.05000000000007 967.45000000000016 1.0000000180025095e-35 578.35000000000025 153.05000000000004 326.85000000000008 257.15000000000003
decision_type=2 2 2 2 2 2 2 2 2 2 2 2 2 2 2 2 2 2 2 2 2 2 2 2 2 2 2 2 2 2 2 2 2 2 2 2 2 2 2 2 2 2 2 2 2 2 2 2 2 2 2 2 2 2 2 2 2 2 2 2 2 2
left_child=1 5 4 8 12 14 11 19 23 20 27 16 25 24 33 40 30 28 34 -5 43 -12 -16 52 42 48 -9 59 -13 -10 -4 58 38 -1 -11 -19 55 -18 -14 -30 49 50 -8 -6 45 56 -43 -44 -2 -15 51 -38 -3 -21 -27 -26 -20 -31 -28 -7 -33 -32
right_child=2 3 6 7 9 10 13 26 29 18 21 17 32 15 22 -17 37 35 44 53 -22 -23 -24 -25 36 54 31 -29 39 57 61 60 -34 -35 -36 -37 41 -39 -40 -41 -42 46 47 -45 -46 -47 -48 -49 -50 -51 -52 -53 -54 -55 -56 -57 -58 -59 -60 -61 -62 -63
leaf_value=-8.4896958992399032 2.486923197781298 -3.2950969641619929 8.9432834361581239 -0.6695174379737443 5.2946991665930048 -5.936870366222454 14.394901795627019 0.73160657929020034 -1.8859501871294637 6.7456567587010996 -4.4288316906847873 11.193990390286125 4.1830328565552053 16.796142295554834 -7.1403068726582255 25.057505130767822 10.565578664696735 12.46239424261428 7.5489497700253061 -0.10615808274086616 6.8452375021032115 -3.7055709789381206 -6.3618982033960663 -2.3735875914388171 13.489857066761363 3.2905650142851792 1.0674612586192769 -4.9925758973384351 11.471323269605637 -1.326453429354741 9.4802636815540833 2.4798436049646981 5.2021427598816388 -7.8325304286051667 7.9233250043725452 13.962099836160849 18.199276438067038 11.827303525189448 4.9298209749631692 13.18502548680161 20.576577758789064 17.120955583027431 14.8975551393297 5.9528686077458843 9.7240001399342617 8.6129311335172591 19.443979673032409 17.250219321250917 3.1370838276765967 19.494530417702418 14.54193458557129 15.855332724831323 -2.8634807819406949 0.29783255047169271 4.0396018631471318 16.044832243742768 8.1791665752906972 -0.72344180342922515 1.5609893485903741 -5.5180253063634117 0.9727630635102591 10.276098877803321
leaf_weight=928 988 771 340 1132 488 636 179 630 1012 425 1281 326 1034 27 1409 32 230 131 333 1241 372 1561 1011 1382 22 686 399 1129 64 1958 134 298 432 1041 186 182 31 179 365 165 34 56 36 649 41 278 27 32 270 22 24 55 1154 844 183 27 446 221 1034 1015 30 341
leaf_count=928 988 771 340 1132 488 636 179 630 1012 425 1281 326 1034 27 1409 32 230 131 333 1241 372 1561 1011 1382 22 686 399 1129 64 1958 134 298 432 1041 186 182 31 179 365 165 34 56 36 649 41 278 27 32 270 22 24 55 1154 844 183 27 446 221 1034 1015 30 341
internal_value=-0.0016029 -3.17203 7.10135 -0.921868 5.15074 -5.89308 12.2933 0.469116 -2.12233 6.92638 -4.70847 11.0397 3.70708 16.6354 -7.4105 20.7289 10.1 12.3648 7.77965 -0.198404 5.96001 -4.03157 -6.81511 -2.75938 15.6728 2.96223 1.36724 -5.40045 11.8179 -1.46213 9.58923 1.59464 4.57235 -8.14226 7.10416 13.3344 16.5247 11.1178 4.37787 12.7061 19.06 16.9378 14.8381 5.67038 8.15554 8.09471 17.8766 16.0047 2.62646 18.0077 16.2293 16.7002 -3.03635 0.0573758 3.4483 14.8977 7.90977 -1.26529 1.42357 -5.67937 2.342 10.0516
internal_weight=31989 22117 9872 12106 7176 10011 2696 5608 6498 3218 5622 2092 3958 604 4389 115 1224 868 1709 3217 1509 2842 2420 3307 489 2127 2391 2780 555 3191 815 1761 1831 1969 611 313 242 409 1399 229 83 193 247 1137 1098 1057 83 68 1258 49 110 86 1925 2085 869 49 779 2179 1433 1651 328 475
internal_count=31989 22117 9872 12106 7176 10011 2696 5608 6498 3218 5622 2092 3958 604 4389 115 1224 868 1709 3217 1509 2842 2420 3307 489 2127 2391 2780 555 3191 815 1761 1831 1969 611 313 242 409 1399 229 83 193 247 1137 1098 1057 83 68 1258 49 110 86 1925 2085 869 49 779 2179 1433 1651 328 475
is_linear=0
shrinkage=0.05


Tree=21
num_leaves=63
num_cat=0
split_feature=37 36 36 37 37 36 36 36 36 36 37 36 37 40 37 37 36 36 40 36 36 36 36 37 36 36 36 36 40 40 40 37 36 40 36 36 40 40 40 40 40 40 36 40 37 36 40 36 40 36 40 40 40 40 37 40 40 40 40 40 36 40
split_gain=1.68816e+08 6.14331e+07 4.59619e+07 1.60403e+07 1.33227e+07 1.05441e+07 8.16992e+06 7.49176e+06 7.02097e+06 5.48751e+06 5.16139e+06 3.92534e+06 2.21508e+06 1.95738e+06 1.86008e+06 1.71459e+06 1.48665e+06 1.33128e+06 1.29536e+06 1.151e+06 1.08811e+06 974010 955555 915225 877020 778505 660989 650969 613425 596244 579879 563185 556972 521036 499719 494202 487897 459037 443705 436878 431946 426498 380130 374307 350393 341699 331789 320692 314378 300324 293932 293358 292860 290812 289526 284200 276352 272818 253267 243869 240955 234390
threshold=2.5000000000000004 204.51666666666668 190.97750000000005 1.5000000000000002 3.5000000000000004 133.56250000000003 273.71250000000003 315.18333333333339 296.12500000000006 89.916666666666671 3.5000000000000004 347.52916666666675 1.5000000000000002 1.5000000000000002 4.5000000000000009 4.5000000000000009 82.925000000000026 347.52916666666675 1.0000000180025095e-35 249.34500000000003 249.34500000000003 338.42000000000002 413.25000000000006 3.5000000000000004 352.12500000000006 176.81250000000003 130.25833333333335 28.525000000000002 1.0000000180025095e-35 1.0000000180025095e-35 1.5000000000000002 4.5000000000000009 232.25833333333335 1.0000000180025095e-35 432.35000000000008 273.71250000000003 1.0000000180025095e-35 4.5000000000000009 4.5000000000000009 1.5000000000000002 1.0000000180025095e-35 1.5000000000000002 173.16750000000005 1.5000000000000002 4.5000000000000009 232.25833333333335 1.5000000000000002 173.16750000000005 4.5000000000000009 232.25833333333335 4.5000000000000009 1.0000000180025095e-35 1.5000000000000002 4.5000000000000009 4.5000000000000009 1.0000000180025095e-35 4.5000000000000009 4.5000000000000009 4.5000000000000009 4.5000000000000009 51.625000000000007 1.0000000180025095e-35
decision_type=2 2 2 2 2 2 2 2 2 2 2 2 2 2 2 2 2 2 2 2 2 2 2 2 2 2 2 2 2 2 2 2 2 2 2 2 2 2 2 2 2 2 2 2 2 2 2 2 2 2 2 2 2 2 2 2 2 2 2 2 2 2
left_child=2 5 9 11 8 16 14 19 20 27 30 35 -11 24 18 25 60 41 45 43 39 31 33 -18 44 52 -14 -1 -22 -19 -7 37 -20 -9 61 -4 -17 -15 -23 -3 -16 -10 -38 -5 -8 -6 -21 -32 -34 -42 -43 -24 -12 -41 -25 -27 -35 -30 -31 -45 -2 -13
right_child=1 4 3 7 6 10 13 22 17 12 15 34 26 21 40 36 23 29 32 46 28 38 51 54 -26 55 -28 -29 57 58 47 -33 48 56 -36 -37 42 -39 -40 53 49 50 -44 59 -46 -47 -48 -49 -50 -51 -52 -53 -54 -55 -56 -57 -58 -59 -60 -61 -62 -63
leaf_value=-7.7416695394221042 -6.2299991361933991 4.5870014669226231 -4.1906859508704377 0.43397825528296413 8.1798040485914854 1.8590576080779468 14.45392038665549 5.472353073238402 9.2758737084804448 -5.6850519205114658 3.5894342708464118 -0.49191811490409382 -4.5803251824727873 8.0356657819683051 13.991124225192602 8.9737565167744968 -2.7355541028898633 13.772224458325812 5.201028995315637 2.3619920145633611 7.4693635503086471 11.236854585550599 9.1965020062172247 -0.80064440513271917 21.062252506456879 6.3163993000114056 -2.8474561318027192 -6.4259554312940228 3.1003175985909279 7.757801966459855 -1.0689309813979702 14.698238915337456 5.8418079599041803 1.8413200304222603 -0.4650179510229937 -2.9777200333926146 4.1070901560828208 11.281064710820941 16.340884005478006 0.91451431692103324 8.777649493169303 4.5940420970110827 6.7776569680774701 -2.304417998211806 19.637764059530724 11.137094889796058 0.57833577857742791 0.50223198672177094 8.1697213702731659 11.535035682329672 7.2900390538055335 5.6465867590405807 1.3329646589828934 2.9226494334190831 1.5301205650246459 3.7277589637301625 3.5485440730876814 5.081762367116994 10.559740746109576 -0.85305791953826027 -3.9026100983789989 -1.9811944889180406
leaf_weight=1940 163 278 1747 404 179 428 274 258 195 2152 193 321 861 147 90 120 688 119 493 344 218 59 73 446 76 137 1525 1824 248 115 633 90 214 360 1419 1617 266 421 153 261 198 142 267 418 37 215 1077 667 450 197 351 287 564 583 190 469 694 580 270 941 350 1493
leaf_count=1940 163 278 1747 404 179 428 274 258 195 2152 193 321 861 147 90 120 688 119 493 344 218 59 73 446 76 137 1525 1824 248 115 633 90 214 360 1419 1617 266 421 153 261 198 142 267 418 37 215 1077 667 450 197 351 287 564 583 190 469 694 580 270 941 350 1493
internal_value=-0.00152275 4.61411 -2.85992 -0.806575 7.85926 0.745636 10.1194 1.3744 5.6442 -5.69261 2.26795 -2.41197 -4.52187 13.289 8.16251 3.9867 -2.35701 8.72661 7.3174 -0.0487607 3.94945 11.973 4.08454 -1.47162 16.2473 2.97742 -3.47277 -7.10409 5.10958 10.6789 0.26275 11.0234 6.47418 3.45841 -1.16786 -3.60764 6.09337 10.4411 14.9204 2.8679 10.8651 7.29644 5.44488 -0.902239 15.0706 9.79355 1.01013 -0.262804 7.41946 10.1529 6.5135 6.36643 1.90826 2.30165 -0.104347 4.31298 2.96543 4.48829 9.7228 -1.29947 -4.64211 -1.71766
internal_weight=31989 12234 19755 11453 6653 5581 3293 4856 3360 8302 3744 6597 4538 1257 2036 2016 1837 1192 1551 3184 2168 870 1672 1324 387 1363 2386 3764 1046 504 1728 658 1157 1312 3233 3364 653 568 212 1122 485 688 533 1763 311 394 1421 1300 664 395 493 360 757 844 636 606 1054 828 385 1359 513 1814
internal_count=31989 12234 19755 11453 6653 5581 3293 4856 3360 8302 3744 6597 4538 1257 2036 2016 1837 1192 1551 3184 2168 870 1672 1324 387 1363 2386 3764 1046 504 1728 658 1157 1312 3233 3364 653 568 212 1122 485 688 533 1763 311 394 1421 1300 664 395 493 360 757 844 636 606 1054 828 385 1359 513 1814
is_linear=0
shrinkage=0.05


Tree=22
num_leaves=63
num_cat=0
split_feature=35 35 35 35 35 35 35 35 35 35 35 35 35 35 36 35 36 35 35 35 35 35 35 35 35 35 35 35 36 16 35 32 16 35 32 36 35 36 7 32 30 23 36 32 16 27 36 35 5 32 34 16 36 19 33 14 20 35 19 35 19 35
split_gain=2.3493e+08 3.84425e+07 3.83532e+07 7.48377e+06 5.48226e+06 5.18774e+06 5.01278e+06 1.27955e+06 1.2629e+06 993627 921303 780254 697537 428033 421317 377855 295108 204378 179427 162757 132202 119176 115109 108988 105280 90406.1 77529.5 67968.1 61715.8 56217.9 55992.1 49966.8 48687.6 47466 48902.5 47315.7 45250.7 38008.2 34061.3 32213 31988.6 31911.3 48557.5 31692.7 31439.2 28458.1 27535.9 27445.3 26712.6 35954.4 25633.9 25478.7 23816.9 23703.3 22997.4 22932.2 22528.3 22456.7 22193.1 21965.2 21819.1 20739.1
threshold=587.85000000000014 278.45000000000005 940.45000000000016 1225.1500000000003 420.45000000000005 728.6500000000002 116.65000000000002 1531.0000000000002 1083.5500000000002 845.95000000000016 487.35000000000008 206.35000000000005 361.15000000000003 1351.1500000000003 26.275000000000002 667.90000000000009 416.75000000000006 1020.4500000000002 548.05000000000007 789.1500000000002 314.35000000000008 894.95000000000016 452.85000000000008 153.05000000000004 1155.7500000000002 253.35000000000005 629.1500000000002 392.25000000000011 10.625000000000002 1.0000000180025095e-35 91.450000000000017 337.95000000000005 1.0000000180025095e-35 1313.1500000000003 238.15000000000001 318.92500000000001 696.75000000000011 462.72500000000008 1.0000000180025095e-35 412.85000000000008 1.0000000180025095e-35 1.0000000180025095e-35 376.6375000000001 73.200000000000003 1.0000000180025095e-35 1.0000000180025095e-35 467.75000000000006 471.95000000000005 1.0000000180025095e-35 420.85000000000008 386.35000000000008 1.0000000180025095e-35 329.71250000000009 1.0000000180025095e-35 419.15000000000003 1.0000000180025095e-35 1.0000000180025095e-35 517.05000000000007 1.0000000180025095e-35 812.6500000000002 1.0000000180025095e-35 223.95000000000002
decision_type=2 2 2 2 2 2 2 2 2 2 2 2 2 2 2 2 2 2 2 2 2 2 2 2 2 2 2 2 2 2 2 2 2 2 2 2 2 2 2 2 2 2 2 2 2 2 2 2 2 2 2 2 2 2 2 2 2 2 2 2 2 2
left_child=1 6 5 8 12 15 14 13 17 19 22 23 20 33 28 26 35 46 57 -7 -3 44 -6 -8 43 61 55 -14 -1 31 -16 -15 40 34 -5 -9 -17 50 53 -37 56 42 -33 -10 45 -11 51 -24 49 52 -23 -4 -35 -26 -41 -2 -19 -12 -36 -21 -45 -13
right_child=2 4 3 7 10 9 11 16 24 21 18 25 27 29 30 36 -18 32 -20 59 -22 37 47 -25 38 -27 -28 -29 -30 -31 -32 41 -34 48 58 39 -38 -39 -40 54 -42 -43 -44 60 -46 -47 -48 -49 -50 -51 -52 -53 -54 -55 -56 -57 -58 -59 -60 -61 -62 -63
leaf_value=-7.6782090540589962 1.5683765768291034 -3.0900600819075628 7.3247820331961639 10.894758803756149 -0.98992503274325527 4.0092022804887977 -5.4405629108270439 15.279631996154786 8.0910531640052792 5.5205810631724823 0.11431035056634219 -4.2990877485127639 -1.891300280653355 13.515037158527207 -6.5540816322062758 2.6963798210016421 23.315447453090126 8.343272494554073 1.1141653150553583 4.5913939037772478 -2.4548302865118101 6.5157591088759377 -0.57286263224110512 -4.8108650812076066 10.659719377843345 -3.4552263938504497 2.2536779410720849 -1.3751745565453259 -7.0990396190107923 16.927959972879162 -6.0164474975117637 14.118507322973137 10.843164808853814 13.194360958446158 12.166076334014194 16.67416287935697 3.2751440249532666 8.4912936335024636 9.5391664244911905 17.768324461437409 10.147564629146032 15.903324845257927 16.390356418064663 9.6345326255145185 7.217974621454875 7.2329329757690433 8.9664218902587898 -0.16027684501080222 14.777932090759277 13.747578370337393 5.4187867329038433 8.6994081660679417 11.083030880198761 12.138880315320245 20.137387580871582 2.8893351751215319 9.7983074188232422 0.47837660768016738 13.894052696228028 5.0382607841539011 10.997970925607989 -3.9375697455053662
leaf_weight=928 976 1434 914 81 1516 1227 1131 20 32 824 980 646 1258 113 1272 633 28 533 997 488 1910 651 881 1751 410 898 886 1294 912 23 782 147 23 22 262 26 724 23 66 21 28 51 28 549 30 25 28 743 20 51 58 35 34 29 20 34 28 746 20 630 31 1028
leaf_count=928 976 1434 914 81 1516 1227 1131 20 32 824 980 646 1258 113 1272 633 28 533 997 488 1910 651 881 1751 410 898 886 1294 912 23 782 147 23 22 262 26 724 23 66 21 28 51 28 549 30 25 28 743 20 51 58 35 34 29 20 34 28 746 20 630 31 1028
internal_value=-0.00144662 -3.07811 5.96613 10.1247 -1.17556 3.84733 -5.47136 13.9002 8.77551 5.06362 -0.0929197 -4.49302 -2.25214 13.2319 -6.84164 2.3682 18.8507 7.86987 0.580138 4.40682 -2.72723 6.01966 -0.676594 -5.05798 10.0638 -3.85996 1.91231 -1.6296 -7.39114 14.5358 -6.34939 14.3735 8.58634 12.2687 11.9776 17.4138 3.00517 6.49091 10.5982 18.0509 8.49822 14.8027 14.482 9.62289 5.62721 5.571 7.42107 -0.3841 13.1007 12.7872 6.42602 7.37548 11.9125 10.7574 18.924 1.61284 8.41589 0.271665 12.2886 4.84321 9.70741 -4.07708
internal_weight=31989 21107 10882 3673 11759 7209 9348 967 2706 3956 5863 5454 5896 852 3894 3253 115 1589 2723 2345 3344 1611 3140 2882 1117 2572 1896 2552 1840 362 2054 339 612 490 363 87 1357 732 505 67 589 226 175 612 879 849 977 1624 127 107 709 949 56 439 41 1010 561 1726 282 1118 580 1674
internal_count=31989 21107 10882 3673 11759 7209 9348 967 2706 3956 5863 5454 5896 852 3894 3253 115 1589 2723 2345 3344 1611 3140 2882 1117 2572 1896 2552 1840 362 2054 339 612 490 363 87 1357 732 505 67 589 226 175 612 879 849 977 1624 127 107 709 949 56 439 41 1010 561 1726 282 1118 580 1674
is_linear=0
shrinkage=0.05


Tree=23
num_leaves=63
num_cat=0
split_feature=35 35 35 35 35 35 35 40 40 40 40 40 40 40 40 40 35 35 40 35 35 40 35 40 35 35 35 36 40 40 40 40 40 40 40 35 35 40 40 40 40 40 35 35 40 40 40 40 40 40 40 35 40 40 40 36 35 40 40 40 40 35
split_gain=2.12024e+08 3.46974e+07 3.46137e+07 6.75411e+06 5.41744e+06 4.68193e+06 4.08439e+06 2.4991e+06 2.17107e+06 1.58247e+06 1.38283e+06 1.29837e+06 1.23068e+06 1.14732e+06 896482 747152 673901 614489 583869 576592 555500 531673 477475 429204 410876 392476 370770 340085 327743 429467 309939 289583 280790 272341 317640 265461 264429 253092 252894 247712 229423 212384 210172 184716 183617 179479 337472 177100 172502 168803 168219 151944 139117 135521 126957 123609 117801 112199 111740 110878 199614 100488
threshold=587.85000000000014 268.25000000000006 940.45000000000016 1225.1500000000003 420.45000000000005 728.6500000000002 112.95000000000002 1.5000000000000002 1.5000000000000002 1.0000000180025095e-35 4.5000000000000009 1.0000000180025095e-35 4.5000000000000009 1.5000000000000002 1.5000000000000002 4.5000000000000009 1531.0000000000002 195.35000000000005 4.5000000000000009 1044.7500000000002 482.65000000000009 4.5000000000000009 812.6500000000002 3.5000000000000004 1531.0000000000002 349.15000000000003 1044.7500000000002 23.950000000000003 3.5000000000000004 2.5000000000000004 4.5000000000000009 5.5000000000000009 5.5000000000000009 3.5000000000000004 2.5000000000000004 812.6500000000002 474.4500000000001 1.5000000000000002 5.5000000000000009 5.5000000000000009 4.5000000000000009 1.0000000180025095e-35 336.4500000000001 351.9500000000001 5.5000000000000009 3.5000000000000004 2.5000000000000004 5.5000000000000009 1.5000000000000002 3.5000000000000004 5.5000000000000009 1313.1500000000003 4.5000000000000009 5.5000000000000009 5.5000000000000009 413.25000000000006 639.85000000000014 5.5000000000000009 4.5000000000000009 3.5000000000000004 2.5000000000000004 1313.1500000000003
decision_type=2 2 2 2 2 2 2 2 2 2 2 2 2 2 2 2 2 2 2 2 2 2 2 2 2 2 2 2 2 2 2 2 2 2 2 2 2 2 2 2 2 2 2 2 2 2 2 2 2 2 2 2 2 2 2 2 2 2 2 2 2 2
left_child=1 6 5 7 14 13 27 26 35 24 28 36 33 56 42 45 21 48 43 47 40 23 50 -11 51 57 -4 -1 29 -9 37 -21 -17 34 -10 -7 -6 -22 -24 61 49 -19 -3 -16 -32 46 -15 -12 -8 -13 -14 -5 -43 -27 -42 -18 -2 -20 -50 60 -39 -23
right_child=2 4 3 9 11 8 17 10 12 16 19 20 22 15 18 32 55 41 25 31 30 39 38 -25 -26 53 -28 -29 -30 -31 44 -33 -34 -35 -36 -37 -38 59 -40 -41 54 52 -44 -45 -46 -47 -48 -49 58 -51 -52 -53 -54 -55 -56 -57 -58 -59 -60 -61 -62 -63
leaf_value=-7.0576707520958983 3.15673946352566 -1.7686402755840742 9.5740590991043462 14.351422567928537 0.54534395157965099 5.8370146769313189 -4.1369091863799516 3.6599921167551823 1.2452551789130226 11.216276299326044 8.1300592003446646 -1.1364053446989004 4.6949956194718281 -0.82597778350317563 -3.8740190804459669 3.0756403303009341 15.221349655635775 -2.8368799226511348 -2.1635888130576522 10.289684451498637 1.156188748408036 12.430609130859375 6.3197527532817936 6.5815834498405454 22.057383394241334 -1.0369874497363856 11.833139487976524 -6.1030333885493881 4.0676771867014194 7.8267140541669624 1.1533263511584948 8.3287917728337764 1.7622909181435802 1.4781197087934128 4.1643248696432513 7.4697423785278119 2.1095433844689389 -2.1184495687484741 4.8224701536873171 11.395423743838357 -0.05620405332698114 -4.5880167573934036 -0.53102045257656749 -2.7572286086678508 0.050287199083017958 -0.41179649850310779 2.1288650144974812 6.4432589568689203 -5.6696976443443177 -2.6500593082772363 3.3431300115585332 17.134156082416403 -3.7349671691699622 -1.96634392607574 -0.989448530074025 19.733144912719727 4.3933405664232046 -2.9943730182822694 -4.8754003454918857 -1.7996462485883447 0.29058134439694661 14.678439183388987
leaf_weight=1710 323 618 328 85 466 426 570 91 132 133 264 511 401 147 786 696 63 451 648 328 153 83 476 80 32 637 407 2053 274 193 643 442 980 373 317 599 643 130 692 231 583 734 771 700 913 348 282 379 638 288 540 116 1370 1021 972 20 477 1090 1447 307 254 124
leaf_count=1710 323 618 328 85 466 426 570 91 132 133 264 511 401 147 786 696 63 451 648 328 153 83 476 80 32 637 407 2053 274 193 643 442 980 373 317 599 643 130 692 231 583 734 771 700 913 348 282 379 638 288 540 116 1370 1021 972 20 477 1090 1447 307 254 124
internal_value=-0.00137428 -2.9242 5.66782 9.61846 -1.1809 3.65496 -5.28163 8.33674 4.81044 13.2051 7.40884 -0.0882737 4.11775 2.24979 -2.20245 1.71354 12.0655 -4.37504 -2.52133 8.2411 -0.447647 11.5246 4.75739 9.47555 16.7951 -2.15962 10.825 -6.53684 5.30136 6.4916 0.0876316 9.16408 2.30769 2.47665 3.30616 6.79116 1.45227 -0.683869 5.43266 12.521 -0.993386 -3.8215 -1.08167 -3.34794 0.506106 0.431938 1.11637 7.13582 -4.90772 -1.682 3.91922 15.9574 -4.03256 -1.60929 -0.639557 16.3085 3.89406 -2.68462 -5.11845 -1.09129 -0.524976 13.7771
internal_weight=31989 21107 10882 3673 12134 7209 8973 2706 3956 967 1971 5863 2931 3253 6271 2453 734 5210 4882 1413 4754 651 2109 213 233 3396 735 3763 558 284 2400 770 1676 822 449 1025 1109 844 1168 438 2354 2555 1389 1486 1556 777 429 643 2655 799 941 201 2104 1658 1555 83 800 1738 2085 691 384 207
internal_count=31989 21107 10882 3673 12134 7209 8973 2706 3956 967 1971 5863 2931 3253 6271 2453 734 5210 4882 1413 4754 651 2109 213 233 3396 735 3763 558 284 2400 770 1676 822 449 1025 1109 844 1168 438 2354 2555 1389 1486 1556 777 429 643 2655 799 941 201 2104 1658 1555 83 800 1738 2085 691 384 207
is_linear=0
shrinkage=0.05


Tree=24
num_leaves=63
num_cat=0
split_feature=35 35 35 35 35 35 35 40 40 40 40 40 40 40 40 35 40 40 35 35 40 40 35 40 40 35 40 35 40 40 40 40 35 40 40 40 40 35 40 40 40 35 40 40 35 35 40 35 35 35 35 40 40 40 40 35 40 40 40 40 40 35
split_gain=1.91497e+08 3.60552e+07 2.66785e+07 5.28555e+06 4.94977e+06 4.5626e+06 4.22614e+06 1.90327e+06 1.85021e+06 1.33986e+06 1.24025e+06 1.22377e+06 1.16376e+06 954403 874121 819342 817747 774334 674446 496459 491239 439650 379982 360093 339454 324394 322684 316913 316754 270956 265783 303454 229117 223558 219666 211248 208274 207582 201557 352767 197991 194900 189582 261105 185285 184889 171216 170814 165920 164972 163818 163754 157197 212638 146961 146127 143406 316234 132504 131995 124677 121746
threshold=629.1500000000002 304.85000000000008 1008.7500000000001 133.35000000000005 463.85000000000008 800.35000000000025 1279.4000000000003 1.0000000180025095e-35 1.5000000000000002 1.5000000000000002 1.0000000180025095e-35 1.5000000000000002 4.5000000000000009 1.0000000180025095e-35 4.5000000000000009 223.95000000000002 4.5000000000000009 4.5000000000000009 392.25000000000011 38.250000000000007 4.5000000000000009 3.5000000000000004 1531.0000000000002 5.5000000000000009 3.5000000000000004 552.6500000000002 5.5000000000000009 1531.0000000000002 5.5000000000000009 1.5000000000000002 3.5000000000000004 2.5000000000000004 909.35000000000014 4.5000000000000009 4.5000000000000009 4.5000000000000009 1.0000000180025095e-35 543.55000000000007 3.5000000000000004 2.5000000000000004 3.5000000000000004 894.95000000000016 1.5000000000000002 2.5000000000000004 1140.1000000000001 1155.7500000000002 3.5000000000000004 707.6500000000002 1170.4500000000003 916.25000000000011 712.95000000000016 5.5000000000000009 3.5000000000000004 2.5000000000000004 5.5000000000000009 373.95000000000005 1.5000000000000002 2.5000000000000004 5.5000000000000009 5.5000000000000009 5.5000000000000009 717.95000000000016
decision_type=2 2 2 2 2 2 2 2 2 2 2 2 2 2 2 2 2 2 2 2 2 2 2 2 2 2 2 2 2 2 2 2 2 2 2 2 2 2 2 2 2 2 2 2 2 2 2 2 2 2 2 2 2 2 2 2 2 2 2 2 2 2
left_child=1 3 5 19 13 9 8 32 45 50 37 22 30 55 38 36 52 21 35 -1 24 42 -8 49 56 54 44 51 61 -17 31 -10 -7 -31 40 46 -5 -6 39 -11 -20 -25 -9 -44 -14 -4 -15 -30 -28 -19 -2 -18 53 -13 -22 -3 -12 -58 -37 -36 -27 -16
right_child=2 4 6 15 10 7 11 17 12 14 20 16 26 18 28 29 27 23 34 -21 25 -23 -24 41 -26 60 48 -29 47 33 -32 -33 -34 -35 59 58 -38 -39 -40 -41 -42 -43 43 -45 -46 -47 -48 -49 -50 -51 -52 -53 -54 -55 -56 -57 57 -59 -60 -61 -62 -63
leaf_value=-6.6379559622978208 3.9437492536919536 -0.94469183588854411 10.525863546006223 -3.4114434452056885 1.4707301500607137 6.9986458894480839 15.380899724093352 6.0965373281222668 4.1960127070330193 -0.24809899605861327 0.98862632199701295 6.8545239349891407 8.8750307027844411 -2.4341634508605319 3.1485182018995812 -2.3061206283264384 13.696002576209063 5.719994248523971 -1.3195392361368596 -5.568743466621588 0.69311326015597796 2.101418010825709 20.894181542647516 4.2123593860960602 -1.6658706551632267 2.0009891493417125 7.3988140921694656 16.626996517181396 1.7631604016084588 -4.1953901975081571 4.4081298300979332 8.2521825255249919 8.783827589649265 -3.1151360720005621 -0.38116971367702851 -1.507530575334292 -4.528104490919449 2.9498688957414214 0.20417886448133993 2.7352684820315947 -2.8269167966620867 5.5821340867661942 1.8931235730384306 4.754134518809864 10.900738892879787 12.413659190168286 -3.7811196089430084 2.9954562502679969 9.1333712154481486 7.2996549823067411 5.28991216249318 11.367418390236153 7.1152839660644531 12.162556499905058 -0.28358549592962318 0.18502960513810585 -1.9364889046975546 0.41102410872248918 -2.3617373779341455 -1.2664263005568586 0.82554144009329056 4.3511622538093393
leaf_weight=1969 453 476 376 500 516 460 176 134 69 147 248 29 276 642 453 688 151 442 594 2420 652 312 38 559 497 370 421 56 521 683 218 139 295 1603 683 731 2533 439 384 304 344 485 113 271 191 198 373 611 205 264 451 151 72 54 941 718 224 399 1198 1098 578 393
leaf_count=1969 453 476 376 500 516 460 176 134 69 147 248 29 276 642 453 688 151 442 594 2420 652 312 38 559 497 370 421 56 521 683 218 139 295 1603 683 731 2533 439 384 304 344 485 113 271 191 198 373 611 205 264 451 151 72 54 941 718 224 399 1198 1098 578 393
internal_value=-0.00130557 -2.58588 5.78913 -4.72947 -0.684624 4.14545 9.89948 5.48812 8.75871 2.94077 0.53535 13.1837 7.84486 -1.55001 2.40262 -3.76578 11.8588 4.84196 -1.82087 -6.04842 0.140714 3.58418 16.3599 5.43851 -0.623197 0.551981 8.70887 13.1723 2.97529 -3.17607 5.62805 6.90663 7.69617 -3.43789 -1.25309 -2.34526 -4.34402 2.15067 1.04605 1.76286 -1.87235 4.8487 4.47728 3.91222 9.70353 11.1771 -2.92915 2.4283 7.96684 6.31069 4.61534 12.5317 8.8249 10.3079 0.116168 -0.265345 -0.0282383 -0.433026 -2.03803 -0.926937 1.28431 3.70719
internal_weight=31989 22117 9872 10396 11721 7052 2820 3335 2093 3717 4864 727 1519 6857 2813 6007 513 2580 5663 4389 3909 830 214 1750 1368 2541 1093 358 1978 2974 426 208 755 2286 2719 2944 3033 955 835 451 938 1044 518 384 467 574 1015 1132 626 706 904 302 155 83 1593 1194 871 623 1929 1781 948 846
internal_count=31989 22117 9872 10396 11721 7052 2820 3335 2093 3717 4864 727 1519 6857 2813 6007 513 2580 5663 4389 3909 830 214 1750 1368 2541 1093 358 1978 2974 426 208 755 2286 2719 2944 3033 955 835 451 938 1044 518 384 467 574 1015 1132 626 706 904 302 155 83 1593 1194 871 623 1929 1781 948 846
is_linear=0
shrinkage=0.05


Tree=25
num_leaves=63
num_cat=0
split_feature=33 36 36 32 37 36 36 36 36 37 37 36 37 37 36 36 36 37 40 37 40 21 36 37 37 40 40 36 36 40 36 40 36 36 40 40 37 36 40 40 40 40 40 37 37 36 36 36 40 40 40 36 36 40 40 36 40 36 37 36 40 36
split_gain=1.17882e+08 3.12582e+07 3.01867e+07 1.53145e+07 7.0434e+06 5.97145e+06 4.63188e+06 3.73587e+06 3.43921e+06 3.33134e+06 3.11306e+06 2.81635e+06 2.03509e+06 1.3857e+06 1.26401e+06 1.23645e+06 1.23269e+06 1.1613e+06 1.11325e+06 1.03742e+06 972326 896892 819084 683007 654168 628992 609472 549491 535369 524014 504488 459316 450041 440393 438820 399144 385502 369233 368514 348019 333866 312935 294186 293370 278505 260972 259754 252517 244885 243414 242055 232214 229360 227452 222884 218319 217688 209911 199720 193760 190648 188008
threshold=4.8500000000000005 153.21000000000004 219.77083333333334 29.850000000000005 3.5000000000000004 151.95833333333337 266.78333333333336 298.01666666666671 311.45833333333337 1.5000000000000002 3.5000000000000004 359.52500000000003 2.5000000000000004 4.5000000000000009 359.52500000000003 108.06666666666669 82.925000000000026 1.5000000000000002 1.0000000180025095e-35 4.5000000000000009 1.0000000180025095e-35 1.0000000180025095e-35 252.83333333333337 2.5000000000000004 3.5000000000000004 1.5000000000000002 1.0000000180025095e-35 78.441666666666677 200.11000000000004 1.0000000180025095e-35 262.54166666666674 1.0000000180025095e-35 403.42500000000001 212.78750000000005 4.5000000000000009 1.5000000000000002 4.5000000000000009 357.02500000000003 1.0000000180025095e-35 1.5000000000000002 4.5000000000000009 1.0000000180025095e-35 1.0000000180025095e-35 3.5000000000000004 4.5000000000000009 336.48750000000007 255.47083333333339 263.94166666666672 4.5000000000000009 4.5000000000000009 1.0000000180025095e-35 359.52500000000003 189.8416666666667 1.0000000180025095e-35 4.5000000000000009 444.47500000000008 1.5000000000000002 416.75000000000006 5.5000000000000009 258.24166666666673 4.5000000000000009 185.05833333333337
decision_type=2 2 2 2 2 2 2 2 2 2 2 2 2 2 2 2 2 2 2 2 2 2 2 2 2 2 2 2 2 2 2 2 2 2 2 2 2 2 2 2 2 2 2 2 2 2 2 2 2 2 2 2 2 2 2 2 2 2 2 2 2 2
left_child=1 9 5 11 8 15 12 13 25 27 42 17 28 18 21 43 -11 22 46 29 51 39 -3 -18 -17 59 -10 -1 -5 -12 48 -21 36 56 -27 -15 45 -28 -16 -8 -31 -13 -7 -2 -26 -22 -6 -36 -20 -41 -24 -9 -42 -30 -37 -43 -14 -40 61 -4 -39 -33
right_child=2 3 4 6 7 10 14 20 26 16 19 41 33 35 38 24 23 -19 30 31 32 -23 50 -25 44 34 37 -29 53 40 -32 58 -34 -35 47 54 -38 60 57 49 52 55 -44 -45 -46 -47 -48 -49 -50 -51 -52 -53 -54 -55 -56 -57 -58 -59 -60 -61 -62 -63
leaf_value=-6.1590943507340521 -3.9925289092970289 -3.836544056525871 4.1742181940512229 -1.9875944857575876 8.1031759686944618 2.3932274732400072 2.8586239642567106 13.834226840734482 9.9388910958933288 -4.8611615896019975 5.0626922279779167 0.21658157234866821 2.7710203857564215 12.947265512803023 6.0295812465176724 -1.4214556450346629 -3.4033356846080114 -1.1819330471633538 3.9865777040166517 8.527762792943939 9.1514513786141958 5.5213355458086468 -1.3851728473218599 -1.4257992588361625 0.4099677147357188 1.7653777554882926 5.8920916827023033 -4.9692316086214978 0.95457360518569101 1.4755416397032874 7.5086591161381113 3.6613662234289728 17.340322265625002 3.1988547495373805 3.0293491237599168 7.2115023363720283 14.729856646790797 6.3306716043121964 3.0306891122255477 0.1905906189487464 2.4243513522829332 -1.4994334441607218 0.4337889235132294 -1.6990736822226851 2.4995110411229344 11.407723486640236 10.712726544785774 4.7277184016363965 5.9828411504047301 1.6443560393884959 -2.7189688452514105 17.824026683732576 4.2815790832042699 -0.66072987838182984 10.198741062962732 -0.53806260793005634 0.49017398510966842 4.7981108476286352 8.2976689147949223 6.3259124755859375 8.9765728013932442 5.7027557630947134
leaf_weight=2456 242 2144 176 784 211 242 405 128 215 1163 326 528 134 102 202 416 1530 921 224 123 307 157 414 611 520 358 400 1604 265 338 440 201 25 358 457 88 49 98 500 421 315 1512 919 329 230 220 174 420 489 911 1907 51 352 1227 215 969 477 253 45 258 223 257
leaf_count=2456 242 2144 176 784 211 242 405 128 215 1163 326 528 134 102 202 416 1530 921 224 123 307 157 414 611 520 358 400 1604 265 338 440 201 25 358 457 88 49 98 500 421 315 1512 919 329 230 220 174 420 489 911 1907 51 352 1227 215 969 477 253 45 258 223 257
internal_value=-0.00672132 -2.07713 4.43644 -0.728997 7.03512 1.58459 1.17893 8.81323 5.17646 -4.72966 2.8934 -2.11397 -0.112699 7.63981 2.65008 -0.764791 -3.55079 -2.79849 6.95461 4.11028 11.7362 1.90224 -3.13193 -2.83899 0.168735 3.81594 7.60244 -5.68901 -0.929713 3.32078 6.17729 5.7889 10.7728 1.80632 3.24053 10.2419 10.4878 6.90571 4.13324 1.57512 2.75574 -0.888724 0.842216 -2.67108 1.05076 10.0933 9.28256 3.84271 5.35568 1.18487 -2.48106 14.971 3.40448 -0.373829 9.33116 -1.12395 0.990392 3.62452 5.11916 5.45334 8.16879 4.80686
internal_weight=32036 21853 10183 14489 5328 4855 6094 2723 2605 7364 3118 8395 3245 1943 2849 1737 3304 5386 1538 1957 780 1894 4465 2141 1166 1669 936 4060 2276 1331 1153 626 601 969 1235 405 576 721 955 1737 1005 3009 1161 571 750 527 385 877 713 1332 2321 179 667 1492 303 2481 611 753 503 434 321 458
internal_count=32036 21853 10183 14489 5328 4855 6094 2723 2605 7364 3118 8395 3245 1943 2849 1737 3304 5386 1538 1957 780 1894 4465 2141 1166 1669 936 4060 2276 1331 1153 626 601 969 1235 405 576 721 955 1737 1005 3009 1161 571 750 527 385 877 713 1332 2321 179 667 1492 303 2481 611 753 503 434 321 458
is_linear=0
shrinkage=0.05


Tree=26
num_leaves=63
num_cat=0
split_feature=35 35 35 35 35 35 35 40 40 40 40 40 40 40 40 35 40 40 40 40 35 35 40 40 40 35 35 40 40 40 40 36 40 40 40 35 35 40 35 35 40 40 40 40 40 40 40 40 40 40 35 40 35 35 40 40 40 40 40 35 35 35
split_gain=1.56061e+08 2.74464e+07 2.38725e+07 5.24963e+06 3.77839e+06 3.58572e+06 2.92206e+06 1.75913e+06 1.4741e+06 1.35434e+06 1.14824e+06 978711 858261 706315 620749 597144 581396 497693 493686 464006 454193 405513 384394 360969 357286 350673 337625 334533 297559 284905 280444 254333 219363 214006 194834 186323 184026 182565 179209 166690 165947 162291 149455 148853 338800 147644 227026 143046 173394 141337 141293 136860 131614 126573 124146 118552 346375 117061 296855 111067 110037 105171
threshold=567.95000000000016 933.35000000000025 264.45000000000005 1187.8500000000001 747.75000000000011 400.9500000000001 112.95000000000002 1.0000000180025095e-35 1.0000000180025095e-35 1.5000000000000002 1.0000000180025095e-35 1.0000000180025095e-35 4.5000000000000009 4.5000000000000009 4.5000000000000009 1455.95 1.5000000000000002 4.5000000000000009 4.5000000000000009 3.5000000000000004 1455.95 191.65000000000003 4.5000000000000009 3.5000000000000004 3.5000000000000004 1044.7500000000002 469.55000000000007 3.5000000000000004 3.5000000000000004 5.5000000000000009 5.5000000000000009 17.225000000000005 2.5000000000000004 5.5000000000000009 5.5000000000000009 474.4500000000001 330.45000000000005 1.5000000000000002 1044.7500000000002 673.95000000000016 4.5000000000000009 5.5000000000000009 5.5000000000000009 1.5000000000000002 2.5000000000000004 1.5000000000000002 2.5000000000000004 3.5000000000000004 2.5000000000000004 1.5000000000000002 832.35000000000025 5.5000000000000009 1313.1500000000003 860.05000000000007 5.5000000000000009 1.5000000000000002 2.5000000000000004 1.5000000000000002 2.5000000000000004 812.6500000000002 679.95000000000016 327.35000000000008
decision_type=2 2 2 2 2 2 2 2 2 2 2 2 2 2 2 2 2 2 2 2 2 2 2 2 2 2 2 2 2 2 2 2 2 2 2 2 2 2 2 2 2 2 2 2 2 2 2 2 2 2 2 2 2 2 2 2 2 2 2 2 2 2
left_child=2 4 6 7 10 16 31 38 50 20 -2 35 28 19 23 33 61 27 24 43 52 49 47 45 55 51 54 57 32 60 59 -1 -11 -14 -27 -7 -24 -23 -3 -31 -39 -28 -17 -9 -45 -10 -47 48 -18 -8 -6 -15 -5 -32 -19 -12 -57 -13 -59 -16 -20 -4
right_child=1 3 5 9 8 11 21 13 14 12 18 17 15 25 30 42 22 26 29 -21 -22 37 36 -25 -26 34 41 -29 -30 39 53 -33 -34 -35 -36 -37 -38 40 -40 -41 -42 -43 -44 44 -46 46 -48 -49 -50 -51 -52 -53 -54 -55 -56 56 -58 58 -60 -61 -62 -63
leaf_value=-6.1909892798950956 3.5935779132684225 8.4360367941777703 -1.6054209407826889 11.717466592169428 5.4114102523803709 0.40217739473501735 -3.5199740083867854 7.5520260227536697 4.7812710783863794 5.8928565515054245 2.458315814046002 0.1123972899742065 11.153344877889333 6.8904158582719068 4.1933788311632378 15.568555250901444 -3.6569291895086118 -0.2014224342596761 2.2318421735660263 3.1928233966572597 17.215562538478686 -2.5354023182865517 -2.434239114753225 1.2129193105835183 -0.41946921162905765 8.7204029326135295 0.82163259972206049 -2.1815494384317007 5.5113210421650356 1.0251456822640701 3.235830599536067 -5.3230673453913946 10.558015408093418 9.1330766251037172 6.9292990608648823 1.6624356079785103 -1.6433575682443653 -4.2252935957908635 10.177946199311151 2.2120248678289811 -3.2502997279514725 -0.17415547515723076 12.092770321086302 2.8483589023351672 6.5678909197531112 1.0647524690195438 3.6209708795876341 -3.6496682161998417 -2.0445232431825198 -4.4251685196480635 6.7639891121255689 5.4914088818666755 13.994135319745098 4.3790460264395135 -1.084966271310621 -0.78848814071570006 1.8953250002918651 -2.3726588747794168 -0.38922935825535582 5.4305132995748746 3.3829908629497853 -0.67310677096318017
leaf_weight=1288 841 303 557 154 375 635 550 103 131 37 189 285 242 301 316 65 253 638 554 262 69 554 1408 325 443 267 712 659 119 756 690 2449 79 286 352 545 1540 640 288 486 1372 962 59 92 183 124 290 566 489 1997 398 417 108 373 1055 180 362 285 558 426 332 662
leaf_count=1288 841 303 557 154 375 635 550 103 131 37 189 285 242 301 316 65 253 638 554 262 69 554 1408 325 443 267 712 659 119 756 690 2449 79 286 352 545 1540 640 288 486 1372 962 59 92 183 124 290 566 489 1997 398 417 108 373 1055 180 362 285 558 426 332 662
internal_value=-0.00638525 4.69622 -2.59613 8.17364 2.96185 -1.12473 -4.55949 6.8914 4.18463 10.8771 1.9442 -0.314695 9.85859 6.1759 3.62889 10.7923 -2.06186 -0.612085 1.52411 4.80992 13.6064 -3.78276 -2.33761 2.53179 0.701002 6.82976 -0.254138 -1.28652 7.26794 1.97822 4.15768 -5.62221 9.06999 10.059 7.70188 0.984246 -2.02109 -3.33913 9.28489 1.48958 -3.56044 0.249382 13.9148 5.93077 5.32354 3.31827 2.85534 -3.05098 -2.59431 -4.2297 6.10782 6.0779 12.6559 3.63698 -0.752006 1.38003 1.00402 -0.763621 -1.05978 4.90365 2.6632 -1.09911
internal_weight=32036 11377 20659 3786 7591 11809 8850 2568 3448 1218 4143 6334 887 1977 2675 652 5475 5154 3302 640 331 5113 4256 870 1174 1337 3367 1787 235 2128 1805 3737 116 528 619 1180 2948 2566 591 1242 2012 1674 124 378 275 545 414 1308 742 2547 773 718 262 1063 1693 731 542 1128 843 742 886 1219
internal_count=32036 11377 20659 3786 7591 11809 8850 2568 3448 1218 4143 6334 887 1977 2675 652 5475 5154 3302 640 331 5113 4256 870 1174 1337 3367 1787 235 2128 1805 3737 116 528 619 1180 2948 2566 591 1242 2012 1674 124 378 275 545 414 1308 742 2547 773 718 262 1063 1693 731 542 1128 843 742 886 1219
is_linear=0
shrinkage=0.05


Tree=27
num_leaves=63
num_cat=0
split_feature=35 35 35 35 35 35 35 40 40 40 40 40 40 40 40 40 35 35 40 40 35 35 40 35 40 35 40 40 40 40 36 40 35 35 40 40 40 40 40 40 40 40 40 35 40 40 40 35 40 40 40 35 40 40 40 35 40 40 40 40 40 35
split_gain=1.4086e+08 2.43338e+07 2.19301e+07 4.75274e+06 3.48131e+06 3.2881e+06 2.53821e+06 1.66576e+06 1.40513e+06 1.21065e+06 940577 920914 744986 685572 600350 535787 478004 476667 443961 397977 381786 365132 356412 339088 306483 266048 263952 260703 259033 233546 208788 196301 194343 188845 177866 175466 173771 173318 159284 158300 157699 154179 310081 150266 149163 138926 217006 137009 134883 132819 124938 123989 117915 116743 116426 102639 99352.3 291684 92441.8 97434.1 90293.6 80626.1
threshold=572.75000000000011 933.35000000000025 260.95000000000005 1203.6500000000003 398.15000000000009 735.20000000000016 108.45000000000002 1.0000000180025095e-35 1.0000000180025095e-35 1.5000000000000002 1.0000000180025095e-35 1.0000000180025095e-35 4.5000000000000009 4.5000000000000009 4.5000000000000009 1.0000000180025095e-35 469.55000000000007 1455.95 3.5000000000000004 4.5000000000000009 1055.7500000000002 184.45000000000002 3.5000000000000004 1455.95 3.5000000000000004 339.15000000000009 3.5000000000000004 5.5000000000000009 4.5000000000000009 5.5000000000000009 14.925000000000002 4.5000000000000009 469.55000000000007 1044.7500000000002 5.5000000000000009 5.5000000000000009 2.5000000000000004 1.0000000180025095e-35 3.5000000000000004 4.5000000000000009 5.5000000000000009 1.5000000000000002 2.5000000000000004 832.35000000000025 3.5000000000000004 1.5000000000000002 2.5000000000000004 812.6500000000002 5.5000000000000009 5.5000000000000009 3.5000000000000004 812.6500000000002 1.0000000180025095e-35 5.5000000000000009 4.5000000000000009 673.95000000000016 1.5000000000000002 2.5000000000000004 4.5000000000000009 3.5000000000000004 5.5000000000000009 656.45000000000016
decision_type=2 2 2 2 2 2 2 2 2 2 2 2 2 2 2 2 2 2 2 2 2 2 2 2 2 2 2 2 2 2 2 2 2 2 2 2 2 2 2 2 2 2 2 2 2 2 2 2 2 2 2 2 2 2 2 2 2 2 2 2 2 2
left_child=2 5 6 7 15 10 30 33 43 23 61 32 26 18 22 -4 31 35 41 24 49 52 45 -5 56 39 36 51 38 -21 -1 44 -6 -3 -22 -14 -11 -23 -18 50 -30 -9 -43 -7 -13 -10 -47 -29 -19 -15 -17 -16 -8 -33 -39 -31 -12 -58 59 -27 -60 -2
right_child=1 3 4 9 11 8 21 13 14 12 19 16 17 20 27 25 28 48 -20 29 34 37 -24 -25 -26 58 -28 47 40 55 -32 53 -34 -35 -36 -37 -38 54 -40 -41 -42 42 -44 -45 -46 46 -48 -49 -50 -51 -52 -53 -54 -55 -56 -57 57 -59 60 -61 -62 -63
leaf_value=-5.9241971779197922 2.884758303055218 8.0142349343882149 -0.90621739581805016 12.346013624327524 0.31455914900127391 5.0722847228354597 -3.3265650302662575 7.2706333705357142 4.4868899832526559 5.7624026269623734 2.3160663365228529 -1.1300166153958171 10.784032076709677 6.6113853573427761 3.9122996012369793 -2.6473683222480444 -0.29276659926947313 14.790127387413612 3.0719918674428524 2.4914357888354566 8.4401772963871604 -2.357053922319515 1.0993745717556538 16.354784371196359 -0.45691646044768064 -1.8134433705717066 5.3203526548905806 2.7681105005765403 0.81325040655913505 1.0123607644148824 -5.1101438825798429 -0.20205227084285196 1.5751508077297132 9.7599289397712017 6.7486062788020424 8.8267690497708617 10.10758591200176 -3.9075562334664262 -1.6755329893431932 -2.2743561854751109 -0.14861511135344524 2.7700123995542527 6.2689805030822754 6.4257896691710501 -2.4251130866473103 0.95987241398543122 3.3971565877187526 3.875074004833063 11.488131765591897 5.28133635774123 -3.8866648057973165 5.1589876291337715 -4.2433104926371481 -1.0432890991698025 -3.1505052928012471 2.0049596573583655 -0.76220509586249585 1.7882201247834588 -0.99707270819191018 -3.0290778910218492 -1.8643350669737797 3.9096141971482172
leaf_weight=1162 411 303 935 224 609 423 425 112 139 33 174 584 212 321 375 552 593 65 271 797 277 463 357 69 402 473 110 491 742 717 2445 658 614 317 354 249 76 790 321 1681 1001 96 186 398 359 130 307 649 59 452 322 426 2008 1105 1422 409 169 333 489 253 777 360
leaf_count=1162 411 303 935 224 609 423 425 112 139 33 174 584 212 321 375 552 593 65 271 797 277 463 357 69 402 473 110 491 742 717 2445 658 614 317 354 249 76 790 321 1681 1001 96 186 398 359 130 307 649 59 452 322 426 2008 1105 1422 409 169 333 489 253 777 360
internal_value=-0.00606599 4.49965 -2.4457 7.76496 -1.06547 2.84404 -4.35696 6.63345 3.90414 10.5386 1.80558 -0.290679 9.53584 5.95221 3.38301 -1.99628 -0.573022 10.4671 4.62973 1.40538 6.5786 -3.63991 2.34069 13.2901 0.636345 -2.22044 7.04829 3.88403 -0.0966461 1.83649 -5.37239 -1.04077 0.947432 8.90679 7.49118 9.72686 8.79207 -3.23675 -0.778399 -2.55814 0.260854 5.70117 5.07784 5.72843 -1.62306 3.11005 2.67211 3.3983 13.219 5.83366 -3.10395 4.57533 -4.08317 -0.729316 -3.42088 1.37291 1.28648 0.929611 -1.78729 -2.23707 -1.52935 3.36329
internal_weight=32036 11253 20783 3786 12068 7467 8715 2689 3695 1097 3772 6586 804 2069 2874 5482 5363 585 665 3001 1404 5108 933 293 1078 4547 219 1941 2657 1923 3607 2706 1223 620 631 461 109 2675 914 2555 1743 394 282 821 943 576 437 1140 124 773 874 801 2433 1763 2212 1126 676 502 1992 726 1266 771
internal_count=32036 11253 20783 3786 12068 7467 8715 2689 3695 1097 3772 6586 804 2069 2874 5482 5363 585 665 3001 1404 5108 933 293 1078 4547 219 1941 2657 1923 3607 2706 1223 620 631 461 109 2675 914 2555 1743 394 282 821 943 576 437 1140 124 773 874 801 2433 1763 2212 1126 676 502 1992 726 1266 771
is_linear=0
shrinkage=0.05


Tree=28
num_leaves=63
num_cat=0
split_feature=35 35 35 35 35 35 35 40 40 40 40 40 40 40 40 40 40 35 35 40 40 35 35 40 35 35 35 40 40 40 40 40 35 40 35 40 40 40 40 40 40 35 40 40 40 35 40 40 40 40 35 40 35 35 40 40 40 40 35 40 35 35
split_gain=1.27136e+08 2.23495e+07 1.94471e+07 4.30673e+06 3.12902e+06 3.0864e+06 2.19991e+06 1.57969e+06 1.26813e+06 961636 954155 882314 812369 630726 583701 541815 496650 408786 360868 358692 321662 300901 290568 282615 275153 255772 246743 235285 220428 204495 199333 286001 189462 188843 185951 150154 149152 276592 146841 143463 136929 135615 134468 125381 195848 123650 122352 121732 119869 113346 111900 106418 101637 100275 99546.7 89182 92681.3 84056.1 82059.5 81712.4 79101.3 75168.7
threshold=567.95000000000016 933.35000000000025 257.45000000000005 1225.1500000000003 398.15000000000009 735.20000000000016 108.45000000000002 1.5000000000000002 1.0000000180025095e-35 1.5000000000000002 4.5000000000000009 1.0000000180025095e-35 1.5000000000000002 4.5000000000000009 4.5000000000000009 4.5000000000000009 1.0000000180025095e-35 1055.7500000000002 1455.95 4.5000000000000009 3.5000000000000004 184.45000000000002 489.9500000000001 3.5000000000000004 1455.95 336.4500000000001 1044.7500000000002 5.5000000000000009 5.5000000000000009 3.5000000000000004 3.5000000000000004 2.5000000000000004 471.95000000000005 5.5000000000000009 20.950000000000003 1.5000000000000002 3.5000000000000004 2.5000000000000004 2.5000000000000004 4.5000000000000009 4.5000000000000009 832.35000000000025 5.5000000000000009 1.5000000000000002 2.5000000000000004 812.6500000000002 5.5000000000000009 5.5000000000000009 5.5000000000000009 3.5000000000000004 812.6500000000002 1.0000000180025095e-35 673.95000000000016 656.45000000000016 5.5000000000000009 4.5000000000000009 3.5000000000000004 5.5000000000000009 330.45000000000005 5.5000000000000009 634.05000000000007 656.45000000000016
decision_type=2 2 2 2 2 2 2 2 2 2 2 2 2 2 2 2 2 2 2 2 2 2 2 2 2 2 2 2 2 2 2 2 2 2 2 2 2 2 2 2 2 2 2 2 2 2 2 2 2 2 2 2 2 2 2 2 2 2 2 2 2 2
left_child=2 5 6 7 16 11 34 26 41 24 30 61 32 29 36 20 58 48 46 23 43 51 42 53 -5 39 -3 50 60 38 31 -9 -6 -19 -1 -23 37 -14 -11 49 -37 -7 -16 -10 -45 -29 -15 -20 -12 -18 -17 -8 -30 -13 -24 56 -27 -57 -4 -41 -21 -2
right_child=1 3 4 9 12 8 21 10 15 13 17 19 14 18 22 27 25 33 47 28 -22 35 54 -25 -26 55 -28 45 52 -31 -32 -33 -34 -35 -36 40 -38 -39 -40 59 -42 -43 -44 44 -46 -47 -48 -49 -50 -51 -52 -53 -54 -55 -56 57 -58 -59 -60 -61 -62 -63
leaf_value=-5.5446787527771422 2.7363787173123613 7.3772345256805423 -1.3195980025474094 11.86075349788076 0.18784525273604138 4.8186704815984056 -3.1602367881326114 2.674638922360479 4.2625454936953764 5.521349574673561 6.2808160716499497 0.6813911890227291 -2.2305519852927111 10.408241867233109 -0.078058667839344217 3.7166846110026044 -2.545127887157757 8.138881770329677 14.050621009239785 1.7385838633937778 1.0444058438533455 -2.3763726392527209 0.93681749806404113 -0.44910825322905601 15.537045111172441 -1.7443111808981815 9.1794443244364725 2.6297049780727164 0.92626493925379005 5.1775349135039956 3.00468894187361 6.0031582211691239 1.3148278128545163 6.4856967114798643 -4.8114614301147745 -3.9115338652431499 -1.9790633558338695 -0.33744247040126174 9.6287623261752202 -1.7452832154719435 -3.019946315258454 6.1045001523578586 -0.86588196528965167 0.91187879700213681 3.2272987517937781 3.6813203203292404 8.6330687614587642 10.913725183777892 5.017269545951776 -3.722445725805966 4.9010382670192101 -4.0311449311169021 1.9047116748278183 1.8896765991428635 -0.0073804073348122685 -0.96674613645573659 -2.899303253759606 -1.7828029496019537 -0.39186051731672972 -2.4629977766794102 2.7366511902501509 3.7141334907213848
leaf_weight=1438 433 360 497 194 788 423 425 98 139 31 321 398 293 182 870 375 554 307 65 331 357 558 500 411 69 497 402 491 756 93 288 189 708 395 2169 633 671 565 73 638 1347 398 1435 130 307 649 208 59 452 324 426 2008 409 302 632 511 267 825 458 1048 496 360
leaf_count=1438 433 360 497 194 788 423 425 98 139 31 321 398 293 182 870 375 554 307 65 331 357 558 500 411 69 497 402 491 756 93 288 189 708 395 2169 633 671 565 73 638 1347 398 1435 130 307 649 208 59 452 324 426 2008 409 302 632 511 267 825 458 1048 496 360
internal_value=-0.00576269 4.23874 -2.34323 7.37671 -1.05057 2.67368 -4.16377 6.38422 3.70894 10.2421 5.66171 1.69183 -0.300208 9.28657 -0.607907 3.21386 -1.9135 6.33521 10.2085 1.31145 2.22366 -3.4817 -0.246351 0.591622 12.8253 -2.12621 8.32801 3.68983 1.71292 6.88108 3.93402 4.86659 0.721203 7.20867 -5.10377 -3.10082 -1.42064 -0.983924 8.40444 -2.4613 -3.30498 5.44201 -0.568526 2.95455 2.5385 3.22839 9.46148 12.5581 5.54198 -2.97958 4.34657 -3.87901 1.26977 1.20268 0.409668 -1.71707 -2.14795 -1.47067 -0.874673 -2.19141 2.33718 3.18025
internal_weight=32036 11377 20659 3786 12081 7591 8578 2812 3695 974 2050 3896 6462 711 4966 2874 5619 1475 514 3103 933 4971 3437 1111 263 4664 762 1941 1992 197 575 287 1496 702 3607 2538 1529 858 104 2564 1980 821 2305 576 437 1140 390 124 773 878 801 2433 1165 700 1132 2100 764 1336 955 1686 827 793
internal_count=32036 11377 20659 3786 12081 7591 8578 2812 3695 974 2050 3896 6462 711 4966 2874 5619 1475 514 3103 933 4971 3437 1111 263 4664 762 1941 1992 197 575 287 1496 702 3607 2538 1529 858 104 2564 1980 821 2305 576 437 1140 390 124 773 878 801 2433 1165 700 1132 2100 764 1336 955 1686 827 793
is_linear=0
shrinkage=0.05


Tree=29
num_leaves=63
num_cat=0
split_feature=35 35 35 35 35 35 35 40 40 40 40 35 40 40 40 40 40 40 35 35 40 40 40 35 40 35 36 40 35 40 40 40 35 40 40 40 40 40 40 40 35 40 40 40 40 40 40 40 35 40 35 35 40 40 40 40 35 40 40 40 40 40
split_gain=1.14741e+08 1.98348e+07 1.78816e+07 4.43016e+06 2.49971e+06 2.40208e+06 2.21402e+06 1.44148e+06 1.01981e+06 1.01252e+06 718977 621433 612454 581060 556578 473897 383248 354317 346581 340327 321366 315643 311926 256737 254988 249081 236489 221400 216721 213225 197757 193005 181230 178054 176431 147528 142253 141576 131627 204547 131433 127341 121922 120537 110678 114173 108759 268771 107297 96811 95484.2 94994 91004.1 90454.9 180732 86635.4 86060.4 79505.9 200025 77423.1 239683 69561.9
threshold=572.75000000000011 909.35000000000014 275.10000000000008 1187.8500000000001 437.25000000000006 121.05000000000001 723.1500000000002 1.0000000180025095e-35 1.0000000180025095e-35 1.0000000180025095e-35 1.0000000180025095e-35 1351.1500000000003 1.0000000180025095e-35 1.5000000000000002 4.5000000000000009 4.5000000000000009 4.5000000000000009 3.5000000000000004 1032.6500000000003 213.05000000000004 3.5000000000000004 4.5000000000000009 4.5000000000000009 1313.1500000000003 4.5000000000000009 361.15000000000003 26.275000000000002 3.5000000000000004 1531.0000000000002 5.5000000000000009 5.5000000000000009 3.5000000000000004 1032.6500000000003 3.5000000000000004 5.5000000000000009 4.5000000000000009 1.5000000000000002 5.5000000000000009 3.5000000000000004 2.5000000000000004 361.15000000000003 4.5000000000000009 3.5000000000000004 5.5000000000000009 1.5000000000000002 4.5000000000000009 1.5000000000000002 2.5000000000000004 794.6500000000002 5.5000000000000009 812.6500000000002 1531.0000000000002 5.5000000000000009 1.5000000000000002 2.5000000000000004 5.5000000000000009 794.6500000000002 1.5000000000000002 2.5000000000000004 1.5000000000000002 2.5000000000000004 1.0000000180025095e-35
decision_type=2 2 2 2 2 2 2 2 2 2 2 2 2 2 2 2 2 2 2 2 2 2 2 2 2 2 2 2 2 2 2 2 2 2 2 2 2 2 2 2 2 2 2 2 2 2 2 2 2 2 2 2 2 2 2 2 2 2 2 2 2 2
left_child=2 6 5 7 13 26 10 32 23 48 -2 24 -6 40 17 20 38 46 43 36 53 31 27 -5 33 55 -1 59 35 56 -23 57 -3 -10 -24 42 -7 -20 39 -15 -4 -38 -13 -16 -21 -46 -9 -48 -8 -26 -31 -25 -27 -11 -55 -18 -17 -14 -59 -12 -61 -28
right_child=1 3 4 8 12 19 9 14 11 15 22 28 21 16 18 29 25 -19 37 44 -22 30 34 51 49 52 61 -29 -30 50 -32 -33 -34 -35 -36 -37 41 -39 -40 -41 -42 -43 -44 -45 45 -47 47 -49 -50 -51 -52 -53 -54 54 -56 -57 -58 58 -60 60 -62 -63
leaf_value=-5.1934680174096135 2.9832220748569189 7.0041366999829577 -1.1063324711074511 10.375651940845309 1.1685595540914266 -2.8288217918372451 4.180110396348037 6.1974570993517268 7.38111618000974 3.8095334873479958 2.0243633058252217 9.1714632112588461 0.37932668138758929 -3.0607401751852659 5.7247341718919644 3.3797292295439152 -1.4451514852728164 2.699963691850372 7.3566158177901286 -2.0067686036961976 0.75512274391415479 0.57295075422504826 2.1841683478434883 12.821294700493247 9.1067659991911096 -0.59773645386513741 -3.7829443121755588 -0.47323439096276831 12.464767258167267 2.4390159784698149 -0.32472784853517589 -1.6800623619256336 8.6397857139850487 4.1303639808258454 1.1798889116528803 10.337152730732065 -4.1997720491917594 5.9003127325384117 -2.9266964811018146 -1.4760825296333944 -0.17867040682826016 -3.4164972633431385 5.4198671340942388 4.5113822771322845 -3.4695239923768129 -2.5878230214720013 2.378912877695901 5.4922807712180948 5.3743842739002554 7.5451320796817924 3.3689574429886751 16.015308801059067 -1.338207191697987 0.70275274990279168 2.9808662152604057 -2.1499723695759956 4.4422621364946719 -1.9514395938000897 -0.095605104246920536 -0.8020945707744942 1.5550141643295214 -4.5454907225722723
leaf_weight=1811 712 361 790 126 882 648 308 122 93 136 158 67 217 308 349 341 700 302 294 488 349 1032 750 118 174 675 358 370 80 568 1513 504 319 77 1049 191 758 386 696 601 739 1645 32 495 531 1190 105 204 483 231 537 29 1077 122 304 1156 432 220 427 164 315 1817
leaf_count=1811 712 361 790 126 882 648 308 122 93 136 158 67 217 308 349 341 700 302 294 488 349 1032 750 118 174 675 358 370 80 568 1513 504 319 77 1049 191 758 386 696 601 739 1645 32 495 531 1190 105 204 483 231 537 29 1077 122 304 1156 432 220 427 164 315 1817
internal_value=-0.00547456 4.06111 -2.20734 6.80479 -0.894382 -3.84562 2.45503 5.75339 9.34005 3.33042 1.56422 8.56242 -0.0216759 -1.51506 5.14538 2.88261 -1.76645 4.01322 5.68992 -3.14406 1.94682 -0.289958 1.20416 12.0318 7.53389 -1.48051 -4.77141 0.499542 10.1608 3.33655 0.0392817 -0.902469 7.77145 5.90872 1.59857 9.52524 -3.48628 6.52995 -2.40923 -2.01302 -0.657973 -3.66357 7.95883 5.01311 -2.6714 -2.85986 4.93341 4.43434 4.90936 8.21606 2.89094 13.4514 -1.05292 2.68686 2.32845 -1.88415 3.97354 -0.448873 -0.726646 1.06458 0.747987 -4.41998
internal_weight=32036 11253 20783 4155 11537 9246 7098 2937 1218 3580 3518 945 4795 6742 2257 2789 5213 733 1524 5260 911 3913 2806 273 575 3608 3986 1007 370 1878 2545 1368 680 170 1799 290 3051 680 1605 909 1529 2403 99 844 2209 1721 431 309 791 405 1105 147 1752 562 426 1856 773 864 647 637 479 2175
internal_count=32036 11253 20783 4155 11537 9246 7098 2937 1218 3580 3518 945 4795 6742 2257 2789 5213 733 1524 5260 911 3913 2806 273 575 3608 3986 1007 370 1878 2545 1368 680 170 1799 290 3051 680 1605 909 1529 2403 99 844 2209 1721 431 309 791 405 1105 147 1752 562 426 1856 773 864 647 637 479 2175
is_linear=0
shrinkage=0.05


Tree=30
num_leaves=63
num_cat=0
split_feature=35 35 35 35 35 35 35 40 40 40 40 40 40 40 40 35 40 40 35 40 40 40 35 40 40 35 35 35 40 40 35 40 40 40 35 35 40 35 40 35 40 40 40 40 40 40 40 40 40 40 40 40 35 40 40 40 36 40 40 40 35 35
split_gain=1.0415e+08 1.97119e+07 1.45638e+07 2.95424e+06 2.6233e+06 2.62229e+06 2.35118e+06 1.12456e+06 922213 812228 746212 633793 625199 519216 493680 390692 347694 344157 340285 335169 314738 303533 256730 235838 229940 218991 212198 207745 182430 165301 160637 147331 144317 263307 136004 132993 120619 119537 119523 118836 118244 117407 141006 113225 108073 100397 190707 96746.9 96732.7 96387.5 241285 94161.6 89218.7 88668.8 192295 86533.8 86004 84002 80828.6 71619.3 66673.1 61847.8
threshold=629.1500000000002 307.85000000000008 998.25000000000011 149.45000000000002 452.85000000000008 1313.1500000000003 825.05000000000007 1.0000000180025095e-35 1.5000000000000002 1.0000000180025095e-35 1.0000000180025095e-35 4.5000000000000009 1.5000000000000002 1.5000000000000002 4.5000000000000009 78.450000000000017 4.5000000000000009 3.5000000000000004 231.25000000000003 4.5000000000000009 4.5000000000000009 4.5000000000000009 1155.7500000000002 3.5000000000000004 3.5000000000000004 712.95000000000016 517.05000000000007 1531.0000000000002 5.5000000000000009 1.0000000180025095e-35 389.25000000000006 5.5000000000000009 3.5000000000000004 2.5000000000000004 1170.4500000000003 527.55000000000007 5.5000000000000009 1531.0000000000002 5.5000000000000009 712.95000000000016 1.0000000180025095e-35 3.5000000000000004 2.5000000000000004 5.5000000000000009 5.5000000000000009 3.5000000000000004 2.5000000000000004 5.5000000000000009 1.0000000180025095e-35 1.5000000000000002 2.5000000000000004 4.5000000000000009 894.95000000000016 1.5000000000000002 2.5000000000000004 4.5000000000000009 13.050000000000002 5.5000000000000009 3.5000000000000004 5.5000000000000009 373.95000000000005 1155.7500000000002
decision_type=2 2 2 2 2 2 2 2 2 2 2 2 2 2 2 2 2 2 2 2 2 2 2 2 2 2 2 2 2 2 2 2 2 2 2 2 2 2 2 2 2 2 2 2 2 2 2 2 2 2 2 2 2 2 2 2 2 2 2 2 2 2
left_child=1 3 6 15 13 7 8 34 39 52 35 32 27 60 17 56 45 53 40 24 23 41 36 49 -11 47 -22 -7 -21 -20 57 37 33 -10 -4 -6 -16 -23 -27 -2 -5 42 -14 -28 -24 46 -15 -13 -17 -12 -51 58 -8 -9 -55 -42 -1 -18 -31 -32 -3 -56
right_child=2 4 5 18 10 12 9 14 11 19 20 25 21 16 22 48 30 -19 29 28 26 31 44 -25 -26 38 43 -29 -30 51 59 -33 -34 -35 -36 -37 -38 -39 -40 -41 55 -43 -44 -45 -46 -47 -48 -49 -50 50 -52 -53 -54 54 61 -57 -58 -59 -60 -61 -62 -63
leaf_value=-5.1254881898713203 2.9540456627096452 -0.74502491422822614 7.9239601821495746 -2.3327407035399021 0.97447806332352782 11.643966476010604 5.1339154594084802 6.9486205171283935 -0.2034415994107065 3.5106006173093629 0.72176738958737063 2.3441191940843917 5.0998080525061367 -2.7419631424210587 6.573726436070034 -3.156048971368361 -1.0427939861760347 3.1594647823011175 -1.4839436186160968 4.8098206367622431 -0.079922301899726364 10.411224259270563 8.2544467334441318 -1.3740198850693119 1.5998378427117133 3.3391618412573218 1.3277149830855128 15.684368598751906 3.668645387213445 -2.5580080805316805 -0.3426277278791281 8.8399100266493758 0.14029177747750551 2.1311361437658305 9.6669245905846175 2.1204059203097483 5.3056260986158215 14.196117980957034 2.3549229674970125 4.0306697022337747 -3.6292225920685142 5.3154447044645039 9.8156143487668501 0.41251485151742645 6.6918163630355325 -2.5465662886529099 -1.1576330247742159 1.3317869881301532 -4.0280834068631917 -1.6614435123809714 0.25065115119074755 -2.2525287691107456 6.3655999279022222 3.1362926842291148 5.430895469586055 -2.9978029571473601 -4.5494386047743172 -1.7476838577941374 -3.6313814248294194 -1.0467009120377684 -0.047180970457952415 7.5587986928112105
leaf_weight=1052 448 596 378 445 514 142 272 95 181 409 271 409 23 293 322 387 686 238 506 588 1431 126 187 546 256 522 571 41 866 504 582 154 445 363 159 499 449 25 754 599 839 56 51 828 271 643 540 558 1784 246 501 1504 320 79 96 1536 1687 1101 269 952 804 53
leaf_count=1052 448 596 378 445 514 142 272 95 181 409 271 409 23 293 322 387 686 238 506 588 1431 126 187 546 256 522 571 41 866 504 582 154 445 363 159 499 449 25 754 599 839 56 51 828 271 643 540 558 1784 246 501 1504 320 79 96 1536 1687 1101 269 952 804 53
internal_value=0.000256808 -1.91001 4.25283 -3.47824 -0.489213 7.20213 3.01024 6.43324 2.28033 4.16231 0.315615 1.86255 10.0973 -1.19144 5.8312 -4.37361 -1.43869 4.60218 -2.69362 3.70487 0.0335831 9.06579 6.39221 -0.535649 2.77503 2.32748 0.348169 12.5492 4.13014 -2.30139 -1.1549 9.92808 0.808098 1.35437 8.44003 1.53896 5.83523 11.0379 2.75757 3.56999 -3.08071 7.04274 8.34989 0.786053 7.32983 -2.07721 -1.71491 1.75996 -3.87264 -0.0859921 -0.379035 -2.48304 5.79969 5.66523 5.13048 -3.22086 -4.77069 -1.47709 -2.93154 -0.779575 -0.344263 6.1878
internal_weight=32052 22117 9935 10513 11604 2945 6990 2327 4279 2711 5407 3232 618 6197 1790 4910 4797 561 5603 2119 4394 435 1229 1564 665 2243 2830 183 1454 2783 3321 305 989 544 537 1013 771 151 1276 1047 2820 130 74 1399 458 1476 833 967 2171 1018 747 2277 592 323 228 2375 2739 1787 773 1534 1400 149
internal_count=32052 22117 9935 10513 11604 2945 6990 2327 4279 2711 5407 3232 618 6197 1790 4910 4797 561 5603 2119 4394 435 1229 1564 665 2243 2830 183 1454 2783 3321 305 989 544 537 1013 771 151 1276 1047 2820 130 74 1399 458 1476 833 967 2171 1018 747 2277 592 323 228 2375 2739 1787 773 1534 1400 149
is_linear=0
shrinkage=0.05


Tree=31
num_leaves=63
num_cat=0
split_feature=35 35 35 35 35 35 35 40 40 40 40 40 40 40 40 40 35 35 40 40 40 40 35 35 40 35 40 40 40 40 35 40 40 36 35 35 40 40 40 40 40 40 40 40 40 35 35 40 40 35 40 35 35 35 40 40 35 40 40 40 33 35
split_gain=9.40385e+07 1.69681e+07 1.38797e+07 3.67378e+06 2.06177e+06 2.06163e+06 1.62934e+06 1.20008e+06 890541 830760 535097 524713 455755 424616 404736 395429 324550 315177 310140 290627 273840 268185 266094 224533 211825 196375 188907 186536 191572 175476 171368 162645 154116 145085 142096 125057 120193 116699 116456 115698 109920 104401 219201 103325 95964.6 91703.6 90582.8 88869.1 196925 87097.1 86962.7 85009.5 82668.9 78422.8 73905.2 73514.8 72711.9 70244.8 205417 70130.3 65421.8 58366
threshold=557.30000000000007 909.35000000000014 257.45000000000005 1203.6500000000003 702.05000000000007 403.75000000000006 108.45000000000002 1.0000000180025095e-35 1.0000000180025095e-35 1.5000000000000002 1.0000000180025095e-35 1.0000000180025095e-35 4.5000000000000009 4.5000000000000009 4.5000000000000009 1.5000000000000002 1044.7500000000002 1531.0000000000002 3.5000000000000004 4.5000000000000009 3.5000000000000004 4.5000000000000009 1397.9500000000003 181.05000000000004 4.5000000000000009 812.6500000000002 3.5000000000000004 3.5000000000000004 2.5000000000000004 3.5000000000000004 1032.6500000000003 5.5000000000000009 5.5000000000000009 14.925000000000002 311.15000000000003 806.05000000000007 5.5000000000000009 1.5000000000000002 5.5000000000000009 5.5000000000000009 4.5000000000000009 1.5000000000000002 2.5000000000000004 5.5000000000000009 5.5000000000000009 339.15000000000009 1313.1500000000003 1.5000000000000002 2.5000000000000004 471.95000000000005 5.5000000000000009 461.4500000000001 330.45000000000005 489.9500000000001 1.5000000000000002 5.5000000000000009 1531.0000000000002 1.5000000000000002 2.5000000000000004 4.5000000000000009 402.75000000000006 1044.7500000000002
decision_type=2 2 2 2 2 2 2 2 2 2 2 2 2 2 2 2 2 2 2 2 2 2 2 2 2 2 2 2 2 2 2 2 2 2 2 2 2 2 2 2 2 2 2 2 2 2 2 2 2 2 2 2 2 2 2 2 2 2 2 2 2 2
left_child=2 4 6 7 10 15 33 30 35 17 -2 49 18 20 27 52 38 46 41 26 47 45 43 54 29 39 57 28 -11 -12 -3 53 -26 -1 -23 -6 -18 -25 -14 -15 -39 -9 -43 -16 56 -17 -5 -10 -49 -7 -36 -33 -4 -21 -8 -27 -24 -13 -59 -56 -19 -44
right_child=1 3 5 9 8 11 23 12 13 14 24 19 16 25 22 21 36 60 -20 31 -22 34 44 37 32 55 -28 -29 -30 -31 -32 51 -34 -35 50 -37 -38 40 -40 -41 -42 42 61 -45 -46 -47 -48 48 -50 -51 -52 -53 -54 -55 59 -57 -58 58 -60 -61 -62 -63
leaf_value=-4.834503264901187 2.5039844067190731 6.3047369075586088 -1.2396245092177089 9.2238638870359413 3.7457651666340079 0.3060711565269898 -2.8219780019712357 5.7428538968012885 3.3251026409428293 4.511457395553589 0.84272032730917246 0.051772066254445186 5.2485826376253968 3.0890105887874242 8.6750275053629071 -2.7841103286277957 6.7605190545920566 12.853545646667483 2.4911380266583856 -0.054561940292092652 0.644103946642266 -2.0294080291444407 10.326514013489682 -2.0407638385865909 1.8277619608158178 4.020878611181093 -1.7163765237403987 4.4273018818981242 8.8418485022879931 -0.55467217531880697 7.8852652280045676 -0.87241994542391788 0.86831825305236665 -4.1598685916857354 -0.91510810154014577 4.9293234605404095 5.4443205693256429 -3.3799368476867677 4.1064712435171149 2.1195213187801301 -2.5997666026596598 2.1759805124539597 4.2905843956525933 7.0169471515308732 8.8688349098994816 -1.9638494721262187 11.061768123465527 0.44515022348153271 2.6465095595328396 1.2051345963806215 -1.5810138508290041 -0.20022799042588765 -0.440738442481171 0.7852856184224124 -3.9853559762863888 3.1058570447213509 13.486311889648437 -1.9718650823486024 -0.29453701116040987 -3.2974519903835935 16.849296751476469 5.96068833958019
leaf_weight=1177 672 343 633 127 475 591 519 130 164 39 621 283 378 519 164 738 298 20 309 807 392 1093 67 573 706 368 624 106 74 352 343 856 1028 2468 797 421 415 660 545 756 1429 104 129 220 87 633 142 146 334 495 1274 1044 663 424 525 544 25 276 539 1259 21 88
leaf_count=1177 672 343 633 127 475 591 519 130 164 39 621 283 378 519 164 738 298 20 309 807 392 1093 67 573 706 368 624 106 74 352 343 856 1028 2468 797 421 415 660 545 756 1429 104 129 220 87 633 142 146 334 495 1274 1044 663 424 525 544 25 276 539 1259 21 88
internal_value=0.000243965 3.57894 -2.04934 6.13406 2.15655 -0.933322 -3.57495 5.25109 2.90751 8.6261 1.24113 -0.277627 4.72315 2.51987 7.75779 -1.60116 5.19317 10.8165 3.7114 -0.49995 1.68603 -1.82128 8.46724 -2.98562 0.927638 2.91487 -1.02169 5.93396 7.34729 0.337189 7.095 -0.212999 1.25896 -4.37771 -1.56817 4.30188 5.99443 -2.67287 4.5742 2.51416 -2.84625 4.54745 4.06333 7.72509 10.0593 -2.40539 10.1941 2.32025 1.97693 0.715865 -1.32475 -0.503068 -0.830935 0.234711 -3.34712 3.47508 11.1852 -0.626902 -0.862565 -3.49989 14.9001 4.96786
internal_weight=32052 11672 20380 4174 7498 11770 8610 3082 4119 1092 3379 5939 2396 3223 782 5831 1636 310 760 4853 1036 4535 563 4965 2707 2187 1722 219 113 973 686 3131 1734 3645 3164 896 713 2662 923 1275 2089 451 321 384 179 1371 269 644 480 1086 2071 1900 1296 1231 2303 912 92 1098 815 1784 41 217
internal_count=32052 11672 20380 4174 7498 11770 8610 3082 4119 1092 3379 5939 2396 3223 782 5831 1636 310 760 4853 1036 4535 563 4965 2707 2187 1722 219 113 973 686 3131 1734 3645 3164 896 713 2662 923 1275 2089 451 321 384 179 1371 269 644 480 1086 2071 1900 1296 1231 2303 912 92 1098 815 1784 41 217
is_linear=0
shrinkage=0.05


Tree=32
num_leaves=63
num_cat=0
split_feature=35 35 35 35 35 35 35 40 40 40 40 40 40 40 40 40 35 35 40 40 35 35 35 35 40 35 40 35 40 40 40 40 40 36 40 35 40 40 40 40 40 40 40 35 40 40 40 40 40 40 40 40 40 40 36 36 40 40 40 40 40 35
split_gain=8.49544e+07 1.60422e+07 1.18839e+07 2.35158e+06 2.20428e+06 2.05541e+06 2.04199e+06 887980 815333 640556 608916 580509 510424 434204 388577 378193 301474 270045 255139 244185 219068 215766 188928 183230 181987 169916 158274 141754 138070 131406 131072 128112 235126 125745 116098 113911 109400 106807 106711 104860 104264 100648 204292 99826.7 91697.9 82458.2 80443.9 78120.6 77883.1 75707.2 73990.8 72862.4 71144.6 153166 69158.5 67379 66701.8 56916 56075.9 54758.9 52521.2 52281.7
threshold=629.1500000000002 304.85000000000008 1008.7500000000001 141.45000000000002 452.85000000000008 845.95000000000016 1313.1500000000003 1.0000000180025095e-35 1.5000000000000002 1.0000000180025095e-35 1.5000000000000002 4.5000000000000009 1.0000000180025095e-35 1.0000000180025095e-35 4.5000000000000009 4.5000000000000009 231.25000000000003 78.450000000000017 3.5000000000000004 4.5000000000000009 723.1500000000002 370.95000000000005 1531.0000000000002 1140.1000000000001 3.5000000000000004 517.05000000000007 4.5000000000000009 522.6500000000002 5.5000000000000009 1.0000000180025095e-35 3.5000000000000004 3.5000000000000004 2.5000000000000004 400.05000000000007 4.5000000000000009 741.05000000000007 3.5000000000000004 1.5000000000000002 4.5000000000000009 5.5000000000000009 5.5000000000000009 3.5000000000000004 2.5000000000000004 1170.4500000000003 5.5000000000000009 5.5000000000000009 4.5000000000000009 5.5000000000000009 4.5000000000000009 5.5000000000000009 1.0000000180025095e-35 5.5000000000000009 1.5000000000000002 2.5000000000000004 10.625000000000002 409.72500000000008 3.5000000000000004 3.5000000000000004 5.5000000000000009 5.5000000000000009 5.5000000000000009 538.75000000000011
decision_type=2 2 2 2 2 2 2 2 2 2 2 2 2 2 2 2 2 2 2 2 2 2 2 2 2 2 2 2 2 2 2 2 2 2 2 2 2 2 2 2 2 2 2 2 2 2 2 2 2 2 2 2 2 2 2 2 2 2 2 2 2 2
left_child=1 3 5 17 13 8 7 43 35 -7 27 31 33 -3 18 41 37 54 52 24 45 46 26 47 -11 58 30 -6 -21 -18 -14 32 -10 -8 36 -2 -23 -5 -39 -25 -22 42 -12 -4 -27 -13 57 -16 56 -36 -19 -28 -9 -54 -1 -24 -31 -15 -17 -48 -50 -44
right_child=2 4 6 16 10 9 12 14 11 19 15 20 22 21 23 25 29 50 -20 28 40 34 55 39 -26 44 51 -29 -30 48 -32 -33 -34 -35 49 -37 -38 38 -40 -41 -42 -43 61 -45 -46 -47 59 -49 60 -51 -52 -53 53 -55 -56 -57 -58 -59 -60 -61 -62 -63
leaf_value=-4.6626570698492698 2.8311671055489334 -0.19712340959340152 7.2334297125680109 -2.2387494295320858 0.71313336985113773 5.4389795804906775 11.012653764828231 6.3171903924627628 -0.13954492851709707 3.3420401395181489 -1.5238274841046915 2.1724756451282961 7.5504121054050533 -1.7672742184889747 5.9061253442483794 0.3201842508865671 -1.3426087828156372 -2.8676484575019905 2.9337881292488461 4.4826110092416931 3.1421551884855172 -1.0382112000140391 9.6610630338154149 7.394952973865327 1.5472719395419827 1.1904802926261902 9.4130029738895473 1.7638809438192489 3.4466054850839281 -2.3209210428527389 4.1951910148967393 0.17985172854817433 1.9850642329557058 14.954147911071779 -0.38206819277294485 3.8342808283851264 -2.0910890517501057 -3.4546682029106601 -2.7423790522821618 5.9534560638138014 2.2424740352697605 -1.2369468995946504 -0.20366437376953095 8.7442741777911888 0.3668630330976333 1.2951472820172649 -1.048799594809386 4.7840638921531617 -1.6474323707285212 -1.0234851314576716 -3.6802211703160768 7.7126017767285546 2.8570811488024601 5.6230603491509719 -4.1308400912646803 12.992151222229005 -3.3136897141906041 -2.6822083365592513 -0.32175614270520159 -1.68422497681498 -2.2727507265576796 0.82951996148227247
leaf_weight=921 614 1117 350 637 647 540 129 91 195 366 246 458 86 502 272 557 483 341 226 541 547 660 63 210 230 571 126 637 793 481 44 483 392 24 740 525 394 766 1677 316 783 546 288 159 828 645 550 361 536 1216 1570 126 77 143 1818 20 261 257 874 884 899 213
leaf_count=921 614 1117 350 637 647 540 129 91 195 366 246 458 86 502 272 557 483 341 226 541 547 660 63 210 230 571 126 637 793 481 44 483 392 24 740 525 394 766 1677 316 783 546 288 159 828 645 550 361 536 1216 1570 126 77 143 1818 20 261 257 874 884 899 213
internal_value=0.00023177 -1.72503 3.84097 -3.15566 -0.45752 2.75147 6.58574 5.87382 2.13143 3.91674 0.283603 1.75358 9.12584 -1.09158 5.32414 -0.0125024 -2.47862 -3.9914 4.21228 3.49083 2.18043 -1.2836 8.30159 5.8393 2.64943 0.311185 7.83181 1.23442 3.86675 -2.0887 6.4148 0.782993 1.27927 11.6309 -1.00877 3.29353 -1.43179 -2.81537 -2.96572 6.52896 2.61249 -0.720961 -0.343814 7.70538 0.703021 1.65944 -1.66083 5.26621 -2.25423 -0.780822 -3.53523 8.5628 5.14134 4.65497 -4.30967 10.4637 -2.67013 -2.07707 -0.0718884 -1.44051 -2.03918 0.235594
internal_weight=32052 22117 9935 10390 11727 7112 2823 2205 4642 2470 5407 3503 618 6320 1696 4123 5740 4650 537 1930 2433 5203 465 1159 596 2830 382 1284 1334 2660 130 1070 587 153 3010 1139 1054 3080 2443 526 1330 1293 747 509 1399 1103 2193 633 2177 1956 1911 252 311 220 2739 83 742 759 1431 1434 1435 501
internal_count=32052 22117 9935 10390 11727 7112 2823 2205 4642 2470 5407 3503 618 6320 1696 4123 5740 4650 537 1930 2433 5203 465 1159 596 2830 382 1284 1334 2660 130 1070 587 153 3010 1139 1054 3080 2443 526 1330 1293 747 509 1399 1103 2193 633 2177 1956 1911 252 311 220 2739 83 742 759 1431 1434 1435 501
is_linear=0
shrinkage=0.05


Tree=33
num_leaves=63
num_cat=0
split_feature=35 35 35 35 35 35 35 40 40 40 40 40 40 40 40 35 40 35 40 35 35 40 35 40 40 40 40 40 40 40 40 40 35 36 40 40 40 40 40 40 40 35 40 35 35 35 40 40 36 40 40 40 40 35 40 35 36 40 40 35 35 35
split_gain=7.66731e+07 1.47529e+07 1.04961e+07 2.24838e+06 2.03752e+06 1.97315e+06 1.52141e+06 859916 623148 613518 517905 460658 441843 430708 384367 289543 271727 268562 257504 236087 214465 203018 170508 158576 151771 147570 142843 127592 127194 125319 119643 118293 115026 113485 103007 101463 101264 98884.4 191209 96379 85250.5 83177.9 80162.3 76234.4 72528.7 70801.2 70705.9 70487.6 68783.9 65758.3 63507.2 171680 63257.5 61701.5 61507.5 61166.7 60809.6 60606 59714.2 59123.6 53311.7 52914.3
threshold=634.05000000000007 311.15000000000003 987.70000000000016 149.45000000000002 1313.1500000000003 469.55000000000007 812.6500000000002 1.0000000180025095e-35 1.0000000180025095e-35 1.5000000000000002 1.0000000180025095e-35 1.0000000180025095e-35 1.0000000180025095e-35 4.5000000000000009 4.5000000000000009 82.450000000000017 4.5000000000000009 242.65000000000001 3.5000000000000004 389.25000000000006 1122.0000000000002 4.5000000000000009 1531.0000000000002 3.5000000000000004 3.5000000000000004 5.5000000000000009 4.5000000000000009 5.5000000000000009 1.5000000000000002 5.5000000000000009 4.5000000000000009 3.5000000000000004 1170.4500000000003 400.05000000000007 4.5000000000000009 5.5000000000000009 1.0000000180025095e-35 3.5000000000000004 2.5000000000000004 3.5000000000000004 4.5000000000000009 1140.1000000000001 5.5000000000000009 548.05000000000007 894.95000000000016 707.6500000000002 1.0000000180025095e-35 4.5000000000000009 13.050000000000002 5.5000000000000009 1.5000000000000002 2.5000000000000004 5.5000000000000009 543.55000000000007 3.5000000000000004 685.05000000000007 409.72500000000008 3.5000000000000004 5.5000000000000009 557.30000000000007 909.35000000000014 690.95000000000016
decision_type=2 2 2 2 2 2 2 2 2 2 2 2 2 2 2 2 2 2 2 2 2 2 2 2 2 2 2 2 2 2 2 2 2 2 2 2 2 2 2 2 2 2 2 2 2 2 2 2 2 2 2 2 2 2 2 2 2 2 2 2 2 2
left_child=1 3 6 15 7 12 9 32 44 55 43 33 -3 37 18 48 23 36 41 40 42 24 26 -10 50 61 31 53 -19 60 39 -13 -4 -6 -30 -22 -5 38 -11 -21 54 -9 -16 -7 -8 -27 -17 57 -1 -28 -12 -52 -32 -23 -14 -2 -24 -38 -42 -29 -18 -15
right_child=2 5 4 17 11 10 8 14 16 13 21 22 19 25 20 46 29 28 -20 30 35 27 56 -25 -26 45 49 59 34 -31 52 -33 -34 -35 -36 -37 47 -39 -40 -41 58 -43 -44 -45 -46 -47 -48 -49 -50 -51 51 -53 -54 -55 -56 -57 -58 -59 -60 -61 -62 -63
leaf_value=-4.3976669790173668 2.381742550960682 -0.061194843615922194 6.7216898768555886 -1.9617468310229353 10.462021116508071 1.0203058542184518 4.3555829273411097 4.1572239892226515 2.8500255222954545 -0.25333316986744076 0.72720898801176737 7.1728914515916689 -1.5517756900466793 1.9085949787087602 5.4625197447982492 -2.6604193925857547 3.6186521537925884 -1.2648595467388122 2.6708232988554794 -0.87556781022956653 6.9557933560733138 0.47931315320118151 9.1780099293542303 1.3008284106189745 -1.0961291362531485 1.1628917386842959 8.942352912539528 -0.14399720212676201 -2.6552974454870113 3.0707626664189172 -0.21339680797630148 3.9854314338077197 8.3070604864156472 14.206440512339274 -1.8660453306624305 5.6058863519252036 -2.7746233874847976 0.10364406489037786 1.8548574017843718 -1.856027277150945 -0.88399041255878874 5.7350543864452064 4.3913905371026267 1.9340750633726291 5.4425278111161859 1.9433919092650687 -3.4329049702466392 -2.5366150510826442 -3.8900916287567373 7.3269716686672641 -1.3633005673478769 0.35005716988471924 -0.80274631092509585 1.2629799004241857 -2.4105334200220319 3.288942979663783 12.342543716430665 -3.6152088599290679 -1.4883621276938905 0.50356234315940018 4.5729301342748325 2.757498348872967
leaf_weight=1052 254 1199 408 519 129 472 326 214 428 161 236 86 595 269 306 360 368 585 249 677 232 549 63 269 458 489 126 901 593 902 730 44 159 24 1365 348 599 415 324 398 664 137 407 442 290 716 1672 1735 1826 126 221 432 1210 463 321 692 20 334 1063 579 243 578
leaf_count=1052 254 1199 408 519 129 472 326 214 428 161 236 86 595 269 306 360 368 585 249 677 232 549 63 269 458 489 126 901 593 902 730 44 159 24 1365 348 599 415 324 398 664 137 407 442 290 716 1672 1735 1826 126 221 432 1210 463 321 692 20 334 1063 579 243 578
internal_value=0.00022018 -1.62292 3.68466 -2.96782 6.10294 -0.390389 2.57766 5.45816 3.46097 1.93727 0.392531 8.66955 -0.933079 1.58217 4.94654 -3.753 3.06898 -2.295 3.90064 -1.11784 5.43188 0.137862 7.88651 2.25213 -0.356697 1.98215 7.44022 0.405186 -1.91179 3.44528 -0.815443 6.09406 7.16626 11.0494 -2.10508 6.14585 -2.60077 0.670222 1.15503 -1.23857 -1.4628 4.77307 4.85109 1.46219 4.86729 1.62666 -3.29605 -2.72508 -4.07563 8.13466 0.0242481 -0.229808 -0.580981 0.837848 -1.85272 3.04536 9.94055 -3.07554 -1.25599 0.109339 3.99818 2.48789
internal_weight=32052 22250 9802 10640 3078 11610 6724 2460 2826 3898 4753 618 6857 2952 1893 4910 2210 5730 600 5658 1293 3839 465 697 1347 2052 382 2492 2543 1513 3015 130 567 153 1958 580 3187 900 485 1075 2643 351 713 914 616 1205 2032 2668 2878 252 889 653 1940 1012 916 946 83 933 1727 1480 611 847
internal_count=32052 22250 9802 10640 3078 11610 6724 2460 2826 3898 4753 618 6857 2952 1893 4910 2210 5730 600 5658 1293 3839 465 697 1347 2052 382 2492 2543 1513 3015 130 567 153 1958 580 3187 900 485 1075 2643 351 713 914 616 1205 2032 2668 2878 252 889 653 1940 1012 916 946 83 933 1727 1480 611 847
is_linear=0
shrinkage=0.05


Tree=34
num_leaves=63
num_cat=0
split_feature=33 36 36 32 36 37 36 37 37 31 36 36 36 36 40 37 36 37 36 37 40 36 36 36 37 36 37 31 36 40 40 36 37 40 37 40 40 36 40 40 31 40 40 40 40 40 40 36 40 36 40 40 40 40 40 40 40 40 40 36 40 36
split_gain=4.68241e+07 1.3136e+07 1.24158e+07 5.56611e+06 2.93491e+06 2.86731e+06 1.7474e+06 1.55772e+06 1.49487e+06 1.46064e+06 1.45015e+06 1.34164e+06 651418 625205 569205 534510 521016 489092 465998 458999 356568 329814 287256 284440 281611 255817 228161 226915 219030 217904 211466 205493 203906 181770 171671 171037 152073 151261 141667 140625 138560 125666 125155 116696 115317 113656 109269 107944 106965 106459 104364 103007 100081 99732.9 96395 95828.7 94513.1 94417.8 110606 92490.5 92385.4 88969.7
threshold=1.0000000180025095e-35 224.28750000000005 168.93750000000003 28.750000000000004 151.95833333333337 3.5000000000000004 329.71250000000009 1.5000000000000002 3.5000000000000004 330.25000000000006 302.3633333333334 325.31250000000006 118.31250000000001 113.11250000000003 1.0000000180025095e-35 2.5000000000000004 256.81666666666672 4.5000000000000009 416.75000000000006 4.5000000000000009 1.5000000000000002 96.270000000000024 272.41250000000008 424.12500000000006 3.5000000000000004 232.25833333333335 2.5000000000000004 438.65000000000003 190.97750000000005 1.0000000180025095e-35 1.5000000000000002 263.94166666666672 4.5000000000000009 4.5000000000000009 4.5000000000000009 4.5000000000000009 1.5000000000000002 71.155000000000015 1.5000000000000002 1.5000000000000002 248.95000000000002 1.5000000000000002 1.0000000180025095e-35 4.5000000000000009 1.5000000000000002 1.0000000180025095e-35 1.5000000000000002 54.51250000000001 1.0000000180025095e-35 194.51250000000002 1.0000000180025095e-35 4.5000000000000009 1.5000000000000002 4.5000000000000009 5.5000000000000009 1.0000000180025095e-35 1.0000000180025095e-35 3.5000000000000004 2.5000000000000004 406.77500000000003 4.5000000000000009 261.05833333333339
decision_type=2 2 2 2 2 2 2 2 2 2 2 2 2 2 2 2 2 2 2 2 2 2 2 2 2 2 2 2 2 2 2 2 2 2 2 2 2 2 2 2 2 2 2 2 2 2 2 2 2 2 2 2 2 2 2 2 2 2 2 2 2 2
left_child=2 4 7 9 13 11 15 21 41 40 14 22 37 32 34 16 44 28 20 31 -12 -1 38 50 -15 48 -14 46 52 -19 -13 60 47 57 61 -32 -26 -9 -3 -27 -4 -6 -30 -40 -5 -24 -11 -2 -17 -31 -8 -43 -10 -48 -35 -18 -29 58 -22 -37 -16 -7
right_child=1 5 3 6 8 10 23 12 17 27 18 30 26 24 19 25 55 29 -20 -21 33 -23 45 -25 36 39 -28 56 42 49 35 -33 -34 54 -36 59 -38 -39 43 -41 -42 51 -44 -45 -46 -47 53 -49 -50 -51 -52 -53 -54 -55 -56 -57 -58 -59 -60 -61 -62 -63
leaf_value=-3.8441677150779601 -3.51513020264475 3.0360935850841244 -2.3671436657525797 0.19339955438808282 1.3728046588743887 5.3945702687790407 2.9764443685894921 -3.2263865566478587 2.4631251598325905 -0.35211736973467916 9.1107144393920905 6.5204624362827577 -1.7140178116801665 -0.84750277341438596 2.5897608724520325 2.3411733313040304 1.5249171096785652 5.5627362681510757 13.927760287693568 6.186748995011853 3.2116443134489518 -2.9486535782231358 4.3416149628991114 3.7674111675690201 2.0224117627397913 4.4863124107059686 -0.33312999730575277 0.65122694786167357 3.9183963437413065 2.7312160160301664 3.2057384184567606 4.798718384477934 0.33254948702820564 8.0703564368874012 8.7214179356892902 4.8380032322623521 0.36216901805817286 -2.3509417361526164 0.66353582023378432 1.9794965936609037 -1.7317895768362477 -0.53007522326903034 2.3907421493412633 2.0514912607532194 -0.76799263276195928 2.9451977739957247 -1.6243430441343472 -1.7003529153754873 0.41616603163468124 4.1289574430735838 1.743204384210461 0.57232831984832211 1.1693814104769145 -0.88228650019768495 6.3851377961325788 0.50362432162672111 -0.36432376020703128 3.5138989379850489 7.5622838854789736 7.0030315333399278 3.849558837604925 6.9067314692905972
leaf_weight=2864 95 246 1695 398 310 219 210 848 207 622 200 194 1169 421 210 88 284 133 28 310 21 1604 187 272 183 76 402 279 172 328 157 497 114 163 72 330 560 1180 213 212 1738 313 608 524 1442 660 646 596 401 233 937 656 538 1514 177 1201 1281 59 48 58 474 175
leaf_count=2864 95 246 1695 398 310 219 210 848 207 622 200 194 1169 421 210 88 284 133 28 310 21 1604 187 272 183 76 402 279 172 328 157 497 114 163 72 330 560 1180 213 212 1738 313 608 524 1442 660 646 596 401 233 937 656 538 1514 177 1201 1281 59 48 58 474 175
internal_value=0.000209171 2.70192 -1.3516 -0.412691 0.98885 4.49537 0.801331 -2.8991 1.85802 -1.27476 5.6483 3.30475 -2.12495 -0.555266 4.95116 0.278151 0.00224268 2.64275 7.60849 4.47444 7.34361 -3.52268 2.57864 2.31372 0.185668 1.45884 -1.36067 -0.665392 2.14199 3.74313 5.10282 4.02498 -1.62663 6.58844 6.47646 4.5982 0.771085 -2.71701 1.99715 2.64102 -2.04549 0.496562 2.72761 1.65036 -0.560039 3.2535 -0.936062 -1.94985 0.762589 3.31174 1.96899 0.216237 1.52885 -1.10422 7.19305 0.698942 -0.182696 4.98245 6.23818 5.16164 3.46278 6.06622
internal_weight=32052 10689 21363 13296 5467 5222 5521 8067 3498 7775 2653 2569 3599 1969 1957 4102 3325 2219 696 1491 668 4468 1830 1419 1164 777 1571 4342 1525 694 739 1181 805 468 466 545 743 2028 983 288 3433 1279 780 737 1840 847 2782 691 489 561 1147 969 745 2160 340 1485 1560 128 69 388 684 394
internal_count=32052 10689 21363 13296 5467 5222 5521 8067 3498 7775 2653 2569 3599 1969 1957 4102 3325 2219 696 1491 668 4468 1830 1419 1164 777 1571 4342 1525 694 739 1181 805 468 466 545 743 2028 983 288 3433 1279 780 737 1840 847 2782 691 489 561 1147 969 745 2160 340 1485 1560 128 69 388 684 394
is_linear=0
shrinkage=0.05


Tree=35
num_leaves=63
num_cat=0
split_feature=35 35 35 35 35 35 35 35 35 35 36 35 35 36 35 34 35 35 38 37 36 35 38 36 38 35 35 36 35 36 38 35 35 39 36 38 35 35 38 35 35 33 35 35 35 34 34 17 38 33 36 35 33 34 24 31 36 34 33 31 34 11
split_gain=6.29917e+07 1.09171e+07 9.54816e+06 2.25284e+06 1.41083e+06 1.30673e+06 1.16546e+06 557495 313489 286449 280040 217200 201023 167660 139678 81567.5 79779.9 69203.6 63261.1 43776.3 73187 34367.9 33499.4 29854.5 29686.4 29355.3 26381.4 25803.6 25758.7 23585.9 22709.2 22671.2 22177.7 22219.8 21506.2 21126 20478.1 19570.2 19211.5 19113.7 18842.5 20453.4 18748.6 16263.8 16201.8 15597.3 14878.4 13658.5 25328.3 16267.7 15653.8 12785.7 12247.5 11103.6 10949.3 10688.3 10608.3 10284.3 14498.2 13333.3 10275.1 10208.2
threshold=567.95000000000016 916.25000000000011 284.95000000000005 1187.8500000000001 129.45000000000002 702.05000000000007 434.4500000000001 1351.1500000000003 1044.7500000000002 800.35000000000025 406.77500000000003 364.55000000000007 213.05000000000004 26.275000000000002 489.9500000000001 393.85000000000008 639.85000000000014 873.85000000000014 1.0000000180025095e-35 4.5000000000000009 313.22500000000008 91.450000000000017 1.0000000180025095e-35 182.71250000000003 1.0000000180025095e-35 320.75000000000006 156.95000000000002 8.5500000000000025 759.00000000000011 357.02500000000003 1.0000000180025095e-35 1140.1000000000001 1313.1500000000003 1.0000000180025095e-35 467.75000000000006 1.0000000180025095e-35 548.05000000000007 389.25000000000006 1.0000000180025095e-35 466.75000000000006 987.70000000000016 2.6500000000000008 978.05000000000007 685.05000000000007 242.65000000000001 323.15000000000003 320.75000000000006 1.0000000180025095e-35 1.0000000180025095e-35 390.05000000000007 385.0750000000001 1279.4000000000003 23.150000000000002 290.2000000000001 1.0000000180025095e-35 29.050000000000004 424.12500000000006 241.35000000000005 363.85000000000008 408.75000000000006 361.05000000000007 1.0000000180025095e-35
decision_type=2 2 2 2 2 2 2 2 2 2 2 2 2 2 2 2 2 2 2 2 2 2 2 2 2 2 2 2 2 2 2 2 2 2 2 2 2 2 2 2 2 2 2 2 2 2 2 2 2 2 2 2 2 2 2 2 2 2 2 2 2 2
left_child=2 5 4 8 13 16 11 24 22 28 19 25 26 27 39 -12 30 35 31 29 45 -15 23 -3 32 -4 -6 -1 38 61 -2 60 33 57 42 56 -16 -13 -7 -8 41 -24 55 -18 -14 -21 -35 48 50 -50 -31 -48 -19 -34 -33 -25 -11 59 -59 -5 -10 -9
right_child=1 3 6 7 12 9 14 10 18 17 15 37 44 21 36 -17 43 52 -20 20 -22 -23 40 34 -26 -27 -28 -29 -30 47 -32 54 53 46 -36 -37 -38 -39 -40 -41 -42 -43 -44 -45 -46 -47 51 -49 49 -51 -52 -53 -54 -55 -56 -57 -58 58 -60 -61 -62 -63
leaf_value=-4.0594115658225869 0.75570161848336159 5.4257737954457603 -1.5423056390288963 7.3128714799880985 -2.7674922509626914 1.7488230799812279 -0.41050171629549359 7.1046468197671988 4.5599497829521054 2.465272732862986 9.3375344848632817 -0.96391083153691648 -2.0844232391169113 -3.3802019493424575 0.16671022686114476 13.518292863028391 1.2445625737472579 3.5649921614316202 5.3885214290087795 8.9002345293760303 10.793497650711625 -3.0046023766338932 5.448901386260987 2.4901530504226685 6.378005131445696 -1.2379153059494641 -2.4386949508670788 -3.6761579596070302 2.2073263097214655 6.9021889848368509 1.2169033960484696 5.194101737743587 5.849706238508225 5.6228660954050271 4.9422067980612479 2.9719014861205091 0.53649699078953794 -0.69474251027788014 2.2131438171246955 -0.13971134575035027 4.5783819917730382 3.782726638255713 3.823580227497672 1.6312686873332378 -1.8271511355024845 7.6335011628594733 4.5675593617521688 6.5864612579345705 9.4941378116607673 7.8870223137640183 8.4069198226928705 5.9268025571649723 3.0955356948620527 7.1063826194176301 4.3672690534591672 3.4597307339999244 3.0937412749975923 6.4285407129923504 4.8153952745290907 5.7885008885310256 4.0158198664773188 6.0029046977007834
leaf_weight=773 1433 24 1417 32 902 961 1497 95 478 996 20 1007 1023 1305 1665 28 982 186 413 32 27 1142 20 30 287 1796 1885 1017 899 56 328 201 32 166 31 318 483 2050 290 1154 185 233 521 376 1523 101 81 21 32 31 25 22 549 39 50 541 72 30 26 26 106 27
leaf_count=773 1433 24 1417 32 902 961 1497 95 478 996 20 1007 1023 1305 1665 28 982 186 413 32 27 1142 20 30 287 1796 1885 1017 899 56 328 201 32 166 31 318 483 2050 290 1154 185 233 521 376 1523 101 81 21 32 31 25 22 549 39 50 541 72 30 26 26 106 27
internal_value=0.0142249 2.98687 -1.63622 5.06671 -2.79282 1.8417 -0.636252 6.84788 4.28961 2.40988 8.14711 -1.08511 -2.2517 -3.47392 -0.0498119 11.7763 1.06367 2.82214 4.88235 7.7574 8.4201 -3.20491 3.82289 3.68085 5.97997 -1.37216 -2.54511 -3.84166 2.00317 7.38795 0.841604 4.63199 5.72834 5.57788 3.64356 2.61416 0.249861 -0.783409 1.85646 -0.292625 4.19487 3.91444 3.60669 1.35163 -1.93052 7.93828 5.32995 7.77771 7.95143 8.70333 7.36661 4.85788 3.21434 6.53999 5.02939 3.40879 2.50764 6.16289 5.67958 6.62953 4.46119 6.86082
internal_weight=32098 11459 20639 4069 9570 7390 11069 1236 2833 4271 495 6270 5333 4237 4799 48 3119 2121 1248 447 160 2447 1585 1147 741 3213 2787 1790 2150 287 1761 835 454 383 1123 1386 2148 3057 1251 2651 438 253 1092 1358 2546 133 269 165 144 63 81 103 735 71 251 571 1068 114 56 58 584 122
internal_count=32098 11459 20639 4069 9570 7390 11069 1236 2833 4271 495 6270 5333 4237 4799 48 3119 2121 1248 447 160 2447 1585 1147 741 3213 2787 1790 2150 287 1761 835 454 383 1123 1386 2148 3057 1251 2651 438 253 1092 1358 2546 133 269 165 144 63 81 103 735 71 251 571 1068 114 56 58 584 122
is_linear=0
shrinkage=0.05


Tree=36
num_leaves=63
num_cat=0
split_feature=35 35 35 35 35 35 35 40 40 40 40 40 40 40 35 40 40 40 40 40 40 35 35 40 35 40 40 35 40 40 40 40 40 40 40 35 40 40 40 40 40 40 35 40 40 40 40 35 35 40 40 35 40 40 40 35 40 40 40 40 35 40
split_gain=5.685e+07 9.85604e+06 8.61793e+06 2.28128e+06 1.23232e+06 1.08741e+06 990820 836573 587496 577562 486930 340600 336878 319145 316469 290160 236868 213677 196789 186663 179126 178293 169846 168380 151327 148112 135917 125743 123634 199152 108582 102799 102121 100008 107283 93665.9 91175.7 86061.2 83259 73167.5 72760.4 145050 69394.4 62816.5 61075.6 154291 60406.3 60252.3 58653.2 57231 127468 57193.2 55176.1 53481.5 65362.9 52132.3 47120.5 99919.8 46042.6 123743 44631.3 44045.1
threshold=567.95000000000016 894.95000000000016 281.55000000000007 1187.8500000000001 129.45000000000002 434.4500000000001 690.95000000000016 1.5000000000000002 1.0000000180025095e-35 1.0000000180025095e-35 4.5000000000000009 1.0000000180025095e-35 1.5000000000000002 1.5000000000000002 1351.1500000000003 4.5000000000000009 4.5000000000000009 4.5000000000000009 4.5000000000000009 3.5000000000000004 1.5000000000000002 1032.6500000000003 1351.1500000000003 4.5000000000000009 54.550000000000004 5.5000000000000009 4.5000000000000009 1020.4500000000002 3.5000000000000004 2.5000000000000004 5.5000000000000009 3.5000000000000004 5.5000000000000009 4.5000000000000009 3.5000000000000004 206.35000000000005 5.5000000000000009 5.5000000000000009 5.5000000000000009 3.5000000000000004 3.5000000000000004 2.5000000000000004 358.15000000000003 5.5000000000000009 1.5000000000000002 2.5000000000000004 1.0000000180025095e-35 789.1500000000002 794.6500000000002 3.5000000000000004 2.5000000000000004 358.15000000000003 5.5000000000000009 3.5000000000000004 2.5000000000000004 777.00000000000011 1.5000000000000002 2.5000000000000004 1.5000000000000002 2.5000000000000004 1531.0000000000002 5.5000000000000009
decision_type=2 2 2 2 2 2 2 2 2 2 2 2 2 2 2 2 2 2 2 2 2 2 2 2 2 2 2 2 2 2 2 2 2 2 2 2 2 2 2 2 2 2 2 2 2 2 2 2 2 2 2 2 2 2 2 2 2 2 2 2 2 2
left_child=2 6 4 7 24 12 13 27 47 22 28 -7 51 -2 26 19 40 49 31 44 -6 38 -5 53 -1 55 39 -3 29 -9 -18 58 -20 34 56 -25 60 -19 -12 -11 41 -14 -32 -23 -10 -46 -26 -8 -27 50 -15 -4 -28 54 -22 -17 -16 -58 -13 -60 -35 -37
right_child=1 3 5 9 20 11 8 10 15 14 21 18 16 17 33 25 30 37 32 -21 23 43 -24 35 46 48 52 -29 -30 -31 42 -33 -34 36 -36 61 -38 -39 -40 -41 -42 -43 -44 -45 45 -47 -48 -49 -50 -51 -52 -53 -54 -55 -56 -57 57 -59 59 -61 -62 -63
leaf_value=-3.605668412580453 1.8652218391835422 4.7216231529846855 -0.69318220231286964 7.4264484428224113 -1.5981360954662671 0.83002175354938523 2.891021294772905 1.2953802194802657 2.5347778759710491 4.9379624478671023 4.0631670160391904 0.2040495291270577 -2.3484082867499114 -0.94742218778666221 9.0350091843377989 2.2449583227645622 -0.6500126280006413 1.4518169807605132 0.39568094259240316 0.30295150615525651 -3.1766331963619945 5.1066555042722532 9.877552942369805 -2.3848624955906588 -2.4345713019056499 1.5257884054930724 6.4099011904076697 5.9184850736097863 1.6395944576491328 3.8382545037330988 -1.5324463463919775 -1.3091261356495894 -0.25100976874418585 8.047565328598024 3.9776758674694146 -1.4328425757105805 6.6121523699553126 0.67329694496256054 3.1136230382584689 2.9000707266479733 -2.1542050644442123 -0.96955587806053201 -0.96138163651706798 4.1450456623983856 0.034342030270232096 1.9820303427733785 -3.1295632234212398 3.7215770692697596 2.2038574223588374 -0.62114753778765186 0.9705779886383209 -0.068757761453810004 5.2036402086668376 -3.1447042090491912 -2.1613885891363487 2.9916472918278463 3.3858725261688236 7.679772640409924 -1.5692307358223738 -0.11733405699763642 10.275413828882678 -2.0131479452360046
leaf_weight=2072 723 462 726 168 1141 899 426 115 160 98 388 228 294 132 21 426 1294 595 1028 390 236 293 122 1360 379 710 158 418 323 233 1006 494 1503 100 46 511 115 880 570 80 666 543 1129 404 144 346 1786 448 579 288 252 741 237 565 483 518 20 42 225 422 29 908
leaf_count=2072 723 462 726 168 1141 899 426 115 160 98 388 228 294 132 21 426 1294 595 1028 390 236 293 122 1360 379 710 158 418 323 233 1006 494 1503 100 46 511 115 880 570 80 666 543 1129 404 144 346 1786 448 579 288 252 741 237 565 483 518 20 42 225 422 29 908
internal_value=0.0135136 2.83753 -1.55441 4.68057 -2.66714 -0.616276 1.67082 3.97702 2.1651 6.50548 3.48022 -0.0473213 -1.04297 0.956628 5.90705 1.85757 -1.24083 0.65066 -0.24956 1.16773 -2.15169 3.94086 8.4576 -2.30714 -3.30022 2.17885 5.1692 5.29013 2.34407 2.99794 -1.01142 -0.732489 0.0116524 7.04053 5.91454 -2.08835 7.63582 0.987344 3.4982 4.02206 -1.76421 -1.45388 -1.23046 4.54928 1.6866 1.40965 -3.0079 3.31675 1.83037 -0.0883401 0.311265 -0.377778 5.68614 -2.78068 -2.49463 2.65469 6.98799 6.29464 -0.406936 -0.622244 8.5484 -1.80417
internal_weight=32098 11459 20639 4442 9441 11198 7017 3206 4147 1236 2326 4799 6399 2870 946 3273 4932 2147 3900 1040 5204 1655 290 4063 4237 2233 573 880 671 348 3429 1369 2531 373 129 2779 244 1475 958 178 1503 837 2135 697 650 490 2165 874 1289 672 384 1467 395 1284 719 944 83 62 875 647 129 1419
internal_count=32098 11459 20639 4442 9441 11198 7017 3206 4147 1236 2326 4799 6399 2870 946 3273 4932 2147 3900 1040 5204 1655 290 4063 4237 2233 573 880 671 348 3429 1369 2531 373 129 2779 244 1475 958 178 1503 837 2135 697 650 490 2165 874 1289 672 384 1467 395 1284 719 944 83 62 875 647 129 1419
is_linear=0
shrinkage=0.05


Tree=37
num_leaves=63
num_cat=0
split_feature=33 36 36 32 37 36 36 37 36 36 36 37 37 40 36 36 37 36 37 37 36 40 40 37 40 37 37 40 36 40 40 36 36 40 40 36 37 36 37 40 40 36 37 36 36 40 37 40 40 40 40 40 37 37 36 37 36 36 40 40 36 37
split_gain=3.46666e+07 9.3621e+06 8.37233e+06 4.81544e+06 2.09517e+06 1.75879e+06 1.4918e+06 1.05523e+06 997831 958850 896939 888075 721441 513835 410298 407357 406273 405115 334502 317099 249641 247679 244970 221667 220124 219400 209350 200432 193686 191221 187286 180028 174143 166519 161819 159388 153932 151855 185411 150965 134925 131350 124246 117956 109457 106603 105941 104781 103247 96270.2 95588.7 94019.4 92942.6 89036.6 88318.6 87111.5 84454.6 80592.7 77614.5 138982 76946.3 73111.8
threshold=13.65 150.51250000000002 223.16250000000005 21.150000000000002 3.5000000000000004 157.21000000000004 265.25500000000005 1.5000000000000002 275.04166666666669 325.31250000000006 347.52916666666675 3.5000000000000004 2.5000000000000004 1.5000000000000002 111.35833333333335 349.91250000000008 2.5000000000000004 114.72500000000001 5.5000000000000009 1.5000000000000002 390.78333333333336 1.5000000000000002 4.5000000000000009 4.5000000000000009 1.5000000000000002 3.5000000000000004 2.5000000000000004 1.0000000180025095e-35 211.48750000000004 4.5000000000000009 1.5000000000000002 210.21250000000001 51.625000000000007 4.5000000000000009 1.5000000000000002 424.12500000000006 3.5000000000000004 340.75000000000006 4.5000000000000009 4.5000000000000009 4.5000000000000009 47.025000000000006 3.5000000000000004 193.32500000000002 462.72500000000008 1.5000000000000002 2.5000000000000004 1.0000000180025095e-35 1.0000000180025095e-35 1.5000000000000002 4.5000000000000009 1.5000000000000002 4.5000000000000009 5.5000000000000009 278.07083333333338 4.5000000000000009 188.61250000000004 325.31250000000006 3.5000000000000004 2.5000000000000004 227.72500000000002 3.5000000000000004
decision_type=2 2 2 2 2 2 2 2 2 2 2 2 2 2 2 2 2 2 2 2 2 2 2 2 2 2 2 2 2 2 2 2 2 2 2 2 2 2 2 2 2 2 2 2 2 2 2 2 2 2 2 2 2 2 2 2 2 2 2 2 2 2
left_child=1 7 5 10 9 17 12 32 21 30 19 48 31 20 41 16 51 42 24 28 52 -6 58 39 56 -19 -16 -14 -3 -26 -4 -5 -1 -32 -11 -17 60 38 -24 -23 -36 -9 -2 -31 -12 -27 -43 -18 -7 -30 -51 -8 57 -47 -35 -45 -13 -10 59 -15 -29 -28
right_child=2 3 4 6 8 11 15 14 13 34 44 18 27 22 26 35 47 25 -20 -21 -22 23 37 -25 29 45 61 36 49 43 33 -33 -34 54 40 -37 -38 -39 -40 -41 -42 46 -44 55 -46 53 -48 -49 -50 50 -52 -53 -54 -55 -56 -57 -58 -59 -60 -61 -62 -63
leaf_value=-3.4424000845786957 -2.1013827428666514 -2.2569059201020463 3.0930514090516597 -1.0017081826793226 5.0254546934715059 1.4973000788698336 1.4633877719811936 -3.0898881003461081 6.2884715711436989 5.5656981582641603 -0.67517762859909292 2.48386426801923 2.4345325248076186 2.5703151127125357 -1.6663059735766881 1.9069670017072384 5.4647944211959842 -0.67175672658429431 6.3491295384425745 -0.67689449411536595 12.410127687454224 1.9712706159772766 4.933864299375184 4.9015467494854086 1.0073551374598233 1.8153787692146084 -0.719056138668145 0.10860768211828867 -1.0128932029948148 1.7462656044602178 1.0088566005009045 -0.13137582827281538 -2.7821247178131148 1.8612433156868704 2.638014530863515 3.2956305524968843 2.0329365476076915 7.2086914702728926 7.8364628553390503 3.555178796280682 4.3948005899365583 -2.3810389359509001 -0.69322136301814086 2.4409962311512281 0.00034826988214686078 0.29781162376501458 -1.4822161326140617 2.5963520986529498 0.30491972250802407 -2.179403971394958 -1.4668430662701237 0.56053451174958979 9.5013350100130651 3.1911260059901649 2.8469902489129013 3.9401492118835453 3.8025031350223895 8.0289537760676168 2.9834277158109552 5.9585867085176361 1.2726037521866409 0.70828966893070988
leaf_weight=1858 268 1300 445 1072 393 231 376 446 207 200 2519 237 202 47 852 850 40 389 51 824 24 203 392 233 404 190 347 580 702 482 371 1333 2159 563 152 273 176 143 64 581 389 1123 377 357 787 528 463 156 848 678 1539 1237 37 28 381 133 249 98 117 85 188 121
leaf_count=1858 268 1300 445 1072 393 231 376 446 207 200 2519 237 202 47 852 850 40 389 51 824 24 203 392 233 404 190 347 580 702 482 371 1333 2159 563 152 273 176 143 64 581 389 1123 377 357 787 528 463 156 848 678 1539 1237 37 28 381 133 249 98 117 85 188 121
internal_value=0.0128379 -1.08428 2.47389 -0.360549 3.87717 0.966804 0.661843 -2.54096 4.86415 2.84165 -1.15444 1.70719 -0.0273559 5.91494 -1.88597 1.49654 1.03219 -0.277702 2.35413 -1.57404 7.48072 3.95943 5.23915 3.54748 2.24471 0.290929 -1.19962 1.00507 -1.74926 1.92162 2.20641 -0.519316 -3.08752 1.90636 4.35047 2.24455 0.699194 5.78706 5.34125 3.14506 3.90121 -2.33182 -1.27832 2.30162 -0.514367 0.79292 -2.11865 3.18175 0.560193 -1.52318 -1.68476 0.770995 7.1348 0.443518 2.25909 2.84791 3.15946 6.84771 3.92107 4.75216 0.393544 -0.35002
internal_weight=32098 22201 9897 14832 5125 4772 6483 7369 2624 2501 8349 2992 3551 1214 3352 2932 1809 1780 1913 5043 366 1410 848 1017 1862 1135 1320 1146 4219 1376 1760 2405 4017 1315 741 1123 944 599 456 784 541 2032 645 972 3306 746 1586 196 1079 2919 2217 1613 342 556 944 490 486 305 249 132 768 468
internal_count=32098 22201 9897 14832 5125 4772 6483 7369 2624 2501 8349 2992 3551 1214 3352 2932 1809 1780 1913 5043 366 1410 848 1017 1862 1135 1320 1146 4219 1376 1760 2405 4017 1315 741 1123 944 599 456 784 541 2032 645 972 3306 746 1586 196 1079 2919 2217 1613 342 556 944 490 486 305 249 132 768 468
is_linear=0
shrinkage=0.05


Tree=38
num_leaves=63
num_cat=0
split_feature=33 36 36 32 34 36 36 31 36 36 36 34 32 36 21 36 36 40 40 21 40 31 40 40 40 21 40 40 21 40 40 36 21 34 36 34 36 40 40 21 40 40 40 31 40 40 40 40 40 40 21 40 36 40 40 40 40 40 21 21 36 36
split_gain=3.12866e+07 8.45639e+06 7.56332e+06 4.34023e+06 1.84731e+06 1.47918e+06 1.27859e+06 1.10404e+06 968212 771001 702660 535726 486440 418605 400351 365616 359338 314369 294396 267778 218960 185219 180361 180278 175204 173069 154681 154529 153260 150812 144774 143848 129988 129026 127602 123685 119103 118847 116983 112803 109095 101685 103219 99854.5 99298.7 99276.7 96666.1 96080.2 93690.8 88139.5 85823.7 85631.8 78626.2 84842.9 78079.6 77396.8 106256 77196.6 75558.7 72975.8 72530.2 72274
threshold=13.65 154.65833333333336 219.77083333333334 21.150000000000002 4.6500000000000012 157.21000000000004 266.78333333333336 314.25000000000006 76.050000000000026 282.51250000000005 325.31250000000006 9.2000000000000011 7.3500000000000005 409.72500000000008 1.0000000180025095e-35 114.72500000000001 349.91250000000008 1.5000000000000002 1.5000000000000002 1.0000000180025095e-35 4.5000000000000009 390.65000000000003 4.5000000000000009 1.0000000180025095e-35 1.0000000180025095e-35 1.0000000180025095e-35 1.5000000000000002 1.0000000180025095e-35 1.0000000180025095e-35 1.5000000000000002 1.0000000180025095e-35 424.12500000000006 1.0000000180025095e-35 7.6500000000000012 40.158333333333339 110.2 220.91250000000005 1.5000000000000002 4.5000000000000009 1.0000000180025095e-35 5.5000000000000009 1.5000000000000002 4.5000000000000009 175.35000000000005 4.5000000000000009 4.5000000000000009 4.5000000000000009 1.0000000180025095e-35 3.5000000000000004 1.0000000180025095e-35 1.0000000180025095e-35 5.5000000000000009 60.125000000000007 1.0000000180025095e-35 1.5000000000000002 3.5000000000000004 2.5000000000000004 2.5000000000000004 1.0000000180025095e-35 1.0000000180025095e-35 258.24166666666673 185.05833333333337
decision_type=2 2 2 2 2 2 2 2 2 2 2 2 2 2 2 2 2 2 2 2 2 2 2 2 2 2 2 2 2 2 2 2 2 2 2 2 2 2 2 2 2 2 2 2 2 2 2 2 2 2 2 2 2 2 2 2 2 2 2 2 2 2
left_child=1 8 5 7 10 15 14 37 34 24 17 26 43 18 29 52 19 25 -11 49 48 -9 55 -16 -6 60 -7 50 -14 -5 -12 -18 -26 -17 -1 61 -31 -3 -28 51 59 -23 -43 -10 -39 -32 -29 -21 57 -8 -13 -22 -2 -54 -30 56 -20 -19 -40 -24 -4 -25
right_child=2 3 4 6 9 11 16 21 12 13 30 27 28 -15 23 33 31 20 22 47 39 41 40 35 32 -27 38 46 54 36 45 -33 -34 -35 -36 -37 -38 44 58 -41 -42 42 -44 -45 -46 -47 -48 -49 -50 -51 -52 -53 53 -55 -56 -57 -58 -59 -60 -61 -62 -63
leaf_value=-3.2406888843136139 -2.6410459087008524 -1.2320559145840817 2.0951393646001817 0.37346636679620104 4.9425849968194964 1.832003151767311 1.5470107015496055 -0.96777087006975104 -2.5266461634845068 7.0132157975656018 5.4211900355452203 2.6300664960184408 -1.6763174917671866 11.628056437174479 2.1921841680372833 -0.11993489954053654 1.811618654651677 0.43297709964747944 2.4610964352593703 5.3939513623714452 2.6997175553531356 0.2253064900940237 6.0426686635093088 -0.30257555625565424 3.1415888906023577 4.9794418609925435 -0.018596230492235508 1.3071930787475821 0.08361212971518045 -0.96579528118976787 2.8162850454696637 3.1308490282559136 4.3548148009606775 0.99348228100853242 -2.6054663213803542 2.343027083701398 -0.1537594316470734 -2.372372404024548 0.61032407629427021 3.2068264751610429 4.8480586530807175 -1.0168522935642463 -0.2698162056940176 -1.748120077824066 -1.7165615238008425 4.2281137699471385 2.437771913040486 2.3283996236136582 0.45788927570049343 0.61184317757881568 4.3794946646550672 1.7282404288607467 0.19704248694002502 -1.3164310669286809 -1.0411138217364893 2.7441414094985799 5.8929573770779289 2.3838451447370264 1.5481064820920192 8.7364224269472324 3.4279122985001154 0.65902328959915335
leaf_weight=2154 84 800 160 537 320 420 313 1941 1824 270 177 155 1030 30 189 731 850 70 34 32 396 632 189 301 598 137 373 278 205 952 181 273 350 404 1249 83 859 851 468 341 235 661 1539 532 1794 399 591 127 233 1292 128 531 117 444 624 94 67 184 397 29 282 557
leaf_count=2154 84 800 160 537 320 420 313 1941 1824 270 177 155 1030 30 189 731 850 70 34 32 396 632 189 301 598 137 373 278 205 952 181 273 350 404 1249 83 859 851 468 341 235 661 1539 532 1794 399 591 127 233 1292 128 531 117 444 624 94 67 184 397 29 282 557
internal_value=0.012196 -1.03006 2.3502 -0.324763 3.63565 0.863943 0.655374 -1.0839 -2.3802 4.73739 2.84579 1.57833 -1.87372 5.81601 0.00972679 -0.263817 1.43319 2.41646 5.62608 0.988112 2.08315 -0.591543 5.0481 0.783004 3.93098 3.42673 1.00286 2.40656 -1.26903 -0.362421 4.16951 2.13232 3.58951 0.276383 -3.00754 0.49997 -0.580628 -1.76605 0.721562 2.42927 5.5954 -0.333684 -0.494267 -2.35085 -1.92756 3.78753 2.07609 2.94537 1.18198 0.794215 3.42133 2.14324 -1.2144 -1.00079 -0.762985 3.77669 4.73768 1.8462 1.04073 6.40101 2.94546 0.321679
internal_weight=32098 22201 9897 14583 5307 4590 6365 8218 7618 2216 3091 2810 4215 948 3478 1780 2887 2334 918 1764 1755 4773 648 1130 1268 579 1658 1152 1859 2348 757 1123 948 1135 3403 941 1811 3445 1238 1268 453 2832 2200 2356 2645 580 869 159 487 1605 283 927 645 561 829 195 101 254 865 218 442 858
internal_count=32098 22201 9897 14583 5307 4590 6365 8218 7618 2216 3091 2810 4215 948 3478 1780 2887 2334 918 1764 1755 4773 648 1130 1268 579 1658 1152 1859 2348 757 1123 948 1135 3403 941 1811 3445 1238 1268 453 2832 2200 2356 2645 580 869 159 487 1605 283 927 645 561 829 195 101 254 865 218 442 858
is_linear=0
shrinkage=0.05


Tree=39
num_leaves=63
num_cat=0
split_feature=35 35 35 35 35 35 35 40 40 40 40 40 40 40 40 40 40 35 40 40 40 40 40 40 40 40 40 40 40 35 35 40 40 40 40 40 35 40 40 40 35 40 40 35 35 35 35 35 40 35 40 35 40 40 40 40 40 40 40 35 35 35
split_gain=4.21094e+07 7.2249e+06 6.48317e+06 1.16453e+06 1.10494e+06 1.03098e+06 980173 532671 523017 344557 320937 320887 296830 289033 244171 227845 215805 198479 177602 166811 144561 124236 119693 119374 111243 101174 99808.8 97612.2 96172.1 86159.6 86020.3 79748.5 139217 76894 82149.3 76696.8 63920.7 60582 59918.1 70759 59827.4 58108.2 124988 57654.8 54933.9 52935.1 51911 51243 50575.2 50275.9 45614.7 44086.2 43465.6 42852.3 142422 42223.7 156973 42181.6 137842 38383.8 35759.6 34820.5
threshold=602.95000000000016 294.95000000000005 998.25000000000011 777.00000000000011 1313.1500000000003 116.65000000000002 447.85000000000008 1.5000000000000002 1.0000000180025095e-35 4.5000000000000009 1.0000000180025095e-35 1.5000000000000002 1.0000000180025095e-35 1.5000000000000002 4.5000000000000009 4.5000000000000009 4.5000000000000009 213.05000000000004 3.5000000000000004 4.5000000000000009 4.5000000000000009 5.5000000000000009 3.5000000000000004 5.5000000000000009 3.5000000000000004 5.5000000000000009 5.5000000000000009 5.5000000000000009 1.0000000180025095e-35 16.250000000000004 909.35000000000014 3.5000000000000004 2.5000000000000004 1.5000000000000002 4.5000000000000009 5.5000000000000009 894.95000000000016 4.5000000000000009 3.5000000000000004 2.5000000000000004 1531.0000000000002 3.5000000000000004 2.5000000000000004 522.6500000000002 1187.8500000000001 1170.4500000000003 1187.8500000000001 894.95000000000016 3.5000000000000004 377.55000000000007 1.5000000000000002 1455.95 5.5000000000000009 2.5000000000000004 1.5000000000000002 1.5000000000000002 2.5000000000000004 1.5000000000000002 2.5000000000000004 685.05000000000007 364.55000000000007 511.05000000000007
decision_type=2 2 2 2 2 2 2 2 2 2 2 2 2 2 2 2 2 2 2 2 2 2 2 2 2 2 2 2 2 2 2 2 2 2 2 2 2 2 2 2 2 2 2 2 2 2 2 2 2 2 2 2 2 2 2 2 2 2 2 2 2 2
left_child=1 5 3 10 8 29 12 30 44 31 59 43 60 40 18 41 22 33 57 38 24 47 55 46 53 61 -22 -18 -19 -1 -5 32 -9 -7 -35 51 -23 48 39 -15 -6 42 -13 -8 -4 -25 -16 -11 -30 -28 -31 -21 -39 54 -14 -12 -57 -10 -59 -2 -3 -17
right_child=2 6 4 7 13 17 11 9 14 21 16 15 20 19 23 25 27 28 -20 35 26 36 -24 45 -26 -27 49 -29 37 50 -32 -33 -34 34 -36 -37 -38 52 -40 -41 -42 -43 -44 -45 -46 -47 -48 -49 -50 -51 -52 -53 -54 -55 -56 56 -58 58 -60 -61 -62 -63
leaf_value=-3.2468502617708022 1.7565203656968862 -0.4060577760429851 5.1316238731145862 3.1278667686205588 7.6596753814003691 -1.641242692870867 0.54016378888634253 0.2873258392806306 4.4546329513349034 2.606969681405193 1.5014062328877564 -1.3370636541773833 -0.59010471053280389 2.9270541863007979 4.3525639082795831 0.26590403238880977 1.6914397529397622 -0.95019571727371199 1.7869343431481768 6.4916309056657084 -0.43528249568233179 1.8058761360859152 -0.28492169262687289 3.3564828243982698 -1.8396365465679225 -0.10602168092580772 -1.2215227502105492 0.98929736025961335 -1.7248315526130504 -2.33706933668328 4.1308035406885271 0.62142599432975143 2.2300256707504684 -2.6669256532268162 -2.0490880624453225 5.6206682127875256 2.5735787736297997 -1.140806155987286 3.2148763801902533 6.3097569832435028 9.8262964702787858 -1.088815905247988 0.10199523763565554 1.2473172661708858 6.2766535622732986 4.2581463231415047 5.50349197100876 3.4205414057549532 -2.5242411513555618 -0.73993409431477397 -2.8380786748410847 8.2045226522592412 -1.6948190953188798 -0.71203442193703226 -2.0813521541583193 -0.70512394841362092 1.2189845499934033 1.6030414369217185 4.0934194810830862 2.4527393632398877 0.15077259389683606 0.83327131441781011
leaf_weight=1155 391 512 416 661 132 673 692 132 95 518 167 227 330 22 372 605 844 552 242 89 1306 694 399 489 674 1580 1120 1197 532 578 316 337 306 785 1710 148 445 553 64 52 42 506 450 494 140 244 133 309 315 1050 2123 65 984 550 311 159 318 86 157 401 660 489
leaf_count=1155 391 512 416 661 132 673 692 132 95 518 167 227 330 22 372 605 844 552 242 89 1306 694 399 489 674 1580 1120 1197 532 578 316 337 306 785 1710 148 445 553 64 52 42 506 450 494 140 244 133 309 315 1050 2123 65 984 550 311 159 318 86 157 401 660 489
internal_value=0.0115862 -1.25847 2.59395 1.81764 4.56694 -2.24539 -0.407861 2.44983 4.07796 2.09253 1.21122 0.115455 -0.813062 6.45756 3.66754 -0.105711 0.980654 -1.84106 2.82096 5.77537 -0.971182 2.4445 0.395564 4.06416 -1.32631 0.149898 -0.780643 1.27965 -1.5449 -2.88542 3.45226 1.19966 1.64455 -2.11554 -2.24348 6.43347 2.10581 -1.6826 4.33518 5.30409 8.18265 -0.68348 -0.380525 0.834712 5.41994 3.65663 4.65568 2.91095 -2.02213 -0.988496 -2.73087 7.2146 -1.49549 -1.03581 -1.31363 0.81717 0.577615 3.5613 3.21205 2.10903 -0.0924844 0.519508
internal_weight=32098 21516 10582 7594 2988 9960 11556 3718 2374 2741 3876 5043 6513 614 1818 3857 3084 6104 580 440 5341 1966 1043 1238 1865 2674 3476 2041 2936 3856 977 775 438 3168 2495 302 1139 2384 138 74 174 1183 677 1186 556 733 505 827 847 2170 2701 154 1537 1191 641 644 477 338 243 792 1172 1094
internal_count=32098 21516 10582 7594 2988 9960 11556 3718 2374 2741 3876 5043 6513 614 1818 3857 3084 6104 580 440 5341 1966 1043 1238 1865 2674 3476 2041 2936 3856 977 775 438 3168 2495 302 1139 2384 138 74 174 1183 677 1186 556 733 505 827 847 2170 2701 154 1537 1191 641 644 477 338 243 792 1172 1094
is_linear=0
shrinkage=0.05


Tree=40
num_leaves=63
num_cat=0
split_feature=33 36 36 32 37 36 37 36 37 31 36 36 36 37 37 36 36 37 37 37 36 36 37 36 36 31 36 36 37 36 37 36 36 37 36 36 36 36 37 37 31 31 36 36 37 36 36 37 37 31 36 36 36 36 36 36 36 36 32 39 31 36
split_gain=2.50271e+07 6.81789e+06 6.66674e+06 3.26426e+06 1.51514e+06 1.47388e+06 1.11382e+06 900760 755980 705673 689280 682967 468407 441668 379611 369499 279447 274111 253964 205574 198981 197098 192868 190972 146388 134862 132491 128878 128440 123549 111488 106315 100235 98532.8 97478.2 68782.9 67285.5 65237 57186 55499.1 52203.7 50270.1 49945.9 49746.9 46961.1 45875.8 44216.7 43417.6 40587.8 36949.8 36465.4 35791.6 34619.9 32236.9 28460.6 22773.8 21529.1 21407 21261.1 20881.1 19282.1 17852.8
threshold=4.8500000000000005 176.81250000000003 227.72500000000002 16.550000000000004 3.5000000000000004 160.0291666666667 1.5000000000000002 338.42000000000002 3.5000000000000004 318.15000000000003 286.95833333333343 342.98333333333341 116.48333333333333 2.5000000000000004 3.5000000000000004 406.77500000000003 252.83333333333337 4.5000000000000009 4.5000000000000009 2.5000000000000004 122.24166666666669 106.21250000000002 4.5000000000000009 281.01000000000005 225.27083333333334 446.65000000000003 436.42500000000001 424.12500000000006 5.5000000000000009 109.81250000000001 2.5000000000000004 262.54166666666674 352.12500000000006 4.5000000000000009 196.81666666666669 313.22500000000008 190.97750000000005 186.27500000000003 3.5000000000000004 4.5000000000000009 11.550000000000002 248.95000000000002 266.78333333333336 40.158333333333339 3.5000000000000004 379.48750000000007 285.45833333333337 5.5000000000000009 3.5000000000000004 390.65000000000003 200.11000000000004 462.72500000000008 60.125000000000007 303.91666666666674 54.51250000000001 254.11000000000004 323.02500000000003 65.52500000000002 290.45000000000005 1.0000000180025095e-35 488.35000000000008 78.441666666666677
decision_type=2 2 2 2 2 2 2 2 2 2 2 2 2 2 2 2 2 2 2 2 2 2 2 2 2 2 2 2 2 2 2 2 2 2 2 2 2 2 2 2 2 2 2 2 2 2 2 2 2 2 2 2 2 2 2 2 2 2 2 2 2 2
left_child=1 6 5 9 11 14 21 13 37 41 18 23 30 16 29 22 50 34 31 -14 39 40 32 55 44 49 45 -9 36 54 43 -6 56 -22 -10 -24 -19 -7 46 57 -1 -3 -20 -8 -15 -13 -26 -35 -21 -11 -5 -29 -32 -18 -2 -4 59 -16 -34 -12 -27 -45
right_child=2 3 4 7 10 8 12 27 17 25 15 26 19 24 20 -17 53 28 42 48 33 -23 35 -25 38 60 -28 51 -30 -31 52 -33 58 47 -36 -37 -38 -39 -40 -41 -42 -43 -44 61 -46 -47 -48 -49 -50 -51 -52 -53 -54 -55 -56 -57 -58 -59 -60 -61 -62 -63
leaf_value=-3.1366987444319818 -3.1349527955055239 -1.7027371334205363 1.362354594552132 -0.76529325402437154 2.8848302391642426 -0.017672646347927409 -2.8159286168905404 1.5999731064011771 1.2787356639807883 -0.85217369149607625 4.8308084544612147 3.4415916795384369 -1.2350880464772591 0.53299525292078254 -1.7759496612548831 10.477903019298207 0.36762824605623778 2.1408846960617947 4.4801253503794047 -0.30701010730877087 0.37663763354974844 -2.123851930548009 6.3936836250897109 2.5872601200390575 1.5295321285286372 -0.18308696233885136 7.2590864276885982 2.5552767864316706 5.4492910166581474 -0.67882490197416423 -2.0615110881993028 3.8673184843263897 4.8162434697151184 1.332688328380818 2.1127134672387742 9.4487730379457826 3.2560594103408103 0.75400278285398326 3.5172844752669334 0.35315708541444368 -2.6823109606507818 -1.2962869523805256 5.9637715687622901 -2.2757121164720138 1.9864822984091006 4.384058952331543 3.0037802883836093 3.385693014079127 0.83314734347488573 -0.50757464840814437 -0.24241789065223493 4.0166726994064623 -1.0937353474501119 0.82588534313843209 -1.7842510429569165 1.8264279736339242 4.9907844206344256 -0.66531403068362216 6.1729017561429167 4.1217453673955831 0.29800576004431623 -1.899980810828279
leaf_weight=901 48 1562 541 459 772 426 260 1014 714 1685 164 303 1407 422 50 33 1146 247 243 515 541 1547 58 876 306 1031 30 200 48 483 122 428 36 230 688 27 299 767 54 140 2118 1483 74 546 64 225 61 29 92 1445 1219 53 381 577 208 517 215 328 146 283 261 751
leaf_count=901 48 1562 541 459 772 426 260 1014 714 1685 164 303 1407 422 50 33 1146 247 243 515 541 1547 58 876 306 1031 30 200 48 483 122 428 36 230 688 27 299 767 54 140 2118 1483 74 546 64 225 61 29 92 1445 1219 53 381 577 208 517 215 328 146 283 261 751
internal_value=0.00420372 -0.957185 2.04441 -0.23553 3.35649 0.801123 -2.04652 0.679934 1.47422 -0.919032 4.23169 2.48584 -1.44551 0.335265 -0.242386 5.27866 0.0738197 2.06938 3.56776 -0.903292 0.266226 -2.58276 5.09398 2.04123 1.31561 -0.515681 4.02686 1.85186 2.96957 -1.14949 -1.97562 3.23525 4.86535 0.76058 1.68799 7.36412 2.75158 0.478451 1.9981 -0.497256 -2.81792 -1.50478 4.82647 -2.18469 0.724401 3.84321 1.77457 1.56256 -0.134202 -0.693086 -0.385445 2.86142 -1.32846 0.52109 -2.03751 1.58913 4.57965 -0.812224 5.90455 4.38189 -0.0859003 -2.05815
internal_weight=31899 21682 10217 13042 4971 5246 8640 5575 3189 7467 2479 2492 4074 4308 2057 962 3401 1996 1517 2014 1318 4566 929 1934 907 4422 558 1267 594 739 2060 1200 844 800 1402 85 546 1193 421 518 3019 3045 317 1557 486 528 367 259 607 3130 1678 253 503 1723 256 1058 662 378 182 447 1292 1297
internal_count=31899 21682 10217 13042 4971 5246 8640 5575 3189 7467 2479 2492 4074 4308 2057 962 3401 1996 1517 2014 1318 4566 929 1934 907 4422 558 1267 594 739 2060 1200 844 800 1402 85 546 1193 421 518 3019 3045 317 1557 486 528 367 259 607 3130 1678 253 503 1723 256 1058 662 378 182 447 1292 1297
is_linear=0
shrinkage=0.05


Tree=41
num_leaves=63
num_cat=0
split_feature=33 36 36 37 37 36 37 36 37 36 36 36 37 36 40 37 37 36 36 37 36 40 40 36 37 40 40 36 40 40 37 40 40 36 37 40 36 37 31 40 40 36 40 40 40 40 40 37 40 36 37 40 36 36 37 36 40 40 40 40 40 40
split_gain=2.2587e+07 6.15448e+06 6.01673e+06 2.75835e+06 1.36742e+06 1.33017e+06 1.0384e+06 919222 682272 623584 616378 586537 486871 439422 431965 342599 247385 238667 197353 192421 184374 183425 180142 172352 171709 166024 156217 149746 149724 139031 134730 130744 121856 111503 109604 108843 107667 105317 102562 100196 99304.2 93328 92288.3 86869.7 82999 79332.4 76110.6 75733.2 75072.2 72037.1 71528.4 66353.8 64518.1 63828.1 63572.3 63452.3 59277.8 56920.3 56462.7 61073.4 55976.4 75013.5
threshold=4.8500000000000005 179.28000000000003 227.72500000000002 1.5000000000000002 3.5000000000000004 160.0291666666667 1.5000000000000002 327.63333333333338 3.5000000000000004 268.21666666666675 342.98333333333341 318.92500000000001 2.5000000000000004 118.31250000000001 1.0000000180025095e-35 3.5000000000000004 4.5000000000000009 245.81250000000003 403.42500000000001 2.5000000000000004 98.27500000000002 1.0000000180025095e-35 1.5000000000000002 281.01000000000005 4.5000000000000009 4.5000000000000009 1.5000000000000002 122.24166666666669 1.0000000180025095e-35 1.0000000180025095e-35 4.5000000000000009 1.0000000180025095e-35 1.0000000180025095e-35 109.81250000000001 4.5000000000000009 1.0000000180025095e-35 354.54166666666669 2.5000000000000004 446.65000000000003 3.5000000000000004 4.5000000000000009 318.92500000000001 4.5000000000000009 4.5000000000000009 1.5000000000000002 1.0000000180025095e-35 1.0000000180025095e-35 3.5000000000000004 4.5000000000000009 226.32916666666668 5.5000000000000009 1.0000000180025095e-35 428.28333333333336 403.42500000000001 5.5000000000000009 420.42500000000007 1.0000000180025095e-35 4.5000000000000009 1.0000000180025095e-35 4.5000000000000009 1.5000000000000002 4.5000000000000009
decision_type=2 2 2 2 2 2 2 2 2 2 2 2 2 2 2 2 2 2 2 2 2 2 2 2 2 2 2 2 2 2 2 2 2 2 2 2 2 2 2 2 2 2 2 2 2 2 2 2 2 2 2 2 2 2 2 2 2 2 2 2 2 2
left_child=1 6 5 11 10 15 20 12 45 24 23 44 17 37 34 33 31 35 25 51 -1 -17 49 46 26 39 -6 -23 52 -18 41 -10 53 -2 36 -5 -11 -8 60 -16 -28 -27 -33 -30 -3 -7 -4 -24 -46 -14 -31 -15 -9 -12 -29 -45 -25 -47 -19 -60 -13 -62
right_child=2 3 4 7 9 8 13 28 16 14 32 38 22 19 18 21 29 58 -20 -21 -22 27 47 56 -26 30 40 54 43 50 -32 42 -34 -35 -36 -37 -38 -39 -40 -41 -42 -43 -44 55 48 57 -48 -49 -50 -51 -52 -53 -54 -55 -56 -57 -58 -59 59 -61 61 -63
leaf_value=-2.6958597744605552 -1.9356322465464473 -0.93154785711036914 2.2904936647885075 0.41955974697276499 3.8646673041035933 1.2464108134150507 -2.0640309920081354 2.3901209533214569 2.4704149067491654 5.5242783096528827 4.5620289802551275 -0.226468578644621 1.6704011077976835 -0.42439278634274163 3.9107985253517441 1.4287132727621863 4.3413992482423778 0.95586351496219801 8.7054410139719653 -0.095957948192651202 -2.0449386687273323 -0.77498907442515108 0.655800603427656 3.2116307389083789 4.2955674019124777 3.8496069526247703 1.3648687463340372 0.3410920108016734 0.8359229855699305 2.2601169966399399 6.5975991884867362 0.67003085500112292 3.422385937197264 -0.64488365682146631 8.814034973947626 -0.57618304851682056 7.9879967901441793 -1.2448890801956161 -0.085004353246125042 2.0850725904107095 2.7795289382941268 5.1357776974006137 1.6590783678513326 1.5243988871725103 -1.9805603836993784 -0.27392985028816408 1.2793430525378635 2.2390463652624479 -1.3708268653074507 3.4800095947043412 4.5786329931683012 -1.3128775575905658 4.4663899866739909 7.1977981821695964 2.9137614326477053 2.69986702541933 2.2334520044989055 0.53561510724811168 -0.21113553209454294 0.48595865266567473 -1.2381738159498608 -0.58578315374305612
leaf_weight=2854 256 672 241 330 251 250 1599 222 332 248 98 597 118 256 182 265 120 356 24 615 1758 420 573 201 252 393 172 608 405 438 72 351 430 483 38 1630 54 520 1109 128 445 220 719 618 735 339 817 87 1612 103 36 1173 45 30 25 141 675 604 474 932 619 1529
leaf_count=2854 256 672 241 330 251 250 1599 222 332 248 98 597 118 256 182 265 120 356 24 615 1758 420 573 201 252 393 172 608 405 438 72 351 430 483 38 1630 54 520 1109 128 445 220 719 618 735 339 817 87 1612 103 36 1173 45 30 25 141 675 604 474 932 619 1529
internal_value=0.00399353 -0.909326 1.94219 -0.214738 3.18866 0.761067 -1.93098 0.565366 1.40051 4.02011 2.36155 -0.899614 0.221273 -1.35849 4.74002 -0.230267 1.96591 -0.0289095 4.2251 -0.835452 -2.44774 0.252915 1.27823 1.93917 3.14657 4.11703 2.81299 -0.042989 1.67219 2.82109 4.55152 1.60359 3.82552 -1.09202 6.28325 -0.408532 5.96481 -1.86301 -0.490805 3.15695 2.38517 4.3112 1.33463 1.42724 -1.42149 0.454528 1.50967 0.864501 -1.56177 2.51379 2.43621 -1.15371 2.74005 5.17979 0.442698 1.74277 2.4579 0.244591 0.393373 0.25095 -0.654752 -0.773786
internal_weight=31899 21682 10217 12907 4971 5246 8775 6034 3189 2479 2492 6873 4603 4163 1359 2057 1996 3722 1019 2044 4612 1318 881 1934 1120 995 868 1053 1431 594 685 1402 558 739 340 1960 302 2119 3854 310 617 613 1070 1164 3019 1193 1058 660 2347 221 474 1429 267 128 633 759 876 943 1762 1406 2745 2148
internal_count=31899 21682 10217 12907 4971 5246 8775 6034 3189 2479 2492 6873 4603 4163 1359 2057 1996 3722 1019 2044 4612 1318 881 1934 1120 995 868 1053 1431 594 685 1402 558 739 340 1960 302 2119 3854 310 617 613 1070 1164 3019 1193 1058 660 2347 221 474 1429 267 128 633 759 876 943 1762 1406 2745 2148
is_linear=0
shrinkage=0.05


Tree=42
num_leaves=63
num_cat=0
split_feature=35 35 35 35 35 35 35 40 40 40 40 40 40 40 35 40 40 40 40 40 40 40 40 35 40 40 40 40 40 40 40 40 40 40 35 40 40 35 35 35 40 40 40 40 40 35 35 40 40 40 35 40 40 40 40 40 35 40 35 40 40 35
split_gain=3.07063e+07 5.82773e+06 4.25522e+06 957752 773047 713093 676486 374013 349975 345994 297783 292263 272532 263936 169320 164288 159774 139864 130218 129184 123747 122239 104400 100128 97429.3 93787.2 133703 86856.3 84306.5 80777.1 80741.3 76291.1 72662.2 71871.1 69487 65704.5 63995.8 62450.1 54938.3 54480.5 52288.1 44815.5 44746.5 42360.8 42218 42034.9 41062.5 40161.4 36761.7 110873 36376.1 36322.5 33628.3 114938 33005.1 97593.1 32825 32252.5 31529.8 31451.2 78470.8 31262
threshold=634.05000000000007 284.95000000000005 1032.6500000000003 471.95000000000005 845.95000000000016 121.05000000000001 1313.1500000000003 1.5000000000000002 1.0000000180025095e-35 1.0000000180025095e-35 4.5000000000000009 1.0000000180025095e-35 1.0000000180025095e-35 1.0000000180025095e-35 377.55000000000007 4.5000000000000009 4.5000000000000009 4.5000000000000009 4.5000000000000009 1.0000000180025095e-35 3.5000000000000004 5.5000000000000009 3.5000000000000004 206.35000000000005 3.5000000000000004 3.5000000000000004 2.5000000000000004 5.5000000000000009 4.5000000000000009 5.5000000000000009 5.5000000000000009 5.5000000000000009 4.5000000000000009 3.5000000000000004 18.750000000000004 5.5000000000000009 3.5000000000000004 759.00000000000011 1531.0000000000002 1531.0000000000002 3.5000000000000004 5.5000000000000009 4.5000000000000009 4.5000000000000009 1.0000000180025095e-35 735.20000000000016 364.55000000000007 3.5000000000000004 2.5000000000000004 1.5000000000000002 1187.8500000000001 5.5000000000000009 2.5000000000000004 1.5000000000000002 1.5000000000000002 2.5000000000000004 924.45000000000016 3.5000000000000004 958.55000000000007 2.5000000000000004 1.5000000000000002 1170.4500000000003
decision_type=2 2 2 2 2 2 2 2 2 2 2 2 2 2 2 2 2 2 2 2 2 2 2 2 2 2 2 2 2 2 2 2 2 2 2 2 2 2 2 2 2 2 2 2 2 2 2 2 2 2 2 2 2 2 2 2 2 2 2 2 2 2
left_child=1 5 4 11 7 34 8 37 50 56 25 46 -5 39 32 24 20 22 36 -7 54 -12 52 43 48 26 -9 -17 33 58 -19 38 40 59 -1 -30 -15 -2 -20 -8 -13 -34 47 57 -36 -23 -3 -25 49 -10 -4 -44 53 -14 -11 -56 -6 -21 -18 60 -16 -29
right_child=2 3 6 12 9 19 13 10 15 16 21 14 17 18 28 27 29 30 31 23 -22 45 -24 42 -26 -27 -28 61 35 -31 -32 -33 41 -35 44 -37 -38 -39 -40 -41 -42 -43 51 -45 -46 -47 -48 -49 -50 -51 -52 -53 -54 -55 55 -57 -58 -59 -60 -61 -62 -63
leaf_value=-2.7685883101081559 1.8129989182685784 -0.32807896267518022 4.5717450896395908 1.0153563288983811 3.102345579268496 -1.0680930512270834 6.8910472885901193 -0.40819362305877055 3.8951422096807748 2.6996585369619552 1.7867890249670353 -1.143794199275207 0.46709044124555155 4.6150105311590082 -0.21569972465411552 4.1662622763893822 2.6011850980589695 0.63397685404252391 5.818307150327243 -1.983422875822636 0.58540509759211079 0.7784862385538267 -0.97172830224193418 -1.5123246217410422 1.6717018307857217 -0.16757154077338646 1.2927007660336431 2.9538614458625259 -0.0395359770966403 2.0698593295452419 0.045701744966854342 4.6863498519221656 -0.59106976739821904 -1.3757741813193967 -1.8599821314143676 -0.58974289005479752 2.4925097553456421 2.5775649237605598 8.1027105909405339 9.2443716049194347 -1.8835899401750489 -1.0768952976247981 -0.99479746560893167 -1.7780090221746723 -2.4098299758339015 1.3322933473504204 0.2265153589251892 -2.2699167576464978 3.7407941961660982 1.201748292510574 5.5522638546978991 -1.4992079267200467 0.28323640416745305 -1.1603009969547944 0.20672413295582881 2.2696756693735076 3.8480775769551592 -2.6326848402179657 3.4038906485184857 -0.24616003083721016 -1.6207163243244094 3.6953676328319931
leaf_weight=1314 682 556 316 929 306 966 119 164 79 117 1003 684 218 85 206 440 412 979 130 513 255 673 453 487 200 474 391 367 884 815 1443 139 775 471 414 1405 61 439 33 31 367 1225 561 1496 2227 698 835 273 128 74 135 981 424 216 79 209 285 305 174 355 192 232
leaf_count=1314 682 556 316 929 306 966 119 164 79 117 1003 684 218 85 206 440 412 979 130 513 255 673 453 487 200 474 391 367 884 815 1443 139 775 471 414 1405 61 439 33 31 367 1225 561 1496 2227 698 835 273 128 74 135 981 424 216 79 209 285 305 174 355 192 232
internal_value=0.00379385 -1.02508 2.34279 -0.320023 1.71765 -1.95783 4.08902 1.32031 3.6421 2.39546 1.05938 -0.653514 0.24903 5.56204 -0.793028 3.27918 2.08963 0.0583206 4.95422 -1.5939 1.44823 1.36732 -0.357666 -1.70393 2.51519 0.348954 0.790094 3.63287 -0.55637 2.39179 0.283489 5.54693 -1.06552 -0.89133 -2.47147 -0.377256 3.72821 2.11241 6.28079 7.3774 -1.40212 -0.888638 -1.47046 -1.9362 -2.32364 1.06044 0.00483711 -1.78446 3.11554 2.59245 4.86525 -1.3157 -0.0334581 -0.342856 1.99149 1.7038 3.46196 -2.22551 2.83953 -0.588311 -0.893497 3.24106
internal_weight=31899 22154 9745 12617 7176 9537 2569 4524 1971 2652 3403 7955 4662 598 6564 1520 2061 3733 448 5582 660 2374 1311 4616 481 1029 555 1039 3513 1401 2422 302 3051 1224 3955 2289 146 1121 163 150 1051 2000 2302 2314 2641 1371 1391 760 281 153 451 1542 858 434 405 288 591 818 586 753 398 599
internal_count=31899 22154 9745 12617 7176 9537 2569 4524 1971 2652 3403 7955 4662 598 6564 1520 2061 3733 448 5582 660 2374 1311 4616 481 1029 555 1039 3513 1401 2422 302 3051 1224 3955 2289 146 1121 163 150 1051 2000 2302 2314 2641 1371 1391 760 281 153 451 1542 858 434 405 288 591 818 586 753 398 599
is_linear=0
shrinkage=0.05


Tree=43
num_leaves=63
num_cat=0
split_feature=35 35 35 35 35 35 35 35 35 35 35 35 35 33 35 38 35 35 38 33 35 35 37 38 32 35 32 37 34 34 35 35 35 35 39 34 35 32 32 33 35 33 34 34 35 35 35 35 35 33 32 34 39 38 33 38 18 32 38 34 20 33
split_gain=2.77124e+07 5.25992e+06 3.84034e+06 802343 717945 700148 610529 163668 163155 133538 108076 103231 97809.8 91627.7 88502.6 62072.5 45496.8 41287.5 28618.5 27209.2 26216.3 21047.4 20872.3 18679.5 18032.9 14355.5 15483.1 16389.9 15817.7 14412.5 13536.6 13510.8 13413.4 12947.4 12765.2 12135.1 11739.1 11640 12411.2 10850.8 10324.2 10051 9575.23 10906.9 9560.34 9132.2 8813.05 8793.36 8785.55 8693.71 8559.48 8463.02 9566.63 8426.61 8180.96 8076.59 10707 9484.16 7851.12 7688.57 7675.35 7944.26
threshold=634.05000000000007 294.95000000000005 1032.6500000000003 471.95000000000005 137.55000000000004 860.05000000000007 1313.1500000000003 373.95000000000005 759.00000000000011 1531.0000000000002 1170.4500000000003 216.85000000000005 552.6500000000002 407.65000000000003 69.250000000000014 1.0000000180025095e-35 690.95000000000016 924.45000000000016 1.0000000180025095e-35 1.0000000180025095e-35 6.2500000000000009 431.65000000000003 3.5000000000000004 1.0000000180025095e-35 315.85000000000008 1455.95 462.85000000000008 4.5000000000000009 325.65000000000003 363.2000000000001 330.45000000000005 1110.2000000000003 253.35000000000005 967.45000000000016 1.0000000180025095e-35 395.45000000000005 1203.6500000000003 294.25000000000006 374.65000000000003 341.05000000000007 492.75000000000011 401.35000000000008 295.2000000000001 245.35000000000005 100.35000000000002 165.15000000000001 794.6500000000002 1069.4000000000003 894.95000000000016 451.15000000000003 89.65000000000002 347.9500000000001 1.0000000180025095e-35 1.0000000180025095e-35 1.7500000000000002 1.0000000180025095e-35 1.0000000180025095e-35 354.35000000000008 1.0000000180025095e-35 219.65000000000001 1.0000000180025095e-35 237.25000000000003
decision_type=2 2 2 2 2 2 2 2 2 2 2 2 2 2 2 2 2 2 2 2 2 2 2 2 2 2 2 2 2 2 2 2 2 2 2 2 2 2 2 2 2 2 2 2 2 2 2 2 2 2 2 2 2 2 2 2 2 2 2 2 2 2
left_child=1 4 5 7 14 8 10 30 16 22 18 45 40 39 20 -15 -2 48 24 -19 -1 -9 -8 -14 -4 26 27 28 -24 -30 -3 -20 -13 53 36 59 41 -29 -39 -11 -5 -12 43 -36 -16 -6 -10 -26 -7 -33 54 -27 -53 -21 -42 57 -57 -48 -18 -28 61 -23
right_child=2 3 6 12 11 17 9 21 46 13 34 32 23 15 44 -17 58 19 31 33 -22 60 25 -25 47 51 35 37 29 -31 -32 49 -34 -35 42 -37 -38 38 -40 -41 50 -43 -44 -45 -46 -47 55 -49 -50 -51 -52 52 -54 -55 -56 56 -58 -59 -60 -61 -62 -63
leaf_value=-2.775749691647273 0.80934168177657573 -0.98759559617328385 2.7476121216243055 -0.090770680009855415 -1.7997148818364908 1.9706580124844373 6.2973684164193964 -0.49325667790708833 1.4906073005239249 4.5930304101535251 4.1404610598265235 -1.3532735205223485 0.4243473723474992 6.7382350091305048 -2.1768650483394016 9.9096765588831026 1.1542932142640707 3.4574568602773881 3.2744624290664124 2.1598168587536355 -2.4041427794616936 -0.26456716951723841 3.5827168290653542 0.8131174442583794 2.8835133919267792 4.8134623751348382 5.1540184402465821 4.3751705029526269 5.7567012593859719 4.3119778674902376 -0.77953637593595859 4.0504127437907052 -1.1341125588697629 2.6004345732099949 3.8388139876736305 4.3061658990383149 4.4391325757954574 6.4046782659447716 4.8608793290456136 6.0418646216392524 0.46912990287762057 3.1137367895326102 3.4907404115746141 4.7865158843994138 -1.9579828264874497 -1.6030015444510834 1.4920253677520172 3.3548153946658665 2.259451078915776 3.1745441913604737 0.037563188352958292 4.9384844532719363 6.1448185533285145 2.5971655563309497 0.058162034725263927 2.0369952783848233 0.97282141722165627 1.8081904490930212 1.4245610424581274 6.4069152156511953 0.50861714366943611 -0.82333617936255354
leaf_weight=646 1253 1394 368 1005 883 609 26 2532 756 28 67 1282 1653 36 897 27 1168 72 229 407 1789 1757 62 380 141 49 25 37 21 97 1780 133 1533 706 229 20 185 23 30 24 274 37 179 35 1124 1778 516 332 464 36 1133 27 42 151 217 260 26 439 349 24 31 66
leaf_count=646 1253 1394 368 1005 883 609 26 2532 756 28 67 1282 1653 36 897 27 1168 72 229 407 1789 1757 62 380 141 49 25 37 21 97 1780 133 1533 706 229 20 185 23 30 24 274 37 179 35 1124 1778 516 332 464 36 1133 27 42 151 217 260 26 439 349 24 31 66
internal_value=0.00360416 -0.973821 2.22566 -0.279308 -1.82847 1.63177 3.88457 -0.597437 1.28068 5.28394 3.46 -1.44499 0.236578 6.81519 -2.29972 8.09742 1.03231 2.32652 3.17541 2.51202 -2.50273 -0.399531 4.91936 0.497015 3.0101 4.84096 4.67562 4.5048 4.22934 4.56909 -0.870915 3.52472 -1.23392 2.45817 3.94169 5.34405 4.2002 5.05573 5.53083 5.26172 0.0351835 3.77518 3.77305 3.96446 -2.05513 -1.66828 1.62518 3.21432 2.09554 3.86384 0.113129 5.31594 5.67277 2.27817 0.287501 1.70717 1.94025 1.63736 1.21647 5.76768 -0.271531 -0.284797
internal_weight=31899 22154 9745 12222 9932 7176 2569 7560 4767 598 1971 5476 4662 115 4456 63 2770 2409 1239 1336 2435 4386 483 2033 841 457 339 270 180 118 3174 398 2815 1264 732 69 289 90 53 52 2629 104 443 264 2021 2661 1997 473 1073 169 1624 118 69 558 491 1241 286 955 1517 49 1854 1823
internal_count=31899 22154 9745 12222 9932 7176 2569 7560 4767 598 1971 5476 4662 115 4456 63 2770 2409 1239 1336 2435 4386 483 2033 841 457 339 270 180 118 3174 398 2815 1264 732 69 289 90 53 52 2629 104 443 264 2021 2661 1997 473 1073 169 1624 118 69 558 491 1241 286 955 1517 49 1854 1823
is_linear=0
shrinkage=0.05


Tree=44
num_leaves=63
num_cat=0
split_feature=33 36 36 32 36 34 36 36 36 36 36 34 36 32 40 36 40 40 40 36 40 40 40 40 40 40 40 40 36 40 40 40 40 36 40 40 32 40 36 36 34 40 40 40 40 40 40 40 40 36 36 40 40 34 36 33 40 40 40 40 40 40
split_gain=1.65579e+07 4.54295e+06 4.43556e+06 2.18668e+06 984580 953232 710419 583304 384533 361573 347911 341794 293397 284533 235751 226166 225772 187431 189100 180763 164544 147535 147321 123187 113100 113010 109705 109037 91345 91215.9 89947 89392.5 88440.9 86892.7 81354.6 78038.9 75797.7 74938.8 72913.5 71170.2 71068.5 68486.6 67439.9 65103.7 64800.2 104597 63491.5 62204.3 61570.5 57205.5 52411.8 51872.2 55181.8 49224.9 49028.3 48972.5 47601 46532.5 46320.1 45747.6 43779.4 41302.6
threshold=4.8500000000000005 180.51666666666668 227.72500000000002 16.550000000000004 166.41000000000003 2.0500000000000003 108.06666666666669 338.42000000000002 323.02500000000003 367.51666666666671 359.52500000000003 2.0500000000000003 116.48333333333333 1.4500000000000002 1.0000000180025095e-35 416.75000000000006 1.5000000000000002 1.5000000000000002 4.5000000000000009 40.158333333333339 1.5000000000000002 4.5000000000000009 4.5000000000000009 1.5000000000000002 1.5000000000000002 1.5000000000000002 1.0000000180025095e-35 1.0000000180025095e-35 256.81666666666672 4.5000000000000009 4.5000000000000009 3.5000000000000004 4.5000000000000009 269.82916666666671 1.5000000000000002 5.5000000000000009 3.2500000000000004 4.5000000000000009 436.42500000000001 68.375000000000014 51.45000000000001 4.5000000000000009 2.5000000000000004 4.5000000000000009 3.5000000000000004 2.5000000000000004 1.0000000180025095e-35 3.5000000000000004 4.5000000000000009 265.25500000000005 271.14166666666677 1.0000000180025095e-35 4.5000000000000009 1.0000000180025095e-35 428.28333333333336 1.0000000180025095e-35 5.5000000000000009 1.5000000000000002 5.5000000000000009 1.5000000000000002 5.5000000000000009 3.5000000000000004
decision_type=2 2 2 2 2 2 2 2 2 2 2 2 2 2 2 2 2 2 2 2 2 2 2 2 2 2 2 2 2 2 2 2 2 2 2 2 2 2 2 2 2 2 2 2 2 2 2 2 2 2 2 2 2 2 2 2 2 2 2 2 2 2
left_child=1 6 4 10 12 9 19 16 14 17 24 25 39 59 49 23 40 50 31 -1 53 44 47 -10 -3 -6 -13 54 55 -26 -27 42 -25 -20 -15 -24 -21 61 57 -2 -5 -29 -19 -22 45 -18 -41 -16 -36 -7 -4 -12 -53 -14 -9 -23 -35 -11 -31 -8 -54 -28
right_child=2 3 5 7 11 8 13 27 15 38 51 26 20 34 22 -17 21 18 33 36 43 28 35 32 29 30 37 41 -30 58 -32 -33 -34 56 48 -37 -38 -39 -40 46 -42 -43 -44 -45 -46 -47 -48 -49 -50 -51 -52 52 60 -55 -56 -57 -58 -59 -60 -61 -62 -63
leaf_value=-2.4002668722544875 -1.9113920865642946 -0.54603709837684167 2.1695408360487751 0.8921797979599797 1.5192915108837659 3.6295309947938037 -1.1301769354563642 2.1283870822990814 5.981017475454216 4.5528903121948243 0.13245259459189915 2.6902538589334917 0.60276614241653459 -0.12389897828137689 2.6222929444558059 9.5249137115478515 -1.0898884893178422 0.22954527763525645 1.5605060872795287 -2.0002017284694471 -0.60579634885120592 -0.042362537735211508 3.7826807508566613 2.6061943550775579 -1.5427252421972892 -0.06726387562693574 1.4309320480953902 0.72819729574142089 0.68315147453940139 -0.70081933852330003 0.83823981438747264 0.23166724882581657 4.6004285219907759 2.8125408042188904 -1.381099254063106 2.8081996448274626 -1.4599091841788236 1.9170207688350307 6.0557033141454069 0.37156160449315062 3.646820068359375 1.5901074198470171 1.9740448624247087 0.2130509703753225 -0.88093748625061097 0.39024809879895589 -0.93751057513239167 1.3308478671770831 -0.69214441412238337 4.8137460185206216 3.0571172289063977 -0.74896200137893243 0.084672439210177641 1.7020165020714 3.9509411557515466 1.2672343945816944 2.0242160151552167 3.1179411209306345 -1.1579148722204402 -1.7004204829962948 -0.45007383446305105 0.26946901755647795
leaf_weight=2140 149 969 294 960 395 194 453 205 117 75 517 308 212 433 208 25 172 75 596 1634 351 1176 365 77 1062 402 200 353 972 893 863 255 200 335 464 470 1077 651 30 114 24 664 212 787 425 390 494 169 1077 215 383 835 613 196 45 76 447 229 1461 1573 1019 124
leaf_count=2140 149 969 294 960 395 194 453 205 117 75 517 308 212 433 208 25 172 75 596 1634 351 1176 365 77 1062 402 200 353 972 893 863 255 200 335 464 470 1077 651 30 114 24 664 212 787 425 390 494 169 1077 215 383 835 613 196 45 76 447 229 1461 1573 1019 124
internal_value=0.00342395 -0.778557 1.6629 -0.177445 0.648782 2.73313 -1.64997 0.580715 3.56305 2.15549 -0.739402 1.25473 -0.125554 -1.15666 3.21404 4.91328 0.296751 1.95633 1.7041 -2.05674 0.269352 0.0936942 2.86376 4.62066 -1.02281 0.781013 1.86764 1.52091 0.319476 -1.15806 0.550483 0.912894 4.04607 2.0153 -0.729442 3.23417 -1.78556 1.60778 3.70403 -0.93206 0.959366 1.29094 1.51817 -0.0395109 -0.415058 -0.0627474 -0.69206 2.04337 -0.899591 4.25204 2.67167 -0.322931 -0.418364 1.13084 2.45645 0.0371338 2.36193 3.47196 -0.984514 -1.57292 -0.249216 0.986422
internal_weight=31899 21682 10217 12831 5246 4971 8851 5462 2040 2931 7369 2943 2303 4000 1621 419 4195 2597 1920 4851 1546 3211 1212 394 4385 1660 1283 1267 2224 3416 1265 542 277 1378 1974 835 2711 975 334 757 984 1017 287 1138 987 562 608 377 1541 409 677 2984 2467 408 250 1252 782 304 2354 2026 1632 324
internal_count=31899 21682 10217 12831 5246 4971 8851 5462 2040 2931 7369 2943 2303 4000 1621 419 4195 2597 1920 4851 1546 3211 1212 394 4385 1660 1283 1267 2224 3416 1265 542 277 1378 1974 835 2711 975 334 757 984 1017 287 1138 987 562 608 377 1541 409 677 2984 2467 408 250 1252 782 304 2354 2026 1632 324
is_linear=0
shrinkage=0.05


Tree=45
num_leaves=63
num_cat=0
split_feature=35 35 35 35 35 35 40 35 40 40 40 40 40 40 40 40 40 40 40 40 40 40 40 40 40 40 40 40 35 40 40 40 35 40 35 40 40 40 35 36 40 40 40 31 35 40 40 35 36 40 40 40 40 35 35 2 35 35 35 40 40 35
split_gain=2.28157e+07 4.2385e+06 3.38305e+06 898614 566300 541655 425770 369253 349587 321491 220040 207516 205806 200885 161833 137490 113937 107037 102386 100901 92979.9 91543.3 91162.8 90686.8 130351 86062.6 81467 80513.6 78812.4 76127.3 97401.8 70019.8 69840.9 69458.8 66216.1 60470.9 56050.1 54021.3 49993.6 45250.8 44258.4 37773.9 95965.5 36753.2 36318.2 35296 112788 32548.4 32136.5 31029.1 84621.2 30746.1 67131.8 28004.8 27708.6 26509.8 25039.7 24907.9 24174.1 23265.6 22759 20449.8
threshold=557.30000000000007 933.35000000000025 253.35000000000005 1313.1500000000003 707.6500000000002 392.25000000000011 1.5000000000000002 104.55000000000003 1.5000000000000002 4.5000000000000009 4.5000000000000009 1.0000000180025095e-35 1.0000000180025095e-35 1.5000000000000002 1.0000000180025095e-35 4.5000000000000009 5.5000000000000009 4.5000000000000009 3.5000000000000004 4.5000000000000009 5.5000000000000009 4.5000000000000009 5.5000000000000009 3.5000000000000004 2.5000000000000004 1.0000000180025095e-35 5.5000000000000009 3.5000000000000004 1155.7500000000002 3.5000000000000004 2.5000000000000004 4.5000000000000009 1122.0000000000002 3.5000000000000004 1531.0000000000002 5.5000000000000009 5.5000000000000009 3.5000000000000004 1140.1000000000001 13.050000000000002 5.5000000000000009 2.5000000000000004 1.5000000000000002 444.75000000000006 765.35000000000002 2.5000000000000004 1.5000000000000002 794.6500000000002 403.42500000000001 2.5000000000000004 1.5000000000000002 2.5000000000000004 3.5000000000000004 442.35000000000008 439.9500000000001 1.0000000180025095e-35 1155.7500000000002 789.1500000000002 1044.7500000000002 1.0000000180025095e-35 1.0000000180025095e-35 458.85000000000008
decision_type=2 2 2 2 2 2 2 2 2 2 2 2 2 2 2 2 2 2 2 2 2 2 2 2 2 2 2 2 2 2 2 2 2 2 2 2 2 2 2 2 2 2 2 2 2 2 2 2 2 2 2 2 2 2 2 2 2 2 2 2 2 2
left_child=2 4 7 6 12 14 28 39 44 23 29 61 -2 34 -4 18 38 51 45 27 57 33 54 24 -8 -9 -21 41 60 30 -10 37 -18 49 55 -23 48 -27 -11 -1 -33 42 -14 -36 -6 46 -13 -22 -19 50 -16 -15 -53 -24 -17 -5 -26 -12 -25 -41 -3 -7
right_child=1 3 5 13 8 11 9 25 10 16 20 15 19 17 21 22 32 36 -20 26 47 35 53 58 56 31 -28 -29 -30 -31 -32 40 -34 -35 43 -37 -38 -39 -40 59 -42 -43 -44 -45 -46 -47 -48 -49 -50 -51 -52 52 -54 -55 -56 -57 -58 -59 -60 -61 -62 -63
leaf_value=-2.4386408258147347 1.3901620413764646 3.6256787345744672 -0.22889794271431382 6.062638540504393 1.8288377734324204 0.24067933798144511 0.61121234237545674 -1.0423002019032397 -0.11226888581352885 3.0358583247296664 1.5816674591804094 0.044794757146327226 0.86438987412760326 1.3612154535271905 -0.65431138005660072 -0.10947588742517518 2.1646219755692711 5.1808425652161816 -1.1307835128792423 1.0621475187987139 0.94711493322751439 -0.49831430900561879 -0.54323313243798288 0.44533150797332088 2.4842120863906132 -1.6385094713556119 0.37716215870491598 -0.58212392115191613 4.589091244017756 0.067328623673152219 1.4416120291880237 -1.1764855328965731 3.0396904433711285 -1.7002529511342779 6.5501741430033809 -0.96464271302415439 4.0903805404062004 -2.2800884346629302 3.9504017475039461 -1.6999933800474727 -1.5951773644061316 0.7778101478557603 -0.89791274010748057 9.443318923314413 2.4666774506253297 -0.074198790120255959 -1.3386272737331559 1.440593526072123 7.2877514430454795 -0.72018161685192505 -1.9417197413982885 4.8137270379573742 2.2509558845843589 -0.16342948927814213 0.37370311789822319 4.4238562214759085 3.7087718154702873 2.1062452412975925 1.3119777735160745 -2.1143126896920914 2.8077868445246832 0.66191881866128899
leaf_weight=1043 716 512 939 121 317 556 99 878 142 490 396 305 155 22 263 434 628 131 658 738 578 1126 771 143 164 901 1054 349 222 409 348 1011 358 569 23 1817 142 516 215 407 1680 294 154 21 754 580 285 792 21 483 248 47 56 1310 938 31 56 528 184 2023 102 598
leaf_count=1043 716 512 939 121 317 556 99 878 142 490 396 305 155 22 263 434 628 131 658 738 578 1126 771 143 164 901 1054 349 222 409 348 1011 358 569 23 1817 142 516 215 407 1680 294 154 21 754 580 285 792 21 483 248 47 56 1310 938 31 56 528 184 2023 102 598
internal_value=0.00364318 1.78239 -1.00314 3.15238 1.11052 -0.458999 2.81334 -1.76734 1.49618 2.46692 1.23398 -0.148438 0.63525 4.90162 -0.826027 -0.281167 2.82939 4.28356 -0.631804 0.438269 1.49382 -0.950462 -0.0955414 1.51811 2.11791 -1.49163 0.65926 0.0222866 3.78172 0.570941 0.991304 -1.58767 2.48234 -1.25971 6.22287 -0.786224 4.80465 -1.87214 3.31476 -2.16316 -1.43788 0.372103 -0.0139098 7.93099 2.27789 -0.351181 -0.623468 1.2324 5.47193 -1.00752 -1.27912 3.05796 3.42038 -0.304145 0.220861 5.72841 2.79592 1.88143 0.932986 -2.04492 3.48981 0.458965
internal_weight=31851 11512 20339 3788 7724 11880 3173 8459 4264 2337 3193 6435 3460 615 5445 5281 1691 419 1828 2744 2294 4506 3453 646 319 4986 1792 952 836 899 490 4108 986 1563 196 2943 294 1417 705 3473 2691 603 309 44 1071 1170 590 1370 152 994 511 125 103 2081 1372 152 220 924 327 2430 614 1154
internal_count=31851 11512 20339 3788 7724 11880 3173 8459 4264 2337 3193 6435 3460 615 5445 5281 1691 419 1828 2744 2294 4506 3453 646 319 4986 1792 952 836 899 490 4108 986 1563 196 2943 294 1417 705 3473 2691 603 309 44 1071 1170 590 1370 152 994 511 125 103 2081 1372 152 220 924 327 2430 614 1154
is_linear=0
shrinkage=0.05


Tree=46
num_leaves=63
num_cat=0
split_feature=35 35 35 35 35 35 40 35 40 40 40 40 40 40 40 40 40 40 40 40 40 40 40 40 40 40 40 40 35 40 40 35 40 35 40 40 36 35 36 40 40 40 36 40 35 35 40 40 40 40 40 40 2 40 40 35 35 35 35 35 40 35
split_gain=2.05914e+07 3.88293e+06 3.00347e+06 810999 529752 471307 384257 334567 315502 290146 198586 190297 182417 182356 146055 122281 102828 94186.1 90092.8 83914.3 82617.8 81844.9 117641 80089.8 73676 73629.3 71287.2 80853.3 71128.2 68704.9 87905.1 63799.8 62686.6 61673.5 65518.7 54575 47237.2 46079.2 43047.6 39345.2 37763 92136.5 35164.8 33816.3 33019.5 30537.2 30354.7 29914.1 39244.3 29279.5 97450.1 28925.4 28578 28003.8 76370.6 24178.3 23822.7 22598.3 22593 22479.4 22157.1 21817.1
threshold=552.6500000000002 933.35000000000025 253.35000000000005 1313.1500000000003 707.6500000000002 392.25000000000011 1.5000000000000002 112.95000000000002 1.5000000000000002 4.5000000000000009 4.5000000000000009 1.0000000180025095e-35 1.0000000180025095e-35 1.0000000180025095e-35 1.0000000180025095e-35 4.5000000000000009 5.5000000000000009 4.5000000000000009 3.5000000000000004 5.5000000000000009 4.5000000000000009 3.5000000000000004 2.5000000000000004 5.5000000000000009 3.5000000000000004 5.5000000000000009 1.5000000000000002 4.5000000000000009 1155.7500000000002 3.5000000000000004 2.5000000000000004 1187.8500000000001 3.5000000000000004 1455.95 4.5000000000000009 5.5000000000000009 14.925000000000002 1069.4000000000003 416.75000000000006 5.5000000000000009 2.5000000000000004 1.5000000000000002 406.77500000000003 3.5000000000000004 838.80000000000018 860.05000000000007 5.5000000000000009 3.5000000000000004 2.5000000000000004 2.5000000000000004 1.5000000000000002 1.5000000000000002 1.0000000180025095e-35 2.5000000000000004 1.5000000000000002 452.85000000000008 439.9500000000001 1155.7500000000002 1008.7500000000001 789.1500000000002 4.5000000000000009 1044.7500000000002
decision_type=2 2 2 2 2 2 2 2 2 2 2 2 2 2 2 2 2 2 2 2 2 2 2 2 2 2 2 2 2 2 2 2 2 2 2 2 2 2 2 2 2 2 2 2 2 2 2 2 2 2 2 2 2 2 2 2 2 2 2 2 2 2
left_child=2 4 7 6 11 14 28 36 44 21 29 -2 -7 38 -4 18 37 24 49 59 32 22 -8 56 40 -19 -9 47 -3 30 -10 58 53 34 43 -22 -1 -11 52 -29 41 -13 -35 -15 -6 -21 -36 48 -28 50 -14 -38 -5 54 -16 -25 -17 -24 -18 -12 -53 -23
right_child=1 3 5 13 8 12 9 26 10 16 19 17 15 33 20 23 31 25 -20 45 35 61 57 55 -26 -27 27 39 -30 -31 -32 -33 -34 42 46 -37 51 -39 -40 -41 -42 -43 -44 -45 -46 -47 -48 -49 -50 -51 -52 60 -54 -55 -56 -57 -58 -59 -60 -61 -62 -63
leaf_value=-2.2968412580555433 1.3111704367467867 3.3153170674869408 -0.21745304459204085 6.1393704437994749 1.9504939171478684 0.42500648520386686 0.58065171807703342 -1.0363272548101852 -0.10665544025390082 2.7510528819521047 1.5025840831196142 0.81197149503906696 0.031883877353823704 3.3322140630172647 -0.62159581049239199 -0.10400209303962471 1.8223436010334961 0.99561838057637153 -1.0807737591182007 1.0189192006097274 -0.47339859333217682 0.42306493205063928 2.3600014969252232 -0.48384976830421406 -0.55575088037795339 0.35484935501271608 -2.1910370443426253 -1.0967205147071901 4.3596366858697158 0.063962192333833948 1.3695314271916132 3.1384611840193397 -1.6152402973761668 4.609028676887081 4.9083555364346765 -0.91641058064546144 -1.5947645478778416 3.5596100128349728 8.1473387804898358 -1.5009697439227168 0.73999752318790923 -0.87697840989854792 6.7124541075333317 1.4241592372315273 2.5250078985738997 1.5377323522383435 3.6059456251984972 -2.1513416383895407 -1.3535586049934372 -0.088169722590418401 -1.269774247712661 -2.2487337806701659 4.400075518290202 -0.68417253672583023 -1.8446337474930674 -0.13927879232130722 0.346192081490593 3.5233332242284505 2.371581907730246 2.0009329788841899 -1.8896875298933549 1.2463788909574405
leaf_weight=1168 738 614 939 111 673 1132 99 1049 142 358 396 161 299 69 263 434 313 766 648 969 1126 143 164 932 359 1081 209 966 222 409 348 207 569 146 91 1817 558 347 22 1597 306 162 23 35 398 401 88 489 423 568 277 625 30 483 248 1122 910 56 466 528 1375 184
leaf_count=1168 738 614 939 111 673 1132 99 1049 142 358 396 161 299 69 263 434 313 766 648 969 1126 143 164 932 359 1081 209 966 222 409 348 207 569 146 91 1817 558 347 22 1597 306 162 23 35 398 401 88 489 423 568 277 625 30 483 248 1122 910 56 466 528 1375 184
internal_value=0.00346102 1.68037 -0.960353 2.99476 1.04507 -0.443754 2.67267 -1.67897 1.42137 2.34358 1.17228 0.595987 -0.150084 4.65654 -0.784725 -0.275518 2.68792 0.409812 -0.609719 1.41913 -0.902938 1.4422 2.01201 -0.0992704 0.0157708 0.620593 -1.39997 -1.50352 3.59264 0.542394 0.941738 2.35823 -1.19672 4.13951 3.68817 -0.746913 -2.03338 3.14902 6.09027 -1.34861 0.341965 -0.0351179 4.89529 2.69008 2.16399 1.17078 4.26806 -1.85771 -1.63051 -0.342897 -0.594087 -1.91308 5.76931 -0.957147 -1.21516 -0.295627 0.200817 2.65612 2.1509 1.78735 -2.00189 0.886336
internal_weight=31851 11625 20226 3788 7837 11767 3173 8459 4264 2337 3193 3573 6322 615 5445 5190 1691 2835 1792 2294 4506 646 319 3398 988 1847 4733 3684 836 899 490 986 1563 452 283 2943 3726 705 163 2563 629 323 169 104 1071 1370 179 1121 632 1144 576 2558 141 994 511 2054 1344 220 779 924 2000 327
internal_count=31851 11625 20226 3788 7837 11767 3173 8459 4264 2337 3193 3573 6322 615 5445 5190 1691 2835 1792 2294 4506 646 319 3398 988 1847 4733 3684 836 899 490 986 1563 452 283 2943 3726 705 163 2563 629 323 169 104 1071 1370 179 1121 632 1144 576 2558 141 994 511 2054 1344 220 779 924 2000 327
is_linear=0
shrinkage=0.05


Tree=47
num_leaves=63
num_cat=0
split_feature=35 35 35 35 35 35 35 40 40 40 40 40 40 40 40 40 40 40 40 40 40 40 40 40 40 35 40 40 40 35 40 40 40 40 40 40 40 40 40 40 35 31 40 40 35 35 40 40 40 40 35 40 35 35 35 31 2 35 35 32 35 35
split_gain=1.85881e+07 3.23218e+06 3.02435e+06 559204 490385 467062 446304 272730 239409 209385 194989 183355 166606 160943 149245 143535 112807 95103.9 91275.4 89442.6 84831.2 79853.6 74459.9 73936.9 73637.4 71003.7 64409.4 59977 57634.9 57593.7 56929.5 63336.4 54566.8 52471 100414 47261.4 45242.8 40722.1 39775.1 94766.9 33792.6 32824.4 32079.4 88254.5 29717.6 28787 28726.5 58011.2 28511.5 92353.6 27522.2 26635.4 26282 26185.2 23372.8 22100.9 21647.8 19813.6 19276 18345.9 17975 17527.1
threshold=602.95000000000016 294.95000000000005 1020.4500000000002 794.6500000000002 1313.1500000000003 145.35000000000005 442.35000000000008 1.0000000180025095e-35 1.5000000000000002 1.5000000000000002 4.5000000000000009 1.0000000180025095e-35 1.5000000000000002 4.5000000000000009 1.5000000000000002 4.5000000000000009 4.5000000000000009 4.5000000000000009 1.0000000180025095e-35 4.5000000000000009 3.5000000000000004 5.5000000000000009 5.5000000000000009 3.5000000000000004 5.5000000000000009 74.050000000000011 4.5000000000000009 5.5000000000000009 3.5000000000000004 1531.0000000000002 3.5000000000000004 2.5000000000000004 5.5000000000000009 3.5000000000000004 2.5000000000000004 5.5000000000000009 5.5000000000000009 1.0000000180025095e-35 3.5000000000000004 2.5000000000000004 1225.1500000000003 444.75000000000006 1.5000000000000002 2.5000000000000004 712.95000000000016 1155.7500000000002 2.5000000000000004 3.5000000000000004 2.5000000000000004 1.5000000000000002 873.85000000000014 4.5000000000000009 933.35000000000025 894.95000000000016 552.6500000000002 7.1500000000000012 1.0000000180025095e-35 398.15000000000009 685.05000000000007 296.25000000000006 242.65000000000001 1140.1000000000001
decision_type=2 2 2 2 2 2 2 2 2 2 2 2 2 2 2 2 2 2 2 2 2 2 2 2 2 2 2 2 2 2 2 2 2 2 2 2 2 2 2 2 2 2 2 2 2 2 2 2 2 2 2 2 2 2 2 2 2 2 2 2 2 2
left_child=1 5 3 9 8 25 14 50 45 44 33 54 29 30 -3 20 38 23 60 46 42 52 -19 48 58 55 28 61 -20 56 31 -10 -18 34 -11 59 -28 -27 39 -16 -29 -31 -9 -44 -2 -4 -14 -48 49 -13 -5 -39 -17 -23 -8 -1 -6 -34 -12 -21 -7 -15
right_child=2 6 4 7 12 18 11 15 13 10 24 17 19 27 16 21 32 22 26 35 -22 53 -24 -25 -26 37 36 40 -30 41 -32 -33 57 -35 -36 -37 -38 51 -40 -41 -42 -43 43 -45 -46 -47 47 -49 -50 -51 -52 -53 -54 -55 -56 -57 -58 -59 -60 -61 -62 -63
leaf_value=-2.2596135124525265 1.2457049793917356 -0.096515958961675613 3.407919896181141 2.1867616569986512 5.4678472306117545 -0.88282034382092223 0.54755963687622156 1.9609513579154836 0.97059057462170273 -0.620384815774081 0.97170539349505225 0.27154755575060846 1.1004273479635065 2.9520758087895498 -1.5524996211610993 1.9051890583370559 -0.26918145160661483 0.41633324743647987 -1.2934442482098722 3.7406764837411739 0.31065631102337266 1.2182192970906407 -0.10915484976768269 -0.86921388191058802 0.65294873661004782 -1.1919151188722299 -0.86458662165280087 2.3206966762011243 -1.9314704149109976 5.9150650667107634 1.081689436298231 2.8494496107952938 -0.79211928965724843 -0.35047579503935539 0.89494207816490212 3.6813070203007108 -1.2792110497121374 -2.0178447299184281 -1.3507406430608697 -0.43156021508234438 3.2616912689983337 8.6492068858373727 -0.052060406692639116 1.5625946716885417 1.7949504375129868 4.1416548783714715 4.3860553132726796 2.0037277075861182 0.14617420319196067 -1.1060336098515033 2.7981695936955471 -1.6091808371617748 2.5311933713772943 1.6967888305985159 1.1051153899188719 -1.9389740265057789 3.9869497929849937 -0.46530825529868408 1.4308255105706171 5.1994533839679908 -0.4183746860943961 3.5749011487739035
leaf_weight=766 619 1393 336 318 121 565 715 145 66 163 397 250 22 238 290 501 1288 1136 962 26 331 586 1658 523 1284 402 1050 517 560 23 213 140 1390 449 332 142 1762 607 630 539 117 21 119 293 409 222 47 56 473 237 437 1162 252 558 255 1801 31 696 539 126 330 215
leaf_count=766 619 1393 336 318 121 565 715 145 66 163 397 250 22 238 290 501 1288 1136 962 26 331 586 1658 523 1284 402 1050 517 560 23 213 140 1390 449 332 142 1762 607 630 539 117 21 119 293 409 222 47 56 473 237 437 1162 252 558 255 1801 31 696 539 126 330 215
internal_value=0.00328797 -0.838416 1.73666 1.23503 3.18443 -1.49708 -0.266214 1.69775 2.81517 0.844282 0.642858 0.0734865 4.42371 2.48738 -0.552498 1.46925 -0.683925 -0.0672728 -1.17127 3.86085 0.944606 1.71484 0.104501 -0.390898 0.898814 -1.85665 -1.2662 2.80829 -1.5282 5.62696 1.65485 2.24749 -0.525076 0.0409263 0.395956 4.33719 -1.12439 -1.64618 -1.05127 -0.823686 2.49435 7.22 1.32133 1.09623 1.46423 3.69984 2.7405 3.09081 -0.130315 -0.398856 2.54065 -1.74941 2.11469 1.45165 0.694134 -2.03465 5.16582 -0.683078 1.23609 4.94993 -0.711572 3.24768
internal_weight=31851 21440 10411 7732 2679 9967 11473 3540 2064 4192 3164 5247 615 1506 6226 2785 4833 4277 5229 419 888 1897 2794 1483 2220 4738 4334 1087 1522 196 419 206 3374 944 495 294 2812 2171 1459 829 634 44 557 412 1028 558 125 103 960 487 755 1769 753 1144 970 2567 152 2086 936 152 895 453
internal_count=31851 21440 10411 7732 2679 9967 11473 3540 2064 4192 3164 5247 615 1506 6226 2785 4833 4277 5229 419 888 1897 2794 1483 2220 4738 4334 1087 1522 196 419 206 3374 944 495 294 2812 2171 1459 829 634 44 557 412 1028 558 125 103 960 487 755 1769 753 1144 970 2567 152 2086 936 152 895 453
is_linear=0
shrinkage=0.05


Tree=48
num_leaves=63
num_cat=0
split_feature=35 35 35 35 35 35 35 35 36 34 35 35 35 37 36 35 35 36 36 36 4 38 36 2 32 32 38 36 35 33 32 34 35 33 36 35 36 36 35 7 32 21 35 35 33 36 36 35 35 36 33 36 36 38 35 34 33 34 7 33 35 33
split_gain=1.67958e+07 3.12536e+06 2.49467e+06 696308 442573 425381 252480 127553 110108 93967 78097.8 74570.2 68208.6 51283.2 62987 46824.6 44865 31293.8 30006.4 28836.6 24886.4 24380.7 23332.7 22283.2 15311.1 15069.9 14187.2 14079.8 12516.4 12019.7 9824.73 9495.32 9370.44 9943.21 9066.14 9042.14 10383.2 8983.5 18819.1 9410.72 8881.19 8799.04 8490.45 8427.25 8261.12 8125.89 7503.25 7131.44 7051.52 6884.45 6630.64 7416.72 11812 6318.75 6307.51 6240.61 14589.2 7795.97 6194.2 6122.63 6087.6 8081.17
threshold=557.30000000000007 1020.4500000000002 246.55000000000004 759.00000000000011 1313.1500000000003 392.25000000000011 96.050000000000011 873.85000000000014 416.75000000000006 393.85000000000008 685.05000000000007 1155.7500000000002 469.55000000000007 4.5000000000000009 313.22500000000008 176.95000000000002 327.35000000000008 357.02500000000003 462.72500000000008 8.5500000000000025 1.0000000180025095e-35 1.0000000180025095e-35 174.31250000000006 1.0000000180025095e-35 466.85000000000008 231.95000000000002 1.0000000180025095e-35 232.25833333333335 639.85000000000014 300.85000000000008 302.35000000000008 455.55000000000007 967.45000000000016 22.050000000000004 140.98750000000004 489.9500000000001 262.54166666666674 394.05000000000007 1531.0000000000002 1.0000000180025095e-35 294.25000000000006 1.0000000180025095e-35 437.25000000000006 1110.2000000000003 1.0000000180025095e-35 210.21250000000001 296.12500000000006 1069.4000000000003 1044.7500000000002 40.158333333333339 192.05000000000004 327.63333333333338 244.65833333333336 1.0000000180025095e-35 364.55000000000007 305.15000000000003 361.75000000000006 405.75000000000006 1.0000000180025095e-35 142.65000000000001 1203.6500000000003 328.85000000000008
decision_type=2 2 2 2 2 2 2 2 2 2 2 2 2 2 2 2 2 2 2 2 2 2 2 2 2 2 2 2 2 2 2 2 2 2 2 2 2 2 2 2 2 2 2 2 2 2 2 2 2 2 2 2 2 2 2 2 2 2 2 2 2 2
left_child=2 3 6 10 11 16 19 -5 13 -10 26 21 42 17 20 44 46 24 22 -1 23 30 -9 40 25 -6 28 -13 -2 -19 -3 60 33 -24 -28 -14 -37 38 39 -31 -15 47 -7 -43 -8 -17 -4 -23 58 -21 51 52 -34 -35 -18 -42 57 -57 -32 -44 61 -29
right_child=1 4 5 7 8 12 15 18 9 -11 -12 27 35 14 -16 45 54 29 -20 49 -22 41 32 -25 -26 -27 34 31 -30 37 48 -33 50 53 -36 36 -38 -39 -40 -41 55 43 59 -45 -46 -47 -48 -49 -50 -51 -52 -53 -54 -55 -56 56 -58 -59 -60 -61 -62 -63
leaf_value=-2.1434085197205759 0.36125836965616398 2.0430374550821755 -0.89154487955091699 1.2674827917938867 3.8897334098815919 -0.3415119186149268 -1.4453985317667117 3.3343703011671701 4.5644880027482007 8.6762922565142322 0.92801004002981602 4.3087726956322081 -0.066991608726761062 4.153960725755403 7.2329502469017406 -1.2173253430947235 -0.63485356551913652 5.0673946676583128 3.0124989778387783 -1.8714083883816137 2.7618267156861047 2.284601833245584 1.9808331208649594 3.2905176247869221 4.1447904414600805 2.7399240160060505 1.6665559103091558 3.1883631176468157 0.60646441323580946 3.7670702147105382 2.2310519716739656 2.4571748406500431 2.0849750383227481 1.5589728250502994 0.67429754269996278 0.042482982336455408 0.30121662166774943 4.8281949808200206 2.5510868909358981 4.8827778957508237 5.8677326611110141 2.8421214391504019 -0.15755889032376802 3.8437422100702925 -1.96802432231414 -1.021334411171259 -0.70341306121612357 2.7852140320111545 2.4975095336468192 -1.7023729494980095 2.0305398522627569 2.5128408741383326 1.0986930703719457 1.812580707974923 -0.4782757744315026 4.6546644188108903 3.7859996432349798 5.949926457038293 1.2595182623182026 -0.55510385328760514 3.1734950409215035 2.6850529221260007
leaf_weight=785 1610 316 2390 2177 37 2021 2471 24 33 24 1603 21 1022 33 21 1656 1520 29 51 1330 22 112 253 28 36 124 24 134 769 63 75 74 51 818 564 1332 547 24 25 27 21 70 1409 30 78 777 681 195 385 1101 442 21 75 351 1115 21 21 26 21 104 434 197
leaf_count=785 1610 316 2390 2177 37 2021 2471 24 33 24 1603 21 1022 33 21 1656 1520 29 51 1330 22 112 253 28 36 124 24 134 769 63 75 74 51 818 564 1332 547 24 25 27 21 70 1409 30 78 777 681 195 385 1101 442 21 75 351 1115 21 21 26 21 104 434 197
internal_value=0.00312358 1.52928 -0.860688 1.07557 3.02521 -0.405659 -1.53457 1.53521 4.20252 6.29577 0.646805 2.67441 -0.126968 3.9887 4.64788 -1.31163 -0.719956 3.64014 1.81461 -1.87993 4.33227 2.42041 1.78459 4.5626 3.2126 3.00417 0.494876 3.03001 0.44052 4.14148 2.25962 2.998 1.76609 1.69663 0.714798 0.0527016 0.117804 3.9483 3.76467 4.10178 4.85455 2.73527 -0.274456 3.14261 -1.46139 -1.15473 -0.849826 2.60258 2.40191 -1.79485 1.93379 1.64289 1.4979 1.63512 -0.568598 5.11432 4.88165 5.37119 2.01853 -0.184885 3.05032 2.88881
internal_weight=31851 11512 20339 8833 2679 12141 8198 4263 615 57 4570 2064 6435 558 193 4982 5706 365 2086 3216 172 1204 2035 150 197 161 2967 860 2379 168 797 839 2011 1422 588 2901 1879 139 115 90 122 407 3534 100 2549 2433 3071 307 481 2431 589 147 126 1169 2635 89 68 47 96 1513 765 331
internal_count=31851 11512 20339 8833 2679 12141 8198 4263 615 57 4570 2064 6435 558 193 4982 5706 365 2086 3216 172 1204 2035 150 197 161 2967 860 2379 168 797 839 2011 1422 588 2901 1879 139 115 90 122 407 3534 100 2549 2433 3071 307 481 2431 589 147 126 1169 2635 89 68 47 96 1513 765 331
is_linear=0
shrinkage=0.05


Tree=49
num_leaves=63
num_cat=0
split_feature=35 35 35 35 40 35 35 40 35 40 40 40 40 40 40 35 40 40 40 35 40 40 40 40 40 40 40 40 40 40 40 40 40 40 40 36 21 40 40 35 40 35 40 40 36 40 40 36 40 40 35 40 40 40 40 40 35 35 35 35 35 31
split_gain=1.51597e+07 2.86055e+06 2.21529e+06 597615 414757 370124 280462 263478 227863 225029 151041 130031 128114 122293 120863 115405 100459 99568.1 95254.5 81682.9 76231.8 74925.5 72839.4 72140.7 68580.2 68357.4 72016.2 65569.8 57036.5 56450.8 52955.9 50501 46390.8 38090.9 79239.9 34537.8 49736 31625.9 65051.5 30940.9 29887.1 27662.4 26277.7 65971 26025.1 24739.2 77599.9 24018.7 23867.1 78567.1 23728.8 22749.2 34159.4 21944.8 78743.2 19962.5 19578.8 18678 18627 18043 17996.7 17255.6
threshold=552.6500000000002 933.35000000000025 246.55000000000004 1203.6500000000003 1.0000000180025095e-35 392.25000000000011 690.95000000000016 1.0000000180025095e-35 96.050000000000011 1.5000000000000002 1.0000000180025095e-35 4.5000000000000009 4.5000000000000009 1.0000000180025095e-35 4.5000000000000009 741.05000000000007 3.5000000000000004 4.5000000000000009 3.5000000000000004 1455.95 5.5000000000000009 5.5000000000000009 3.5000000000000004 4.5000000000000009 4.5000000000000009 1.5000000000000002 4.5000000000000009 5.5000000000000009 5.5000000000000009 3.5000000000000004 3.5000000000000004 5.5000000000000009 5.5000000000000009 3.5000000000000004 2.5000000000000004 397.11250000000013 1.0000000180025095e-35 2.5000000000000004 1.5000000000000002 1313.1500000000003 5.5000000000000009 794.6500000000002 2.5000000000000004 1.5000000000000002 8.5500000000000025 1.5000000000000002 2.5000000000000004 403.42500000000001 2.5000000000000004 1.5000000000000002 1055.7500000000002 3.5000000000000004 2.5000000000000004 1.5000000000000002 2.5000000000000004 1.0000000180025095e-35 789.1500000000002 1044.7500000000002 1008.7500000000001 461.4500000000001 1455.95 382.95000000000005
decision_type=2 2 2 2 2 2 2 2 2 2 2 2 2 2 2 2 2 2 2 2 2 2 2 2 2 2 2 2 2 2 2 2 2 2 2 2 2 2 2 2 2 2 2 2 2 2 2 2 2 2 2 2 2 2 2 2 2 2 2 2 2 2
left_child=2 4 8 7 15 13 24 50 44 19 -7 16 18 -4 33 -2 53 22 45 55 57 56 48 30 29 -10 51 -19 39 37 42 -26 -25 34 -11 36 -21 38 -6 -16 -28 -23 43 -15 -1 -8 -47 -41 49 -12 -3 52 -27 -9 -55 61 -14 -13 -22 -29 -35 -5
right_child=1 3 5 9 6 10 12 11 25 14 17 20 21 23 28 -17 -18 27 -20 35 58 41 -24 32 31 26 40 59 -30 -31 -32 -33 -34 60 -36 -37 -38 -39 -40 47 -42 -43 -44 -45 -46 46 -48 -49 -50 -51 -52 -53 -54 54 -56 -57 -58 -59 -60 -61 -62 -63
leaf_value=-2.0362381054337617 1.219127813132753 2.7995441327993804 -0.17563698254278579 3.9612092353859731 0.64130924540934053 0.39479433949123544 1.4467756657284641 2.4049556088144497 -0.90053834663436039 0.88814213150425969 0.030974120959440205 2.3321110587543057 1.293454292870472 -0.54669136093963278 3.3801776462191842 2.0571428446989564 0.5842782004599405 0.18792075971744324 -0.014793896564761622 4.2201303510104911 1.5547335912411016 0.73054701802635791 -0.96776953280248024 -0.40250701742190986 0.82655426839443968 -1.98018981558936 -0.98587197633645696 -0.40760076971606535 3.0169128316144151 -0.58178526191595581 -1.4352272353928166 0.26539510980902947 -0.80054711524042621 1.1436180251505641 3.6845191830082946 7.8598289108276367 7.1929893573125199 0.63309765389236361 -0.8539108187264326 4.2324069452621336 -1.3308370134230874 1.1653090288466303 -0.58444997918709085 -1.6564849692742944 -1.7051096218694441 -0.18311574923669457 1.1393421050939689 6.0538736343383794 -0.074316864082110967 -1.1377880530694116 3.4336340648486563 -1.9171662075702962 -1.2234074752159718 0.30356660279254599 2.1481409918575389 3.2829834014811419 1.7339568188357533 2.8923780044241179 2.0449037039151126 -0.11119347540739762 2.7691555028869992 4.8994999350333703
leaf_weight=785 907 317 980 98 144 1132 168 118 1112 38 299 310 483 275 109 751 272 1344 449 34 313 680 648 1190 679 224 1004 1040 306 319 593 979 1902 90 76 20 24 276 147 131 1676 792 505 261 2431 157 378 21 568 277 276 520 446 83 191 47 528 286 509 1014 21 98
leaf_count=785 907 317 980 98 144 1132 168 118 1112 38 299 310 483 275 109 751 272 1344 449 34 313 680 648 1190 679 224 1004 1040 306 319 593 979 1902 90 76 20 24 276 147 131 1676 792 505 261 2431 157 378 21 568 277 276 520 446 83 191 47 528 286 509 1014 21 98
internal_value=0.0029674 1.44181 -0.824013 2.56996 0.896515 -0.392009 0.708096 2.16486 -1.45784 3.54358 -0.128506 1.90003 0.989904 -0.683959 3.09096 1.59871 1.32259 -0.242644 0.554113 4.66032 2.17042 1.19209 -0.544215 -0.789366 0.305433 -1.24605 -1.34533 -0.0836049 3.48006 -0.0496963 -1.05809 0.495206 -0.647356 2.11045 2.75239 6.06811 5.45028 0.249662 -0.114008 4.02305 -1.2016 0.964468 -0.843256 -1.08709 -1.78594 0.917469 0.751256 4.48406 -0.304299 -0.531087 3.09467 -1.66902 -1.47642 1.83489 1.58938 4.20844 1.52351 2.60096 1.85826 -0.261273 1.45115 4.43035
internal_weight=31851 11625 20226 3788 7837 12028 6179 2675 8198 1113 6322 2082 3635 5706 792 1658 664 5190 1152 321 1418 2483 1792 4726 2544 4982 3870 3398 567 886 1634 1658 3092 225 114 78 58 567 291 261 2680 1472 1041 536 3216 703 535 152 1144 576 593 1190 670 392 274 243 1011 596 822 2054 111 196
internal_count=31851 11625 20226 3788 7837 12028 6179 2675 8198 1113 6322 2082 3635 5706 792 1658 664 5190 1152 321 1418 2483 1792 4726 2544 4982 3870 3398 567 886 1634 1658 3092 225 114 78 58 567 291 261 2680 1472 1041 536 3216 703 535 152 1144 576 593 1190 670 392 274 243 1011 596 822 2054 111 196
is_linear=0
shrinkage=0.05


Tree=50
num_leaves=63
num_cat=0
split_feature=35 35 35 40 35 35 40 35 35 40 40 40 35 35 40 40 40 40 35 40 40 40 40 40 40 36 40 40 40 40 40 40 36 40 40 40 40 40 40 40 21 40 40 35 40 34 35 40 40 35 32 33 36 36 40 40 35 35 8 40 7 21
split_gain=1.35999e+07 2.72335e+06 1.86282e+06 413706 404732 365544 331718 250641 181220 160280 148510 136412 124260 118642 110071 102540 84840.5 81069.2 79810.2 77253 75995.1 75378 69102.6 68687.8 68582.1 58825.2 56913.5 52705.8 51362.9 45450.2 41122.5 38962.9 38724.6 36951.9 63083.1 36486.3 30797.7 55041.9 29595.9 81623.1 28661.3 27517.9 67890.8 26656.3 26412.9 24608.2 23787.6 22712.4 76369.8 22358.7 21593.5 20610.8 20449.9 20052.9 19856.7 65766.9 18164.6 17979.4 16626.3 16146.3 15756 14850.4
threshold=639.85000000000014 311.15000000000003 1044.7500000000002 1.0000000180025095e-35 153.05000000000004 477.25000000000006 1.0000000180025095e-35 860.05000000000007 1455.95 1.0000000180025095e-35 1.5000000000000002 4.5000000000000009 1313.1500000000003 887.1500000000002 4.5000000000000009 4.5000000000000009 4.5000000000000009 1.5000000000000002 1279.4000000000003 4.5000000000000009 3.5000000000000004 4.5000000000000009 3.5000000000000004 5.5000000000000009 3.5000000000000004 40.158333333333339 3.5000000000000004 5.5000000000000009 5.5000000000000009 5.5000000000000009 5.5000000000000009 1.0000000180025095e-35 409.72500000000008 3.5000000000000004 2.5000000000000004 5.5000000000000009 3.5000000000000004 2.5000000000000004 2.5000000000000004 1.5000000000000002 1.0000000180025095e-35 2.5000000000000004 1.5000000000000002 789.1500000000002 4.5000000000000009 423.15000000000003 415.05000000000007 2.5000000000000004 1.5000000000000002 770.85000000000025 420.85000000000008 27.550000000000004 220.91250000000005 149.39000000000001 1.5000000000000002 2.5000000000000004 406.55000000000007 759.00000000000011 1.0000000180025095e-35 5.5000000000000009 1.0000000180025095e-35 1.0000000180025095e-35
decision_type=2 2 2 2 2 2 2 2 2 2 2 2 2 2 2 2 2 2 2 2 2 2 2 2 2 2 2 2 2 2 2 2 2 2 2 2 2 2 2 2 2 2 2 2 2 2 2 2 2 2 2 2 2 2 2 2 2 2 2 2 2 2
left_child=1 4 3 13 25 9 12 11 14 -3 -7 20 -4 43 22 33 24 -6 29 26 47 36 41 57 54 -1 38 56 -17 61 -23 -27 40 34 -12 -18 37 -19 39 -11 60 42 -8 53 -33 58 -29 48 -5 -25 -47 -15 -53 -2 -9 -56 -21 -13 -10 -20 -14 -16
right_child=2 5 6 7 17 10 8 16 45 19 15 23 32 51 18 28 35 21 59 27 -22 30 -24 49 -26 31 -28 46 -30 -31 -32 44 -34 -35 -36 -37 -38 -39 -40 -41 -42 -43 -44 -45 -46 50 -48 -49 -50 -51 -52 52 -54 -55 55 -57 -58 -59 -60 -61 -62 -63
leaf_value=-1.7796492114132398 2.7624058815149164 0.13060958437540546 3.3839509520741653 1.0464209523629289 -0.60897349781022148 0.69976099905235234 2.699337116696618 1.9189891039270215 3.2075347059074488 -0.23610990011638686 -0.87381393965333709 1.0637942785033225 3.851581717238707 3.4421619900485925 2.5496002318630828 0.49007350261192528 1.9498879950365144 -1.7865532761248053 3.8404367159519879 -0.26999325566782545 -0.22532263552073056 -0.68436248125390009 1.0142759454610957 0.55300392242454011 0.30312734582560807 -1.0341917942047121 -1.0797081412179745 -0.62476365474044926 0.017670354738566107 2.0629360698613355 -1.0688835989681893 -1.7447584442519688 7.099060173034669 -0.73444722738737866 0.22654787979709609 1.4248952115234568 -1.6411444808783704 -0.87639970919543075 -0.2840735495443642 -1.3150365423839705 5.7657219272189675 2.6767642990474045 0.69331881286185471 1.9167190703195407 -1.3948714860259219 3.9825043126156459 -0.30620849064122718 0.86622420897998076 -0.4545701393976786 0.96425736457583899 5.831833076477051 3.3573554057341357 2.298242599043117 1.3451883503646316 -0.097598039207215881 1.6165505068019184 0.089255777052381927 1.4861656297276395 4.7191481206728065 2.9875775238329716 5.4480673813819891 3.2139712659457262
leaf_weight=2190 26 1287 421 171 1233 1114 88 113 87 363 192 586 68 57 235 991 562 243 112 797 457 1101 219 878 253 500 748 1432 1372 530 1887 841 20 432 405 805 606 525 625 339 45 145 81 410 1504 38 992 378 168 530 27 52 369 624 78 198 630 442 23 110 20 131
leaf_count=2190 26 1287 421 171 1233 1114 88 113 87 363 192 586 68 57 235 991 562 243 112 797 457 1101 219 878 253 500 748 1432 1372 530 1887 841 20 432 405 805 606 525 625 339 45 145 81 410 1504 38 992 378 168 530 27 52 369 624 78 198 630 442 23 110 20 131
internal_value=-0.00505824 -0.680105 1.57354 1.1693 -1.25963 -0.154434 2.779 0.970417 2.44943 -0.375149 0.198877 0.7213 3.82744 1.89591 2.28726 0.0343765 1.41806 -0.966954 2.56915 -0.484989 0.278561 -1.06814 1.69598 0.934673 0.943927 -1.58486 -0.730927 -0.352473 0.215788 2.35886 -0.927198 -1.43491 5.04776 -0.382217 -0.127337 1.64073 -1.37465 -1.16438 -0.534326 -0.75713 4.7393 2.17144 1.73787 1.60101 -1.52035 3.97937 -0.494398 0.599725 0.302567 0.707808 4.75069 2.54987 2.42906 1.40188 1.36069 1.13212 -0.11139 1.2454 3.5236 3.41785 4.21442 2.78739
internal_weight=31906 22349 9557 7157 10630 11719 2400 5619 1826 7213 4506 3610 574 1538 1651 3392 2009 5595 1118 5926 1174 4362 533 2436 642 5035 2075 3851 2363 896 2988 2845 153 1029 597 1367 1374 768 1327 702 133 314 169 1060 2345 175 2424 717 339 1408 65 478 421 650 389 276 1427 1028 110 222 88 366
internal_count=31906 22349 9557 7157 10630 11719 2400 5619 1826 7213 4506 3610 574 1538 1651 3392 2009 5595 1118 5926 1174 4362 533 2436 642 5035 2075 3851 2363 896 2988 2845 153 1029 597 1367 1374 768 1327 702 133 314 169 1060 2345 175 2424 717 339 1408 65 478 421 650 389 276 1427 1028 110 222 88 366
is_linear=0
shrinkage=0.05


Tree=51
num_leaves=63
num_cat=0
split_feature=33 36 36 37 37 36 36 36 31 37 37 37 40 36 37 40 36 36 40 36 37 37 40 36 40 36 40 37 36 40 37 37 36 40 37 40 37 31 40 40 40 40 40 40 40 40 40 40 36 40 36 40 40 40 37 37 40 40 40 40 40 36
split_gain=7.96088e+06 2.30306e+06 2.05057e+06 1.06127e+06 563662 478233 473555 331023 325488 306819 226302 223248 217664 172668 139700 131115 112708 110967 110573 108076 98530.1 94369.1 87879.1 76603.7 76350.6 71308.3 71045.9 67600.6 59434.2 58724.7 56298.8 54755.1 54047.4 52910.6 50210.2 50202 47201.5 45024.4 42862 42462.2 41846.6 41740.9 39549.7 41239.3 39484.3 42424.3 39317.1 36503.5 36236.6 35893.3 33202.8 32739.6 30555.9 30406.3 30405.7 29969.3 29888.4 28511.2 28273.7 31283.5 26172.8 26159.5
threshold=13.65 143.68333333333337 192.21666666666673 1.5000000000000002 3.5000000000000004 262.54166666666674 259.61250000000007 272.41250000000008 310.25000000000006 4.5000000000000009 2.5000000000000004 2.5000000000000004 1.0000000180025095e-35 114.72500000000001 5.5000000000000009 1.5000000000000002 76.050000000000026 420.42500000000007 4.5000000000000009 349.91250000000008 2.5000000000000004 5.5000000000000009 1.0000000180025095e-35 327.63333333333338 1.0000000180025095e-35 352.12500000000006 1.0000000180025095e-35 4.5000000000000009 390.78333333333336 4.5000000000000009 4.5000000000000009 4.5000000000000009 215.17083333333335 1.5000000000000002 3.5000000000000004 1.0000000180025095e-35 3.5000000000000004 464.85000000000008 1.5000000000000002 1.5000000000000002 1.0000000180025095e-35 1.5000000000000002 1.0000000180025095e-35 4.5000000000000009 1.0000000180025095e-35 4.5000000000000009 4.5000000000000009 1.0000000180025095e-35 238.91250000000005 4.5000000000000009 142.31000000000003 4.5000000000000009 1.0000000180025095e-35 1.5000000000000002 4.5000000000000009 3.5000000000000004 3.5000000000000004 3.5000000000000004 1.0000000180025095e-35 4.5000000000000009 5.5000000000000009 8.5500000000000025
decision_type=2 2 2 2 2 2 2 2 2 2 2 2 2 2 2 2 2 2 2 2 2 2 2 2 2 2 2 2 2 2 2 2 2 2 2 2 2 2 2 2 2 2 2 2 2 2 2 2 2 2 2 2 2 2 2 2 2 2 2 2 2 2
left_child=1 11 9 8 7 14 10 44 39 13 26 16 28 55 15 54 61 20 -17 42 23 33 -15 -8 -12 29 -5 -20 30 56 -7 -31 -28 -11 -24 -22 -26 58 -21 -3 -13 -18 -9 57 -4 -46 -41 -25 -29 -43 -35 -49 -19 -23 -6 -2 -14 -44 -10 -60 -47 -1
right_child=2 3 4 6 5 12 17 19 37 21 24 40 25 22 -16 18 41 52 27 38 35 53 34 47 36 -27 32 48 -30 31 -32 -33 -34 50 -36 -37 -38 -39 -40 46 -42 49 43 -45 45 60 -48 51 -50 -51 -52 -53 -54 -55 -56 -57 -58 -59 59 -61 -62 -63
leaf_value=-1.8486934146953626 -1.251030240797407 -0.62549340343774673 1.1558912300941586 0.18537045928646401 2.0515043965801083 3.472875827104339 0.28501872823925861 1.9776515326024633 -0.053755589746611404 1.7236670521605348 1.3289121569896287 0.19841361219544085 2.1205874562592797 0.72382521625018104 5.0786969612384674 0.65499775738530397 -0.80591315891968007 2.6580666378898137 1.3861117498664408 3.1389629598523752 3.2315210923915956 4.3591514133271714 -0.36234170001512334 1.4179602485304605 0.13100929419747237 3.4398932238074047 -0.61887250988603659 1.986141724317207 6.3849969257007952 2.3949438855319065 5.4455164141771277 3.844586780908946 -0.15836761858052795 0.01347414596168787 0.20436178661417218 1.2789260593315444 0.99803595006012191 0.055217413573174293 2.0477591426602535 -1.3123769067810311 -0.7050901840512116 -1.5724035049758256 1.1742825730039499 1.5010483359689082 0.086624056350498302 1.0609652162931817 -0.9095479102469668 0.27965714755730753 3.3807608000567706 -1.1352076871883492 0.94266379413597046 0.90546826292123606 1.3842562724048744 2.1485583058993023 2.9630126101189647 -0.51284021728601481 1.1004245466118319 0.13220984811527192 -0.66937774327729138 -0.31590812016012415 0.47648129548742624 -1.5168404588000273
leaf_weight=789 273 804 307 581 433 307 1412 253 576 144 220 155 181 464 29 422 627 59 807 122 41 21 731 217 805 158 1520 197 22 544 41 74 1097 149 840 167 195 755 343 889 740 674 165 595 382 338 1901 312 61 1547 271 633 233 60 116 277 119 109 960 1799 442 2401
leaf_count=789 273 804 307 581 433 307 1412 253 576 144 220 155 181 464 29 422 627 59 807 122 41 21 731 217 805 158 1520 197 22 544 41 74 1097 149 840 167 195 755 343 889 740 674 165 595 382 338 1901 312 61 1547 271 633 233 60 116 277 119 109 960 1799 442 2401
internal_value=-0.00480532 -0.530552 1.18165 -0.185631 1.68897 2.12114 0.237816 1.19245 -0.598496 0.150214 -0.0937698 -1.28557 2.81849 -0.0932073 1.63283 1.58375 -1.3948 0.714375 1.33994 1.69311 0.617049 1.12579 0.119237 0.532462 0.485607 2.45876 -0.314795 1.61135 3.86462 2.2899 3.70528 2.56853 -0.425837 0.896591 -0.0593303 1.66381 0.300079 -0.293446 2.33405 -0.945646 -0.548617 -1.16618 1.42748 1.26731 0.651572 0.518332 -1.0379 0.833143 2.31588 -1.26788 0.613023 0.698851 1.64164 2.72168 2.2441 -0.879251 1.71592 0.759735 -0.372379 -0.438899 0.729758 -1.59892
internal_weight=31906 22109 9797 15176 6567 3511 7492 3056 7684 3230 4418 6933 1446 2585 2065 2036 6038 3074 1487 1587 2782 645 2035 2574 1220 1076 3198 1065 370 918 348 618 2617 564 1571 208 1000 4090 465 3594 895 2848 1122 869 1469 1162 2790 1162 258 2221 420 945 292 81 549 550 300 274 3335 2759 780 3190
internal_count=31906 22109 9797 15176 6567 3511 7492 3056 7684 3230 4418 6933 1446 2585 2065 2036 6038 3074 1487 1587 2782 645 2035 2574 1220 1076 3198 1065 370 918 348 618 2617 564 1571 208 1000 4090 465 3594 895 2848 1122 869 1469 1162 2790 1162 258 2221 420 945 292 81 549 550 300 274 3335 2759 780 3190
is_linear=0
shrinkage=0.05


Tree=52
num_leaves=63
num_cat=0
split_feature=33 36 36 32 36 36 34 36 31 34 36 32 40 40 40 40 21 40 40 40 32 40 40 21 34 21 40 36 36 40 31 36 33 21 36 40 40 36 40 40 36 21 36 34 36 40 21 40 40 40 36 40 40 21 21 40 36 34 36 40 34 40
split_gain=7.1847e+06 2.08756e+06 1.85064e+06 1.01184e+06 508988 355484 321109 228749 226336 219592 208434 185735 149327 119923 110709 106918 89886 81643.2 79399.9 76830.8 76738.9 70094.8 73177.4 66268.1 62757.9 60107.2 58248.8 58239.3 54953.3 53199.1 52757.9 51781.4 48467.1 46348.6 45235.4 45143.4 41634.2 41104.3 40731 40730.8 39577.2 44129.6 38083.7 37810.4 37079.9 36743.3 36203.7 36189.6 35137.4 33075.3 32954.4 31321.6 54959.2 30447.4 29190.5 28616 28437.2 28267.1 28231.9 27185.1 27174.5 27076.9
threshold=13.65 182.71250000000003 192.21666666666673 16.550000000000004 266.78333333333336 78.441666666666677 1.0500000000000003 342.98333333333341 339.55000000000007 7.6500000000000012 125.61 1.8500000000000003 1.0000000180025095e-35 1.5000000000000002 1.5000000000000002 1.5000000000000002 1.0000000180025095e-35 4.5000000000000009 4.5000000000000009 1.5000000000000002 324.25000000000006 1.5000000000000002 4.5000000000000009 1.0000000180025095e-35 2.0500000000000003 1.0000000180025095e-35 1.0000000180025095e-35 458.45000000000005 390.78333333333336 1.5000000000000002 247.15000000000001 394.05000000000007 1.0000000180025095e-35 1.0000000180025095e-35 325.31250000000006 1.0000000180025095e-35 1.0000000180025095e-35 252.83333333333337 4.5000000000000009 1.5000000000000002 397.11250000000013 1.0000000180025095e-35 23.950000000000003 1.5500000000000003 272.41250000000008 4.5000000000000009 1.0000000180025095e-35 4.5000000000000009 4.5000000000000009 4.5000000000000009 127.02500000000002 3.5000000000000004 2.5000000000000004 1.0000000180025095e-35 1.0000000180025095e-35 5.5000000000000009 51.625000000000007 93.850000000000009 80.75833333333334 3.5000000000000004 340.15000000000003 1.5000000000000002
decision_type=2 2 2 2 2 2 2 2 2 2 2 2 2 2 2 2 2 2 2 2 2 2 2 2 2 2 2 2 2 2 2 2 2 2 2 2 2 2 2 2 2 2 2 2 2 2 2 2 2 2 2 2 2 2 2 2 2 2 2 2 2 2
left_child=1 5 10 8 9 42 15 13 39 23 29 30 28 16 25 40 -5 51 -17 43 -14 53 -23 -4 -16 -12 -25 36 33 58 61 60 37 -8 -20 -10 -9 -19 -21 -3 41 -6 -1 -13 -18 -38 -24 -41 59 -26 -40 52 -15 -11 -39 -50 -31 -27 -2 -37 -22 -7
right_child=2 3 4 7 6 11 12 27 35 21 14 19 20 17 24 18 44 32 34 38 31 22 46 26 49 57 -28 -29 -30 56 -32 -33 -34 -35 -36 48 45 54 50 47 -42 -43 -44 -45 -46 -47 -48 -49 55 -51 -52 -53 -54 -55 -56 -57 -58 -59 -60 -61 -62 -63
leaf_value=-1.6449424082892283 -0.924589370644611 -0.45631997807509567 0.62702972951618641 0.47679519211359622 2.029604640438293 -0.88781712426135917 3.2077372853693213 1.5516470097182566 0.15581865119705868 1.8789400895066182 0.45347222213903349 -0.16416437666907935 1.8614699676604225 -0.74760697750455662 -0.061160227770826706 0.82321445599237875 1.3645941916716662 -0.014641624720217789 1.4041927443989384 -1.0095430737177002 2.341552049457801 0.77668157528304771 1.4058785899002462 2.1962442201358501 0.014948876758119954 1.0622312830130787 1.0188851086378301 2.4620804646121925 6.0657471266659826 -2.0060190564110165 -0.55061952885414778 4.8152493890126546 1.0739879320570551 4.9691447149623524 2.0934720344456599 -0.33652975932637952 0.33612250558327178 0.3417954471718142 -0.81881126229579404 -1.1399153171805243 4.0617029635111495 3.7121249850406204 -1.3159739917486053 1.3400677515400781 3.2834182870799098 1.0157643122629265 2.097677342753999 -0.74264132447139142 0.064324485660073857 0.77868561761031652 -0.34356243946165055 -0.59783891874258632 0.29819029445449513 2.7577709369109691 1.2692850659611405 -0.31609850759269176 -0.66079801345384981 2.0273441485515455 0.47803177944630204 -0.84389996773414144 3.1233247687884917 -1.2819209675335668
leaf_weight=1680 46 771 1260 803 416 559 247 226 666 295 307 583 390 184 1061 377 191 1085 606 667 264 310 471 128 201 198 586 67 22 42 363 30 172 44 392 735 296 966 622 842 30 43 1847 45 29 606 316 1796 785 481 882 427 396 148 93 1335 608 123 163 412 192 1978
leaf_count=1680 46 771 1260 803 416 559 247 226 666 295 307 583 390 184 1061 377 191 1085 606 667 264 310 471 128 201 198 586 67 22 42 363 30 172 44 392 735 296 966 622 842 30 43 1847 45 29 606 316 1796 785 481 882 427 396 148 93 1335 608 123 163 412 192 1978
internal_value=-0.00456506 -0.504024 1.12257 -0.0928719 1.60452 -1.07815 2.07678 0.4172 -0.477823 1.19422 0.142704 -0.833988 2.71882 0.248741 0.384463 1.66723 0.722115 0.103011 1.44141 -0.543441 2.38388 1.64172 1.42735 0.845108 0.179381 0.953664 1.22995 1.02986 3.65623 -0.524598 -1.11442 2.8031 0.266433 3.47407 1.67493 -0.219364 0.944785 0.201647 -0.684333 -0.776009 2.30222 2.18723 -1.47267 -0.056377 1.61753 0.792733 1.68365 -0.869444 -0.295847 0.553596 -0.540108 -0.272844 -0.0335799 2.17254 0.423246 -0.175234 -0.74772 1.43204 0.169321 -0.518776 2.67072 -1.19508
internal_weight=31906 22109 9797 12883 6567 9226 3053 5541 7342 3514 3230 5699 1189 4346 2371 1864 1023 3323 1375 2799 876 1540 1097 1974 1743 628 714 1195 313 859 2900 486 2316 291 998 3933 1128 2144 2171 3409 489 459 3527 628 220 902 787 2638 3267 682 1504 1007 580 443 1059 2120 650 321 209 1147 456 2537
internal_count=31906 22109 9797 12883 6567 9226 3053 5541 7342 3514 3230 5699 1189 4346 2371 1864 1023 3323 1375 2799 876 1540 1097 1974 1743 628 714 1195 313 859 2900 486 2316 291 998 3933 1128 2144 2171 3409 489 459 3527 628 220 902 787 2638 3267 682 1504 1007 580 443 1059 2120 650 321 209 1147 456 2537
is_linear=0
shrinkage=0.05


Tree=53
num_leaves=63
num_cat=0
split_feature=35 35 35 35 35 35 35 36 35 36 35 35 35 36 35 35 36 35 36 36 35 33 36 31 30 35 16 31 4 36 2 36 32 32 23 33 35 32 35 33 36 31 23 31 36 35 36 33 33 33 33 32 32 31 33 31 33 35 31 32 32 33
split_gain=1.01004e+07 2.00743e+06 1.38713e+06 303792 274935 259337 257841 62437.1 45847.2 45763.4 44452.1 35943.7 33854.6 29677.1 29284.2 29248.9 25483.9 20184.8 27569.6 50983.5 18115.5 18911.6 17867.2 17819.5 14219.2 11257.7 11157.1 11012.3 10616.5 18496.6 13230.8 18963.7 12927.7 10419.7 18079.7 10260.8 9319.66 9242.91 9158.85 12990 8754.17 8383.07 8352.6 11325.8 8272.26 8250.85 7908.91 13150.6 8043.93 7833.28 11286.6 7427.58 7395.57 6984.45 7495.64 6831.45 6708.95 6598.81 6442.79 6259.2 8828.81 6123.93
threshold=639.85000000000014 311.15000000000003 1032.6500000000003 156.95000000000002 474.4500000000001 1313.1500000000003 860.05000000000007 416.75000000000006 759.00000000000011 40.158333333333339 373.95000000000005 1187.8500000000001 216.85000000000005 206.78750000000005 557.30000000000007 1397.9500000000003 467.75000000000006 1455.95 362.04166666666669 313.22500000000008 894.95000000000016 27.550000000000004 180.51666666666668 195.85000000000005 1.0000000180025095e-35 685.05000000000007 1.0000000180025095e-35 5.9500000000000011 1.0000000180025095e-35 347.52916666666675 1.0000000180025095e-35 271.14166666666677 474.15000000000003 253.05000000000004 1.0000000180025095e-35 313.55000000000007 428.85000000000008 352.45000000000005 978.05000000000007 164.25000000000003 261.05833333333339 424.35000000000008 1.0000000180025095e-35 288.25000000000006 114.72500000000001 492.75000000000011 261.05833333333339 194.55000000000004 427.15000000000003 466.95000000000005 436.05000000000007 11.050000000000002 418.85000000000008 390.65000000000003 453.55000000000007 320.15000000000003 370.25000000000006 511.05000000000007 142.45000000000002 470.75000000000006 416.95000000000005 472.55000000000007
decision_type=2 2 2 2 2 2 2 2 2 2 2 2 2 2 2 2 2 2 2 2 2 2 2 2 2 2 2 2 2 2 2 2 2 2 2 2 2 2 2 2 2 2 2 2 2 2 2 2 2 2 2 2 2 2 2 2 2 2 2 2 2 2
left_child=1 3 6 9 10 11 8 17 25 27 58 13 -5 -4 41 -9 20 28 19 52 -8 -22 -23 40 37 -2 33 -1 30 -30 31 -7 42 34 -13 -20 -12 -25 -24 -40 -15 57 43 -33 -11 -43 47 -35 -49 50 56 -10 -19 54 59 -56 -37 -6 -3 60 -48 -42
right_child=2 4 5 12 14 7 16 15 51 44 36 26 -14 23 -16 -17 -18 18 35 -21 21 22 38 24 -26 -27 -28 -29 29 -31 -32 32 -34 46 -36 49 -38 -39 39 -41 61 45 -44 -45 -46 -47 53 48 -50 -51 -52 -53 -54 -55 55 -57 -58 -59 -60 -61 -62 -63
leaf_value=-1.6886744625503951 0.5045807619086734 -0.65850415593253864 3.5803515663853398 -0.98576994529979634 -0.10952670433368182 4.3941809958425067 1.1514295273536166 3.4665204297928582 0.42586109093390406 -1.2877247657916817 -0.30569530035037779 2.2523116129800815 -0.72791318787520431 1.1465863390886428 0.30879365004601428 5.8679957032203678 2.6583529579639436 2.8892338273780691 4.0839959769021901 6.3526904605683825 1.893379725835624 2.4347992109089365 1.2868350990789166 1.8206358229722932 2.8214373621940614 0.71781027665556296 3.3643898552861708 -1.4516573660132148 1.7553127797043073 3.4857349914053213 2.3484563435378827 1.5932033413222859 4.1395267768339679 1.7910128139314196 0.76145989990234375 2.4486490889356056 -0.16210720595428221 2.1260031501416177 0.89896549502576617 1.6323739308829592 1.8767303270464009 0.063166202761965787 3.5677703519021318 2.8775455124834752 -1.1090246314129997 0.38931967990026534 2.1747901779665075 3.5602054557800296 2.3940977505275183 3.5190242835704022 1.6774761339892512 0.97355605007820789 4.0384239933320449 2.6398965337850751 2.0807260160446166 3.2178697417357136 3.5241565638575061 0.081396626633737146 -0.45873005183128113 2.6858560296205378 1.2796013041668468 1.0703654631972312
leaf_weight=740 1010 503 27 2022 822 29 615 21 64 2030 2364 109 3436 92 1995 32 40 28 21 21 226 41 997 553 50 1599 29 1451 47 23 57 21 22 21 25 29 2165 449 69 483 148 507 31 94 951 314 71 50 21 34 23 1889 28 137 25 28 29 1007 2042 26 45 28
leaf_count=740 1010 503 27 2022 822 29 615 21 64 2030 2364 109 3436 92 1995 32 40 28 21 21 226 41 997 553 50 1599 29 1451 47 23 57 21 22 21 25 29 2165 449 69 483 148 507 31 94 951 314 71 50 21 34 23 1889 28 137 25 28 29 1007 2042 26 45 28
internal_value=-0.00433681 -0.586085 1.35608 -1.08364 -0.134767 2.36161 0.995214 3.27922 0.772404 -1.35822 -0.331012 2.08167 -0.82344 1.93938 0.164101 4.91647 1.40657 3.11763 3.4957 4.2517 1.38597 1.4654 1.40457 1.90581 1.99854 0.635265 2.4082 -1.53171 2.86908 2.32388 3.01933 3.21344 3.00963 2.3585 1.97417 3.06768 -0.237056 1.95747 1.3773 1.5407 1.54184 0.0551725 2.83937 2.64301 -1.23072 0.187907 2.47997 2.89019 3.2153 2.88209 2.61473 0.955608 3.46383 2.36629 2.17407 2.68148 2.9864 -0.00440927 -0.498214 1.98468 1.82752 1.74845
internal_weight=31906 22349 9557 10630 11719 2524 7033 590 4562 5172 7074 1934 5458 1347 4645 53 2471 537 213 77 2431 1816 1590 1320 1052 2609 587 2191 324 70 254 197 168 558 134 136 4529 1002 1549 552 268 2650 146 115 2981 821 424 92 71 115 81 1953 56 332 195 53 58 1829 2545 142 116 176
internal_count=31906 22349 9557 10630 11719 2524 7033 590 4562 5172 7074 1934 5458 1347 4645 53 2471 537 213 77 2431 1816 1590 1320 1052 2609 587 2191 324 70 254 197 168 558 134 136 4529 1002 1549 552 268 2650 146 115 2981 821 424 92 71 115 81 1953 56 332 195 53 58 1829 2545 142 116 176
is_linear=0
shrinkage=0.05


Tree=54
num_leaves=63
num_cat=0
split_feature=35 35 35 35 35 35 35 36 35 36 37 34 35 35 21 36 35 35 36 36 31 36 14 38 4 2 35 36 30 31 35 31 39 32 23 36 21 34 32 31 35 35 36 31 31 36 35 38 36 31 32 32 11 28 34 32 2 36 31 34 36 32
split_gain=9.1156e+06 1.81174e+06 1.25214e+06 282820 251375 240977 220103 56349.5 48476.4 41301.5 39800.6 38351.4 36971 32302.7 27197.6 29406 26429 25924.8 21374.7 21333.1 15886 13516.5 12781.4 14516.5 12729.9 15508.3 12400 12336.8 12195.5 10671.3 10160.1 9938.56 9771.76 9595.87 18777.1 9344.46 9333.43 12732.1 9262.69 9822.55 8412.62 8410.99 7995.15 7565.72 7516.56 7465.72 7446.39 7286.57 7204.07 7957.1 7071.48 12771.5 6876.4 9724.33 11944.3 7434.92 6785.1 8167.35 6722.7 6654.85 7572.22 6590.06
threshold=639.85000000000014 314.35000000000008 1044.7500000000002 156.95000000000002 873.85000000000014 474.4500000000001 1313.1500000000003 416.75000000000006 759.00000000000011 40.158333333333339 5.5000000000000009 393.85000000000008 373.95000000000005 202.60000000000002 1.0000000180025095e-35 318.92500000000001 557.30000000000007 1187.8500000000001 467.75000000000006 174.31250000000006 259.35000000000008 354.54166666666669 1.0000000180025095e-35 1.0000000180025095e-35 1.0000000180025095e-35 1.0000000180025095e-35 978.05000000000007 262.54166666666674 1.0000000180025095e-35 345.95000000000005 685.05000000000007 5.9500000000000011 1.0000000180025095e-35 259.05000000000007 1.0000000180025095e-35 269.82916666666671 1.0000000180025095e-35 173.65000000000001 428.85000000000008 40.000000000000007 242.65000000000001 428.85000000000008 218.61250000000004 424.35000000000008 326.15000000000003 114.72500000000001 492.75000000000011 1.0000000180025095e-35 243.37500000000003 343.95000000000005 342.75000000000006 416.95000000000005 1.0000000180025095e-35 1.0000000180025095e-35 324.25000000000006 401.15000000000003 1.0000000180025095e-35 323.02500000000003 306.25000000000006 323.15000000000003 285.45833333333337 392.85000000000008
decision_type=2 2 2 2 2 2 2 2 2 2 2 2 2 2 2 2 2 2 2 2 2 2 2 2 2 2 2 2 2 2 2 2 2 2 2 2 2 2 2 2 2 2 2 2 2 2 2 2 2 2 2 2 2 2 2 2 2 2 2 2 2 2
left_child=1 3 4 9 8 12 10 14 30 31 17 -9 -3 -5 21 24 43 20 19 -6 27 52 23 50 25 35 38 -4 36 -25 -2 -1 48 34 47 -16 -22 -38 58 -40 -15 -14 -39 -7 -34 -11 -45 -19 -28 -50 -23 -52 53 54 -8 -56 -35 -58 -21 -37 -61 -31
right_child=2 5 6 13 18 16 7 11 -10 45 -12 -13 41 40 15 -17 -18 33 -20 26 28 22 -24 29 -26 -27 32 -29 -30 61 -32 -33 44 56 -36 59 37 42 39 -41 -42 -43 -44 46 -46 -47 -48 -49 49 -51 51 -53 -54 -55 55 -57 57 -59 -60 60 -62 -63
leaf_value=-1.6042407314841811 0.47935172261043207 -0.46757406186212391 1.1192763083571688 -0.97474041967039859 2.5506676586898598 -0.0041888024681721965 1.878740510582924 3.4470731817442797 0.92258567895200805 -1.2233385281727234 3.7793736832276466 6.1491262207428612 -0.2904105352504926 -0.80324544807239784 4.3795955843395662 4.6895248887506691 0.29335396830200272 1.7807231833857875 2.5254352819919585 1.0720991815001899 1.7966849579929183 1.9464379808177119 1.8662493397360262 4.5748424237424681 2.1155812543172106 2.2137547223900373 2.3102755277714833 1.7544375990808476 2.8352140621135113 3.751449080875942 0.68191976196049897 -1.3790744805155255 1.5673598457061289 2.4544661487763126 0.6484910650253296 4.1233941841125485 2.4578241172958823 1.009598790716242 0.62501311153173456 1.5539418241476119 -0.65214502118686302 -0.15400184544751863 1.9918788917948693 0.060007893344427826 1.1509790042574917 -1.0535733928690447 0.36985369399901791 2.5639216694392655 1.3570768792212495 1.9481751140558494 3.9155418862467233 2.4558392776999365 1.6498135779301326 1.7986084519113814 3.6788565910223761 2.535727791786194 1.4585710920211747 2.5244431613013152 1.3094587906166375 2.4329398541538807 3.5012925783908644 2.579728425116766
leaf_weight=740 1010 2411 109 1512 37 1829 25 29 2189 2030 31 24 2364 1405 27 37 1995 62 40 582 530 23 23 22 26 26 47 256 38 28 1599 1451 224 360 25 20 153 27 31 347 2675 2165 89 507 210 951 314 57 123 106 23 43 30 35 33 25 41 32 612 27 43 21
leaf_count=740 1010 2411 109 1512 37 1829 25 29 2189 2030 31 24 2364 1405 27 37 1995 62 40 582 530 23 23 22 26 26 47 256 38 28 1599 1451 224 360 25 20 153 27 31 347 2675 2165 89 507 210 951 314 57 123 106 23 43 30 35 33 25 41 32 612 27 43 21
internal_value=-0.00411996 -0.55678 1.28827 -1.02382 0.956856 -0.122842 2.27659 3.11526 0.749078 -1.29031 2.00321 4.67064 -0.309404 -0.777335 2.96175 3.4128 0.155896 1.97226 1.37946 1.35969 1.84002 2.68103 2.96837 3.1268 3.13328 3.31832 1.34038 1.56476 1.96005 3.66002 0.603501 -1.45512 1.51381 2.24775 1.89417 3.56378 1.91843 2.1583 1.26205 1.47776 -0.704178 -0.225203 1.76324 0.0524139 1.36589 -1.16918 0.178512 2.15587 1.74641 1.63069 2.70142 2.96452 2.32574 2.49759 2.79234 3.18613 2.36534 1.9258 1.19376 3.31903 3.08921 3.24928
internal_weight=31906 22349 9557 10764 7157 11585 2400 590 4798 5172 1810 53 6940 5592 537 206 4645 1779 2359 2319 1202 331 183 160 169 143 2282 365 837 71 2609 2191 710 577 144 117 799 269 1572 378 4080 4529 116 2650 434 2981 821 119 276 229 89 66 148 118 83 58 433 73 1194 90 70 49
internal_count=31906 22349 9557 10764 7157 11585 2400 590 4798 5172 1810 53 6940 5592 537 206 4645 1779 2359 2319 1202 331 183 160 169 143 2282 365 837 71 2609 2191 710 577 144 117 799 269 1572 378 4080 4529 116 2650 434 2981 821 119 276 229 89 66 148 118 83 58 433 73 1194 90 70 49
is_linear=0
shrinkage=0.05


Tree=55
num_leaves=63
num_cat=0
split_feature=35 35 35 35 35 35 35 36 35 35 36 35 32 35 36 21 36 35 35 36 33 33 33 31 32 24 36 31 32 34 32 1 31 36 31 31 33 21 34 32 23 6 38 36 31 38 33 35 24 35 33 36 36 36 35 33 34 14 35 32 32 36
split_gain=8.20509e+06 1.44654e+06 1.36028e+06 252362 228054 209234 204942 75883.9 73302.9 35311.4 35134.8 32387.1 32031.9 31938.1 27306.8 24961.3 42251.5 23540.5 23376.9 20800.8 15291.6 15195.6 13609.5 13346.8 13106.4 13607.2 11401.7 11301.3 10715.3 9746.36 8947.44 9569.75 8533.64 7822.33 7590.58 7578.68 10908 10727.5 11006.1 9659.41 8251.77 9013.17 7546.23 8982.72 7589.41 7366.57 7073.61 6721.69 8911.67 6684.13 6352.39 6328.78 6324.94 6316 6298.78 5872.23 5806.2 5752.64 5655.83 5604.23 5525.27 5493.02
threshold=607.45000000000016 291.45000000000005 998.25000000000011 1351.1500000000003 794.6500000000002 445.15000000000009 153.05000000000004 416.75000000000006 1140.1000000000001 873.85000000000014 40.158333333333339 522.6500000000002 294.25000000000006 361.15000000000003 227.72500000000002 1.0000000180025095e-35 317.01666666666671 202.60000000000002 679.95000000000016 199.14166666666668 27.550000000000004 401.35000000000008 449.00000000000006 486.35000000000008 392.85000000000008 1.0000000180025095e-35 174.31250000000006 460.75000000000006 478.05000000000007 395.45000000000005 79.250000000000014 1.0000000180025095e-35 7.1500000000000012 89.916666666666671 300.15000000000003 228.25000000000003 261.75000000000006 1.0000000180025095e-35 325.65000000000003 452.55000000000007 1.0000000180025095e-35 1.0000000180025095e-35 1.0000000180025095e-35 373.58333333333343 334.05000000000007 1.0000000180025095e-35 220.05000000000004 894.95000000000016 1.0000000180025095e-35 96.050000000000011 361.75000000000006 140.98750000000004 367.51666666666671 127.02500000000002 1187.8500000000001 118.05000000000001 382.75000000000006 1.0000000180025095e-35 759.00000000000011 17.550000000000004 13.15 305.71666666666675
decision_type=2 2 2 2 2 2 2 2 2 2 2 2 2 2 2 2 2 2 2 2 2 2 2 2 2 2 2 2 2 2 2 2 2 2 2 2 2 2 2 2 2 2 2 2 2 2 2 2 2 2 2 2 2 2 2 2 2 2 2 2 2 2
left_child=1 6 4 8 18 13 10 12 19 59 32 23 21 34 -10 24 61 -8 53 -4 47 -5 -23 55 25 52 -22 -13 42 -9 60 54 -1 -15 -3 36 46 39 -39 45 41 50 43 -26 -44 -37 -21 -11 -49 -12 -38 -20 -14 -2 -32 -7 -40 58 -53 -6 -16 -17
right_child=2 5 3 7 9 11 17 29 14 20 49 27 15 33 30 16 -18 -19 51 35 26 22 -24 -25 28 -27 -28 -29 -30 -31 31 -33 -34 -35 -36 37 40 38 56 -41 -42 -43 44 -45 -46 -47 -48 48 -50 -51 -52 57 -54 -55 -56 -57 -58 -59 -60 -61 -62 -63
leaf_value=-1.5158389118470645 1.1064220935586959 -0.59700819197357824 3.043796615600586 1.4353545265142309 0.47418394790905893 -0.060178768489583992 -0.92616085936842263 4.3500324976444249 3.9532869475228445 1.2142542761298689 -1.2099192398181859 0.17247766754341343 3.3890321646417889 0.66396288993683727 2.1216811190480773 3.4924527810467412 5.7741932074228925 -0.69273067524872223 1.2934045464203165 1.5877030672597103 2.3139448713172568 3.5891403218110405 2.0520119628662039 0.24957595121599396 1.2357075002458362 2.3724546746774151 1.1672097805258992 0.65706712802057154 3.224048669094389 5.8751015207984238 1.9511279064817011 2.8210426874880525 -1.3076502277241833 -0.28172259452115872 -0.43016690811601327 1.3232435128963844 1.0279073660020475 2.0472188221142882 0.6472819550470873 2.0521075558975155 0.65153268113428231 0.55963368703300753 3.4243359549479053 2.5510039882659914 2.1927952669817827 1.7045168953429302 2.5726177059687103 1.8194661962669256 0.91044945832221735 -1.0527875419043691 1.6644194922351336 0.57157895701407202 4.5532250392436984 0.38575028728601596 2.2212021094028604 -0.28735884978345994 1.6679591997575605 1.1222718071129363 0.73889255004405163 0.94555419631920834 1.1182657492511412 2.5660161650180822
leaf_weight=760 31 1184 25 43 66 2498 1635 20 21 101 1104 2004 28 22 23 80 21 3182 37 61 22 24 36 331 27 22 1473 128 44 22 324 53 1397 3608 1607 337 54 252 22 81 49 30 22 25 29 203 26 207 31 1749 143 1660 20 1577 647 321 38 59 726 1414 34 20
leaf_count=760 31 1184 25 43 66 2498 1635 20 21 101 1104 2004 28 22 23 80 21 3182 37 61 22 24 36 331 27 22 1473 128 44 22 324 53 1397 3608 1607 337 54 252 22 81 49 30 22 25 29 203 26 207 31 1749 143 1660 20 1577 647 321 38 59 726 1414 34 20
internal_value=-0.00214328 -0.557577 1.15775 2.07448 0.797942 -0.182021 -1.00483 3.11808 1.86644 1.10622 -1.22872 0.0510774 2.92468 -0.373771 2.16755 3.15991 3.73533 -0.771962 0.548155 1.61526 1.25284 2.15274 2.66686 -0.0507807 2.83906 3.40216 1.18408 0.201571 2.57091 5.14888 2.13286 2.1668 -1.381 -0.275991 -0.500944 1.5877 1.39386 1.66312 1.90231 1.54295 1.23997 1.367 2.2919 1.86806 2.72405 1.46657 1.88205 1.55603 1.70106 -1.11359 1.48994 0.64437 3.87411 0.399644 2.13108 -0.0860478 1.29371 0.634549 0.622488 0.924534 1.52315 3.30717
internal_weight=31840 21530 10310 2906 7404 11703 9827 483 2423 3314 5010 5282 441 6421 1102 338 121 4817 4090 1321 1834 103 60 3150 217 70 1495 2132 147 42 1081 1024 2157 3630 2791 1296 363 933 312 621 276 227 103 52 51 540 87 339 238 2853 197 2482 48 1608 971 2819 60 2445 2386 1480 57 100
internal_count=31840 21530 10310 2906 7404 11703 9827 483 2423 3314 5010 5282 441 6421 1102 338 121 4817 4090 1321 1834 103 60 3150 217 70 1495 2132 147 42 1081 1024 2157 3630 2791 1296 363 933 312 621 276 227 103 52 51 540 87 339 238 2853 197 2482 48 1608 971 2819 60 2445 2386 1480 57 100
is_linear=0
shrinkage=0.05


Tree=56
num_leaves=63
num_cat=0
split_feature=35 35 35 40 40 40 35 40 40 35 40 35 35 40 35 40 40 40 35 40 40 40 35 40 40 40 40 40 40 40 40 40 40 40 40 35 40 40 40 40 40 35 35 35 32 37 31 35 36 21 40 40 36 36 35 10 35 35 35 36 35 35
split_gain=7.40766e+06 1.44374e+06 1.09635e+06 310275 243492 242384 223475 186421 143315 143075 114586 101852 99340.1 96017.4 84137.5 67082.6 104260 63586.3 63018.5 61884 57779.7 52675.2 51004.3 50495.4 45574.8 42047.8 41016.8 40680.4 39788.1 33673.7 117567 33233 32547.7 32408.1 30470.1 25974.8 25536.8 25375.4 50813.7 25040.4 75789.1 24166.2 22693.4 22444.1 21855.2 22096.4 20863.7 19259.5 19213.1 29293.6 18338.2 35192.2 16189.8 15555.9 15478.3 13203.9 12991 12915.1 12672.1 12328.2 11779.8 11572.7
threshold=639.85000000000014 311.15000000000003 1032.6500000000003 1.0000000180025095e-35 1.0000000180025095e-35 1.5000000000000002 153.05000000000004 4.5000000000000009 4.5000000000000009 439.9500000000001 3.5000000000000004 1279.4000000000003 873.85000000000014 4.5000000000000009 1397.9500000000003 3.5000000000000004 2.5000000000000004 3.5000000000000004 794.6500000000002 1.0000000180025095e-35 5.5000000000000009 5.5000000000000009 452.85000000000008 5.5000000000000009 4.5000000000000009 3.5000000000000004 4.5000000000000009 5.5000000000000009 5.5000000000000009 2.5000000000000004 1.5000000000000002 3.5000000000000004 1.5000000000000002 5.5000000000000009 5.5000000000000009 1397.9500000000003 4.5000000000000009 2.5000000000000004 1.5000000000000002 2.5000000000000004 1.5000000000000002 1155.7500000000002 38.250000000000007 74.050000000000011 292.45000000000005 4.5000000000000009 302.05000000000007 916.25000000000011 394.05000000000007 1.0000000180025095e-35 2.5000000000000004 1.5000000000000002 157.21000000000004 373.58333333333343 894.95000000000016 1.0000000180025095e-35 860.05000000000007 557.30000000000007 1140.1000000000001 211.48750000000004 759.00000000000011 563.1500000000002
decision_type=2 2 2 2 2 2 2 2 2 2 2 2 2 2 2 2 2 2 2 2 2 2 2 2 2 2 2 2 2 2 2 2 2 2 2 2 2 2 2 2 2 2 2 2 2 2 2 2 2 2 2 2 2 2 2 2 2 2 2 2 2 2
left_child=1 6 3 18 22 14 32 10 15 26 29 27 21 17 41 16 -7 39 52 -8 57 60 -3 44 25 50 31 58 -26 30 -5 37 42 -28 -14 -18 -34 38 -6 40 -11 59 -1 -38 -13 53 -43 -20 49 -16 51 -21 -2 -46 -31 -49 -12 -15 -10 -4 -9 -24
right_child=2 4 5 7 9 8 19 12 11 13 56 23 34 20 48 -17 35 -19 47 24 -22 -23 61 -25 28 -27 33 -29 -30 54 -32 -33 36 -35 -36 -37 43 -39 -40 -41 -42 46 -44 -45 45 -47 -48 55 -50 -51 -52 -53 -54 -55 -56 -57 -58 -59 -60 -61 -62 -63
leaf_value=-1.2441091914136873 2.1440267240678943 0.11399009216811154 3.4455987430754167 0.99199273435703972 -0.20305744121724276 0.21172878377967411 -0.34423274040106805 0.81374623543791269 1.8868876926152205 0.22365955030102108 -0.40591139192925269 2.1806963343173265 1.5542886587697824 0.26855594880734179 3.1114460659387002 0.48058418194118602 2.0538152812392849 -0.73601674925421301 1.5868168503211606 -0.62242927791873148 -0.056084594506005392 0.50984404802455863 0.47712988098741294 2.16333433507701 -0.43634757146123171 -1.3382424081373789 -0.11055850778879722 1.4736430008807246 -0.81079750287770858 0.69393571759024297 -0.47000132863212268 -0.95407104253607544 -1.4258753320427866 -0.45597594709088796 1.0343585762494643 3.7890636539459233 -1.2831557027000824 -0.19989678402030284 -1.1862793046015281 0.12425530590150541 -0.91165144141940846 2.3246478794544352 -0.75365237343654368 -0.99746745792545277 2.7861215656453915 4.65898093738054 3.199747678942797 2.2049191188873674 5.4136482607234608 5.0097727206445519 -0.59530222485782347 -1.4685888447986652 1.0684569385534219 4.0560263006310713 1.3120111746359062 1.1740284602982658 0.04896218995211505 0.61097530671818701 2.4543200060536856 2.1892093660055307 1.1477912836021991 0.8160368906472194
leaf_weight=357 37 1081 21 287 256 90 970 572 220 294 461 32 489 904 59 260 157 650 495 260 1982 1535 708 178 1139 583 1096 537 1881 415 264 554 1197 1785 665 25 1468 462 270 555 294 102 695 1293 66 38 205 276 22 31 513 233 643 38 134 35 238 396 178 278 490 391
leaf_count=357 37 1081 21 287 256 90 970 572 220 294 461 32 489 904 59 260 157 650 495 260 1982 1535 708 178 1139 583 1096 537 1881 415 264 554 1197 1785 665 25 1468 462 270 555 294 102 695 1293 66 38 205 276 22 31 513 233 643 38 134 35 238 396 178 278 490 391
internal_value=-0.00203611 -0.502091 1.1611 0.839795 -0.118713 2.0522 -0.924896 0.667987 1.74515 -0.228094 0.249551 2.03049 0.868672 -0.0469276 2.83008 1.05486 1.60379 -0.341171 1.48147 -0.707226 0.113821 0.697147 0.357845 2.75543 -0.783621 -1.00038 -0.435965 1.75757 -0.669573 0.567649 0.291509 -0.644089 -1.16729 -0.324571 1.25468 2.29217 -1.23299 -0.470274 -0.707753 -0.11663 -0.343996 2.59739 -0.920091 -1.14937 3.36113 3.62714 2.909 1.78055 4.08909 3.76531 -0.804575 -1.02234 1.12698 3.25013 0.844796 2.0889 -0.251033 0.372862 2.14066 2.27745 0.967872 0.597706
internal_weight=31840 22267 9573 7036 11678 2537 10589 5550 1819 9498 1799 1287 3751 5075 718 532 272 1793 1486 5579 3282 2597 2180 352 4609 1589 4423 935 3020 1100 551 1542 5010 2881 1154 182 3958 988 526 1143 588 606 1052 2761 174 142 307 806 112 90 1006 493 680 104 549 311 699 1300 398 299 1062 1099
internal_count=31840 22267 9573 7036 11678 2537 10589 5550 1819 9498 1799 1287 3751 5075 718 532 272 1793 1486 5579 3282 2597 2180 352 4609 1589 4423 935 3020 1100 551 1542 5010 2881 1154 182 3958 988 526 1143 588 606 1052 2761 174 142 307 806 112 90 1006 493 680 104 549 311 699 1300 398 299 1062 1099
is_linear=0
shrinkage=0.05


Tree=57
num_leaves=63
num_cat=0
split_feature=35 35 35 40 40 40 40 40 35 35 35 40 35 35 40 40 40 35 35 40 40 40 40 40 40 40 40 40 40 40 40 40 40 36 40 35 40 40 40 35 40 40 32 37 35 35 40 37 36 31 21 36 35 36 36 40 40 35 35 35 35 35
split_gain=6.68845e+06 1.18392e+06 1.10969e+06 273745 253270 210314 171561 162027 146154 137235 104470 94548.6 83926.9 82650.5 73106.6 98912.4 67294.1 59425.2 50828.8 49006.6 45805.2 45588.4 45572.1 44932.9 42790.9 39868.6 39367.9 37864.5 35978 33901.2 33004.2 113199 31425.6 30907.2 29234.5 27654.3 25540.2 23578.7 51841.8 19857 19794.9 61795.8 19724.3 19942 19450.2 18618.5 18385.5 16622.5 16495.6 16138.3 15330.5 15537.5 15025.3 14039.2 13915.7 13459.6 22001.1 13010.8 12202.6 11537.2 10284.1 10040.5
threshold=607.45000000000016 275.10000000000008 998.25000000000011 1.0000000180025095e-35 1.5000000000000002 1.0000000180025095e-35 4.5000000000000009 4.5000000000000009 428.85000000000008 137.55000000000004 1279.4000000000003 3.5000000000000004 1351.1500000000003 794.6500000000002 3.5000000000000004 2.5000000000000004 4.5000000000000009 794.6500000000002 452.85000000000008 3.5000000000000004 5.5000000000000009 5.5000000000000009 5.5000000000000009 4.5000000000000009 5.5000000000000009 1.0000000180025095e-35 3.5000000000000004 5.5000000000000009 5.5000000000000009 4.5000000000000009 2.5000000000000004 1.5000000000000002 5.5000000000000009 397.11250000000013 3.5000000000000004 1351.1500000000003 1.5000000000000002 2.5000000000000004 1.5000000000000002 1155.7500000000002 2.5000000000000004 1.5000000000000002 292.45000000000005 4.5000000000000009 860.05000000000007 38.250000000000007 4.5000000000000009 4.5000000000000009 21.750000000000004 302.05000000000007 1.0000000180025095e-35 286.95833333333343 894.95000000000016 373.58333333333343 205.71666666666673 2.5000000000000004 1.5000000000000002 527.55000000000007 1140.1000000000001 1044.7500000000002 916.25000000000011 949.45000000000016
decision_type=2 2 2 2 2 2 2 2 2 2 2 2 2 2 2 2 2 2 2 2 2 2 2 2 2 2 2 2 2 2 2 2 2 2 2 2 2 2 2 2 2 2 2 2 2 2 2 2 2 2 2 2 2 2 2 2 2 2 2 2 2 2
left_child=1 9 3 17 12 18 11 14 23 36 21 30 39 24 15 -6 19 47 -3 40 -18 58 42 26 -8 -11 37 -15 -25 34 31 61 -31 50 55 -17 45 38 -7 54 41 -10 -12 53 -13 -1 -38 -2 -48 -41 -14 -52 -32 -44 -4 56 -27 -42 -9 -16 -19 -5
right_child=2 5 4 6 7 8 13 10 16 25 22 44 33 27 59 35 20 60 -20 -21 -22 -23 -24 28 -26 29 -28 -29 -30 32 52 -33 -34 -35 -36 -37 46 -39 -40 49 57 -43 43 -45 -46 -47 48 -49 -50 -51 51 -53 -54 -55 -56 -57 -58 -59 -60 -61 -62 -63
leaf_value=-1.1819037261129428 0.96217838572373826 0.051298201968155079 3.405854084378197 0.77294769847614186 0.15013815607174788 -0.24173603846544497 0.81065366687600937 1.8093640401315849 0.17066978694052035 -0.42039781306786694 2.0716615268960594 -0.43845470892497823 2.9984173040792168 1.2862899076913761 -0.34580806195735936 1.7890286356990419 0.28515300568936247 1.5074760084260594 0.52942669004327447 -0.68970707871607273 -0.10341651459064881 1.36263696719977 2.0551675993797445 -0.15053698042311656 0.35991563744532568 -0.68148527146522575 -0.97601485094125984 0.81365599261232213 -0.48777984946985198 -0.47842223890941382 0.59458789716742666 -0.51265196135678026 -0.84095995005087143 5.4283168082887485 -1.3204224350491192 3.2958420225091887 -1.3646465988159182 -0.25351483671015113 -1.1613893544548537 2.1522135206680191 -0.10054796101415067 -0.88965527238741304 2.6468154917612221 4.4260318426317289 0.1426477847283884 -0.72250128855260554 -1.2875189491511705 1.8852682536611192 -1.0203345232980945 2.9793846210332515 3.1695859074592594 5.0506945464922035 1.2493154772531208 3.8532249776940599 2.082341906025782 -0.63544916490628223 -1.4089314719139061 0.41619637232432344 2.3316040098557269 0.47993527074314413 1.909154703487107 1.8182919152379036
leaf_weight=357 785 1356 21 283 101 304 897 301 282 791 32 521 83 719 51 172 1249 495 942 631 1931 660 178 1276 1275 213 661 1032 2080 966 484 295 1568 22 492 37 1075 546 309 87 346 268 66 38 199 577 907 52 1591 183 21 23 107 38 366 421 203 188 178 248 235 25
leaf_count=357 785 1356 21 283 101 304 897 301 282 791 32 521 83 719 51 172 1249 495 942 631 1931 660 178 1276 1275 213 661 1032 2080 966 484 295 1568 22 492 37 1075 546 309 87 346 268 66 38 199 577 907 52 1591 183 21 23 107 38 366 421 203 188 178 248 235 25
internal_value=-0.00193431 -0.503414 1.04529 0.720308 1.87328 -0.184324 0.562783 1.5841 -0.28281 -0.934244 1.86479 0.174701 2.62674 0.752124 0.896898 1.43491 -0.0869438 1.30708 0.247293 -0.339387 0.0492009 1.63212 2.61766 -0.468043 0.546063 -0.743803 -0.668089 1.00773 -0.359555 -0.810024 0.447593 0.187345 -0.702755 3.69811 -1.01455 2.05579 -1.1309 -0.492473 -0.705313 2.38376 -0.135464 -0.345998 3.19307 3.44579 -0.277844 -0.898097 -1.19175 1.01953 -1.11735 2.71285 3.39839 4.15289 0.713126 3.08762 2.15416 -0.834759 -1.03647 0.081377 2.00343 0.339089 1.63678 0.857797
internal_weight=31840 21530 10310 7404 2906 12369 5837 2100 10071 9161 1491 1914 806 3923 609 310 4895 1567 2298 1715 3180 1139 352 5176 2172 4654 1820 1751 3356 3863 1194 603 2534 149 1329 209 4507 1159 613 657 1084 550 174 142 720 934 3573 837 2498 270 127 44 591 104 387 837 416 534 479 299 730 308
internal_count=31840 21530 10310 7404 2906 12369 5837 2100 10071 9161 1491 1914 806 3923 609 310 4895 1567 2298 1715 3180 1139 352 5176 2172 4654 1820 1751 3356 3863 1194 603 2534 149 1329 209 4507 1159 613 657 1084 550 174 142 720 934 3573 837 2498 270 127 44 591 104 387 837 416 534 479 299 730 308
is_linear=0
shrinkage=0.05


Tree=58
num_leaves=63
num_cat=0
split_feature=35 35 35 35 35 35 35 36 35 37 35 35 32 37 36 35 35 37 35 33 32 31 33 24 32 33 35 31 33 36 33 31 31 34 32 30 31 33 23 34 35 36 0 31 14 33 34 36 32 31 32 31 36 31 36 25 32 36 36 32 5 31
split_gain=6.04723e+06 1.2215e+06 861686 236783 159661 154430 137158 62039 35375.1 35163.9 32081.8 28762.9 25816.4 22591.7 22965 21346.5 18974.5 16667.6 13037 12938.4 12505.8 12365.6 11855 11317.7 11199.2 10833.8 12881.6 9916.82 9766.09 9615.83 8868.89 8393.66 8768.77 8252.54 8025.63 13290.2 9731.06 11436.7 9218.96 7862.73 7486.68 7593.87 7279.2 7119.68 6570.33 6566.88 9324.52 7588.69 6436.18 6268.98 6256.37 6218.08 12391.1 9821.71 10422.4 8896.09 7699.33 5491.99 5428.73 5386.82 5260.27 5236.14
threshold=651.1500000000002 339.15000000000009 1044.7500000000002 176.95000000000002 867.25000000000011 1351.1500000000003 487.35000000000008 416.75000000000006 82.450000000000017 5.5000000000000009 1140.1000000000001 759.00000000000011 294.25000000000006 4.5000000000000009 313.22500000000008 242.65000000000001 406.55000000000007 5.5000000000000009 548.05000000000007 401.35000000000008 392.85000000000008 426.45000000000005 449.00000000000006 1.0000000180025095e-35 478.05000000000007 3.5500000000000003 978.05000000000007 7.1500000000000012 1.3500000000000003 362.04166666666669 1.0000000180025095e-35 259.35000000000008 271.65000000000003 395.45000000000005 306.25000000000006 1.0000000180025095e-35 464.85000000000008 22.050000000000004 1.0000000180025095e-35 443.30000000000001 916.25000000000011 302.3633333333334 1.0000000180025095e-35 416.15000000000003 1.0000000180025095e-35 402.75000000000006 350.25000000000006 373.58333333333343 4.1500000000000012 489.95000000000005 378.65000000000003 462.55000000000007 298.01666666666671 339.55000000000007 302.3633333333334 1.0000000180025095e-35 111.45000000000002 161.38750000000002 299.32916666666671 319.65000000000003 1.0000000180025095e-35 12.65
decision_type=2 2 2 2 2 2 2 2 2 2 2 2 2 2 2 2 2 2 2 2 2 2 2 2 2 2 2 2 2 2 2 2 2 2 2 2 2 2 2 2 2 2 2 2 2 2 2 2 2 2 2 2 2 2 2 2 2 2 2 2 2 2
left_child=1 3 4 8 11 9 16 12 27 10 31 44 19 20 43 -5 -3 25 21 -7 23 57 -21 -14 45 40 -27 -1 -18 -26 -10 50 -33 -9 35 38 37 -36 51 42 41 -6 59 -15 61 46 -22 -48 -13 -38 -4 53 -53 54 56 60 -12 -8 -40 -39 -55 -2
right_child=2 6 5 15 17 7 18 33 30 -11 34 48 13 14 -16 -17 28 -19 -20 22 24 -23 -24 -25 29 26 -28 -29 -30 -31 -32 32 -34 -35 36 -37 49 39 58 -41 -42 -43 -44 -45 -46 -47 47 -49 -50 -51 -52 52 -54 55 -56 -57 -58 -59 -60 -61 -62 -63
leaf_value=-1.3094176578777406 0.13138249544339761 -0.30542871933145893 0.93936720106551663 -0.69888752009357302 1.7542222735107593 1.1496877352165622 0.19940969919375445 3.780668942928314 -0.88983313679896503 3.2741314902025112 0.31170672312378889 0.087060035644350831 3.4062770731747154 2.6120613514399924 4.6609174817800527 -0.50412997124788705 -0.099166022593725936 2.191700751291854 0.23412578700503439 3.1468355029821398 2.9904468121735945 0.28495673336852551 1.712204963879453 2.0367649465799333 3.57105735432018 0.96831047877919085 1.2304029246861681 -1.0969397564910457 -0.32786582502512596 2.1507376863406256 -1.3939566961924237 2.4233517346473841 1.4829898454206969 5.1840064438906586 0.83296463535382204 2.8628055975550701 2.6574265021441588 2.6718364288861101 1.4386174324899912 2.6313315488610951 1.7396995889157365 1.013080929305485 1.1710929572789206 3.5528571091423511 0.99868001439532306 1.3437407772283299 1.1721296167373658 2.4788257598876955 0.75240247349498435 1.6673636592569807 1.4252886789948194 1.9318611273059139 0.38705207538604736 1.6753852063650265 2.3690940006919532 2.9082731450979526 1.4421771145013513 -0.06645193055767451 0.475923247690554 1.8726156343065439 2.4940295930092153 0.48955436722224815
leaf_weight=746 107 2733 131 2262 46 43 236 20 2849 34 20 37 48 61 24 3722 3218 35 2478 24 23 445 36 22 22 1432 697 2081 546 26 90 26 533 22 26 21 67 22 32 35 97 139 36 30 61 37 25 20 2062 21 134 27 25 80 23 26 61 1098 27 506 26 2201
leaf_count=746 107 2733 131 2262 46 43 236 20 2849 34 20 37 48 61 24 3722 3218 35 2478 24 23 445 36 22 22 1432 697 2081 546 26 90 26 533 22 26 21 67 22 32 35 97 139 36 30 61 37 25 20 2062 21 134 27 25 80 23 26 61 1098 27 506 26 2201
internal_value=-0.00183759 -0.445663 1.06798 -0.798077 0.783677 1.87958 -0.0606102 2.67954 -1.02673 1.68032 1.65187 0.6059 2.50466 2.71584 3.28507 -0.57775 -0.205151 1.10842 0.159987 1.81165 2.42229 0.0567185 2.28606 2.97586 2.16903 1.09269 1.05412 -1.15301 -0.132341 2.80172 -0.905271 1.41685 1.52673 4.51575 1.83101 1.64138 1.92889 1.85958 1.56746 1.90414 1.38391 1.19736 1.85901 2.92221 0.486487 1.87979 2.17147 1.75288 0.740674 2.42116 1.18508 1.68411 1.18916 1.79316 1.42977 2.07947 1.16305 -0.0194179 0.998062 1.90592 1.87618 0.472949
internal_weight=31840 22504 9336 11750 6914 2422 10754 483 5766 1939 1905 4468 441 338 115 5984 6497 2446 4257 103 223 1779 60 70 153 2411 2129 2827 3764 48 2939 824 559 42 1081 368 713 625 347 599 282 185 564 91 2369 105 68 45 2099 88 265 288 52 236 104 132 81 1334 59 528 106 2308
internal_count=31840 22504 9336 11750 6914 2422 10754 483 5766 1939 1905 4468 441 338 115 5984 6497 2446 4257 103 223 1779 60 70 153 2411 2129 2827 3764 48 2939 824 559 42 1081 368 713 625 347 599 282 185 564 91 2369 105 68 45 2099 88 265 288 52 236 104 132 81 1334 59 528 106 2308
is_linear=0
shrinkage=0.05


Tree=59
num_leaves=63
num_cat=0
split_feature=35 35 35 40 35 40 40 40 40 35 40 40 35 40 40 40 40 40 35 35 35 40 40 40 40 35 35 40 35 40 40 40 40 36 40 40 40 40 40 40 40 36 35 36 22 24 35 35 31 36 35 35 36 25 14 35 35 10 31 31 36 36
split_gain=5.45763e+06 1.10267e+06 777671 251278 219996 192344 185025 147783 104611 93499.2 90737.9 77017.2 75780.3 71439.6 67058.4 56008.4 51951.7 52014.6 48927.3 46373.1 42477.3 42451.7 41585.2 41305.7 90439.3 34856 34207.2 33759.5 31047.3 29303.4 27438.5 27414.5 94951 26780.8 24588.3 22121.9 36567.6 19872.1 47837 16902.1 16677.6 16439.2 16090.7 15475.2 15246.2 16210.3 15184.9 13362.4 12295.7 11937.8 11368.8 11007.8 14672.4 10743.8 10738.1 10618.8 10111.4 11083.7 9824.07 9742.49 9419.67 8965.77
threshold=651.1500000000002 342.65000000000009 1044.7500000000002 1.0000000180025095e-35 199.05000000000004 1.0000000180025095e-35 1.0000000180025095e-35 4.5000000000000009 4.5000000000000009 1397.9500000000003 3.5000000000000004 3.5000000000000004 873.85000000000014 5.5000000000000009 4.5000000000000009 3.5000000000000004 1.5000000000000002 4.5000000000000009 1313.1500000000003 845.95000000000016 82.450000000000017 5.5000000000000009 5.5000000000000009 2.5000000000000004 1.5000000000000002 487.35000000000008 492.75000000000011 1.0000000180025095e-35 543.55000000000007 5.5000000000000009 4.5000000000000009 2.5000000000000004 1.5000000000000002 416.75000000000006 5.5000000000000009 2.5000000000000004 1.5000000000000002 3.5000000000000004 2.5000000000000004 3.5000000000000004 5.5000000000000009 409.72500000000008 1225.1500000000003 138.27083333333334 1.0000000180025095e-35 1.0000000180025095e-35 1140.1000000000001 527.55000000000007 408.75000000000006 157.21000000000004 894.95000000000016 1455.95 362.04166666666669 1.0000000180025095e-35 1.0000000180025095e-35 728.6500000000002 949.45000000000016 1.0000000180025095e-35 458.45000000000005 306.25000000000006 323.02500000000003 6.0500000000000016
decision_type=2 2 2 2 2 2 2 2 2 2 2 2 2 2 2 2 2 2 2 2 2 2 2 2 2 2 2 2 2 2 2 2 2 2 2 2 2 2 2 2 2 2 2 2 2 2 2 2 2 2 2 2 2 2 2 2 2 2 2 2 2 2
left_child=1 4 3 19 20 18 28 10 11 14 31 23 22 25 15 35 -6 37 48 49 61 46 -9 24 -8 -10 -15 -22 43 -19 39 32 -5 44 -14 36 -7 38 -18 -29 -32 54 -23 -3 45 51 -16 -25 -4 -2 -33 -11 -53 60 -20 -51 59 -58 -45 -21 -44 -1
right_child=2 6 5 7 16 9 8 12 13 33 -12 -13 34 26 21 -17 17 29 41 56 27 42 -24 47 -26 -27 -28 30 -30 -31 40 50 -34 -35 -36 -37 -38 -39 -40 -41 -42 -43 53 58 -46 -47 -48 -49 -50 55 -52 52 -54 -55 -56 -57 57 -59 -60 -61 -62 -63
leaf_value=-1.2614713588720647 1.9893094778060914 0.67688692304072906 2.1296588673641286 0.88029862682583604 -0.22634887724273983 1.630297977510426 0.058097429570531656 0.85600489681851666 0.030284912430233964 2.070696384906769 -0.23837619989104297 -0.72250475545330506 1.3554623530304526 -0.28606864211118077 1.655378333250354 0.31616426292619754 -1.270508372783661 -0.27897304479958102 3.3270385021049727 1.2204152361410006 -0.50512295439249921 1.1744432987714009 0.43912135899905308 -0.083685546739213745 -0.89106982721173478 0.43715610352916656 0.04521410469284684 -0.96128678182805227 0.69996157467528719 -0.60706580702417245 -0.62120114074313915 0.61139224903804967 -0.4470418421616561 4.1468670114874842 0.8995286439366007 1.805515712215787 0.11851953501916596 -1.0966399993843698 -0.40953445691492196 -1.3767794194159571 -0.91570492282758154 4.63946921484811 1.1812311507157378 0.13690259199999585 1.0994468421173784 1.5594631823711098 2.2403232570473604 0.32970651006225937 2.7249950972492578 0.83215059026105875 1.1307141254035136 3.5655561329836547 2.4234264789308821 2.6103308099508289 2.0966581719262258 1.1991187591208086 2.0360392475225741 0.99323563390764713 0.52588479225938234 1.7283417981426892 2.0061717634705398 -1.0476279248305358
leaf_weight=631 35 192 300 282 1194 90 496 1012 1270 65 685 1107 512 2192 197 219 242 1091 114 175 632 420 1463 653 508 899 1209 672 547 1809 802 393 258 20 700 147 72 542 484 385 1200 21 74 1081 26 48 254 279 122 338 144 47 70 30 21 473 210 29 191 205 65 2196
leaf_count=631 35 192 300 282 1194 90 496 1012 1270 65 685 1107 512 2192 197 219 242 1091 114 175 632 420 1463 653 508 899 1209 672 547 1809 802 393 258 20 700 147 72 542 484 385 1200 21 74 1081 26 48 254 279 122 338 144 47 70 30 21 473 210 29 191 205 65 2196
internal_value=-0.00174571 -0.42338 1.01458 0.744494 -0.754358 1.7856 -0.0532732 0.588199 -0.154099 1.53614 0.211532 -0.389852 0.768207 -0.0253022 1.38677 0.927862 -0.517131 -0.600431 2.58147 1.32582 -0.949511 1.61975 0.60958 -0.199641 -0.422159 0.198924 -0.168303 -0.837803 0.378556 -0.483635 -0.906536 0.497686 0.246125 2.38476 1.09213 1.36139 0.958396 -0.867553 -0.696526 -1.11263 -0.797727 3.33808 1.34022 0.258469 2.24709 2.37683 1.98482 0.0400659 2.30177 1.0852 0.750652 2.5924 2.88223 1.7522 3.13565 1.04618 1.65469 1.90951 0.195311 1.49443 1.56699 -1.09536
internal_weight=31840 22504 9336 6914 11880 2422 10624 5449 8613 1844 1762 3043 3687 5570 1568 528 5362 4168 578 1465 6518 1040 2475 1936 1004 2169 3401 3691 2011 2900 3059 1077 540 276 1212 309 162 1268 726 1057 2002 156 589 1464 256 230 451 932 422 846 537 182 117 169 135 811 619 239 1272 380 139 2827
internal_count=31840 22504 9336 6914 11880 2422 10624 5449 8613 1844 1762 3043 3687 5570 1568 528 5362 4168 578 1465 6518 1040 2475 1936 1004 2169 3401 3691 2011 2900 3059 1077 540 276 1212 309 162 1268 726 1057 2002 156 589 1464 256 230 451 932 422 846 537 182 117 169 135 811 619 239 1272 380 139 2827
is_linear=0
shrinkage=0.05


Tree=60
num_leaves=63
num_cat=0
split_feature=35 35 35 40 40 40 40 35 35 35 40 40 40 40 40 40 40 35 35 35 40 40 35 40 35 40 40 40 31 40 40 40 40 32 33 31 21 40 33 40 40 35 40 40 40 40 40 27 37 35 35 40 40 35 32 2 38 33 21 33 35 37
split_gain=4.99477e+06 941359 732456 243933 181860 175528 139117 123802 109468 100634 89453.3 81131.6 65009.1 64266.8 52725.1 49029.4 47287.3 44492 42225.3 41833.6 41655.5 40955.2 40619.6 40228.3 36341.6 35490.2 30736.7 92409 30676.4 30377.1 28438.4 28365.6 27796 27258.8 24200.7 33267.2 21062.4 20286.7 19901.7 19850.5 42605.1 17264.1 17089.6 16593.5 50338.2 16405.6 32705.8 14535.4 14271.1 13979.7 12762.8 12481.9 23889.5 10990.6 10823.5 10579 19520.9 10282 10185.7 17296.6 11562.2 10441
threshold=634.05000000000007 291.45000000000005 1044.7500000000002 1.0000000180025095e-35 1.0000000180025095e-35 1.0000000180025095e-35 4.5000000000000009 137.55000000000004 442.35000000000008 1397.9500000000003 3.5000000000000004 5.5000000000000009 4.5000000000000009 4.5000000000000009 3.5000000000000004 5.5000000000000009 3.5000000000000004 894.95000000000016 1203.6500000000003 794.6500000000002 4.5000000000000009 5.5000000000000009 458.85000000000008 1.0000000180025095e-35 860.05000000000007 3.5000000000000004 2.5000000000000004 1.5000000000000002 452.25000000000006 4.5000000000000009 3.5000000000000004 5.5000000000000009 5.5000000000000009 290.45000000000005 341.05000000000007 460.75000000000006 1.0000000180025095e-35 1.0000000180025095e-35 414.65000000000003 2.5000000000000004 1.5000000000000002 1225.1500000000003 5.5000000000000009 2.5000000000000004 1.5000000000000002 2.5000000000000004 1.5000000000000002 1.0000000180025095e-35 4.5000000000000009 28.150000000000002 894.95000000000016 2.5000000000000004 1.5000000000000002 916.25000000000011 478.05000000000007 1.0000000180025095e-35 1.0000000180025095e-35 20.950000000000003 1.0000000180025095e-35 2.6500000000000008 845.95000000000016 3.5000000000000004
decision_type=2 2 2 2 2 2 2 2 2 2 2 2 2 2 2 2 2 2 2 2 2 2 2 2 2 2 2 2 2 2 2 2 2 2 2 2 2 2 2 2 2 2 2 2 2 2 2 2 2 2 2 2 2 2 2 2 2 2 2 2 2 2
left_child=1 7 3 17 18 22 10 37 20 12 26 24 14 16 45 48 43 58 47 -13 25 -15 -3 -9 -8 39 27 -5 55 30 51 -22 -31 -11 -35 42 57 49 -30 40 -7 -17 54 44 -10 46 -6 -4 -14 -1 -28 52 -25 -21 -36 56 -20 -19 60 -60 -2 -61
right_child=2 5 4 6 9 8 11 23 13 33 -12 19 15 21 -16 41 -18 36 28 53 31 -23 -24 29 -26 -27 50 -29 38 32 -32 -33 -34 34 35 -37 -38 -39 -40 -41 -42 -43 -44 -45 -46 -47 -48 -49 -50 -51 -52 -53 -54 -55 -56 -57 -58 -59 59 61 -62 -63
leaf_value=-1.0189147430681005 0.8984195433906621 0.083483563802742647 2.2058530818816817 0.81086538920492657 1.5872907147154043 -0.18268514926080964 0.81363600912606404 -0.31370090231731618 0.17841031050347553 1.3028807022124529 -0.23535335799061641 0.29525132971740631 1.7830220979456297 0.31257653470516977 0.26331733096052301 1.0770378961204656 -0.62927230678557411 2.3934867505843824 3.6320183572769169 0.59842526534857565 -0.085118695262434152 -0.056122796043112301 0.50922299763600265 -0.54558485813498026 1.3098947232552862 -0.85606692308611998 0.57965159255820431 -0.48622331358778936 3.282305560278338 -0.38022679707424134 -1.1476285831090098 -0.38249656867751375 -0.70326446396072373 1.7411270594596866 2.688514262594675 4.6783070875250772 2.1851366658563971 -1.0214852480439818 5.1312607678500086 -0.1795426632323387 -1.0130577035663559 1.6737731990253852 1.7221192208657925 0.11070545351889559 -0.76268815653500233 1.6836053463535898 0.14111097274794124 0.9912804415932408 2.4723801169897381 -0.55929685968220777 1.1046218658009401 -0.52501404385460482 -1.251945171648996 0.90735815664258368 3.9478717202490028 1.8343479604432078 2.4279196626895554 1.3561408869250595 2.0302448246683649 0.19776109501167582 1.3957989125889032 1.2375880409710174
leaf_weight=263 682 1249 281 291 87 313 1063 905 294 50 739 1066 358 1269 220 442 635 26 50 692 1305 1853 1016 252 565 663 449 260 43 1059 549 2080 1794 60 76 23 135 3742 22 550 305 167 38 539 275 138 71 27 95 446 156 505 228 493 22 33 103 294 67 27 141 228
leaf_count=263 682 1249 281 291 87 313 1063 905 294 50 739 1066 358 1269 220 442 635 26 50 692 1305 1853 1016 252 565 663 449 260 43 1059 549 2080 1794 60 76 23 135 3742 22 550 305 167 38 539 275 138 71 27 95 446 156 505 228 493 22 33 103 294 67 27 141 228
internal_value=0.00326295 -0.413246 0.943987 0.696821 1.70151 -0.123283 0.545439 -0.780678 -0.212647 1.46236 0.194302 0.716979 1.30998 -0.0420432 0.849575 1.53368 -0.285258 1.24312 2.49167 0.522513 -0.371771 0.0937425 0.274455 -0.61722 0.985863 -0.563891 0.468969 0.198809 2.97306 -0.679833 -0.859264 -0.26785 -0.583357 2.35626 2.59676 2.91963 1.66138 -0.975021 3.90811 -0.398041 -0.592497 1.24067 2.62221 -0.0881014 -0.276426 1.28531 0.937425 2.09938 1.92759 -0.72979 0.715016 -0.698541 -0.881106 0.726952 2.97123 2.64629 2.82142 1.44043 1.07691 1.31533 0.983633 1.12749
internal_weight=31869 22089 9780 7374 2406 12346 5774 9743 10081 1847 1895 3879 1578 4865 516 1062 1743 1600 559 2251 5216 3122 2265 5292 1628 1831 1156 551 251 4387 1534 3385 2853 269 219 159 455 4451 65 1168 618 609 136 1108 569 296 158 308 453 709 605 985 480 1185 98 186 153 320 1145 322 823 255
internal_count=31869 22089 9780 7374 2406 12346 5774 9743 10081 1847 1895 3879 1578 4865 516 1062 1743 1600 559 2251 5216 3122 2265 5292 1628 1831 1156 551 251 4387 1534 3385 2853 269 219 159 455 4451 65 1168 618 609 136 1108 569 296 158 308 453 709 605 985 480 1185 98 186 153 320 1145 322 823 255
is_linear=0
shrinkage=0.05


Tree=61
num_leaves=63
num_cat=0
split_feature=35 35 35 40 40 40 40 40 35 35 40 40 35 35 40 40 40 35 40 35 40 40 40 40 35 35 40 40 40 35 40 40 40 40 40 40 40 37 36 35 36 36 21 32 37 40 40 37 35 36 34 2 35 36 40 35 40 35 35 35 32 36
split_gain=4.5143e+06 863040 665768 210824 208263 151010 133557 112923 94696 90967.8 83926 76276.1 70085.1 66656.6 61786.3 78114.2 51795.1 44537.7 44032.7 41069.2 39603.6 38145.4 37826.9 33566.8 29106.9 28994.1 28441.6 81512 27180.8 25177.7 24147.1 23409.5 19988.4 19452 46490.4 19079.7 18546.8 16096.7 17886.9 14398.2 14322.4 13970.9 13444.6 13073.4 13049.6 12541.5 29046.5 12521.5 12153.9 16269.2 13165.7 11386.7 11112.3 10474.2 10050.7 9444.22 9015.06 8973.91 8913.04 8655.11 8551.38 8541.58
threshold=557.30000000000007 967.45000000000016 242.65000000000001 1.5000000000000002 1.0000000180025095e-35 4.5000000000000009 1.0000000180025095e-35 4.5000000000000009 1279.4000000000003 367.45000000000005 3.5000000000000004 5.5000000000000009 1203.6500000000003 100.35000000000002 3.5000000000000004 2.5000000000000004 4.5000000000000009 735.20000000000016 5.5000000000000009 712.95000000000016 3.5000000000000004 5.5000000000000009 5.5000000000000009 4.5000000000000009 741.05000000000007 1351.1500000000003 2.5000000000000004 1.5000000000000002 1.0000000180025095e-35 406.55000000000007 3.5000000000000004 4.5000000000000009 5.5000000000000009 2.5000000000000004 1.5000000000000002 5.5000000000000009 3.5000000000000004 4.5000000000000009 373.58333333333343 873.85000000000014 444.47500000000008 210.21250000000001 1.0000000180025095e-35 18.650000000000002 3.5000000000000004 2.5000000000000004 1.5000000000000002 4.5000000000000009 1455.95 382.3250000000001 104.25000000000001 1.0000000180025095e-35 818.95000000000016 6.0500000000000016 1.0000000180025095e-35 1225.1500000000003 1.0000000180025095e-35 1032.6500000000003 1249.5000000000002 439.9500000000001 418.85000000000008 354.54166666666669
decision_type=2 2 2 2 2 2 2 2 2 2 2 2 2 2 2 2 2 2 2 2 2 2 2 2 2 2 2 2 2 2 2 2 2 2 2 2 2 2 2 2 2 2 2 2 2 2 2 2 2 2 2 2 2 2 2 2 2 2 2 2 2 2
left_child=2 4 13 12 19 14 29 10 18 23 26 24 41 53 15 -5 20 -13 -7 47 33 37 -18 30 -9 -17 27 -6 -15 -4 45 36 -25 34 -11 -33 -30 38 -10 -12 42 -3 -21 -44 -31 46 -8 -2 50 -50 -14 61 -28 -1 -55 -20 -52 -16 -57 -24 -39 -23
right_child=1 3 6 5 7 8 9 11 21 16 39 17 48 28 57 25 22 -19 55 40 -22 51 59 32 -26 -27 52 -29 31 44 -32 35 -34 -35 -36 -37 -38 60 -40 -41 -42 -43 43 -45 -46 -47 -48 -49 49 -51 56 -53 -54 54 -56 58 -58 -59 -60 -61 -62 -63
leaf_value=-1.1538499843765793 0.66879085661201532 2.6754782652313058 -0.026556133077131699 -0.028087742247485687 0.62079486089640523 1.6294824077041015 -0.32106917327977558 0.57784114897866468 2.0176266459318306 0.0050990667853294683 -0.40044755981041774 0.14055447986260497 3.2377551587835209 -0.41801095812303352 -0.36880607404937482 1.3220234877375121 0.12813613500738169 0.55858318071795487 0.99013667781843928 1.0579036897475473 -0.65085058232407711 1.6012665462962699 -0.29854808885886219 -0.19438761139046004 0.97790541225652794 2.7791625618934632 0.43788885677623535 -0.48698149906584809 -0.76918201212873305 0.25516464138056744 -0.94921133676543834 -0.47170662231326183 -0.4814115418902466 -0.0039257682286776034 -0.79778566415338936 -0.75416190394373728 -1.1579824179663498 2.8187731554110846 3.2650613935930388 0.13504189910947698 2.4597004987976767 1.7497551960777997 0.45831035375595097 1.5791145253558405 0.83524050971113706 -0.33583519469029532 -1.1362674261394301 1.6241904242171181 4.0717372070584039 2.4480964289771188 2.5381322678256701 0.86032169631549305 0.88808152886464242 -0.70485602158379845 -0.97280859197675518 2.0196562996377114 1.5847904475033285 0.2575370231618625 0.9921579446930151 -0.10561022383099167 4.0892230877509483 2.4734821617603302
leaf_weight=657 724 44 1110 112 355 564 229 896 91 373 679 1230 59 807 73 204 1556 1322 701 737 788 89 1026 983 923 41 506 312 876 948 512 960 1584 637 349 1585 472 27 42 154 22 553 29 253 108 458 209 36 36 27 143 35 188 415 2233 46 30 264 39 1341 26 41
leaf_count=657 724 44 1110 112 355 564 229 896 91 373 679 1230 59 807 73 204 1556 1322 701 737 788 89 1026 983 923 41 506 312 876 948 512 960 1584 637 349 1585 472 27 42 154 22 553 29 253 108 458 209 36 36 27 143 35 188 415 2233 46 30 264 39 1341 26 41
internal_value=0.00309981 0.786907 -0.448706 1.47338 0.517191 1.22901 -0.216385 0.386527 1.48261 -0.293171 0.0938321 0.533443 2.12953 -0.803094 0.607435 1.06581 -0.171409 0.357104 1.29238 0.993487 -0.368838 2.21425 -0.0633581 -0.479108 0.780842 1.56587 0.335764 0.102615 -0.682104 0.139716 -0.675294 -0.73685 -0.371499 -0.205317 -0.382999 -0.647617 -0.90532 2.70518 2.41155 -0.30145 1.1975 1.81798 1.17025 1.46385 0.314491 -0.518769 -0.710056 0.714047 2.76002 3.37589 2.59278 1.66083 0.559843 -0.975152 -0.930815 1.05049 2.37281 0.12186 1.54822 -0.189241 3.44201 1.87635
internal_weight=31869 11653 20216 3287 8366 2395 12211 6565 1701 10045 2194 4371 892 8005 694 357 6070 2552 1350 1801 2147 351 3923 3975 1819 245 1361 667 4700 2166 1408 3893 2567 1359 722 2545 1348 186 133 833 1041 597 1019 282 1056 896 438 760 295 63 232 165 694 3305 2648 786 173 337 85 2367 53 130
internal_count=31869 11653 20216 3287 8366 2395 12211 6565 1701 10045 2194 4371 892 8005 694 357 6070 2552 1350 1801 2147 351 3923 3975 1819 245 1361 667 4700 2166 1408 3893 2567 1359 722 2545 1348 186 133 833 1041 597 1019 282 1056 896 438 760 295 63 232 165 694 3305 2648 786 173 337 85 2367 53 130
is_linear=0
shrinkage=0.05


Tree=62
num_leaves=63
num_cat=0
split_feature=35 35 35 35 35 35 35 37 35 35 35 37 34 23 37 35 35 35 16 35 31 35 37 16 35 37 34 31 31 35 14 31 34 34 31 25 37 30 31 31 31 31 34 31 31 31 16 31 35 31 38 34 35 34 34 35 34 34 21 31 31 11
split_gain=4.07861e+06 769865 600512 146237 128275 100489 94098.4 27208.2 27433.1 24472.4 24226.7 23599.9 18437 18948.3 15825.8 14857.3 14683.5 14622.5 12992.8 11367.2 9825.79 9502.41 11190 7948.93 7946.02 7580.17 7420.43 7380.03 7090.19 14346 7807.83 6955.2 7170.76 7129.55 6934.73 6832.04 7057.92 6828.51 6497.76 5855.13 9967.5 7300.28 7472.99 5731.34 5538.43 5443.71 5604.81 5210.89 5041.41 6383.08 5021.71 4863.21 4427.75 4388.76 6768 4341.46 4310.18 4274.08 5447.12 4247.35 4166.44 4131.31
threshold=634.05000000000007 327.35000000000008 1055.7500000000002 176.95000000000002 860.05000000000007 1279.4000000000003 471.95000000000005 4.5000000000000009 1531.0000000000002 712.95000000000016 74.050000000000011 5.5000000000000009 478.50000000000006 1.0000000180025095e-35 5.5000000000000009 538.75000000000011 1187.8500000000001 364.55000000000007 1.0000000180025095e-35 242.65000000000001 136.05000000000004 924.45000000000016 2.5000000000000004 1.0000000180025095e-35 1249.5000000000002 4.5000000000000009 84.850000000000009 426.45000000000005 418.05000000000007 1531.0000000000002 1.0000000180025095e-35 40.000000000000007 467.85000000000008 448.75000000000006 5.9500000000000011 1.0000000180025095e-35 3.5000000000000004 1.0000000180025095e-35 282.05000000000007 240.95000000000002 337.75000000000006 388.85000000000008 248.55000000000004 226.05000000000004 492.05000000000007 376.55000000000007 1.0000000180025095e-35 5.9500000000000011 1225.1500000000003 343.95000000000005 1.0000000180025095e-35 415.05000000000007 492.75000000000011 411.7000000000001 247.15000000000001 1351.1500000000003 302.95000000000005 401.75000000000006 1.0000000180025095e-35 24.450000000000003 466.85000000000008 1.0000000180025095e-35
decision_type=2 2 2 2 2 2 2 2 2 2 2 2 2 2 2 2 2 2 2 2 2 2 2 2 2 2 2 2 2 2 2 2 2 2 2 2 2 2 2 2 2 2 2 2 2 2 2 2 2 2 2 2 2 2 2 2 2 2 2 2 2 2
left_child=1 3 4 10 9 11 17 23 12 47 34 16 13 53 21 27 20 -3 24 -5 59 45 -23 28 43 -19 -26 -8 30 35 37 -24 33 61 -1 36 -30 39 -28 -7 -41 42 -42 57 -22 46 -6 -2 49 56 55 -31 -29 54 -9 -38 -45 58 -18 -4 -17 -33
right_child=2 6 5 19 14 7 15 8 -10 -11 -12 -13 -14 -15 -16 60 18 25 -20 -21 44 22 31 -25 26 -27 38 52 29 51 -32 32 -34 -35 -36 -37 50 -39 -40 40 41 -43 -44 48 -46 -47 -48 -49 -50 -51 -52 -53 -54 -55 -56 -57 -58 -59 -60 -61 -62 -63
leaf_value=-1.090528260571616 -0.11887608176818298 -0.33601315424232048 1.3204331255678472 -0.56484379038634891 0.66410625661150746 2.0697589299508503 -0.063839823824710623 1.2086096889525653 3.7663065067819645 0.56650781389574079 -0.74962855676940565 2.8352888134809642 3.5301795310974122 3.1492068506777287 1.9094853808482488 0.16844487332989519 0.34788862195881931 -0.16320048975739607 2.6588951168060304 -0.41828779467420096 1.2441251566130385 1.6942751158888525 0.5220094930463367 2.6282388673674677 1.7595043233849788 0.57533530950546263 1.5601680581768356 0.044926268245252948 2.6799679261666758 2.3248458480834961 0.68535469293594364 1.0118496225968818 1.7673474030835288 0.066251344978809357 -0.90570821329418527 1.0735326860959713 1.9135937859614689 2.513893184065819 0.5794336348772049 0.97539272404486133 2.915767542123795 1.2779489811171185 1.745895705735961 2.2078634645076511 1.8601231745983426 0.92229564341721959 1.3866155073046684 0.34786087305098334 2.0289294515875564 1.3195831949137293 2.1447624338709792 3.4274802958965305 0.29529337436787817 1.3757525230562964 2.2729309635647272 0.98935197141987308 1.3598901615562766 1.7065124305394983 1.4880118331313135 0.62737718612276105 0.4732220542127803 0.78295706708597235
leaf_weight=700 62 1516 29 2274 649 56 1437 20 37 3011 3185 26 25 32 39 2256 22 4744 25 3164 918 52 90 31 33 35 24 555 27 20 20 1172 28 22 1846 26 24 24 57 62 20 44 43 47 38 425 28 1686 87 106 46 20 259 43 59 27 22 26 20 93 118 237
leaf_count=700 62 1516 29 2274 649 56 1437 20 37 3011 3185 26 25 32 39 2256 22 4744 25 3164 918 52 90 31 33 35 24 555 27 20 20 1172 28 22 1846 26 24 24 57 62 20 44 43 47 38 425 28 1686 87 106 46 20 259 43 59 27 22 26 20 93 118 237
internal_value=0.00294482 -0.373432 0.853026 -0.665305 0.637066 1.56383 -0.0749041 2.05941 2.52692 0.480117 -0.841541 1.3414 2.27074 2.06628 0.909464 0.0963306 1.31629 -0.200712 1.54983 -0.479573 1.21468 0.895035 0.972814 1.85333 1.48738 -0.157792 1.1275 0.00429908 1.80099 2.03482 1.63584 0.948594 0.974909 0.959403 -0.956523 1.81046 1.96498 1.71218 0.870022 1.62666 1.47984 1.77214 2.11728 1.61171 1.26861 0.782038 0.693988 0.331306 1.71786 1.56322 1.76596 2.87616 0.124589 1.78223 2.00348 1.42429 1.9375 1.20269 0.890804 0.79212 0.183594 0.973349
internal_weight=31869 22089 9780 11169 7501 2279 10920 706 216 4759 5731 1573 179 154 2742 4625 1547 6295 469 5438 1078 2703 1601 490 444 4779 114 2251 459 190 269 1549 1459 1431 2546 150 124 249 81 225 169 107 63 330 956 1102 677 1748 262 175 97 40 814 122 79 51 69 68 42 122 2374 1409
internal_count=31869 22089 9780 11169 7501 2279 10920 706 216 4759 5731 1573 179 154 2742 4625 1547 6295 469 5438 1078 2703 1601 490 444 4779 114 2251 459 190 269 1549 1459 1431 2546 150 124 249 81 225 169 107 63 330 956 1102 677 1748 262 175 97 40 814 122 79 51 69 68 42 122 2374 1409
is_linear=0
shrinkage=0.05


Tree=63
num_leaves=63
num_cat=0
split_feature=33 36 36 32 40 37 40 37 40 40 40 37 37 36 36 36 37 40 36 36 36 36 36 37 36 37 36 40 40 40 37 37 40 37 40 40 40 37 36 36 40 21 40 36 40 40 37 36 36 40 40 40 37 40 36 37 37 36 40 36 37 36
split_gain=2.28878e+06 701966 630222 328093 230489 157387 143791 120458 109570 106059 99418.7 87321.5 72468 66753 66139.4 64659.3 61414.8 61037.3 54493.3 51081.7 47783.3 46481.8 41187.5 40097.1 44004.2 33784.4 33422.3 32927.9 32115.2 66777.8 28102.8 27324.8 27312.1 25705.8 24388.5 24257.7 24093.8 23837.7 23071.8 21931.4 21017.7 20647.5 19399.2 18683.6 21999.9 21355.2 17743.7 18384.9 17356.8 16481.1 19987.5 17086.1 16414.5 16170.5 15466.7 15455 14755.1 14279.9 14088.9 14010.3 14003.2 13429.3
threshold=13.65 187.51000000000002 192.21666666666673 15.450000000000001 1.0000000180025095e-35 2.5000000000000004 4.5000000000000009 4.5000000000000009 5.5000000000000009 3.5000000000000004 1.0000000180025095e-35 3.5000000000000004 4.5000000000000009 114.72500000000001 261.05833333333339 266.78333333333336 5.5000000000000009 1.5000000000000002 325.31250000000006 376.6375000000001 122.24166666666669 338.42000000000002 349.91250000000008 2.5000000000000004 329.71250000000009 3.5000000000000004 271.14166666666677 1.5000000000000002 2.5000000000000004 1.5000000000000002 3.5000000000000004 1.5000000000000002 1.0000000180025095e-35 4.5000000000000009 4.5000000000000009 4.5000000000000009 1.5000000000000002 4.5000000000000009 364.8250000000001 235.65833333333336 4.5000000000000009 1.0000000180025095e-35 1.0000000180025095e-35 21.750000000000004 1.5000000000000002 4.5000000000000009 3.5000000000000004 237.71000000000006 102.42500000000003 4.5000000000000009 3.5000000000000004 5.5000000000000009 3.5000000000000004 1.0000000180025095e-35 403.42500000000001 3.5000000000000004 3.5000000000000004 243.37500000000003 3.5000000000000004 428.28333333333336 2.5000000000000004 406.77500000000003
decision_type=2 2 2 2 2 2 2 2 2 2 2 2 2 2 2 2 2 2 2 2 2 2 2 2 2 2 2 2 2 2 2 2 2 2 2 2 2 2 2 2 2 2 2 2 2 2 2 2 2 2 2 2 2 2 2 2 2 2 2 2 2 2
left_child=1 5 7 19 11 13 9 17 12 22 23 21 18 43 41 25 36 48 46 32 -19 57 28 24 -5 34 30 -7 29 -6 -10 -15 -3 -30 58 -22 -9 -16 60 -14 -29 -13 -33 -1 -45 -46 -8 -48 -2 50 -34 -51 -24 -18 -20 61 -37 -4 -12 -26 -17 -28
right_child=2 3 4 10 6 27 8 16 26 -11 15 14 39 31 37 38 53 20 54 -21 35 -23 52 -25 59 -27 55 40 33 -31 -32 42 49 -35 -36 56 -38 -39 -40 -41 -42 -43 -44 44 45 -47 47 -49 -50 51 -52 -53 -54 -55 -56 -57 -58 -59 -60 -61 -62 -63
leaf_value=-0.9561219898849318 -0.36748935115282189 -0.087452839817157915 0.49089588549479768 0.320177645954903 0.88663047549716389 0.31922431509297944 0.77216325941015551 1.0290171517984363 0.1927784313073504 -0.11235074161876131 -0.15782499223299651 1.0978035309161229 1.6872278738962976 -0.66982224776307531 2.162835678618543 0.18785008458630167 3.138189244270325 -0.66406336689799528 1.6283446345316328 -0.083973643995831404 -0.39745098430093734 1.8704455483315596 1.2360449613614037 1.4374022417197563 0.92005494878615313 0.77748762138061611 0.68782428732231293 -0.58393100759435801 0.74607310714508213 -0.37848757114633919 0.70922518944816437 -0.021428529966428439 -0.41318978158478803 1.8822813516123256 0.038447124025136163 -0.15693951169990117 0.29530351132292443 3.4307085342350465 0.58181555604426205 2.8845106725568899 -0.11063832519210377 1.7533937544349165 -0.46008374143584663 -0.48950279254102647 -1.0257061083762531 -0.7128166569945833 0.86105001021568328 1.4364932343653107 0.4122700860813881 -0.16532486443436023 -0.81610487221973027 -0.44176795854113138 2.6378066401327813 1.532855078674132 2.7297805243247266 1.1942126863391287 0.22785545960277989 1.0225308951900594 -0.61606844299747154 1.8505296234877744 0.70160254229319419 1.716192450242884
leaf_weight=1537 81 755 197 581 218 324 518 151 428 675 460 249 76 1579 316 1449 21 479 230 2626 439 134 64 157 232 118 479 336 393 200 685 307 858 57 1275 467 432 42 685 77 777 232 1408 671 797 1727 252 309 600 892 480 1497 31 62 37 331 534 352 264 49 146 34
leaf_count=1537 81 755 197 581 218 324 518 151 428 675 460 249 76 1579 316 1449 21 479 230 2626 439 134 64 157 232 118 479 336 393 200 685 307 858 57 1275 467 432 42 685 77 777 232 1408 671 797 1727 252 309 600 892 480 1497 31 62 37 331 534 352 264 49 146 34
internal_value=0.00279757 -0.281274 0.634844 -0.0356968 0.91539 -0.606288 0.754075 0.0665352 0.936959 0.368209 0.257481 1.4553 1.25864 -0.69257 1.797 0.154354 0.666504 -0.0871492 1.14143 -0.259086 -0.231466 1.03554 0.70505 0.702477 0.568622 -0.0446282 0.690563 -0.124383 0.596872 0.281311 0.510628 -0.519741 -0.361685 0.889993 -0.0931573 -0.0875673 0.485339 2.31158 0.339111 2.28978 -0.253519 1.41401 -0.381561 -0.812878 -0.743968 -0.811617 0.983171 1.17801 0.319523 -0.417237 -0.557733 -0.33855 1.69346 1.93902 1.78098 0.927847 0.0483357 0.831762 -0.324919 1.08231 0.234877 0.755981
internal_weight=31869 21987 9882 12524 6616 9463 5094 3266 3456 1638 5416 1522 1499 8026 839 4397 666 2600 1346 7108 1919 683 963 1019 862 2117 1957 1437 868 418 1113 3294 4482 450 1999 1440 583 358 2280 153 1113 481 1715 4732 3195 2524 1079 561 681 3727 1338 2389 95 83 267 844 1001 549 724 281 1595 513
internal_count=31869 21987 9882 12524 6616 9463 5094 3266 3456 1638 5416 1522 1499 8026 839 4397 666 2600 1346 7108 1919 683 963 1019 862 2117 1957 1437 868 418 1113 3294 4482 450 1999 1440 583 358 2280 153 1113 481 1715 4732 3195 2524 1079 561 681 3727 1338 2389 95 83 267 844 1001 549 724 281 1595 513
is_linear=0
shrinkage=0.05


Tree=64
num_leaves=63
num_cat=0
split_feature=33 36 36 32 37 36 37 37 36 36 37 37 31 37 37 37 36 36 36 36 36 37 36 36 37 36 36 36 36 32 36 31 36 16 37 37 36 36 23 33 1 33 11 33 34 36 34 36 31 31 31 37 34 37 39 33 36 33 31 36 32 34
split_gain=2.06563e+06 633524 569296 296104 177933 156851 142379 108790 92640.2 82290.3 75579.3 71750 64427.7 58210.3 56790.1 56641.5 68666.4 57921.1 40707.7 33278.8 29888.1 29491 27068.4 26230.3 24485 23538.8 21750.5 18916.2 17842.2 17443.4 15409.4 12551.2 12471.7 12218.4 11052.7 10017.8 9953.83 9478.33 9351.34 11927.9 13666.1 8935.97 8331.74 9713.52 11859.1 7983.4 8491.07 7717.01 7896.38 7520.49 7468.65 6982.36 6940.8 6909.21 6880.84 6845.44 6786.53 6718.3 6713.79 6278.8 6267.31 12026.1
threshold=13.65 187.51000000000002 190.97750000000005 15.450000000000001 3.5000000000000004 266.78333333333336 1.5000000000000002 5.5000000000000009 281.01000000000005 345.05000000000013 3.5000000000000004 5.5000000000000009 343.95000000000005 2.5000000000000004 2.5000000000000004 4.5000000000000009 313.22500000000008 416.75000000000006 403.42500000000001 127.02500000000002 106.21250000000002 4.5000000000000009 120.22500000000001 262.54166666666674 4.5000000000000009 289.95500000000004 458.45000000000005 122.24166666666669 106.21250000000002 324.25000000000006 170.31000000000003 456.45000000000005 232.25833333333335 1.0000000180025095e-35 4.5000000000000009 3.5000000000000004 236.61000000000004 359.52500000000003 1.0000000180025095e-35 414.65000000000003 1.0000000180025095e-35 1.7500000000000002 1.0000000180025095e-35 345.40000000000003 358.55000000000007 236.61000000000004 254.60000000000002 298.01666666666671 390.65000000000003 440.85000000000008 4.9500000000000011 3.5000000000000004 1.0500000000000003 4.5000000000000009 1.0000000180025095e-35 1.3500000000000003 201.13750000000002 259.50000000000006 265.85000000000008 428.28333333333336 348.35000000000008 356.90000000000003
decision_type=2 2 2 2 2 2 2 2 2 2 2 2 2 2 2 2 2 2 2 2 2 2 2 2 2 2 2 2 2 2 2 2 2 2 2 2 2 2 2 2 2 2 2 2 2 2 2 2 2 2 2 2 2 2 2 2 2 2 2 2 2 2
left_child=1 6 7 12 8 11 28 10 36 13 20 21 56 23 22 17 42 29 37 53 -2 32 -8 -5 27 35 59 -16 50 38 -22 -14 -6 49 52 -15 -4 -10 39 40 -7 -37 43 -17 -45 46 54 -40 -49 60 -1 -29 -21 -12 -23 -53 -3 -48 -41 -11 61 -31
right_child=2 3 4 9 5 15 14 -9 18 26 19 -13 31 25 24 16 -18 -19 -20 34 30 45 -24 -25 -26 -27 -28 51 -30 33 -32 -33 -34 -35 -36 41 -38 -39 47 58 -42 -43 -44 44 -46 -47 57 48 -50 -51 -52 55 -54 -55 -56 -57 -58 -59 -60 -61 -62 -63
leaf_value=-1.0014442818851794 -0.88306878084414897 -0.62786472859489961 0.21201152006703899 -0.086944904959521119 0.59044681445624136 0.91824016294197242 -0.63838441393987011 1.8420727792992651 0.73780038471815823 0.51413453500316453 -0.2470820425291553 3.2004971108399332 -0.16100411709763282 0.3430945711063465 -0.37118671460048541 1.1437186314509464 4.7712670651765974 3.9573328278281474 1.8247454774407847 0.36325455583647137 -0.34509949153765695 0.81343498980557483 -0.34931701358358347 0.19297383472467414 0.81512204552097112 1.4089176398335082 1.5208360750021208 -0.068424959091939047 -0.64218492531796123 1.292273441515863 0.068216082667665823 0.042386907548853311 0.86612364162473288 2.5071513099055136 0.53110420027659455 1.5158404728228396 0.45688616109890073 1.0599549420531384 1.1511152451237043 1.0519618685428913 2.0359930699871436 0.59307411239424257 2.8051443795518329 2.8583459931035198 1.5481642878208406 1.4326796018638495 1.0330408365704502 -0.41406946493231733 0.8696515870094299 1.8895714995234905 -0.80302056869693073 1.07390883949399 0.097802043627970237 0.17588049566838893 1.501571075900181 0.15884406062375223 -0.38265137924939213 0.44066568395053896 1.8182749411770118 0.8430365460166751 1.3547950833162385 2.7911822043845191
leaf_weight=590 190 311 827 1750 927 232 1642 83 1060 928 393 32 2699 672 610 39 26 22 106 492 634 54 1598 1604 67 66 63 623 1779 32 350 1055 736 31 443 33 833 291 48 39 31 128 24 31 39 163 117 23 25 99 2417 25 493 128 111 112 3043 81 107 172 467 23
leaf_count=590 190 311 827 1750 927 232 1642 83 1060 928 393 32 2699 672 610 39 26 22 106 492 634 54 1598 1604 67 66 63 623 1779 32 350 1055 736 31 443 33 833 291 48 39 31 128 24 31 39 163 117 23 25 99 2417 25 493 128 111 112 3043 81 107 172 467 23
internal_value=0.0026577 -0.26721 0.603101 -0.033912 0.866092 1.10766 -0.575973 0.0554641 0.590266 0.244607 0.00798135 0.850029 -0.246132 0.14269 -0.379781 1.53532 2.42119 1.41585 0.881221 0.198885 -0.308944 0.815668 -0.495814 0.046922 -0.118164 0.499983 0.61731 -0.163806 -0.767697 1.36753 -0.198087 -0.103844 0.712454 1.53839 0.323681 0.427966 0.334891 0.807191 1.14693 1.25117 1.04999 0.782213 1.96177 1.77607 2.12839 1.14199 1.01146 0.702825 0.254535 1.49003 -0.841953 0.00264409 0.230394 -0.143168 1.27636 0.325827 -0.405389 0.790706 1.61357 0.565563 1.41425 1.91909
internal_weight=31869 21987 9882 12524 6676 3559 9463 3206 3117 5416 3123 2221 7108 4253 4677 1338 159 1179 1457 1949 1174 2189 3240 3354 1437 899 1163 1370 4786 1157 984 3754 1663 652 1428 833 1660 1351 505 409 263 161 133 109 70 526 363 96 48 621 3007 760 985 521 165 137 3354 198 146 1100 522 55
internal_count=31869 21987 9882 12524 6676 3559 9463 3206 3117 5416 3123 2221 7108 4253 4677 1338 159 1179 1457 1949 1174 2189 3240 3354 1437 899 1163 1370 4786 1157 984 3754 1663 652 1428 833 1660 1351 505 409 263 161 133 109 70 526 363 96 48 621 3007 760 985 521 165 137 3354 198 146 1100 522 55
is_linear=0
shrinkage=0.05


Tree=65
num_leaves=63
num_cat=0
split_feature=35 35 35 40 40 40 40 35 40 40 40 40 40 40 36 35 35 40 40 40 40 35 40 40 35 40 40 40 35 40 36 35 37 35 31 40 40 40 40 40 40 37 36 40 31 34 36 36 31 35 32 35 35 32 35 35 33 35 36 33 32 9
split_gain=3.017e+06 596038 421754 156518 131042 129959 125717 112056 69982.5 64996.1 59321.1 56833.6 45975.1 80946.8 40335.5 38938.1 38599.6 29064.9 62237.3 28457.5 33745.3 26336.7 25517.4 25536.1 24115.3 23097.1 26360.7 26017.9 21988.6 18672.2 18138.8 17933.8 17521.7 16400 15987.7 15365.4 20350 28489.6 15464.7 13677.1 31910.1 13572.5 13976.9 13208.8 11904.2 12817.9 11116.8 10691.4 11818.5 9926.18 9626.55 9417.99 9173.48 9094.62 11123.8 8702.58 7821.8 7841.44 8759.61 9852.77 7712.75 7111.12
threshold=639.85000000000014 333.45000000000005 1069.4000000000003 1.5000000000000002 1.0000000180025095e-35 4.5000000000000009 1.0000000180025095e-35 199.05000000000004 4.5000000000000009 5.5000000000000009 5.5000000000000009 3.5000000000000004 3.5000000000000004 2.5000000000000004 403.42500000000001 894.95000000000016 1351.1500000000003 2.5000000000000004 1.5000000000000002 1.5000000000000002 4.5000000000000009 894.95000000000016 1.5000000000000002 4.5000000000000009 909.35000000000014 4.5000000000000009 5.5000000000000009 3.5000000000000004 439.9500000000001 5.5000000000000009 40.158333333333339 492.75000000000011 2.5000000000000004 59.050000000000004 481.05000000000007 4.5000000000000009 3.5000000000000004 2.5000000000000004 5.5000000000000009 2.5000000000000004 3.5000000000000004 4.5000000000000009 370.65000000000009 5.5000000000000009 446.65000000000003 421.25000000000006 157.21000000000004 349.91250000000008 234.65000000000001 894.95000000000016 448.55000000000007 1170.4500000000003 527.55000000000007 382.75000000000006 794.6500000000002 445.15000000000009 2.2500000000000004 949.45000000000016 211.48750000000004 176.45000000000002 217.05000000000004 1.0000000180025095e-35
decision_type=2 2 2 2 2 2 2 2 2 2 2 2 2 2 2 2 2 2 2 2 2 2 2 2 2 2 2 2 2 2 2 2 2 2 2 2 2 2 2 2 2 2 2 2 2 2 2 2 2 2 2 2 2 2 2 2 2 2 2 2 2 2
left_child=1 7 3 15 32 12 14 22 11 24 28 17 13 -5 44 46 25 18 -6 -9 39 -11 33 -24 -7 27 -27 60 -10 -22 -25 -12 55 -1 35 36 37 -18 41 -21 -41 42 -37 -32 47 -46 -2 48 -4 -15 -16 -50 -19 -48 -55 -3 -17 -58 -59 -60 -8 -40
right_child=2 4 6 5 8 9 16 19 10 21 31 -13 -14 49 50 56 34 52 -20 20 29 -23 23 30 -26 26 -28 -29 -30 -31 43 -33 -34 -35 -36 38 -38 -39 61 40 -42 -43 -44 -45 45 -47 53 -49 51 -51 -52 -53 -54 54 -56 -57 57 58 59 -61 -62 -63
leaf_value=-0.76963165428566882 1.5781195794994183 0.077891682282687225 1.4354021220744313 -0.46143960560262204 0.031485098427933546 0.70717675872661889 0.57986071177504284 -0.16820197382551424 -0.019645433473955601 0.30077348131297921 -0.24144811056903565 -0.61363120964388429 -0.23574951640853126 0.48440729649881392 4.3196055859327318 1.9635874800384046 0.54759760842555105 -0.060425411686734411 -0.74368548680827318 -1.0296784754291244 -0.18391503699873019 0.6676355293101881 -0.92410865007280985 -0.83620864861335853 1.1434936291207571 1.4655260175447136 0.92193230901235601 0.24102212222619246 0.29648242677039738 -0.45786733120956369 -0.45179092748725158 0.00064078328161805897 0.51499561240933345 -0.39829402547481779 2.4985082605203921 1.2860779936666844 0.031040954428750118 2.6338814276456834 0.98932212968947197 -0.29891320082237627 -0.87421616500981869 2.960325412136136 2.6469522262441703 -0.69530680470746209 2.0798477835790794 3.4323223857717085 0.67873776819157816 1.2809309240472453 1.6856759221930255 0.93838298665700348 2.7682712543010712 2.3936483187888697 0.29270793109004239 0.71697137507059039 1.2730148828617187 0.33284525746406479 1.0002322994875459 2.0131842798863846 0.68764493167400365 1.4233227733108733 1.2146560754370075 1.9698846788406372
leaf_weight=433 44 677 91 250 526 1194 66 1114 940 1630 2364 1118 757 453 20 40 36 688 510 223 988 699 1579 1257 431 384 532 177 1326 1679 910 1131 684 949 43 54 37 30 71 468 497 33 29 1435 86 22 840 89 76 164 20 123 251 191 170 662 212 48 56 243 174 25
leaf_count=433 44 677 91 250 526 1194 66 1114 940 1630 2364 1118 757 453 20 40 36 688 510 223 988 699 1579 1257 431 384 532 177 1326 1679 910 1131 684 949 43 54 37 30 71 468 497 33 29 1435 86 22 840 89 76 164 20 123 251 191 170 662 212 48 56 243 174 25
internal_value=-0.00129381 -0.319477 0.738351 0.557558 -0.0539595 0.42554 1.34333 -0.569914 -0.136916 0.580211 -0.0339159 -0.328762 0.0489588 0.297545 2.01763 0.956905 1.13318 -0.167505 -0.350114 -0.390791 -0.455113 0.410879 -0.705532 -0.756452 0.822901 1.00939 1.14981 0.700916 0.165344 -0.356381 -0.682956 -0.163107 0.309112 -0.514639 1.59414 1.47069 0.969694 1.49591 1.7141 -0.676764 -0.595209 2.10259 1.76156 -0.600808 1.89226 2.35535 0.797535 1.7603 1.90742 0.605075 3.54394 2.12327 0.0339691 0.768937 0.97882 0.20394 1.28815 1.23982 1.38619 1.28554 1.04009 1.24468
internal_weight=32049 22409 9640 7422 10877 5578 2218 11532 8854 3954 5761 3093 1624 867 527 1844 1691 1975 1036 4969 3855 2329 6563 5181 1625 1333 916 417 2266 2667 3602 3495 2023 1382 358 315 103 66 212 1188 965 116 83 2345 487 108 1245 379 290 617 40 199 939 1201 361 1339 599 559 347 299 240 96
internal_count=32049 22409 9640 7422 10877 5578 2218 11532 8854 3954 5761 3093 1624 867 527 1844 1691 1975 1036 4969 3855 2329 6563 5181 1625 1333 916 417 2266 2667 3602 3495 2023 1382 358 315 103 66 212 1188 965 116 83 2345 487 108 1245 379 290 617 40 199 939 1201 361 1339 599 559 347 299 240 96
is_linear=0
shrinkage=0.05


Tree=66
num_leaves=63
num_cat=0
split_feature=35 35 35 40 40 40 40 40 35 40 35 40 40 40 35 40 40 40 40 36 40 40 40 40 40 40 35 40 35 40 40 35 35 21 35 31 32 35 35 34 34 32 21 36 32 32 31 2 35 36 32 2 34 40 40 35 36 33 35 33 32 34
split_gain=2.72646e+06 539631 402349 167904 111229 100633 89877 75284.7 72925.2 64424.8 61880.4 57613 53673.2 49007.2 47562.6 43620.2 80121 43306.8 35651.9 25987.4 25192.7 24313.4 51398.2 23422.1 21375.7 57482.2 20417 20219.7 20063.1 18641.9 17293.4 16743.6 15002.7 14518.3 14378.3 13708.9 15548.5 13357.7 12574 11604.8 11188.3 10809.4 10661.6 12144.2 11593 10018.3 10152.2 9388 9255.36 9203.45 8450.01 8293.28 8123.67 8107.07 17175.1 7538.91 7486.8 7323.38 7424.14 7322.11 8127.8 12931.7
threshold=552.6500000000002 894.95000000000016 257.45000000000005 1.5000000000000002 1.0000000180025095e-35 1.0000000180025095e-35 4.5000000000000009 4.5000000000000009 1225.1500000000003 4.5000000000000009 1203.6500000000003 3.5000000000000004 5.5000000000000009 5.5000000000000009 96.050000000000011 3.5000000000000004 2.5000000000000004 3.5000000000000004 5.5000000000000009 403.42500000000001 5.5000000000000009 2.5000000000000004 1.5000000000000002 1.0000000180025095e-35 2.5000000000000004 1.5000000000000002 1351.1500000000003 4.5000000000000009 412.35000000000008 3.5000000000000004 5.5000000000000009 428.85000000000008 707.6500000000002 1.0000000180025095e-35 707.6500000000002 320.15000000000003 436.65000000000003 428.85000000000008 723.1500000000002 308.30000000000001 352.2000000000001 448.55000000000007 1.0000000180025095e-35 370.65000000000009 458.65000000000003 398.85000000000008 372.45000000000005 1.0000000180025095e-35 1279.4000000000003 142.31000000000003 416.95000000000005 1.0000000180025095e-35 480.2000000000001 2.5000000000000004 1.5000000000000002 358.15000000000003 143.68333333333337 407.65000000000003 1096.7500000000002 485.45000000000005 328.05000000000007 436.05000000000007
decision_type=2 2 2 2 2 2 2 2 2 2 2 2 2 2 2 2 2 2 2 2 2 2 2 2 2 2 2 2 2 2 2 2 2 2 2 2 2 2 2 2 2 2 2 2 2 2 2 2 2 2 2 2 2 2 2 2 2 2 2 2 2 2
left_child=2 4 14 10 34 37 15 11 18 17 33 21 38 28 -1 16 -5 24 59 35 42 22 -6 -16 25 -7 -18 29 -11 53 -29 -15 -14 -3 56 40 -37 -4 -9 -38 -12 -21 43 -10 48 -36 -47 52 -44 -39 -45 57 -22 54 -25 -26 -2 58 -35 60 61 -8
right_child=1 3 5 6 7 9 8 12 20 13 19 -13 32 31 23 -17 26 -19 -20 41 47 -23 -24 27 55 -27 -28 30 -30 -31 -32 -33 -34 51 45 36 39 49 -40 -41 -42 -43 44 50 -46 46 -48 -49 -50 -51 -52 -53 -54 -55 -56 -57 -58 -59 -60 -61 -62 -63
leaf_value=-0.76413199399438403 1.1542454991340638 1.1877678874438924 0.046928664385548491 -0.24379646561810397 0.43254950767102307 -0.075021994517879179 0.83462290820578444 0.45639905004188197 1.3928799159292664 -0.096505357649225229 0.81199337690088313 -0.35738317046564499 0.080159402111038155 -0.33137917447709303 -0.29057974710035739 0.063691512313735793 1.0509184289069728 -0.64839666025092213 0.68353611165859729 4.0999586150759741 1.248411279850536 0.41345255076739473 -0.51049743437019368 -0.44853047968674331 -0.29018717730539473 -0.79821513199355554 2.2855151323895706 -0.33215000363251962 0.1910214053555922 -0.94581925421953206 -0.58548292155933235 -0.11784957915071165 0.33727805813697254 1.6795828095256533 0.76282185424889648 1.9466849742457271 2.2517452667156856 0.78815868479961704 0.73871666991514184 3.8415787458419803 1.9195960388894666 2.495695186512811 1.170480321003124 2.9310624193262171 3.4362145781517031 0.98278477539013087 1.8233269804197811 0.62503612344915227 2.5055019117690422 0.2483967220238954 1.6681653692172125 0.78000888868614482 2.2463272882544478 -0.43998554403840651 -1.0278360792115087 -0.0080702798269863801 0.52050733435057306 1.2229615741199062 2.3948678155528742 1.9256517889244216 1.275698263893811 1.7659756984029498
leaf_weight=3234 50 608 1235 138 292 566 331 813 112 1283 38 745 1091 2330 913 434 282 1200 1083 21 180 639 286 269 369 534 38 1082 1151 556 1785 1515 1182 159 569 134 24 88 766 22 57 21 20 27 20 164 46 55 37 770 26 27 23 492 244 661 686 62 47 28 347 42
leaf_count=3234 50 608 1235 138 292 566 331 813 112 1283 38 745 1091 2330 913 434 282 1200 1083 21 180 639 286 269 369 534 38 1082 1151 556 1785 1515 1182 159 569 134 24 88 766 22 57 21 20 27 20 164 46 55 37 770 26 27 23 492 244 661 686 62 47 28 347 42
internal_value=-0.00122912 0.604027 -0.352616 1.03881 0.340449 -0.161957 0.849705 0.241017 1.01304 -0.230389 1.5384 -0.0110867 0.369425 -0.136105 -0.612801 0.422878 0.763242 -0.408168 0.866896 2.13941 1.54822 0.200903 -0.0340793 -0.52117 -0.272828 -0.426099 1.19753 -0.568715 0.0394615 -0.713514 -0.489876 -0.247245 0.213866 1.32742 0.72203 1.96249 2.21896 0.152212 0.593356 3.0121 1.47655 3.29783 1.91467 1.68796 2.40049 0.871753 1.1669 1.20448 2.03707 0.303757 2.31153 1.61524 1.36148 -0.584995 -0.724068 -0.109139 0.56356 1.69939 1.84278 1.13238 1.10153 0.939494
internal_weight=32049 11772 20277 4443 7329 11702 3223 5814 2331 9609 1220 1962 3852 6279 8575 892 458 3330 1831 317 500 1217 578 5341 2130 1100 320 4428 2434 1561 2867 3845 2273 903 1515 275 180 2093 1579 46 95 42 242 165 77 779 210 258 57 858 53 295 203 1005 513 1030 736 268 206 748 720 373
internal_count=32049 11772 20277 4443 7329 11702 3223 5814 2331 9609 1220 1962 3852 6279 8575 892 458 3330 1831 317 500 1217 578 5341 2130 1100 320 4428 2434 1561 2867 3845 2273 903 1515 275 180 2093 1579 46 95 42 242 165 77 779 210 258 57 858 53 295 203 1005 513 1030 736 268 206 748 720 373
is_linear=0
shrinkage=0.05


Tree=67
num_leaves=63
num_cat=0
split_feature=35 35 35 40 40 40 40 35 40 40 40 40 40 40 36 40 35 35 40 40 40 40 35 40 35 40 40 40 35 4 31 37 35 31 21 2 31 40 40 21 37 36 40 40 36 36 36 33 33 17 32 32 32 32 22 39 33 32 35 33 35 40
split_gain=2.46347e+06 497177 340697 125863 109637 104481 103539 93087.2 58276.7 52964.1 48232.3 46775.9 36652.1 65995 32677.3 31142 31069.8 29850.5 25739.4 23661.7 50785.7 21871.9 20425.8 18975.5 18701.6 18524.5 21378.2 20911.2 18147.2 17766.1 24490.4 15594.1 15578.7 14863.4 14824.8 14952.2 16090.2 14692.3 11001.4 10989.6 10878.7 10400.3 10235.6 24268.3 9928.08 9857.93 8866.66 8827.46 11016 8329.94 8443.59 14448.1 7767.98 7721.84 7703.11 8044.27 8960.11 7691.31 7451.33 7380.39 7372.41 7167.5
threshold=645.45000000000016 333.45000000000005 1069.4000000000003 1.5000000000000002 1.0000000180025095e-35 4.5000000000000009 1.0000000180025095e-35 156.95000000000002 4.5000000000000009 5.5000000000000009 5.5000000000000009 3.5000000000000004 3.5000000000000004 2.5000000000000004 403.42500000000001 1.0000000180025095e-35 1351.1500000000003 894.95000000000016 4.5000000000000009 2.5000000000000004 1.5000000000000002 3.5000000000000004 894.95000000000016 5.5000000000000009 909.35000000000014 4.5000000000000009 5.5000000000000009 3.5000000000000004 439.9500000000001 1.0000000180025095e-35 481.05000000000007 2.5000000000000004 492.75000000000011 464.85000000000008 1.0000000180025095e-35 1.0000000180025095e-35 468.85000000000008 1.0000000180025095e-35 4.5000000000000009 1.0000000180025095e-35 4.5000000000000009 364.8250000000001 2.5000000000000004 1.5000000000000002 17.225000000000005 157.21000000000004 26.275000000000002 194.55000000000004 361.75000000000006 1.0000000180025095e-35 193.95000000000002 257.15000000000003 448.55000000000007 356.45000000000005 1.0000000180025095e-35 1.0000000180025095e-35 370.25000000000006 141.75000000000003 880.85000000000002 439.35000000000008 527.55000000000007 2.5000000000000004
decision_type=2 2 2 2 2 2 2 2 2 2 2 2 2 2 2 2 2 2 2 2 2 2 2 2 2 2 2 2 2 2 2 2 2 2 2 2 2 2 2 2 2 2 2 2 2 2 2 2 2 2 2 2 2 2 2 2 2 2 2 2 2 2
left_child=1 7 3 17 31 12 14 37 11 24 28 19 13 -5 34 -9 25 45 21 20 -6 42 -11 -20 -7 27 -27 61 -10 30 33 -3 -12 40 49 36 47 46 -39 -19 41 -18 43 -17 -40 -2 -1 -36 -49 50 57 -52 -16 -47 55 56 -53 -4 -15 -57 -21 -8
right_child=2 4 6 5 8 9 16 15 10 22 32 -13 -14 58 52 18 29 39 23 60 -22 -23 -24 -25 -26 26 -28 -29 -30 -31 -32 -33 -34 -35 35 -37 -38 38 44 -41 -42 -43 -44 -45 -46 53 -48 48 -50 -51 51 54 -54 -55 -56 59 -58 -59 -60 -61 -62 -63
leaf_value=-0.7227641502409492 1.4798523072685514 0.18484685240837928 1.5632879375169675 -0.41472476998404151 0.028908647162804627 0.64598480719233287 0.67342637119601012 -0.14553143288935952 -0.017753151684771592 0.27577822415884468 -0.21744496250322129 -0.55225252017027193 -0.2077013488781328 0.4373122193565207 3.8986273717880255 -0.30623736455198081 0.88588650144942815 1.0071286978286442 -0.20453733556292311 -0.055114381645432524 -0.66932670239184522 -0.82175261950263612 0.60007694416915269 -0.44782723542624475 1.0313068353825978 1.3244119909514362 0.83487932943437893 0.22578643751304367 0.26833208406648751 0.7245179189954486 2.8943152106169503 0.47554783750697971 0.0055666556000871781 0.28890320062637331 1.1828818821388742 0.8565345122700645 3.563681074551174 -0.82205393924028458 -0.80600182583037105 1.4612501442283392 2.0094212320379237 1.7420381654431853 -0.32026192016032579 -0.94672749988364835 -0.59631288125787252 0.60144937240398255 -0.37173227819156568 2.9108357554441322 1.8359950801578622 0.76592768981601256 0.39273285203509861 1.6183494603311694 2.5050729578733448 0.86742943128321992 2.5295789457502824 1.5828531491990185 0.47579894177615645 2.816407445907593 0.81802408263892756 2.5925922965461559 0.25655322972727757 1.2199873620044377
leaf_weight=262 42 1353 24 248 530 1169 122 1098 940 1590 2364 1131 744 421 20 311 73 399 1281 688 512 650 699 2141 431 384 532 177 1351 70 33 700 1171 25 23 21 21 1466 776 200 88 69 620 282 2071 735 574 40 59 33 27 37 20 434 21 102 32 25 185 22 262 118
leaf_count=262 42 1353 24 248 530 1169 122 1098 940 1590 2364 1131 744 421 20 311 73 399 1281 688 512 650 699 2141 431 384 532 177 1351 70 33 700 1171 25 23 21 21 1466 776 200 88 69 620 282 2071 735 574 40 59 33 27 37 20 434 21 102 32 25 185 22 262 118
internal_value=-0.00116767 -0.286021 0.673439 0.508487 -0.0455721 0.38922 1.21612 -0.515419 -0.121172 0.52908 -0.0277536 -0.295444 0.0488494 0.272355 1.82805 -0.387831 1.02541 0.870043 -0.43817 -0.149636 -0.314178 -0.587718 0.37481 -0.356753 0.749781 0.914337 1.0401 0.638083 0.150951 1.43897 1.61262 0.283966 -0.14357 1.44675 1.71522 2.10237 2.28532 -0.673585 -0.71077 1.15876 1.57261 1.3019 -0.462308 -0.610821 -0.653467 0.727237 -0.481745 2.06527 2.27027 1.51864 1.6043 1.48265 3.20185 0.700196 1.62016 1.5212 1.08847 2.20263 0.553536 1.762 0.0308403 0.942152
internal_weight=32049 22534 9515 7297 11002 5487 2218 11532 8949 3889 5826 3123 1598 854 527 6383 1691 1810 5285 1992 1042 1863 2289 3422 1600 1333 916 417 2291 358 288 2053 3535 255 487 164 143 5149 4313 599 230 142 1213 593 2847 1211 836 122 99 323 290 241 40 1169 214 193 69 49 606 124 950 240
internal_count=32049 22534 9515 7297 11002 5487 2218 11532 8949 3889 5826 3123 1598 854 527 6383 1691 1810 5285 1992 1042 1863 2289 3422 1600 1333 916 417 2291 358 288 2053 3535 255 487 164 143 5149 4313 599 230 142 1213 593 2847 1211 836 122 99 323 290 241 40 1169 214 193 69 49 606 124 950 240
is_linear=0
shrinkage=0.05


Tree=68
num_leaves=63
num_cat=0
split_feature=35 35 35 40 40 40 40 40 35 40 35 40 40 40 40 40 40 35 31 40 40 40 40 40 40 40 35 35 33 34 40 35 40 35 40 35 35 21 35 37 33 37 32 31 2 7 34 34 37 34 39 31 39 2 31 33 5 33 32 34 32 31
split_gain=2.22777e+06 445818 323494 137733 93358.5 81342 74396.5 62274.8 61951.7 52293.8 51624.7 47730 44093.4 41302 36042.7 35233.2 67917.7 34637 29845.6 29009.5 21820.7 19884.6 41191.8 18574.5 48037.3 18521 17578.8 16533.8 16187.6 29946.2 16180.4 14882.4 13477.8 12976.1 12520.8 12287.4 11793.3 11785.9 11102.6 10189.1 9436.26 9229.34 8586.82 9166.67 8310.38 7883.2 7944.73 10240.8 7729.24 6973.32 7167.45 7951.03 6900.63 6790.83 6701.4 6687.44 7366.2 6567.06 7271.05 11601 8359.22 7677.87
threshold=548.05000000000007 894.95000000000016 246.55000000000004 1.5000000000000002 1.0000000180025095e-35 1.0000000180025095e-35 4.5000000000000009 4.5000000000000009 1225.1500000000003 4.5000000000000009 1155.7500000000002 3.5000000000000004 5.5000000000000009 5.5000000000000009 3.5000000000000004 3.5000000000000004 2.5000000000000004 96.050000000000011 320.15000000000003 5.5000000000000009 5.5000000000000009 2.5000000000000004 1.5000000000000002 2.5000000000000004 1.5000000000000002 1.0000000180025095e-35 1397.9500000000003 406.55000000000007 442.95000000000005 301.60000000000008 4.5000000000000009 403.75000000000006 3.5000000000000004 707.6500000000002 5.5000000000000009 707.6500000000002 412.35000000000008 1.0000000180025095e-35 723.1500000000002 3.5000000000000004 303.30000000000001 4.5000000000000009 398.85000000000008 372.45000000000005 1.0000000180025095e-35 1.0000000180025095e-35 463.65000000000003 104.25000000000001 4.5000000000000009 480.2000000000001 1.0000000180025095e-35 359.55000000000007 1.0000000180025095e-35 1.0000000180025095e-35 353.75000000000006 476.05000000000007 1.0000000180025095e-35 485.45000000000005 328.05000000000007 436.05000000000007 352.45000000000005 232.45000000000002
decision_type=2 2 2 2 2 2 2 2 2 2 2 2 2 2 2 2 2 2 2 2 2 2 2 2 2 2 2 2 2 2 2 2 2 2 2 2 2 2 2 2 2 2 2 2 2 2 2 2 2 2 2 2 2 2 2 2 2 2 2 2 2 2
left_child=2 4 17 10 35 36 15 11 19 14 37 21 38 27 23 16 -5 -1 40 57 41 22 -6 24 -7 -19 -18 -11 45 52 32 -15 -27 -14 -32 48 -4 -3 -9 -38 -12 55 -37 -44 49 46 47 -20 -2 50 51 -22 -30 -39 -25 56 -10 58 59 61 -60 -8
right_child=1 3 5 6 7 9 8 12 20 13 18 -13 33 31 -16 -17 26 25 28 -21 44 -23 -24 54 -26 30 -28 -29 29 -31 34 -33 -34 -35 -36 42 39 53 -40 -41 -42 -43 43 -45 -46 -47 -48 -49 -50 -51 -52 -53 -54 -55 -56 -57 -58 -59 60 -61 -62 -63
leaf_value=-0.69061366499594001 0.47549830740805171 1.0228798983982899 0.01664250696185279 -0.24292785631141803 0.38371466979544888 -0.077563117347702493 0.25573470149979449 0.40642119943144384 1.299545222589078 -0.094324465759989456 2.1204455692034503 -0.32626443199012978 0.069658332391914018 -0.32317257510159664 -0.59130016126789398 0.055541239019637839 0.97621684888535631 -0.26874955007752022 2.328508736328645 0.6151927583119966 1.4418727094476873 0.36865308236090411 -0.45256900399440181 -0.19042177935780197 -0.73016950494083677 -0.54445432725229415 2.3571071825027468 0.16398838359938853 1.4335046616467564 4.2827816434528518 -0.31161284669674055 -0.12801964211848815 -0.86247687887564839 0.30662524365156563 -0.53547873431441029 0.690939784042786 0.20067335552115695 1.5193646965108716 0.66948159616294634 0.75362733680269001 1.0681844155761904 2.2538476738062774 0.89008735859902899 1.6887891468794451 0.54348245609890333 2.7204030279760012 2.7168913659595311 1.4293833870407755 1.2695149283856155 2.0561784052330516 1.3547140962195894 0.24746052811020303 2.6594644755125048 0.68172313591672318 0.077161451569494166 2.3978617707888286 2.2523769828180473 1.771328987819808 1.8553905860373849 1.620399275847844 1.0695280176373412 0.8584460072866027
leaf_weight=3234 726 542 1154 138 296 582 66 842 131 1314 26 754 1130 2113 1226 434 295 856 44 1083 22 651 293 710 547 924 25 1172 22 23 1001 1817 521 1182 1661 569 882 233 766 92 118 66 164 46 55 27 21 113 32 23 120 38 24 27 349 21 24 28 38 42 309 265
leaf_count=3234 726 542 1154 138 296 582 66 842 131 1314 26 754 1130 2113 1226 434 295 856 44 1083 22 651 293 710 547 924 25 1172 22 23 1001 1817 521 1182 1661 569 882 233 766 92 118 66 164 46 55 27 21 113 32 23 120 38 24 27 349 21 24 28 38 42 309 265
internal_value=-0.00110928 0.541547 -0.321345 0.937966 0.305165 -0.155497 0.766688 0.214938 0.915291 -0.216172 1.39045 -0.0125544 0.330657 -0.132049 -0.374267 0.378355 0.684252 -0.563288 1.84097 0.780592 1.40856 0.178202 -0.0322974 -0.252657 -0.393751 -0.48032 1.0841 0.0274546 2.14726 2.80968 -0.524417 -0.232945 -0.659119 0.190807 -0.451298 0.652335 0.124781 1.15564 0.531735 0.252903 1.25818 1.74961 0.791789 1.06504 1.08866 1.92429 1.80354 1.68137 0.509019 1.23637 1.13161 0.685412 2.07314 1.43238 -0.102238 1.56053 1.44708 1.02007 0.990851 0.837596 1.15559 0.738268
internal_weight=32049 11894 20155 4443 7451 11958 3223 5914 2331 9830 1220 1994 3920 6416 3414 892 458 8197 418 1831 500 1240 589 2188 1129 4963 320 2486 274 69 4107 3930 1445 2312 2662 1537 2128 802 1608 974 144 242 779 210 258 205 178 157 758 203 180 60 46 260 1059 176 155 748 720 373 347 331
internal_count=32049 11894 20155 4443 7451 11958 3223 5914 2331 9830 1220 1994 3920 6416 3414 892 458 8197 418 1831 500 1240 589 2188 1129 4963 320 2486 274 69 4107 3930 1445 2312 2662 1537 2128 802 1608 974 144 242 779 210 258 205 178 157 758 203 180 60 46 260 1059 176 155 748 720 373 347 331
is_linear=0
shrinkage=0.05


Tree=69
num_leaves=63
num_cat=0
split_feature=33 36 36 32 40 36 40 40 40 40 36 40 36 40 36 36 40 40 40 21 36 40 40 36 34 21 21 36 40 40 34 32 34 40 40 40 36 34 34 32 40 40 34 34 40 36 40 40 21 24 40 40 40 40 36 34 21 33 34 36 34 34
split_gain=1.20507e+06 404387 330428 209594 131378 81182.7 75108.7 59238.9 59011.7 55108.8 53884.2 49647.3 48104.2 37074.9 31593.9 29570.8 28105.3 27204 25977.2 25523.8 25456.9 24150.4 23478.7 22369.4 21135.5 20749.4 20746.3 20737 20607.8 39417.8 20365.3 17024.1 17888.8 16523.2 19294.5 17069.9 15547.1 15264.6 15073.5 15006.3 14613 15551.5 14374.1 14325.2 13452.9 12317.9 11853 14044.3 11326.1 11001 10902.1 18404.7 10901.1 10569.8 10258.9 9589.12 9540.18 9192.99 9217.44 9859.37 9088.34 9014.35
threshold=53.650000000000013 130.25833333333335 189.8416666666667 16.550000000000004 1.0000000180025095e-35 256.81666666666672 4.5000000000000009 5.5000000000000009 3.5000000000000004 1.5000000000000002 403.42500000000001 1.5000000000000002 340.75000000000006 4.5000000000000009 40.158333333333339 318.92500000000001 1.0000000180025095e-35 4.5000000000000009 1.5000000000000002 1.0000000180025095e-35 256.81666666666672 1.0000000180025095e-35 4.5000000000000009 268.21666666666675 78.600000000000009 1.0000000180025095e-35 1.0000000180025095e-35 352.12500000000006 2.5000000000000004 1.5000000000000002 2.0500000000000003 428.85000000000008 93.850000000000009 4.5000000000000009 5.5000000000000009 3.5000000000000004 428.28333333333336 329.50000000000006 232.95000000000002 485.65000000000003 4.5000000000000009 3.5000000000000004 78.600000000000009 7.6500000000000012 5.5000000000000009 158.61000000000001 2.5000000000000004 1.5000000000000002 1.0000000180025095e-35 1.0000000180025095e-35 3.5000000000000004 2.5000000000000004 5.5000000000000009 1.5000000000000002 488.55000000000007 401.75000000000006 1.0000000180025095e-35 485.45000000000005 375.45000000000005 362.04166666666669 277.75000000000006 1.0500000000000003
decision_type=2 2 2 2 2 2 2 2 2 2 2 2 2 2 2 2 2 2 2 2 2 2 2 2 2 2 2 2 2 2 2 2 2 2 2 2 2 2 2 2 2 2 2 2 2 2 2 2 2 2 2 2 2 2 2 2 2 2 2 2 2 2
left_child=1 14 9 12 10 11 8 15 27 42 19 25 21 50 -1 38 26 45 61 23 60 56 -20 -4 -19 -5 36 28 29 55 44 32 -9 35 -35 46 -7 -30 -8 57 41 -23 -2 -25 -15 -11 47 -18 -24 53 51 -13 -42 -29 -14 -6 -3 58 -17 -60 -21 -16
right_child=2 3 4 5 6 16 7 31 -10 17 -12 13 54 30 18 39 33 24 22 20 -22 40 48 43 -26 -27 -28 49 37 -31 -32 -33 -34 34 -36 -37 -38 -39 -40 -41 52 -43 -44 -45 -46 -47 -48 -49 -50 -51 -52 -53 -54 -55 -56 -57 -58 -59 59 -61 -62 -63
leaf_value=-0.68879498582365639 0.25392215532179641 -0.15362266423203361 0.67845618687849496 0.13445578206782419 0.50730169535297709 0.47160028780483876 0.70422903898733058 0.3121276776742804 -0.091197146078971433 -0.58682847823517004 2.9042307949624959 -0.62699566947067176 -0.10386376009171544 0.11713615232366346 -0.24964462142473845 1.0271825375342833 0.36742243837861188 -0.10651095962130269 -0.7222688039387376 0.98905436387613188 2.0447356843406506 -0.37128162860383029 -0.51333297338485184 0.92124991837696468 0.33472032014245129 0.61847261602442005 1.7703685400051041 2.5441404056549075 0.56322821013688729 -0.34465396877277543 0.47375948491186687 0.80896949128426143 0.66770258308863462 0.54197890899662116 0.19784796548845307 -0.20232546463457132 1.4020492098541286 1.3771218156551615 1.115148370944901 2.620035582238978 -0.17731861509698255 -0.69352184905896608 0.74715499297493981 1.4274450541416437 -0.14077983160954496 -0.13667825127494732 0.46483907998997598 -0.37182023680725251 -0.27751189216947675 0.27140206751369295 -0.54886035758404528 -0.02727771364328492 -0.37393515529681631 1.1626797644297282 0.23394459581424962 1.4414970779791476 0.29990249773970357 2.2993018293380736 1.2712987908502906 2.6035586490517573 1.8329100772738458 0.56865131101437982
leaf_weight=2191 498 822 500 642 194 536 855 1029 657 346 40 187 3153 829 876 206 129 1034 997 199 110 1053 1449 329 368 338 37 20 377 185 212 376 539 694 986 344 49 68 302 22 1129 581 210 243 1296 271 292 128 785 21 424 405 1877 45 242 32 135 20 41 21 38 35
leaf_count=2191 498 822 500 642 194 536 855 1029 657 346 40 187 3153 829 876 206 129 1034 997 199 110 1053 1449 329 368 338 37 20 377 185 212 376 539 694 986 344 49 68 302 22 1129 581 210 243 1296 271 292 128 785 21 424 405 1877 45 242 32 135 20 41 21 38 35
internal_value=-0.00105382 -0.195543 0.482273 -0.0653177 0.676868 0.129327 0.555271 0.687821 0.272515 0.020652 1.09441 -0.0116676 -0.228272 -0.103167 -0.535245 0.927686 0.320542 -0.112451 -0.454021 1.0434 1.41612 -0.318341 -0.52051 0.92275 0.00930438 0.301392 0.622157 0.526186 0.451828 0.196553 0.00645795 0.506813 0.434357 0.247629 0.340007 0.0738382 0.549535 0.687598 0.811487 1.36137 -0.36551 -0.48586 0.40022 1.13629 -0.0401623 -0.389113 0.246881 -0.000760684 -0.430468 1.26631 -0.355327 -0.216716 -0.300089 1.58774 -0.0797843 0.639577 -0.0896458 1.26522 1.18805 1.72255 1.12436 -0.218206
internal_weight=32049 22853 9196 16520 6469 7528 5010 3411 1599 2727 1459 4333 8992 3353 6333 1467 3195 2019 4142 1419 347 5597 3231 1072 1402 980 622 942 856 411 2337 1944 1568 2573 1680 893 585 445 1157 310 4640 1634 708 572 2125 617 549 257 2234 86 1016 592 3006 65 3395 226 957 288 268 62 237 911
internal_count=32049 22853 9196 16520 6469 7528 5010 3411 1599 2727 1459 4333 8992 3353 6333 1467 3195 2019 4142 1419 347 5597 3231 1072 1402 980 622 942 856 411 2337 1944 1568 2573 1680 893 585 445 1157 310 4640 1634 708 572 2125 617 549 257 2234 86 1016 592 3006 65 3395 226 957 288 268 62 237 911
is_linear=0
shrinkage=0.05


Tree=70
num_leaves=63
num_cat=0
split_feature=37 31 31 33 34 37 33 37 34 34 21 33 31 31 31 31 16 31 37 33 31 34 33 31 37 21 7 37 13 12 31 33 31 31 31 31 33 13 34 31 31 23 37 34 13 33 31 31 33 13 13 37 33 23 25 33 31 34 31 6 15 34
split_gain=1.12143e+06 309643 210214 115303 91731.6 78303.8 72998.7 62576 59556.2 29122.2 28903.8 24459.2 23768.2 20558.9 18981.2 18887.5 15749.5 14329.2 14063.4 13089.7 19850.8 21536.3 12892.2 12616.4 11562.4 9892.3 8233.28 7902.71 7830.03 7344.02 7265.61 7219.18 6920.91 6568.32 6565 6494.99 7451.49 6321.96 6321.25 6245.87 6112.31 5928.49 6994.62 5748.13 5722.53 5714.93 5661.9 5621.19 5582.14 5505.74 5487.62 5996.99 5345.24 5141.5 5089.73 8931.93 4944.5 4843.59 6484.08 6365.85 6883.39 7426.2
threshold=2.5000000000000004 215.95000000000002 253.25000000000003 166.15000000000001 209.85000000000005 1.5000000000000002 279.65000000000003 1.5000000000000002 114.55000000000001 171.45000000000002 1.0000000180025095e-35 365.95000000000005 378.65000000000003 335.95000000000005 402.75000000000006 140.35000000000005 1.0000000180025095e-35 29.050000000000004 5.5000000000000009 370.25000000000006 392.85000000000008 423.15000000000003 172.55000000000004 106.65000000000002 5.5000000000000009 1.0000000180025095e-35 1.0000000180025095e-35 3.5000000000000004 1.0000000180025095e-35 1.0000000180025095e-35 448.25000000000006 336.85000000000008 464.85000000000008 388.85000000000008 495.85000000000008 108.85000000000001 476.05000000000007 1.0000000180025095e-35 432.10000000000008 20.150000000000002 488.35000000000008 1.0000000180025095e-35 3.5000000000000004 226.05000000000004 1.0000000180025095e-35 1.0000000180025095e-35 4.4500000000000011 349.95000000000005 285.35000000000008 1.0000000180025095e-35 1.0000000180025095e-35 3.5000000000000004 2.6500000000000008 1.0000000180025095e-35 1.0000000180025095e-35 442.95000000000005 446.65000000000003 455.55000000000007 286.15000000000003 1.0000000180025095e-35 1.0000000180025095e-35 139.80000000000004
decision_type=2 2 2 2 2 2 2 2 2 2 2 2 2 2 2 2 2 2 2 2 2 2 2 2 2 2 2 2 2 2 2 2 2 2 2 2 2 2 2 2 2 2 2 2 2 2 2 2 2 2 2 2 2 2 2 2 2 2 2 2 2 2
left_child=1 7 4 9 6 12 15 23 11 14 13 32 -3 -7 -4 50 18 -8 19 49 53 43 39 46 26 28 35 -17 29 -9 41 -28 -5 -18 -34 -24 38 52 -37 -6 -14 -13 -43 -22 56 -16 -1 -12 -40 57 51 -2 -11 54 -21 -56 -15 58 -10 60 61 -60
right_child=2 5 3 8 22 10 17 25 16 37 47 30 40 44 45 27 33 -19 -20 20 21 -23 24 -25 -26 -27 31 -29 -30 -31 -32 -33 34 -35 -36 36 -38 -39 48 -41 -42 42 -44 -45 -46 -47 -48 -49 -50 -51 -52 -53 -54 -55 55 -57 -58 -59 59 -61 -62 -63
leaf_value=-0.7698888849628398 -0.19097653532415435 -0.25289730100690305 0.15223454437740558 0.4578138777978028 -0.080487640092770263 0.03349482956076133 0.085498734416582123 -0.1560054369859328 1.3306569276858242 1.4521653252619284 -0.26286924986898647 0.71062387779376324 -0.0763764005803933 0.2411404291968765 0.63693275054181486 -0.011046464286348371 1.4022420065156345 0.412089155498851 2.1355883010502521 0.92503445012829255 0.96464950627750834 2.9741780426767139 0.40251282272013755 -0.46861801642686923 1.7230906710624696 -0.42669532918468678 0.58103103668525302 0.2410465844186104 -0.42175526446415762 -0.3769254539928199 1.1366898812574042 1.330589383819865 0.89968513513203741 2.4966843788440412 -0.021164437857541171 0.52500497539719893 1.5091809625978825 0.29374447069972398 1.534539519205238 0.41654177193219466 0.19671116398863631 0.76505534902437411 1.5465438724160194 1.6759641454591379 -0.066238922278942736 0.36053730299334563 -0.59004540864607213 -0.016478347256556478 0.66554041767847683 0.1429919839501381 -0.32403451747681322 0.040218362417633657 0.72434023218229415 0.41880417893061772 0.89857177281379708 2.3162050235271456 0.41193045379654053 1.3382041837039749 1.4958016566608263 1.1790996941816376 1.4457740966762815 0.5643137077336785
leaf_weight=531 950 3434 1365 1144 75 1532 446 1823 62 27 467 613 2403 1339 285 959 29 1360 29 156 45 27 330 2430 25 956 58 460 490 474 169 72 161 26 22 252 27 83 33 402 224 67 50 77 116 544 2489 459 42 25 452 398 384 37 25 20 620 57 23 83 28 307
leaf_count=531 950 3434 1365 1144 75 1532 446 1823 62 27 467 613 2403 1339 285 959 29 1360 29 156 45 27 330 2430 25 956 58 460 490 474 169 72 161 26 22 252 27 83 33 402 224 67 50 77 116 544 2489 459 42 25 452 398 384 37 25 20 620 57 23 83 28 307
internal_value=0.000128395 -0.232989 0.374808 0.587743 0.174332 -0.0487378 0.0770104 -0.445319 0.786603 0.344938 0.108447 0.639902 -0.166296 0.172419 0.266845 -0.0657336 1.09584 0.331436 1.05058 1.01821 1.2438 1.69638 0.545945 -0.553427 0.663946 -0.287908 0.631417 0.070675 -0.240302 -0.201594 0.841267 0.996171 0.503484 1.91961 0.788982 0.562092 0.710852 0.691773 0.644935 0.338392 -0.0530907 0.772874 1.09902 1.41359 0.274988 0.455559 -0.621667 -0.140738 1.0479 0.868971 -0.173269 -0.122716 0.772154 0.96046 1.06017 1.52863 0.295193 0.90138 0.85188 0.784568 0.693099 0.629236
internal_weight=32098 19787 12311 5970 6341 10594 5025 9193 3282 2688 4533 2226 6061 3607 2194 3219 1056 1806 1001 972 387 149 1316 5450 839 3743 814 1419 2787 2297 899 130 1327 55 183 684 354 494 327 477 2627 730 117 122 2075 829 3020 926 75 585 1800 1348 411 238 201 45 1959 560 503 441 358 330
internal_count=32098 19787 12311 5970 6341 10594 5025 9193 3282 2688 4533 2226 6061 3607 2194 3219 1056 1806 1001 972 387 149 1316 5450 839 3743 814 1419 2787 2297 899 130 1327 55 183 684 354 494 327 477 2627 730 117 122 2075 829 3020 926 75 585 1800 1348 411 238 201 45 1959 560 503 441 358 330
is_linear=0
shrinkage=0.05


Tree=71
num_leaves=63
num_cat=0
split_feature=35 35 35 40 40 40 40 40 35 40 40 40 40 40 40 35 40 40 40 40 35 33 35 35 21 40 40 40 40 40 31 32 36 40 40 40 36 32 33 35 33 39 35 35 40 40 35 21 33 36 32 36 35 37 36 0 35 31 32 33 36 40
split_gain=1.69939e+06 357553 209135 96584.1 91735.4 73732.9 70802.5 52490.3 46684.1 43364.9 36237.1 36156.1 32139.9 26937.6 26313.3 24204.3 22236.5 53720.1 20615.6 37103.3 19506.8 19453.3 16866.6 16740.6 16434.5 15680.8 13994 27846.1 13144.8 15294.5 12537.5 14021 11739.9 11394 14435.4 11425.1 10960.6 11845 10702.7 10589.5 10164.6 9192.93 9107.17 9097.79 8912.06 12629.4 8686.26 8539.89 15281.6 9067.19 8207.89 7944.94 7762.47 7704.98 7663.68 7587.47 7357.67 7225.68 7040.94 6923.36 6546.83 6487.09
threshold=673.95000000000016 301.75000000000006 1055.7500000000002 1.5000000000000002 1.0000000180025095e-35 1.0000000180025095e-35 4.5000000000000009 4.5000000000000009 176.95000000000002 5.5000000000000009 3.5000000000000004 4.5000000000000009 5.5000000000000009 5.5000000000000009 3.5000000000000004 949.45000000000016 2.5000000000000004 1.5000000000000002 3.5000000000000004 2.5000000000000004 487.35000000000008 142.65000000000001 428.85000000000008 1397.9500000000003 1.0000000180025095e-35 1.0000000180025095e-35 2.5000000000000004 1.5000000000000002 1.5000000000000002 4.5000000000000009 460.75000000000006 296.25000000000006 403.42500000000001 4.5000000000000009 3.5000000000000004 5.5000000000000009 382.3250000000001 420.85000000000008 311.35000000000008 1397.9500000000003 343.35000000000008 1.0000000180025095e-35 825.05000000000007 812.6500000000002 2.5000000000000004 1.5000000000000002 511.05000000000007 1.0000000180025095e-35 3.5500000000000003 428.28333333333336 4.1500000000000012 26.275000000000002 1203.6500000000003 4.5000000000000009 13.050000000000002 1.0000000180025095e-35 511.05000000000007 162.95000000000002 56.050000000000004 485.45000000000005 245.81250000000003 5.5000000000000009
decision_type=2 2 2 2 2 2 2 2 2 2 2 2 2 2 2 2 2 2 2 2 2 2 2 2 2 2 2 2 2 2 2 2 2 2 2 2 2 2 2 2 2 2 2 2 2 2 2 2 2 2 2 2 2 2 2 2 2 2 2 2 2 2
left_child=1 8 3 15 24 21 18 10 28 20 16 14 42 23 26 47 17 -6 19 -5 -9 -4 -11 58 46 -10 27 -7 51 -30 -15 -32 36 34 44 -35 37 57 -28 -40 -33 -25 -8 -14 45 -27 -3 49 -49 -2 -50 -1 -39 -26 -31 60 -18 -23 -13 -60 -17 -56
right_child=2 4 5 6 7 11 12 9 25 22 -12 13 43 30 -16 55 56 -19 -20 -21 -22 32 -24 41 53 33 38 -29 29 54 31 40 -34 35 -36 -37 -38 52 39 -41 -42 -43 -44 -45 -46 -47 -48 48 50 -51 -52 -53 -54 -55 61 -57 -58 -59 59 -61 -62 -63
leaf_value=-0.59843840963779704 0.5553627443067024 0.086584338008936168 0.59021980256404516 -0.31071077719891921 0.026129445104284804 1.106763908300507 0.50471860884569197 0.01816990460455865 -0.11870113108997671 -0.25177203042686469 -0.47632472522228497 0.21085806241258981 0.20425103863383962 0.68665166029781366 0.10631577405108124 1.550476037110297 -0.075239785056461714 -0.6398620042192229 -0.17265799349190891 0.43796974717324333 0.29538738232573908 0.87451870227637496 -0.047516904156328039 1.1722556696784112 0.40740470993985795 -0.26249890219952382 0.53980848017860861 -0.1548517318767344 -0.71825526986865207 -0.68335594041949743 0.65771442079076581 1.3251524701714517 2.4426343601000937 -0.16110546801653292 -0.69855553716601382 -0.38712200211873593 0.7960889111394468 1.608302543357927 1.1669249881716337 2.3976991626349364 2.7056799411773684 2.2326351281255485 0.75438933511851014 0.41752187874638019 -0.20176096763173459 -0.82667512292082002 0.32524864841218137 1.3937437866211815 -0.20092408458391825 1.267586037199548 0.76254549723650733 -0.31868271009278704 2.4700351067951747 1.0414744734201793 -0.37973047193539489 0.30659303665161136 0.20009146593564175 1.5549513067948679 1.1251703906847481 2.0559896752947853 1.0573870142289372 -0.54394531648333933
leaf_weight=353 908 1291 53 239 622 89 732 1666 762 1754 1322 20 910 573 238 98 786 590 658 538 1025 46 2385 31 499 210 51 86 1389 578 51 40 38 895 496 1490 46 49 85 22 20 60 729 1110 436 188 541 102 24 47 280 903 56 53 968 25 351 257 410 21 215 1588
leaf_count=353 908 1291 53 239 622 89 732 1666 762 1754 1322 20 910 573 238 98 786 590 658 538 1025 46 2385 31 499 210 51 86 1389 578 51 40 38 895 496 1490 46 49 85 22 20 60 729 1110 436 188 541 102 24 47 280 903 56 53 968 25 351 257 410 21 215 1588
internal_value=0.000121975 -0.226222 0.584896 0.441138 -0.0508757 0.99094 0.32882 -0.114443 -0.446515 -0.032488 -0.266923 0.836439 0.450653 0.989499 0.507804 0.766126 -0.149073 -0.298074 0.0332815 0.207681 0.123762 1.50037 -0.134075 1.25279 0.229125 -0.325317 0.794754 0.48677 -0.540408 -0.580146 0.780869 1.26724 1.59841 -0.367696 -0.484956 -0.302307 1.52775 1.61024 1.13587 1.41998 1.78533 1.87141 0.629298 0.321444 -0.357923 -0.528994 0.157063 0.672078 0.864169 0.590415 0.686482 -0.397308 2.06789 0.468285 -0.518936 1.14482 0.00975693 1.45165 1.12797 1.17052 1.21177 -0.481754
internal_weight=32098 23141 8957 6615 12885 2342 4916 10501 10256 6830 3671 1797 3481 1226 571 1699 2349 1212 1435 777 2691 545 4139 542 2384 4477 333 175 5779 4523 684 111 492 3715 1330 2385 454 408 158 107 60 91 1461 2020 834 398 1832 1361 406 955 304 1256 105 552 3134 338 1137 303 451 431 313 2556
internal_count=32098 23141 8957 6615 12885 2342 4916 10501 10256 6830 3671 1797 3481 1226 571 1699 2349 1212 1435 777 2691 545 4139 542 2384 4477 333 175 5779 4523 684 111 492 3715 1330 2385 454 408 158 107 60 91 1461 2020 834 398 1832 1361 406 955 304 1256 105 552 3134 338 1137 303 451 431 313 2556
is_linear=0
shrinkage=0.05


Tree=72
num_leaves=63
num_cat=0
split_feature=35 35 35 40 40 40 35 40 40 40 40 40 35 40 40 40 40 40 40 40 40 40 40 35 21 36 36 35 40 40 40 35 40 21 35 40 40 40 36 2 10 36 40 31 21 36 17 31 5 35 35 36 30 2 35 37 36 31 36 8 5 36
split_gain=1.5337e+06 323368 189211 77040.1 76719.8 76684.2 61358.7 60725.9 41412.8 36704.3 36494.2 29240.9 28378.9 27325.3 24771.4 19739.9 41076.2 17641.2 29651 16235.6 19376.8 16032 16613.3 15846.3 15090.9 14644.7 14096.7 13738.1 13467.2 27937.8 12184.5 11284.9 10992 10935.4 10322.3 10088.9 9145.51 21521.1 8897.63 8054.91 7938.43 7888.46 8015.44 7717.61 7707.25 8183.14 7308.45 7282.73 7238.5 7143.16 7088.75 6921.27 6091.24 5986.72 5975.94 5900.64 5780.67 5723.95 5633.42 9801.84 5497.67 9100.7
threshold=673.95000000000016 339.15000000000009 1020.4500000000002 1.0000000180025095e-35 1.5000000000000002 1.0000000180025095e-35 199.05000000000004 4.5000000000000009 4.5000000000000009 4.5000000000000009 5.5000000000000009 3.5000000000000004 1279.4000000000003 5.5000000000000009 3.5000000000000004 2.5000000000000004 1.5000000000000002 3.5000000000000004 2.5000000000000004 1.5000000000000002 4.5000000000000009 1.5000000000000002 4.5000000000000009 949.45000000000016 1.0000000180025095e-35 428.28333333333336 403.42500000000001 506.35000000000008 2.5000000000000004 1.5000000000000002 5.5000000000000009 428.85000000000008 5.5000000000000009 1.0000000180025095e-35 1351.1500000000003 5.5000000000000009 2.5000000000000004 3.5000000000000004 26.275000000000002 1.0000000180025095e-35 1.0000000180025095e-35 21.750000000000004 5.5000000000000009 7.1500000000000012 1.0000000180025095e-35 428.28333333333336 1.0000000180025095e-35 232.45000000000002 1.0000000180025095e-35 794.6500000000002 825.05000000000007 281.01000000000005 1.0000000180025095e-35 1.0000000180025095e-35 511.05000000000007 4.5000000000000009 215.17083333333335 314.25000000000006 284.0125000000001 1.0000000180025095e-35 1.0000000180025095e-35 302.3633333333334
decision_type=2 2 2 2 2 2 2 2 2 2 2 2 2 2 2 2 2 2 2 2 2 2 2 2 2 2 2 2 2 2 2 2 2 2 2 2 2 2 2 2 2 2 2 2 2 2 2 2 2 2 2 2 2 2 2 2 2 2 2 2 2 2
left_child=1 6 4 26 23 24 21 17 11 14 27 15 30 50 28 16 -7 18 -6 -8 36 38 -23 44 54 35 33 -10 29 47 56 -12 -22 46 -30 -14 -21 -38 -1 51 -25 -24 -43 -26 45 -2 52 -5 57 -15 -9 -35 -4 -31 -3 -45 -11 -46 -37 -60 -58 -62
right_child=2 5 3 9 7 8 19 13 10 12 31 -13 25 49 -16 -17 -18 -19 -20 20 32 22 41 40 43 -27 -28 -29 34 53 -32 -33 -34 39 -36 58 37 -39 -40 -41 -42 42 -44 55 48 -47 -48 -49 -50 -51 -52 -53 -54 -55 -56 -57 60 -59 59 -61 61 -63
leaf_value=-0.56851648923020182 0.5275946062474639 0.10527097111177064 1.1821461377059899 0.20070681869983675 -0.28891792198897459 0.034923619393879037 -0.10602592853359204 0.47948267976956988 0.053319818133559009 1.7434301096460094 -0.23095300957629472 -0.43119585431873397 1.4760334740052681 0.18090911131432377 0.091847983337670788 0.040648000928422565 -0.58512422682760268 -0.17706189942681819 0.39907929697618039 -0.77504617023546629 -0.11593352173704968 -0.67493206285377427 -0.61214458366349955 1.2026137352119484 0.018363302825270472 2.4794077992439272 2.3205025964661647 0.30370763989178512 0.82627204300628776 -0.39614741611480714 0.62456230840300175 -0.045141058174006848 -0.32088562055249459 1.5643673726213656 1.7470130857668427 1.4627764915165149 -0.17432611903048451 -0.62962634147222885 -0.27865593019324136 0.74103837121616722 0.37651132941246035 -0.32880156020549545 -0.50674463266618619 0.50481953299153715 0.71357104880230626 1.2042067363541178 0.57278088277036499 1.2293219997913023 0.18234095707535747 0.37652601226370247 0.70572173606234534 2.2890679613749185 1.8291106932046937 0.5259632626305456 0.30898621539273707 1.0938693050295114 1.007980092730298 1.1114186747628121 0.54842300067827543 1.618696807931971 0.083741266644278237 1.3340533727949317
leaf_weight=353 908 1076 323 22 227 547 1164 732 1528 23 1243 1165 167 797 278 1007 522 618 505 218 1043 1602 865 201 74 24 38 854 153 75 601 2385 1755 123 38 38 483 561 1059 22 34 1027 1649 372 203 47 44 79 40 1126 657 45 41 23 541 48 347 163 103 27 43 22
leaf_count=353 908 1076 323 22 227 547 1164 732 1528 23 1243 1165 167 797 278 1007 522 618 505 218 1043 1602 865 201 74 24 38 854 153 75 601 2385 1755 123 38 38 483 561 1059 22 34 1027 1649 372 203 47 44 79 40 1126 657 45 41 23 541 48 347 163 103 27 43 22
internal_value=0.000115876 -0.214911 0.555651 0.905578 0.404732 -0.0246038 -0.39848 0.302299 -0.0866543 0.757256 -0.00896789 -0.230713 0.903198 0.41751 0.452482 -0.118208 -0.26785 0.0196492 0.185725 -0.270648 -0.317846 -0.500355 -0.541327 0.703941 0.247319 1.2863 1.38669 0.143089 0.709549 0.421699 0.770444 -0.108803 -0.244486 1.32735 1.00946 1.20082 -0.480491 -0.418985 -0.351121 1.64067 1.08309 -0.480883 -0.438453 0.489185 0.638474 0.560894 1.18144 1.00527 0.82096 0.295451 0.586494 1.75848 1.25502 -0.179734 0.173428 0.57214 0.971995 0.890755 0.927249 0.770711 0.92893 0.506924
internal_weight=32098 23141 8957 2699 6258 11362 11779 4662 9251 2063 6010 3241 1395 3312 668 2076 1069 1350 732 5224 4060 6555 5143 1596 2111 359 636 2382 390 199 1036 3628 2798 598 191 335 1262 1044 1412 190 235 3541 2676 494 1361 955 408 101 406 1923 1389 168 364 98 1617 420 435 366 168 130 412 65
internal_count=32098 23141 8957 2699 6258 11362 11779 4662 9251 2063 6010 3241 1395 3312 668 2076 1069 1350 732 5224 4060 6555 5143 1596 2111 359 636 2382 390 199 1036 3628 2798 598 191 335 1262 1044 1412 190 235 3541 2676 494 1361 955 408 101 406 1923 1389 168 364 98 1617 420 435 366 168 130 412 65
is_linear=0
shrinkage=0.05


Tree=73
num_leaves=63
num_cat=0
split_feature=35 35 35 40 35 40 40 40 40 40 40 40 40 40 35 40 40 40 40 40 40 40 40 21 35 40 40 40 40 31 32 35 40 40 35 35 35 40 35 0 35 35 31 35 21 32 31 40 35 40 32 32 32 31 32 31 37 32 32 32 34 31
split_gain=1.38417e+06 292529 172076 82045.6 63816.2 63188.5 57956.3 56834.4 34116.7 31900.3 29261.5 26000.2 25516.6 24183.8 21879.2 21302.9 19312.9 21761.8 16812.7 34305.6 16805.9 31423.7 14678 14429.5 12532.4 11199.3 20790.6 11184.6 10786.1 10576.8 12200.1 10458.1 9496.63 20905.4 8498.55 8372.87 7929.93 7657.97 7653.6 7235.69 7129.29 7106.23 7012 6983.22 6955.79 11686.1 9010.06 9118.83 7220.55 6822.15 6284.47 6087.39 7231.87 9375.97 7955.4 6763.79 5961.82 7403.44 6892.46 5806.54 8452.75 5559.64
threshold=673.95000000000016 358.15000000000003 1069.4000000000003 1.5000000000000002 199.05000000000004 1.0000000180025095e-35 4.5000000000000009 1.0000000180025095e-35 4.5000000000000009 5.5000000000000009 4.5000000000000009 3.5000000000000004 5.5000000000000009 5.5000000000000009 949.45000000000016 3.5000000000000004 1.5000000000000002 4.5000000000000009 2.5000000000000004 1.5000000000000002 3.5000000000000004 2.5000000000000004 1.0000000180025095e-35 1.0000000180025095e-35 1397.9500000000003 2.5000000000000004 1.5000000000000002 5.5000000000000009 4.5000000000000009 460.75000000000006 296.25000000000006 506.35000000000008 2.5000000000000004 3.5000000000000004 860.05000000000007 461.4500000000001 1225.1500000000003 3.5000000000000004 1351.1500000000003 1.0000000180025095e-35 794.6500000000002 74.050000000000011 3.6500000000000008 54.550000000000004 1.0000000180025095e-35 123.35000000000001 314.25000000000006 1.0000000180025095e-35 794.6500000000002 5.5000000000000009 378.65000000000003 298.45000000000005 203.00000000000003 368.25000000000006 117.35000000000001 73.050000000000011 4.5000000000000009 404.55000000000007 482.05000000000007 329.95000000000005 405.75000000000006 418.05000000000007
decision_type=2 2 2 2 2 2 2 2 2 2 2 2 2 2 2 2 2 2 2 2 2 2 2 2 2 2 2 2 2 2 2 2 2 2 2 2 2 2 2 2 2 2 2 2 2 2 2 2 2 2 2 2 2 2 2 2 2 2 2 2 2 2
left_child=1 4 3 14 22 23 20 51 11 31 15 18 40 24 44 25 -6 32 19 -7 21 -5 43 -3 61 26 -9 -19 37 -15 -31 -10 -18 -34 -14 -11 -32 -24 -27 56 -8 -30 -25 -1 48 -46 -47 -48 -2 -43 -28 52 54 -54 -4 -53 57 -16 -59 -26 -61 -12
right_child=2 5 7 6 16 8 12 10 9 35 13 -13 34 29 39 -17 17 27 -20 -21 -22 -23 28 42 59 38 50 -29 41 30 36 -33 33 -35 -36 -37 -38 -39 -40 -41 -42 49 -44 -45 45 46 47 -49 -50 -51 -52 55 53 -55 -56 -57 -58 58 -60 60 -62 -63
leaf_value=-0.50611010846818327 0.38535583297310921 0.17005359828435254 0.87787553054444933 -0.27939300805900474 -0.08200344091154424 0.046639376622624698 0.43346717570313315 0.98137065670029688 0.065400963064038697 -0.18035637125872184 0.94502805779088284 -0.39932111827920774 0.20897924206103102 0.62019079342982675 0.84055403873155066 0.090404636565562302 -0.7319273012551083 -0.10495492742422355 0.057189868365074975 -0.54205039850784187 -0.14802050401749592 0.40159526906775239 -0.5299454051439827 -0.11012305597012693 0.94875100806355483 0.83560670441648832 -0.48482459089243596 -0.29759970740061553 -0.54381425104212155 0.57875912434288435 0.99313498139381418 0.28852225833395784 -0.17289489244991102 -0.59451403914763945 0.41544448147087876 -0.022017436993715476 2.1607157494082596 -0.73819316199474172 1.6596624314785005 0.25262439957371469 0.65631145693457926 -0.28584480341239255 0.55369178617395554 -0.22639193608064387 0.27726500483022798 0.70277013124581034 1.4750485352833165 0.46689221180718521 0.66100381045928502 -0.46985437390092594 0.42481735060291909 0.59077078253030779 1.3539481481990299 0.26234138324147177 1.8961913363500074 1.5370803241119253 1.5696385761036686 1.6370760249557781 0.57937176048755645 1.4599282435008458 2.5698044776916507 1.3575785043003323
leaf_weight=314 444 1515 34 245 1336 512 601 88 1364 1509 309 1093 1199 544 198 222 261 1207 941 479 674 549 1245 44 20 109 49 2005 1412 49 26 854 549 633 853 1869 33 684 38 27 891 818 415 771 90 188 99 29 511 1311 31 20 37 42 44 338 57 67 20 42 29 111
leaf_count=314 444 1515 34 245 1336 512 601 88 1364 1509 309 1093 1199 544 198 222 261 1207 941 479 674 549 1245 44 20 109 49 2005 1412 49 26 854 549 633 853 1869 33 684 38 27 891 818 415 771 90 188 99 29 511 1311 31 20 37 42 44 338 57 67 20 42 29 111
internal_value=0.000110083 -0.204165 0.527868 0.402253 -0.367531 -0.0107164 0.299778 0.910214 -0.0691461 0.00398438 0.770812 -0.204431 0.409206 0.911771 0.699137 0.465534 -0.249575 -0.297669 -0.0941755 -0.237904 0.0355986 0.191467 -0.475338 0.244462 1.16932 0.729911 0.451033 -0.225208 -0.50866 0.70992 1.16189 0.15131 -0.45896 -0.398686 0.294805 -0.0927497 1.64619 -0.603788 1.04863 1.04063 0.566546 -0.456839 0.490058 -0.307343 0.606551 0.779912 0.923071 1.24664 0.532849 -0.399155 -0.132338 1.37038 1.11079 0.7736 1.45231 1.48421 1.10284 1.00948 1.39393 1.70128 1.91326 1.05406
internal_weight=32098 23141 8957 6742 12546 10595 5012 2215 8621 5596 1700 3025 3544 1163 1730 537 5991 4655 1932 991 1468 794 6555 1974 511 315 168 3212 5470 652 108 2218 1443 1182 2052 3378 59 1929 147 369 1492 3541 459 1085 1361 406 316 128 955 2129 80 515 157 79 78 358 342 285 87 91 71 420
internal_count=32098 23141 8957 6742 12546 10595 5012 2215 8621 5596 1700 3025 3544 1163 1730 537 5991 4655 1932 991 1468 794 6555 1974 511 315 168 3212 5470 652 108 2218 1443 1182 2052 3378 59 1929 147 369 1492 3541 459 1085 1361 406 316 128 955 2129 80 515 157 79 78 358 342 285 87 91 71 420
is_linear=0
shrinkage=0.05


Tree=74
num_leaves=63
num_cat=0
split_feature=35 35 35 40 40 40 40 40 35 40 40 40 40 40 35 40 40 40 40 40 35 33 35 36 35 40 40 40 31 32 33 40 40 40 40 40 36 33 33 35 40 40 36 32 21 35 35 32 37 1 32 21 33 36 35 35 21 33 35 36 31 33
split_gain=1.24921e+06 265005 155298 74046.2 67909.2 52305.6 51293.1 38891.4 34850.1 31771 26529.4 26408.5 23028.8 21825.9 19746 19225.9 16230.7 39538.7 15167.3 28359.9 15155 15132.6 12925.2 12468 12337.9 12285.1 10107.3 18763.5 9545.57 11103.5 9574.62 9111.14 11663.5 9118.44 9102.08 10498.6 9010.66 10830.6 8518.21 8157.95 7795.84 9794.87 7740.33 8540.35 8637.88 7669.94 7511.96 7492.15 7460.13 7339.94 6579 9601.92 9520.47 7231.23 6504.73 6453.62 8954.11 8101.61 6406.47 6178.3 6607.29 5884.05
threshold=673.95000000000016 301.75000000000006 1069.4000000000003 1.5000000000000002 1.0000000180025095e-35 4.5000000000000009 1.0000000180025095e-35 4.5000000000000009 165.15000000000001 5.5000000000000009 3.5000000000000004 4.5000000000000009 5.5000000000000009 5.5000000000000009 949.45000000000016 3.5000000000000004 2.5000000000000004 1.5000000000000002 3.5000000000000004 2.5000000000000004 439.9500000000001 142.65000000000001 487.35000000000008 409.72500000000008 428.85000000000008 1.0000000180025095e-35 2.5000000000000004 1.5000000000000002 460.75000000000006 328.05000000000007 305.35000000000008 4.5000000000000009 3.5000000000000004 5.5000000000000009 1.5000000000000002 4.5000000000000009 403.42500000000001 226.45000000000002 313.55000000000007 1397.9500000000003 2.5000000000000004 1.5000000000000002 382.3250000000001 446.55000000000007 1.0000000180025095e-35 860.05000000000007 1187.8500000000001 308.35000000000008 4.5000000000000009 1.0000000180025095e-35 4.1500000000000012 1.0000000180025095e-35 3.5500000000000003 428.28333333333336 825.05000000000007 1279.4000000000003 1.0000000180025095e-35 300.85000000000008 511.05000000000007 243.37500000000003 217.85000000000005 434.15000000000003
decision_type=2 2 2 2 2 2 2 2 2 2 2 2 2 2 2 2 2 2 2 2 2 2 2 2 2 2 2 2 2 2 2 2 2 2 2 2 2 2 2 2 2 2 2 2 2 2 2 2 2 2 2 2 2 2 2 2 2 2 2 2 2 2
left_child=1 8 3 14 22 18 21 10 34 20 16 15 54 23 50 26 17 -6 19 -5 -9 -4 -3 47 -11 -10 27 -8 -15 -30 -31 32 40 -33 -1 -36 37 46 -28 -40 41 -27 43 -39 -45 -14 -23 61 -24 59 -2 53 -53 -52 -7 -49 57 -57 -18 60 -16 -13
right_child=2 4 6 5 7 12 11 9 25 24 -12 13 45 28 49 -17 58 -19 -20 -21 -22 36 48 -25 -26 31 38 -29 29 30 -32 33 -34 -35 35 -37 -38 42 39 -41 -42 -43 -44 44 -46 -47 -48 55 -50 -51 51 52 -54 -55 -56 56 -58 -59 -60 -61 -62 -63
leaf_value=-0.34773171901872796 -0.24428125694394112 0.10463578661168688 0.46602734965937476 -0.26542335795960864 0.022732116671846551 0.43184115631999503 0.93230213875120338 -0.026569243445116672 -0.11216097738312072 -0.21476454777258663 -0.40811377694638679 0.98511904095858327 0.19853028140812989 0.58918125695439383 0.94094468614993954 0.085884407012480068 -0.071723171905555202 -0.54862957578444449 -0.14061948054988982 0.38151550743939233 0.2123240667592734 1.4963132359363416 0.31173615218307993 2.1366280549338885 -0.040070285115672177 -0.24494215039148637 0.4410128388316073 -0.1257214224897325 0.66710891574621201 1.0017279098431269 2.4458130901510065 -0.14609387843408259 -0.60714328722875954 -0.33946835122728841 -0.62491972408449492 -0.45340653846896073 2.1276235009494582 1.205087498243121 1.0172911987854885 2.1074804479425606 -0.17471630935431517 -0.71880374968415361 0.62771251958430474 1.3889416901767255 2.6532868807966059 0.39467225923232413 2.7748074603080752 1.0128523854801015 0.97872459563342018 0.25225209274118948 0.47490409544421902 1.216381319276258 0.65215698275947942 1.1109462152136134 0.64067788076776966 2.0072209482607635 2.1336372064219584 0.91750105994217324 0.18519499835125741 0.93124977903374073 1.8212831800288343 0.32938432808105766
leaf_weight=1162 24 1452 49 245 622 732 88 1191 833 1754 1322 100 1199 544 39 222 786 590 674 549 1500 27 888 28 2385 233 47 80 62 24 22 976 541 1624 1285 2919 38 278 78 22 478 205 46 35 22 853 20 206 44 31 908 102 280 47 760 23 36 66 351 252 47 52
leaf_count=1162 24 1452 49 245 622 732 88 1191 833 1754 1322 100 1199 544 39 222 786 590 674 549 1500 27 888 28 2385 233 47 80 62 24 22 976 541 1624 1285 2919 38 278 78 22 478 205 46 35 22 853 20 206 44 31 908 102 280 47 760 23 36 66 351 252 47 52
internal_value=0.000104579 -0.193957 0.501475 0.382141 -0.043 0.284789 0.864703 -0.0976928 -0.38361 -0.0271482 -0.228943 0.732272 0.388746 0.866182 0.66418 0.442257 -0.128107 -0.255406 0.0338186 0.181893 0.106593 1.30186 0.19791 1.11085 -0.114101 -0.287059 0.693415 0.428481 0.674424 1.1038 1.69238 -0.32297 -0.423065 -0.266879 -0.471595 -0.505831 1.38974 1.32423 0.996197 1.25713 -0.314346 -0.466727 1.23589 1.3194 1.87693 0.280065 2.04035 1.05139 0.343225 0.988596 0.576223 0.590952 0.802814 0.506207 0.538219 1.18483 1.46826 1.19911 0.0075893 1.05613 1.42206 0.760789
internal_weight=32098 23141 8957 6742 12885 5012 2215 10501 10256 6830 3671 1700 3544 1163 1730 537 2349 1212 1468 794 2691 515 2384 511 4139 4890 315 168 652 108 46 4057 1457 2600 5366 4204 466 428 147 100 916 438 381 335 57 2052 47 483 932 369 1361 1337 382 955 1492 331 125 89 1137 338 86 152
internal_count=32098 23141 8957 6742 12885 5012 2215 10501 10256 6830 3671 1700 3544 1163 1730 537 2349 1212 1468 794 2691 515 2384 511 4139 4890 315 168 652 108 46 4057 1457 2600 5366 4204 466 428 147 100 916 438 381 335 57 2052 47 483 932 369 1361 1337 382 955 1492 331 125 89 1137 338 86 152
is_linear=0
shrinkage=0.05


Tree=75
num_leaves=63
num_cat=0
split_feature=35 35 35 40 40 40 35 40 40 35 40 40 40 40 40 35 33 40 40 35 32 40 40 36 37 39 32 33 33 35 40 40 37 40 40 35 21 35 33 33 35 0 39 35 40 33 36 36 36 32 32 33 32 36 35 35 33 35 33 40 39 32
split_gain=1.16139e+06 218246 174874 66726.9 59478.2 50811.7 42333.8 40311.5 38197.6 31374.4 29450.5 25535.2 23462.1 22187.3 22181.4 21214.4 15175.9 14158 35948.3 15445 12981.1 12618.4 26394.1 11148 14150.6 11158 20219.8 10740.9 10312.2 9990.74 9931.44 16732 9017.91 8713.84 8193.31 7930.22 7833.91 7827.22 8473.82 8839.05 7774.92 7526.43 8766.73 7515.56 7481.81 7459.91 7252.7 7201.03 6515.15 12297.6 9746.76 10412.9 6686.8 7425.1 6456.28 6448.56 6358.74 6348.43 6462 6332.42 6316.01 5869.33
threshold=563.1500000000002 916.25000000000011 260.95000000000005 1.5000000000000002 1.0000000180025095e-35 4.5000000000000009 1397.9500000000003 1.0000000180025095e-35 4.5000000000000009 1225.1500000000003 4.5000000000000009 3.5000000000000004 5.5000000000000009 3.5000000000000004 5.5000000000000009 141.45000000000002 419.15000000000003 2.5000000000000004 3.5000000000000004 1155.7500000000002 374.65000000000003 2.5000000000000004 1.5000000000000002 428.28333333333336 4.5000000000000009 1.0000000180025095e-35 418.85000000000008 2.2500000000000004 2.6500000000000008 770.85000000000025 2.5000000000000004 1.5000000000000002 3.5000000000000004 5.5000000000000009 1.0000000180025095e-35 415.05000000000007 1.0000000180025095e-35 949.45000000000016 142.65000000000001 104.05000000000001 403.75000000000006 1.0000000180025095e-35 1.0000000180025095e-35 800.35000000000025 1.0000000180025095e-35 2.6500000000000008 211.48750000000004 255.47083333333339 342.98333333333341 458.65000000000003 446.55000000000007 444.85000000000008 198.15000000000001 334.03333333333336 747.75000000000011 777.00000000000011 385.45000000000005 1110.2000000000003 226.45000000000002 1.0000000180025095e-35 1.0000000180025095e-35 474.15000000000003
decision_type=2 2 2 2 2 2 2 2 2 2 2 2 2 2 2 2 2 2 2 2 2 2 2 2 2 2 2 2 2 2 2 2 2 2 2 2 2 2 2 2 2 2 2 2 2 2 2 2 2 2 2 2 2 2 2 2 2 2 2 2 2 2
left_child=2 4 15 6 36 17 27 32 11 33 13 30 40 21 55 28 -8 -5 19 -19 -18 22 -9 24 48 -26 47 -3 34 -16 31 -6 -4 61 -1 -14 43 -29 39 -39 -12 44 -43 -2 46 54 -40 -27 49 52 51 -50 -11 -54 -38 -10 -35 -48 -59 -17 -21 -7
right_child=1 3 7 5 8 9 16 10 14 23 12 -13 35 -15 29 59 20 18 -20 60 -22 -23 -24 -25 25 26 -28 37 -30 -31 -32 -33 -34 56 -36 -37 45 38 41 -41 -42 42 -44 -45 -46 -47 57 -49 50 -51 -52 -53 53 -55 -56 -57 -58 58 -60 -61 -62 -63
leaf_value=-0.30643602443373735 0.35828961872298015 1.8413621306419374 0.072212193291338669 -0.21527044343096868 0.23921189582527461 0.68901952967016555 1.466408083510043 -0.049780068393814006 0.32494824496540109 1.1010657327175142 -0.051550596831612533 -0.24704601891728803 -0.22095305459108869 -0.43455736936738809 0.077994351743945284 -0.17375391708626647 1.688154887109995 0.51118214464092515 0.038083894101680782 1.9110730011401504 3.382506425564106 -0.039088094570935851 -0.53952194888464045 1.9909269281228383 0.85413572954546135 1.9927574526179921 2.927349356762492 0.51247644782002666 -1.1884116970762915 0.29247178562449011 0.26963114052100923 -0.29182848787837329 0.48763708953446311 0.59157825463879188 -0.48835685910323018 -0.077913169699348306 0.78973257863658608 0.84031206029401706 1.8590303857345134 -0.15007108840526959 0.12653481297363633 -0.075662751789345895 1.1391955203480191 0.63760634779651792 0.67740679498423229 0.56653432259053893 0.90825236084456673 0.8665407878160476 1.6884666359024263 1.4922442374626796 0.49677963401708336 0.60338894526163744 0.41710992299020289 -0.60225764046544616 1.5858971194778053 0.53115583221227847 0.3131832396297099 1.9712568615164079 1.170267277158797 -0.33910831959867671 1.0215774194803089 1.207181943655014
leaf_weight=737 782 31 1953 140 307 613 67 578 1074 25 1166 726 2107 1199 1450 695 20 188 411 29 26 1023 525 30 56 22 26 117 49 868 612 287 140 614 3863 1794 87 71 32 33 1292 33 27 348 110 330 263 40 67 30 54 33 80 23 36 586 308 28 250 3469 64 60
leaf_count=737 782 31 1953 140 307 613 67 578 1074 25 1166 726 2107 1199 1450 695 20 188 411 29 26 1023 525 30 56 22 26 117 49 868 612 287 140 614 3863 1794 87 71 32 33 1292 33 27 348 110 330 263 40 67 30 54 33 80 23 36 586 308 28 250 3469 64 60
internal_value=-0.000145676 0.40201 -0.225032 0.69917 0.242543 0.573552 1.02943 -0.0989805 0.169636 0.705593 -0.141986 -0.0127629 -0.0789353 -0.262569 0.258222 -0.393478 1.94653 0.243292 0.336065 0.771901 2.64583 -0.165573 -0.282885 1.0573 0.995879 1.40587 1.75697 0.925276 -0.466896 0.158308 0.128273 -0.0173682 0.0999998 0.598426 -0.45921 -0.155172 0.514735 0.895816 0.948769 0.526056 0.0420565 1.00794 0.471023 0.444309 1.0551 0.690409 1.12761 1.26617 0.806654 0.581081 1.03809 1.33039 0.367527 0.189484 1.02276 0.397742 0.498579 1.08435 1.25094 -0.31151 1.29895 0.735215
internal_weight=32104 11514 20590 4021 7493 2913 1108 11777 5910 2081 9684 1932 6359 3325 3978 8813 113 832 692 281 46 2126 1103 486 456 144 88 995 4649 2318 1206 594 2093 1595 4600 3901 1583 964 847 104 2458 743 60 1130 683 453 573 62 312 158 154 100 128 103 123 1660 922 541 278 4164 93 673
internal_count=32104 11514 20590 4021 7493 2913 1108 11777 5910 2081 9684 1932 6359 3325 3978 8813 113 832 692 281 46 2126 1103 486 456 144 88 995 4649 2318 1206 594 2093 1595 4600 3901 1583 964 847 104 2458 743 60 1130 683 453 573 62 312 158 154 100 128 103 123 1660 922 541 278 4164 93 673
is_linear=0
shrinkage=0.05


Tree=76
num_leaves=63
num_cat=0
split_feature=32 36 37 36 37 36 36 40 40 32 37 36 40 36 37 36 37 40 40 40 36 40 40 21 33 36 33 40 36 40 37 39 32 40 40 40 32 32 40 40 40 33 33 40 40 40 36 36 40 36 34 36 40 37 21 40 40 2 32 36 36 2
split_gain=604875 250000 172694 121696 72642.7 57342.3 56414.4 46003.8 39848.4 33742.2 33043 30796.1 30311.1 29349.7 26600.2 25463.1 23773.1 18434.8 20348.8 18199.3 15370.5 14854 14539.7 14518 13789.4 13409 13328 12965.7 11693.6 11347 11106.9 10421.6 17716 10390.6 11608.2 10287.8 10138.9 13219.4 9630.69 9313.79 9249.93 9023.53 8946.71 8907.06 8767.94 8560.08 8448 8251.29 8084.16 7719.59 7551.87 7338.43 7260.41 7132.19 7112.16 6829 9858.83 6813.53 6677.25 6525.16 6484.63 6084.08
threshold=65.250000000000014 188.61250000000004 3.5000000000000004 120.22500000000001 3.5000000000000004 271.14166666666677 424.12500000000006 1.5000000000000002 4.5000000000000009 4.6500000000000012 5.5000000000000009 340.75000000000006 1.0000000180025095e-35 462.72500000000008 2.5000000000000004 323.02500000000003 4.5000000000000009 3.5000000000000004 2.5000000000000004 1.0000000180025095e-35 263.94166666666672 1.5000000000000002 4.5000000000000009 1.0000000180025095e-35 381.15000000000003 238.91250000000005 419.15000000000003 1.0000000180025095e-35 420.42500000000007 1.0000000180025095e-35 2.5000000000000004 1.0000000180025095e-35 418.85000000000008 4.5000000000000009 3.5000000000000004 4.5000000000000009 462.85000000000008 367.85000000000008 1.0000000180025095e-35 5.5000000000000009 1.5000000000000002 313.55000000000007 1.0000000180025095e-35 4.5000000000000009 4.5000000000000009 5.5000000000000009 165.15833333333336 472.55000000000007 5.5000000000000009 241.15833333333336 333.45000000000005 40.158333333333339 1.5000000000000002 4.5000000000000009 1.0000000180025095e-35 2.5000000000000004 1.5000000000000002 1.0000000180025095e-35 448.55000000000007 256.81666666666672 262.54166666666674 1.0000000180025095e-35
decision_type=2 2 2 2 2 2 2 2 2 2 2 2 2 2 2 2 2 2 2 2 2 2 2 2 2 2 2 2 2 2 2 2 2 2 2 2 2 2 2 2 2 2 2 2 2 2 2 2 2 2 2 2 2 2 2 2 2 2 2 2 2 2
left_child=3 4 5 40 29 12 7 15 17 11 19 27 30 14 28 23 20 18 57 -6 58 -16 52 49 38 -18 36 54 -7 -2 -3 -27 60 34 55 -31 37 -17 -11 -24 51 -20 -21 -42 -23 -35 -40 -13 -37 -4 -28 -1 -14 -43 -5 56 -29 -9 -10 -25 -33 -22
right_child=1 2 6 9 10 13 -8 8 16 24 -12 47 22 -15 21 26 25 -19 41 42 61 44 39 59 -26 31 50 33 -30 35 -32 32 -34 45 -36 48 -38 -39 46 -41 43 53 -44 -45 -46 -47 -48 -49 -50 -51 -52 -53 -54 -55 -56 -57 -58 -59 -60 -61 -62 -63
leaf_value=-0.4523377896071627 -0.025364747175421094 0.13706391801478274 0.35848826009886609 -0.13360422996431365 0.44672256183287645 0.18468381324818445 3.2203197457960679 -0.31627222768716762 0.35044699704327109 0.29945744282620795 1.1905622942300587 -0.076695970532502183 0.15282832288855241 1.391890157741996 0.72694240804356591 1.6700439180930458 0.74437881710123177 -0.09114608025224305 0.4144099574368027 1.0935094784200192 0.80798798033726671 0.17228257885186379 0.21096116375554003 0.89820935434024585 0.38635579884712457 0.83636761414336758 1.6154832449826326 -0.20007025302094741 0.54874208629719123 -0.40809447253538988 0.5430224777117294 1.785252121778635 2.6870194288094842 -0.10515461139017888 -0.53242449610315989 -0.062487875815403798 2.1343114720149474 0.24890786683536137 -0.24679258824210004 -0.013786256515409557 -0.57107736294038391 0.76733433062380019 0.027770589321203222 -0.4093477124624883 0.47116770305569688 -0.27398841106668598 0.059898926931831624 0.13248204266250976 -0.28308366054760686 0.78575941085648005 2.925572280450301 -0.17887807106159492 -0.21651076253432855 1.6554601699113847 0.19866355041321368 -0.13239494827027617 -0.61931522457923993 0.60151395797729501 0.83391593306124967 1.34235755905509 0.72941983576976899 0.42180024847503783
leaf_weight=416 591 299 175 827 358 2297 21 91 744 238 77 2822 158 65 438 30 226 324 133 20 487 341 773 266 316 58 22 321 244 873 386 26 30 1198 638 676 22 36 361 1142 1244 77 1281 2697 875 2011 594 566 1077 267 22 598 843 32 200 518 249 26 79 120 33 129
leaf_count=416 591 299 175 827 358 2297 21 91 744 238 77 2822 158 65 438 30 226 324 133 20 487 341 773 266 316 58 22 321 244 873 386 26 30 1198 638 676 22 36 361 1142 1244 77 1281 2697 875 2011 594 566 1077 267 22 598 843 32 200 518 249 26 79 120 33 129
internal_value=-0.000138392 0.213699 0.343168 -0.220412 -0.082644 0.213402 0.636634 0.62093 0.507757 -0.126718 0.178021 -0.162126 0.0665221 0.33756 0.321224 0.915062 0.630437 0.182289 0.429066 0.131025 0.538231 0.47728 -0.00378691 0.812246 0.0926754 0.986158 1.56 -0.230531 0.219643 -0.223307 0.365823 1.35787 1.69773 -0.264167 -0.363094 -0.267856 1.20474 0.894879 0.0148858 0.0769342 -0.425746 0.69081 0.044154 -0.460399 0.387352 -0.210959 -0.0560337 -0.0417506 -0.198016 0.616591 2.27053 -0.291067 -0.158213 1.02807 -0.0688977 -0.263798 -0.383214 -0.11232 0.396855 1.03629 1.1947 0.727114
internal_weight=32104 16290 11337 15814 4953 7861 3476 3455 2495 10859 1736 9350 3601 4260 4195 960 1812 683 359 1659 1439 1654 2916 828 1509 373 132 5962 2541 3217 685 147 89 4935 1726 2626 88 66 1193 1915 4955 242 1301 3941 1216 3209 955 3388 1753 442 44 1014 1001 109 1027 1088 570 117 823 386 59 616
internal_count=32104 16290 11337 15814 4953 7861 3476 3455 2495 10859 1736 9350 3601 4260 4195 960 1812 683 359 1659 1439 1654 2916 828 1509 373 132 5962 2541 3217 685 147 89 4935 1726 2626 88 66 1193 1915 4955 242 1301 3941 1216 3209 955 3388 1753 442 44 1014 1001 109 1027 1088 570 117 823 386 59 616
is_linear=0
shrinkage=0.05


Tree=77
num_leaves=63
num_cat=0
split_feature=37 31 40 34 33 31 37 37 31 31 33 34 31 33 40 31 31 9 37 37 40 40 33 40 33 40 23 2 40 40 40 31 21 40 31 34 40 40 40 33 31 40 40 40 31 40 40 40 0 33 15 40 40 28 33 40 31 8 33 9 39 34
split_gain=533058 172829 135673 82870.5 55174.1 44787.7 40776.5 33884.2 32417.9 31500.6 30358 32631.4 26495.2 26193.7 22400.7 21986.3 18539.3 17625.7 17311.8 16919.3 14080.4 13670.3 13627.9 13548.1 11282.6 10921.5 10763.2 11459.3 10242.3 12198.2 9576.93 9373.75 9363.34 8913.26 8743.11 7318.86 7272.73 9713.66 7225.01 10318.7 7095.59 7053.64 7527.2 7377.16 7133.34 7030.01 7018.29 6988.22 6939.82 6816.88 8077.64 6679.87 6652.11 6539.43 8375.51 6376.47 6109.47 6051.87 6153.12 5985.17 5770.81 5686.67
threshold=2.5000000000000004 292.25000000000006 1.0000000180025095e-35 193.95000000000002 255.05000000000004 316.35000000000008 1.5000000000000002 1.5000000000000002 168.75000000000003 181.95000000000002 451.15000000000003 215.05000000000004 257.45000000000005 414.65000000000003 4.5000000000000009 357.45000000000005 199.85000000000005 1.0000000180025095e-35 4.5000000000000009 3.5000000000000004 1.0000000180025095e-35 1.0000000180025095e-35 451.15000000000003 4.5000000000000009 235.55000000000004 4.5000000000000009 1.0000000180025095e-35 1.0000000180025095e-35 4.5000000000000009 1.5000000000000002 3.5000000000000004 472.65000000000003 1.0000000180025095e-35 5.5000000000000009 89.550000000000011 116.7 4.5000000000000009 5.5000000000000009 5.5000000000000009 483.85000000000008 117.45000000000002 4.5000000000000009 5.5000000000000009 3.5000000000000004 21.350000000000005 4.5000000000000009 5.5000000000000009 3.5000000000000004 1.0000000180025095e-35 118.05000000000001 1.0000000180025095e-35 1.0000000180025095e-35 3.5000000000000004 1.0000000180025095e-35 224.15000000000001 3.5000000000000004 448.25000000000006 1.0000000180025095e-35 392.15000000000003 1.0000000180025095e-35 1.0000000180025095e-35 437.80000000000001
decision_type=2 2 2 2 2 2 2 2 2 2 2 2 2 2 2 2 2 2 2 2 2 2 2 2 2 2 2 2 2 2 2 2 2 2 2 2 2 2 2 2 2 2 2 2 2 2 2 2 2 2 2 2 2 2 2 2 2 2 2 2 2 2
left_child=1 6 5 4 9 18 16 31 -5 45 19 60 41 23 30 26 51 22 24 -7 56 -8 -17 47 40 52 27 61 29 -14 -11 -3 36 -27 -20 -16 55 -38 39 -30 -2 43 -43 -6 -44 -4 -47 53 57 -21 59 -1 -23 54 -10 -22 -9 -26 -59 -51 -12 -15
right_child=2 7 3 8 12 10 21 20 13 14 11 -13 28 15 35 17 -18 -19 34 49 32 25 -24 -25 48 33 -28 -29 38 -31 -32 -33 -34 -35 -36 -37 37 -39 -40 -41 -42 42 44 -45 -46 46 -48 -49 -50 50 -52 -53 -54 -55 -56 -57 -58 58 -60 -61 -62 -63
leaf_value=-0.2736720915766791 0.038023108017490537 -0.093705326379853626 -0.31656891636300633 0.18582079840908194 0.12988771689590067 0.53724852427798186 0.011861175363020643 0.27025592850819863 0.2539392532172956 0.0098496455495846996 0.72476265057921418 3.5127300363779073 0.90639804656895118 0.96111259309072339 0.16289666261909297 2.2093659665148992 -0.22581333066184475 3.0441139960289001 0.21324077153053042 0.65637518908887171 0.13139199713226773 -0.23608251943293701 0.70711481927169695 0.62577315193311411 0.50299407300638632 -0.032310802310760924 -0.26976237089737604 0.020378390947977703 0.624967029971362 0.11779798348394471 -0.31768892530189907 0.12463313892093318 -0.087322328166061308 -0.21846995316456819 1.0578161701351614 0.57228382509844067 0.36681758620629862 0.099653139826926321 0.40596592700911627 1.6751759519577025 0.34666782158140658 0.35565908083166836 -0.25466109957576782 -0.2566219458569638 0.17420587623148365 0.048372432331962048 -0.20703997027466592 -0.034389897335419882 0.012835334818209372 1.1110788617497034 2.0123347683386372 -0.43004488118334461 -0.46081024584381836 -0.15527358716114975 0.96614744479525594 -0.17036872388788438 0.63454644732471366 1.3415499003643685 0.4795495355451429 0.49423644594524219 1.6671145121256512 1.8948548980734565
leaf_weight=812 292 3875 604 708 320 443 869 474 95 632 32 20 57 63 1855 26 2006 20 39 127 459 892 36 743 497 1036 23 27 363 351 345 563 556 1695 143 116 579 825 507 25 514 468 121 201 488 448 673 135 62 271 22 4297 522 39 73 283 152 47 37 46 33 22
leaf_count=812 292 3875 604 708 320 443 869 474 95 632 32 20 57 63 1855 26 2006 20 39 127 459 892 36 743 497 1036 23 27 363 351 345 563 556 1695 143 116 579 825 507 25 514 468 121 201 488 448 673 135 62 271 22 4297 522 39 73 283 152 47 37 46 33 22
internal_value=-0.000131472 -0.159736 0.25995 0.17272 0.0969784 0.578432 -0.277658 0.0244344 0.458124 -0.00935034 0.842989 1.74661 0.268255 0.606197 0.0899527 1.10767 -0.354618 1.75344 0.417201 0.758492 0.145041 -0.168449 1.33709 0.505902 0.359469 -0.206251 0.715427 0.917742 0.435594 0.22797 -0.105811 -0.0660071 0.0955383 -0.147851 0.876836 0.18699 0.142915 0.20983 0.530243 0.692635 0.234851 0.131808 0.204872 -0.0192264 0.0889959 -0.179058 -0.104966 0.245482 0.515677 0.968816 1.08587 -0.405192 -0.319044 0.428006 0.563411 0.0163 0.35871 0.569336 0.961859 1.02157 1.20319 1.20279
internal_weight=32104 19895 12209 9584 7574 2625 12129 7766 2010 4673 994 85 2901 1302 2948 217 7115 82 1631 909 3328 5014 62 1085 1449 4145 135 112 1303 408 977 4438 2702 2731 182 1971 2146 1404 895 388 806 1598 1077 521 609 1725 1121 342 643 466 339 5109 1414 207 168 742 626 581 84 317 65 85
internal_count=32104 19895 12209 9584 7574 2625 12129 7766 2010 4673 994 85 2901 1302 2948 217 7115 82 1631 909 3328 5014 62 1085 1449 4145 135 112 1303 408 977 4438 2702 2731 182 1971 2146 1404 895 388 806 1598 1077 521 609 1725 1121 342 643 466 339 5109 1414 207 168 742 626 581 84 317 65 85
is_linear=0
shrinkage=0.05


Tree=78
num_leaves=63
num_cat=0
split_feature=35 35 35 40 35 40 40 40 40 36 40 40 40 40 40 35 40 21 36 40 40 40 35 32 33 40 40 40 40 35 27 0 31 33 36 21 31 37 32 33 9 33 40 35 36 32 31 32 31 35 40 33 33 35 40 40 35 31 35 1 33 37
split_gain=877162 166334 130916 52802.9 43926.2 33640.1 31450.4 31206.7 29058.6 25489.1 23420.6 20811.8 19586.2 18715 18490.2 16105.1 16007.9 15242.4 29423 11256.4 23052.9 10997.9 10195.9 9988.55 9596.14 9351.32 16765 8369.71 14518 8253.42 8756.53 11133.2 9611.37 8246.21 8223.11 7655.62 7475.46 8351.6 7349.54 7347.09 7288 8459.95 9013.76 6887.22 6761.1 8727.54 6944.6 7980.19 6614.11 6503.08 6405.86 6332.96 6303.87 6177.45 6136.52 6438.96 6023 5935.02 5932.21 5351.09 5180.46 10801.6
threshold=563.1500000000002 978.05000000000007 260.95000000000005 1.0000000180025095e-35 1455.95 1.0000000180025095e-35 4.5000000000000009 1.0000000180025095e-35 4.5000000000000009 424.12500000000006 4.5000000000000009 3.5000000000000004 5.5000000000000009 5.5000000000000009 3.5000000000000004 141.45000000000002 3.5000000000000004 1.0000000180025095e-35 313.22500000000008 2.5000000000000004 1.5000000000000002 5.5000000000000009 770.85000000000025 462.85000000000008 2.6500000000000008 2.5000000000000004 1.5000000000000002 2.5000000000000004 1.5000000000000002 1351.1500000000003 1.0000000180025095e-35 1.0000000180025095e-35 261.45000000000005 162.05000000000004 440.65000000000003 1.0000000180025095e-35 458.45000000000005 3.5000000000000004 380.65000000000003 2.6500000000000008 1.0000000180025095e-35 414.65000000000003 1.5000000000000002 747.75000000000011 331.81666666666672 412.85000000000008 230.15000000000001 329.95000000000005 394.65000000000003 800.35000000000025 3.5000000000000004 251.35000000000005 427.15000000000003 777.00000000000011 1.5000000000000002 4.5000000000000009 403.75000000000006 412.55000000000007 860.05000000000007 1.0000000180025095e-35 1.0000000180025095e-35 2.5000000000000004
decision_type=2 2 2 2 2 2 2 2 2 2 2 2 2 2 2 2 2 2 2 2 2 2 2 2 2 2 2 2 2 2 2 2 2 2 2 2 2 2 2 2 2 2 2 2 2 2 2 2 2 2 2 2 2 2 2 2 2 2 2 2 2 2
left_child=2 3 15 34 5 29 11 36 16 17 14 25 53 56 19 24 27 40 50 20 -9 23 -14 -10 54 26 -5 28 -7 30 31 33 -32 -3 35 49 37 -4 -24 43 41 42 -6 -37 45 46 47 52 -15 -2 -19 -25 -35 -8 -1 -56 -12 -44 -13 -23 61 -17
right_child=1 4 7 6 9 8 12 10 21 -11 13 58 22 48 -16 60 -18 18 -20 -21 -22 59 38 51 -26 -27 -28 -29 -30 -31 32 -33 -34 44 -36 39 -38 -39 -40 -41 -42 -43 57 -45 -46 -47 -48 -49 -50 -51 -52 -53 -54 -55 55 -57 -58 -59 -60 -61 -62 -63
leaf_value=-0.2844416216992377 0.30639088490246641 0.51778443666953078 0.029618544845834444 0.23769870647647676 1.8317824878475883 0.60197934595149338 0.28894733385134358 -0.036273333889184113 0.71085818394746514 2.9649382897785732 -0.042441232932098914 -0.26086373626950787 0.066489951285276697 -0.17450351703374856 -0.38887882931043377 -0.27327326396541984 -0.027110802856805696 1.7546368381381037 3.0373882410702886 -0.023861406330758467 -0.49396960915199345 0.54072674615872074 0.16462424828286479 0.70772794058377098 -1.1012953281402589 0.26180503816948725 -0.26766381784083365 0.68951725098185057 -0.19687449382346811 1.4649288943556489 -0.62271554559469233 0.26254130000785247 0.75863850642653086 1.7350469529628754 1.2572968076575888 0.70038842721574612 0.3902506934130256 0.43214151762801106 0.42592097346700425 0.51314453394988668 1.5201445863644283 0.12212084523888063 1.1471338526062345 1.4864298669303337 0.76438155040617983 1.7347443364682746 1.2413734826910705 0.083462256373781157 -0.025535113445426506 0.54513457958194489 0.64397885977114377 1.5651256236337847 0.50992608524504168 0.47321123020824979 -0.52690626787020101 -0.38304207863535994 0.11430134887492788 -0.015476105752445402 0.066520194247322903 -0.23226034537605617 -0.51949036880302235 0.17234662739578174
leaf_weight=947 782 79 1767 345 22 127 1074 578 534 21 1166 634 1450 2898 1199 3825 303 20 27 1023 525 843 688 33 49 679 313 195 103 61 20 59 34 21 33 87 187 139 442 373 30 46 23 41 126 61 173 33 1003 449 37 62 21 789 1123 2530 1292 21 177 23 198 141
leaf_count=947 782 79 1767 345 22 127 1074 578 534 21 1166 634 1450 2898 1199 3825 303 20 27 1023 525 843 688 33 49 679 313 195 103 61 20 59 34 21 33 87 187 139 442 373 30 46 23 41 126 61 173 33 1003 449 37 62 21 789 1123 2530 1292 21 177 23 198 141
internal_value=-0.000124899 0.349374 -0.195566 0.232544 0.658503 0.604184 0.167501 -0.0865014 0.509625 1.29868 -0.12434 0.0104187 0.243444 -0.0681132 -0.231872 -0.341311 0.250569 1.14385 1.67773 -0.143326 -0.254125 0.635774 0.154236 0.794898 -0.405279 0.131633 -0.00269411 0.448539 0.244232 0.909713 0.855697 0.913059 0.247026 0.987729 0.47543 0.460533 0.0885717 0.0589736 0.266831 0.62531 0.82803 0.642642 1.00543 0.952167 1.07308 1.19895 1.06716 0.665316 -0.136202 0.393471 1.03368 1.26729 1.12249 0.366985 -0.397865 -0.427269 0.0399475 0.592252 -0.189412 0.520197 -0.269892 -0.25743
internal_weight=32104 11514 20590 8356 3158 2911 6591 11777 2223 247 9684 2148 4443 6359 3325 8813 728 226 84 2126 1103 1495 2580 629 4649 1337 658 425 230 688 627 573 54 514 1765 1732 2093 1906 1130 501 142 112 66 128 435 309 248 75 3901 1231 57 95 42 1863 4600 3653 2458 44 811 866 4164 3966
internal_count=32104 11514 20590 8356 3158 2911 6591 11777 2223 247 9684 2148 4443 6359 3325 8813 728 226 84 2126 1103 1495 2580 629 4649 1337 658 425 230 688 627 573 54 514 1765 1732 2093 1906 1130 501 142 112 66 128 435 309 248 75 3901 1231 57 95 42 1863 4600 3653 2458 44 811 866 4164 3966
is_linear=0
shrinkage=0.05


Tree=79
num_leaves=63
num_cat=0
split_feature=32 36 37 31 37 36 36 40 37 40 33 37 40 36 31 40 37 31 37 33 36 32 40 36 40 31 36 33 40 37 32 36 40 39 32 31 36 40 40 36 31 40 40 40 27 33 34 33 28 40 36 2 40 36 33 33 40 36 36 18 40 36
split_gain=457149 180338 129586 111840 54458.3 45012.6 43113.2 34981.3 27873.4 26657.4 26230.3 25463.7 24576.8 24568.6 21838.6 19243 18541.1 17058.9 16910.5 16715.2 15514.2 12613.4 12542.1 12308.8 10964.5 10778.7 10509.3 12167.6 10283 10162.8 10135.5 8974.83 8962.49 8937.34 14146.7 8571.81 8568.92 8344.69 8233.44 8082.97 7792.5 7589.43 9645.71 7588.25 7518.34 7464.39 7458.28 7444.06 7332.98 6602.21 6564.04 6647.5 6515.46 6476.85 11249.5 6467.4 6217.78 6182.68 6140.44 6033.43 5844.65 5752.03
threshold=79.250000000000014 188.61250000000004 3.5000000000000004 203.75000000000003 3.5000000000000004 279.41250000000008 424.12500000000006 1.0000000180025095e-35 5.5000000000000009 1.0000000180025095e-35 393.85000000000008 5.5000000000000009 4.5000000000000009 462.72500000000008 458.45000000000005 3.5000000000000004 2.5000000000000004 320.15000000000003 4.5000000000000009 251.35000000000005 285.45833333333337 433.05000000000007 1.0000000180025095e-35 238.91250000000005 1.0000000180025095e-35 310.25000000000006 342.98333333333341 402.75000000000006 4.5000000000000009 2.5000000000000004 472.65000000000003 420.42500000000007 2.5000000000000004 1.0000000180025095e-35 418.85000000000008 77.15000000000002 285.45833333333337 4.5000000000000009 1.5000000000000002 331.81666666666672 13.850000000000003 1.5000000000000002 4.5000000000000009 5.5000000000000009 1.0000000180025095e-35 414.65000000000003 106.25000000000001 0.95000000000000007 1.0000000180025095e-35 1.0000000180025095e-35 245.81250000000003 1.0000000180025095e-35 5.5000000000000009 382.3250000000001 442.95000000000005 172.55000000000004 5.5000000000000009 262.54166666666674 26.275000000000002 1.0000000180025095e-35 4.5000000000000009 236.61000000000004
decision_type=2 2 2 2 2 2 2 2 2 2 2 2 2 2 2 2 2 2 2 2 2 2 2 2 2 2 2 2 2 2 2 2 2 2 2 2 2 2 2 2 2 2 2 2 2 2 2 2 2 2 2 2 2 2 2 2 2 2 2 2 2 2
left_child=3 4 5 19 41 9 7 17 12 29 14 22 15 16 25 30 31 44 21 24 -19 26 -6 -20 58 55 39 -28 -11 -3 32 -7 48 -25 57 -23 -32 -26 -18 50 -39 -2 -43 -30 61 -34 -12 -24 -9 -16 -14 -52 -42 54 59 -5 -44 -35 -1 -22 -40 -4
right_child=1 2 6 10 11 13 -8 8 -10 28 46 -13 18 -15 49 -17 38 20 23 -21 53 35 47 33 37 -27 27 -29 43 -31 36 -33 45 34 -36 -37 -38 40 60 -41 52 42 56 -45 -46 -47 -48 -49 -50 -51 51 -53 -54 -55 -56 -57 -58 -59 -60 -61 -62 -63
leaf_value=-0.41595614257848484 -0.05081423299181536 0.1252834733998644 0.48693968309037516 -0.20130919783168566 0.38847351250333523 0.17137381440486235 2.8166913339069914 0.23696079768625827 2.0830812892661643 -0.12297402235229907 0.24087386062000971 1.0598494166135788 0.25792576754613528 1.272198496415065 0.3611874483491419 -0.10000376448226281 0.62921352435038147 0.82065484051683313 0.60582814372104155 -0.011471776516225779 1.2163329087419523 0.11967503811148079 0.88005658989915492 0.72349311332953603 -0.46305452799320945 -0.064647232221863915 1.6608358225401709 0.36675216043606784 0.18418725746862069 0.50108021378930345 0.54474881112575535 0.49173198573779864 0.40463327639143576 1.6840394834677381 2.4298858305503583 0.87859139409287224 1.8808597579598427 -0.48435029698491266 0.17373602438274005 -0.48900890094893318 -0.20332046107515531 -0.40081476707452401 -0.051329331333195033 -0.010763032330315355 0.041882005751132968 1.1375791968269782 0.82459912708117855 0.024943229467511426 -0.52160457047896513 0.057522375595896215 0.59825492596044627 0.09713081501424313 -0.35683984585077461 0.64603677272796634 2.7022501802444463 0.095534145961969338 -0.25332068245155254 0.62932889353145249 -0.13909960412814656 2.1464851574464276 0.43294254071570626 0.87530299311175064
leaf_weight=265 666 317 179 3109 334 2102 21 174 26 1061 157 75 567 65 217 312 387 226 207 380 84 44 26 57 1978 4462 34 39 841 416 30 244 165 24 29 241 20 711 302 28 1097 678 617 1228 50 44 84 1205 39 1022 383 80 1868 20 20 195 996 33 820 22 777 204
leaf_count=265 666 317 179 3109 334 2102 21 174 26 1061 157 75 567 65 217 312 387 226 207 380 84 44 26 57 1978 4462 34 39 841 416 30 244 165 24 29 241 20 711 302 28 1097 678 617 1228 50 44 84 1205 39 1022 383 80 1868 20 20 195 996 33 820 22 777 204
internal_value=-0.000118654 0.192274 0.300987 -0.185152 -0.0712194 0.187939 0.558187 0.544159 0.454252 0.067143 -0.0704573 0.159864 0.437645 0.308299 -0.0842345 0.204675 0.291863 0.831859 0.54107 -0.334115 1.08018 0.464147 0.116734 0.852277 -0.352308 -0.115336 0.389236 0.969476 0.00358116 0.33856 0.406073 0.204693 0.326319 1.20903 1.53083 0.761425 1.07919 -0.380247 0.431358 0.3492 -0.335689 -0.199382 -0.242571 0.0684797 0.618518 0.558938 0.44433 0.0430041 0.0980685 0.110707 0.371986 0.511668 -0.30004 1.48192 1.6146 -0.18379 -0.176056 1.07342 -0.206719 1.40938 0.360394 0.693796
internal_weight=32104 15739 11142 16365 4597 7740 3402 3381 2576 3863 9246 1640 2550 3877 9005 784 3812 805 1766 7119 372 1416 1565 350 6739 7766 1131 73 3130 733 472 2346 422 143 86 285 50 5654 1466 1058 3676 2957 2291 2069 433 209 241 1231 213 1239 1030 463 2965 146 126 3304 1613 57 1085 106 1079 383
internal_count=32104 15739 11142 16365 4597 7740 3402 3381 2576 3863 9246 1640 2550 3877 9005 784 3812 805 1766 7119 372 1416 1565 350 6739 7766 1131 73 3130 733 472 2346 422 143 86 285 50 5654 1466 1058 3676 2957 2291 2069 433 209 241 1231 213 1239 1030 463 2965 146 126 3304 1613 57 1085 106 1079 383
is_linear=0
shrinkage=0.05


Tree=80
num_leaves=63
num_cat=0
split_feature=35 35 35 35 40 40 40 40 15 36 40 40 40 40 40 40 40 40 40 40 40 4 21 36 33 40 40 40 40 40 40 35 33 36 31 31 19 21 36 23 34 33 31 40 31 35 31 31 35 40 33 35 35 35 36 36 35 35 31 9 31 34
split_gain=706824 141112 98854.5 62062.6 32621.4 29411 26623.1 25166.4 21400.9 21290.5 20817.7 20701.5 19560.5 18355.8 17534.9 16942.2 15899.8 11525.4 19759.1 10639.1 10521.3 9889.58 9883.87 10956.1 9838.36 9195.83 9509.54 9031.45 15658.8 8365.43 17320.6 8222.43 7386.04 7060.87 6755.25 6733.64 6725.76 6531.42 6310.16 6243.73 8382.39 13252.7 12287.8 6711.63 6235.45 6209.29 5936.36 5631.29 5629.29 5597.92 5585.63 5711.03 5501.94 5411.33 5390.43 5358.24 5290.84 6519.42 5289.62 5249.55 8850.99 5663.77
threshold=548.05000000000007 873.85000000000014 202.60000000000002 1351.1500000000003 1.0000000180025095e-35 1.0000000180025095e-35 1.0000000180025095e-35 4.5000000000000009 1.0000000180025095e-35 428.28333333333336 3.5000000000000004 4.5000000000000009 4.5000000000000009 5.5000000000000009 5.5000000000000009 3.5000000000000004 5.5000000000000009 2.5000000000000004 1.5000000000000002 3.5000000000000004 1.5000000000000002 1.0000000180025095e-35 1.0000000180025095e-35 266.78333333333336 485.45000000000005 1.5000000000000002 4.5000000000000009 2.5000000000000004 1.5000000000000002 2.5000000000000004 1.5000000000000002 333.45000000000005 79.350000000000009 210.21250000000001 359.55000000000007 5.9500000000000011 1.0000000180025095e-35 1.0000000180025095e-35 138.27083333333334 1.0000000180025095e-35 403.55000000000007 341.05000000000007 296.45000000000005 5.5000000000000009 56.250000000000007 998.25000000000011 416.15000000000003 18.150000000000002 398.15000000000009 5.5000000000000009 465.45000000000005 1069.4000000000003 602.95000000000016 1225.1500000000003 171.71250000000003 323.02500000000003 853.25000000000011 717.95000000000016 418.05000000000007 1.0000000180025095e-35 320.15000000000003 347.9500000000001
decision_type=2 2 2 2 2 2 2 2 2 2 2 2 2 2 2 2 2 2 2 2 2 2 2 2 2 2 2 2 2 2 2 2 2 2 2 2 2 2 2 2 2 2 2 2 2 2 2 2 2 2 2 2 2 2 2 2 2 2 2 2 2 2
left_child=2 4 25 5 37 22 31 10 9 20 27 15 19 -9 34 17 24 18 -8 29 59 39 -3 33 36 44 -27 28 -6 30 -7 -4 -32 45 -13 -18 50 55 -33 40 43 -42 -43 -22 -1 -24 -23 -28 -16 -49 51 -14 -15 -37 -17 -2 57 -39 -41 60 -5 -62
right_child=1 3 6 8 7 12 11 13 -10 -11 -12 14 16 52 48 54 35 -19 -20 -21 21 46 23 -25 -26 26 47 -29 -30 -31 32 38 -34 -35 -36 53 -38 56 -40 58 41 42 -44 -45 -46 -47 -48 49 -50 -51 -52 -53 -54 -55 -56 -57 -58 -59 -60 -61 61 -63
leaf_value=-0.36342337564988569 0.24271283939547819 0.59395805844874994 -0.072398942515743414 0.67366914557559154 0.2094620566596003 0.48034792199082998 -0.063695798861079442 0.3177330600021615 2.2869860179496535 2.3844770317077635 -0.25268657713041953 -0.037016595158290554 0.56179121566856716 -0.070512376162840659 -0.19449316145541132 -0.52219746844156789 -0.50952671237967229 -0.041110513975225423 -0.46114483487744756 0.014894849824156823 0.96372612118721013 0.49842228807508948 0.87317646066347765 1.5443849068957691 1.5196934000651043 -0.46795234281030595 -0.42804799635291169 0.22212153573455995 -0.30881368359329092 0.52148888046542807 0.54490335558851555 0.38665870816924569 -0.41731473422309356 0.60876583521504235 0.13370164478572918 0.33503336777274667 0.047318563896876116 0.42532154642826603 0.080557483138687422 -0.015585297346115114 0.63671114735305312 1.1487834243774413 2.7501638998156008 0.055244056880474096 -0.14619351499556194 1.8830689647923347 -0.55659747004508975 -0.19550962881441095 -0.080610068458045456 -0.34293579177191452 0.12628653663046219 0.84013826835805849 0.13137971495282305 0.65179759051918595 -0.3050100792147068 0.5034022177174462 -0.23122704057466414 0.84204380804093071 0.99156141822988342 0.60453710407018668 1.1314703716681553 2.0547289621732805
leaf_weight=517 778 675 883 28 289 184 645 1553 33 25 705 1925 491 415 2559 399 22 1235 607 424 68 40 45 60 30 1629 943 621 294 315 24 193 118 164 829 1135 52 248 1319 32 35 25 23 29 915 23 20 1046 1884 1675 51 295 1806 153 1006 264 21 151 22 24 26 46
leaf_count=517 778 675 883 28 289 184 645 1553 33 25 705 1925 491 415 2559 399 22 1235 607 424 68 40 45 60 30 1629 943 621 294 315 24 193 118 164 829 1135 52 248 1319 32 35 25 23 29 915 23 20 1046 1884 1675 51 295 1806 153 1006 264 21 151 22 24 26 46
internal_value=-0.000509845 0.305518 -0.180441 0.517138 0.165219 0.456649 -0.102344 0.11103 1.05862 0.967119 -0.0369111 -0.134995 0.385475 0.185863 -0.0847569 -0.227895 0.469695 -0.149485 -0.256389 0.209205 0.882348 0.719436 0.699096 0.942138 0.629132 -0.337029 -0.367441 0.0894359 -0.0518983 0.337734 0.16018 0.0488318 -0.254686 0.786384 0.0143724 0.357846 0.599079 0.375856 0.11963 0.866279 1.00774 1.37661 1.91611 0.692118 -0.224621 1.21476 0.146749 -0.322754 -0.146202 -0.286263 0.633358 0.66626 0.0936556 0.372661 -0.366688 0.308761 0.542316 0.583028 0.394734 1.26861 1.42798 1.72133
internal_weight=32091 11882 20209 4737 7145 4261 13484 5683 476 443 1909 11089 3294 3774 7197 3892 2229 2487 1252 1065 418 294 967 292 919 6725 5293 1204 583 641 326 2395 142 232 2754 1310 889 1462 1512 234 180 83 48 97 1432 68 60 3664 4443 2721 837 786 2221 1288 1405 1042 420 399 54 124 100 72
internal_count=32091 11882 20209 4737 7145 4261 13484 5683 476 443 1909 11089 3294 3774 7197 3892 2229 2487 1252 1065 418 294 967 292 919 6725 5293 1204 583 641 326 2395 142 232 2754 1310 889 1462 1512 234 180 83 48 97 1432 68 60 3664 4443 2721 837 786 2221 1288 1405 1042 420 399 54 124 100 72
is_linear=0
shrinkage=0.05


Tree=81
num_leaves=63
num_cat=0
split_feature=32 36 37 36 36 37 36 37 40 37 32 40 36 40 32 40 34 33 32 32 40 2 40 34 40 40 37 40 40 40 36 36 40 36 18 33 40 10 34 32 33 40 40 32 40 32 19 40 32 36 40 40 40 33 40 40 40 40 40 40 40 36
split_gain=372948 151447 115848 72736.5 45493.8 42325 32741.6 27969.7 26921.4 21962.2 18751.2 17633.6 16110 15024.3 14876.2 14461.1 13088.5 32460.6 20640.8 11903 11511.6 11428.7 11687.2 11122.3 10858.8 9841.75 9777.9 9707.95 9739.84 9692.34 9691.49 9539.11 8722.09 8597.69 8577.85 8203.48 7838.95 7719.92 8348.35 7524.78 7359.84 7315.46 12056.9 6696.3 6609.45 6523.05 6448.95 6404.98 6279.47 6193.05 6017.54 11968.2 10886.8 7772.76 6596.86 6285.75 5878.52 5385.99 5328.43 5302.97 5208.13 5182.5
threshold=65.250000000000014 182.71250000000003 3.5000000000000004 120.22500000000001 342.98333333333341 3.5000000000000004 271.14166666666677 5.5000000000000009 1.0000000180025095e-35 5.5000000000000009 4.6500000000000012 4.5000000000000009 340.75000000000006 1.0000000180025095e-35 278.65000000000003 1.0000000180025095e-35 347.9500000000001 449.00000000000006 398.85000000000008 433.05000000000007 5.5000000000000009 1.0000000180025095e-35 4.5000000000000009 16.950000000000003 4.5000000000000009 3.5000000000000004 4.5000000000000009 1.5000000000000002 4.5000000000000009 1.0000000180025095e-35 195.6166666666667 236.61000000000004 1.5000000000000002 232.25833333333335 1.0000000180025095e-35 412.15000000000003 3.5000000000000004 1.0000000180025095e-35 448.75000000000006 211.05000000000004 0.95000000000000007 3.5000000000000004 2.5000000000000004 466.85000000000008 1.5000000000000002 434.75000000000006 1.0000000180025095e-35 4.5000000000000009 466.85000000000008 40.158333333333339 4.5000000000000009 3.5000000000000004 5.5000000000000009 259.50000000000006 2.5000000000000004 1.5000000000000002 5.5000000000000009 4.5000000000000009 5.5000000000000009 5.5000000000000009 1.5000000000000002 315.18333333333339
decision_type=2 2 2 2 2 2 2 2 2 2 2 2 2 2 2 2 2 2 2 2 2 2 2 2 2 2 2 2 2 2 2 2 2 2 2 2 2 2 2 2 2 2 2 2 2 2 2 2 2 2 2 2 2 2 2 2 2 2 2 2 2 2
left_child=3 5 6 44 7 29 15 8 23 32 12 36 27 35 39 -3 25 18 -18 50 26 22 -20 48 -17 -16 -13 -5 41 -2 60 -28 46 -25 37 -8 43 38 -35 -6 -34 42 -29 -10 49 -22 -7 -31 -4 -1 51 54 53 -52 55 -15 -26 -46 -49 -30 -12 -37
right_child=1 2 4 10 14 9 13 -9 11 -11 30 20 -14 19 16 24 17 -19 21 -21 45 -23 -24 33 56 -27 31 28 59 47 -32 -33 40 34 -36 61 -38 -39 -40 -41 -42 -43 -44 -45 57 -47 -48 58 -50 -51 52 -53 -54 -55 -56 -57 -58 -59 -60 -61 -62 -63
leaf_value=-0.36803222122566348 0.0025531673546769283 0.25363707898482984 0.92612893402186869 -0.060513501026447439 0.90883470099905272 0.34244577871720905 0.37951672056664609 1.7976105166697189 0.22120984186661402 1.0030810305605764 0.19212978264785435 0.50245336377152339 -0.040588360295724019 0.23899042415607694 1.3594635225477674 -0.12128816162727329 2.1980038470692107 3.1469329516092941 0.25397292893865836 0.35861747404329875 0.27335169002791815 -0.28204166989773516 1.7316119389608504 0.33419438343987151 0.17708726574003825 0.2952347139351898 0.61082142639991854 -0.50560556153481406 -0.079962491439465599 -0.34835078131018282 0.1923901369138469 1.4169981818646193 0.94770081156776065 0.63456370502710346 1.2547189682722093 0.28027648439690955 -0.030856895207669762 0.025249340482380079 1.5777962106924792 -0.40025598719006494 0.0028235557982942065 -0.44502526289369904 -0.083845025049435487 0.80224682744592435 -0.44885526194490127 0.61165092811405641 -0.55821446084550452 -0.063450987161807373 1.8122195772502732 -0.11816461664512268 0.25424019205969633 -0.20134144886907743 0.094710343203303182 0.63666806436790147 0.36346155110704131 -0.2646185145103212 0.0039453734654182598 -0.32209770135023641 -0.2494526634199967 -0.21318749848843963 -0.12506475055228422 1.0367054120016597
leaf_weight=416 536 727 153 1385 23 371 756 38 433 69 163 587 3424 133 42 1090 36 27 23 929 808 20 32 212 826 45 86 248 1202 798 736 64 21 240 65 31 319 46 26 21 1107 643 535 56 1215 173 21 642 23 614 485 319 935 183 263 116 1206 2701 962 1973 628 84
leaf_count=416 536 727 153 1385 23 371 756 38 433 69 163 587 3424 133 42 1090 36 27 23 929 808 20 32 212 826 45 86 248 1202 798 736 64 21 240 65 31 319 46 26 21 1107 643 535 56 1215 173 21 642 23 614 485 319 935 183 263 116 1206 2701 962 1973 628 84
internal_value=-0.000484353 0.16825 0.263399 -0.172672 0.499408 -0.0772608 0.158343 0.448868 0.433295 0.130626 -0.100717 0.354596 -0.12709 0.25429 1.12486 0.0527987 1.28929 1.59208 1.21388 0.206357 0.445193 0.741495 1.11369 0.693156 0.00603078 0.809 0.594516 -0.176569 -0.211505 -0.189695 0.0618046 0.95479 0.0910212 0.58894 0.732191 0.439364 0.161963 0.623332 0.726759 0.284041 0.0204144 -0.320055 -0.217429 0.28775 -0.331783 0.333011 0.294196 -0.232595 1.04192 -0.219082 0.148243 0.0390523 0.204848 0.359007 0.188829 0.00437742 0.0743269 -0.361426 -0.175006 -0.162751 -0.059701 0.832798
internal_weight=32091 16208 11681 15883 3598 4527 8083 3329 3291 1589 10937 2526 9410 4234 269 3849 225 138 111 3363 1718 75 55 765 3122 87 737 5986 4601 2938 1527 150 1520 589 377 871 808 312 266 44 1128 1426 783 489 4946 981 392 2402 176 1030 2434 831 1603 668 512 249 2032 3916 1604 3175 791 115
internal_count=32091 16208 11681 15883 3598 4527 8083 3329 3291 1589 10937 2526 9410 4234 269 3849 225 138 111 3363 1718 75 55 765 3122 87 737 5986 4601 2938 1527 150 1520 589 377 871 808 312 266 44 1128 1426 783 489 4946 981 392 2402 176 1030 2434 831 1603 668 512 249 2032 3916 1604 3175 791 115
is_linear=0
shrinkage=0.05


Tree=82
num_leaves=63
num_cat=0
split_feature=35 35 35 40 40 40 35 40 40 40 40 40 40 40 40 40 35 32 21 21 35 33 40 40 32 36 35 34 40 33 21 36 36 40 40 40 35 40 36 32 40 40 33 36 25 35 36 36 32 23 33 14 35 2 24 35 36 32 36 32 33 40
split_gain=581593 113313 97996.5 43964.4 28313 24320.8 24035 20425.3 18766.9 16939.9 15184.4 16068.2 15063 13861 13414.5 23022.7 13398.2 9619.31 9489.33 9213.4 8366.44 8185.07 7507.94 14131.2 7338.91 8817.81 7060.7 12478.1 11318.8 10586.7 10976.3 7561.53 6987.19 7860.31 8131.93 6876.37 7722.86 7299.46 6826.41 6746.79 6712.86 10457.4 5584.18 5457.37 5433.3 5350.76 5269.34 5193.49 4945.19 4919.83 4886.91 4842.09 4739.21 4606.2 6543.1 4567.75 4533.63 4477.28 5215.99 6848.46 4466.47 4464.34
threshold=645.45000000000016 342.65000000000009 1203.6500000000003 1.0000000180025095e-35 4.5000000000000009 1.0000000180025095e-35 199.05000000000004 5.5000000000000009 1.5000000000000002 3.5000000000000004 4.5000000000000009 3.5000000000000004 5.5000000000000009 2.5000000000000004 2.5000000000000004 1.5000000000000002 1397.9500000000003 422.85000000000008 1.0000000180025095e-35 1.0000000180025095e-35 958.55000000000007 1.3500000000000003 2.5000000000000004 1.5000000000000002 462.85000000000008 359.52500000000003 1455.95 476.25000000000006 5.5000000000000009 324.85000000000008 1.0000000180025095e-35 242.21250000000003 8.5500000000000025 1.5000000000000002 4.5000000000000009 4.5000000000000009 1249.5000000000002 5.5000000000000009 242.21250000000003 18.650000000000002 1.5000000000000002 2.5000000000000004 455.35000000000008 215.17083333333335 1.0000000180025095e-35 924.45000000000016 273.71250000000003 171.71250000000003 444.35000000000008 1.0000000180025095e-35 321.25000000000006 1.0000000180025095e-35 506.35000000000008 1.0000000180025095e-35 1.0000000180025095e-35 602.95000000000016 268.21666666666675 446.55000000000007 323.02500000000003 364.45000000000005 451.15000000000003 3.5000000000000004
decision_type=2 2 2 2 2 2 2 2 2 2 2 2 2 2 2 2 2 2 2 2 2 2 2 2 2 2 2 2 2 2 2 2 2 2 2 2 2 2 2 2 2 2 2 2 2 2 2 2 2 2 2 2 2 2 2 2 2 2 2 2 2 2
left_child=1 6 3 18 9 19 21 20 16 14 11 22 52 -10 15 50 42 -9 38 -3 49 32 23 -7 25 -18 31 28 29 -28 -31 -15 -1 -34 61 36 -33 -37 -2 -20 -8 -42 57 -22 48 -19 -41 -13 -38 -6 -5 -45 -12 54 60 -14 -24 58 -4 -60 -39 -35
right_child=2 5 8 4 7 10 40 17 13 -11 12 47 55 26 -16 -17 24 45 39 -21 43 -23 56 -25 -26 -27 27 -29 -30 30 -32 35 33 34 -36 37 44 53 -40 46 41 -43 -44 51 -46 -47 -48 -49 -50 -51 -52 -53 -54 -55 -56 -57 -58 -59 59 -61 -62 -63
leaf_value=-0.43921162582407097 0.21887071260937493 0.080607095882468019 0.34074098178055845 0.16968614738920462 0.38175467897616583 0.026926700611634609 -0.062188737944157829 0.14128599740955228 -0.32837965045656481 -0.11445197431939447 0.044853550986141626 -0.52304279438148327 -0.091287904327597411 1.5392704755067825 0.32867922403215483 -0.29953188868793523 0.77608107425272466 0.25354064778128471 0.090050149287866518 0.33816577251671626 1.069303268366135 -0.7185393015329703 -0.055541323023106284 -0.34728776905172487 2.2162792944908141 1.8326590173519575 0.18860745603839557 1.9191011796223707 0.12718129692806138 0.96184790911881812 2.2996123438296112 0.86113007084319459 -0.16856709575275991 -0.33491724168559983 -0.26630894823463985 0.89954792813708395 -0.46188271245827867 0.59687380556836078 0.48406076914097379 0.67125253071730162 -0.52323326782849822 -0.17641315168574534 1.4041509120087876 0.56462147686176822 0.68676006975381276 0.5692101958778597 1.2454284774647517 -0.2454170251269373 0.44977789038703558 0.096830707133330154 0.58271427819362054 -0.21306036029543196 0.20136176200157757 0.035927576928035075 0.040696221829525064 0.10752857285653911 0.16281968662603144 1.1948901521853912 1.6664405822753907 0.37363307714462279 1.2413066697120667 -0.51672818975944423
leaf_weight=792 327 1487 79 230 1172 520 1220 2028 35 835 1504 208 3061 21 677 311 40 352 46 453 52 119 541 490 30 39 24 29 45 46 23 38 1226 793 3080 192 51 116 941 435 230 3951 38 427 23 217 44 886 21 174 104 21 713 46 42 319 424 39 21 20 35 588
leaf_count=792 327 1487 79 230 1172 520 1220 2028 35 835 1504 208 3061 21 677 311 40 352 46 453 52 119 541 490 30 39 24 29 45 46 23 38 1226 793 3080 192 51 116 941 435 230 3951 38 427 23 217 44 886 21 174 104 21 713 46 42 319 424 39 21 20 35 588
internal_value=-0.000460135 -0.138348 0.328126 0.270131 0.210486 -0.019278 -0.243596 0.282643 0.773456 0.0618563 -0.055102 -0.144482 -0.00609255 0.644266 0.173216 0.0100398 1.10572 0.192258 0.489687 0.140748 0.409798 -0.307621 -0.0593324 -0.154623 1.55051 1.29768 0.689535 0.976286 0.778158 1.09315 1.40777 0.607676 -0.300073 -0.280696 -0.311512 0.572989 0.258705 0.669973 0.415672 0.66845 -0.165381 -0.195492 0.859619 0.584446 0.0177347 0.373928 0.723995 -0.298201 -0.195982 0.344922 0.298294 0.528168 0.0951875 0.485544 0.592706 -0.0725239 0.0404018 0.729479 0.57822 1.0358 0.746246 -0.412328
internal_weight=32091 22605 9486 8393 6600 10606 11999 4443 1093 2157 8666 3069 5597 787 1322 645 306 2597 1793 1940 1846 6598 1975 1010 109 79 752 167 138 93 69 585 6479 5687 4461 564 133 431 1268 525 5401 4181 197 500 95 569 479 1094 72 1346 334 448 2217 239 193 3380 965 159 120 41 151 1381
internal_count=32091 22605 9486 8393 6600 10606 11999 4443 1093 2157 8666 3069 5597 787 1322 645 306 2597 1793 1940 1846 6598 1975 1010 109 79 752 167 138 93 69 585 6479 5687 4461 564 133 431 1268 525 5401 4181 197 500 95 569 479 1094 72 1346 334 448 2217 239 193 3380 965 159 120 41 151 1381
is_linear=0
shrinkage=0.05


Tree=83
num_leaves=63
num_cat=0
split_feature=35 35 35 40 35 40 40 40 40 40 40 40 40 40 35 40 40 21 32 21 31 39 40 40 40 40 0 33 9 35 31 2 34 36 35 33 40 36 40 35 40 40 32 36 32 32 32 33 2 31 40 40 35 36 34 40 40 33 31 33 32 36
split_gain=525781 112552 82781.7 34423.3 25130.5 23551.5 23407 18179.9 16937.1 14642.4 13338.7 15171.5 13876.9 12509.5 12091.9 10211.7 19526.6 8812.72 8752.8 8498.46 8008.51 9101.47 7609.67 13475.9 7588.61 9143.92 7523.65 7409.7 7257.38 16581.2 10204.5 11781.1 13758.3 8395.45 8153.9 7222.98 6372.32 6275.75 7180.39 6188.39 6146.7 14346.5 8884.47 7071.81 8244.67 6015.67 6011.07 5667.22 5338 5303.74 5296.1 5990.2 5158.02 5137.14 5127.9 5093.55 7075.77 5039.73 6995.62 7494.16 7166.93 6564.21
threshold=673.95000000000016 364.55000000000007 1203.6500000000003 1.0000000180025095e-35 199.05000000000004 1.0000000180025095e-35 4.5000000000000009 5.5000000000000009 1.5000000000000002 3.5000000000000004 4.5000000000000009 3.5000000000000004 5.5000000000000009 2.5000000000000004 1397.9500000000003 2.5000000000000004 1.5000000000000002 1.0000000180025095e-35 396.45000000000005 1.0000000180025095e-35 464.85000000000008 1.0000000180025095e-35 2.5000000000000004 1.5000000000000002 1.0000000180025095e-35 4.5000000000000009 1.0000000180025095e-35 3.0500000000000003 1.0000000180025095e-35 1455.95 458.45000000000005 1.0000000180025095e-35 370.45000000000005 242.21250000000003 1249.5000000000002 439.35000000000008 3.5000000000000004 8.5500000000000025 1.0000000180025095e-35 958.55000000000007 5.5000000000000009 4.5000000000000009 476.25000000000006 294.5125000000001 211.05000000000004 18.650000000000002 348.35000000000008 461.35000000000008 1.0000000180025095e-35 5.9500000000000011 4.5000000000000009 3.5000000000000004 845.95000000000016 158.61000000000001 426.25000000000006 2.5000000000000004 1.5000000000000002 455.35000000000008 384.75000000000006 353.65000000000003 438.55000000000007 323.02500000000003
decision_type=2 2 2 2 2 2 2 2 2 2 2 2 2 2 2 2 2 2 2 2 2 2 2 2 2 2 2 2 2 2 2 2 2 2 2 2 2 2 2 2 2 2 2 2 2 2 2 2 2 2 2 2 2 2 2 2 2 2 2 2 2 2
left_child=1 4 3 17 27 19 9 39 14 15 11 22 -12 -10 57 16 -5 26 49 -3 21 -16 23 -7 -6 36 52 37 30 34 33 32 -32 -15 -30 -23 55 -1 -39 -8 41 42 47 -42 -45 -19 -28 54 -46 -9 51 -40 -2 -13 -35 56 -26 58 59 -4 61 -60
right_child=2 5 8 6 24 10 7 18 13 -11 12 53 -14 28 20 -17 -18 45 -20 -21 -22 35 -24 -25 25 -27 46 -29 29 -31 31 -33 -34 40 -36 -37 -38 38 50 -41 43 -43 -44 44 48 -47 -48 -49 -50 -51 -52 -53 -54 -55 -56 -57 -58 -59 60 -61 -62 -63
leaf_value=-0.41725104387962458 0.31914497046003759 0.09734761569164202 0.89086560922510483 0.30649446310894113 -0.034897971248790148 0.044527247803903179 0.34590797084344926 -0.57736235730923136 -0.31196065664291384 -0.098997840300701037 0.10622855270521858 -0.52999240038689321 -0.056688201030163511 1.4623069564501445 0.3612625011666255 0.32329461565604073 -0.27196089857586209 0.060369292534887792 0.33886320843493267 0.34571444447713578 2.2387286598865805 1.1389052348641249 0.063277144317254341 -0.32341194388307176 -0.13474318347018685 -0.12997667370404714 -0.2771788810193539 -0.70106698925342048 1.3214858598568862 1.8667475146290504 0.89380866550639571 0.056054377296696538 2.3668639452561089 -0.55221352815628055 0.40531310400980358 2.2719560969959605 -0.39724840399212785 -0.1410825991243424 -0.29375504770666189 0.55522346067601969 0.80315977533658356 0.85310296401762375 1.0990198904275894 0.98055385708808895 0.056079514245403576 0.70015502278455544 0.4851923228763953 0.68739453345537194 -0.76597125858068471 0.14235038854304161 -0.25322779671671947 -0.49189953293588201 0.53750044414248233 -0.22628287038930278 0.3248184854984284 -0.096630600059771143 -0.4932669971344037 1.3339433779841976 0.31190596835033313 -0.11312742516761874 1.8063285924139478 1.3485838541617761
leaf_weight=792 503 1437 34 307 1126 510 1202 26 35 762 2177 164 3271 21 22 616 278 40 727 453 26 39 941 486 284 3380 70 109 34 38 51 23 23 50 85 22 634 944 1079 500 39 184 20 20 94 451 41 20 25 1655 3084 590 585 922 25 585 267 38 37 41 21 26
leaf_count=792 503 1437 34 307 1126 510 1202 26 35 762 2177 164 3271 21 22 616 278 40 727 453 26 39 941 486 284 3380 70 109 34 38 51 23 23 50 85 22 634 944 1079 500 39 184 20 20 94 451 41 20 25 1655 3084 590 585 922 25 585 267 38 37 41 21 26
internal_value=-0.000437129 -0.125385 0.327381 0.270021 -0.224108 -0.00271667 0.214478 0.282318 0.734783 0.0724411 -0.0383242 -0.122553 0.00841271 0.612052 1.05043 0.181214 0.0316046 0.469611 0.193909 0.156877 1.47298 1.23311 -0.0386812 -0.135009 -0.152481 -0.178189 0.396545 -0.29224 0.655058 0.957443 0.575269 1.04445 1.35165 0.483883 0.667077 1.54755 -0.270256 -0.285372 -0.267039 0.407399 0.440808 0.579294 0.141201 0.208183 0.0412465 0.648034 0.00441769 -0.0604455 -0.11662 0.131219 -0.292055 -0.3638 0.436551 -0.272147 -0.25987 -0.199382 -0.308474 0.816638 0.693005 0.342016 1.00639 0.739741
internal_weight=32091 23235 8856 7763 12874 10361 6073 4110 1093 1963 8471 3023 5448 787 306 1201 585 1690 2408 1890 109 83 1937 996 6276 5150 1199 6598 752 157 595 97 74 498 119 61 1770 6489 5697 1702 477 299 115 178 139 491 111 95 119 1681 4753 1669 1088 1086 75 1136 551 197 159 75 84 63
internal_count=32091 23235 8856 7763 12874 10361 6073 4110 1093 1963 8471 3023 5448 787 306 1201 585 1690 2408 1890 109 83 1937 996 6276 5150 1199 6598 752 157 595 97 74 498 119 61 1770 6489 5697 1702 477 299 115 178 139 491 111 95 119 1681 4753 1669 1088 1086 75 1136 551 197 159 75 84 63
is_linear=0
shrinkage=0.05


Tree=84
num_leaves=63
num_cat=0
split_feature=35 35 35 35 35 35 36 15 33 37 37 35 36 32 34 34 2 39 28 38 33 35 36 33 32 34 12 36 34 35 32 21 36 31 31 36 32 34 0 31 33 31 33 14 36 32 32 32 34 15 32 32 33 31 31 36 19 34 31 31 36 33
split_gain=477644 98405.6 66134.5 41483.9 16786.3 11404.8 18318.2 19239.2 10269.7 10140.1 9344.84 8380.87 8271.26 8043.05 10117.7 9916.35 9385.94 9082.89 8105.91 8685.76 7337.26 6990.85 7186.64 6659.73 6178.45 6118.9 6018.33 5824.01 5494.15 5329.81 5896.02 5096.56 5057.84 5195.61 4945.32 4965.3 4622.36 4621.85 4743.09 4614.77 6514.32 4586.99 4305.47 4047.14 3982 3921.66 5653.13 3872.29 4765.52 3789.93 3766.69 3731.35 3713.53 3707.67 6512.22 3654.4 3646.26 3538.09 3528.57 5151.66 4989.27 4726.98
threshold=548.05000000000007 873.85000000000014 202.60000000000002 1203.6500000000003 403.75000000000006 1397.9500000000003 424.12500000000006 1.0000000180025095e-35 1.7500000000000002 5.5000000000000009 5.5000000000000009 712.95000000000016 242.21250000000003 280.45000000000005 347.9500000000001 372.90000000000003 1.0000000180025095e-35 1.0000000180025095e-35 1.0000000180025095e-35 1.0000000180025095e-35 1.7500000000000002 511.05000000000007 94.216666666666683 1.3500000000000003 414.85000000000008 248.55000000000004 1.0000000180025095e-35 6.0500000000000016 1.0000000180025095e-35 1249.5000000000002 489.55000000000007 1.0000000180025095e-35 161.38750000000002 486.35000000000008 292.25000000000006 78.441666666666677 366.15000000000003 485.05000000000001 1.0000000180025095e-35 4.9500000000000011 437.75000000000006 446.65000000000003 416.75000000000006 1.0000000180025095e-35 182.71250000000003 466.85000000000008 462.85000000000008 290.45000000000005 372.90000000000003 1.0000000180025095e-35 2.3500000000000001 147.75000000000003 9.3500000000000032 343.95000000000005 444.75000000000006 390.78333333333336 1.0000000180025095e-35 312.75000000000006 257.45000000000005 322.15000000000003 300.81666666666672 259.50000000000006
decision_type=2 2 2 2 2 2 2 2 2 2 2 2 2 2 2 2 2 2 2 2 2 2 2 2 2 2 2 2 2 2 2 2 2 2 2 2 2 2 2 2 2 2 2 2 2 2 2 2 2 2 2 2 2 2 2 2 2 2 2 2 2 2
left_child=2 10 23 8 34 12 7 13 31 39 11 28 -5 42 17 -16 18 -15 19 24 32 22 -22 27 -17 -19 29 -1 44 47 37 -3 -6 -34 35 -4 55 38 49 40 -10 -33 -7 -30 52 46 50 51 53 -31 -41 -14 -2 -49 -55 -13 58 -27 61 60 -60 -52
right_child=1 3 4 5 20 6 -8 -9 9 -11 -12 36 26 14 15 16 -18 25 -20 -21 21 -23 -24 -25 -26 57 -28 -29 43 30 -32 41 33 -35 -36 -37 -38 -39 -40 45 -42 -43 -44 -45 -46 -47 -48 48 -50 -51 56 -53 -54 54 -56 -57 -58 -59 59 -61 -62 -63
leaf_value=-0.41037450605008674 0.84564212846755982 0.51669513702561909 0.083758874139151507 1.4776507688760758 0.24288823214994576 -0.35543777895244688 2.2923724526944369 2.2309765183407331 0.2703235252282104 0.99769341620531959 0.9734405353213802 0.15873711838295443 0.51835700330280121 -0.39185078839461007 2.011077961742878 1.0089492288231849 0.14681650996208193 1.2955992747997416 1.8445065248012544 1.4523996591567994 0.69426775662938045 0.056125249906058265 -0.24362130456144648 -0.63943811115628535 -0.21899052510658901 -0.053556251029173531 1.2011412677081195 -0.25391863668721987 -0.11004860646105244 0.3428871260003441 1.1989343487050224 0.58533399016596377 -0.018664862081731307 0.18602069020493045 -0.081619805386052791 -0.17381892861570064 0.26887495605960438 1.0661590892335642 -0.31572809471533847 -0.30104586648941045 -0.83225132397242962 1.4028244566273047 0.54224633486831886 0.47975146239323002 0.084447092568296411 0.47948682720487384 -0.31192977686186096 1.0035040751347939 -0.029528313961166605 1.0193422604690898 0.44033264573358122 1.3414106965065002 0.21498534536751157 0.12181752372222643 1.0708048228559823 -0.1671259785236584 0.064581769575243406 0.80499027073383334 0.61706824229881629 0.32124278767465853 0.22630718720888876 0.185277661910109
leaf_weight=661 25 176 195 25 220 22 23 23 37 55 33 1954 21 24 25 20 30 29 30 35 21 334 746 124 21 24 34 5940 471 352 23 32 4011 336 3004 4617 1174 23 26 25 21 37 34 31 3015 349 37 60 26 22 244 40 352 48 29 90 138 24 326 1347 109 711
leaf_count=661 25 176 195 25 220 22 23 23 37 55 33 1954 21 24 25 20 30 29 30 35 21 334 746 124 21 24 34 5940 471 352 23 32 4011 336 3004 4617 1174 23 26 25 21 37 34 31 3015 349 37 60 26 22 244 40 352 48 29 90 138 24 326 1347 109 711
internal_value=-0.000415272 0.251154 -0.148327 0.427874 -0.0844495 0.698044 0.926613 0.834494 0.346838 0.324302 0.133993 0.130098 0.583916 0.73349 0.849745 1.09584 0.927602 0.457449 1.14858 0.873871 -0.0189383 -0.134801 -0.217942 -0.276405 0.380004 0.722166 0.552179 -0.269586 0.0807559 0.519246 0.419305 0.659484 0.00899356 -0.00284376 -0.131957 -0.163381 0.189804 0.376914 0.337282 0.313227 -0.128885 1.0237 0.189585 -0.0736267 0.103604 0.32103 0.302201 0.718237 0.591062 0.382679 0.310036 1.05806 0.256806 0.708838 0.479228 0.144389 0.31535 0.375717 0.327994 0.369554 0.519153 0.250444
internal_weight=32091 11882 20209 4737 13484 1093 364 341 3644 3399 7145 7112 729 318 262 161 136 101 106 76 5668 1101 767 6725 41 77 704 6601 3894 670 446 245 4567 4347 7816 4812 3218 423 400 3344 58 69 56 502 3392 3286 2937 224 163 374 2900 61 377 137 77 2044 2875 48 2737 1782 435 955
internal_count=32091 11882 20209 4737 13484 1093 364 341 3644 3399 7145 7112 729 318 262 161 136 101 106 76 5668 1101 767 6725 41 77 704 6601 3894 670 446 245 4567 4347 7816 4812 3218 423 400 3344 58 69 56 502 3392 3286 2937 224 163 374 2900 61 377 137 77 2044 2875 48 2737 1782 435 955
is_linear=0
shrinkage=0.05


Tree=85
num_leaves=63
num_cat=0
split_feature=32 36 37 31 40 37 36 40 37 36 36 37 32 34 31 31 31 32 34 33 40 37 33 40 40 40 19 40 14 31 40 36 40 40 4 25 40 31 31 31 31 33 34 31 31 32 18 33 33 40 40 34 40 40 33 2 31 36 31 32 19 33
split_gain=248462 105508 74993.8 60584.2 36071.8 29831.5 25092.4 22636.3 19553.7 16402.9 15647.3 14443.7 14425.2 16465.4 17032.3 13839.7 13457.5 15450.5 12204.4 11588.5 11440.7 11280.4 10259.4 9998.26 9071.7 8576.89 8550.28 8067.25 7414.99 7221.37 7144.39 6811.9 6694.16 14199.1 8113.77 6347.6 6306.84 6293.19 6289.9 6121.91 6166.69 5956.04 5951.64 5884.12 5795.58 6895.37 6227.69 5669.34 6379.07 5642.67 7321.26 5487.53 5413.31 5267.55 5097.67 5091.59 4961.09 6167.01 4941.46 4920.69 4918.61 4885.15
threshold=65.250000000000014 182.71250000000003 3.5000000000000004 290.35000000000008 1.5000000000000002 5.5000000000000009 255.47083333333339 4.5000000000000009 3.5000000000000004 325.31250000000006 462.72500000000008 2.5000000000000004 324.25000000000006 405.75000000000006 288.25000000000006 106.65000000000002 320.15000000000003 462.85000000000008 230.30000000000004 457.35000000000008 1.0000000180025095e-35 4.5000000000000009 393.85000000000008 1.0000000180025095e-35 1.5000000000000002 1.5000000000000002 1.0000000180025095e-35 4.5000000000000009 1.0000000180025095e-35 488.35000000000008 1.0000000180025095e-35 345.05000000000013 3.5000000000000004 2.5000000000000004 1.0000000180025095e-35 1.0000000180025095e-35 5.5000000000000009 209.75000000000003 418.05000000000007 460.75000000000006 402.75000000000006 3.5500000000000003 421.25000000000006 5.9500000000000011 337.75000000000006 389.15000000000003 1.0000000180025095e-35 1.3500000000000003 412.15000000000003 4.5000000000000009 3.5000000000000004 189.55000000000004 4.5000000000000009 4.5000000000000009 436.05000000000007 1.0000000180025095e-35 466.85000000000008 336.48750000000007 142.45000000000002 329.95000000000005 1.0000000180025095e-35 317.35000000000008
decision_type=2 2 2 2 2 2 2 2 2 2 2 2 2 2 2 2 2 2 2 2 2 2 2 2 2 2 2 2 2 2 2 2 2 2 2 2 2 2 2 2 2 2 2 2 2 2 2 2 2 2 2 2 2 2 2 2 2 2 2 2 2 2
left_child=3 5 6 15 16 8 20 32 30 21 11 31 -11 -14 -15 -1 28 19 -19 26 -3 43 29 51 41 47 38 35 -4 -5 -2 -8 33 34 -6 -27 58 -30 44 40 -38 -10 55 -9 -18 46 61 -13 -49 50 -25 -17 -32 -22 -35 -40 57 -34 -23 -45 -43 -46
right_child=1 2 4 22 7 -7 10 9 24 12 -12 25 13 14 -16 23 17 18 -20 -21 53 36 -24 49 -26 27 -28 -29 37 -31 52 -33 56 54 -36 -37 39 -39 42 -41 -42 60 -44 59 45 -47 -48 48 -50 -51 -52 -53 -54 -55 -56 -57 -58 -59 -60 -61 -62 -63
leaf_value=-0.29507804046842562 0.0043739739890434667 0.22228456631380042 0.5488522183029152 -0.045021900709345621 -0.042485484086415351 0.95640674644282897 0.057251605135517497 -0.44321880615981563 0.98287756834869033 0.077877302233129747 0.9852848327349103 1.0313657894020989 0.68229719510356202 0.72930146922235917 2.5251061693314583 -0.050380586744326099 1.1366201019949382 0.95544240637259059 2.6620243236422541 1.6495883084395353 -0.11984861830027008 0.20141289598411985 0.37561243001395206 -0.19877326051473082 -0.011510490664922981 -0.029878418926770491 -0.082864183729345162 0.30884771397138311 0.38545017857705394 0.20000458877263383 -0.30253329522032718 0.21524614817339455 -0.094529594095616509 0.33684048351927481 -1.1217406647545951 0.51787342525297597 0.43558908068520186 -0.7202854107726705 0.96784406511251597 1.0793853449821473 -0.31131102686578577 0.25798790395845861 1.6321995006039225 0.19962549391840709 0.50699223319534215 -0.17457128175430828 -0.17190883159637452 0.30199108405453284 0.71095944234882213 -0.16148828911131274 -0.42011821376230563 0.55499891210825014 -0.14305109991383105 0.029559063025583549 0.97992472672421072 0.10665450781583785 0.52027901808420818 -1.0022959643602372 0.94239289268299398 0.39879145439115254 -0.52946994148549587 1.2226857112426508
leaf_weight=3858 548 579 493 5848 102 70 1717 28 27 50 63 42 103 23 31 932 36 22 20 34 917 27 158 1053 1101 360 33 1067 31 317 794 1132 290 214 21 62 170 22 121 30 33 356 29 686 64 36 21 319 136 2958 579 39 1613 1654 36 20 30 20 135 566 21 38
leaf_count=3858 548 579 493 5848 102 70 1717 28 27 50 63 42 103 23 31 932 36 22 20 34 917 27 158 1053 1101 360 33 1067 31 317 794 1132 290 214 21 62 170 22 121 30 33 356 29 686 64 36 21 319 136 2958 579 39 1613 1654 36 20 30 20 135 566 21 38
internal_value=-0.000495959 0.137014 0.216555 -0.141945 0.405731 -0.0677744 0.131581 0.30671 -0.083849 0.397604 0.202382 0.192181 0.817501 1.05305 1.76023 -0.222312 0.657655 0.852576 1.7681 0.763566 0.0214896 0.345713 -0.0222268 -0.17183 0.0628501 0.295688 0.687876 0.235656 0.488437 -0.0324228 -0.158564 0.120028 0.0667881 0.213059 -0.226749 0.050597 0.57929 -0.0735344 0.75756 0.412697 0.314172 0.265501 0.979859 0.273632 0.56376 0.434056 0.612191 0.475539 0.424232 -0.202666 -0.277302 -0.0260657 -0.19566 -0.0237303 0.429445 0.84569 -0.0936798 -0.153095 0.818896 0.289664 0.214124 0.773623
internal_weight=31935 16193 11663 15742 3615 4530 8048 2595 4460 1882 4898 4835 207 157 54 9419 1020 474 42 432 3150 1675 6323 5561 1505 1986 398 1489 546 6165 2955 2849 713 373 123 422 395 53 365 233 203 404 170 1280 195 159 123 497 455 4590 1632 971 2407 2571 250 141 340 310 162 1252 377 102
internal_count=31935 16193 11663 15742 3615 4530 8048 2595 4460 1882 4898 4835 207 157 54 9419 1020 474 42 432 3150 1675 6323 5561 1505 1986 398 1489 546 6165 2955 2849 713 373 123 422 395 53 365 233 203 404 170 1280 195 159 123 497 455 4590 1632 971 2407 2571 250 141 340 310 162 1252 377 102
is_linear=0
shrinkage=0.05


Tree=86
num_leaves=63
num_cat=0
split_feature=35 35 35 40 40 40 40 31 35 40 32 40 36 40 40 40 34 31 32 36 40 40 34 31 33 40 40 40 32 31 40 40 40 40 40 6 33 38 32 31 32 34 5 40 40 33 36 31 34 34 33 35 31 35 36 34 40 40 32 31 32 34
split_gain=389878 77138.2 58382.9 27128.9 23563.7 25855.7 20387.2 17850.8 16157.8 16014.2 14376.9 11765 11002.5 10104.4 9418.45 19906.9 8895.96 21303.2 15388 8307.63 8144.23 7912.24 7350.76 15828.8 8644.49 6746.32 13420.2 6456.46 6340.37 13136.3 6311.04 6801.83 6301.36 5500.33 6571.39 5246.79 6198.27 6016.71 5928.26 9754.66 5673.9 5656.41 6768.9 5216.87 11246.8 5099.28 5696.93 5097.3 5080.16 8226.3 5284.75 4938.83 4740.99 6497.32 4709.6 5746.83 4414.31 5252.9 4315.39 4285.39 4281.42 7734.21
threshold=645.45000000000016 358.15000000000003 978.05000000000007 1.5000000000000002 1.5000000000000002 4.5000000000000009 1.0000000180025095e-35 136.05000000000004 1279.4000000000003 4.5000000000000009 312.15000000000003 4.5000000000000009 165.15833333333336 3.5000000000000004 2.5000000000000004 3.5000000000000004 331.45000000000005 390.65000000000003 434.75000000000006 138.27083333333334 5.5000000000000009 5.5000000000000009 405.75000000000006 217.85000000000005 341.05000000000007 2.5000000000000004 1.5000000000000002 1.0000000180025095e-35 386.85000000000008 432.55000000000007 4.5000000000000009 3.5000000000000004 5.5000000000000009 1.5000000000000002 4.5000000000000009 1.0000000180025095e-35 162.05000000000004 1.0000000180025095e-35 412.85000000000008 203.75000000000003 472.65000000000003 192.25000000000003 1.0000000180025095e-35 3.5000000000000004 2.5000000000000004 463.55000000000007 309.52500000000003 5.9500000000000011 118.65000000000002 22.100000000000005 412.15000000000003 445.15000000000009 482.95000000000005 1397.9500000000003 181.62666666666669 1.0000000180025095e-35 2.5000000000000004 1.5000000000000002 274.55000000000007 472.65000000000003 404.55000000000007 410.45000000000005
decision_type=2 2 2 2 2 2 2 2 2 2 2 2 2 2 2 2 2 2 2 2 2 2 2 2 2 2 2 2 2 2 2 2 2 2 2 2 2 2 2 2 2 2 2 2 2 2 2 2 2 2 2 2 2 2 2 2 2 2 2 2 2 2
left_child=1 7 3 12 16 14 19 33 -7 43 58 13 -2 25 -6 -16 35 60 59 -3 -13 -11 45 -24 -25 26 -8 -9 54 -30 31 56 -32 -1 -35 36 -4 -37 41 -40 -41 48 -43 44 -5 46 -12 -23 49 -38 -50 -21 53 -17 55 -14 57 -29 -10 -19 -18 -62
right_child=2 6 4 9 5 8 11 27 10 21 22 20 28 -15 15 52 17 18 -20 51 -22 47 23 24 -26 -27 -28 30 29 -31 32 -33 -34 34 -36 37 38 -39 39 40 -42 42 -44 -45 -46 -47 -48 -49 50 -51 -52 -53 -54 -55 -56 -57 -58 -59 -60 -61 61 -63
leaf_value=-0.16724550797050208 0.89948771709806474 0.4379906744340768 0.069467604664775237 -0.21780353475253858 -0.32850688034668568 0.38055974275413801 0.036694494308614586 -0.030971554101730456 0.43123451913116684 0.27028407287111483 1.2486880140057925 0.077832297190930377 0.48067214662830038 -0.25078118648560183 0.54049148439816697 -0.059015547930043634 0.73399837782783228 1.3934806918888762 2.7291620506346228 -0.013352888866299482 -0.050116550898428119 -0.39416694175451994 0.47254279382301106 1.3083408626914026 2.5967477098755216 0.044180039513122084 -0.33962280244967069 -0.12505486030993401 0.37634440225516286 1.1587776610447516 -0.036693300487148382 -0.36329884853354555 -0.17472127217398176 -0.37379297625693542 -0.24520816681182922 0.57825602611357518 0.72145972264980951 -0.28063573053008634 1.6728004322332497 0.96275348546978545 0.20936511053066506 0.019140804870219172 0.99379772517992115 -0.12958109303740831 0.19453233713690596 1.287981669081224 0.45939209234245404 0.12751555458375963 1.6699021766583126 -0.18655085454384487 0.58379353043578919 0.16698869262111973 0.66032096624374392 -0.87407303474567566 0.29639577378931564 -0.28152701767939553 -0.068317978297854035 -0.41763732188772873 -0.34431089833378792 0.5428163921833038 0.79399158805608749 -0.39204615826408068
leaf_weight=1273 89 207 48 241 112 1283 483 1128 71 1403 29 2053 36 1034 219 259 137 57 20 594 3155 48 33 30 23 883 465 335 398 62 1323 676 2205 1430 3256 44 148 38 34 73 38 79 23 623 527 37 108 1911 24 30 21 1052 20 27 923 79 596 283 24 20 28 27
leaf_count=1273 89 207 48 241 112 1283 483 1128 71 1403 29 2053 36 1034 219 259 137 57 20 594 3155 48 33 30 23 883 465 335 398 62 1323 676 2205 1430 3256 44 148 38 34 73 38 79 23 623 527 37 108 1911 24 30 21 1052 20 27 923 79 596 283 24 20 28 27
internal_value=-0.000471161 -0.114189 0.267922 0.180377 0.443345 0.358048 -0.010117 -0.196798 0.463164 0.120612 0.761705 -0.0444477 0.35937 -0.125828 0.0877493 0.176551 0.661625 0.889523 1.49348 0.139452 0.000321042 0.179646 0.954042 1.3322 1.86746 -0.055265 -0.147892 -0.1398 0.32728 0.481803 -0.162458 -0.236186 -0.122961 -0.25941 -0.284448 0.551853 0.610681 0.180233 0.665954 0.931808 0.704837 0.547342 0.238916 -0.0220713 0.0651405 0.767136 0.626469 0.114733 0.688416 0.568424 1.16305 0.101908 -0.0839169 -0.135962 0.258802 -0.0429255 -0.165405 -0.259037 0.235307 1.17253 0.584397 0.211755
internal_weight=31935 22431 9504 6340 3164 2275 9926 12505 1638 4753 355 8073 1587 2865 637 525 889 289 97 1853 5208 3362 260 86 53 1831 948 6546 1498 460 5418 1890 3528 5959 4686 600 518 82 470 145 111 325 102 1391 768 174 137 1959 223 178 45 1646 306 286 1038 115 1214 618 95 77 192 55
internal_count=31935 22431 9504 6340 3164 2275 9926 12505 1638 4753 355 8073 1587 2865 637 525 889 289 97 1853 5208 3362 260 86 53 1831 948 6546 1498 460 5418 1890 3528 5959 4686 600 518 82 470 145 111 325 102 1391 768 174 137 1959 223 178 45 1646 306 286 1038 115 1214 618 95 77 192 55
is_linear=0
shrinkage=0.05


Tree=87
num_leaves=63
num_cat=0
split_feature=35 35 35 40 40 35 40 40 31 40 32 40 40 40 40 35 37 36 36 40 36 40 7 34 31 32 40 40 33 40 40 40 33 40 19 31 35 40 2 33 33 27 34 31 17 32 36 33 24 35 34 36 31 36 36 40 40 36 32 34 31 31
split_gain=351865 69629.8 53377.7 27191.2 21259.2 18839 18438.9 17844.9 16513.8 14121.2 12975.2 10362.5 9669.59 17736.9 9144.64 8846.12 13807.7 8320.15 7647.22 7462.54 7441.07 7304.31 7196.83 10059.4 10555.2 6812.91 6471.76 7133.41 6455.34 6010.52 5699.87 11691.4 5588.99 4941.56 4852.74 7737.23 6745.59 5471.64 5525.57 7295.82 6367.56 10996.5 15477 6788.14 6022.25 7308.87 6312.3 5216.61 5084.15 4973.9 4872.36 4808.85 4791.37 5113.09 4764.51 4751.14 7839.11 4638.09 4597.56 4544.42 4338.82 4290.6
threshold=645.45000000000016 361.15000000000003 902.1500000000002 1.5000000000000002 4.5000000000000009 1279.4000000000003 1.5000000000000002 1.0000000180025095e-35 203.75000000000003 4.5000000000000009 312.15000000000003 4.5000000000000009 2.5000000000000004 3.5000000000000004 3.5000000000000004 1455.95 4.5000000000000009 157.21000000000004 387.95000000000005 1.0000000180025095e-35 138.27083333333334 5.5000000000000009 1.0000000180025095e-35 340.15000000000003 224.05000000000004 454.55000000000007 4.5000000000000009 5.5000000000000009 2.2500000000000004 5.5000000000000009 2.5000000000000004 1.5000000000000002 381.15000000000003 3.5000000000000004 1.0000000180025095e-35 422.05000000000007 998.25000000000011 1.0000000180025095e-35 1.0000000180025095e-35 228.45000000000002 134.25000000000003 1.0000000180025095e-35 324.25000000000006 296.45000000000005 1.0000000180025095e-35 294.25000000000006 376.6375000000001 385.45000000000005 1.0000000180025095e-35 1279.4000000000003 243.25000000000003 248.08750000000001 458.45000000000005 291.51250000000005 26.275000000000002 3.5000000000000004 2.5000000000000004 379.48750000000007 4.6500000000000012 178.45000000000002 384.75000000000006 448.25000000000006
decision_type=2 2 2 2 2 2 2 2 2 2 2 2 2 2 2 2 2 2 2 2 2 2 2 2 2 2 2 2 2 2 2 2 2 2 2 2 2 2 2 2 2 2 2 2 2 2 2 2 2 2 2 2 2 2 2 2 2 2 2 2 2 2
left_child=1 8 6 15 12 25 17 20 19 55 61 14 -5 57 30 28 18 -2 -17 -1 -3 -13 23 -12 -25 58 33 54 -4 -11 31 -9 -26 -21 36 -36 51 38 40 -40 60 42 44 -43 45 -42 50 49 -39 -44 -47 -30 53 -22 -28 56 -8 -14 -6 -58 -38 -7
right_child=2 7 3 4 5 10 9 11 -10 29 22 21 13 -15 -16 16 -18 -19 -20 26 52 -23 -24 24 32 -27 27 -29 34 -31 -32 -33 -34 -35 35 -37 37 48 39 -41 41 43 47 -45 -46 46 -48 -49 -50 -51 -52 -53 -54 -55 -56 -57 59 -59 -60 -61 -62 -63
leaf_value=-0.12147707007330207 0.93119513925451514 0.41515530359036135 1.1266257288608146 -0.27630116730255799 -0.4026316945751508 0.40254509720598924 -0.21546355426204547 0.036904818818472969 -0.10787648606965286 0.24137235029222734 0.41666839186847215 0.075274242754551468 0.41001208959206575 -0.038224699645423771 -0.23728184775994277 0.19600878693163395 2.2370401901006698 0.28560880105612019 1.350456390529871 -0.26262855636426491 0.13225576248103216 -0.046703234794228485 1.4591825329232961 0.38665886823620116 1.1385015211641216 0.54426705314839885 -0.29168129524850583 -0.26221697351140627 0.52549286002758888 0.092593323513393777 0.041796573320801 -0.31737517371446222 2.0482267675399779 -0.41395482098389613 0.44551550574276755 -0.61341678707495984 -0.24791086207736623 0.50525745080577011 1.1701951479369945 0.13148105740547181 0.28779103748003643 -0.55557865679264073 1.4818972904028165 0.68027402830123906 1.5113353705406189 1.1701640747350837 0.20409389462854183 0.97610515172664936 -0.32772019518458329 2.4653334134817122 0.36931723148926449 0.12303598533607712 0.31326783974739641 -0.067282901562727718 -0.087003888447125172 -0.16705863859325151 0.20879694211266397 1.1801588103884744 0.29479950794241461 -0.33220619697903481 0.63877452982942007 -0.40723128545851939
leaf_weight=1373 52 206 47 144 24 74 209 477 4399 1169 100 2027 283 420 1022 32 20 1240 26 1521 917 3111 48 35 52 300 364 2838 192 1619 872 455 25 836 69 23 22 90 22 73 75 20 36 25 25 109 28 26 23 20 23 121 220 494 1299 509 399 21 1533 43 37 21
leaf_count=1373 52 206 47 144 24 74 209 477 4399 1169 100 2027 283 420 1022 32 20 1240 26 1521 917 3111 48 35 52 300 364 2838 192 1619 872 455 25 836 69 23 22 90 22 73 75 20 36 25 25 109 28 26 23 20 23 121 220 494 1299 509 399 21 1533 43 37 21
internal_value=-0.000447603 -0.10848 0.254526 0.385883 0.307599 0.389887 0.147636 -0.00847758 -0.186083 0.0939801 0.723619 -0.0408803 0.0978975 0.172324 -0.117784 0.589529 1.10417 0.311592 0.71352 -0.227879 0.131999 0.00141828 0.90634 0.781168 1.10661 0.326088 -0.249181 -0.214033 0.553235 0.154976 -0.0500862 -0.136054 1.43387 -0.316302 0.527787 0.180782 0.560801 0.652159 0.718256 0.372025 0.792005 0.865771 0.962451 0.131006 0.773556 0.695069 0.88598 1.56139 0.335713 1.83312 1.03062 0.36991 0.0962353 0.062396 -0.131804 -0.0526204 0.036856 0.463213 0.284049 0.156165 0.308146 0.223542
internal_weight=31935 22431 9504 4264 3080 2212 5240 9801 12630 3948 355 7964 868 724 2826 1184 78 1292 58 8231 1837 5138 260 212 112 1857 6858 4501 1106 2788 1804 932 77 2357 1059 92 967 654 541 95 446 387 342 45 260 235 160 82 113 56 132 313 1631 1411 1663 1160 651 304 1557 442 59 95
internal_count=31935 22431 9504 4264 3080 2212 5240 9801 12630 3948 355 7964 868 724 2826 1184 78 1292 58 8231 1837 5138 260 212 112 1857 6858 4501 1106 2788 1804 932 77 2357 1059 92 967 654 541 95 446 387 342 45 260 235 160 82 113 56 132 313 1631 1411 1663 1160 651 304 1557 442 59 95
is_linear=0
shrinkage=0.05


Tree=88
num_leaves=63
num_cat=0
split_feature=35 35 35 40 40 40 35 40 40 40 32 40 40 40 40 35 21 40 40 40 36 31 40 40 32 40 39 40 40 31 31 31 32 36 35 34 19 35 31 19 31 36 32 34 35 35 31 27 40 35 36 39 35 24 32 34 9 31 31 34 32 32
split_gain=319208 76658.4 39640.7 24540.1 22528.1 19186.5 17002.2 16517.4 14387 13203.8 11710.1 9414.37 8726.81 16007.6 8366.89 7983.63 12461.4 7510.91 7255.17 11754.7 6901.62 6688.84 6442.36 12038 6148.65 6058.05 5921.11 5465.95 6188.74 5319.18 6824.27 5162.98 5062.82 5682.97 7030.1 4955.86 4909.47 4698.7 4659.89 4482.37 5651.48 4185.88 4149.3 4131.81 4117.91 4073.81 4066.54 7474.49 6112.22 7648.64 6851.43 5548.32 4545.81 4703.51 4629.73 5767.46 5103.34 4437.54 7744.01 6156.4 6245.01 4426.08
threshold=511.05000000000007 902.1500000000002 216.85000000000005 1.5000000000000002 1.5000000000000002 4.5000000000000009 1279.4000000000003 4.5000000000000009 1.0000000180025095e-35 4.5000000000000009 312.15000000000003 5.5000000000000009 2.5000000000000004 3.5000000000000004 3.5000000000000004 1455.95 1.0000000180025095e-35 5.5000000000000009 3.5000000000000004 2.5000000000000004 387.95000000000005 458.45000000000005 2.5000000000000004 1.5000000000000002 454.55000000000007 5.5000000000000009 1.0000000180025095e-35 1.5000000000000002 2.5000000000000004 378.65000000000003 228.25000000000003 458.45000000000005 4.1500000000000012 149.39000000000001 765.35000000000002 2.9500000000000006 1.0000000180025095e-35 602.95000000000016 308.35000000000008 1.0000000180025095e-35 422.05000000000007 379.48750000000007 4.6500000000000012 350.25000000000006 63.95000000000001 592.85000000000014 308.35000000000008 1.0000000180025095e-35 1.0000000180025095e-35 949.45000000000016 229.91666666666669 1.0000000180025095e-35 1140.1000000000001 1.0000000180025095e-35 189.75000000000003 389.75000000000006 1.0000000180025095e-35 191.85000000000005 56.250000000000007 354.95000000000005 434.75000000000006 300.25000000000006
decision_type=2 2 2 2 2 2 2 2 2 2 2 2 2 2 2 2 2 2 2 2 2 2 2 2 2 2 2 2 2 2 2 2 2 2 2 2 2 2 2 2 2 2 2 2 2 2 2 2 2 2 2 2 2 2 2 2 2 2 2 2 2 2
left_child=2 4 27 15 32 12 24 18 31 14 -8 -9 -5 41 22 39 20 -11 19 -6 -17 25 23 -10 42 26 -12 44 -29 30 -28 -4 -2 45 35 -35 -36 -13 -19 46 -41 -14 -7 -23 -1 -34 47 48 49 50 -3 -50 -48 54 -54 56 61 58 -51 60 -59 -56
right_child=1 3 8 5 7 6 10 11 9 17 21 37 13 -15 -16 16 -18 38 -20 -21 -22 43 -24 -25 -26 -27 29 28 -30 -31 -32 -33 33 34 36 -37 -38 -39 -40 40 -42 -43 -44 -45 -46 -47 52 -49 51 57 -52 -53 53 -55 55 -57 -58 59 -60 -61 -62 -63
leaf_value=-0.26506509798686062 -0.28757452347943951 0.77980870246887213 0.020399683847875796 -0.26248611223159568 -0.21828091185260026 -0.38250010907649995 0.21236479633732849 0.19953168666318144 -0.044152087349162886 0.012251455603758411 0.54803061485290527 -0.060754555620874874 0.38951147749440834 -0.036313465415455756 -0.28186120143757859 0.18620834015309812 2.1251881694793702 -0.14930727749962303 -0.17256520770066136 0.13401920833246161 1.2829335772074186 1.0158805795013905 -0.030692112749477602 -0.36625688616416746 0.51705370057374245 0.44833745161185456 0.94219219207763671 -0.45341496426667743 -0.23182478975702214 0.66179246577349582 2.2050470632055532 0.30447083522362273 0.35289987337051171 0.20034777239744139 0.40475786330410446 -0.14271866074474207 -0.21263751878457915 0.091912753978035611 -0.040714406653101831 0.4232397186799326 -0.46752362449963886 1.1211508773622059 0.28005953369509073 1.9319999991357328 -0.08524639831411418 0.896064677621637 0.5381254179040591 -0.27201081619543188 -0.39317488186061383 0.26819547805292854 -0.27038796456848702 0.43487019346518951 1.2002789120341457 1.5039031176463418 0.24446724124607588 -0.1567967719974972 0.032257101649329781 0.61521884504705671 1.2203506799391759 1.2840102237203848 -0.2306969773769379 1.0611553778754004
leaf_weight=452 43 25 1981 144 346 24 95 1844 595 2441 45 683 283 420 1242 32 20 2140 839 750 26 32 1060 566 300 98 20 335 5303 22 23 174 90 1138 608 116 34 1923 1835 69 24 21 1533 20 1077 56 375 34 32 29 41 55 43 23 21 21 21 80 81 23 30 79
leaf_count=452 43 25 1981 144 346 24 95 1844 595 2441 45 683 283 420 1242 32 20 2140 839 750 26 32 1060 566 300 98 20 335 5303 22 23 174 90 1138 608 116 34 1923 1835 69 24 21 1533 20 1077 56 375 34 32 29 41 55 43 23 21 21 21 80 81 23 30 79
internal_value=-0.000425223 0.193687 -0.129159 0.366589 0.106644 0.292219 0.370392 0.0600464 -0.073717 -0.0992509 0.687438 0.113076 0.0930026 0.163708 -0.177932 0.560053 1.04896 -0.0567835 -0.0619085 0.0228004 0.677844 0.861023 -0.119813 -0.201182 0.309783 0.73422 0.988916 -0.222252 -0.244991 1.29414 1.61767 0.0433363 0.249342 0.260648 0.237502 0.168613 0.372061 0.0519006 -0.099177 0.525573 0.193365 0.440052 0.269847 1.36823 -0.138404 0.561237 0.556072 0.439424 0.500506 0.604739 0.127414 0.130302 0.642107 0.829575 0.745739 0.608097 0.740847 0.734382 0.969328 0.540066 0.384515 0.889651
internal_weight=31935 12734 19201 4264 8470 3080 2212 6385 12034 9879 355 4450 868 724 3463 1184 78 6416 1935 1096 58 260 2221 1161 1857 208 110 7167 5638 65 43 2155 2085 2042 1896 1254 642 2606 3975 1106 93 304 1557 52 1529 146 1013 430 396 309 66 87 583 208 185 142 121 243 110 133 110 100
internal_count=31935 12734 19201 4264 8470 3080 2212 6385 12034 9879 355 4450 868 724 3463 1184 78 6416 1935 1096 58 260 2221 1161 1857 208 110 7167 5638 65 43 2155 2085 2042 1896 1254 642 2606 3975 1106 93 304 1557 52 1529 146 1013 430 396 309 66 87 583 208 185 142 121 243 110 133 110 100
is_linear=0
shrinkage=0.05


Tree=89
num_leaves=63
num_cat=0
split_feature=32 36 37 31 40 37 36 40 37 36 32 36 34 31 33 31 31 32 33 34 37 40 33 40 33 19 14 36 31 31 40 40 25 31 31 33 36 31 32 34 33 34 37 34 40 33 33 32 34 36 34 15 31 33 33 33 40 40 32 34 2 32
split_gain=167747 72045.9 50220.7 43104.3 24564.9 24047.7 17591.5 14746 13024.3 11940.6 11207.8 12828.6 12272.9 12007.8 11300.1 10487.8 10326.9 12486.1 10095 9727.62 9530.23 8274.1 7973.26 7332.65 6805.03 6430.59 6231.39 5980.69 6779.57 6268.02 5732.19 5542.73 5649.25 5440.86 5271.67 5237.31 6985.56 5155.9 5357.49 7515.7 6647.33 5289.43 5110.98 6719.44 5004.1 4850.04 5569.49 4791.32 5338.46 4761.42 4705.9 4697.62 4632.46 6622.05 4639.9 10339.7 4598.05 5982.65 5515.56 4742.63 4550.14 4438.37
threshold=65.250000000000014 182.71250000000003 3.5000000000000004 300.15000000000003 1.5000000000000002 5.5000000000000009 255.47083333333339 4.5000000000000009 3.5000000000000004 462.72500000000008 312.15000000000003 325.31250000000006 350.25000000000006 288.25000000000006 341.05000000000007 106.65000000000002 320.15000000000003 462.85000000000008 457.35000000000008 230.30000000000004 2.5000000000000004 1.0000000180025095e-35 465.45000000000005 1.0000000180025095e-35 3.5500000000000003 1.0000000180025095e-35 1.0000000180025095e-35 311.45833333333337 484.75000000000006 374.55000000000007 1.5000000000000002 4.5000000000000009 1.0000000180025095e-35 209.75000000000003 488.35000000000008 459.35000000000008 349.91250000000008 418.05000000000007 394.35000000000008 271.35000000000008 315.35000000000008 178.45000000000002 4.5000000000000009 445.55000000000007 1.0000000180025095e-35 1.3500000000000003 412.15000000000003 270.75000000000006 54.750000000000007 345.05000000000013 421.25000000000006 1.0000000180025095e-35 209.75000000000003 385.45000000000005 330.95000000000005 276.25000000000006 3.5000000000000004 2.5000000000000004 378.65000000000003 331.45000000000005 1.0000000180025095e-35 378.65000000000003
decision_type=2 2 2 2 2 2 2 2 2 2 2 2 2 2 2 2 2 2 2 2 2 2 2 2 2 2 2 2 2 2 2 2 2 2 2 2 2 2 2 2 2 2 2 2 2 2 2 2 2 2 2 2 2 2 2 2 2 2 2 2 2 2
left_child=3 5 6 15 16 8 21 35 44 20 42 27 -13 -14 -15 -1 26 18 25 -19 49 -3 34 -17 -10 37 -4 28 52 -29 45 32 -32 -28 -5 36 56 38 39 40 -18 -40 47 -44 -2 -22 51 -9 -49 -8 60 -47 -12 54 55 -54 57 58 -6 -59 -39 -33
right_child=1 2 4 22 7 -7 9 10 24 -11 11 12 13 14 -16 23 17 19 -20 -21 30 -23 -24 -25 -26 -27 33 29 -30 -31 31 61 -34 -35 -36 -37 -38 50 41 -41 -42 -43 43 -45 -46 46 -48 48 -50 -51 -52 -53 53 -55 -56 -57 -58 59 -60 -61 -62 -63
leaf_value=-0.24571321252552797 0.004312465239968831 0.18735653610066841 0.44816464874855644 -0.028055298972005618 -0.40025189805831485 0.86290921773229334 0.048051963479192494 0.19634548738707899 0.44296856858566697 0.85197107884145928 0.22569735432710974 0.35323718713862556 0.51199638468878605 1.0660947211492326 2.5112187236547472 -0.018091077986355054 -0.052956470413641502 0.80926124561916701 1.4587075401316671 2.3328635419160131 0.90435219407081613 -0.021859635801812709 0.60506669415447578 -0.16528941612921147 0.019984083121784527 -0.10730610833023534 0.30438188910484315 0.34763387949378405 1.2811893077123733 -0.77561106889144238 -0.035167406596657305 0.1608403923804872 0.48157554002058123 -0.72375122417103166 0.17904302900112593 0.48204826884197466 -0.70576607398688795 0.81897415361128578 0.52008541882038117 1.0125932235209667 0.80697093982445578 -0.61608041468120767 0.27875459559070759 1.0282206254230963 -0.16309830438721762 0.1690606327657028 0.61071507682037707 0.30887310696972747 -0.35811416302911114 0.1801438433864786 1.402867471760717 0.84713735644306465 0.36093446023196674 0.9497940065368774 -0.092723551314584041 1.2358956930570697 -0.091365450429936726 0.19246704873183501 0.36032483779095315 0.72317734062671668 0.004861912578344345 0.36547446954311158
leaf_weight=3858 548 579 493 5636 67 70 1717 555 102 63 321 70 35 31 24 1025 55 22 34 20 42 2571 52 4846 1403 33 31 27 21 23 360 577 62 22 325 66 32 121 20 61 38 21 156 37 2407 291 136 45 90 1132 29 28 303 63 43 38 293 161 37 57 20 490
leaf_count=3858 548 579 493 5636 67 70 1717 555 102 63 321 70 35 31 24 1025 55 22 34 20 42 2571 52 4846 1403 33 31 27 21 23 360 577 62 22 325 66 32 121 20 61 38 21 156 37 2407 291 136 45 90 1132 29 28 303 63 43 38 293 161 37 57 20 490
internal_value=-0.000403961 0.112583 0.178312 -0.116628 0.333121 -0.0566424 0.108775 0.251406 -0.0710749 0.168057 0.324768 0.439482 0.849779 1.23598 1.69669 -0.181673 0.541015 0.711765 0.631749 1.53479 0.159146 0.0165963 -0.0113865 -0.139591 0.0486515 0.561105 0.392781 0.361237 0.394843 -0.169059 0.243223 0.194147 0.0407522 -0.12239 -0.0167641 0.0577616 0.0144805 0.621536 0.446074 0.581302 0.298412 -0.0618532 0.194984 0.422435 -0.132052 0.390255 0.342799 0.131363 -0.135785 0.100536 0.822802 0.228578 0.370607 0.474669 0.396719 0.458437 0.0519567 0.182371 -0.129662 0.331231 0.703497 0.254815
internal_weight=31935 16193 11663 15742 3615 4530 8048 2595 4460 4898 1882 999 160 90 55 9729 1020 474 432 42 4835 3150 6013 5871 1505 398 546 839 789 50 1986 1489 422 53 5961 713 647 365 195 154 93 41 883 193 2955 497 455 690 135 2849 170 319 768 447 384 341 615 322 104 218 141 1067
internal_count=31935 16193 11663 15742 3615 4530 8048 2595 4460 4898 1882 999 160 90 55 9729 1020 474 432 42 4835 3150 6013 5871 1505 398 546 839 789 50 1986 1489 422 53 5961 713 647 365 195 154 93 41 883 193 2955 497 455 690 135 2849 170 319 768 447 384 341 615 322 104 218 141 1067
is_linear=0
shrinkage=0.05


Tree=90
num_leaves=63
num_cat=0
split_feature=37 36 36 37 40 36 37 37 40 32 34 40 37 33 40 36 40 36 31 34 33 9 32 33 32 36 31 37 34 31 31 23 38 31 40 31 36 21 32 33 36 9 36 34 34 32 24 40 31 31 21 40 40 33 32 36 11 31 36 32 33 6
split_gain=156327 71289.6 63051.6 36180.4 31787.2 23558.7 17710.9 17366.4 15984.1 13847.9 14549.3 12576.6 11937.2 13432.3 9455.12 8621.19 8516.68 8485.4 13584.3 15427.7 9746 8744.55 10515.8 9490.92 7445.57 7132.79 6709.89 6295.76 8128.53 5897.86 5870.53 5809.49 5672.87 5203.31 5163.5 5103.43 4976.5 4942.02 4912.69 4911.68 5743.26 5927.21 5738.58 6268.95 5361.75 4670.03 4636.39 4572.86 4527.73 4516.37 4452.68 4445.49 5432.31 6854.2 6588.46 4635.63 4625.37 4465.24 4323.46 4319.7 4639.17 4312.87
threshold=2.5000000000000004 182.71250000000003 215.17083333333335 5.5000000000000009 1.0000000180025095e-35 266.78333333333336 1.5000000000000002 5.5000000000000009 4.5000000000000009 333.65000000000003 483.45000000000005 1.5000000000000002 4.5000000000000009 436.05000000000007 4.5000000000000009 327.63333333333338 1.0000000180025095e-35 268.21666666666675 382.95000000000005 318.50000000000006 370.25000000000006 1.0000000180025095e-35 322.25000000000006 416.75000000000006 472.65000000000003 382.3250000000001 5.9500000000000011 4.5000000000000009 61.050000000000004 242.85000000000005 394.65000000000003 1.0000000180025095e-35 1.0000000180025095e-35 91.850000000000009 3.5000000000000004 363.85000000000008 173.16750000000005 1.0000000180025095e-35 333.65000000000003 407.65000000000003 307.47500000000008 1.0000000180025095e-35 323.02500000000003 15.750000000000002 327.35000000000008 358.65000000000003 1.0000000180025095e-35 1.0000000180025095e-35 173.05000000000004 142.45000000000002 1.0000000180025095e-35 5.5000000000000009 4.5000000000000009 480.05000000000007 466.85000000000008 362.04166666666669 1.0000000180025095e-35 454.25000000000006 146.3416666666667 462.85000000000008 463.55000000000007 1.0000000180025095e-35
decision_type=2 2 2 2 2 2 2 2 2 2 2 2 2 2 2 2 2 2 2 2 2 2 2 2 2 2 2 2 2 2 2 2 2 2 2 2 2 2 2 2 2 2 2 2 2 2 2 2 2 2 2 2 2 2 2 2 2 2 2 2 2 2
left_child=2 7 16 4 17 8 30 11 34 61 12 33 26 -14 36 -8 48 32 25 21 38 22 23 -20 -24 39 -11 -10 -29 -18 -4 51 35 -2 46 -3 37 -13 -21 40 41 44 43 -41 -19 -44 -6 -17 -1 -30 -35 52 54 56 -28 -56 -54 -53 -16 60 -33 -7
right_child=1 3 6 -5 5 9 15 -9 27 10 -12 14 13 -15 58 47 29 18 19 20 -22 -23 24 -25 -26 -27 31 28 49 -31 -32 59 -34 50 -36 -37 -38 -39 -40 42 -42 -43 45 -45 -46 -47 -48 -49 -50 -51 -52 57 53 -55 55 -57 -58 -59 -60 -61 -62 -63
leaf_value=-0.12292289791907376 -0.035695810532769677 0.56042541861650896 -0.08972079788309871 1.7511111684334584 0.08274394515994167 0.099743163831924955 0.029528618583141791 0.7582324892282486 0.13143888645477433 -0.45026337879675404 1.5155473513262612 -0.45249129666675192 0.51507021816713472 1.890286697791173 -0.092050136700319807 0.36045341059934127 -0.21241580599675977 0.74356727757789565 -0.025665827005198507 1.4966884252216135 2.3409373504774913 -0.24799382090568545 1.2108185716733642 1.0026174943236743 0.24412553811073306 -0.48461200917760539 0.10932852328115819 1.1201138987788 -0.080561473454112451 -0.078629420094575353 0.012027017504666856 0.59879445516630825 0.20923726235531837 0.0066615936927276083 -0.18846193470770786 0.21069855883236854 0.077170434796810156 -0.18324904885637214 0.4982434538277713 0.010252524043122928 -0.076943063735961922 -0.30201566083275755 1.643175440742856 0.81834640701611849 0.011220200314666286 0.64067976658160875 -0.24330638361380516 0.13650995989015433 0.064845358218341947 0.38189541497623108 0.28932691042359199 0.11467709366203205 0.38886409435871538 1.419247270822525 0.8110362160293495 -0.023951233246109704 0.94678344102792966 0.59622166947884991 0.050155422266524953 0.17456335908961748 1.4059431892633438 0.36824628546383686
leaf_weight=1133 358 319 3812 39 605 839 2746 70 2141 27 28 240 56 26 1183 283 7037 103 66 28 21 27 98 34 25 24 255 32 67 933 2257 162 542 202 467 155 125 588 22 48 81 23 21 48 33 26 133 1172 448 249 449 386 273 20 68 22 43 55 975 53 20 182
leaf_count=1133 358 319 3812 39 605 839 2746 70 2141 27 28 240 56 26 1183 283 7037 103 66 28 21 27 98 34 25 24 255 32 67 933 2257 162 542 202 467 155 125 588 22 48 81 23 21 48 33 26 133 1172 448 249 449 386 273 20 68 22 43 55 975 53 20 182
internal_value=0.00338186 0.144342 -0.0832521 0.231921 0.224471 0.171494 0.00274712 -0.0227077 0.0911308 0.28953 0.38652 -0.0359761 0.364956 0.951114 -0.0857267 0.0816671 -0.175725 0.413083 0.543374 0.786576 1.43702 0.60185 0.704746 0.323951 1.01434 0.351561 0.330227 0.163499 0.360741 -0.196754 -0.0518818 0.345757 0.319725 0.117418 -0.0583497 0.446063 -0.216896 -0.26129 1.05737 0.403958 0.265746 0.440323 0.635924 0.414299 0.565865 1.0886 0.0239842 0.180067 -0.069716 0.283843 0.201618 0.29841 0.3785 0.521597 0.239137 0.606928 0.464783 0.174734 -0.0278006 0.57181 0.687492 0.147606
internal_weight=32003 12182 19821 7992 7953 6209 10270 4190 3694 2515 1494 4120 1466 82 3111 4201 9551 1744 728 321 71 250 223 100 123 407 1384 2489 348 7970 6069 1357 1016 1009 1205 474 953 828 50 383 240 159 143 96 136 47 738 1455 1581 316 651 1122 681 336 345 90 316 441 2158 235 182 1021
internal_count=32003 12182 19821 7992 7953 6209 10270 4190 3694 2515 1494 4120 1466 82 3111 4201 9551 1744 728 321 71 250 223 100 123 407 1384 2489 348 7970 6069 1357 1016 1009 1205 474 953 828 50 383 240 159 143 96 136 47 738 1455 1581 316 651 1122 681 336 345 90 316 441 2158 235 182 1021
is_linear=0
shrinkage=0.05


Tree=91
num_leaves=63
num_cat=0
split_feature=35 35 35 37 35 31 32 35 18 31 25 33 32 35 32 35 33 31 27 33 37 32 31 37 36 31 37 36 35 31 33 32 32 36 36 33 31 36 33 33 32 33 36 39 33 35 36 31 33 11 36 35 29 36 33 31 31 5 35 23 35 31
split_gain=245790 62150 30387.6 19923.8 14559.3 10454 9487.55 9407.81 9799.32 8844.33 8736.01 9092.42 7401.82 10281.9 7219.32 8924.76 31987.6 19221.5 6950.1 5836.06 7682.15 5527.72 5760.87 5565.25 5318.28 5316.5 4988.67 6553.3 4805.04 4603.4 5437.54 4591.36 5485.52 4554.99 6476.73 13332.2 9476.92 7264.44 6923.42 8027.27 8009.83 5497.52 4553.94 4550.94 4507.98 4618.2 7197.61 4090.36 4062.5 3968.8 3799.88 3766.57 3533.02 11686 5735.77 4128.29 4398.39 5645.96 3951.11 4795.4 5824.24 3774.12
threshold=511.05000000000007 1055.7500000000002 242.65000000000001 5.5000000000000009 777.00000000000011 226.05000000000004 322.25000000000006 1249.5000000000002 1.0000000180025095e-35 376.55000000000007 1.0000000180025095e-35 427.15000000000003 292.45000000000005 1203.6500000000003 492.65000000000003 1531.0000000000002 440.95000000000005 436.65000000000003 1.0000000180025095e-35 0.95000000000000007 2.5000000000000004 444.35000000000008 398.85000000000008 5.5000000000000009 223.16250000000005 20.150000000000002 4.5000000000000009 92.112500000000011 1203.6500000000003 5.9500000000000011 164.25000000000003 69.250000000000014 94.050000000000011 311.45833333333337 266.78333333333336 93.200000000000003 474.75000000000006 263.94166666666672 372.05000000000007 330.95000000000005 394.35000000000008 490.85000000000008 4.4500000000000011 1.0000000180025095e-35 3.5500000000000003 428.85000000000008 160.0291666666667 363.85000000000008 324.85000000000008 1.0000000180025095e-35 318.92500000000001 487.35000000000008 1.0000000180025095e-35 357.02500000000003 393.85000000000008 408.75000000000006 434.55000000000007 1.0000000180025095e-35 1397.9500000000003 1.0000000180025095e-35 1122.0000000000002 353.75000000000006
decision_type=2 2 2 2 2 2 2 2 2 2 2 2 2 2 2 2 2 2 2 2 2 2 2 2 2 2 2 2 2 2 2 2 2 2 2 2 2 2 2 2 2 2 2 2 2 2 2 2 2 2 2 2 2 2 2 2 2 2 2 2 2 2
left_child=2 4 19 5 25 18 7 12 10 26 11 -9 13 31 15 33 17 -17 24 20 42 23 29 -6 -3 -2 44 -28 -5 -23 -31 -7 -33 34 35 -8 38 -37 39 47 -40 50 -1 -26 45 -4 -47 -36 -16 -34 -35 -11 55 -54 -55 58 -57 -58 59 60 -52 -60
right_child=1 3 9 28 21 6 14 8 -10 51 -12 -13 -14 -15 48 16 -18 -19 -20 -21 -22 22 -24 -25 43 -27 27 -29 -30 30 -32 32 49 41 36 37 -38 -39 40 -41 -42 -43 -44 -45 -46 46 -48 -49 -50 -51 52 -53 53 54 -56 56 57 -59 61 -61 -62 -63
leaf_value=-0.32743447696407563 -0.10529286901293389 -0.3495169473660959 -0.091810901960308264 0.91300178028288359 0.15740492991459143 0.023734198625271138 -0.70307664847373963 -0.63509132264331836 0.66275178660103617 -0.0072639084172107515 0.60705152884606395 0.19566970782459908 -0.0032439683018059568 1.1214851635283438 0.50124810877300452 -0.38853088161524607 2.4750371641582913 1.3637146413326264 -0.56394056479757038 -0.46059380624097807 0.14939278205645018 -0.46126234777595693 0.54304573863744732 0.7109865776870562 0.019976511372237646 0.083664912894400409 0.73912949721987653 -0.26405504456272832 1.959096966619077 0.1192265931853618 0.43263280742639121 1.2667687949680149 0.34958796345780041 -0.1396336430683732 0.94438730702883955 0.8332062317265404 1.5868640944121346 -0.24396244227886199 0.5704401280730963 -0.20371729659311699 1.5841346392506048 1.2329715920984745 -0.17435055176356881 0.39090897190312401 -0.17878682915548272 0.34518704591444821 -0.029999230989614434 0.44077692987378114 -0.39374602474272252 0.88852384805679319 0.60122966092565788 0.16051551700694444 1.1363908690214157 -0.73935569842656457 0.2976864146689574 1.0835102658801608 0.3914559199384624 1.2967599958181382 1.2057054333064867 0.82702354924945998 -0.067006864451936307 0.28967766788872806
leaf_weight=521 398 37 5434 21 3484 65 25 87 47 2968 31 53 87 58 21 34 27 29 30 186 176 23 200 46 119 5754 41 27 23 307 252 21 234 32 69 72 31 20 40 33 38 20 7193 271 1191 148 938 97 32 40 46 377 20 30 24 45 124 20 23 29 112 22
leaf_count=521 398 37 5434 21 3484 65 25 87 47 2968 31 53 87 58 21 34 27 29 30 186 176 23 200 46 119 5754 41 27 23 307 252 21 234 32 69 72 31 20 40 33 38 20 7193 271 1191 148 938 97 32 40 46 377 20 30 24 45 124 20 23 29 112 22
internal_value=0.00321277 0.172901 -0.109939 0.405908 0.120817 0.385702 0.438913 0.297841 0.0233279 -0.0563428 -0.15242 -0.320589 0.416343 0.503674 0.530389 0.558811 1.03515 0.418058 0.171692 -0.183764 -0.177237 0.191264 0.311542 0.164619 0.223376 0.0714404 -0.0855781 0.340806 1.45982 0.231988 0.260512 0.404137 0.487955 0.514705 0.6375 0.320809 0.757802 0.599039 0.665019 0.50852 1.06429 0.419298 -0.18469 0.277727 -0.0893382 -0.0729988 0.0211311 0.650109 -0.0391257 0.428265 0.388419 0.0116458 0.422555 0.103941 -0.278448 0.478559 0.65203 0.517193 0.33724 0.236019 0.127543 0.75787
internal_weight=32003 12803 19200 2339 10464 2295 1838 723 218 11124 171 140 505 418 1115 1062 90 63 457 8076 7890 4312 782 3530 427 6152 7779 68 44 582 559 360 295 972 425 117 308 92 277 199 78 547 7714 390 7711 6520 1086 166 53 274 527 3345 495 74 54 421 189 144 232 187 158 45
internal_count=32003 12803 19200 2339 10464 2295 1838 723 218 11124 171 140 505 418 1115 1062 90 63 457 8076 7890 4312 782 3530 427 6152 7779 68 44 582 559 360 295 972 425 117 308 92 277 199 78 547 7714 390 7711 6520 1086 166 53 274 527 3345 495 74 54 421 189 144 232 187 158 45
is_linear=0
shrinkage=0.05


Tree=92
num_leaves=63
num_cat=0
split_feature=35 35 35 40 40 37 40 40 40 40 36 40 40 40 40 32 35 10 35 40 40 40 33 37 33 34 33 34 33 32 33 21 33 35 33 33 33 34 36 35 25 40 35 32 40 40 34 35 33 23 35 33 36 11 25 32 21 32 35 32 36 33
split_gain=221825 56090.4 27490.5 22996.5 20145 17981.3 13471.9 13326.8 10182.7 8926.86 8788.27 8386.64 14232.6 8374.61 7707.42 6835.02 6771.23 7669.68 6767.43 5573.92 5238.15 9678.49 4885.25 6146.06 4838.71 11052.3 4809.3 5944.94 7252.99 6597.4 7792.64 5132.88 5006.73 4804.59 4399.54 4505.1 4358.67 4179.68 6635.06 5752.84 5235.71 4063.21 4030.7 3961.01 3953.04 5644.57 3704.44 3689.62 8874.01 4933.95 4418.33 4168.27 6074.66 4179.05 3617.79 4012.07 4069.44 5959.11 4044.81 3607.06 4864.66 4506.92
threshold=511.05000000000007 1055.7500000000002 234.95000000000002 1.5000000000000002 4.5000000000000009 5.5000000000000009 1.0000000180025095e-35 4.5000000000000009 5.5000000000000009 3.5000000000000004 449.45000000000005 3.5000000000000004 2.5000000000000004 1.0000000180025095e-35 5.5000000000000009 333.65000000000003 853.25000000000011 1.0000000180025095e-35 1351.1500000000003 4.5000000000000009 2.5000000000000004 1.5000000000000002 0.95000000000000007 2.5000000000000004 77.350000000000009 457.65000000000003 25.550000000000004 347.9500000000001 449.00000000000006 404.55000000000007 402.75000000000006 1.0000000180025095e-35 13.65 602.95000000000016 482.15000000000003 207.65000000000001 451.15000000000003 197.55000000000004 245.81250000000003 967.45000000000016 1.0000000180025095e-35 5.5000000000000009 3.4500000000000006 234.05000000000004 1.5000000000000002 2.5000000000000004 472.75000000000006 1203.6500000000003 293.25000000000006 1.0000000180025095e-35 1249.5000000000002 472.55000000000007 364.8250000000001 1.0000000180025095e-35 1.0000000180025095e-35 460.75000000000006 1.0000000180025095e-35 19.950000000000003 717.95000000000016 337.95000000000005 293.01666666666671 279.65000000000003
decision_type=2 2 2 2 2 2 2 2 2 2 2 2 2 2 2 2 2 2 2 2 2 2 2 2 2 2 2 2 2 2 2 2 2 2 2 2 2 2 2 2 2 2 2 2 2 2 2 2 2 2 2 2 2 2 2 2 2 2 2 2 2 2
left_child=2 3 22 16 11 10 -4 9 36 20 13 12 -5 24 -9 18 54 37 34 -7 21 -8 23 42 -3 -26 32 -28 29 31 46 -29 -17 -10 35 -15 -6 38 39 -18 -39 -20 -1 -36 -44 -46 -31 51 -49 50 -50 52 53 -37 55 56 -2 58 -58 61 -61 -40
right_child=1 5 6 4 8 19 7 14 33 -11 -12 -13 -14 15 -16 26 17 -19 41 -21 -22 -23 -24 -25 25 -27 27 28 -30 30 -32 -33 -34 -35 43 47 -38 40 59 -41 -42 -43 44 -45 45 -47 -48 48 49 -51 -52 -53 -54 -55 -56 -57 57 -59 -60 60 -62 -63
leaf_value=-0.33473491829294 0.18418074950632168 -0.080860259532928469 0.061254910054685266 -0.20415046719616381 0.19017882737807065 1.9495943567969585 -0.037068426825152871 0.035196269156436248 -0.048303460495714483 -0.27296853794264642 1.4099493986368179 -0.15529619390752902 0.15102509967130229 0.51668765539401462 -0.080772866060967716 0.33019872914467541 0.59799872653690722 -0.028049692284493222 0.040931660788399833 0.82407174760645097 -0.018187547927410046 -0.3370113918434347 -0.44170511588454248 0.13020996556628542 0.50975659931182038 1.4714540291577578 0.34281394455904735 1.2050439460277558 1.4540118058522544 0.34930956187968454 -0.56500363036812773 0.38615120072518627 -0.70559641987085353 0.099332757034558933 0.28258001221077783 -0.064028345806556836 0.52307370886640647 0.32401183791020338 -0.38898659220763615 1.3023050669676219 -0.50737965621731496 -0.63098162131650115 -0.0964360648277372 1.0727670603785022 -0.3807304664860281 -0.17500088640622649 1.10160982131958 -0.51107752925405903 1.0742015187996765 -0.16027670934796334 0.37284773470873533 -0.57176888465881348 0.74042309558752817 0.46820163943550802 -0.0033711725704689728 -0.057063725885123977 -0.42854264877937942 0.4278805763142739 0.42757393365556545 0.93348662806492233 0.37516201845852726 0.3287017523646355
leaf_weight=386 1058 30 2049 419 2168 22 578 2314 705 1164 20 1057 863 95 3762 28 113 105 63 22 1008 503 170 166 450 32 758 50 24 90 21 31 20 2524 35 228 103 136 28 39 22 35 1490 29 356 5254 20 24 43 20 47 25 33 44 211 124 37 413 22 51 166 100
leaf_count=386 1058 30 2049 419 2168 22 578 2314 705 1164 20 1057 863 95 3762 28 113 105 63 22 1008 503 170 166 450 32 758 50 24 90 21 31 20 2524 35 228 103 136 28 39 22 35 1490 29 356 5254 20 24 43 20 47 25 33 44 211 124 37 413 22 51 166 100
internal_value=0.00305213 0.164256 -0.104442 0.114776 0.0718834 0.385612 -0.0548359 -0.0803338 0.124154 -0.162008 0.366417 -0.0510271 0.034942 0.357243 -0.0366069 0.305545 0.242867 0.368665 0.187192 1.38683 -0.10018 -0.176635 -0.1766 -0.170711 0.535256 0.573604 0.387438 0.411043 0.630187 0.536924 0.317595 0.891641 -0.101383 0.0670988 0.247947 0.202989 0.205277 0.43226 0.503475 0.778709 0.208248 -0.199037 -0.177383 0.640634 -0.168829 -0.188056 0.486091 0.138761 0.360023 0.550082 0.707939 0.0489156 0.0997914 0.0220677 0.191604 0.216477 0.238646 0.360731 -0.109313 0.382212 0.506381 0.171707
internal_weight=32003 12803 19200 10464 7839 2339 11378 9329 5500 3253 2295 2339 1282 2275 6076 1763 2625 760 721 44 2089 1081 7822 7652 512 482 1042 994 236 212 131 81 48 3229 623 559 2271 655 497 152 158 98 7486 64 7100 5610 110 464 134 110 90 330 305 272 1865 1654 1530 472 59 345 217 128
internal_count=32003 12803 19200 10464 7839 2339 11378 9329 5500 3253 2295 2339 1282 2275 6076 1763 2625 760 721 44 2089 1081 7822 7652 512 482 1042 994 236 212 131 81 48 3229 623 559 2271 655 497 152 158 98 7486 64 7100 5610 110 464 134 110 90 330 305 272 1865 1654 1530 472 59 345 217 128
is_linear=0
shrinkage=0.05


Tree=93
num_leaves=63
num_cat=0
split_feature=35 35 35 40 40 35 31 40 40 21 36 36 34 36 40 27 36 36 11 40 32 31 31 33 33 31 40 40 35 35 31 32 34 34 40 40 40 40 40 40 40 33 36 33 40 36 40 36 1 31 32 34 32 0 33 32 35 35 34 34 35 33
split_gain=200371 46698.1 31978.6 16675.2 13317.9 12670.2 11107.6 11026.9 11489.3 8353.72 49806.3 8046.76 7428.39 7313.56 7242.81 6429.14 6381.61 6303.86 7447.64 6262.83 9671.3 6820.09 6507.18 6468.09 8664.54 6464.16 6147.63 5770.56 5756.27 7309.38 6727.82 6326.09 8845.65 7357.21 5623.69 5611.76 5603.85 7779.77 8302.78 7469.82 6367.89 5570.21 5514.62 5340.7 5064.85 4994.06 4733.17 4476.18 4472.13 4329.11 4057.11 4043.86 7634.64 3969.33 5154.79 4626.34 3951.05 3949.24 4795.82 8082.29 4600.84 3689.1
threshold=685.05000000000007 403.75000000000006 1055.7500000000002 1.5000000000000002 4.5000000000000009 156.95000000000002 226.05000000000004 1.0000000180025095e-35 4.5000000000000009 1.0000000180025095e-35 323.02500000000003 449.45000000000005 1.5500000000000003 213.91250000000005 1.0000000180025095e-35 1.0000000180025095e-35 139.48333333333338 309.52500000000003 1.0000000180025095e-35 1.5000000000000002 440.45000000000005 410.45000000000005 468.85000000000008 444.85000000000008 373.85000000000008 488.35000000000008 5.5000000000000009 1.0000000180025095e-35 1249.5000000000002 1225.1500000000003 310.25000000000006 312.15000000000003 356.90000000000003 277.75000000000006 5.5000000000000009 3.5000000000000004 4.5000000000000009 3.5000000000000004 2.5000000000000004 1.5000000000000002 5.5000000000000009 303.30000000000001 329.71250000000009 3.0500000000000003 3.5000000000000004 224.28750000000005 2.5000000000000004 352.12500000000006 1.0000000180025095e-35 5.9500000000000011 348.35000000000008 256.75000000000006 424.95000000000005 1.0000000180025095e-35 71.65000000000002 253.05000000000004 978.05000000000007 949.45000000000016 204.35000000000005 83.350000000000009 958.55000000000007 397.55000000000007
decision_type=2 2 2 2 2 2 2 2 2 2 2 2 2 2 2 2 2 2 2 2 2 2 2 2 2 2 2 2 2 2 2 2 2 2 2 2 2 2 2 2 2 2 2 2 2 2 2 2 2 2 2 2 2 2 2 2 2 2 2 2 2 2
left_child=1 5 3 53 44 43 15 16 12 11 13 19 35 -11 -7 27 -3 18 -15 20 21 23 50 24 -8 -24 -10 61 29 30 -21 41 33 -33 -6 -9 37 38 39 -16 -38 -30 -25 -1 46 -29 -5 -43 49 -36 -23 52 -47 57 -55 -56 -51 -2 59 60 -59 -4
right_child=2 7 6 4 34 14 9 8 26 10 -12 -13 -14 17 36 -17 -18 -19 -20 28 -22 22 25 42 -26 -27 -28 45 31 -31 -32 32 -34 -35 48 -37 40 -39 -40 -41 -42 47 -44 -45 -46 51 -48 -49 -50 56 -52 -53 -54 54 55 -57 -58 58 -60 -61 -62 -63
leaf_value=-0.18678435229141654 0.26770144136129631 0.45270974293456112 0.22240163431717802 -0.12816500902044617 0.2317092616266371 0.0021694426664975448 0.51025276311965129 -0.015851747716460415 0.10749165941704947 1.2721751895215778 2.5223562079091231 1.3394519107788803 -0.41757013060241227 0.40408186409701696 -0.077813744133682972 -0.56011771645396946 0.10245488964857588 -0.16734827204448421 0.95689471301223561 0.63609429139055707 0.012791725757874942 0.93164398875832566 -0.13804715301679529 1.5062920915228981 -0.50071534601851331 1.0752824950785864 -0.0097303800050292967 -0.42466979989638692 -0.99863897655159239 0.93742251438753943 0.19981728918215325 0.22175319550356065 0.64468883246910291 -0.57242535963291086 -0.36979088783087011 -0.17746538039446502 -0.010441904026872487 -0.2850597567763275 0.0012809036220402296 -0.37166773837294259 -0.12678884036819357 0.27021813281746798 0.39681422412395478 -0.70101240125356945 -0.1335352670072287 -0.83787459822801447 0.14810590057906167 -0.52555736765265471 -0.52720005767686029 0.092453521462839014 1.6833736649581366 0.27528324836399409 0.22213624703640844 0.66935394328573483 0.15852455334091675 -0.56128932713735391 0.30654472094702434 1.0588173050146839 0.12513364507006361 1.1993616672449334 0.34320672706221089 0.89393932847089541
leaf_weight=5074 1213 142 39 227 1403 1617 67 1509 1836 27 31 20 168 470 454 30 1545 41 70 114 76 50 23 21 31 21 2862 39 20 49 393 101 82 41 46 834 1889 976 863 413 3116 43 24 51 634 26 489 30 28 1602 28 240 49 23 49 41 249 26 77 43 165 43
leaf_count=5074 1213 142 39 227 1403 1617 67 1509 1836 27 31 20 168 470 454 30 1545 41 70 114 76 50 23 21 31 21 2862 39 20 49 393 101 82 41 46 834 1889 976 863 413 3116 43 24 51 634 26 489 30 28 1602 28 240 49 23 49 41 249 26 77 43 165 43
internal_value=0.00289952 -0.0732674 0.208402 0.149907 0.101844 -0.128743 0.366332 0.0168622 -0.0100668 0.42068 0.56742 0.344694 -0.0964071 0.467744 -0.0940427 0.147887 0.131937 0.430361 0.475743 0.328306 0.510015 0.652615 0.927234 0.418325 0.190457 0.441042 0.0360805 0.196603 0.257329 0.354275 0.297915 0.0872934 0.231215 -0.00755188 0.155576 -0.0733788 -0.114218 -0.172187 -0.108509 -0.217793 -0.0828769 -0.259356 0.914571 -0.191902 -0.0306156 0.109056 0.0605172 -0.0568129 0.100087 0.109346 1.2015 0.175136 -0.145334 0.287256 0.00132727 -0.169391 0.121253 0.308457 0.467415 0.580047 0.44062 0.574549
internal_weight=32003 23349 8654 6315 4678 14453 2339 8896 7209 1873 639 1234 2511 608 9328 466 1687 581 540 1214 341 265 122 143 98 44 4698 436 873 556 507 317 224 142 3328 2343 7711 2706 1730 867 5005 93 45 5125 1350 354 716 73 1925 1897 78 315 75 1637 113 90 1851 1524 311 234 191 82
internal_count=32003 23349 8654 6315 4678 14453 2339 8896 7209 1873 639 1234 2511 608 9328 466 1687 581 540 1214 341 265 122 143 98 44 4698 436 873 556 507 317 224 142 3328 2343 7711 2706 1730 867 5005 93 45 5125 1350 354 716 73 1925 1897 78 315 75 1637 113 90 1851 1524 311 234 191 82
is_linear=0
shrinkage=0.05


Tree=94
num_leaves=63
num_cat=0
split_feature=35 35 35 40 40 37 40 40 31 40 32 40 40 35 40 40 33 37 32 33 31 36 36 35 35 35 32 40 32 35 10 8 32 32 40 33 32 35 33 36 31 0 33 37 32 32 36 33 33 31 32 32 32 40 40 31 36 36 27 33 33 35
split_gain=182012 44546 23388.8 19215.6 16169.3 15710.2 11431.9 11455.1 8916.8 7991.51 7723.56 7656.7 11608.2 7315.64 6434.35 6144.62 6073.1 21348.5 20533.8 6221.07 11789.9 5958.59 6948.02 11266.1 7030.82 5812.17 5665.51 9235.22 6937.15 5228.3 5917.1 5202.18 5741.7 7026.29 5080.26 4793.46 4781.83 6865.17 5353.26 10142.2 5519.35 4658.96 4636.51 6544.52 4586.94 4513.74 5201.54 4831.81 9066.87 7567.04 5177.77 4434.75 4315.36 4289.44 8371.81 4259.66 4141.1 4658.53 5682.49 4177.57 4018.83 3982.4
threshold=522.6500000000002 1055.7500000000002 242.65000000000001 1.5000000000000002 4.5000000000000009 5.5000000000000009 1.0000000180025095e-35 4.5000000000000009 259.35000000000008 5.5000000000000009 340.25000000000006 3.5000000000000004 2.5000000000000004 1249.5000000000002 3.5000000000000004 5.5000000000000009 370.25000000000006 4.5000000000000009 418.85000000000008 303.30000000000001 308.35000000000008 296.12500000000006 413.25000000000006 1397.9500000000003 1531.0000000000002 1279.4000000000003 187.75000000000003 5.5000000000000009 247.15000000000001 867.25000000000011 1.0000000180025095e-35 1.0000000180025095e-35 480.05000000000007 364.45000000000005 4.5000000000000009 295.15000000000003 270.75000000000006 1203.6500000000003 414.65000000000003 276.51666666666671 458.45000000000005 1.0000000180025095e-35 1.0000000180025095e-35 2.5000000000000004 147.75000000000003 337.95000000000005 229.91666666666669 295.15000000000003 425.05000000000007 412.55000000000007 290.45000000000005 398.85000000000008 69.250000000000014 2.5000000000000004 1.5000000000000002 462.55000000000007 382.3250000000001 244.65833333333336 1.0000000180025095e-35 485.45000000000005 370.25000000000006 602.95000000000016
decision_type=2 2 2 2 2 2 2 2 2 2 2 2 2 2 2 2 2 2 2 2 2 2 2 2 2 2 2 2 2 2 2 2 2 2 2 2 2 2 2 2 2 2 2 2 2 2 2 2 2 2 2 2 2 2 2 2 2 2 2 2 2 2
left_child=2 3 42 29 11 8 -4 14 56 -6 13 12 -5 36 53 -9 19 21 -19 20 -12 -18 24 -24 31 -15 -27 28 -28 -2 41 32 33 -23 -7 51 37 52 39 -38 -41 45 43 -1 -39 47 -47 49 -49 50 -31 -22 -10 54 -8 -21 57 60 59 -59 -3 -11
right_child=1 5 6 4 9 34 7 15 10 61 16 -13 -14 25 -16 -17 17 18 -20 55 35 22 23 -25 -26 26 27 -29 -30 30 -32 -33 -34 -35 -36 -37 38 44 -40 40 -42 -43 -44 -45 -46 46 -48 48 -50 -51 -52 -53 -54 -55 -56 -57 -58 58 -60 -61 -62 -63
leaf_value=-0.15902418685501549 0.18040047417206354 0.1865608083514067 0.060421760791347215 -0.18071098532935564 0.18666740578213681 1.8211374315348541 -0.031649880622713511 0.033883396610912539 0.027878508681342718 -0.050130486207608682 1.2470499915546842 -0.14684151898586117 0.14306625422553756 -0.49934359716206062 -0.23911062831458915 -0.06944749478901889 1.1963784105247921 0.6960364195608324 2.6440818145871163 0.010789665421272847 0.6406390128175864 0.97933432393603859 0.40107893039073261 1.6294299637566187 -0.57116225903684448 0.54294223766773941 -0.42656313570276388 -0.74215251216117073 0.46092965085255477 0.12536755441609077 -0.022762237627481679 -0.18568459732191905 1.237385558540171 0.17635616866339532 0.7466123364188455 1.1376534664630891 0.5351356379079576 0.57369099246958899 0.54696990907072063 -0.65507581543039395 0.31726380784064534 -0.075243966778119412 -0.40217589898917239 0.15281695524812 1.5732151444662703 1.0889462561628154 0.4896127718146972 0.78158377577560123 0.021526576704703846 -0.43400701652181911 1.0395878735042754 0.22621209159810493 0.4928474303862701 -0.01838037401130423 -0.31132563713667138 0.68595808829580041 -0.54918584167957307 0.25732669099850003 -0.3880404573399574 0.85230721719563007 -0.44125649154186253 0.090664857672084653
leaf_weight=7714 1863 52 2039 411 2210 22 573 2337 63 627 45 1022 848 41 1181 3743 27 31 24 141 89 36 56 28 22 64 31 34 76 59 97 35 22 112 22 20 49 24 62 54 20 48 190 172 22 43 229 99 65 47 21 235 240 1000 502 28 20 378 32 32 50 2524
leaf_count=7714 1863 52 2039 411 2210 22 573 2337 63 627 45 1022 848 41 1181 3743 27 31 24 141 89 36 56 28 22 64 31 34 76 59 97 35 22 112 22 20 49 24 62 54 20 48 190 172 22 43 229 99 65 47 21 235 240 1000 502 28 20 378 32 32 50 2524
internal_value=0.00275455 0.15119 -0.0930332 0.106113 0.0663331 0.348015 -0.0468349 -0.07026 0.330073 0.113774 0.386329 -0.0451662 0.0373693 0.269709 -0.145943 -0.0297297 0.48198 0.632539 1.54609 0.375941 0.485982 0.483883 0.422027 0.810529 0.278264 0.0441025 0.152792 -0.0242978 0.203806 0.224356 0.340017 0.369422 0.483708 0.371675 1.28387 0.386424 0.37364 0.482576 0.168135 -0.0228225 -0.392281 0.397611 -0.158103 -0.152223 1.05172 0.437925 0.58436 0.301051 0.480342 0.0695252 0.36535 0.340052 0.396171 -0.0929163 -0.162252 0.122652 0.157412 0.18339 0.253679 0.303764 -0.121193 0.0626488
internal_weight=32003 12552 19451 10213 7642 2339 11375 9336 2295 5361 1731 2281 1259 780 3256 6080 951 393 55 558 389 338 311 84 227 246 205 141 107 2571 708 205 170 148 44 344 534 349 185 123 74 611 8076 7886 46 563 272 291 164 127 80 324 303 2075 1075 169 564 544 442 410 102 3151
internal_count=32003 12552 19451 10213 7642 2339 11375 9336 2295 5361 1731 2281 1259 780 3256 6080 951 393 55 558 389 338 311 84 227 246 205 141 107 2571 708 205 170 148 44 344 534 349 185 123 74 611 8076 7886 46 563 272 291 164 127 80 324 303 2075 1075 169 564 544 442 410 102 3151
is_linear=0
shrinkage=0.05


Tree=95
num_leaves=63
num_cat=0
split_feature=35 35 37 35 40 40 35 40 34 40 40 36 36 40 40 40 32 32 33 36 16 35 33 35 32 33 40 40 24 39 40 40 40 40 40 40 40 33 32 2 33 34 36 35 6 9 33 40 4 37 36 36 33 33 32 35 40 33 32 34 34 40
split_gain=151316 35098.6 22976.8 19584.1 11390.4 9866.42 7828.6 7455.13 8213.38 7302.69 7135.1 6571.37 6283.34 6103.48 5920.65 5872.81 8835.97 10230.6 7407.4 13206.6 6849.83 6552.42 6122.97 5640.46 5471.08 5281.98 5113.07 5626.05 4882.26 4636.75 4574.8 4384.09 5806.99 5674.97 4913.53 4681.02 5900.86 4281.26 4173.28 4081.3 6918 5635.51 3991.33 3970.2 6404.08 5840.5 4408.62 5199.6 4859.85 7528.46 6498.31 6448.79 5183.9 4321.35 4166.32 3948.43 3764.39 3657.14 3642.82 3639.87 4065.49 3630.49
threshold=685.05000000000007 358.15000000000003 5.5000000000000009 1140.1000000000001 1.0000000180025095e-35 1.0000000180025095e-35 141.45000000000002 4.5000000000000009 1.0500000000000003 4.5000000000000009 5.5000000000000009 428.28333333333336 138.27083333333334 1.5000000000000002 3.5000000000000004 5.5000000000000009 458.65000000000003 440.45000000000005 370.25000000000006 370.65000000000009 1.0000000180025095e-35 1397.9500000000003 471.15000000000003 1351.1500000000003 333.65000000000003 2.6500000000000008 2.5000000000000004 1.5000000000000002 1.0000000180025095e-35 1.0000000180025095e-35 5.5000000000000009 1.0000000180025095e-35 4.5000000000000009 3.5000000000000004 5.5000000000000009 2.5000000000000004 1.5000000000000002 459.35000000000008 79.250000000000014 1.0000000180025095e-35 172.55000000000004 308.30000000000001 406.77500000000003 1249.5000000000002 1.0000000180025095e-35 1.0000000180025095e-35 463.55000000000007 3.5000000000000004 1.0000000180025095e-35 4.5000000000000009 352.12500000000006 266.78333333333336 393.85000000000008 349.40000000000003 270.75000000000006 1122.0000000000002 3.5000000000000004 419.15000000000003 285.85000000000008 457.65000000000003 419.85000000000008 3.5000000000000004
decision_type=2 2 2 2 2 2 2 2 2 2 2 2 2 2 2 2 2 2 2 2 2 2 2 2 2 2 2 2 2 2 2 2 2 2 2 2 2 2 2 2 2 2 2 2 2 2 2 2 2 2 2 2 2 2 2 2 2 2 2 2 2 2
left_child=1 6 3 4 59 12 25 8 14 61 42 15 -3 -4 26 16 17 20 39 21 38 -20 28 -13 -22 -1 27 -7 37 -19 -9 -8 33 35 -34 36 -33 -17 -5 40 -18 56 -11 44 45 -40 48 -48 49 50 57 -51 -52 -47 -50 -15 -42 -45 -24 60 -2 -6
right_child=2 5 13 11 9 7 31 30 -10 10 -12 23 -14 55 -16 22 18 29 19 -21 24 -23 58 -25 -26 -27 -28 -29 -30 -31 -32 32 34 -35 -36 -37 -38 -39 43 -41 41 -43 -44 46 -46 53 47 -49 54 51 52 -53 -54 -55 -56 -57 -58 -59 -60 -61 -62 -63
leaf_value=-0.17331804601109124 0.25060248239913097 0.35929292620623055 1.7184692221028464 -0.20829682172955694 0.071389555766708968 0.022743039441285369 -0.016227171393243141 0.061504828379729794 -0.41038032001320357 0.19954439808642466 0.077737016545234738 0.37922960978287917 0.065868033124826503 0.47089167336622878 -0.16549447905942002 0.25969105607047938 -0.20574341012785832 -0.75711515484185066 0.99239828189214085 0.17804710619589861 1.4997282060709867 2.0293499679565428 0.20037986969663982 1.442197530468305 0.47545175720006227 -0.66625325267965152 0.069384251255955043 -0.22013529343709257 -0.14221135808588709 0.050174640896527671 -0.029754547156550626 -0.070379481253864826 -0.010711289284933237 -0.28192233258962174 -0.12136077863065989 -0.028145133672339336 -0.36031435107558796 0.96866741906041698 0.47261522176483894 -0.16159781412436414 0.89430953575217209 1.2897522314902277 0.56008058068928901 -0.40381789134032486 0.88875726759433749 -0.57280120004255042 1.0585537370895186 0.13517848625779152 -0.82330841521422071 -0.024484493255615233 0.85479904666091466 0.94682112860458878 -0.15011434186072578 0.28910958992712427 0.032678147337653417 1.2762078121952389 0.016167820646212652 0.36406770378351211 -0.6241237330275613 -0.33512787192773363 0.88135998426721651 -0.074446145784535442
leaf_weight=4561 1464 203 21 37 1072 485 1378 2271 188 1468 2157 26 1802 45 1029 287 24 29 39 34 22 25 21 24 32 55 902 469 73 46 3474 365 1598 843 2696 716 338 23 209 26 23 31 81 69 69 26 31 30 21 25 33 54 21 33 44 23 26 20 37 26 26 709
leaf_count=4561 1464 203 21 37 1072 485 1378 2271 188 1468 2157 26 1802 45 1029 287 24 29 39 34 22 25 21 24 32 55 902 469 73 46 3474 365 1598 843 2696 716 338 23 209 26 23 31 81 69 69 26 31 30 21 25 33 54 21 33 44 23 26 20 37 26 26 709
internal_value=-0.00436535 -0.0705187 0.174139 0.165842 0.13006 -0.00453968 -0.127418 -0.0273037 -0.0901639 0.0965416 0.136529 0.325447 0.0955764 0.973379 -0.0692972 0.306894 0.369726 0.295665 0.646155 0.974397 0.349561 1.39746 0.153162 0.889454 0.89275 -0.179191 -0.0159636 -0.0966594 0.225664 -0.261977 0.00632031 -0.0972969 -0.114337 -0.179172 -0.0801829 -0.11813 -0.209779 0.312293 0.308934 0.398711 0.538788 0.762148 0.218397 0.336872 0.459195 0.348598 0.218417 0.604435 0.136371 0.247703 0.0312859 0.639446 0.463999 -0.0907155 -0.243871 0.743278 0.428357 -0.231259 -0.325597 0.251375 0.261609 0.0133337
internal_weight=32035 23373 8662 8573 7003 10823 12550 8818 3073 5487 3706 1570 2005 89 2885 1520 1079 851 228 98 776 64 441 50 54 4616 1856 954 383 75 5745 7934 6556 2262 4294 1419 703 310 722 130 104 80 1549 685 337 268 348 61 287 222 143 79 54 59 65 68 49 89 58 1516 1490 1781
internal_count=32035 23373 8662 8573 7003 10823 12550 8818 3073 5487 3706 1570 2005 89 2885 1520 1079 851 228 98 776 64 441 50 54 4616 1856 954 383 75 5745 7934 6556 2262 4294 1419 703 310 722 130 104 80 1549 685 337 268 348 61 287 222 143 79 54 59 65 68 49 89 58 1516 1490 1781
is_linear=0
shrinkage=0.05


Tree=96
num_leaves=63
num_cat=0
split_feature=35 35 37 35 40 31 35 40 20 31 40 40 40 34 36 31 36 40 36 32 31 29 34 36 36 31 40 40 40 40 40 40 36 34 32 31 35 32 36 36 36 38 31 32 31 40 40 40 40 34 36 34 32 40 34 36 32 31 31 35 34 34
split_gain=136621 28561.3 22308.7 19548.4 11277.5 8918.68 14090.9 12038.4 8948.5 8121.71 8113.96 7792.5 7806.82 6495.51 7648.73 6336.74 6094.65 6018.55 5667.64 5394.99 5338.28 5324.65 5845.54 5248.89 5044.36 4896.81 4773.4 6208.88 5469.07 5148.56 6078.24 4690.61 4215.28 4524.29 4204.02 8035.47 5821.69 4129.27 4092.71 4079.14 6569.34 4930.49 4686.88 4724.53 4026.64 4021.34 4954.9 3784.44 4908.76 3661.22 3648.16 3707.56 4560.37 6244.79 3675.56 3631.69 3610.8 4039.88 3736.09 4259.69 3990.88 3558.55
threshold=651.1500000000002 358.15000000000003 5.5000000000000009 1140.1000000000001 1.0000000180025095e-35 418.05000000000007 1531.0000000000002 3.5000000000000004 1.0000000180025095e-35 91.850000000000009 1.0000000180025095e-35 4.5000000000000009 5.5000000000000009 1.0000000180025095e-35 92.112500000000011 94.050000000000011 382.3250000000001 1.5000000000000002 370.65000000000009 458.65000000000003 5.9500000000000011 1.0000000180025095e-35 467.85000000000008 251.61250000000004 331.81666666666672 347.85000000000008 1.0000000180025095e-35 4.5000000000000009 3.5000000000000004 2.5000000000000004 1.5000000000000002 5.5000000000000009 406.77500000000003 277.75000000000006 315.85000000000008 438.65000000000003 1279.4000000000003 75.15000000000002 321.08333333333343 325.31250000000006 311.45833333333337 1.0000000180025095e-35 238.95000000000002 278.65000000000003 265.85000000000008 4.5000000000000009 3.5000000000000004 2.5000000000000004 1.5000000000000002 320.75000000000006 302.3633333333334 167.95000000000002 156.25000000000003 1.0000000180025095e-35 266.65000000000003 406.77500000000003 422.85000000000008 454.25000000000006 253.25000000000003 1083.5500000000002 352.2000000000001 423.15000000000003
decision_type=2 2 2 2 2 2 2 2 2 2 2 2 2 2 2 2 2 2 2 2 2 2 2 2 2 2 2 2 2 2 2 2 2 2 2 2 2 2 2 2 2 2 2 2 2 2 2 2 2 2 2 2 2 2 2 2 2 2 2 2 2 2
left_child=1 9 3 4 -2 8 21 -8 15 -1 23 -6 55 45 -15 38 18 -4 19 24 -14 22 34 -3 37 -26 -11 28 29 30 -28 -29 33 -18 35 -7 49 -17 -5 40 42 -42 43 -39 -10 46 47 48 -12 -37 51 -44 -53 -54 -55 -13 58 -58 59 60 -22 -56
right_child=2 10 17 5 11 6 7 -9 44 26 13 12 20 14 -16 16 32 -19 -20 -21 56 -23 -24 -25 25 -27 27 31 -30 -31 -32 -33 -34 -35 -36 36 -38 39 -40 -41 41 -43 50 -45 -46 -47 -48 -49 -50 -51 -52 52 53 54 61 -57 57 -59 -60 -61 -62 -63
leaf_value=-0.175238815081313 0.23188956090523308 0.16035884269089862 1.6462371138009158 0.058960638743526528 0.0030354819351291191 1.018488281187804 1.9774719145562913 0.580806474842959 0.22663457053048269 -0.0076298286429331468 0.025425185718299954 0.18905180927912485 -0.44575655668973924 0.64926522113382823 -0.26921732369992957 -0.27689249068498611 0.017690255301885116 0.70130141600966456 0.97687857108456755 0.59623496443616097 -0.088119391995892402 0.0084202153018758264 1.1985825395584107 -0.0080098549601712709 -0.46429193775084887 0.36413763185342152 -0.07443735185233312 -0.0071465720955234957 -0.27591906794467391 -0.021777977058214361 -0.36137140077892049 -0.11407797444158463 0.42953424330164752 -0.75525089693069458 0.5347875094830209 0.0071868230224303581 -0.53873201676777427 -0.43919375682699269 -0.75229337540539831 0.9447982866179061 -0.60141408573836097 0.35833429409110029 0.079906604563196509 0.29988972613916681 -0.61488091051578531 0.0072889777651837439 -0.15952370558900331 0.057528126166366482 -0.20840493389594947 0.80395449513480777 0.95435006844030856 -0.11240416876971722 1.1971575582349623 0.88666224231322621 0.075977292224284149 0.53207655957451572 0.15446751861767882 0.70340175003641192 0.093337726598795578 -0.66097635956747203 0.26663728819081656 0.74699242582608916
leaf_weight=4458 1644 1045 22 53 1987 23 27 36 21 1411 456 1628 50 24 408 28 78 72 35 147 479 79 25 831 44 30 393 1647 850 725 348 2718 41 25 229 46 35 29 22 27 32 23 60 85 44 5067 959 850 442 21 37 24 37 36 62 81 486 36 1225 28 95 29
leaf_count=4458 1644 1045 22 53 1987 23 27 36 21 1411 456 1628 50 24 408 28 78 72 35 147 479 79 25 831 44 30 393 1647 850 725 348 2718 41 25 229 46 35 29 22 27 32 23 60 85 44 5067 959 850 442 21 37 24 37 36 62 81 486 36 1225 28 95 29
internal_value=-0.00414708 -0.0707033 0.156047 0.148308 0.115673 0.309174 0.478273 1.17938 0.225189 -0.121047 -0.00803528 0.0843256 0.123645 -0.0294821 -0.218191 0.262723 0.299169 0.922457 0.35534 0.32554 0.0654684 0.381833 0.459668 0.0857776 0.257286 -0.128442 -0.0911927 -0.108841 -0.175014 -0.116508 -0.209192 -0.0737307 0.000760219 -0.169917 0.407485 0.174266 -0.0160979 0.313365 -0.179007 0.347725 0.312216 -0.200065 0.382831 0.111877 -0.343007 -0.0189956 -0.0681956 -0.0180905 -0.0896671 0.25692 0.491213 0.422116 0.531332 0.625537 0.459002 0.20531 0.0763501 0.192325 0.0432144 -0.0587807 -0.0294053 0.289817
internal_weight=32035 22632 9403 9309 7739 1570 521 63 1049 12550 10082 6095 4108 8206 432 984 909 94 765 730 2399 458 379 1876 583 74 8092 6681 2316 1466 741 4365 144 103 354 125 102 509 75 481 454 55 399 114 65 7774 2707 1748 898 67 285 248 188 164 127 1709 2349 522 1827 602 574 91
internal_count=32035 22632 9403 9309 7739 1570 521 63 1049 12550 10082 6095 4108 8206 432 984 909 94 765 730 2399 458 379 1876 583 74 8092 6681 2316 1466 741 4365 144 103 354 125 102 509 75 481 454 55 399 114 65 7774 2707 1748 898 67 285 248 188 164 127 1709 2349 522 1827 602 574 91
is_linear=0
shrinkage=0.05


Tree=97
num_leaves=63
num_cat=0
split_feature=35 35 37 35 40 40 35 40 34 32 40 32 33 32 37 1 40 33 32 33 40 40 40 33 40 40 40 40 40 40 24 40 34 33 33 32 33 17 34 40 40 34 33 32 21 34 34 33 35 35 33 34 11 34 33 35 10 40 40 32 35 32
split_gain=123612 28489.9 18703.6 15898.2 9286.27 8024.92 6655.45 6193.3 7150.17 5939.48 5762.82 7197.12 9099.11 6915.94 5686.61 5685.96 5452.83 8315.24 5296.68 5119.62 4960.88 4903.61 4859.82 4799.56 4696.83 4600.16 4399.89 4296.28 4217.96 4604.25 4112.45 4101.59 4095.92 8227.49 12018.2 10653.5 6526.84 5466.5 4446.6 4095.2 3926.41 5905.2 3957.18 3864.24 3781.19 3883.07 5090.49 3771.26 3871.3 7160.04 5075.64 4203.02 4067.77 3694.28 3618.61 3563.46 3473.23 3423.5 4020.42 3366.44 3760.82 4083.75
threshold=685.05000000000007 358.15000000000003 5.5000000000000009 1140.1000000000001 1.0000000180025095e-35 1.0000000180025095e-35 176.95000000000002 4.5000000000000009 1.0500000000000003 452.55000000000007 5.5000000000000009 458.65000000000003 370.25000000000006 440.45000000000005 4.5000000000000009 1.0000000180025095e-35 4.5000000000000009 472.55000000000007 75.15000000000002 1.0000000180025095e-35 1.5000000000000002 4.5000000000000009 3.5000000000000004 471.15000000000003 5.5000000000000009 1.0000000180025095e-35 4.5000000000000009 3.5000000000000004 2.5000000000000004 1.5000000000000002 1.0000000180025095e-35 3.5000000000000004 441.85000000000008 287.25000000000006 347.55000000000007 290.45000000000005 166.15000000000001 1.0000000180025095e-35 62.750000000000007 5.5000000000000009 4.5000000000000009 211.65000000000001 241.55000000000004 480.05000000000007 1.0000000180025095e-35 381.05000000000007 283.35000000000008 271.80000000000001 1249.5000000000002 1187.8500000000001 425.05000000000007 273.55000000000007 1.0000000180025095e-35 314.60000000000008 459.35000000000008 1122.0000000000002 1.0000000180025095e-35 2.5000000000000004 1.5000000000000002 352.45000000000005 867.25000000000011 466.85000000000008
decision_type=2 2 2 2 2 2 2 2 2 2 2 2 2 2 2 2 2 2 2 2 2 2 2 2 2 2 2 2 2 2 2 2 2 2 2 2 2 2 2 2 2 2 2 2 2 2 2 2 2 2 2 2 2 2 2 2 2 2 2 2 2 2
left_child=1 6 3 4 56 14 19 8 22 21 11 13 44 15 -3 18 17 43 -5 -1 -4 27 28 30 -23 -8 31 -6 29 -7 54 57 37 36 -35 -36 -34 38 -20 -9 42 -42 -40 -14 45 46 -13 -44 49 -49 52 -51 -50 -43 -12 -22 59 58 -27 -2 61 -61
right_child=2 5 20 10 9 7 25 39 -10 -11 23 12 16 -15 -16 -17 -18 -19 32 -21 55 24 -24 -25 -26 26 -28 -29 -30 -31 -32 -33 33 34 35 -37 -38 -39 40 -41 41 53 47 -45 -46 -47 -48 48 50 51 -52 -53 -54 -55 -56 -57 -58 -59 -60 60 -62 -63
leaf_value=-0.14849775246738148 0.19134328717204402 0.07310007222984681 1.5502339170092629 -0.31505289121585739 0.061252627048228883 0.020401566385569954 0.0080824119132809225 0.058040825269303521 -0.38088446389685604 0.21577627910108568 0.24060356320106779 0.03322836297253768 1.5263263089316232 -0.15510311303660274 0.63551613377488181 0.80063285847504939 1.371402777904688 -0.17444917172903107 0.56398428358952513 -0.51862164974212654 0.41228202485789861 0.17217059533926229 -0.14979649264025127 -0.25417952592556298 0.049432330574099313 -0.064725757403956627 -0.068255179758501608 -0.11008326726178326 0.063195707723539649 -0.19931690527130164 -0.12266396200656891 -0.25553072194095433 0.5130162004766794 -0.71577909070512524 -0.15854913258836384 1.35560131416871 1.5932915820015801 -0.33819542782647272 0.52891745714812866 -0.028302596328586255 -0.13802584372460844 1.0852532321587205 -0.60464058490026573 0.6062982358932496 0.72208524361252791 -0.43964605466886009 0.95170242474837741 -0.13429360753960082 -0.53649848504313113 1.3507908826321364 0.30836167804620884 0.33800409237543744 0.27565513111296153 0.432212995899035 0.87945695395270984 1.1773323497046595 0.029650095960643798 -0.023337725014631366 -0.32477451157482234 0.31583886676151113 0.47919440294128723 -0.18696282774794337
leaf_weight=5651 796 1959 21 34 912 485 1183 2271 188 774 290 48 21 80 46 60 43 21 128 95 45 1355 1029 65 1835 306 3679 611 902 469 75 724 29 23 21 26 27 35 49 3474 32 32 21 25 40 22 22 36 58 20 54 21 21 67 24 23 194 623 289 194 281 51
leaf_count=5651 796 1959 21 34 912 485 1183 2271 188 774 290 48 21 80 46 60 43 21 128 95 45 1355 1029 65 1835 306 3679 611 902 469 75 724 29 23 21 26 27 35 49 3474 32 32 21 25 40 22 22 36 58 20 54 21 21 67 24 23 194 623 289 194 281 51
internal_value=-0.00393973 -0.0637314 0.157398 0.149912 0.117673 -0.00428762 -0.114995 -0.0248176 -0.0821117 0.0874088 0.293716 0.354815 0.596119 0.288 0.0860034 0.332646 0.931975 0.649953 0.294391 -0.154617 0.878497 0.0663274 -0.0626423 0.143525 0.101567 -0.0815342 -0.100395 -0.00748423 -0.0143224 -0.0876152 0.20998 -0.161282 0.323992 0.582139 0.22076 0.679066 1.03386 0.267326 0.306645 0.00582898 0.226501 0.452439 0.120794 1.02631 0.316239 0.139785 0.321892 0.0342219 0.0981081 0.380251 -0.0652378 0.832046 -0.32061 0.643297 0.289433 0.671049 0.227212 -0.105259 -0.191035 0.256203 0.354356 0.211174
internal_weight=32035 23373 8662 8573 7003 10823 12550 8818 3073 5487 1570 1116 242 874 2005 794 110 67 734 5746 89 4713 2885 454 3190 6804 5621 1523 1856 954 389 1942 700 126 70 47 56 574 539 5745 411 131 280 46 132 92 70 231 210 77 133 41 79 99 314 68 1516 1218 595 1322 526 245
internal_count=32035 23373 8662 8573 7003 10823 12550 8818 3073 5487 1570 1116 242 874 2005 794 110 67 734 5746 89 4713 2885 454 3190 6804 5621 1523 1856 954 389 1942 700 126 70 47 56 574 539 5745 411 131 280 46 132 92 70 231 210 77 133 41 79 99 314 68 1516 1218 595 1322 526 245
is_linear=0
shrinkage=0.05


Tree=98
num_leaves=63
num_cat=0
split_feature=35 35 35 37 40 36 31 32 34 33 36 32 31 36 40 33 35 36 33 37 35 36 36 35 11 31 33 34 33 22 33 0 34 33 11 9 36 32 35 36 10 36 32 37 31 32 34 33 33 40 40 40 40 40 40 33 33 33 34 40 40 36
split_gain=111658 22727.3 18837.5 8727.49 8083.22 7750.29 7142.32 7808.08 9220.14 18669.8 7534.58 7075.28 6969.25 6145.84 6063.73 5190.72 5313.94 5665.65 5153.32 6123.14 5493.25 5718.24 4808.78 4741.36 4670.25 5060.85 8835.23 8022.78 4784.02 4542.36 4493.04 4458.87 4374.97 4306.47 4268.14 4267.12 4791.19 4466.62 4319.52 4119.2 8075.86 6590.17 4108.95 6461.51 4014.12 4001.26 3997.31 3968.76 4411.95 3965.61 5222.77 4588.76 4331.1 5126.6 4236.23 3939.61 5429.08 5810.61 4849.16 3953.71 3887.37 3833.94
threshold=645.45000000000016 358.15000000000003 978.05000000000007 5.5000000000000009 1.0000000180025095e-35 165.15833333333336 228.25000000000003 302.35000000000008 405.75000000000006 382.80000000000001 329.71250000000009 398.85000000000008 91.850000000000009 302.3633333333334 1.0000000180025095e-35 11.65 873.85000000000014 364.8250000000001 1.7500000000000002 3.5000000000000004 495.25000000000006 92.112500000000011 251.61250000000004 741.05000000000007 1.0000000180025095e-35 444.75000000000006 387.50000000000006 10.250000000000002 77.350000000000009 1.0000000180025095e-35 437.75000000000006 1.0000000180025095e-35 1.0500000000000003 111.75000000000001 1.0000000180025095e-35 1.0000000180025095e-35 282.51250000000005 364.45000000000005 1313.1500000000003 309.52500000000003 1.0000000180025095e-35 317.01666666666671 294.25000000000006 5.5000000000000009 224.05000000000004 81.350000000000009 29.350000000000005 461.35000000000008 401.35000000000008 1.0000000180025095e-35 4.5000000000000009 3.5000000000000004 2.5000000000000004 1.5000000000000002 5.5000000000000009 365.95000000000005 330.95000000000005 257.05000000000007 2.0500000000000003 4.5000000000000009 2.5000000000000004 185.05833333333337
decision_type=2 2 2 2 2 2 2 2 2 2 2 2 2 2 2 2 2 2 2 2 2 2 2 2 2 2 2 2 2 2 2 2 2 2 2 2 2 2 2 2 2 2 2 2 2 2 2 2 2 2 2 2 2 2 2 2 2 2 2 2 2 2
left_child=1 12 4 6 5 -2 29 10 24 11 13 -10 -1 34 22 16 17 -7 19 -16 21 -20 -3 61 25 28 33 -28 -9 44 -31 -25 -22 -27 46 36 -26 -38 -39 40 47 -41 43 -6 -4 -36 -8 48 55 -14 51 52 53 -51 -52 56 57 59 -59 -30 -13 -17
right_child=2 14 3 -5 42 15 7 8 9 -11 -12 60 49 -15 18 23 -18 -19 20 -21 32 -23 -24 31 35 26 27 -29 39 30 -32 -33 -34 -35 45 -37 37 38 -40 41 -42 -43 -44 -45 -46 -47 -48 -49 -50 50 54 -53 -54 -55 -56 -57 -58 58 -60 -61 -62 -63
leaf_value=-0.15944483566183232 0.71248618091855731 0.14528224968973733 0.15211307567504931 0.87503635568438831 0.0042664817086393745 0.42394357050425913 0.5725560237152072 -0.26915945968791549 0.90317102773831448 2.1095403347696577 -0.086463179200950827 -0.44398330620356968 -0.005424962174690409 0.60697898501340219 -0.0082863232322834129 0.14417950375734465 0.77483091732220988 0.0012189918142907761 0.40802987380751543 0.65493185324328296 0.013072357889881252 -0.24849830327075897 -0.016776745827639716 0.2159336188619872 1.0412500672194422 0.74000934376273042 0.50082055280605953 1.6667605729103088 -0.29868885796321071 -0.022899448435481001 -0.93700925230979915 -0.22100487287227924 -0.21303366127960982 0.17820332302288577 -0.71805192884944735 0.060059335969743277 -0.08586914559890485 0.37777593202315846 1.0667409279516764 -0.71336330094120726 0.87270558951866062 0.17439229224506392 0.10270777900479489 0.90689241774380214 -0.50655418783426287 0.045332882664305102 0.18398560819554932 0.832920768054632 -0.27694268808808437 -0.066026992033740503 -0.0021969003662943125 -0.25079467155361168 -0.017890795634609873 -0.32954363894786676 -0.10381722123919959 0.89665283327517309 -0.34795703349841967 0.20060947438081109 1.140801265090704 0.3695985637956633 0.41201843768358232 -0.28256252468601478
leaf_weight=4458 70 1033 639 53 2293 190 78 51 52 21 236 21 1411 98 6145 92 56 136 35 35 976 633 822 574 49 43 36 25 38 41 20 65 274 165 21 42 29 65 35 22 63 420 2722 20 24 94 437 26 43 393 1647 850 725 348 2718 23 36 24 32 53 36 123
leaf_count=4458 70 1033 639 53 2293 190 78 51 52 21 236 21 1411 98 6145 92 56 136 35 35 976 633 822 574 49 43 36 25 38 41 20 65 274 165 21 42 29 65 35 22 63 420 2722 20 24 94 437 26 43 393 1647 850 725 348 2718 23 36 24 32 53 36 123
internal_value=-0.00374274 -0.0644968 0.139684 0.238769 0.089822 0.200666 0.228022 0.269333 0.342654 0.744417 0.159048 0.481412 -0.109245 0.238636 -0.00807211 0.171679 0.324884 0.247592 -0.0267508 -0.00453023 -0.0983477 -0.214099 0.0734696 0.10315 0.303087 0.261027 0.449526 0.978665 0.200008 0.0902816 -0.322608 0.171488 -0.0364901 0.294346 0.181339 0.513386 0.620351 0.460474 0.618914 0.230685 0.362081 0.130205 0.0610708 0.0120713 0.12827 -0.0940678 0.242837 0.245101 0.183722 -0.0815897 -0.0976754 -0.158366 -0.104775 -0.189784 -0.0654739 0.27988 0.202363 0.337135 0.737862 0.0905335 0.0966494 -0.0999566
internal_weight=32035 22503 9532 3191 6341 1306 3138 2414 1450 130 964 109 12550 728 9953 1236 382 326 8098 6180 1918 668 1855 854 1320 1100 269 61 831 724 61 639 1250 208 630 220 178 129 100 780 338 442 5035 2313 663 115 515 275 249 8092 6681 2316 1466 741 4365 206 183 147 56 91 57 215
internal_count=32035 22503 9532 3191 6341 1306 3138 2414 1450 130 964 109 12550 728 9953 1236 382 326 8098 6180 1918 668 1855 854 1320 1100 269 61 831 724 61 639 1250 208 630 220 178 129 100 780 338 442 5035 2313 663 115 515 275 249 8092 6681 2316 1466 741 4365 206 183 147 56 91 57 215
is_linear=0
shrinkage=0.05


Tree=99
num_leaves=63
num_cat=0
split_feature=32 31 31 37 31 40 37 37 33 36 40 40 33 40 33 31 33 40 40 40 32 31 21 33 39 33 31 33 31 36 37 30 33 36 36 36 33 31 8 40 36 33 37 31 36 25 36 36 33 36 36 39 23 25 33 37 36 33 2 32 33 33
split_gain=64665.8 28881.5 23683.2 15091 12751.8 11563.2 10824.8 10011.2 8295.71 7612.55 7116.94 7302.27 7044.64 6600.91 7916.4 7229.55 6509.31 6128.19 6764.85 7270.36 5739.94 8505.35 5386.14 7835.14 6847.26 6644.02 5768.88 5153.79 8030.02 6508.51 4966.3 4513.93 5088.52 4472.97 4388.89 4860.68 4196.03 4105.33 4070.56 4841.61 3911.26 3712.45 3691.25 5057.73 3682.08 3566.95 3552.61 3551.62 3442.74 3893.42 5172.56 4397.83 3336.21 3671.99 3276.63 3068.76 3967.9 3765.22 3071.93 3044.73 4924.26 3394.32
threshold=283.95000000000005 302.05000000000007 226.05000000000004 4.5000000000000009 472.65000000000003 1.0000000180025095e-35 3.5000000000000004 4.5000000000000009 162.05000000000004 462.72500000000008 4.5000000000000009 5.5000000000000009 199.45000000000002 1.0000000180025095e-35 381.15000000000003 424.35000000000008 253.25000000000003 3.5000000000000004 2.5000000000000004 1.5000000000000002 433.05000000000007 406.85000000000008 1.0000000180025095e-35 289.05000000000007 1.0000000180025095e-35 257.05000000000007 448.25000000000006 472.55000000000007 75.15000000000002 342.98333333333341 5.5000000000000009 1.0000000180025095e-35 192.05000000000004 347.52916666666675 357.02500000000003 342.98333333333341 0.95000000000000007 472.65000000000003 1.0000000180025095e-35 1.0000000180025095e-35 217.45833333333334 453.55000000000007 3.5000000000000004 12.65 28.525000000000002 1.0000000180025095e-35 179.28000000000003 40.158333333333339 376.2000000000001 329.71250000000009 315.18333333333339 1.0000000180025095e-35 1.0000000180025095e-35 1.0000000180025095e-35 488.85000000000008 3.5000000000000004 194.51250000000002 297.15000000000003 1.0000000180025095e-35 460.75000000000006 339.05000000000007 381.15000000000003
decision_type=2 2 2 2 2 2 2 2 2 2 2 2 2 2 2 2 2 2 2 2 2 2 2 2 2 2 2 2 2 2 2 2 2 2 2 2 2 2 2 2 2 2 2 2 2 2 2 2 2 2 2 2 2 2 2 2 2 2 2 2 2 2
left_child=1 5 12 9 8 7 37 44 40 13 17 47 -2 14 22 41 -6 18 19 -7 52 -22 23 25 -25 -4 36 34 -29 54 31 38 -33 -23 35 42 -24 48 -8 -40 -5 -16 43 -14 -1 -41 -9 -12 -3 50 -50 -51 -15 -54 -30 -13 -57 -58 -59 60 -10 -62
right_child=2 6 3 4 16 10 30 46 59 -11 11 55 27 20 15 -17 -18 -19 -20 -21 21 33 26 24 -26 -27 -28 28 29 -31 -32 32 -34 -35 -36 -37 -38 -39 39 45 -42 -43 -44 -45 -46 -47 -48 -49 49 51 -52 -53 53 -55 -56 56 57 58 -60 -61 61 -63
leaf_value=-0.18160966926212729 -0.018104131459130396 -0.018394749953664632 0.19053827846017868 0.2560629237085989 0.76341487598419189 -0.0782127375010815 0.16176311030786783 0.34058270007371905 0.77724068625890597 0.73101673639069009 -0.15500920382216932 -0.1333633673592664 -0.30492910928115613 0.059427383062331918 0.12052288010716439 1.374713173816944 1.973619102239609 -0.23899015593342485 -0.033764325266248958 -0.31150401670650585 0.14495644079747497 0.766898736147129 0.67827510734399166 0.23030128081639611 -0.82946064676557274 1.1214579290151596 1.1368238794392553 -0.73375383442224462 0.11180579967796803 -0.60663546267009927 0.88356198985939438 0.013295744224028154 1.007581772535078 0.3193526114796249 0.84171615942664768 -0.57539542563583546 0.061410385866959898 0.095037013040206661 0.38485034453834216 -0.31998310455909146 -0.3868386927672795 0.85632147868474329 0.23678537548048909 0.128256474143321 0.0070674931845015401 0.33215936040878297 1.0788257496803999 0.0019365147583436616 0.21231448363076458 0.48337040867494507 1.0515346863053061 -0.34223705938568827 0.17717757759743671 0.73440692244154038 0.93802091524004938 -0.10274268548153609 0.45096298730051193 -0.10250003335638605 0.55792602783157708 0.98288429718464609 -0.32982321182886759 0.41378866601408576
leaf_weight=291 2590 6452 460 73 25 675 1096 88 77 60 418 4287 82 1821 40 29 20 1576 1311 661 667 92 51 27 35 20 29 43 30 21 23 22 31 142 23 23 60 1037 43 130 35 30 639 378 2321 25 20 2619 111 23 22 54 284 33 20 418 74 109 21 40 21 57
leaf_count=291 2590 6452 460 73 25 675 1096 88 77 60 418 4287 82 1821 40 29 20 1576 1311 661 667 92 51 27 35 20 29 43 30 21 23 22 31 142 23 23 60 1037 43 130 35 30 639 378 2321 25 20 2619 111 23 22 54 284 33 20 418 74 109 21 40 21 57
internal_value=-0.00355561 -0.0448028 0.118792 0.200482 0.515901 -0.087648 0.025538 0.00555258 0.39926 0.172192 -0.10848 -0.0806043 0.0290574 0.163415 0.293067 0.710881 1.30128 -0.160931 -0.114455 -0.193636 0.130095 0.235948 0.232417 0.161003 -0.367951 0.229327 0.50889 0.126078 -0.194528 0.132046 0.155034 0.142594 0.594859 0.495311 0.157998 0.143983 0.344835 0.00249485 0.12407 -0.084572 0.0477152 0.435865 0.159038 0.0510364 -0.0139528 -0.214799 0.477294 -0.0196648 -0.0119102 0.187321 0.351133 -0.095627 0.085487 0.235186 0.442292 -0.118305 -0.0145197 0.166251 0.00418418 0.593962 0.493595 0.213585
internal_weight=32035 23958 8077 4228 348 14889 9069 2720 303 3880 12169 7946 3849 3820 781 99 45 4223 2647 1336 3039 901 682 542 62 480 140 1259 114 71 1370 1347 53 234 1145 1122 111 7699 1294 198 108 70 1099 460 2612 155 108 3037 6662 210 133 77 2138 317 50 4909 622 204 130 195 155 78
internal_count=32035 23958 8077 4228 348 14889 9069 2720 303 3880 12169 7946 3849 3820 781 99 45 4223 2647 1336 3039 901 682 542 62 480 140 1259 114 71 1370 1347 53 234 1145 1122 111 7699 1294 198 108 70 1099 460 2612 155 108 3037 6662 210 133 77 2138 317 50 4909 622 204 130 195 155 78
is_linear=0
shrinkage=0.05


Tree=100
num_leaves=63
num_cat=0
split_feature=35 35 31 40 40 40 40 33 33 34 40 40 32 31 40 31 31 19 33 25 40 40 40 32 10 8 35 19 31 40 31 34 38 31 34 31 31 32 0 40 40 31 34 31 31 40 40 35 29 32 32 32 31 32 32 34 33 33 35 35 32 32
split_gain=116531 36582.1 13369 10018.4 8658.18 8755.57 8628.99 6755.37 9966.42 8867.89 6331.91 5901.38 6695.83 6621.04 5728.59 5385.74 8263.54 7970.14 7119.35 6037.03 5183.15 5845.59 5497.2 5148.8 4907.97 9402.34 7651.37 5105.75 4828.74 5633.2 6844.2 5304.82 5748.24 4617.02 4558.93 4459.65 4361.62 5591.41 4304.5 4278.99 5988.82 4267.97 6042.51 4799.5 4145.98 4009.26 7616.31 3910.7 5445.04 4026.35 3752.19 4161.73 4120.68 3602.98 3428.22 3771.84 3542.22 3314.47 3286.46 3211.46 3108.09 2935.41
threshold=511.05000000000007 1122.0000000000002 310.25000000000006 1.0000000180025095e-35 4.5000000000000009 5.5000000000000009 1.0000000180025095e-35 142.65000000000001 226.45000000000002 457.65000000000003 1.0000000180025095e-35 4.5000000000000009 476.25000000000006 353.75000000000006 3.5000000000000004 304.35000000000008 481.05000000000007 1.0000000180025095e-35 297.15000000000003 1.0000000180025095e-35 4.5000000000000009 3.5000000000000004 5.5000000000000009 11.050000000000002 1.0000000180025095e-35 1.0000000180025095e-35 728.6500000000002 1.0000000180025095e-35 181.95000000000002 3.5000000000000004 470.95000000000005 227.45000000000002 1.0000000180025095e-35 486.35000000000008 4.1500000000000012 5.9500000000000011 201.65000000000001 408.75000000000006 1.0000000180025095e-35 2.5000000000000004 1.5000000000000002 454.25000000000006 378.85000000000008 398.85000000000008 298.25000000000006 2.5000000000000004 1.5000000000000002 933.35000000000025 1.0000000180025095e-35 234.05000000000004 205.15000000000001 386.85000000000008 347.85000000000008 452.55000000000007 22.150000000000002 208.25000000000003 476.05000000000007 381.15000000000003 1203.6500000000003 330.45000000000005 398.85000000000008 251.15000000000001
decision_type=2 2 2 2 2 2 2 2 2 2 2 2 2 2 2 2 2 2 2 2 2 2 2 2 2 2 2 2 2 2 2 2 2 2 2 2 2 2 2 2 2 2 2 2 2 2 2 2 2 2 2 2 2 2 2 2 2 2 2 2 2 2
left_child=2 3 10 24 14 -6 7 -3 -9 15 59 12 28 -14 45 36 17 18 -17 41 21 39 -22 -7 26 53 -2 38 -8 30 50 34 -33 -4 -31 -25 -10 -38 54 40 -12 42 43 -20 61 46 57 -37 -49 -50 -30 58 -53 -26 55 -28 -56 -5 -52 -1 -48 -40
right_child=1 6 33 4 5 23 11 8 9 -11 20 -13 13 -15 -16 16 -18 -19 19 -21 22 -23 -24 35 25 -27 27 -29 29 31 -32 32 -34 -35 -36 47 37 -39 44 -41 -42 -43 -44 -45 -46 -47 60 48 49 -51 51 52 -54 -55 56 -57 -58 -59 -60 -61 -62 -63
leaf_value=-0.053873481444014694 0.10543821643570828 -0.088558525764025176 -0.016352584687876058 0.068171999431060407 0.17351349549377246 -0.28273259364810271 -0.49683249641109156 1.3819211212364404 0.55746982258719369 1.4045034907185114 -0.072063611782163042 0.34821079126002091 0.19869120024865675 1.3655612652003766 -0.092996833194419426 0.072730570573073181 -0.17289173252159551 -0.18343374702063475 0.81008391919590184 1.7141314625740052 -0.032980227533958656 -0.23945515910387899 -0.12140890103107541 -0.28857130622595889 0.13046577241516016 -0.95812363326549532 -0.53192528433759101 -0.075430991536095032 -0.044369634323649938 -0.16622522894073935 -0.38260019222895303 -0.90862831350635087 -0.013732799260239854 0.17556064878869246 0.73383257150029146 0.04365386569650978 0.34356454422076543 -0.6300722062587738 0.04807653806426309 -0.048604060388401378 -0.28816294163765066 1.4686163334619433 1.4474759244918824 -0.017951711018880209 0.34290812867028375 0.12468602021134023 -0.25413532326259886 0.2566660795376009 0.27555150771752385 -0.35680289467875387 0.29327354431152347 0.78891404325311842 -0.063026044666767131 -0.53762462464245886 0.35908561786658783 0.41680926322937017 0.81436836491028475 0.47946210562118463 1.0507869750923582 0.086180612449481123 0.05089732361050834 -0.77837568067369012
leaf_weight=1845 949 39 5080 391 2424 113 37 37 37 26 655 886 31 20 1126 26 31 22 42 23 2825 1432 4651 89 244 24 22 84 36 34 33 34 38 334 24 2594 30 29 22 1279 628 21 20 30 42 908 320 490 39 71 21 22 40 22 844 20 45 56 45 526 113 21
leaf_count=1845 949 39 5080 391 2424 113 37 37 37 26 655 886 31 20 1126 26 31 22 42 23 2825 1432 4651 89 244 24 22 84 36 34 33 34 38 334 24 2594 30 29 22 1279 628 21 20 30 42 908 320 490 39 71 21 22 40 22 844 20 45 56 45 526 113 21
internal_value=0.00657565 0.123584 -0.0711282 0.0903111 0.0656992 0.100925 0.338539 0.537656 0.602956 0.517432 -0.0971852 0.27533 0.119733 0.656287 -0.00465556 0.443272 0.582308 0.709543 0.830811 0.975739 -0.112561 -0.158546 -0.0879938 0.0491126 0.182214 -0.0103071 0.209462 0.299206 0.0445561 0.105814 0.274397 -0.149653 -0.436322 -0.00451309 0.206212 0.0605346 0.131888 -0.135003 0.33018 -0.113323 -0.177839 0.825446 0.678636 0.465069 -0.0104243 0.0509777 -0.0250759 0.0702624 0.1853 -0.132605 0.406597 0.533431 0.239275 0.0752102 0.361277 -0.0801469 0.382131 0.119698 0.80976 -0.0228029 -0.174531 -0.35554
internal_weight=32042 12787 19255 11073 8734 5820 1714 413 374 337 13841 1301 415 51 2914 311 215 184 162 136 11470 3994 7476 3396 2339 290 2049 1100 364 327 197 130 72 5414 58 3283 96 59 1016 2562 1283 113 92 72 85 1788 880 3194 600 110 164 128 62 266 931 42 889 447 66 2371 433 43
internal_count=32042 12787 19255 11073 8734 5820 1714 413 374 337 13841 1301 415 51 2914 311 215 184 162 136 11470 3994 7476 3396 2339 290 2049 1100 364 327 197 130 72 5414 58 3283 96 59 1016 2562 1283 113 92 72 85 1788 880 3194 600 110 164 128 62 266 931 42 889 447 66 2371 433 43
is_linear=0
shrinkage=0.05


Tree=101
num_leaves=63
num_cat=0
split_feature=35 35 35 37 40 40 40 36 31 36 40 10 32 40 33 33 31 31 32 6 40 40 40 36 38 40 32 29 31 14 33 31 31 9 35 36 33 31 31 8 33 32 36 0 31 36 32 31 36 40 40 40 40 40 40 31 31 32 36 32 32 33
split_gain=105368 26768.3 21861.1 9836.33 8301.72 8012.49 7597.29 7495.09 7322.22 7214.47 6960.71 6540.97 6469.72 6707.97 5853.35 8834.33 6913.13 16082.5 8604.32 5907.85 4896.58 7096.3 6036.27 4510.6 4422.98 4619.18 4650.27 3797.91 5754.08 3491.96 5115.9 3807.86 3483.3 3446.68 3399.09 5947.81 4462.85 4462.12 3675.94 3687.51 3316.4 3190.29 5400.74 3056.73 3393.39 4601.46 3050.29 3035.95 3018.45 3015.33 4172.34 4211.04 5281.59 4644.09 3261.13 2977.25 3133.71 2854.18 3660.81 6082.48 5003.9 4196.04
threshold=712.95000000000016 406.55000000000007 1122.0000000000002 5.5000000000000009 1.5000000000000002 1.0000000180025095e-35 4.5000000000000009 394.05000000000007 91.850000000000009 382.3250000000001 4.5000000000000009 1.0000000180025095e-35 476.25000000000006 3.5000000000000004 142.65000000000001 224.15000000000001 478.75000000000006 452.25000000000006 378.65000000000003 1.0000000180025095e-35 1.5000000000000002 4.5000000000000009 5.5000000000000009 139.48333333333338 1.0000000180025095e-35 5.5000000000000009 11.050000000000002 1.0000000180025095e-35 466.85000000000008 1.0000000180025095e-35 451.15000000000003 334.05000000000007 398.85000000000008 1.0000000180025095e-35 1249.5000000000002 291.51250000000005 347.55000000000007 470.95000000000005 240.95000000000002 1.0000000180025095e-35 393.85000000000008 22.150000000000002 198.01000000000002 1.0000000180025095e-35 394.65000000000003 276.51666666666671 420.85000000000008 462.55000000000007 173.16750000000005 1.0000000180025095e-35 4.5000000000000009 3.5000000000000004 2.5000000000000004 1.5000000000000002 5.5000000000000009 351.75000000000006 406.85000000000008 324.25000000000006 282.51250000000005 276.55000000000007 206.95000000000002 345.40000000000003
decision_type=2 2 2 2 2 2 2 2 2 2 2 2 2 2 2 2 2 2 2 2 2 2 2 2 2 2 2 2 2 2 2 2 2 2 2 2 2 2 2 2 2 2 2 2 2 2 2 2 2 2 2 2 2 2 2 2 2 2 2 2 2 2
left_child=1 8 4 5 11 14 7 9 -1 12 -6 41 34 -14 -4 -16 17 19 -19 29 23 48 -23 -3 25 -12 -27 -28 -29 30 33 -32 -13 -17 35 -7 -37 38 -36 55 -21 42 -2 -43 45 -45 -9 -25 -22 -10 51 52 53 -51 -52 -40 -57 58 59 60 -8 -60
right_child=2 20 3 -5 10 6 57 46 49 -11 24 32 13 -15 15 16 -18 18 -20 40 21 22 -24 47 -26 26 27 28 -30 -31 31 -33 -34 -35 37 36 -38 -39 39 -41 -42 43 -44 44 -46 -47 -48 -49 -50 50 54 -53 -54 -55 -56 56 -58 -59 61 -61 -62 -63
leaf_value=-0.13971027534099617 0.52684697444024298 0.31741316058086577 -0.084130593293752429 1.2346356371867246 -0.010396331314878337 -0.14122725995474084 0.51866537084182107 0.27878534615039829 -0.00390765837489485 -0.86271184216374941 0.23977334622030308 -0.15201125318502509 1.2358517249538141 -0.029361848123371604 1.340644721551375 0.53573684488733608 -0.21570731895044448 0.77123028863044019 2.2203207874298094 0.36033413290977478 -0.18469484368657288 0.10048509582396173 -0.012336625246274891 0.037532553009951036 0.012543456687880079 -0.36195707974525604 0.15363669283443904 -0.12329662259169452 0.63194597576345712 -0.036853378295898437 0.55243392217159271 1.3944847752308025 0.29322624854743479 -0.15861575035821826 -0.68178104602155232 0.91416206490248442 0.10263274245791965 -0.82468877285718922 0.29749670316433086 0.63508550751776927 -0.51145072182019546 0.29683492587537186 -0.43041459474621746 0.081098791907231016 0.57632156440189908 -0.79463475346565249 1.1520399427413941 0.21023554572653691 -0.043965070178550662 -0.054287447650145093 -0.00058600945956820518 -0.20702168417275046 0.0062764374578234451 -0.27975358785311349 -0.081374030210262849 -0.73817345595359807 0.038698527989564122 0.39405278973940727 -0.22799727566061462 1.0928062032770229 -0.34259198726369788 0.24804955480158106
leaf_weight=4732 23 189 39 29 1328 86 48 20 1721 23 990 164 22 20 33 120 32 21 20 20 486 1975 2966 1777 695 52 1335 254 28 25 25 29 60 21 21 32 36 24 29 21 24 1225 41 60 21 20 20 297 1764 467 2019 1020 896 447 3276 25 27 565 71 27 26 133
leaf_count=4732 23 189 39 29 1328 86 48 20 1721 23 990 164 22 20 33 120 32 21 20 20 486 1975 2966 1777 695 52 1335 254 28 25 25 29 60 21 21 32 36 24 29 21 24 1225 41 60 21 20 20 297 1764 467 2019 1020 896 447 3276 25 27 565 71 27 26 133
internal_value=0.00624687 -0.0460994 0.163299 0.321612 0.1202 0.305898 0.244169 0.0655735 -0.0885951 -0.00544716 0.0864902 0.217988 0.0520371 0.633369 0.498481 0.559891 0.483438 0.556791 1.4781 0.413708 0.0194286 -0.000757675 0.0327601 0.0835733 0.124852 0.154207 0.103451 0.118418 -0.048308 0.519487 0.590812 1.00465 -0.0327512 0.432323 -0.029079 0.135081 0.484529 -0.201056 -0.0793714 0.0446542 -0.115185 0.258395 -0.0863987 0.275037 0.0106533 -0.137835 0.715413 0.0622639 -0.0743627 -0.0640291 -0.0767637 -0.125774 -0.0799881 -0.164554 -0.0505693 -0.108421 -0.334798 0.327514 0.204253 0.450439 0.216061 0.0823666
internal_weight=32042 24032 8010 1714 6296 1685 1276 406 14578 366 4682 1614 343 42 409 370 337 305 41 264 9454 7191 4941 2263 3354 2659 1669 1617 282 220 195 54 224 141 301 154 68 147 123 102 44 1390 64 1326 101 80 40 2074 2250 9846 8125 2830 1810 914 5295 81 52 870 305 101 74 204
internal_count=32042 24032 8010 1714 6296 1685 1276 406 14578 366 4682 1614 343 42 409 370 337 305 41 264 9454 7191 4941 2263 3354 2659 1669 1617 282 220 195 54 224 141 301 154 68 147 123 102 44 1390 64 1326 101 80 40 2074 2250 9846 8125 2830 1810 914 5295 81 52 870 305 101 74 204
is_linear=0
shrinkage=0.05


Tree=102
num_leaves=63
num_cat=0
split_feature=35 35 36 37 40 40 40 40 40 40 40 36 36 32 33 33 34 33 31 31 38 4 1 38 31 32 31 34 32 33 10 8 35 19 31 34 35 37 33 37 35 29 32 21 32 32 35 36 31 31 35 33 32 36 35 32 34 33 37 32 33 32
split_gain=95710.5 29660.8 11388.4 8877.29 8236.98 7231.27 7082.06 7275.56 7078.47 7028.11 6856.56 6764.32 6511.06 5838.92 6264.39 5282.65 8077.58 8027.81 5043.2 6373.34 5015.74 4810.12 5908.81 6085.97 4740.24 4330.62 4312.58 4108.52 7306.82 6352.73 4064.52 8433.24 6272.83 4599.2 4018.62 3845.6 3817.52 3696.52 3856.17 6719.7 3396.07 4700.76 3539.21 3260.03 3219.69 2964.01 3772.31 2905.55 2893.38 4723.43 2882.77 2811.63 3113.5 2801.08 5354.77 2773.78 3367.61 2766.12 3465.56 2752.89 2747.19 2743.08
threshold=511.05000000000007 1122.0000000000002 202.21666666666673 5.5000000000000009 1.0000000180025095e-35 1.0000000180025095e-35 4.5000000000000009 5.5000000000000009 1.5000000000000002 2.5000000000000004 4.5000000000000009 394.05000000000007 382.3250000000001 476.25000000000006 341.05000000000007 142.65000000000001 457.65000000000003 220.05000000000004 478.75000000000006 462.55000000000007 1.0000000180025095e-35 1.0000000180025095e-35 1.0000000180025095e-35 1.0000000180025095e-35 363.85000000000008 11.050000000000002 486.35000000000008 216.55000000000004 414.85000000000008 245.75000000000003 1.0000000180025095e-35 1.0000000180025095e-35 728.6500000000002 1.0000000180025095e-35 5.9500000000000011 89.90000000000002 176.95000000000002 4.5000000000000009 1.3500000000000003 2.5000000000000004 933.35000000000025 1.0000000180025095e-35 234.05000000000004 1.0000000180025095e-35 452.55000000000007 433.05000000000007 1313.1500000000003 359.52500000000003 392.85000000000008 332.05000000000007 463.85000000000008 482.15000000000003 127.55000000000001 98.27500000000002 333.45000000000005 22.150000000000002 213.65000000000001 476.05000000000007 3.5000000000000004 420.85000000000008 5.9500000000000011 367.85000000000008
decision_type=2 2 2 2 2 2 2 2 2 2 2 2 2 2 2 2 2 2 2 2 2 2 2 2 2 2 2 2 2 2 2 2 2 2 2 2 2 2 2 2 2 2 2 2 2 2 2 2 2 2 2 2 2 2 2 2 2 2 2 2 2 2
left_child=2 4 8 5 30 15 20 47 36 -10 11 12 13 27 -15 -3 17 -17 19 21 -6 22 23 -19 -23 -9 -4 -7 29 -29 32 44 -2 55 -27 -25 -1 38 39 -11 -36 60 -43 -38 -32 46 -37 51 49 -49 -39 -8 -53 -41 -55 56 -34 -57 -59 -13 -42 -50
right_child=1 3 26 -5 6 10 7 25 9 37 -12 59 -14 14 -16 16 -18 18 -20 -21 -22 24 -24 35 -26 34 -28 28 -30 -31 31 -33 33 -35 40 45 43 50 -40 53 41 42 -44 -45 -46 -47 -48 48 61 -51 -52 52 -54 54 -56 57 -58 58 -60 -61 -62 -63
leaf_value=-0.083564562518663357 0.095956691460893959 -0.079924067014302963 -0.026452479216689001 1.1729038587931928 0.021202504034628759 0.25976913481612102 0.1316824400894617 -0.26001182973912335 -0.29392502116322994 -0.11076866641740735 0.3111380229245379 0.26484606266021732 -0.81957625720811933 0.019478672031651847 1.2421447554230691 1.3208975467681885 1.2784619336778469 0.55969320306101367 -0.20492196204140783 1.2195291643142703 -0.17514515657667021 1.430742472410202 1.0860057393709819 0.45253645181655888 0.34213821053504945 -0.2765925156936217 0.1581513720245637 0.52595717060129821 -0.83030947672598288 -0.18229398432609847 0.12337343049861614 -0.90749329899748177 -0.50480729927835266 -0.084164813799517499 0.039240586050838494 -0.26963914930820465 -0.03390035959022835 0.62020178156033645 -0.19889637141085278 0.20904716944470653 0.75922711032132317 0.25852779746055604 -0.33433995496639063 0.13057506508789621 -0.50818209648132329 -0.61231260629636908 0.57137711793184287 0.4522120649522206 0.2433859664213025 -0.22526495319604878 -0.13852628441084 0.99627582818269733 0.13430510109121149 -0.44255520318064001 0.063407938481548326 0.29896315050850042 0.38232074022293094 1.0629339454902542 0.20651546801839557 1.094437974691391 0.21067985395387279 0.69268761575222015
leaf_weight=1235 949 39 7660 29 2541 88 2143 113 532 6579 870 20 23 22 20 25 33 74 32 25 373 20 21 32 20 89 330 41 33 139 244 24 23 84 2594 40 659 31 1044 213 24 39 71 555 22 28 20 53 66 50 21 20 22 62 334 925 20 27 21 20 466 70
leaf_count=1235 949 39 7660 29 2541 88 2143 113 532 6579 870 20 23 22 20 25 33 74 32 25 373 20 21 32 20 89 330 41 33 139 244 24 23 84 2594 40 659 31 1044 213 24 39 71 555 22 28 20 53 66 50 21 20 22 62 334 925 20 27 21 20 466 70
internal_value=0.00593452 0.111976 -0.0644865 0.305531 0.0820159 0.290603 0.0596992 0.0915577 -0.096871 -0.117761 0.231961 0.0622948 -0.0051748 0.0494352 0.601701 0.473557 0.531897 0.458791 0.389712 0.45767 -0.00393054 0.382978 0.289311 0.203071 0.88644 0.0443271 -0.018828 -0.0276251 -0.146361 -0.0209701 0.165348 -0.00985079 0.190144 0.271403 0.0548023 -0.0168468 -0.0216715 -0.106447 -0.109102 -0.0960601 0.0640366 0.171238 -0.124141 0.0412923 0.0711395 -0.187532 0.0106996 0.157727 0.323245 0.12334 0.313792 0.139623 0.544767 0.0628356 -0.0158085 0.3008 -0.0921896 0.318167 0.688251 0.679642 0.237547 0.474644
internal_weight=32042 12787 19255 1714 11073 1685 8734 5820 11265 8816 1276 406 366 343 42 409 370 337 312 280 2914 255 215 194 40 3396 7990 301 213 180 2339 290 2049 1100 3283 120 2449 8284 8232 7188 3194 600 110 1214 266 88 60 2424 239 103 52 2185 42 609 396 1016 43 973 48 40 490 136
internal_count=32042 12787 19255 1714 11073 1685 8734 5820 11265 8816 1276 406 366 343 42 409 370 337 312 280 2914 255 215 194 40 3396 7990 301 213 180 2339 290 2049 1100 3283 120 2449 8284 8232 7188 3194 600 110 1214 266 88 60 2424 239 103 52 2185 42 609 396 1016 43 973 48 40 490 136
is_linear=0
shrinkage=0.05


Tree=103
num_leaves=63
num_cat=0
split_feature=35 35 31 37 32 36 31 33 31 33 31 35 36 32 37 36 34 34 33 33 33 38 34 32 35 25 34 32 33 34 32 36 34 33 37 33 37 31 36 36 32 31 34 1 34 31 31 36 34 38 34 31 36 35 36 8 34 36 36 34 37 24
split_gain=86378.7 26768.9 10389.6 8011.75 7548.7 6545.73 6009.04 5053.1 9011.07 5780.29 4723.04 4722.48 4695.62 4638.99 5353.91 19731.2 5952 6596.28 4942.61 7869.69 4817.72 6098.01 5294.45 17793.7 6841.58 4297.78 6244.76 4295.5 4289.85 4269.78 3747.13 4746.84 3888.41 7180.31 3699.11 4593.83 6413.58 3672.43 3625.55 3540.36 3428.09 4292.29 3469.02 4190.52 3330.92 3293.69 3260.07 6360.94 3244.01 3125.35 3119.52 3090.36 3513 3025.2 2983.49 2938.63 2929.64 4312.6 2895.5 2862.49 2854.26 2777.71
threshold=511.05000000000007 1122.0000000000002 310.25000000000006 5.5000000000000009 6.2500000000000009 444.47500000000008 12.65 142.65000000000001 382.95000000000005 174.55000000000004 334.05000000000007 712.95000000000016 17.225000000000005 294.25000000000006 4.5000000000000009 313.22500000000008 382.75000000000006 175.70000000000002 303.30000000000001 249.45000000000002 328.85000000000008 1.0000000180025095e-35 354.95000000000005 398.85000000000008 1531.0000000000002 1.0000000180025095e-35 327.35000000000008 362.45000000000005 482.15000000000003 169.45000000000002 482.05000000000007 376.6375000000001 104.25000000000001 363.85000000000008 4.5000000000000009 1.3500000000000003 2.5000000000000004 493.85000000000008 288.61000000000007 92.112500000000011 422.85000000000008 444.75000000000006 260.25000000000006 1.0000000180025095e-35 411.7000000000001 495.85000000000008 341.85000000000008 382.3250000000001 7.6500000000000012 1.0000000180025095e-35 26.150000000000002 382.95000000000005 406.77500000000003 455.95000000000005 225.27083333333334 1.0000000180025095e-35 389.75000000000006 288.61000000000007 268.21666666666675 125.75000000000001 5.5000000000000009 1.0000000180025095e-35
decision_type=2 2 2 2 2 2 2 2 2 2 2 2 2 2 2 2 2 2 2 2 2 2 2 2 2 2 2 2 2 2 2 2 2 2 2 2 2 2 2 2 2 2 2 2 2 2 2 2 2 2 2 2 2 2 2 2 2 2 2 2 2 2
left_child=2 4 12 5 28 7 -6 8 10 -9 -3 -8 -1 -11 18 16 17 59 19 29 21 -20 24 -24 30 26 -19 -21 -2 -15 32 -32 46 -34 35 36 53 -4 -18 -36 45 42 43 48 -25 60 47 -22 -42 -29 -50 -48 -53 -14 -44 -52 57 -10 -47 -16 -13 -43
right_child=1 3 37 -5 6 -7 11 9 56 13 -12 40 34 14 15 -17 38 25 20 27 22 -23 23 44 -26 -27 -28 49 -30 -31 31 -33 33 -35 39 -37 -38 -39 -40 -41 41 61 54 -45 -46 58 51 -49 50 -51 55 52 -54 -55 -56 -57 -58 -59 -60 -61 -62 -63
leaf_value=-0.17554187430549817 -0.23608010212580363 -0.12627780735492708 -0.0093201908998610458 1.1142586605302218 -0.092723179044096229 1.1328818665309386 0.053107873079220373 0.88427377603948121 0.024919931726022203 0.14245265776806168 -1.1132065260952169 0.1007318735794643 -0.082168970076858083 -0.30994287803769116 0.44392864298203905 2.0495501482486724 0.26805678062579213 1.2846395339605943 0.37667588268717134 0.20887506630109703 0.9585677415132523 -0.67078767491109448 1.2147033145030341 0.48323562592267993 -0.70478586015247169 0.21676334350005441 0.24774109840393069 0.72641659286287097 0.52437282472848901 0.44214095654694935 0.98302842306368277 0.021410845432962691 0.7973292493820191 -0.23878205545319645 0.57784748290266308 -0.16259715184489074 0.077749589520872395 0.24747758057046607 -0.58034076422452929 -0.14798904763800758 0.16387599122947707 0.50422596490546456 -0.69359411512102398 -0.36223060871873586 -0.31041787343147476 -0.74679498331887384 -0.24060923323819511 0.022845801711082459 0.99068653753825608 1.3852615681042275 0.17667748806732886 0.085326026887008827 0.591535938966949 0.04726436811737543 0.045612225012901506 0.81886990821879846 -0.028112560025481292 0.9760985411130465 0.0042435153415708833 -0.30300328835197121 0.4769293964785688 -0.12408693119883539
leaf_weight=1278 255 27 5271 29 458 22 4402 40 22 456 22 4432 9905 32 29 20 34 53 24 23 42 33 54 20 21 23 20 45 20 46 33 21 20 102 42 1392 723 143 20 28 1017 146 21 35 39 21 38 32 21 30 79 97 53 473 39 23 43 26 33 23 51 20
leaf_count=1278 255 27 5271 29 458 22 4402 40 22 456 22 4432 9905 32 29 20 34 53 24 23 42 33 54 20 21 23 20 45 20 46 33 21 20 102 42 1392 723 143 20 28 1017 146 21 35 39 21 38 32 21 30 79 97 53 473 39 23 43 26 33 23 51 20
internal_value=0.0056378 0.106378 -0.0612622 0.290255 0.0779151 0.276073 0.0845033 0.264738 -0.0227292 0.291163 -0.569389 0.0923534 -0.0842328 0.275166 0.334092 0.551483 0.40316 0.567102 0.274141 0.508358 0.208605 -0.22975 0.252287 0.558871 0.17681 0.812774 1.00056 0.80664 -0.180774 0.133594 0.219078 0.609066 0.164236 -0.0689277 -0.0749442 -0.0769751 -0.0662386 -0.00253739 -0.0461645 0.287513 0.121447 0.189813 0.157727 0.176664 -0.0413828 0.100336 0.272808 0.553931 0.193209 0.989955 0.435739 0.162154 0.264187 -0.0762698 -0.21311 0.321486 0.271626 0.540142 -0.287827 0.113555 0.105012 0.428526
internal_weight=32042 12787 19255 1714 11073 1685 10798 1663 140 1523 49 10340 13841 1483 1027 222 202 148 805 176 629 57 572 113 459 96 73 98 275 78 438 54 384 122 12563 12493 11101 5414 54 70 5938 1401 1235 1175 59 4537 262 74 1140 75 123 188 150 10378 60 102 91 48 54 52 4483 166
internal_count=32042 12787 19255 1714 11073 1685 10798 1663 140 1523 49 10340 13841 1483 1027 222 202 148 805 176 629 57 572 113 459 96 73 98 275 78 438 54 384 122 12563 12493 11101 5414 54 70 5938 1401 1235 1175 59 4537 262 74 1140 75 123 188 150 10378 60 102 91 48 54 52 4483 166
is_linear=0
shrinkage=0.05


Tree=104
num_leaves=63
num_cat=0
split_feature=35 35 35 37 35 37 33 18 34 34 32 33 33 35 34 33 33 33 34 34 37 33 33 34 32 32 33 35 21 37 35 33 33 37 35 33 37 35 35 35 19 22 14 35 33 35 32 33 21 34 33 34 33 33 38 33 34 38 34 29 34 32
split_gain=78183 27036.9 7264.6 7230.6 6893.05 6532.9 4921.24 5529.71 5367.77 9506.79 5144.76 6910.11 6971.13 6370.43 4783.96 11152.5 4728.74 4715.58 4386.82 4096.49 4571.2 4576.35 4025.62 4606.19 3895.26 3650.45 3404.6 6581.95 4202.98 3265.82 3139.01 2807.63 3029.85 2788.28 2693.68 2686.28 3769.46 5172.65 4170 2643.75 2544.57 3275.87 3514.89 3760.58 3582.08 2519.27 2502.61 3937.09 5312.7 7015.47 9666.77 5083.43 4342.08 7481.56 5580.66 5453.39 4247.81 3383.13 3687.06 3466.59 3207.16 2655.14
threshold=461.4500000000001 1122.0000000000002 712.95000000000016 5.5000000000000009 153.05000000000004 4.5000000000000009 142.65000000000001 1.0000000180025095e-35 437.80000000000001 415.05000000000007 290.45000000000005 382.80000000000001 283.45000000000005 1531.0000000000002 403.55000000000007 370.25000000000006 119.55000000000001 3.0500000000000003 389.75000000000006 2.5500000000000003 3.5000000000000004 1.3500000000000003 222.35000000000005 485.05000000000001 376.75000000000006 6.2500000000000009 0.95000000000000007 495.25000000000006 1.0000000180025095e-35 4.5000000000000009 656.45000000000016 379.65000000000003 274.45000000000005 3.5000000000000004 3.4500000000000006 1.0000000180025095e-35 2.5000000000000004 281.55000000000007 415.05000000000007 690.95000000000016 1.0000000180025095e-35 1.0000000180025095e-35 1.0000000180025095e-35 1055.7500000000002 172.55000000000004 958.55000000000007 340.25000000000006 303.30000000000001 1.0000000180025095e-35 195.35000000000005 409.65000000000003 76.250000000000014 465.45000000000005 436.05000000000007 1.0000000180025095e-35 328.85000000000008 258.25000000000006 1.0000000180025095e-35 245.35000000000005 1.0000000180025095e-35 104.25000000000001 436.65000000000003
decision_type=2 2 2 2 2 2 2 2 2 2 2 2 2 2 2 2 2 2 2 2 2 2 2 2 2 2 2 2 2 2 2 2 2 2 2 2 2 2 2 2 2 2 2 2 2 2 2 2 2 2 2 2 2 2 2 2 2 2 2 2 2 2
left_child=4 2 19 6 17 35 7 16 9 14 22 12 -12 -13 46 -16 18 34 -3 20 26 -22 -10 -24 -20 33 -2 -28 -29 39 -30 32 -11 -4 -1 36 -6 -38 -39 -21 -27 42 43 44 -42 -46 -8 57 52 51 -51 -50 53 55 -55 -49 -57 59 -59 -48 61 -54
right_child=1 3 25 -5 5 -7 8 -9 10 31 11 13 -14 -15 15 -17 -18 -19 24 29 21 -23 23 -25 -26 40 27 28 30 -31 -32 -33 -34 -35 -36 -37 37 38 -40 -41 41 -43 -44 -45 45 -47 47 48 49 50 -52 -53 60 54 -56 56 -58 58 -60 -61 -62 -63
leaf_value=-0.23852297384099863 0.052169281870670464 0.4059723595778148 -0.55641928883269431 1.058545729209637 -0.04905474311232827 0.58274935211350287 0.16117774777123894 0.59318702262023404 0.91921110391616834 -0.44723831549996423 0.97910014614462859 0.56783265416355178 0.0091995924711227427 1.6779562553789997 -0.0016463766495386761 1.5073164081573487 -0.83860546296293093 -0.57763742994178424 0.11136887934472826 -0.20478924159796963 0.90369257699875605 0.15102169164005788 0.36147456873871692 -0.36599621147878714 -0.74607878040808906 0.11568339566660164 -0.34485939682594369 0.038481762290065148 -0.11070032535741728 0.085453640203922987 -0.59758900284767147 -0.54437917648326783 0.34136234480759198 -0.027720544737788427 -0.1012551521365483 -0.12479395908770084 0.30700359953788381 -0.12073216253839847 0.22509729274213314 0.14541781688890151 0.21152698331409031 0.43078145563602449 0.49747593253850941 -0.82988631895610276 -0.47798874428209209 0.048169496059417727 0.5039605918453961 -0.33841712325811391 0.45081333014700153 0.39264093160629276 1.6170770830578274 -0.25933336396302498 0.38783377393566332 0.0029159140128355763 -0.90416190127531681 0.16461951872033459 0.67608339309692389 0.4390610339180116 1.2102210276549863 -0.2160244013581957 0.069526894054105212 1.0987970819075903
leaf_weight=388 4175 36 32 29 10414 41 392 29 20 21 32 24 44 28 24 25 22 55 27 412 21 527 73 31 26 5926 154 1160 192 192 40 42 29 113 4531 1078 177 288 125 62 54 30 20 21 65 35 82 40 90 40 27 35 29 39 30 155 55 31 31 21 31 24
leaf_count=388 4175 36 32 29 10414 41 392 29 20 21 32 24 44 28 24 25 22 55 27 412 21 527 73 31 26 5926 154 1160 192 192 40 42 29 113 4531 1078 177 288 125 62 54 30 20 21 65 35 82 40 90 40 27 35 29 39 30 155 55 31 31 21 31 24
internal_value=0.00535591 0.0888928 0.0646876 0.275742 -0.0676662 -0.0473303 0.262269 -0.0215927 0.287992 0.246848 0.499098 0.721459 0.417579 1.16559 0.284372 0.768233 -0.182211 -0.11723 -0.019956 0.0293865 0.0419118 0.179865 0.269564 0.144632 -0.309266 0.103572 0.0286976 -0.0346879 -0.000372973 -0.0885138 -0.194647 -0.243005 0.0101501 -0.144399 -0.112083 -0.0494685 -0.0420893 0.0808575 -0.0160622 -0.158982 0.109417 -0.0556246 -0.130456 -0.20222 -0.116629 -0.293833 0.263791 0.316718 0.256789 0.473246 0.88607 0.251972 0.153664 0.0694445 -0.391466 0.196656 0.298574 0.532824 0.824641 0.357168 0.473496 0.709779
internal_weight=32042 14945 13231 1714 17097 12123 1685 140 1545 1293 252 128 76 52 1201 49 111 4974 89 6935 6269 548 124 104 53 6296 5721 1546 1392 666 232 92 50 145 4919 12082 11004 590 413 474 6151 225 195 175 154 100 1152 760 595 192 67 125 403 319 69 250 210 165 62 103 84 53
internal_count=32042 14945 13231 1714 17097 12123 1685 140 1545 1293 252 128 76 52 1201 49 111 4974 89 6935 6269 548 124 104 53 6296 5721 1546 1392 666 232 92 50 145 4919 12082 11004 590 413 474 6151 225 195 175 154 100 1152 760 595 192 67 125 403 319 69 250 210 165 62 103 84 53
is_linear=0
shrinkage=0.05


Tree=105
num_leaves=63
num_cat=0
split_feature=35 35 37 36 31 35 31 32 32 35 29 33 6 32 36 32 36 24 31 34 31 31 31 33 31 34 34 36 35 33 32 33 30 32 34 32 32 2 36 23 36 31 34 35 33 35 34 14 21 31 36 36 31 35 32 36 31 31 31 34 31 34
split_gain=65360.5 17774.2 12539.9 7763.71 6146.05 5288.88 4317.4 4092.35 3967.93 7262.91 3772.26 6534.98 6401.11 5941.36 5188.54 5268.89 5268.49 4641.66 4472.47 4388.4 4769.49 3780.64 6047.57 5834.25 4691.89 3624.64 7732.77 6480.64 5513.65 4988.1 4933.54 11796.3 5430.52 6427.29 5131.99 5051.08 9095.67 4892.91 5416.25 4369.71 4092.54 4486 4083.94 4008.67 6565.04 3910.64 8948.93 3864.06 3793.62 3781.51 5663.97 5291.85 4697.17 4130.89 3566.84 4515.92 4242.28 4611.75 3621.12 3681.25 4294.76 3932.61
threshold=759.00000000000011 406.55000000000007 5.5000000000000009 462.72500000000008 142.45000000000002 978.05000000000007 484.75000000000006 4.1500000000000012 492.65000000000003 1313.1500000000003 1.0000000180025095e-35 345.40000000000003 1.0000000180025095e-35 191.75000000000003 347.52916666666675 436.65000000000003 223.16250000000005 1.0000000180025095e-35 8.2500000000000018 461.10000000000008 458.45000000000005 187.85000000000005 341.85000000000008 279.65000000000003 288.25000000000006 29.350000000000005 241.35000000000005 327.63333333333338 1032.6500000000003 203.35000000000005 458.65000000000003 392.15000000000003 1.0000000180025095e-35 324.25000000000006 310.45000000000005 401.15000000000003 380.65000000000003 1.0000000180025095e-35 315.18333333333339 1.0000000180025095e-35 261.05833333333339 462.55000000000007 80.850000000000009 1083.5500000000002 353.65000000000003 1055.7500000000002 206.45000000000002 1.0000000180025095e-35 1.0000000180025095e-35 462.55000000000007 359.52500000000003 298.01666666666671 444.75000000000006 1397.9500000000003 53.95000000000001 266.78333333333336 158.95000000000002 75.15000000000002 426.45000000000005 433.65000000000003 384.75000000000006 392.15000000000003
decision_type=2 2 2 2 2 2 2 2 2 2 2 2 2 2 2 2 2 2 2 2 2 2 2 2 2 2 2 2 2 2 2 2 2 2 2 2 2 2 2 2 2 2 2 2 2 2 2 2 2 2 2 2 2 2 2 2 2 2 2 2 2 2
left_child=1 4 3 5 -1 7 -5 -2 10 -10 18 12 14 -13 15 16 -12 -15 -7 25 21 -21 24 -24 -23 27 42 28 29 -20 32 34 35 -34 -32 36 47 38 48 -29 -30 -42 -27 44 -41 46 -44 49 -37 50 52 -51 53 54 55 -28 57 -56 59 60 61 -58
right_child=2 -3 -4 6 -6 8 -8 -9 9 -11 11 13 -14 17 -16 -17 -18 -19 19 20 -22 22 23 -25 -26 26 30 39 40 -31 31 -33 33 -35 -36 37 -38 -39 -40 43 41 -43 45 -45 -46 -47 -48 -49 -50 51 -52 -53 -54 -55 56 -57 58 -59 -60 -61 -62 -63
leaf_value=-0.10658711335979387 -0.29971889721996642 0.014153427027684216 0.71410985342277 1.0625798169304344 -0.041560502487354628 -0.36083542575292732 0.24671600864779566 0.091723733421619089 0.16420144224539401 -0.7583614379167557 0.67388413803918024 0.63547474601689513 -0.76266973313930286 0.18705374556960483 -0.57057479073603945 0.60956428372546245 -0.18621806185513448 -0.54403771686553959 -0.52285899718602502 0.69403964301996068 1.1768613541126252 0.18245826390656561 0.97293935032451861 -0.01153918123907513 -0.77357751925786333 -0.46942266637974606 0.20181693167522036 0.1025621702139876 1.0710489138960839 0.31688045454876768 -0.36244083788731829 1.5542120278529499 0.18624485484484971 1.3054832002390988 0.54001417326927192 0.91751133561134335 0.96199054200398304 -0.67851286203630512 -0.38073605132657429 0.67677802954401289 0.38515098486573268 1.0350428599864245 0.52090093077615252 0.7836685430407524 -0.45017517805099488 -0.07817166973751434 -0.52252966033087833 -0.42066210795331882 0.058646647963258962 0.30322334650748722 1.0175871269269423 -0.73620881557464601 0.81372048752061255 -0.46742206239700324 0.42254922161810105 -0.76094578603903462 0.34107196545510582 -0.32989628494584133 -0.30787409454584125 0.85244425567420756 0.72952919565901464 -0.19152769674646095
leaf_weight=6642 68 10522 93 34 8023 34 31 3689 64 32 21 68 34 165 36 38 117 25 21 57 20 33 34 27 21 47 29 464 37 112 23 23 29 23 50 20 38 31 43 28 156 32 86 50 24 273 27 27 36 24 22 25 29 25 32 21 132 56 20 37 49 47
leaf_count=6642 68 10522 93 34 8023 34 31 3689 64 32 21 68 34 165 36 38 117 25 21 57 20 33 34 27 21 47 29 464 37 112 23 23 29 23 50 20 38 31 43 28 156 32 86 50 24 273 27 27 36 24 22 25 29 25 32 21 132 56 20 37 49 47
internal_value=0.00210511 -0.0354337 0.137388 0.12961 -0.071012 0.124435 0.673476 0.0846388 0.173073 -0.14332 0.183273 0.0585937 -0.125788 0.2344 -0.0236472 0.0882244 -0.0553329 0.0908575 0.208672 0.216608 0.446051 0.361073 0.196038 0.537187 -0.189333 0.197011 0.143972 0.273011 0.439509 0.18429 0.228208 0.566786 0.187323 0.681293 0.255679 0.152752 0.212788 -0.130339 0.0413117 0.167699 0.590372 0.495771 -0.0293639 0.46401 0.156646 0.0242184 0.271586 0.163275 0.365384 0.192046 0.233205 -0.227099 0.197028 0.157108 0.194018 -0.202543 0.247177 -0.0562797 0.340876 0.389838 0.314766 0.201227
internal_weight=32176 25187 6989 6896 14665 6831 65 3757 3074 96 2978 504 246 258 212 176 138 190 2474 2440 192 172 115 61 54 2248 1324 924 358 133 891 96 795 52 73 743 613 130 99 566 225 188 433 102 52 386 113 575 56 548 499 49 477 448 423 50 373 88 285 265 228 179
internal_count=32176 25187 6989 6896 14665 6831 65 3757 3074 96 2978 504 246 258 212 176 138 190 2474 2440 192 172 115 61 54 2248 1324 924 358 133 891 96 795 52 73 743 613 130 99 566 225 188 433 102 52 386 113 575 56 548 499 49 477 448 423 50 373 88 285 265 228 179
is_linear=0
shrinkage=0.05


Tree=106
num_leaves=63
num_cat=0
split_feature=35 35 37 40 40 40 11 35 31 1 40 33 40 40 31 24 35 40 31 40 35 35 34 39 36 33 32 32 34 34 31 14 32 31 34 36 36 35 21 36 32 35 35 36 32 33 5 33 2 35 31 16 36 32 36 33 33 33 31 36 35 11
split_gain=58987.8 16041.2 11317.3 9262.6 7422.56 5643.72 9521.05 5624.97 5546.81 5383.48 5220.57 5217.75 5198.86 7400.63 4458.56 4275.02 6128.26 5722.58 5924.46 5345.45 4317.47 9513.58 5745.53 4181.72 4073.86 4015.03 3967.72 9635.06 4468.63 5821.76 5666.2 4222.29 3796.78 3696.74 3681.72 3668.45 3576.68 4492.96 3713.72 5862.96 7961.85 5499.53 7147.48 4567.54 4472.1 4012.91 6025.09 3880.93 4018.04 8226.26 5479.24 3551.95 3754.75 7466.6 7465.72 4756.76 3725.37 5933.63 4628.02 3461.26 3457.1 3361.23
threshold=759.00000000000011 406.55000000000007 5.5000000000000009 1.0000000180025095e-35 4.5000000000000009 5.5000000000000009 1.0000000180025095e-35 1055.7500000000002 142.45000000000002 1.0000000180025095e-35 1.5000000000000002 431.45000000000005 1.5000000000000002 2.5000000000000004 138.15000000000001 1.0000000180025095e-35 1455.95 2.5000000000000004 380.65000000000003 3.5000000000000004 1249.5000000000002 1170.4500000000003 310.45000000000005 1.0000000180025095e-35 458.45000000000005 485.45000000000005 454.55000000000007 491.15000000000003 273.55000000000007 141.60000000000002 388.85000000000008 1.0000000180025095e-35 123.35000000000001 345.95000000000005 333.45000000000005 139.48333333333338 444.47500000000008 1531.0000000000002 1.0000000180025095e-35 256.81666666666672 324.25000000000006 860.05000000000007 894.95000000000016 211.48750000000004 333.65000000000003 291.45000000000005 1.0000000180025095e-35 309.05000000000007 1.0000000180025095e-35 1351.1500000000003 378.65000000000003 1.0000000180025095e-35 305.71666666666675 302.35000000000008 340.75000000000006 185.65000000000001 142.65000000000001 27.550000000000004 306.25000000000006 234.53750000000005 894.95000000000016 1.0000000180025095e-35
decision_type=2 2 2 2 2 2 2 2 2 2 2 2 2 2 2 2 2 2 2 2 2 2 2 2 2 2 2 2 2 2 2 2 2 2 2 2 2 2 2 2 2 2 2 2 2 2 2 2 2 2 2 2 2 2 2 2 2 2 2 2 2 2
left_child=1 8 3 36 15 6 25 14 -1 24 -4 -9 35 -14 -8 16 20 -17 33 -20 21 -5 -23 -12 -7 26 28 34 29 32 31 -30 -6 59 -28 -3 37 38 45 41 -41 44 -43 -44 -40 46 51 -47 49 -49 -50 52 53 -2 -54 -56 57 -55 60 -19 -58 -22
right_child=2 12 10 4 5 9 7 11 -10 -11 23 -13 13 -15 -16 17 -18 18 19 -21 61 22 -24 -25 -26 -27 27 -29 30 -31 -32 -33 -34 -35 -36 -37 -38 -39 39 40 -42 42 43 -45 -46 47 -48 48 50 -51 -52 -53 54 56 55 -57 58 -59 -60 -61 -62 -63
leaf_value=-0.10125775741162878 -0.17219972812703677 0.28850527990292363 1.372060299487341 0.013616908983793911 -0.24925884805295781 0.081502246788581922 0.82749573402106769 1.0507689263671638 -0.039482477119801268 -0.51920874626753299 0.11565149979371775 0.12554639887064697 -0.20235245251953235 0.0055045368822508739 0.15334338621724219 -0.49305107405068738 0.69450747311115268 -0.43605195131243735 0.87165760646263757 -0.09808599463215581 -0.11617887883665079 0.23765059019389906 1.0589070697041121 0.8789289186544279 0.72368477725982672 0.66036202303673097 0.44763569219754296 -0.25074763251285925 0.2310425346109474 -0.25615011389999498 0.74306416643353612 -0.52878852128982545 0.14255397378991383 -0.74423251256346701 1.1763446432352065 0.058918000133608407 0.71603454061456639 -0.37728378272825674 0.80284650306232652 0.019488482941419652 0.86416796263383366 -0.60295931373632727 0.59573370814323423 0.061438826578004029 0.0088106627464294429 0.82579406884408779 0.47818185385494005 0.24816716651207416 -0.33781601770481628 1.1390005416103772 0.62629716113209732 0.42660523212204382 -0.78509605271475658 0.79313739594959076 -0.15585971292009396 0.63298562071893527 -0.11793876558542252 -0.23622049547377089 1.2784256649017334 0.14245370739272664 0.81172493591904638 -0.74028178197996963
leaf_weight=6642 126 188 21 1162 69 2032 32 64 8023 37 38 20 454 7545 105 93 35 41 30 27 94 57 34 34 25 38 130 51 213 137 52 20 595 25 20 2335 37 31 61 39 98 31 56 140 25 31 84 348 56 28 20 48 42 21 113 23 20 42 20 70 20 28
leaf_count=6642 126 188 21 1162 69 2032 32 64 8023 37 38 20 454 7545 105 93 35 41 30 27 94 57 34 34 25 38 130 51 213 137 52 20 595 25 20 2335 37 31 61 39 98 31 56 140 25 31 84 348 56 28 20 48 42 21 113 23 20 42 20 70 20 28
internal_value=0.00199986 -0.033662 0.130518 0.12313 0.0917973 0.132051 0.204508 0.508331 -0.0674614 0.0785549 0.678404 0.830478 0.0134458 -0.00629282 0.31081 0.00540466 0.0411566 -0.170855 -0.0155999 0.412305 0.0245259 0.0521722 0.544494 0.476088 0.0893071 0.153833 0.138877 0.342942 0.101108 0.0406095 0.271143 0.165821 0.101838 -0.194943 0.544797 0.0760256 0.230302 0.218502 0.230881 0.350918 0.623712 0.231517 0.102514 0.214095 0.572022 0.179041 0.0878328 0.284601 0.247483 0.314506 -0.084102 0.0188026 -0.0270394 0.0983201 -0.202402 -0.022452 0.375438 0.106899 0.657404 -0.0712286 0.346893 -0.259416
internal_weight=32176 25187 6989 6896 5336 3640 1546 221 14665 2094 93 84 10522 7999 137 1696 1410 286 193 57 1375 1253 91 72 2057 1325 1287 201 1086 801 285 233 664 136 150 2523 1560 1523 1492 450 137 313 227 196 86 1042 559 483 452 376 76 475 427 249 178 136 123 63 60 111 40 122
internal_count=32176 25187 6989 6896 5336 3640 1546 221 14665 2094 93 84 10522 7999 137 1696 1410 286 193 57 1375 1253 91 72 2057 1325 1287 201 1086 801 285 233 664 136 150 2523 1560 1523 1492 450 137 313 227 196 86 1042 559 483 452 376 76 475 427 249 178 136 123 63 60 111 40 122
is_linear=0
shrinkage=0.05


Tree=107
num_leaves=63
num_cat=0
split_feature=35 35 37 40 40 31 40 40 35 40 40 40 5 34 39 16 38 31 31 34 34 28 36 36 33 34 31 35 30 34 40 31 36 35 35 23 33 31 39 33 19 33 37 34 30 12 33 34 33 33 4 35 31 31 7 34 5 2 35 33 31 36
split_gain=53236.5 14555.2 10213.8 8359.49 6698.86 5733.07 5093.46 4711.56 4689.52 4440.38 4129.66 6634.07 3936.92 8028.02 3774 3627.12 4196.36 6877.86 9085.96 8368.72 6081.98 4727.15 4463.84 3574.22 4135.45 6929.21 4702.95 5515.85 3505.42 3366.09 3333.49 3334.2 3227.96 4054.9 3199.06 3189.48 5127.62 4140.97 5518.75 4359.87 3024.93 3636.09 2997.33 2993.45 3638.83 2978.52 3902.16 3384.32 4598.47 6522.48 5625.01 3669.59 3148.91 4119.99 2975.56 5341.99 3755.57 3195.53 3987.86 3247.68 3982.49 4626.22
threshold=759.00000000000011 439.9500000000001 5.5000000000000009 1.0000000180025095e-35 4.5000000000000009 248.95000000000002 5.5000000000000009 1.5000000000000002 1069.4000000000003 1.0000000180025095e-35 1.5000000000000002 2.5000000000000004 1.0000000180025095e-35 459.35000000000008 1.0000000180025095e-35 1.0000000180025095e-35 1.0000000180025095e-35 368.25000000000006 312.25000000000006 295.2000000000001 133.15000000000001 1.0000000180025095e-35 305.71666666666675 458.45000000000005 385.45000000000005 447.05000000000007 434.55000000000007 1397.9500000000003 1.0000000180025095e-35 382.75000000000006 1.5000000000000002 308.35000000000008 444.47500000000008 1531.0000000000002 330.45000000000005 1.0000000180025095e-35 349.40000000000003 138.15000000000001 1.0000000180025095e-35 365.95000000000005 1.0000000180025095e-35 55.850000000000001 4.5000000000000009 403.55000000000007 1.0000000180025095e-35 1.0000000180025095e-35 395.45000000000005 320.75000000000006 492.55000000000007 487.15000000000003 1.0000000180025095e-35 1187.8500000000001 279.95000000000005 144.45000000000002 1.0000000180025095e-35 354.95000000000005 1.0000000180025095e-35 1.0000000180025095e-35 1313.1500000000003 152.60000000000002 349.95000000000005 276.51666666666671
decision_type=2 2 2 2 2 2 2 2 2 2 2 2 2 2 2 2 2 2 2 2 2 2 2 2 2 2 2 2 2 2 2 2 2 2 2 2 2 2 2 2 2 2 2 2 2 2 2 2 2 2 2 2 2 2 2 2 2 2 2 2 2 2
left_child=1 5 3 32 12 9 8 -4 35 34 40 -12 -5 30 -9 16 17 18 21 20 22 29 -19 24 28 26 27 45 -8 -10 31 -14 33 54 -1 37 -37 38 -6 -40 -3 -42 -11 44 -18 46 -26 48 49 50 51 52 53 -48 57 56 -56 59 -59 60 61 -2
right_child=2 10 7 4 6 -7 23 14 15 42 11 -13 13 -15 -16 -17 43 19 -20 -21 -22 -23 -24 -25 25 -27 -28 -29 -30 -31 -32 -33 -34 -35 -36 36 -38 -39 39 -41 41 -43 -44 -45 -46 -47 47 -49 -50 -51 -52 -53 -54 -55 55 -57 -58 58 -60 -61 -62 -63
leaf_value=-0.036861960260724913 0.027973155559199617 0.091967009555886603 1.3034572802838826 -0.029246773398747358 0.080809774007890134 -0.018743498018366285 0.12261563002739712 0.10986891769264873 0.94454357318389115 -0.097779217120964657 -0.1995473516353764 0.01205422746565038 0.044178905270316385 1.140141359269619 0.83498246371746065 0.8568597574532032 -0.095576077171667356 1.2128946515421073 -0.47316991954277726 1.3406030130386353 -0.29295367923649879 -0.23477090358734132 0.37171473882930434 0.65721425004303458 -0.62469003408765189 0.70887432160048647 0.22890932168623412 -0.88892098863919589 -0.44220601149967742 0.24007007370392486 0.020947824701734258 0.89635243676602849 0.6802327953480386 -0.3584196088775512 0.15605360551711067 0.09509895519087358 -0.57059590587249165 0.12051437640323598 0.37484156712889671 1.0742862234244475 0.11515130123921805 -0.4909173245429993 0.43985557604867681 0.46920399520132278 0.63001602917909627 0.32528067173229325 0.19491825592876585 0.41028129756450654 -0.71401697751134641 0.74527594718066137 -0.61247282927890989 -0.54504269649905546 0.28646783852615421 -0.40246686219207706 0.19305824589979204 0.9368643712353063 0.87608823355125343 0.07927378937108627 -0.65609627678280791 0.27549678197523947 0.21541955924739004 -0.72661097347736359
leaf_weight=1569 82 2071 21 1409 77 5479 1451 38 39 8857 393 6444 22 20 34 30 127 24 39 35 22 20 46 26 39 29 99 24 28 30 221 24 37 31 249 112 39 748 56 37 49 50 26 45 20 36 54 30 32 22 53 31 78 62 161 37 23 151 21 786 204 27
leaf_count=1569 82 2071 21 1409 77 5479 1451 38 39 8857 393 6444 22 20 34 30 127 24 39 35 22 20 46 26 39 29 99 24 28 30 221 24 37 31 249 112 39 748 56 37 49 50 26 45 20 36 54 30 32 22 53 31 78 62 161 37 23 151 21 786 204 27
internal_value=0.00189987 -0.0319789 0.123992 0.116973 0.0872074 -0.060338 0.125448 0.644484 0.194283 -0.0816347 0.0189648 -0.000108917 0.00513443 0.173926 0.452284 0.324648 0.288929 0.421862 0.163205 0.682555 0.432211 0.442066 0.660119 0.0746272 0.0673026 -0.0447399 -0.0837664 -0.150914 0.111923 0.638251 0.10155 0.488791 0.218787 0.207577 -0.0104395 0.136113 -0.0768355 0.17114 0.393895 0.653115 0.07906 -0.190944 -0.0962056 0.112377 0.00314394 -0.110382 -0.149494 -0.0982991 -0.144255 -0.0834806 -0.149066 -0.0399075 0.04081 -0.124374 0.219337 0.388671 0.278437 0.189893 -0.0105098 0.221257 0.0850508 -0.158942
internal_weight=32176 25187 6989 6896 5336 16180 3640 93 1546 10701 9007 6837 1696 287 72 477 447 255 128 127 92 89 70 2094 2068 589 560 461 1479 69 267 46 1560 1523 1818 1069 151 918 170 93 2170 99 8883 192 147 437 401 362 332 300 278 225 194 116 1492 221 184 1271 172 1099 313 109
internal_count=32176 25187 6989 6896 5336 16180 3640 93 1546 10701 9007 6837 1696 287 72 477 447 255 128 127 92 89 70 2094 2068 589 560 461 1479 69 267 46 1560 1523 1818 1069 151 918 170 93 2170 99 8883 192 147 437 401 362 332 300 278 225 194 116 1492 221 184 1271 172 1099 313 109
is_linear=0
shrinkage=0.05


Tree=108
num_leaves=63
num_cat=0
split_feature=35 35 37 40 40 31 40 11 29 40 24 35 34 40 32 40 33 40 40 36 31 33 32 32 34 34 31 24 36 6 9 6 31 10 2 35 34 32 34 22 36 32 35 36 31 36 36 31 7 39 32 36 35 31 36 33 34 32 31 32 36 36
split_gain=48045.9 13136.1 9217.97 7544.44 6045.72 5334.75 4596.85 8359.16 5007.06 4252.19 3826.1 5505.5 5324.13 4111.2 3867.49 3751.72 3911.9 3727.02 5987.25 3512.82 3493.86 3484.58 3524.8 8603.36 3725.83 5104.82 4766.21 3902.96 7238.89 4450.44 3717.81 5256.22 6791.6 3443.52 4242.85 4111.45 6991.94 4628.87 4600.33 6599.15 4360.18 5129 3909.27 4686.42 3758.93 6077.81 3920.91 3739.81 3666.19 3406.04 3373.5 3344.27 6101.68 4950.52 3225.73 3732.25 6253.61 4945.83 5016.29 4664.1 4255.29 3415.12
threshold=759.00000000000011 439.9500000000001 5.5000000000000009 1.0000000180025095e-35 4.5000000000000009 117.45000000000002 5.5000000000000009 1.0000000180025095e-35 1.0000000180025095e-35 1.5000000000000002 1.0000000180025095e-35 1455.95 453.00000000000006 3.5000000000000004 416.95000000000005 2.5000000000000004 449.00000000000006 1.5000000000000002 2.5000000000000004 216.37083333333337 382.95000000000005 485.45000000000005 454.55000000000007 491.15000000000003 273.55000000000007 141.60000000000002 388.85000000000008 1.0000000180025095e-35 275.04166666666669 1.0000000180025095e-35 1.0000000180025095e-35 1.0000000180025095e-35 400.75000000000006 1.0000000180025095e-35 1.0000000180025095e-35 1351.1500000000003 320.75000000000006 418.85000000000008 192.25000000000003 1.0000000180025095e-35 376.6375000000001 22.150000000000002 1110.2000000000003 302.3633333333334 312.25000000000006 285.45833333333337 227.72500000000002 374.55000000000007 1.0000000180025095e-35 1.0000000180025095e-35 123.35000000000001 285.45833333333337 1140.1000000000001 240.95000000000002 458.45000000000005 385.45000000000005 447.05000000000007 159.75000000000003 448.25000000000006 203.00000000000003 370.65000000000009 271.14166666666677
decision_type=2 2 2 2 2 2 2 2 2 2 2 2 2 2 2 2 2 2 2 2 2 2 2 2 2 2 2 2 2 2 2 2 2 2 2 2 2 2 2 2 2 2 2 2 2 2 2 2 2 2 2 2 2 2 2 2 2 2 2 2 2 2
left_child=1 5 3 33 10 -1 7 21 19 -4 11 13 14 -5 15 -12 20 -3 -19 -9 -17 22 24 30 25 50 27 29 -29 -26 31 32 -24 34 35 38 -37 -38 40 51 41 -2 -43 -44 45 46 -36 -42 -35 -11 -6 52 -40 -53 55 -8 57 61 59 -59 -61 -57
right_child=2 17 9 4 6 -7 54 8 -10 49 12 -13 -14 -15 -16 16 -18 18 -20 -21 -22 -23 23 -25 26 -27 -28 28 -30 -31 -32 -33 -34 48 44 36 37 -39 39 -41 47 42 43 -45 -46 -47 -48 -49 -50 -51 -52 53 -54 -55 -56 56 -58 58 -60 60 -62 -63
leaf_value=-0.094584679212836226 -0.4158475524187088 0.075107010403564337 1.2382844171442446 0.092996038258109384 -0.24130079111327296 -0.035200794172734862 0.10632645985649357 -0.094266101988879122 1.069761001362155 0.10437547964485068 -0.55292188755031357 0.65796476943152293 -0.94862158387899409 -0.083757566066561359 0.20438241587756709 -0.36651412699371577 0.5706899303197861 -0.18956998366739308 0.011451516719722877 0.47292499810551542 0.24493448770407478 0.60896963359493961 -0.065489376133138488 -0.2455134492294461 -0.055477114878594885 -0.24557410430734175 0.67563858960683532 1.1089385969134478 -0.1563310593366623 0.63850802078291224 1.1066620935093272 0.95799529822543272 0.84182799915472684 -0.081450256992535428 -0.42019815755927042 -0.0066562089426764129 1.4162497850479905 0.47206419992446902 0.16646356372181903 -0.53307171871787629 -0.3697725236415863 0.35780835854469306 0.4323086779225957 1.3877866472516742 0.22356307214381649 -0.78589394246378264 0.42507619279272418 0.20911296764013146 0.50304468506947164 0.79323333734098611 0.12802634718037453 -0.78085665475754507 1.0115800973027944 0.18031092592187831 0.62435353295161178 -0.01211647428572178 0.67343059696000207 -0.7200234853944113 0.36563491806005821 -0.076501094515240467 -0.54086164871200182 0.47504532738165423
leaf_weight=6027 20 2170 21 830 69 10153 1479 33 30 38 59 35 20 545 74 80 20 393 6444 158 33 38 66 51 160 137 52 26 20 27 22 32 30 166 23 29 27 25 194 38 36 543 33 21 102 31 34 124 32 34 595 21 24 37 26 104 29 43 39 258 61 55
leaf_count=6027 20 2170 21 830 69 10153 1479 33 30 38 59 35 20 545 74 80 20 393 6444 158 33 38 66 51 160 137 52 26 20 27 22 32 30 166 23 29 27 25 194 38 36 543 33 21 102 31 34 124 32 34 595 21 24 37 26 104 29 43 39 258 61 55
internal_value=0.00180487 -0.03038 0.117793 0.111124 0.082847 -0.0573211 0.119176 0.184569 0.46925 0.61226 0.0048777 0.0387004 -0.161871 0.0229373 -0.102716 -0.221078 -0.0738684 0.0180165 -0.000103471 0.374929 -0.187949 0.137086 0.123153 0.315491 0.0875549 0.0323124 0.242815 0.14622 0.558821 0.0447239 0.506233 0.403034 0.218047 0.207848 0.236172 0.271704 0.615399 0.962314 0.246187 0.0846772 0.311455 0.371771 0.398157 0.803883 0.0169934 -0.22244 0.0840006 0.0788637 0.0130136 0.429669 0.0896475 0.16973 0.259504 -0.167698 0.0708958 0.0639374 -0.0425029 -0.0795781 -0.173145 -0.23119 -0.165297 0.156399
internal_weight=32176 25187 6989 6896 5336 16180 3640 1546 221 93 1696 1410 286 1375 266 192 133 9007 6837 191 113 1325 1287 201 1086 801 285 233 46 187 150 128 96 1560 1362 1172 81 52 1091 314 777 617 597 54 190 88 57 160 198 72 664 276 218 58 2094 2068 589 560 401 362 319 159
internal_count=32176 25187 6989 6896 5336 16180 3640 1546 221 93 1696 1410 286 1375 266 192 133 9007 6837 191 113 1325 1287 201 1086 801 285 233 46 187 150 128 96 1560 1362 1172 81 52 1091 314 777 617 597 54 190 88 57 160 198 72 664 276 218 58 2094 2068 589 560 401 362 319 159
is_linear=0
shrinkage=0.05


Tree=109
num_leaves=63
num_cat=0
split_feature=35 35 37 40 40 35 34 31 38 31 10 40 40 40 40 40 40 40 40 40 16 34 31 31 32 0 34 21 32 31 31 2 32 33 33 35 31 34 35 32 35 35 12 31 21 32 28 39 35 35 39 31 24 35 40 37 31 31 25 40 31 32
split_gain=43361.5 11893.4 8319.22 6898.12 11122.4 5656.65 5194.84 13600.6 6284.21 4536.99 4183.19 4176.28 3882.93 5523.67 3837.6 3777.3 5293.73 5383.95 5282.37 4787.11 3476.28 4008.11 3429.63 6187.79 5108.25 4881.03 4735.76 5178.03 10569.6 3985.43 3687.78 3595.98 4556.52 4572.08 3949.79 4384.58 3778.91 3483.89 3371.6 3880.73 3380.75 3318.2 3480.76 3208.58 3165.07 3119 3265.39 3073.95 3017.98 5591.95 2954.71 4827.53 4351.91 3731.55 3257.88 4744.09 9534.89 5355.89 4803.08 4602.62 4328.4 4525.97
threshold=759.00000000000011 406.55000000000007 5.5000000000000009 1.5000000000000002 2.5000000000000004 1249.5000000000002 474.55000000000007 420.25000000000006 1.0000000180025095e-35 4.4500000000000011 1.0000000180025095e-35 1.0000000180025095e-35 1.5000000000000002 2.5000000000000004 1.5000000000000002 4.5000000000000009 3.5000000000000004 2.5000000000000004 5.5000000000000009 1.5000000000000002 1.0000000180025095e-35 245.35000000000005 312.25000000000006 355.65000000000003 366.15000000000003 1.0000000180025095e-35 393.85000000000008 1.0000000180025095e-35 446.55000000000007 478.75000000000006 456.45000000000005 1.0000000180025095e-35 278.65000000000003 299.05000000000007 425.05000000000007 853.25000000000011 255.55000000000004 445.55000000000007 1313.1500000000003 350.45000000000005 1096.7500000000002 978.05000000000007 1.0000000180025095e-35 323.95000000000005 1.0000000180025095e-35 158.25000000000003 1.0000000180025095e-35 1.0000000180025095e-35 1032.6500000000003 909.35000000000014 1.0000000180025095e-35 448.25000000000006 1.0000000180025095e-35 1008.7500000000001 4.5000000000000009 4.5000000000000009 370.15000000000003 424.35000000000008 1.0000000180025095e-35 3.5000000000000004 146.55000000000004 296.25000000000006
decision_type=2 2 2 2 2 2 2 2 2 2 2 2 2 2 2 2 2 2 2 2 2 2 2 2 2 2 2 2 2 2 2 2 2 2 2 2 2 2 2 2 2 2 2 2 2 2 2 2 2 2 2 2 2 2 2 2 2 2 2 2 2 2
left_child=1 9 3 10 5 -5 8 38 41 -1 22 -11 44 -14 -4 16 17 19 -17 -13 -10 -22 25 24 43 31 27 -25 29 30 -29 32 33 -2 -35 -36 48 -28 40 -40 -8 -6 50 -24 -3 -12 -47 -16 49 -33 51 53 -53 -43 59 58 -57 -58 60 -52 -56 -62
right_child=2 12 14 4 6 -7 7 -9 20 11 45 15 13 -15 47 18 -18 -19 -20 -21 21 -23 23 26 -26 -27 37 28 -30 -31 -32 36 -34 34 35 -37 -38 -39 39 -41 -42 42 -44 -45 -46 46 -48 -49 -50 -51 54 52 -54 -55 55 56 57 -59 -60 -61 61 -63
leaf_value=-0.16589888554853915 -0.32301287064786821 0.031938856164471237 1.1763702097393218 -0.15704017170942952 0.076615291936318761 -0.86791368946433067 0.29002089032696354 1.5669481476147971 -0.053048410475269481 0.0096001946843107758 -0.38521675496277485 -0.034925417953911263 -0.17473891444569906 0.0048353087065153635 0.099156701015798668 0.012505041910077189 -0.18076530297730928 0.013690857041473305 -0.074768868694586516 -0.22726740562571932 0.0083254717800715205 0.61247608741237369 1.2258906801541647 0.091958404892926768 0.25213496780548339 -0.29182464783308937 1.03933924107716 0.27265693246587819 1.3181099123424955 0.77899089332284599 -0.3663258167947161 -0.2233019169034629 0.33933536125644603 0.48307401165366176 0.5052898055185443 -0.33721088300994101 -0.71258017048239708 0.26431013119631802 0.03623517673948537 0.93617456936836241 -0.41630431655794387 0.62525966195833116 0.46557914996519689 0.60075994840035074 0.15844673593825212 0.15497667155947004 -0.46695048213005069 0.75357167554252291 -0.40190131044387817 0.77661723781515057 0.17437346010911661 0.91363850287161774 0.077160228205763778 0.11913391127736295 0.75392883936564126 0.13868812179123913 1.6076197779178623 0.55130075375239052 -0.1745523588601933 -0.25163933638144625 -0.12138770788230679 0.25137658851991701
leaf_weight=913 61 1848 21 223 2171 32 36 21 966 2369 44 644 454 7545 38 2759 1405 1259 4666 650 73 44 30 470 78 61 29 102 27 29 29 29 338 64 23 47 20 29 23 25 32 42 96 65 675 175 24 34 25 27 122 48 23 274 30 108 20 30 129 132 121 249
leaf_count=913 61 1848 21 223 2171 32 36 21 966 2369 44 644 454 7545 38 2759 1405 1259 4666 650 73 44 30 470 78 61 29 102 27 29 29 29 338 64 23 47 20 29 23 25 32 42 96 65 675 175 24 34 25 27 122 48 23 274 30 108 20 30 129 132 121 249
internal_value=0.00171463 -0.028861 0.111903 0.105568 0.075557 -0.246248 0.0925997 0.396078 0.083712 -0.0579644 0.188896 -0.0507985 0.0117017 -0.0053568 0.581647 -0.0633686 -0.102818 -0.0599213 -0.0423394 -0.131542 -0.0218726 0.235527 0.218547 0.283656 0.551981 0.135358 0.218732 0.180499 0.403033 0.248614 0.131203 0.176459 0.228295 0.0358241 0.199175 -0.0603892 -0.0970913 0.651825 0.18411 0.504954 -0.0423674 0.11552 0.174832 0.79817 0.0657846 -0.00426103 0.0799704 0.408186 0.0548812 0.258802 0.153814 0.270111 0.642667 0.186404 0.105986 0.162555 0.402973 0.973828 0.0907476 -0.047019 0.176307 0.129473
internal_weight=32176 25187 6989 6896 5070 255 4815 137 4678 14665 1826 13752 10522 7999 93 11383 3958 2553 7425 1294 1083 117 1583 888 173 695 715 657 187 160 131 634 533 195 134 70 101 58 116 48 68 3595 1424 95 2523 243 199 72 81 56 1328 387 71 316 941 687 158 50 529 254 400 370
internal_count=32176 25187 6989 6896 5070 255 4815 137 4678 14665 1826 13752 10522 7999 93 11383 3958 2553 7425 1294 1083 117 1583 888 173 695 715 657 187 160 131 634 533 195 134 70 101 58 116 48 68 3595 1424 95 2523 243 199 72 81 56 1328 387 71 316 941 687 158 50 529 254 400 370
is_linear=0
shrinkage=0.05


Tree=110
num_leaves=63
num_cat=0
split_feature=35 35 31 37 36 12 36 37 11 31 38 9 40 40 40 40 25 40 40 40 40 40 40 35 30 33 31 36 36 31 10 31 21 29 33 35 25 31 35 33 31 33 31 36 9 36 40 23 35 35 36 31 33 35 10 33 33 36 31 31 33 33
split_gain=40077.7 8208.69 7943.88 4757.15 21402.5 4424.45 4717.23 4300.42 4191.76 5891.99 4746.9 3861.69 3805.63 4604.99 6133.32 4718.79 4043.78 3907.81 3696.73 5776.91 4538.28 3854.23 6097.61 3608.73 4116.9 3561.91 4196.65 3687.76 3453.43 4100.02 3357.02 3520.8 3303.87 3253.52 4077.7 3776.49 3163.27 3139.99 4016.08 3925.39 3122.28 3108.12 10924.4 4601.22 7809.5 6435.3 4853.77 5459.59 5359.29 4167.3 4069.65 4080.86 6085.13 3993.66 3842.24 5691.82 4086.55 6815.28 5101.06 3660.77 3283.36 4102.78
threshold=511.05000000000007 894.95000000000016 310.25000000000006 4.5000000000000009 313.22500000000008 1.0000000180025095e-35 462.72500000000008 5.5000000000000009 1.0000000180025095e-35 476.65000000000003 1.0000000180025095e-35 1.0000000180025095e-35 1.5000000000000002 4.5000000000000009 3.5000000000000004 2.5000000000000004 1.0000000180025095e-35 5.5000000000000009 1.5000000000000002 4.5000000000000009 5.5000000000000009 3.5000000000000004 2.5000000000000004 880.85000000000002 1.0000000180025095e-35 283.45000000000005 390.65000000000003 218.61250000000004 232.25833333333335 263.65000000000003 1.0000000180025095e-35 440.85000000000008 1.0000000180025095e-35 1.0000000180025095e-35 347.55000000000007 1225.1500000000003 1.0000000180025095e-35 91.850000000000009 838.80000000000018 8.1500000000000004 302.05000000000007 436.05000000000007 77.15000000000002 331.81666666666672 1.0000000180025095e-35 323.02500000000003 3.5000000000000004 1.0000000180025095e-35 1187.8500000000001 1455.95 362.04166666666669 444.75000000000006 345.40000000000003 1531.0000000000002 1.0000000180025095e-35 469.35000000000008 455.35000000000008 302.3633333333334 279.95000000000005 337.75000000000006 1.7500000000000002 176.45000000000002
decision_type=2 2 2 2 2 2 2 2 2 2 2 2 2 2 2 2 2 2 2 2 2 2 2 2 2 2 2 2 2 2 2 2 2 2 2 2 2 2 2 2 2 2 2 2 2 2 2 2 2 2 2 2 2 2 2 2 2 2 2 2 2 2
left_child=2 7 18 5 8 6 33 12 9 25 -10 -7 16 14 15 -14 23 32 -1 21 -21 22 -20 24 37 26 -5 -27 29 -29 31 -28 -15 41 35 -35 -36 39 -39 -2 -25 50 -43 45 46 54 47 48 -45 -48 60 53 -53 -52 56 -56 57 -44 -58 -60 -3 -62
right_child=1 3 -4 4 -6 11 -8 -9 10 -11 -12 -13 13 17 -16 -17 -18 -19 19 20 -22 -23 -24 40 -26 27 30 28 -30 -31 -32 -33 -34 34 36 -37 -38 38 -40 -41 -42 42 43 44 -46 -47 49 -49 -50 -51 51 52 -54 -55 55 -57 58 -59 59 -61 61 -63
leaf_value=-0.015499450933705359 -0.66882871407128519 0.53994053252404783 0.0065924838763876384 0.1021190989405325 1.7342763496481854 0.23614899227343333 0.513527558791259 0.5938043263128826 0.32157152958852414 0.79517497245335222 1.160168058872223 0.85835635137969057 -0.12048638279944122 0.14511427152194198 -0.14615151342367821 0.10748719569964421 -0.089697775392541812 0.0072708594361467248 -0.21247268657787399 -0.0035830738957567452 -0.084055089775278882 -0.19507692834974039 -0.023107343720360184 0.15552080823824957 -0.23808162663664137 0.40323395016877089 0.17352446951927283 -0.75261356656750045 0.1849244247185674 0.17159971141566832 -0.87543118238449102 -0.54695635000864662 -0.0028387254973722092 -0.087640232307166457 0.050969382164090186 -0.59960543846800218 0.61596257952707156 0.15495157288387418 0.44957634987324246 0.047829257518070628 -0.57235148128341229 -0.8008095930516721 0.028788369842644396 0.41529309438622519 0.47418848015367987 0.89877980803621227 -0.29574780166494075 0.79177729051560164 -0.57895914523890524 -1.0655349806660699 0.22256894096148661 0.2448496295631617 0.9370320436954499 -0.49434810849753297 1.105760442126881 -0.059690219163894657 -0.12043805917104085 -1.0047619180245835 0.96264123274729807 0.21431277990341188 -0.055242602260099083 0.12832339941462428
leaf_weight=2993 21 41 5455 219 23 178 63 35 108 33 20 29 333 1316 846 713 252 2564 639 2804 4670 1429 1270 26 70 153 39 24 187 24 20 30 529 253 215 42 28 1296 127 212 34 40 58 23 48 29 108 20 33 21 166 87 50 22 22 20 66 22 26 44 392 1362
leaf_count=2993 21 41 5455 219 23 178 63 35 108 33 20 29 333 1316 846 713 252 2564 639 2804 4670 1429 1270 26 70 153 39 24 187 24 20 30 529 253 215 42 28 1296 127 212 34 40 58 23 48 29 108 20 33 21 166 87 50 22 22 20 66 22 26 44 392 1362
internal_value=0.00104239 0.0697597 -0.0444908 0.125156 0.2291 0.0990811 0.0850196 0.0407318 0.188704 0.142368 0.452602 0.323318 0.0384105 0.0192007 -0.0460506 0.0349105 0.0978027 0.0472014 -0.0646762 -0.0782894 -0.0538646 -0.132978 -0.0864936 0.124259 0.13751 0.111416 -0.0155382 0.212194 0.087815 -0.290507 -0.305055 -0.139728 0.102693 0.0766824 -0.0355967 -0.16053 0.116071 0.153386 0.181246 -0.0167622 -0.25694 0.099055 -0.00350806 0.0555513 -0.0998985 0.192585 -0.234319 0.0826531 -0.170606 -0.421062 0.127115 0.289921 0.497471 0.138674 0.113207 0.550784 0.0281226 -0.255438 0.194923 0.492263 0.0976373 0.0872984
internal_weight=32022 12762 19260 4388 880 3508 3301 8374 857 729 128 207 8339 6301 1892 1046 2038 4409 13805 10812 7474 3338 1909 1786 1726 696 308 388 235 48 89 69 1845 3238 538 295 243 1656 1423 233 60 2700 580 540 253 287 205 76 56 129 2120 325 137 188 258 42 216 80 136 70 1795 1754
internal_count=32022 12762 19260 4388 880 3508 3301 8374 857 729 128 207 8339 6301 1892 1046 2038 4409 13805 10812 7474 3338 1909 1786 1726 696 308 388 235 48 89 69 1845 3238 538 295 243 1656 1423 233 60 2700 580 540 253 287 205 76 56 129 2120 325 137 188 258 42 216 80 136 70 1795 1754
is_linear=0
shrinkage=0.05


Tree=111
num_leaves=63
num_cat=0
split_feature=35 35 36 32 31 37 36 20 33 33 35 36 36 33 2 33 32 32 35 11 31 33 31 33 8 35 37 6 31 31 36 36 36 28 32 24 35 9 31 31 32 32 35 32 33 33 32 31 33 2 35 32 35 35 33 33 36 32 32 35 35 6
split_gain=36170.1 7408.35 7292.13 4520.92 4500.79 4671.06 17819.4 5478.17 4493.03 4478.75 4443.41 6970.7 6610.02 6715.3 6320.15 4664.7 4166.19 5344.28 4338.85 4051.67 4455.01 4907.9 7317.72 4043.69 3953.06 5376.51 3906.98 3865.79 3839.6 3780.76 3704.78 3663.4 3661.11 3581.3 3429.41 4561.96 5556.21 5463.57 5429.84 4539.29 3353.93 5036.49 3320.2 3006.6 2952.58 2932.44 2924.04 2861.29 2861.07 4610.27 4393.52 4294.88 5539.71 3932.92 3578.37 3102.8 3031 3539.08 6474.37 5198.77 3081.9 2949.59
threshold=511.05000000000007 894.95000000000016 201.13750000000002 6.2500000000000009 259.35000000000008 4.5000000000000009 313.22500000000008 1.0000000180025095e-35 465.45000000000005 488.85000000000008 1249.5000000000002 323.02500000000003 331.81666666666672 449.00000000000006 1.0000000180025095e-35 345.40000000000003 257.15000000000003 406.45000000000005 1531.0000000000002 1.0000000180025095e-35 476.65000000000003 152.60000000000002 273.55000000000007 409.65000000000003 1.0000000180025095e-35 1044.7500000000002 5.5000000000000009 1.0000000180025095e-35 3.2500000000000004 400.75000000000006 359.52500000000003 218.61250000000004 303.91666666666674 1.0000000180025095e-35 414.85000000000008 1.0000000180025095e-35 1032.6500000000003 1.0000000180025095e-35 481.05000000000007 298.25000000000006 374.65000000000003 401.15000000000003 1279.4000000000003 394.35000000000008 255.05000000000004 474.55000000000007 22.150000000000002 13.850000000000003 274.45000000000005 1.0000000180025095e-35 940.45000000000016 107.15000000000002 1155.7500000000002 1032.6500000000003 311.35000000000008 315.35000000000008 282.51250000000005 125.55000000000001 203.00000000000003 1020.4500000000002 1187.8500000000001 1.0000000180025095e-35
decision_type=2 2 2 2 2 2 2 2 2 2 2 2 2 2 2 2 2 2 2 2 2 2 2 2 2 2 2 2 2 2 2 2 2 2 2 2 2 2 2 2 2 2 2 2 2 2 2 2 2 2 2 2 2 2 2 2 2 2 2 2 2 2
left_child=2 3 28 31 8 9 7 19 46 10 24 29 -13 15 45 -14 -17 30 23 20 21 43 -23 -19 34 32 47 -10 -1 -12 -18 -2 -26 -27 48 37 -37 38 39 -36 -24 -42 -11 -7 -34 -15 -3 -5 50 55 -6 -51 54 -52 -53 -50 -57 59 -59 -58 61 -60
right_child=1 4 -4 26 5 6 -8 -9 27 42 11 12 13 14 -16 16 17 18 -20 -21 -22 22 40 -25 25 33 -28 -29 -30 -31 -32 -33 44 -35 35 36 -38 -39 -40 -41 41 -43 -44 -45 -46 -47 -48 -49 49 51 53 52 -54 -55 -56 56 57 58 60 -61 -62 -63
leaf_value=-0.18553538459401273 -0.080135740718459567 -0.51808933079242703 -0.0059838977654114852 -0.08846105093493907 0.29874642460740042 0.015209862765143901 1.6475625556448232 -0.56572358210881546 -0.27294721075644096 0.26338946995139123 -0.83605542811187539 0.53191333937107543 -0.14619211389032086 -0.94063856746905883 0.34561774119734767 -0.30046936613321307 0.29534585505723954 0.89617803909561866 -0.4326389963212221 0.59217237133484379 0.75541622132966024 1.1508131799243746 0.085698334012697483 -0.051999895145063812 0.018493456265272261 0.094746889871194825 0.58776797742554643 0.31166854141389622 -0.06104306232218748 -0.087485652392910382 1.1863465241023474 -0.57983320404006089 -0.77514775884457121 0.80782837073008218 0.78488897204399111 -0.61706792748179939 0.27043552925189335 -0.015166626762912937 0.90756435829859505 0.26043661307559302 1.1574002277851105 0.19699362304581458 0.95999562396452987 -0.60842937275215436 -0.15989457796781492 -0.22879598037056301 0.091822109536119911 0.049345055479371638 0.51853903933213308 0.48615981681006293 -0.24087307859582374 0.18996283397078517 0.43482294724537773 0.10297955997114959 -0.57215151884106563 0.37098107365133287 0.1806492202480634 0.69908159124851232 0.079735140814719829 -0.80665472149848938 0.41982744348292456 -0.41853432745525715
leaf_weight=658 181 20 8056 396 112 68 23 21 168 50 37 61 113 39 20 25 20 22 23 77 33 21 209 23 77 109 33 34 10546 31 28 46 39 21 50 29 45 83 52 236 20 43 26 27 39 23 1127 7718 91 28 161 20 26 172 67 172 30 50 136 24 49 38
leaf_count=658 181 20 8056 396 112 68 23 21 168 50 37 61 113 39 20 25 20 22 23 77 33 21 209 23 77 109 33 34 10546 31 28 46 39 21 50 29 45 83 52 236 20 43 26 27 39 23 1127 7718 91 28 161 20 26 172 67 172 30 50 136 24 49 38
internal_value=0.000990272 0.0662717 -0.0422663 0.0386952 0.118898 0.152636 0.285689 0.225336 0.0428935 0.123756 0.111891 -0.0270362 0.0530838 -0.0338466 -0.427254 0.0931591 0.284979 0.411154 0.126018 0.258694 0.197701 0.150267 0.251525 0.411554 0.144919 -0.027196 0.0448277 -0.174547 -0.0683544 -0.494796 0.815096 -0.181396 -0.226082 0.209937 0.174274 0.28468 -0.0773699 0.348318 0.437576 0.352124 0.182094 0.501885 0.501702 -0.162035 -0.467521 -0.676568 0.0811872 0.0426195 0.127802 0.188651 0.0278461 -0.0682058 -0.205571 -0.0632675 -0.396953 0.250035 0.20107 0.111697 0.184855 -0.258153 0.069557 -0.0290823
internal_weight=32022 12762 19260 8374 4388 3039 542 519 1349 2497 2421 465 397 336 82 254 141 116 68 498 421 388 293 45 1956 285 8147 202 11204 68 48 227 155 130 1671 495 74 421 338 286 272 63 76 95 78 62 1147 8114 1176 731 445 141 113 333 87 590 499 327 273 54 223 174
internal_count=32022 12762 19260 8374 4388 3039 542 519 1349 2497 2421 465 397 336 82 254 141 116 68 498 421 388 293 45 1956 285 8147 202 11204 68 48 227 155 130 1671 495 74 421 338 286 272 63 76 95 78 62 1147 8114 1176 731 445 141 113 333 87 590 499 327 273 54 223 174
is_linear=0
shrinkage=0.05


Tree=112
num_leaves=63
num_cat=0
split_feature=35 35 36 32 37 36 34 12 36 34 32 11 38 37 34 34 37 33 33 32 33 36 34 32 36 32 33 33 32 36 34 33 35 36 36 32 36 36 35 36 33 32 24 32 36 33 32 32 36 39 33 33 37 36 36 36 35 36 33 24 32 5
split_gain=32643.5 6686.03 6581.15 4080.13 3966.4 17404.2 5772.59 3974.19 4096 3591.57 3667.66 3546.01 4675.69 3526.05 4139.7 7290.08 4965.14 6668.97 4132.95 3746.05 5115.46 3690.44 3597.67 3362 3340.03 3293.86 2971.16 2898.7 5916.14 3948.77 3619.75 5070.09 3869.76 5663.91 3932.93 3778.86 4957.09 3283.51 5747.86 3716.88 7921.1 3545.3 3059.53 3022.94 3218.22 2865.52 2773.01 2743.26 2730.1 4595.4 2886.28 2687.93 4805.67 3796.87 4134.72 3112.51 3991.43 2996.54 2662.88 4511.24 4219.86 4624.34
threshold=511.05000000000007 894.95000000000016 201.13750000000002 6.2500000000000009 4.5000000000000009 313.22500000000008 2.5500000000000003 1.0000000180025095e-35 462.72500000000008 483.45000000000005 322.25000000000006 1.0000000180025095e-35 1.0000000180025095e-35 5.5000000000000009 1.0000000180025095e-35 22.100000000000005 3.5000000000000004 3.5500000000000003 412.15000000000003 100.55000000000001 100.25000000000001 131.81250000000003 27.400000000000002 470.75000000000006 204.51666666666668 208.85000000000005 131.65000000000001 178.45000000000002 466.85000000000008 233.41666666666669 433.65000000000003 295.15000000000003 1249.5000000000002 317.01666666666671 403.42500000000001 446.55000000000007 334.03333333333336 323.02500000000003 1313.1500000000003 354.54166666666669 385.45000000000005 374.65000000000003 1.0000000180025095e-35 268.35000000000008 342.98333333333341 253.25000000000003 187.75000000000003 483.80000000000001 256.81666666666672 1.0000000180025095e-35 89.350000000000009 2.6500000000000008 2.5000000000000004 151.95833333333337 32.300000000000004 94.216666666666683 415.05000000000007 161.38750000000002 343.35000000000008 1.0000000180025095e-35 389.15000000000003 1.0000000180025095e-35
decision_type=2 2 2 2 2 2 2 2 2 2 2 2 2 2 2 2 2 2 2 2 2 2 2 2 2 2 2 2 2 2 2 2 2 2 2 2 2 2 2 2 2 2 2 2 2 2 2 2 2 2 2 2 2 2 2 2 2 2 2 2 2 2
left_child=2 3 51 24 7 6 -6 8 9 27 25 58 -13 14 16 26 18 -18 19 20 -5 46 -23 -9 -2 -11 -16 28 29 -3 32 45 34 -34 -29 37 -37 -35 -39 43 -41 -42 -30 -40 -45 -32 -17 -10 49 -31 -51 52 -1 54 -53 -54 -57 -58 -8 60 61 -60
right_child=1 4 -4 13 5 -7 11 23 47 10 -12 12 -14 -15 15 21 17 -19 -20 -21 -22 22 -24 -25 -26 -27 -28 30 42 48 31 -33 33 35 -36 36 -38 38 39 40 41 -43 -44 44 -46 -47 -48 -49 -50 50 -52 53 55 -55 -56 56 57 -59 59 -61 -62 -63
leaf_value=-0.066469454604508843 -0.040277678584649729 0.27571081466842118 -0.0056847031062624148 0.40733064098024613 0.83033420036081229 1.5651843806971675 0.017248577138124253 0.37634747261693191 0.72530215669423348 -0.15456464003239359 0.17797491947809857 0.25773331312076103 1.0912422396242618 0.55837957299116892 -0.57212660887103151 0.14718300331317422 0.800414872020483 0.13890231389301524 0.22454014296932467 0.01920824798457001 0.044648944797171727 0.52438815474510203 -0.030997898467601495 -0.24202208614349363 -0.45089437534573351 -0.96210643804591633 -0.17769993992822786 0.10418305035116333 0.36157259778079825 0.20219949799088333 0.34659971509660997 0.13310102501085827 -0.71684257944424956 -0.41592058829135364 0.63883175424167093 0.34805385486355855 -0.41174960849077807 0.64103313113003979 0.23642241633855382 0.85984364590224094 0.34067471554433859 -0.42188976764678954 -0.2938695941652571 -0.69037611097902873 0.096850193738937385 1.1388657814264298 0.74439967251740979 0.040002933792445974 -0.086015089976497081 -0.21750142276287079 -0.80715829657048599 -0.80580088496207969 0.20294031519952116 -0.31121839195871059 -0.080991762702841488 -0.12521932379270975 0.22872086751388984 -0.12415204466364922 0.2873760711533182 -0.2661374279963119 0.67237259526001791 -0.37665398255471261
leaf_weight=8855 154 57 8056 151 32 23 399 182 40 28 30 106 20 33 69 77 40 802 290 5161 273 30 1040 25 73 23 155 1996 117 26 21 91 30 27 35 28 92 50 26 34 27 35 21 37 20 25 26 23 277 36 49 20 256 237 1215 325 212 84 170 42 57 31
leaf_count=8855 154 57 8056 151 32 23 399 182 40 28 30 106 20 33 69 77 40 802 290 5161 273 30 1040 25 73 23 155 1996 117 26 21 91 30 27 35 28 92 50 26 34 27 35 21 37 20 25 26 23 277 36 49 20 256 237 1215 325 212 84 170 42 57 31
internal_value=0.000940758 0.0629581 -0.040153 0.0367605 0.112953 0.207866 0.171438 0.089144 0.0758171 0.0680483 -0.260704 0.145881 0.390036 0.0425863 0.0404885 -0.0378231 0.0567758 0.170328 0.0405015 0.0309454 0.173812 0.0120898 -0.0154263 0.301665 -0.172326 -0.51875 -0.299197 0.0764831 -0.0241879 -0.112886 0.0992847 0.349361 0.0852263 -0.0556948 0.113397 -0.00294368 -0.234462 0.105581 0.167068 0.034675 0.246529 -0.0898052 0.261831 -0.210361 -0.414156 0.777179 0.297937 0.475114 -0.169974 -0.379492 -0.557421 -0.0649367 -0.0554121 -0.127907 -0.0927296 0.0562332 -0.00424513 0.128581 0.10187 0.214417 0.292647 0.184963
internal_weight=32022 12762 19260 8374 4388 880 857 3508 3301 3238 81 825 126 8147 8114 1397 6717 842 5875 5585 424 1173 1070 207 227 51 224 3157 583 445 2574 137 2437 406 2031 376 120 256 229 179 96 62 138 83 57 46 103 63 388 111 85 11204 9732 1472 1235 877 621 296 699 300 258 201
internal_count=32022 12762 19260 8374 4388 880 857 3508 3301 3238 81 825 126 8147 8114 1397 6717 842 5875 5585 424 1173 1070 207 227 51 224 3157 583 445 2574 137 2437 406 2031 376 120 256 229 179 96 62 138 83 57 46 103 63 388 111 85 11204 9732 1472 1235 877 621 296 699 300 258 201
is_linear=0
shrinkage=0.05


Tree=113
num_leaves=63
num_cat=0
split_feature=33 31 31 32 34 36 36 21 40 40 37 33 36 40 31 34 31 31 33 40 33 33 11 34 40 40 34 31 33 32 17 34 34 32 32 33 32 5 32 33 5 32 23 36 31 40 34 34 31 17 32 36 31 36 2 31 31 21 36 34 7 34
split_gain=20191 10368.8 7395.35 7120.28 18743.6 5504.95 5898.68 8275.91 4900.82 8224.5 4797.32 4489.85 5489.41 5238.81 5214.28 6161.94 4488.17 4578.68 6798.65 4181.82 4094.46 5737.39 4310.92 4205.78 4087.05 7895.22 3937.07 4568.99 4003.23 3875.08 3758.58 3905.72 3738.43 3564.91 4369.12 4082.04 3571.47 3529.95 5330.41 4522.48 3353.1 5030.42 4327.96 4310.13 6206.97 3148.91 10775.8 3500.16 3987.64 3371.97 3167.78 3100.74 3085.01 3080.95 3061.06 5333.32 3046.4 4998.94 3020.6 2843.23 2831.96 2786.79
threshold=176.45000000000002 215.95000000000002 296.45000000000005 333.65000000000003 457.65000000000003 309.52500000000003 317.01666666666671 1.0000000180025095e-35 1.5000000000000002 4.5000000000000009 5.5000000000000009 414.65000000000003 345.05000000000013 2.5000000000000004 476.65000000000003 1.0000000180025095e-35 462.55000000000007 337.75000000000006 220.05000000000004 5.5000000000000009 483.85000000000008 436.05000000000007 1.0000000180025095e-35 104.25000000000001 3.5000000000000004 2.5000000000000004 361.05000000000007 424.35000000000008 370.25000000000006 208.85000000000005 1.0000000180025095e-35 279.45000000000005 150.50000000000003 208.85000000000005 175.95000000000002 393.85000000000008 109.25000000000001 1.0000000180025095e-35 85.750000000000014 471.15000000000003 1.0000000180025095e-35 416.95000000000005 1.0000000180025095e-35 302.3633333333334 96.15000000000002 3.5000000000000004 378.85000000000008 325.65000000000003 402.75000000000006 1.0000000180025095e-35 221.05000000000004 266.78333333333336 464.85000000000008 282.51250000000005 1.0000000180025095e-35 209.75000000000003 10.350000000000003 1.0000000180025095e-35 318.92500000000001 378.85000000000008 1.0000000180025095e-35 227.45000000000002
decision_type=2 2 2 2 2 2 2 2 2 2 2 2 2 2 2 2 2 2 2 2 2 2 2 2 2 2 2 2 2 2 2 2 2 2 2 2 2 2 2 2 2 2 2 2 2 2 2 2 2 2 2 2 2 2 2 2 2 2 2 2 2 2
left_child=1 56 10 11 5 16 -7 20 29 24 33 12 45 -14 37 -16 17 -5 -19 -11 21 22 26 -23 25 -10 27 -8 -29 52 31 -31 -20 34 36 60 -2 61 -39 -40 43 42 -42 -35 58 46 50 49 53 -47 -4 -38 -3 -49 -46 -56 -1 -58 -45 -33 -36 -13
right_child=2 8 3 4 -6 6 7 -9 9 19 -12 14 13 -15 15 -17 -18 18 32 -21 -22 23 -24 -25 -26 -27 -28 28 -30 30 -32 59 -34 40 35 -37 51 38 39 -41 41 -43 -44 44 54 47 -48 48 -50 -51 -52 -53 -54 -55 55 -57 57 -59 -60 -61 -62 -63
leaf_value=-0.11707681377213085 -0.05058490380537909 0.0074381427116549858 0.17427942307308467 0.62554661651903931 1.6126632490158082 -0.51788914591977098 -0.019087980115366294 0.99216277270481512 -0.16983926687735817 0.070070147272803848 0.54428510636739114 0.2691073359560166 -1.0050148651327777 -0.098757442473792117 0.19959585574166527 -0.94121285147964961 0.99187996798548217 0.76366318166255953 -0.14357193273549179 -0.0074653754940306703 0.73259136126591606 -0.012443104510505995 0.56048758975390733 -0.80355637243815847 -0.13766513796260232 0.050841739520508182 -0.46342002646676428 0.20042611983384978 0.83161188610962467 0.20301597602039131 -0.33478667698800568 -0.55811368107795711 0.52089709736130851 0.082680282118522921 -0.16266967498339141 -0.52108219330891581 0.069011573452268146 0.55401094698387643 0.10177473154934971 -0.93708487629890458 0.17406233559029366 0.49890190592714562 -0.4177019624763893 -0.21571587757630784 -0.097035348496532878 0.060791338858880883 0.88319736503540214 0.29989005942498487 -0.70144412716229754 -0.59902779668569561 -0.1249152758513533 0.45398218500412119 0.1775733193995413 -0.48448435579027449 0.77873840177881304 -0.19778321826899495 -0.060066140170200982 0.031531313843868806 -1.0190283789634706 0.11444250950307558 0.46310875330652507 0.6157257499324309
leaf_weight=1638 941 2017 297 88 25 33 173 29 612 2862 46 268 23 52 29 20 29 38 98 4432 26 42 58 28 1390 1200 29 89 35 803 38 30 27 1534 130 78 461 23 22 20 218 107 36 22 280 608 47 31 36 20 126 59 307 21 29 27 8265 1817 25 33 21 74
leaf_count=1638 941 2017 297 88 25 33 173 29 612 2862 46 268 23 52 29 20 29 38 98 4432 26 42 58 28 1390 1200 29 89 35 803 38 30 27 1534 130 78 461 23 22 20 218 107 36 22 280 608 47 31 36 20 126 59 307 21 29 27 8265 1817 25 33 21 74
internal_value=0.00089372 -0.0192936 0.0789793 0.145313 0.263945 0.222926 0.129924 0.171924 0.0102025 -0.00636737 0.0366079 0.0867911 0.0381699 -0.376676 0.221246 -0.26604 0.40295 0.334906 0.177996 0.0229578 0.122368 0.0874208 0.16331 -0.328888 -0.0731687 -0.0236929 0.0926471 0.146943 0.378583 0.0640802 0.151917 0.173274 -4.66222e-05 0.0307225 -0.0243002 -0.227363 0.00752833 0.279912 -0.0578523 -0.39292 0.0715427 0.211332 0.0901902 0.0452183 -0.104825 0.0644038 0.164962 -0.00160473 -0.296927 0.039778 0.0851576 0.112691 0.029913 -0.0168765 -0.0295435 0.307915 -0.0538333 -0.0435582 -0.64301 -0.205822 -0.0756409 0.344107
internal_weight=32022 25444 6578 2564 847 822 542 509 13724 10496 4014 1717 1261 75 456 49 280 251 163 7294 480 454 384 70 3202 1812 326 297 124 3228 904 866 125 3968 1690 229 1461 407 65 42 2278 361 254 1917 383 1186 470 716 88 628 423 520 2324 52 336 56 11720 10082 47 63 151 342
internal_count=32022 25444 6578 2564 847 822 542 509 13724 10496 4014 1717 1261 75 456 49 280 251 163 7294 480 454 384 70 3202 1812 326 297 124 3228 904 866 125 3968 1690 229 1461 407 65 42 2278 361 254 1917 383 1186 470 716 88 628 423 520 2324 52 336 56 11720 10082 47 63 151 342
is_linear=0
shrinkage=0.05


Tree=114
num_leaves=63
num_cat=0
split_feature=33 31 31 32 34 37 32 23 29 34 31 27 31 34 37 33 32 32 32 0 32 0 33 31 36 32 36 34 34 33 36 31 36 34 34 36 31 31 32 32 34 32 33 34 31 7 36 31 33 24 36 18 11 16 33 34 33 32 36 31 37 36
split_gain=18222.4 9385.76 6734.77 8422.63 14138.6 6298.06 5169.51 5112.24 5500.74 4260.03 4042.43 4008.83 6045.22 3619.16 3603.68 5658.55 3525.61 4926.01 3468.94 3563.67 3230.24 6386.46 3097.49 7942 3663.81 3553.06 3152.88 2990.97 4715.82 4087.59 4223.78 2830.56 3448.05 4218.48 4797.77 2889.16 4961.74 6369.44 4370.54 3148.68 2880.5 2820.38 3489.12 3572.05 2795.69 2792.54 2687.22 2649.19 3276.32 5172.24 6289.58 4509.43 5870.18 4183.86 3818.18 3515.5 3456.65 3172.33 3141 3091.84 2593.03 2591.18
threshold=176.45000000000002 117.45000000000002 257.45000000000005 333.65000000000003 457.65000000000003 4.5000000000000009 274.55000000000007 1.0000000180025095e-35 1.0000000180025095e-35 467.85000000000008 464.85000000000008 1.0000000180025095e-35 414.45000000000005 206.45000000000002 4.5000000000000009 3.9500000000000006 404.55000000000007 366.15000000000003 221.05000000000004 1.0000000180025095e-35 234.05000000000004 1.0000000180025095e-35 414.65000000000003 454.25000000000006 334.03333333333336 285.85000000000008 204.51666666666668 24.850000000000005 230.30000000000004 385.45000000000005 279.41250000000008 77.15000000000002 313.22500000000008 337.15000000000003 283.35000000000008 336.48750000000007 160.85000000000005 238.95000000000002 428.85000000000008 390.65000000000003 260.25000000000006 175.95000000000002 402.75000000000006 141.60000000000002 334.05000000000007 1.0000000180025095e-35 249.34500000000003 263.65000000000003 436.05000000000007 1.0000000180025095e-35 329.71250000000009 1.0000000180025095e-35 1.0000000180025095e-35 1.0000000180025095e-35 370.25000000000006 110.2 474.55000000000007 392.85000000000008 331.81666666666672 376.55000000000007 3.5000000000000004 266.78333333333336
decision_type=2 2 2 2 2 2 2 2 2 2 2 2 2 2 2 2 2 2 2 2 2 2 2 2 2 2 2 2 2 2 2 2 2 2 2 2 2 2 2 2 2 2 2 2 2 2 2 2 2 2 2 2 2 2 2 2 2 2 2 2 2 2
left_child=1 9 18 11 5 7 10 47 13 -1 14 20 -13 16 -3 -16 17 -9 41 31 -4 22 26 24 44 -26 -22 -7 -29 30 -30 32 33 34 -20 38 -37 -38 39 -33 -40 61 45 -44 -24 -43 -41 -5 51 50 -50 52 53 54 -49 58 59 -56 -53 -52 -59 -2
right_child=2 6 3 4 -6 27 -8 8 -10 -11 -12 12 -14 -15 15 -17 -18 -19 19 -21 21 -23 23 -25 25 -27 -28 28 29 -31 -32 35 -34 -35 -36 36 37 -39 40 46 -42 42 43 -45 -46 -47 -48 48 49 -51 56 55 -54 -55 57 -57 -58 60 -60 -61 -62 -63
leaf_value=-0.06621712154267978 -0.0087995746533281877 -0.025269800922679456 0.095726849135139902 0.59180076417547689 1.3535361332552773 1.0382783175756536 0.050128783002302127 0.86755302190780648 -0.32174007182475184 -0.77945467403956825 0.070488779597705872 0.76430662727604315 -0.18233259939230406 0.038496867815653486 0.98584644258022314 0.099818059433620057 0.91490343476905212 -0.098067890107631686 0.014036729872763696 -0.2312290703472884 0.51495712002118432 -0.8820299080827021 0.31116125431250441 -0.68054917142504745 -0.26945043880620906 0.52019237407616215 -0.11479527639410887 0.020550822889940305 0.98278395704925059 1.2855025923252106 0.024106555514865454 0.15317221335391032 -0.55867872100610005 0.40731262916868388 -0.73883264769207357 -0.68176221294062478 0.34753299161555273 -0.60967055981357898 0.28916877941323488 0.13512790432343116 0.83132079366062372 -0.13642519614388518 -0.23653813136007751 -0.94885382801294327 1.0914884656667709 0.35353051270757407 -0.29768859976902606 -0.0074987104704712319 0.44621620518820626 0.46471271490057309 -0.37092769056558611 0.35321086875417018 0.62869838087455099 0.75398209238052372 0.74883654327953564 -0.72890794927423652 -0.13928600922226905 0.52943143043861107 -0.30577833928167819 -1.2209564053493998 -0.15809187944978476 0.38609075185864472
leaf_weight=6820 1225 13065 1450 27 28 24 4040 25 22 21 1296 48 26 30 20 182 61 28 555 92 21 22 22 21 29 28 371 44 20 20 27 674 26 66 22 28 63 24 196 65 28 172 66 24 24 35 80 274 21 27 20 33 69 25 34 22 32 24 40 23 32 43
leaf_count=6820 1225 13065 1450 27 28 24 4040 25 22 21 1296 48 26 30 20 182 61 28 555 92 21 22 22 21 29 28 371 44 20 20 27 674 26 66 22 28 63 24 196 65 28 172 66 24 24 35 80 274 21 27 20 33 69 25 34 22 32 24 40 23 32 43
internal_value=0.000849034 -0.0183289 0.0750303 0.128717 0.245327 0.214421 8.64166e-05 0.165062 0.41463 -0.0684066 -0.0137961 0.0703547 0.431704 0.527132 -0.0220296 0.187544 0.65572 0.357414 0.0273537 0.0724093 0.0569041 -0.0477296 -0.0121587 0.205654 0.386336 0.118444 -0.0810585 0.532145 0.42271 0.686815 0.432054 0.0876993 0.00581921 0.0286449 -0.0146689 0.135003 -0.102842 0.0834768 0.161228 0.1077 0.356938 -0.0278934 -0.166584 -0.426489 0.718288 -0.0535824 -0.103667 0.106132 0.0867336 -0.146666 -0.318616 0.138647 0.203675 0.128285 0.085311 -0.174854 -0.532769 0.367865 -0.00787911 -0.825594 0.136561 0.00459182
internal_weight=32022 25444 6578 3094 1032 1004 18603 869 166 6841 14563 2062 74 144 13267 202 114 53 3484 1919 1988 538 516 124 103 57 392 135 111 67 47 1827 669 643 577 1158 115 87 1043 819 224 1565 297 90 46 207 145 703 676 123 96 553 458 389 364 95 75 90 73 43 56 1268
internal_count=32022 25444 6578 3094 1032 1004 18603 869 166 6841 14563 2062 74 144 13267 202 114 53 3484 1919 1988 538 516 124 103 57 392 135 111 67 47 1827 669 643 577 1158 115 87 1043 819 224 1565 297 90 46 207 145 703 676 123 96 553 458 389 364 95 75 90 73 43 56 1268
is_linear=0
shrinkage=0.05


Tree=115
num_leaves=63
num_cat=0
split_feature=32 33 31 34 31 33 31 37 31 31 38 32 32 31 30 33 32 33 31 32 37 32 33 33 34 33 33 31 33 6 31 32 34 4 32 31 33 31 21 32 31 37 31 31 2 34 32 33 5 33 32 20 33 30 34 32 32 34 25 33 33 32
split_gain=13901.3 8030.44 15274.6 12135.1 7306.8 8067.68 4713.51 4624.58 3839.05 8933.47 6204.62 5516.42 3871.34 3727.89 3634.11 3489.24 3477.92 7417.58 3908.39 3381.24 3246.71 3245.44 6111.8 3221.54 3066.72 3907.01 3051.12 8112.74 3815.54 5592.35 5039.09 3654.18 2920.48 3329.2 4008.73 2812.72 2654.11 2603.48 2795.38 2591.63 2563.88 2401.18 2392.5 2356.77 2337.83 2509.69 2305.79 2164.01 2237.37 4016.55 3621.54 2506.73 4107.35 2240.75 3418.42 2134.52 2630.94 2613.51 2578.16 2239.78 2115.66 5141.91
threshold=294.25000000000006 449.00000000000006 66.65000000000002 375.45000000000005 279.95000000000005 414.65000000000003 191.85000000000005 5.5000000000000009 394.65000000000003 335.95000000000005 1.0000000180025095e-35 474.15000000000003 414.85000000000008 117.45000000000002 1.0000000180025095e-35 483.85000000000008 181.65000000000001 427.15000000000003 476.65000000000003 354.35000000000008 5.5000000000000009 272.55000000000007 318.95000000000005 431.45000000000005 467.85000000000008 265.35000000000008 373.85000000000008 424.35000000000008 437.75000000000006 1.0000000180025095e-35 334.05000000000007 442.25000000000006 433.65000000000003 1.0000000180025095e-35 198.15000000000001 456.45000000000005 393.85000000000008 5.9500000000000011 1.0000000180025095e-35 442.25000000000006 476.65000000000003 3.5000000000000004 308.35000000000008 25.650000000000002 1.0000000180025095e-35 118.65000000000002 278.65000000000003 414.65000000000003 1.0000000180025095e-35 263.65000000000003 428.85000000000008 1.0000000180025095e-35 222.35000000000005 1.0000000180025095e-35 16.950000000000003 7.3500000000000005 191.75000000000003 1.5500000000000003 1.0000000180025095e-35 440.95000000000005 361.75000000000006 402.85000000000008
decision_type=2 2 2 2 2 2 2 2 2 2 2 2 2 2 2 2 2 2 2 2 2 2 2 2 2 2 2 2 2 2 2 2 2 2 2 2 2 2 2 2 2 2 2 2 2 2 2 2 2 2 2 2 2 2 2 2 2 2 2 2 2 2
left_child=4 6 15 8 20 21 23 26 9 11 -10 12 13 -4 16 -3 18 -18 -7 -15 32 24 46 47 -6 -26 60 28 29 30 42 36 37 34 -34 -29 -32 -1 -39 43 -37 -14 -28 -25 45 -19 -23 48 51 -50 -51 53 -53 -2 -55 59 -57 -58 -59 -40 -8 -62
right_child=1 2 3 -5 5 14 7 -9 10 -11 -12 -13 41 19 -16 -17 17 44 -20 -21 -22 22 -24 39 25 -27 27 35 -30 -31 31 -33 33 -35 -36 40 -38 38 55 -41 -42 -43 -44 -45 -46 -47 -48 -49 49 50 -52 52 -54 54 -56 56 57 58 -60 -61 61 -63
leaf_value=-0.12114768171312303 -0.020779634392931172 -0.18219269514083863 0.82222482502460492 1.3288732576183975 0.002583019010311998 0.13689454153598266 0.06326332316234605 0.75320564836263659 0.28253579945303503 1.0822146862745285 -0.76567011877894409 -0.38693250318590022 0.35143364844498814 0.35058321911914675 0.79068670020653653 -0.97154588245210194 1.2016265122786813 0.4760743347803752 -0.50784421861171725 -0.24405425816774368 0.42761847310596046 -0.31909634045472274 -0.78975277308593783 0.278613840341568 0.73537346757948407 -0.10855504696567853 0.34177972380628535 0.9673994334556888 -0.37502283094450833 -0.39472969290442195 0.12971225927273433 0.44039651729442464 -0.14797344361383891 0.5662092842553792 0.39612666218040082 0.041371989364807425 -0.56586152669042356 -0.055470671142000938 -0.037498435020816831 -0.7912820707667958 0.74355017098669829 0.99168692650273449 0.86618364576635687 -0.43203551492520742 -0.23077762904374499 -0.086095102628072115 0.0005441801835140681 0.33430132058759532 0.025223964282481123 0.21571275989658067 0.97282180352644498 -0.01734403005642135 -0.83047589159011848 -0.04738322110737072 0.70619193083710141 0.094083058898858082 0.024021697254503836 -0.14314926129074829 -0.7549085670709611 -0.48292780357958942 0.2396613182443561 -0.61880506019334547
leaf_weight=1191 2352 42 20 32 9428 245 3858 25 48 40 20 28 27 51 26 21 23 75 26 45 36 76 34 20 32 24 87 36 40 39 24 27 97 38 52 26 32 10178 1052 22 26 32 29 28 23 27 219 48 291 56 22 41 25 34 27 919 359 124 20 29 33 37
leaf_count=1191 2352 42 20 32 9428 245 3858 25 48 40 20 28 27 51 26 21 23 75 26 45 36 76 34 20 32 24 87 36 40 39 24 27 97 38 52 26 32 10178 1052 22 26 32 29 28 23 27 219 48 291 56 22 41 25 34 27 919 359 124 20 29 33 37
internal_value=-0.0047355 0.0538661 0.270287 0.401724 -0.0232427 0.0088613 0.0418048 0.0751337 0.306326 0.399255 -0.0257601 0.264682 0.36894 0.201222 0.217087 -0.44531 0.181493 0.376423 0.0750377 0.0718469 -0.0466072 -0.000581311 -0.154966 -0.00672786 0.00477429 0.37369 0.0711859 0.209261 0.0768166 0.152756 0.260052 -0.0373948 -0.0478215 0.148455 0.0419138 0.627663 -0.267758 -0.0504674 -0.0438291 -0.341899 0.392461 0.69869 0.472881 -0.135932 0.224585 0.327265 -0.0818039 0.00137365 -0.00423749 0.110629 0.429256 -0.0213354 -0.325349 -0.0130201 0.286166 0.00350946 0.0437675 -0.0481608 -0.228116 -0.049448 0.0583205 -0.214099
internal_weight=32044 7691 406 343 24353 10258 7285 4319 311 243 68 203 175 116 445 63 419 148 271 96 14095 9813 329 2966 9484 56 4294 366 278 238 199 83 14059 187 149 88 56 13872 12681 70 52 59 116 48 125 102 295 2896 2848 369 78 2479 66 2413 61 2503 1422 503 144 1081 3928 70
internal_count=32044 7691 406 343 24353 10258 7285 4319 311 243 68 203 175 116 445 63 419 148 271 96 14095 9813 329 2966 9484 56 4294 366 278 238 199 83 14059 187 149 88 56 13872 12681 70 52 59 116 48 125 102 295 2896 2848 369 78 2479 66 2413 61 2503 1422 503 144 1081 3928 70
is_linear=0
shrinkage=0.05


Tree=116
num_leaves=63
num_cat=0
split_feature=35 31 37 35 31 32 32 32 24 31 34 34 34 34 9 29 32 32 32 35 31 32 32 39 31 34 35 34 34 31 31 7 4 35 37 35 35 31 32 14 31 34 32 32 35 32 34 32 18 31 34 31 37 5 15 35 34 34 32 34 32 34
split_gain=19537.8 6270.59 5658.37 4602.98 3573.09 3538.16 3376.05 3237.25 6804.6 4926.36 9039.64 6867.48 4770.36 3834.69 3541.14 3423.56 3522.17 3002.52 5365.96 5686.79 3016.76 2813.27 2983.18 4850.55 2707.64 2567.72 5394.84 2560.43 6766.22 2552.94 2930.47 4973.86 2942.25 2481.06 2378.88 2773.78 2328.87 2580.96 2833.6 2314.72 2924.7 6942.37 4512.21 4049.81 5329.21 3379.49 3317.32 3221.44 4972.12 3308.08 3294.48 3044.63 2828.93 2426.55 2312.61 2358.87 2206.55 6233.88 5252.38 5433.44 5216.67 4244.19
threshold=511.05000000000007 12.65 5.5000000000000009 924.45000000000016 129.75000000000003 406.45000000000005 5.2500000000000009 422.85000000000008 1.0000000180025095e-35 446.65000000000003 230.30000000000004 78.600000000000009 292.45000000000005 492.05000000000007 1.0000000180025095e-35 1.0000000180025095e-35 398.85000000000008 392.85000000000008 378.65000000000003 1249.5000000000002 390.65000000000003 390.65000000000003 189.75000000000003 1.0000000180025095e-35 488.35000000000008 344.35000000000008 967.45000000000016 1.0000000180025095e-35 76.250000000000014 150.65000000000001 198.05000000000004 1.0000000180025095e-35 1.0000000180025095e-35 1122.0000000000002 3.5000000000000004 690.95000000000016 538.75000000000011 263.65000000000003 298.45000000000005 1.0000000180025095e-35 273.55000000000007 372.90000000000003 480.05000000000007 491.15000000000003 1313.1500000000003 476.25000000000006 283.35000000000008 438.55000000000007 1.0000000180025095e-35 384.75000000000006 206.45000000000002 343.95000000000005 3.5000000000000004 1.0000000180025095e-35 1.0000000180025095e-35 1055.7500000000002 18.200000000000006 2.0500000000000003 282.15000000000003 405.75000000000006 333.65000000000003 381.05000000000007
decision_type=2 2 2 2 2 2 2 2 2 2 2 2 2 2 2 2 2 2 2 2 2 2 2 2 2 2 2 2 2 2 2 2 2 2 2 2 2 2 2 2 2 2 2 2 2 2 2 2 2 2 2 2 2 2 2 2 2 2 2 2 2 2
left_child=4 5 3 6 -1 -2 34 13 9 39 11 14 -10 15 -11 17 21 18 54 20 -20 22 23 -17 -6 26 -4 -8 -29 -24 -31 32 -32 -25 35 -3 -30 -38 -39 40 41 46 47 44 -44 -43 53 51 49 50 52 -42 -49 -9 56 -56 57 -5 -58 61 -61 -60
right_child=1 2 25 7 24 -7 27 8 12 10 -12 -13 -14 -15 -16 16 -18 -19 19 -21 -22 -23 29 33 -26 -27 -28 28 36 30 31 -33 -34 -35 -36 -37 37 38 -40 -41 42 45 43 -45 -46 -47 -48 48 -50 -51 -52 -53 -54 -55 55 -57 58 -59 59 60 -62 -63
leaf_value=-0.06466936510516394 -0.052821488948995167 -0.16227988924403661 0.64740513933671495 0.13196230821857979 -0.023532756161116622 -0.36216362678105873 0.044221282293621579 0.24226495577616897 0.028040169550575752 0.53333920343564112 1.2609131161508891 -0.56535108804702761 -0.57406583456972304 0.54918965630233296 -0.1718061413793337 0.47787239623480837 -0.50155916546666346 -0.066736579109990118 0.37249048088278092 0.94938144940469005 -0.28754758005556852 0.55277939081192018 0.27300609350204469 -0.33122791689634323 0.1348735733619095 0.77689621132962849 -0.25486227164665859 -0.21748911204628191 0.54410243711688311 -0.71704236131448018 0.059887926124322879 -0.7654776593936341 -0.48944737792015075 0.30594732517545875 -0.021265715437057693 -0.73706792434677482 -0.026007144258104228 0.10219108990998382 0.65053833539669337 -0.30130749768935722 0.66484859154142184 0.0809608257479138 0.28306714043472753 0.028393290572696264 1.3174171245098114 -0.71716631253560381 0.78602104875776513 -0.4887566470851501 0.42457260191440582 0.082260617247798984 -0.85530995524355358 0.01337613140014892 0.084550840273881572 0.68033921687226551 -0.5962445537249248 -0.0021600466424768622 0.12574795153545218 0.83858844005700317 -0.1658486662361818 -0.16607869386672974 0.63176686550889705 -0.92432968907058255
leaf_weight=7043 347 61 37 576 11942 126 6848 188 140 117 29 20 43 40 21 58 43 296 70 36 23 20 30 50 276 34 30 358 22 26 130 28 30 22 117 32 718 251 26 26 29 36 33 45 20 21 45 48 35 57 28 47 39 38 24 55 742 33 237 40 42 20
leaf_count=7043 347 61 37 576 11942 126 6848 188 140 117 29 20 43 40 21 58 43 296 70 36 23 20 30 50 276 34 30 358 22 26 130 28 30 22 117 32 718 251 26 26 29 36 33 45 20 21 45 48 35 57 28 47 39 38 24 55 742 33 237 40 42 20
internal_value=-0.00449872 0.0434258 0.0502903 0.0472071 -0.0363049 -0.135226 0.0266636 0.0930872 0.165065 0.220343 0.449477 0.300543 -0.113438 0.0633099 0.426034 0.0559229 -0.0718757 0.0813778 0.104477 0.415802 0.209255 -0.0249813 -0.0558776 0.137585 -0.0199544 0.422996 0.243405 0.0317192 -0.0305455 -0.158952 -0.219507 -0.150699 -0.0431124 -0.136535 -0.171302 -0.360056 0.0352616 0.0240109 0.153661 0.162046 0.179038 0.288487 0.0848135 0.377217 0.673388 -0.213086 0.393984 -0.0164429 -0.11866 -0.229202 -0.383578 0.261964 -0.231757 0.315923 0.0817741 -0.182641 0.0941343 0.170252 0.0512519 -0.111804 0.242574 -0.224874
internal_weight=32044 12783 12310 12209 19261 473 8433 3776 1105 922 187 158 183 2671 138 2631 437 2194 1898 129 93 394 374 130 12218 101 67 8223 1375 244 214 188 160 72 210 93 1017 995 277 735 709 328 381 98 53 57 271 283 207 172 115 76 87 226 1769 79 1690 609 1081 339 82 257
internal_count=32044 12783 12310 12209 19261 473 8433 3776 1105 922 187 158 183 2671 138 2631 437 2194 1898 129 93 394 374 130 12218 101 67 8223 1375 244 214 188 160 72 210 93 1017 995 277 735 709 328 381 98 53 57 271 283 207 172 115 76 87 226 1769 79 1690 609 1081 339 82 257
is_linear=0
shrinkage=0.05


Tree=117
num_leaves=63
num_cat=0
split_feature=35 40 40 35 33 36 9 20 32 33 37 33 40 40 40 1 35 40 33 35 35 33 36 32 36 27 36 32 30 33 17 35 35 33 40 40 40 40 33 34 36 39 32 40 8 33 34 34 36 8 11 33 36 21 35 6 9 32 32 35 36 35
split_gain=17632.9 7384.4 5949.85 5495.86 5528.17 10882 6004.84 5733.89 5420.21 5335.99 5096.75 5121.25 4800.92 11228 5557.42 5999.9 5105.44 4766.45 5405.65 4746.5 4477.26 7528.89 5652.2 6126.81 4325.04 4504.43 4122.4 4407.35 3677.34 4516.48 5691.67 7124.69 4369.37 3777.43 3615.32 5298.58 4825.85 4528.49 3587.73 3572.34 3551.15 13515.9 5995.61 3485.39 3288.61 3105.65 3027.5 5692.18 4283.52 3487.84 3628.45 3307.4 4170.02 3179.79 3158.17 3004.37 2986.8 2814.07 3040.39 2794.37 5823.68 3945.44
threshold=511.05000000000007 1.5000000000000002 2.5000000000000004 924.45000000000016 407.65000000000003 315.18333333333339 1.0000000180025095e-35 1.0000000180025095e-35 272.55000000000007 423.05000000000007 3.5000000000000004 111.75000000000001 3.5000000000000004 4.5000000000000009 5.5000000000000009 1.0000000180025095e-35 1069.4000000000003 1.0000000180025095e-35 1.3500000000000003 1249.5000000000002 1279.4000000000003 463.55000000000007 305.71666666666675 446.55000000000007 349.91250000000008 1.0000000180025095e-35 345.05000000000013 374.65000000000003 1.0000000180025095e-35 187.75000000000003 1.0000000180025095e-35 1351.1500000000003 1155.7500000000002 69.750000000000014 4.5000000000000009 5.5000000000000009 3.5000000000000004 2.5000000000000004 392.15000000000003 488.60000000000008 376.6375000000001 1.0000000180025095e-35 426.95000000000005 1.5000000000000002 1.0000000180025095e-35 303.30000000000001 295.2000000000001 258.25000000000006 168.93750000000003 1.0000000180025095e-35 1.0000000180025095e-35 90.950000000000017 223.16250000000005 1.0000000180025095e-35 838.80000000000018 1.0000000180025095e-35 1.0000000180025095e-35 356.45000000000005 242.55000000000004 782.6500000000002 263.94166666666672 794.6500000000002
decision_type=2 2 2 2 2 2 2 2 2 2 2 2 2 2 2 2 2 2 2 2 2 2 2 2 2 2 2 2 2 2 2 2 2 2 2 2 2 2 2 2 2 2 2 2 2 2 2 2 2 2 2 2 2 2 2 2 2 2 2 2 2 2
left_child=17 3 19 46 6 9 7 10 -8 -6 11 -5 16 -14 20 39 -4 -1 34 -3 -15 22 -22 26 25 28 27 -24 29 32 31 -31 33 -12 36 -36 37 43 -28 -16 42 -42 57 -19 -13 -9 47 49 -48 51 -51 54 55 -54 59 -53 -11 58 -7 -2 -61 -62
right_child=1 2 12 4 5 40 8 45 -10 56 24 44 13 14 15 -17 -18 18 -20 -21 21 -23 23 -25 -26 -27 38 -29 -30 30 -32 -33 -34 -35 35 -37 -38 -39 -40 -41 41 -43 -44 -45 -46 -47 48 -49 -50 50 -52 52 53 -55 -56 -57 -58 -59 -60 60 61 -63
leaf_value=0.020072463059702124 0.10213912834196924 -0.11592035248941263 0.08339806791647511 0.6844036374773298 0.86586317218840125 0.53180742093494959 0.31318177504258027 0.054428238395986886 -0.42011194961766407 -0.1059169368505478 0.32159558793772824 -0.031026870044677152 -0.12065892359682824 0.077261313169192353 0.013861594263760308 -0.49839797439211503 0.39796021491387823 -0.022873217678179261 -0.14496075910483716 -0.82358330047130579 0.80912520360795726 0.99073996063854031 -0.53010933321455256 -0.44990673813708998 0.91832084325807439 -0.33608078637293409 1.0991204441746785 0.48476893186569214 0.78093390892713499 0.4077621596389891 1.1350768566131593 -0.52399348642515109 0.53273394229235471 -0.45025845564463562 0.028783567879698598 -0.048041083639952353 -0.13649686416564752 0.024772287710709526 0.16339718878269197 -0.55298696500914435 -0.50747054716944695 1.0338048824758241 1.6351698693633079 -0.16681763237412031 -0.69947431398474658 -0.69813333669534094 0.41013930154883343 0.7159833539934719 -0.35805420925797421 0.29831245988444732 -0.36048123059065446 0.0050439671385581336 -0.1194071876872706 -0.62978351905065422 0.36382787901835117 0.34936198055744172 0.47398953570259944 0.22771341276168822 1.3172768728299575 -0.85592317328167467 -0.58102998077869417 0.22660236420530466
leaf_weight=3314 809 454 885 21 20 28 36 29 84 125 23 92 1283 2625 3787 59 151 870 1266 25 29 35 23 43 28 28 21 20 39 190 23 23 27 51 3599 5963 1822 1613 20 28 25 33 20 814 23 26 23 34 86 229 23 408 298 34 102 75 27 25 22 24 20 62
leaf_count=3314 809 454 885 21 20 28 36 29 84 125 23 92 1283 2625 3787 59 151 870 1266 25 29 35 23 43 28 28 21 20 39 190 23 23 27 51 3599 5963 1822 1613 20 28 25 33 20 814 23 26 23 34 86 229 23 408 298 34 102 75 27 25 22 24 20 62
internal_value=-0.00427379 0.0412545 0.0188595 0.105741 0.198988 0.370988 0.123753 0.186137 -0.200124 0.0981126 0.233339 -0.0336022 0.0279894 0.0148322 0.0408165 0.00196302 0.129246 -0.0344897 -0.0458284 -0.152855 0.0942677 0.327994 0.179301 0.035483 0.317375 0.275726 0.283956 -0.0580729 0.321286 0.268092 0.387838 0.30715 -0.0117096 -0.210358 -0.0372799 -0.0191254 -0.0711914 -0.0351021 0.64267 0.00970124 0.67775 0.369462 0.865968 -0.092452 -0.164716 -0.301328 0.061023 0.0742482 -0.195958 0.0637784 0.238184 0.039788 -0.0352588 -0.171675 0.0999288 0.0585095 -0.00290723 0.660847 0.877414 0.0705105 -0.170881 0.0296189
internal_weight=32044 12783 9488 3295 1068 325 743 623 120 172 568 136 9009 7973 6690 3874 1036 19261 15947 479 2816 191 156 127 432 404 84 43 376 337 236 213 101 74 14681 9562 5119 3297 41 3815 153 58 95 1684 115 55 2227 2118 109 2084 252 1832 815 332 1017 483 152 75 50 915 106 82
internal_count=32044 12783 9488 3295 1068 325 743 623 120 172 568 136 9009 7973 6690 3874 1036 19261 15947 479 2816 191 156 127 432 404 84 43 376 337 236 213 101 74 14681 9562 5119 3297 41 3815 153 58 95 1684 115 55 2227 2118 109 2084 252 1832 815 332 1017 483 152 75 50 915 106 82
is_linear=0
shrinkage=0.05


Tree=118
num_leaves=63
num_cat=0
split_feature=40 31 33 32 33 36 37 33 32 33 31 5 31 31 32 36 34 37 31 36 34 28 40 40 34 37 19 40 32 40 34 33 36 36 40 40 40 40 40 31 33 22 34 32 33 31 36 12 9 5 40 34 18 39 33 31 6 31 31 37 37 34
split_gain=11182.9 7623.84 11420.4 9464.49 7280.22 6643.69 5553.71 4724.69 6178.29 4569.34 4439.19 4464.91 5332.3 6380.93 4371.21 6976.87 4239.93 4020.37 3944.35 5495.75 5404.98 4494.05 3697.42 7220.99 4376.39 3690.85 3230.64 3170.31 5111.51 3887.06 3299.9 3164.27 4691.06 3162.94 3106.08 4654.98 3139.08 3219.81 3133.95 3076.03 4976.76 3687.32 4113.46 4629.24 3281.26 3202.1 4451.81 3303.24 3527.88 3232.84 3010.01 2993.42 2916.23 2730.8 2711.72 2606.17 3197.58 4954.04 9945 3485.82 2850 2837.08
threshold=1.0000000180025095e-35 296.45000000000005 414.65000000000003 478.05000000000007 457.35000000000008 315.18333333333339 5.5000000000000009 419.15000000000003 454.55000000000007 485.45000000000005 312.25000000000006 1.0000000180025095e-35 474.75000000000006 448.25000000000006 312.15000000000003 313.22500000000008 1.0000000180025095e-35 1.5000000000000002 436.65000000000003 390.78333333333336 275.80000000000001 1.0000000180025095e-35 4.5000000000000009 3.5000000000000004 470.75000000000006 4.5000000000000009 1.0000000180025095e-35 2.5000000000000004 420.85000000000008 1.5000000000000002 329.50000000000006 463.55000000000007 285.45833333333337 376.6375000000001 4.5000000000000009 5.5000000000000009 3.5000000000000004 2.5000000000000004 1.5000000000000002 13.850000000000003 437.75000000000006 1.0000000180025095e-35 224.05000000000004 401.15000000000003 217.75000000000003 21.350000000000005 265.25500000000005 1.0000000180025095e-35 1.0000000180025095e-35 1.0000000180025095e-35 5.5000000000000009 424.75000000000006 1.0000000180025095e-35 1.0000000180025095e-35 241.55000000000004 316.35000000000008 1.0000000180025095e-35 402.75000000000006 466.85000000000008 3.5000000000000004 3.5000000000000004 455.55000000000007
decision_type=2 2 2 2 2 2 2 2 2 2 2 2 2 2 2 2 2 2 2 2 2 2 2 2 2 2 2 2 2 2 2 2 2 2 2 2 2 2 2 2 2 2 2 2 2 2 2 2 2 2 2 2 2 2 2 2 2 2 2 2 2 2
left_child=4 14 22 7 6 9 17 -4 10 16 -9 12 13 18 15 34 -6 -1 19 20 21 31 23 27 -24 -26 55 28 29 -3 -29 -12 -33 -7 36 -36 37 38 -2 40 -16 44 43 -43 -41 46 -46 48 -47 50 -50 52 -25 -13 -31 -19 61 60 59 -59 -58 -57
right_child=1 2 3 -5 5 33 -8 8 -10 -11 11 53 -14 -15 39 -17 -18 26 -20 -21 -22 -23 24 51 25 -27 -28 30 -30 54 -32 32 -34 -35 35 -37 -38 -39 -40 41 -42 42 -44 -45 45 47 -48 -49 49 -51 -52 -53 -54 -55 -56 56 57 58 -60 -61 -62 -63
leaf_value=-0.014255369219203298 -0.032348263349151578 0.019359742530506319 0.84336526747103102 1.2835898704117252 0.67875083120579416 1.103280029978071 0.8587507249343963 0.79178426186243689 -0.63597751907680344 -0.3278966754089509 -0.018471714310786303 0.13532943775256476 -0.24946871027350426 0.84582169496494797 -0.066707666284602257 -0.76882779431693704 0.014032070612420842 0.052193944046177138 -0.44938924113909406 0.92404841482639322 0.74060258037514159 -0.46786082163453102 0.021944859090889592 -0.10180079412173848 0.15153553792408536 0.98999783538636699 -0.10835639159154634 0.059940168819756556 0.33465638222490868 -0.1405212811671443 0.50737284162883156 0.934790535909789 0.086525588769179138 0.3669254907369614 0.013952928779914895 -0.063496206868683291 -0.14189877485642668 0.0020676091098871478 -0.1831095403445068 0.00636276629272595 -0.71495802067220215 -0.41988361507654193 -0.62858669485160434 0.26392890233885158 0.12089481271546464 0.1760155352412448 1.0905615568161011 -0.3485295571577855 -0.38984152368910907 0.46561524208102911 0.1493029487438691 -0.74475501164793967 -0.36803882474962035 -0.58022942125797272 -0.54475210503391602 0.15538916535887784 0.018564422130584717 -0.38335625789104366 0.40317091833461416 -1.159464152869971 0.75535226535229461 0.72832185554910789
leaf_weight=1961 697 509 27 21 47 35 21 30 23 35 85 24 51 46 396 34 49 2302 21 28 36 32 6167 1052 35 21 230 989 82 423 43 28 39 25 3165 5013 1586 1333 682 2028 32 45 43 55 29 599 20 39 77 21 39 20 114 30 46 1211 35 39 33 23 21 22
leaf_count=1961 697 509 27 21 47 35 21 30 23 35 85 24 51 46 396 34 49 2302 21 28 36 32 6167 1052 35 21 230 989 82 423 43 28 39 25 3165 5013 1586 1333 682 2028 32 45 43 55 29 599 20 39 77 21 39 20 114 30 46 1211 35 39 33 23 21 22
internal_value=-0.0040601 -0.0183667 0.0158012 0.24373 0.0569232 0.360735 0.0470846 0.200055 0.163334 0.161164 0.204187 0.162216 0.224835 0.301628 -0.0398586 -0.0535578 0.339467 0.0441843 0.208568 0.264282 0.180312 0.0706902 0.00330243 -0.039674 0.0259405 0.465959 0.0734489 0.0162021 -0.0445313 -0.0763241 0.0785832 0.184069 0.441024 0.796466 -0.0516085 -0.0335223 -0.0860221 -0.0533449 -0.106909 0.0102079 -0.115175 0.0281257 -0.219636 -0.0437867 0.0405485 0.124685 0.516677 0.0999014 0.123663 -0.105234 -0.208577 -0.138234 -0.127831 -0.262203 -0.180169 0.0847933 0.139016 -0.0781575 -0.298041 -0.671267 0.29486 0.165612
internal_weight=32044 25955 10022 521 6089 191 5898 500 473 131 450 420 366 315 15933 12510 96 5877 269 248 220 184 9501 3278 6223 56 3916 2092 1060 978 1032 152 67 60 12476 8178 4298 2712 1379 3423 428 2995 143 100 2852 824 49 775 736 137 116 1186 1166 54 469 3686 1384 151 95 62 56 1233
internal_count=32044 25955 10022 521 6089 191 5898 500 473 131 450 420 366 315 15933 12510 96 5877 269 248 220 184 9501 3278 6223 56 3916 2092 1060 978 1032 152 67 60 12476 8178 4298 2712 1379 3423 428 2995 143 100 2852 824 49 775 736 137 116 1186 1166 54 469 3686 1384 151 95 62 56 1233
is_linear=0
shrinkage=0.05


Tree=119
num_leaves=63
num_cat=0
split_feature=35 31 33 31 32 37 36 33 33 36 35 31 36 31 35 36 34 35 5 31 33 31 34 35 32 32 19 21 31 35 33 32 35 37 35 34 32 36 34 33 33 33 36 35 31 8 31 35 35 4 31 36 32 34 35 36 39 32 36 34 31 33
split_gain=14733.4 5214.57 6467.2 7113.06 13377.3 5457.56 4162.2 4143.84 3888.77 3634.92 4637.92 5514.06 3423.27 3399.96 3350.01 6362.9 3231.55 3693.23 3212.06 3936.07 3026.92 3602.38 2999.69 4956.01 3165.85 2865.21 2917.99 3127.71 2919.99 6055.26 3716.66 2772.36 2592.3 2565.06 2462.65 2437.37 2382 2232.81 2410.13 2059.76 2176.06 2249.27 2954.99 4566.85 2197.38 2032.71 2006.65 2002.08 2731.85 1989.67 1941.53 2565.71 1922.29 4357.24 3418.13 3048.74 2130.79 1889.05 2979.11 2021.65 6837.54 2944.96
threshold=511.05000000000007 12.65 453.55000000000007 335.95000000000005 436.65000000000003 5.5000000000000009 279.41250000000008 4.4500000000000011 114.05000000000001 382.3250000000001 1203.6500000000003 205.95000000000002 359.52500000000003 150.65000000000001 153.05000000000004 89.916666666666671 329.50000000000006 978.05000000000007 1.0000000180025095e-35 476.65000000000003 492.55000000000007 300.15000000000003 216.55000000000004 1249.5000000000002 240.45000000000002 5.2500000000000009 1.0000000180025095e-35 1.0000000180025095e-35 363.85000000000008 1020.4500000000002 84.950000000000017 229.65000000000001 161.25000000000003 3.5000000000000004 455.95000000000005 413.35000000000008 298.45000000000005 92.112500000000011 2.5500000000000003 427.15000000000003 168.35000000000005 235.55000000000004 194.51250000000002 860.05000000000007 370.15000000000003 1.0000000180025095e-35 366.05000000000007 311.15000000000003 403.75000000000006 1.0000000180025095e-35 199.85000000000005 226.32916666666668 274.55000000000007 58.850000000000001 933.35000000000025 206.78750000000005 1.0000000180025095e-35 13.15 202.21666666666673 461.10000000000008 434.55000000000007 399.55000000000007
decision_type=2 2 2 2 2 2 2 2 2 2 2 2 2 2 2 2 2 2 2 2 2 2 2 2 2 2 2 2 2 2 2 2 2 2 2 2 2 2 2 2 2 2 2 2 2 2 2 2 2 2 2 2 2 2 2 2 2 2 2 2 2 2
left_child=7 6 5 9 18 25 -2 14 -7 10 12 -12 13 52 -1 32 17 -10 19 22 21 45 23 24 46 39 57 28 29 -28 31 -30 -16 47 -17 -13 -29 -35 -39 40 -3 44 -43 -44 -42 49 -5 -9 -49 50 -15 -52 55 54 -54 -4 -57 58 -27 -59 61 -61
right_child=1 2 3 4 -6 8 -8 33 16 -11 11 35 -14 20 15 34 -18 -19 -20 -21 -22 -23 -24 -25 -26 26 27 36 30 -31 -32 -33 -34 37 -36 -37 -38 38 -40 -41 41 42 43 -45 -46 -47 -48 48 -50 -51 51 -53 53 -55 -56 56 -58 59 -60 60 -62 -63
leaf_value=-0.059718783634727914 -0.087249013867548061 -0.37129417233742201 0.063527070808534827 0.64087116618951168 1.2838290396663878 -0.18018150216057188 -0.70550986980569785 -0.29599248237958919 0.78718178641671943 -0.44896255423945769 0.92646724700927729 0.37231895555224687 0.6025034096951668 -0.58408430257910182 -0.092609588909026708 -0.027682101046587734 1.0663878746330739 -0.099469188827535387 -0.20789381906841742 -0.26501099451165649 -0.52359737333792611 0.44966826438903812 0.8059160246236905 -0.30956376679586595 0.80996245818260393 -0.0090905399107082379 -0.18369896763999186 -0.092460036384207869 -0.41030238508468586 0.47209156016734516 -0.58999015216316497 0.39286861125041139 0.23470724934801757 0.10591424695961178 0.032806551855349357 -0.31610889554023747 0.54877198745807021 0.030737847933568152 -0.23671836395099849 -0.57117954730987552 -0.017375656465689341 0.22263057697110061 -0.69644385713177759 0.10028376579284669 0.69224820286035538 0.27166268957985773 0.092932445230809124 0.009415989236533643 -0.19790700396401126 0.17943617169346129 0.34069807350635534 -0.31058503120176256 -0.27148271825002585 -0.57416428864002234 0.50079463955603154 0.97962453186511989 0.32922123869990605 0.033791858756544883 0.45553537133433253 0.13424448764254882 0.82735572776624144 -0.50678904354572296
leaf_weight=4974 444 52 66 24 36 21 29 219 24 31 35 36 26 38 73 10412 24 23 33 25 38 32 37 27 39 69 176 28 21 44 70 22 353 200 2007 20 30 166 171 25 24 41 37 35 20 27 55 250 436 28 20 62 23 25 38 20 34 10353 69 172 35 20
leaf_count=4974 444 52 66 24 36 21 29 219 24 31 35 36 26 38 73 10412 24 23 33 25 38 32 37 27 39 69 176 28 21 44 70 22 353 200 2007 20 30 166 171 25 24 41 37 35 20 27 55 250 436 28 20 62 23 25 38 20 34 10353 69 172 35 20
internal_value=-0.00385709 0.03776 0.0440198 0.175033 0.385049 0.0339948 -0.125155 -0.0314772 0.417544 0.0782637 0.107038 0.43415 0.0446334 0.0124724 -0.0248798 -0.011389 0.594336 0.353289 0.250232 0.323266 -0.113411 -0.0381112 0.404074 0.301535 0.441362 0.030884 0.0345311 -0.0996349 -0.158653 -0.0525409 -0.365244 0.000622311 0.178618 -0.113002 -0.0179067 0.126452 0.239212 -0.0264311 -0.104974 -0.142263 -0.0909569 0.0018937 -0.1162 -0.309146 0.305181 -0.127305 0.259395 -0.164371 -0.122352 -0.20009 -0.288646 -0.151735 0.162188 -0.0182327 0.209608 0.29149 0.570111 0.0394256 0.223222 0.0370282 0.184633 0.0674702
internal_weight=32044 12783 12310 875 276 11435 473 19261 92 599 568 91 477 451 17819 12845 71 47 240 207 245 207 182 145 118 11343 11109 391 333 220 113 43 426 1442 12419 56 58 537 337 234 209 157 113 72 44 175 79 905 686 148 120 82 206 86 61 120 54 10718 138 10580 227 192
internal_count=32044 12783 12310 875 276 11435 473 19261 92 599 568 91 477 451 17819 12845 71 47 240 207 245 207 182 145 118 11343 11109 391 333 220 113 43 426 1442 12419 56 58 537 337 234 209 157 113 72 44 175 79 905 686 148 120 82 206 86 61 120 54 10718 138 10580 227 192
is_linear=0
shrinkage=0.05


Tree=120
num_leaves=63
num_cat=0
split_feature=35 37 35 36 35 21 32 34 37 32 32 40 40 35 35 36 28 40 24 32 36 34 34 40 36 36 9 34 36 39 34 35 27 32 39 32 35 34 40 40 40 34 32 32 32 34 40 32 40 40 32 40 35 32 9 35 40 40 25 34 36 9
split_gain=16358.5 8122.87 6132.62 4305.29 5706.24 10602.8 4413.61 5938.78 4263.52 3437.67 3335 3251.57 6575.2 4650.31 5252.39 4577.04 3918.64 3797.06 3676.37 3151.64 3558.22 3404.16 6676.2 3144.37 2950.9 6372.02 6901.95 4669.05 4381.42 4668.37 3945.06 3841.51 3547.72 3254.78 6197.67 4617.57 3560.51 5920 3461.87 3129.15 5115.06 3646.76 3543.08 3307.49 3246.09 2930.01 3156.53 3103.15 2915.2 4653.85 2868.66 2847.78 3033.79 2843.99 3492.89 3315.58 2825.67 6111.97 2814.14 4458.7 3209.46 2780.15
threshold=439.9500000000001 5.5000000000000009 1032.6500000000003 390.78333333333336 1531.0000000000002 1.0000000180025095e-35 319.65000000000003 441.85000000000008 4.5000000000000009 410.95000000000005 436.65000000000003 1.5000000000000002 4.5000000000000009 967.45000000000016 838.80000000000018 205.71666666666673 1.0000000180025095e-35 5.5000000000000009 1.0000000180025095e-35 458.65000000000003 238.91250000000005 281.35000000000008 392.15000000000003 1.5000000000000002 311.45833333333337 323.02500000000003 1.0000000180025095e-35 18.200000000000006 302.3633333333334 1.0000000180025095e-35 333.45000000000005 1170.4500000000003 1.0000000180025095e-35 438.55000000000007 1.0000000180025095e-35 308.35000000000008 1096.7500000000002 243.25000000000003 1.0000000180025095e-35 1.5000000000000002 2.5000000000000004 480.2000000000001 356.45000000000005 294.25000000000006 212.85000000000005 243.25000000000003 4.5000000000000009 430.85000000000008 1.5000000000000002 2.5000000000000004 283.95000000000005 3.5000000000000004 860.05000000000007 410.95000000000005 1.0000000180025095e-35 1110.2000000000003 2.5000000000000004 3.5000000000000004 1.0000000180025095e-35 152.40000000000003 259.61250000000007 1.0000000180025095e-35
decision_type=2 2 2 2 2 2 2 2 2 2 2 2 2 2 2 2 2 2 2 2 2 2 2 2 2 2 2 2 2 2 2 2 2 2 2 2 2 2 2 2 2 2 2 2 2 2 2 2 2 2 2 2 2 2 2 2 2 2 2 2 2 2
left_child=8 2 11 4 19 -6 -5 9 48 -8 -11 58 13 14 56 -15 -17 18 -14 24 -21 61 -23 -3 27 26 -26 31 32 -30 -31 -4 33 35 -35 36 37 -29 -38 42 -41 45 43 44 -27 47 -47 53 -1 -50 -34 -16 -53 54 55 -42 -13 -58 -2 60 -60 -22
right_child=1 23 3 6 5 -7 7 -9 -10 10 -12 12 17 15 51 16 -18 -19 -20 20 21 22 -24 -25 25 39 -28 28 29 30 -32 -33 50 34 -36 -37 38 -39 -40 40 41 -43 -44 -45 -46 46 -48 -49 49 -51 -52 52 -54 -55 -56 -57 57 -59 59 -61 -62 -63
leaf_value=0.0036934781795436586 0.079431465438749266 0.94220782610086296 0.49335062897713611 -0.38186091809045702 -1.1796836490631104 0.21453294314444069 0.61554677005399738 1.1761592280297053 0.50075355047309722 -0.2519166582540886 0.30601866309790271 -0.18095375844529971 0.055929749183318334 0.30062176299095156 0.24376814363224963 -0.56734263441628874 0.12733214747905733 0.0015342276545057495 0.23354534478490116 -0.41855268210172653 0.25282861653867428 0.86183401346206667 0.03969152578434279 0.31471372841489176 -0.6357725808737984 0.60026768716898837 0.41578374044969685 -0.26270908506549134 0.93701413253258026 0.48955113366246228 -0.40562461853027348 -0.052351988990639531 -0.028579799937350409 -1.0051058357954026 0.13900562504242206 0.23483172479972861 0.21256817833582564 0.3980377178029581 -0.16922077819312875 -0.80694808602333079 0.055506445032959754 -0.56936014938354496 -0.0063456097519711445 0.82543137760625962 -0.26881953293368932 -0.1675961330998689 0.41318645059377301 0.34487717740419432 -0.16940093952414609 -0.040228031559480792 -0.79154434664682904 -0.48007735684514047 0.066532169246312348 -0.66944149840961809 0.43394779078662399 -0.44018029753839782 0.051790477483525159 -0.12381474044976525 0.15018897917250107 -0.47371455232302351 -0.17204870811040454 -0.16158996329588049
leaf_weight=3510 2904 26 129 21 25 30 57 21 37 37 97 461 2545 25 224 108 25 4161 329 20 196 58 43 86 71 22 20 49 29 32 20 43 28 20 29 338 75 110 285 20 74 25 76 36 21 32 87 41 741 11819 22 30 165 22 29 62 912 1085 174 57 139 51
leaf_count=3510 2904 26 129 21 25 30 57 21 37 37 97 461 2545 25 224 108 25 4161 329 20 196 58 43 86 71 22 20 49 29 32 20 43 28 20 29 338 75 110 285 20 74 25 76 36 21 32 87 41 741 11819 22 30 165 22 29 62 912 1085 174 57 139 51
internal_value=0.000191305 0.0360689 0.03307 0.104888 0.0838788 -0.419202 0.309568 0.378059 -0.0353566 0.290309 0.151962 0.0195988 0.00552544 -0.0559869 -0.0414829 -0.32009 -0.436765 0.0320628 0.0762622 0.0963707 0.229987 0.26726 0.511813 0.460382 0.0697486 -0.0172508 -0.404661 0.115659 0.0756419 0.428723 0.145253 0.356925 0.045726 0.0683535 -0.327979 0.0910143 -0.00264722 0.194411 -0.0896814 0.0471996 -0.0279995 0.0138795 0.23738 0.471851 0.17583 0.0558997 0.25701 -0.0490656 -0.036591 -0.0478488 -0.364284 0.122147 -0.0175616 -0.135438 -0.0642377 -0.170468 -0.0693758 -0.0436185 0.062885 -0.0669828 0.00708662 0.16726
internal_weight=32066 15959 15847 2503 2270 55 233 212 16107 191 134 13344 10070 3035 2877 158 133 7035 2874 2215 368 348 101 112 1847 638 91 1209 1037 81 52 172 956 906 49 857 519 159 360 547 392 372 155 79 43 347 119 228 16070 12560 50 419 195 187 165 136 2458 1997 3274 370 313 247
internal_count=32066 15959 15847 2503 2270 55 233 212 16107 191 134 13344 10070 3035 2877 158 133 7035 2874 2215 368 348 101 112 1847 638 91 1209 1037 81 52 172 956 906 49 857 519 159 360 547 392 372 155 79 43 347 119 228 16070 12560 50 419 195 187 165 136 2458 1997 3274 370 313 247
is_linear=0
shrinkage=0.05


Tree=121
num_leaves=63
num_cat=0
split_feature=36 34 33 9 36 37 33 36 34 33 37 38 34 40 40 40 40 33 40 17 33 34 33 36 36 40 40 36 10 11 34 36 19 34 5 34 34 34 33 40 40 36 19 23 34 40 36 34 34 28 36 33 33 36 38 34 36 33 37 36 36 33
split_gain=9342.79 7270.8 4686.17 7455.3 9556.76 4994.32 4293.69 6636.12 4290.24 4918.76 4263.18 3880.18 3245.11 3225.53 5459.48 4096.8 8968.68 5096.75 4205.73 4206.12 4044.54 3870.98 3451.12 3286.29 3946.91 3214.45 5326.9 3185.64 3627.29 3182.81 6512.85 5156.79 3198.17 3328.88 4254.8 5241.98 3302.11 3173.87 3273.59 3126.45 5286.25 3095.27 3045.07 3086.79 3000.64 2958.8 2909.63 2880.25 2762.82 4166.18 2701.84 2657.35 5475.75 3654.57 3261.78 3326.6 3111.29 2609.05 3160.85 2589.25 2516.96 2485.59
threshold=182.71250000000003 241.35000000000005 427.15000000000003 1.0000000180025095e-35 323.02500000000003 5.5000000000000009 434.15000000000003 379.48750000000007 365.65000000000003 419.15000000000003 5.5000000000000009 1.0000000180025095e-35 403.55000000000007 1.5000000000000002 2.5000000000000004 3.5000000000000004 4.5000000000000009 459.35000000000008 5.5000000000000009 1.0000000180025095e-35 345.40000000000003 182.75000000000003 471.15000000000003 394.05000000000007 354.54166666666669 1.5000000000000002 4.5000000000000009 359.52500000000003 1.0000000180025095e-35 1.0000000180025095e-35 440.00000000000006 300.81666666666672 1.0000000180025095e-35 432.10000000000008 1.0000000180025095e-35 492.05000000000007 440.00000000000006 417.35000000000008 138.65000000000001 3.5000000000000004 2.5000000000000004 340.75000000000006 1.0000000180025095e-35 1.0000000180025095e-35 389.75000000000006 5.5000000000000009 321.08333333333343 260.25000000000006 285.75000000000006 1.0000000180025095e-35 225.27083333333334 157.25000000000003 285.35000000000008 266.78333333333336 1.0000000180025095e-35 474.55000000000007 250.51000000000002 140.75000000000003 4.5000000000000009 340.75000000000006 261.05833333333339 289.05000000000007
decision_type=2 2 2 2 2 2 2 2 2 2 2 2 2 2 2 2 2 2 2 2 2 2 2 2 2 2 2 2 2 2 2 2 2 2 2 2 2 2 2 2 2 2 2 2 2 2 2 2 2 2 2 2 2 2 2 2 2 2 2 2 2 2
left_child=10 13 5 6 -5 8 -4 11 41 12 25 48 27 -2 -15 17 -17 -16 19 20 21 59 -20 24 42 -1 39 28 44 32 -31 60 33 37 35 36 -35 -14 -39 40 -27 -3 43 -22 57 -28 -13 -12 -8 -50 -46 56 53 -53 55 -54 -38 -10 61 -18 -32 -59
right_child=1 2 3 4 -6 -7 7 -9 9 -11 47 46 29 14 15 16 18 -19 22 -21 23 -23 -24 -25 -26 26 45 -29 -30 30 31 -33 -34 34 -36 -37 51 38 -40 -41 -42 -43 -44 -45 50 -47 -48 -49 49 -51 -52 52 54 -55 -56 -57 -58 58 -60 -61 -62 -63
leaf_value=0.01113824522477563 0.049632094752517494 0.13392115738589402 0.86675142493098978 0.25834995649362863 1.4886422298572681 0.84606964126938866 0.86854911990787675 -0.63253811950346939 0.40590654273290894 -0.71052134099106001 0.59432942112286891 -0.32494730958310158 0.16359522880624924 -0.13012366750282456 0.068923156596465238 -0.10429668878705677 0.022580767771017429 0.65511321564646152 -0.0044924408416184185 -0.30414495385145845 0.24034720792667941 -0.37487822671731319 -0.2566642541143534 0.72739776532564848 -0.32546342063594508 -0.18917455743032977 0.017550141015290767 0.47046258747577668 -0.60160884247269752 0.35947070285677912 -0.43889408225991899 -0.99972792072938044 0.71268992061200354 0.6291217434406281 0.60037500739774918 -0.66191093973815451 0.16386070549488069 0.19529082101324333 -0.51507901462641636 -0.16800678542997299 0.0010493847331857163 0.55420548624180732 0.7603222984510164 -0.15609581115944635 0.07815240653960602 -0.052075615325211877 0.35418313145637514 -0.044662571775502174 0.097010896298327029 0.90485606074333202 -0.5905717486176979 0.13356697545810178 -0.23975494720719082 0.97619055317294223 -0.59128531813621521 0.65122601315379147 -0.47444199357713973 -0.056933049360911051 0.3476279788547092 0.11998945450216739 0.28523688571793693 -0.74141370434136622
leaf_weight=2714 4242 645 20 38 27 21 23 27 37 24 45 46 67 764 1534 1835 2261 38 5676 79 320 54 139 28 37 548 2465 20 43 40 28 26 23 35 55 20 42 23 55 1222 1095 47 24 58 23 4005 24 29 79 20 44 22 22 31 20 20 35 36 27 977 21 21
leaf_count=2714 4242 645 20 38 27 21 23 27 37 24 45 46 67 764 1534 1835 2261 38 5676 79 320 54 139 28 37 548 2465 20 43 40 28 26 23 35 55 20 42 23 55 1222 1095 47 24 58 23 4005 24 29 79 20 44 22 22 31 20 20 35 36 27 977 21 21
internal_value=0.00018174 0.0212242 0.114886 0.294597 0.769394 0.0801553 0.165468 0.101424 0.0697918 -0.00477908 -0.0344342 0.204638 0.0154815 0.011493 -0.000210337 0.00738949 -0.00296968 0.0830931 0.0162922 0.0569162 0.0645043 0.04497 -0.0105203 0.202206 0.168709 -0.0367579 -0.0506829 -0.13491 -0.187323 0.0800083 -0.155767 -0.43056 0.137698 0.108112 0.202659 0.114098 0.182469 -0.0888054 -0.305611 -0.107443 -0.0623972 0.162466 0.214192 0.179517 -0.0925661 -0.025549 -0.0921026 0.343914 0.374898 0.260212 -0.36101 0.101048 0.253257 0.626422 -0.0657386 0.184522 -0.126277 0.0560762 -0.0980157 0.0519718 -0.128552 -0.30911
internal_weight=32066 19943 1877 304 65 1573 239 219 1552 860 12123 192 836 18066 13824 13060 11488 1572 9653 3838 3759 3292 5815 467 439 12049 9335 251 231 585 115 75 470 447 302 247 227 145 78 2865 1643 692 402 378 188 6470 70 74 122 99 67 192 115 53 62 42 77 121 84 3238 49 57
internal_count=32066 19943 1877 304 65 1573 239 219 1552 860 12123 192 836 18066 13824 13060 11488 1572 9653 3838 3759 3292 5815 467 439 12049 9335 251 231 585 115 75 470 447 302 247 227 145 78 2865 1643 692 402 378 188 6470 70 74 122 99 67 192 115 53 62 42 77 121 84 3238 49 57
is_linear=0
shrinkage=0.05


Tree=122
num_leaves=63
num_cat=0
split_feature=32 31 33 34 31 40 40 40 40 40 40 33 33 1 31 40 32 33 34 34 7 31 31 37 34 33 33 5 37 40 32 14 34 34 32 10 32 31 34 33 31 31 40 34 34 25 33 33 32 32 34 33 38 31 31 37 33 34 31 33 14 31
split_gain=12617.2 7157.31 6201.41 18452.9 6058.94 5167.3 5151.06 6814.96 6185.09 6085.92 5361.86 4178.32 3187.75 3164.97 2934.06 2796.5 3998.09 4941.9 4767.23 7682.86 3413.02 3256.5 4117.51 3078.66 2919.13 3338.46 3088.35 2857.99 2737.16 2679.76 2454.37 3186.81 2706.32 10403.8 4128.14 2451.76 2450.23 2504.32 2434.21 2344.17 2319.33 2257.74 2126.45 6514.97 4810.54 3027.44 2197.67 4910.12 3877.45 2117.63 2049.25 2001.27 2296.19 1964.89 1951.56 2245.63 4462.69 2932.71 1882.79 3373.96 1873.17 1852.49
threshold=294.25000000000006 54.150000000000013 370.25000000000006 392.15000000000003 304.35000000000008 1.0000000180025095e-35 4.5000000000000009 3.5000000000000004 2.5000000000000004 1.5000000000000002 5.5000000000000009 437.75000000000006 485.45000000000005 1.0000000180025095e-35 351.75000000000006 3.5000000000000004 346.35000000000008 420.75000000000006 226.05000000000004 310.45000000000005 1.0000000180025095e-35 416.15000000000003 372.45000000000005 3.5000000000000004 273.55000000000007 379.65000000000003 390.05000000000007 1.0000000180025095e-35 1.5000000000000002 4.5000000000000009 452.55000000000007 1.0000000180025095e-35 384.80000000000001 335.05000000000001 476.25000000000006 1.0000000180025095e-35 356.45000000000005 294.25000000000006 382.75000000000006 401.35000000000008 345.95000000000005 199.85000000000005 1.5000000000000002 476.25000000000006 447.05000000000007 1.0000000180025095e-35 251.35000000000005 104.05000000000001 396.45000000000005 24.350000000000005 401.75000000000006 339.05000000000007 1.0000000180025095e-35 482.95000000000005 24.450000000000003 4.5000000000000009 405.05000000000007 87.350000000000009 119.55000000000001 474.55000000000007 1.0000000180025095e-35 382.95000000000005
decision_type=2 2 2 2 2 2 2 2 2 2 2 2 2 2 2 2 2 2 2 2 2 2 2 2 2 2 2 2 2 2 2 2 2 2 2 2 2 2 2 2 2 2 2 2 2 2 2 2 2 2 2 2 2 2 2 2 2 2 2 2 2 2
left_child=5 11 30 15 -5 28 7 8 9 53 12 -2 54 41 -10 16 17 -4 27 -20 21 22 24 -19 25 -17 -27 39 -1 -13 42 32 33 61 -34 -30 -22 -38 -16 -18 58 -12 44 -44 45 -3 47 48 -47 -37 -11 52 -51 -7 -8 -56 57 -57 -28 -60 -43 -32
right_child=1 2 3 4 -6 6 10 -9 14 50 13 29 -14 -15 38 20 18 23 19 -21 36 -23 -24 -25 -26 26 40 -29 35 -31 31 -33 34 -35 -36 49 37 -39 -40 -41 -42 60 43 -45 -46 46 -48 -49 -50 51 -52 -53 -54 -55 55 56 -58 -59 59 -61 -62 -63
leaf_value=-0.013600860193143617 -0.034697565135655757 0.11615679277704381 -0.44717745453119284 0.57029608942960441 1.5208356496691704 -0.015493583784078079 -0.057736346758979686 -0.12948366858387436 -0.0016647364296421036 -0.1581861832331557 -0.063859511061761007 -0.10578717528464827 0.47501155376434334 -0.48467917961952012 0.10929518585802669 0.68085017934441572 0.50105832009443219 0.70251351098219561 1.34082190990448 0.10750771621647089 0.82531114447241039 0.32016397267580032 -0.49998817516697774 -0.13744316697120668 -0.46858021271382944 -0.57097054570913319 0.28026865726480116 0.65808504350257646 0.081654032559504708 -0.6926979559223827 0.088677879435998211 -0.45398030243813992 0.30790607914328577 1.2730284106731415 -0.63262671828269967 0.2802463560019221 0.51021964188304636 -0.13619372269202923 0.65728909142670178 0.032760599875344638 0.56320841198875793 -0.012266717148059608 0.024467790671820599 -0.82002158994260044 0.84911120846157984 -0.28051788176214976 0.2189787950246565 -0.78164963885661098 0.56216539919376374 0.064483235403895375 -0.62536008792618913 -0.44015740501609718 -0.3154152614374956 0.35490690808038455 0.031707992977959648 -0.10873275314058578 -0.42828223325989462 0.47084251364523716 0.051057520775227919 -0.47320895408972713 0.45022466203028505 0.23416019373342967
leaf_weight=1943 1027 920 40 38 30 1108 600 2485 1557 1070 3414 37 40 39 579 20 35 24 28 23 21 70 45 20 29 21 52 33 2288 41 921 24 20 20 28 35 31 29 21 113 21 4511 3249 23 21 43 31 31 20 118 24 44 60 37 4273 28 22 99 144 39 22 287
leaf_count=1943 1027 920 40 38 30 1108 600 2485 1557 1070 3414 37 40 39 579 20 35 24 28 23 21 70 45 20 29 21 52 33 2288 41 921 24 20 20 28 35 31 29 21 113 21 4511 3249 23 21 43 31 31 20 118 24 44 60 37 4273 28 22 99 144 39 22 287
internal_value=0.000172653 0.0562093 0.0760841 0.197505 0.989652 -0.0173817 -0.0282971 -0.0633014 -0.0258895 -0.0841015 -0.00983718 -0.0614924 0.0304215 -0.0353555 0.0345355 0.133225 0.25062 -0.0449481 0.357636 0.784621 0.062159 0.00736573 -0.0516528 0.320715 0.010234 0.0569869 0.0119426 0.237325 0.0310882 -0.414292 0.0565724 0.116835 0.127572 0.141968 -0.240738 0.0652064 0.360478 0.197787 0.128475 0.143507 0.0597597 -0.0331504 0.038513 0.0185316 0.0998441 0.0847871 -0.146094 -0.26649 -0.0129994 -0.0812226 -0.168435 -0.138211 -0.0635724 -0.00352431 0.0268804 0.0383616 0.229172 0.343062 0.0147707 -0.0606714 -0.0100221 0.123242
internal_weight=32066 7649 6544 906 68 24417 19929 6881 4396 2239 13048 1105 5062 7986 2157 838 316 84 232 51 522 441 371 44 326 297 277 181 4488 78 5638 1300 1276 1228 48 2545 81 60 600 148 256 7947 4338 3272 1066 1045 125 94 63 257 1094 222 178 1145 5022 4422 149 127 235 183 4533 1208
internal_count=32066 7649 6544 906 68 24417 19929 6881 4396 2239 13048 1105 5062 7986 2157 838 316 84 232 51 522 441 371 44 326 297 277 181 4488 78 5638 1300 1276 1228 48 2545 81 60 600 148 256 7947 4338 3272 1066 1045 125 94 63 257 1094 222 178 1145 5022 4422 149 127 235 183 4533 1208
is_linear=0
shrinkage=0.05


Tree=123
num_leaves=63
num_cat=0
split_feature=35 37 35 37 36 35 33 32 32 32 31 38 33 32 20 36 32 36 4 36 31 11 36 31 31 36 36 9 33 33 36 39 27 32 32 32 39 31 31 18 36 39 36 36 32 32 32 33 33 33 35 32 32 32 38 35 32 7 35 36 31 11
split_gain=12877.9 6596.68 4717.66 3826.65 3443.74 5290.56 9832.73 3884.87 3723.38 3974.19 2745.97 4883.57 3206.29 2947.53 3223.01 2788.88 2692.64 3160.27 2849.16 7680.94 5731.99 4872.9 4059.49 3969.24 6605.48 2734.93 5627.77 6182.79 4520.28 4377.17 3120.4 7899.09 3138.33 3189.94 2795.15 5033.88 5177.75 3499.59 4627.21 4833.47 3576.23 3471.65 3629.34 4622.88 4088.81 3060.18 2866.29 2766.14 2723.1 3236.43 2606.67 4625.94 2938.34 2569.58 2560.57 3157.11 3082.27 2455.49 6556.55 4299.14 4002.28 3557.25
threshold=439.9500000000001 5.5000000000000009 1032.6500000000003 4.5000000000000009 390.78333333333336 1531.0000000000002 385.45000000000005 319.65000000000003 410.95000000000005 436.65000000000003 40.000000000000007 1.0000000180025095e-35 407.65000000000003 452.55000000000007 1.0000000180025095e-35 286.95833333333343 458.65000000000003 238.91250000000005 1.0000000180025095e-35 349.91250000000008 207.85000000000005 1.0000000180025095e-35 367.51666666666671 125.85000000000001 220.05000000000004 311.45833333333337 323.02500000000003 1.0000000180025095e-35 488.85000000000008 392.15000000000003 302.3633333333334 1.0000000180025095e-35 1.0000000180025095e-35 272.55000000000007 324.25000000000006 438.55000000000007 1.0000000180025095e-35 361.85000000000008 404.95000000000005 1.0000000180025095e-35 278.07083333333338 1.0000000180025095e-35 289.95500000000004 268.21666666666675 390.65000000000003 410.95000000000005 344.65000000000003 297.15000000000003 355.45000000000005 401.35000000000008 1351.1500000000003 472.65000000000003 489.55000000000007 187.75000000000003 1.0000000180025095e-35 1351.1500000000003 472.65000000000003 1.0000000180025095e-35 1397.9500000000003 331.81666666666672 366.05000000000007 1.0000000180025095e-35
decision_type=2 2 2 2 2 2 2 2 2 2 2 2 2 2 2 2 2 2 2 2 2 2 2 2 2 2 2 2 2 2 2 2 2 2 2 2 2 2 2 2 2 2 2 2 2 2 2 2 2 2 2 2 2 2 2 2 2 2 2 2 2 2
left_child=3 2 10 -1 5 16 -7 -6 -9 -10 11 15 -13 -12 -15 -2 25 -18 19 23 -20 22 -21 -19 -25 30 27 29 57 -27 32 -32 34 -34 37 41 -37 -4 40 48 -39 46 43 -43 -45 -46 -36 -44 -40 -50 51 -26 -53 -51 55 56 -11 59 -59 60 -28 -61
right_child=1 -3 4 -5 7 6 -8 8 9 54 13 12 -14 14 -16 -17 17 18 20 21 -22 -23 -24 24 50 26 28 -29 -30 -31 31 -33 33 -35 35 36 -38 38 39 -41 -42 42 47 44 45 -47 -48 -49 49 53 -52 52 -54 -55 -56 -57 -58 58 -60 61 -62 -63
leaf_value=-0.032545662374165077 0.0025825225126635044 0.41437600564012045 -0.079524440783163217 0.47652465522389964 -0.37334963423865186 -1.1994795280954111 0.15586447708774359 0.65125592189812753 -0.24903037457450017 0.68019502162933354 0.016870676134333771 -0.19311620661529241 -0.72959254909964177 0.1187778013429059 -0.4798478883245717 -0.59438774049282073 -0.40217158257961272 0.88359093756104512 -0.12032472246459552 -0.79747800283572257 0.89549619642699652 0.44620721143755049 -0.030369404724666052 -0.47311475781294016 0.70267824000594292 -0.95127392858266835 0.81632053026786222 0.38960295408964157 0.58747312545776376 -0.15971210464354485 0.96320876578489933 0.017164828693657593 0.071589335136943391 -0.72065440316994989 -0.062090385244006209 -0.74317107973275365 0.17279112703270383 0.68844010431704861 -0.25396961121215034 0.54841392426877411 -0.048356244680674183 0.045823755046399704 0.23656774342060088 0.84945575050685729 -0.259686921891712 0.5939020843732925 0.57584859285196044 -0.51764869493462384 0.6930857048928738 0.25867348936972795 0.88144860889600674 -0.23375321906059982 0.40905583486892283 -0.47877262745584759 0.050464938199797339 1.0525299701307502 -0.152578499019146 -0.01211246643724735 0.98847626068375338 -0.034708231975409114 -0.079078597327073424 -0.43427703009699203
leaf_weight=16070 898 112 331 37 21 23 32 66 37 25 11211 154 34 1004 23 20 20 30 21 34 41 22 35 26 44 40 26 20 35 31 36 57 27 24 21 27 36 58 97 37 23 119 20 46 21 21 109 31 20 27 23 40 32 21 43 21 20 64 22 308 24 68
leaf_count=16070 898 112 331 37 21 23 32 66 37 25 11211 154 34 1004 23 20 20 30 21 34 41 22 35 26 44 40 26 20 35 31 36 57 27 24 21 27 36 58 97 37 23 119 20 46 21 21 109 31 20 27 23 40 32 21 43 21 20 64 22 308 24 68
internal_value=0.00016402 0.0319968 0.0292943 -0.0313763 0.0922844 0.0734947 -0.410916 0.275343 0.3396 0.198714 0.0174789 -0.0579699 -0.290139 0.0242976 0.105371 -0.0104234 0.085523 0.209027 0.244154 0.177542 0.551428 -0.201765 -0.408365 0.354552 0.258363 0.0609157 -0.0228396 -0.386923 0.03773 -0.605662 0.105114 0.383375 0.0819257 -0.301231 0.100274 0.194788 -0.219764 0.0308513 0.159948 0.0319205 0.479226 0.262099 0.155933 0.249017 0.52379 0.167108 0.472797 -0.221878 -0.0838993 0.158701 0.395186 0.298772 0.0519397 -0.0639592 0.350701 0.54631 0.310073 0.00014991 0.243852 -0.0490482 0.386529 -0.106971
internal_weight=32066 15959 15847 16107 2503 2270 55 233 212 146 13344 1106 188 12238 1027 918 2215 368 348 286 62 91 69 195 165 1847 638 91 547 71 1209 93 1116 51 1065 451 63 614 283 202 81 388 258 207 88 42 130 51 165 68 139 116 72 48 109 66 45 512 86 426 50 376
internal_count=32066 15959 15847 16107 2503 2270 55 233 212 146 13344 1106 188 12238 1027 918 2215 368 348 286 62 91 69 195 165 1847 638 91 547 71 1209 93 1116 51 1065 451 63 614 283 202 81 388 258 207 88 42 130 51 165 68 139 116 72 48 109 66 45 512 86 426 50 376
is_linear=0
shrinkage=0.05


Tree=124
num_leaves=63
num_cat=0
split_feature=35 35 40 33 32 33 18 33 31 33 33 31 32 5 35 32 11 8 40 33 21 40 31 31 31 27 35 8 33 35 21 31 32 33 33 35 40 32 33 12 33 14 35 40 40 32 40 32 33 32 32 33 6 32 32 31 35 31 35 33 31 31
split_gain=11622.3 4979.74 2916.2 5513.25 5719.71 5491.66 5341.44 7928.15 4481.24 3530.6 3140.73 2807.98 3269.63 3122.31 4309.46 2981.99 2884.73 4266.55 2823.27 3704.13 3403.72 3352.49 2793.21 5552.09 3960.5 6074.91 3487.14 3445.78 2781 2700.01 3161.84 5012.83 3088.2 3236.4 4181.31 2628.11 2522.14 4745.59 3140.45 3653.49 4051.84 3458.82 4231.25 4002.21 3288.05 6847.2 3963.13 4166.96 3321.83 3316.22 5561.45 6473.82 4158.66 4793.6 4215.4 4097.41 5577.63 6180.36 3026.02 2961.85 3531.9 2672
threshold=439.9500000000001 1055.7500000000002 1.5000000000000002 164.25000000000003 340.25000000000006 263.65000000000003 1.0000000180025095e-35 471.15000000000003 410.45000000000005 457.35000000000008 107.75000000000001 40.000000000000007 436.65000000000003 1.0000000180025095e-35 777.00000000000011 456.35000000000008 1.0000000180025095e-35 1.0000000180025095e-35 1.5000000000000002 451.15000000000003 1.0000000180025095e-35 2.5000000000000004 302.05000000000007 207.85000000000005 326.15000000000003 1.0000000180025095e-35 1455.95 1.0000000180025095e-35 326.85000000000008 924.45000000000016 1.0000000180025095e-35 339.55000000000007 119.30000000000003 199.45000000000002 382.80000000000001 673.95000000000016 2.5000000000000004 300.25000000000006 25.550000000000004 1.0000000180025095e-35 330.95000000000005 1.0000000180025095e-35 1279.4000000000003 5.5000000000000009 4.5000000000000009 217.05000000000004 3.5000000000000004 227.45000000000002 382.80000000000001 294.25000000000006 402.85000000000008 466.95000000000005 1.0000000180025095e-35 358.65000000000003 340.25000000000006 372.45000000000005 1225.1500000000003 438.65000000000003 1249.5000000000002 392.15000000000003 322.15000000000003 269.85000000000008
decision_type=2 2 2 2 2 2 2 2 2 2 2 2 2 2 2 2 2 2 2 2 2 2 2 2 2 2 2 2 2 2 2 2 2 2 2 2 2 2 2 2 2 2 2 2 2 2 2 2 2 2 2 2 2 2 2 2 2 2 2 2 2 2
left_child=-1 11 3 4 -3 8 7 22 -5 -8 -6 -2 16 -14 35 -16 18 29 20 21 -13 -20 23 -7 -24 26 27 28 -26 -18 32 -32 -31 -34 -35 -15 37 -4 -38 41 -41 43 -43 44 46 48 59 -48 -46 -47 52 55 53 54 -51 61 -57 -58 -39 -40 -61 -52
right_child=1 2 36 5 10 6 9 -9 -10 -11 -12 12 13 14 15 -17 17 -19 19 -21 -22 -23 24 -25 25 -27 -28 -29 -30 30 31 -33 33 34 -36 -37 38 58 39 40 -42 42 -44 -45 45 49 47 -49 -50 50 51 -53 -54 -55 -56 56 57 -59 -60 60 -62 -63
leaf_value=-0.029807444541654911 -0.05688990476144247 -0.93863882422447209 -0.65873444816645454 0.25159914660453797 0.34365091043360096 0.28108108569132656 -0.0058751461716989679 0.72405133487922813 0.92795712564451005 -0.79657775580883028 -0.44598695635795593 0.036496086804826126 0.070067473537283445 0.22831693284022503 0.87496100790332998 0.30695496341761425 0.0072434100068106064 -0.33381466516217251 -0.13928559482644898 0.19719698770204561 0.16887888786950717 0.011927500799550329 0.84867615799109142 -0.42310691638426345 -0.11052496471712668 0.99128949493169793 -0.40947992330597294 -0.35462113356590275 0.44448776353285258 -0.90071633372988025 -0.47269776809215547 0.42984568998217587 -0.7706633172929287 0.19207032542675734 -0.56259710757896819 -0.43668683382372064 -0.35441557532403528 0.47852743451411905 0.05493747839156319 1.0092879154465415 0.16815766677623845 0.062421713370297643 -0.87646558625357496 -0.0097842751591734906 0.18156516796503314 0.68568824710030307 0.4213085169141943 -0.19041292821004818 -0.44263899554597574 -0.10073611770036087 0.30931377026769852 1.3024022114276885 0.65682053669639262 -0.50096614998440414 0.67654516192582947 0.63996683646892683 -0.85878013121810837 0.2610998966864177 -0.31823447834361684 0.02720706132443055 0.81622143121989998 0.85418840414947939
leaf_weight=16107 1122 20 34 50 34 57 48 70 48 20 20 1792 1263 39 35 68 1051 122 388 256 666 6629 24 55 31 20 31 25 83 21 25 40 22 50 29 24 41 26 85 22 41 28 21 613 39 57 33 178 47 53 45 20 23 43 26 29 22 28 22 23 37 45
leaf_count=16107 1122 20 34 50 34 57 48 70 48 20 20 1792 1263 39 35 68 1051 122 388 256 666 6629 24 55 31 20 31 25 83 21 25 40 22 50 29 24 41 26 85 22 41 28 21 613 39 57 33 178 47 53 45 20 23 43 26 29 22 28 22 23 37 45
internal_value=0.000155819 0.030397 0.0981684 0.189363 -0.21633 0.242782 0.170952 0.24125 0.582877 -0.238435 0.0511924 0.0188864 0.0256773 0.0968619 0.300726 0.499967 0.0165056 -0.0517041 0.0260386 0.0103818 0.0723655 0.00356628 0.137581 -0.0647255 0.243462 0.167014 0.07004 0.176983 0.293563 -0.0239033 -0.198957 0.0827136 -0.349028 -0.234321 -0.0849595 -0.0250178 0.0636651 -0.206786 0.0775343 0.0889014 0.461886 0.0731837 -0.339959 0.0871837 0.158542 0.244361 0.0435543 -0.0947409 -0.15957 0.333205 0.27305 0.451758 0.0401137 -0.0761507 0.155078 0.35109 0.0883123 -0.231647 0.113345 0.244798 0.513766 0.581751
internal_weight=32066 15959 2317 636 74 562 464 396 98 68 54 13642 12520 1429 166 103 11091 1360 9731 7273 2458 7017 326 112 214 190 170 139 114 1238 187 65 122 101 79 63 1681 82 1599 1558 63 1495 49 1446 833 477 356 211 86 391 334 189 145 122 79 169 79 50 48 145 60 90
internal_count=32066 15959 2317 636 74 562 464 396 98 68 54 13642 12520 1429 166 103 11091 1360 9731 7273 2458 7017 326 112 214 190 170 139 114 1238 187 65 122 101 79 63 1681 82 1599 1558 63 1495 49 1446 833 477 356 211 86 391 334 189 145 122 79 169 79 50 48 145 60 90
is_linear=0
shrinkage=0.05


Tree=125
num_leaves=63
num_cat=0
split_feature=40 40 32 36 31 33 32 38 32 31 34 31 34 31 31 33 34 40 10 31 31 5 39 31 31 37 31 32 36 34 31 33 21 33 33 15 38 33 36 33 33 36 21 39 33 31 36 36 31 37 36 33 32 36 36 39 38 36 33 36 32 36
split_gain=11522.5 9949 6001.95 5232.89 4917.6 11362 12000.3 5599.89 4712.18 5449.1 4743.37 4227.98 3881.49 4580.06 4285.48 4263.63 4328.48 3973.93 5741.34 3826.4 3782.12 3386.75 3344.61 3308.71 3924.72 3299.78 4187.2 2993.41 3979.13 2966.03 4853.86 3683.92 3589.09 4154.78 3086.84 2983.37 4900.8 2955.19 2812.69 4788.8 2736.63 2501.71 4214.14 2439.24 2574.14 2947.07 3300.19 2371.32 4648.88 4371.46 3509.45 2783.41 2714.93 2514.44 2348 2343.35 4802.8 2272.72 2271.32 2266.32 4512.21 4086.01
threshold=1.5000000000000002 2.5000000000000004 22.150000000000002 196.81666666666669 302.05000000000007 440.95000000000005 392.85000000000008 1.0000000180025095e-35 424.95000000000005 406.85000000000008 358.55000000000007 430.35000000000008 197.55000000000004 81.550000000000011 108.85000000000001 480.05000000000007 375.45000000000005 3.5000000000000004 1.0000000180025095e-35 478.75000000000006 343.95000000000005 1.0000000180025095e-35 1.0000000180025095e-35 434.55000000000007 444.75000000000006 2.5000000000000004 294.25000000000006 487.75000000000006 315.18333333333339 397.75000000000006 277.95000000000005 392.15000000000003 1.0000000180025095e-35 423.05000000000007 203.35000000000005 1.0000000180025095e-35 1.0000000180025095e-35 393.85000000000008 318.92500000000001 241.55000000000004 414.65000000000003 387.95000000000005 1.0000000180025095e-35 1.0000000180025095e-35 170.35000000000005 186.05000000000004 327.63333333333338 382.3250000000001 294.25000000000006 3.5000000000000004 273.71250000000003 436.05000000000007 462.85000000000008 204.51666666666668 246.95833333333337 1.0000000180025095e-35 1.0000000180025095e-35 409.72500000000008 144.40000000000003 299.32916666666671 356.45000000000005 268.21666666666675
decision_type=2 2 2 2 2 2 2 2 2 2 2 2 2 2 2 2 2 2 2 2 2 2 2 2 2 2 2 2 2 2 2 2 2 2 2 2 2 2 2 2 2 2 2 2 2 2 2 2 2 2 2 2 2 2 2 2 2 2 2 2 2 2
left_child=2 37 19 -3 7 59 11 25 12 20 23 22 -5 21 -15 17 -17 18 -16 -1 47 40 -7 41 -25 -4 27 28 -27 32 34 55 35 -34 -31 36 43 -2 39 58 -14 42 -11 -19 -45 -46 54 48 53 -50 -51 52 -49 -10 -47 56 -32 -40 -22 61 -61 -6
right_child=1 3 4 8 5 6 -8 -9 9 10 -12 -13 13 14 15 16 -18 29 -20 -21 38 -23 -24 24 -26 26 -28 -29 -30 30 31 -33 33 -35 -36 -37 -38 -39 57 -41 -42 -43 -44 44 45 46 -48 51 49 50 -52 -53 -54 -55 -56 -57 -58 -59 -60 60 -62 -63
leaf_value=-0.0075853024876996787 -0.12809143557725153 -0.034550686426931827 0.017058424124010565 -0.0084097819644248836 0.11533633894053218 0.19987468373390938 1.6422524637930718 -0.043051676018468668 0.49174288896953366 -0.20559254517922035 1.0206219664216041 -0.26005257904529572 0.37196864409165253 -0.48949117483837262 0.58822027287062484 1.0731208784239632 0.090176684657732653 0.48496081342822628 -0.37549480795860291 0.25429930545593782 -0.28228096410409725 0.81837646476924419 0.92313513222968935 -0.39443780016154051 0.20753229080953381 0.17486408037095347 -0.45090100323712384 -0.30330185445566338 0.69056205718945241 0.48944782949075472 0.49841402582824235 -0.75546525754034521 0.17881458847503351 0.88586809682846079 -0.033971567783090809 0.56674021374095573 -0.27175183139741421 -0.45287080507826166 0.19077532104260864 -0.94047274676462023 -0.26521439660679208 0.74149379094441736 0.74671449661254885 0.36468149912218717 0.41057832163313163 0.048109022378921507 0.31831974216869902 -0.45179297953844072 0.086394189420293588 0.17923771350280099 0.94758473663103016 -0.56577198176548404 0.25599878387791769 0.054561616269716222 -0.60300076534350722 -0.32708729716098828 -0.37482232926713843 -0.19204901831431523 0.32489804089069368 -0.075041159133221458 0.18544710667547351 0.35491172375788749
leaf_weight=3123 1309 10052 622 10150 697 31 24 989 34 26 20 20 72 35 68 21 24 38 20 146 67 32 33 32 176 915 27 31 39 41 32 32 123 25 90 22 130 74 84 24 22 45 21 43 23 20 21 20 61 23 42 29 42 1007 45 92 31 72 20 331 334 239
leaf_count=3123 1309 10052 622 10150 697 31 24 989 34 26 20 20 72 35 68 21 24 38 20 146 67 32 33 32 176 915 27 31 39 41 32 32 123 25 90 22 130 74 84 24 22 45 21 43 23 20 21 20 61 23 42 29 42 1007 45 92 31 72 20 331 334 239
internal_value=0.00146797 -0.0151982 0.0552577 -0.00741539 0.0938538 0.159852 0.656228 0.0508533 0.0134111 0.0874758 0.275059 0.374506 0.00126659 0.090391 0.0537662 0.0739724 0.548884 0.0501208 0.369194 0.00411098 0.0481141 0.374088 0.572806 0.225355 0.114922 0.10769 0.163395 0.180234 0.195946 0.0153703 -0.103545 -0.267044 0.0925437 0.298249 0.129847 0.00352492 -0.0351961 -0.145469 -0.122804 -0.315191 0.222841 0.475031 0.219906 0.126658 0.037082 -0.0921545 -0.226606 0.08439 0.103559 0.390405 0.675708 -0.161443 0.0276789 0.0688404 -0.402659 -0.166208 0.0687263 0.0140872 -0.1427 0.126367 0.0557905 0.17651
internal_weight=32133 24532 7601 23149 4332 1709 108 2623 13097 1845 320 84 11252 1102 976 941 45 896 88 3269 1525 126 64 300 208 1634 1012 985 954 808 318 187 490 148 131 342 320 1383 267 111 94 92 47 190 152 109 86 1258 1167 126 65 91 62 1041 65 155 63 156 87 1601 665 936
internal_count=32133 24532 7601 23149 4332 1709 108 2623 13097 1845 320 84 11252 1102 976 941 45 896 88 3269 1525 126 64 300 208 1634 1012 985 954 808 318 187 490 148 131 342 320 1383 267 111 94 92 47 190 152 109 86 1258 1167 126 65 91 62 1041 65 155 63 156 87 1601 665 936
is_linear=0
shrinkage=0.05


Tree=126
num_leaves=63
num_cat=0
split_feature=40 40 40 40 40 40 31 33 35 6 33 37 38 33 31 11 33 35 36 33 33 7 35 34 18 35 31 34 24 31 31 31 35 2 6 33 34 31 35 35 33 33 38 35 38 31 33 35 4 36 2 33 33 31 4 34 35 35 8 34 35 34
split_gain=10456.1 5998.46 7987.88 7766.2 4986.93 7167.94 4742.52 6829.52 4349.61 4005.71 3701.03 3570.34 5892.37 4593.98 3620.1 3458.74 3410.63 3014.29 3191.04 2968.43 2944.45 2846.54 3251.37 3474.61 2838.1 5061.85 2782.38 2775.02 6584.39 4375.22 5444.04 3859.87 3629.53 3096.48 2959.85 3955.82 3030.71 4324.01 3354.25 3141.18 2956.42 2949.82 2887.07 2743.25 2476.09 2473.66 2973.22 2450.07 2439 2414.27 2378.22 5467.23 4803.93 4676.04 2561.78 2590.25 2433.26 2378.35 3376.48 3698.45 3019.44 6452.98
threshold=1.0000000180025095e-35 4.5000000000000009 5.5000000000000009 3.5000000000000004 2.5000000000000004 1.5000000000000002 448.25000000000006 414.65000000000003 1249.5000000000002 1.0000000180025095e-35 436.05000000000007 1.5000000000000002 1.0000000180025095e-35 476.05000000000007 438.65000000000003 1.0000000180025095e-35 485.45000000000005 639.85000000000014 362.04166666666669 459.35000000000008 485.45000000000005 1.0000000180025095e-35 949.45000000000016 262.45000000000005 1.0000000180025095e-35 933.35000000000025 298.25000000000006 221.85000000000005 1.0000000180025095e-35 400.75000000000006 428.45000000000005 353.75000000000006 1313.1500000000003 1.0000000180025095e-35 1.0000000180025095e-35 349.40000000000003 430.80000000000001 267.75000000000006 1032.6500000000003 1020.4500000000002 205.35000000000005 287.25000000000006 1.0000000180025095e-35 887.1500000000002 1.0000000180025095e-35 370.15000000000003 134.25000000000003 1170.4500000000003 1.0000000180025095e-35 286.95833333333343 1.0000000180025095e-35 463.55000000000007 440.95000000000005 462.55000000000007 1.0000000180025095e-35 23.150000000000002 1096.7500000000002 1455.95 1.0000000180025095e-35 29.350000000000005 1187.8500000000001 153.90000000000003
decision_type=2 2 2 2 2 2 2 2 2 2 2 2 2 2 2 2 2 2 2 2 2 2 2 2 2 2 2 2 2 2 2 2 2 2 2 2 2 2 2 2 2 2 2 2 2 2 2 2 2 2 2 2 2 2 2 2 2 2 2 2 2 2
left_child=6 3 16 4 5 10 11 9 -7 15 48 -1 13 14 17 24 27 49 21 -12 -15 -19 45 -24 -8 -26 -4 -3 29 33 -31 41 -32 34 35 36 37 38 42 -38 -36 -30 -29 -11 -35 46 -23 -6 -2 -13 52 53 57 54 55 -52 -57 58 60 -60 -28 -62
right_child=1 2 26 -5 47 8 7 -9 -10 43 19 12 -14 20 -16 -17 -18 18 -20 -21 -22 22 23 -25 25 -27 50 28 31 30 32 -33 -34 44 40 -37 39 -39 -40 -41 -42 -43 -44 -45 -46 -47 -48 -49 -50 -51 51 -53 -54 -55 -56 56 -58 -59 59 -61 61 -63
leaf_value=-0.012649170575995067 -0.016693973596511428 0.034305668167187629 -0.042946414933929783 -0.1070566438506742 0.028948636706565969 -0.1239078435610886 0.20021294335543646 0.91242345148517234 -0.68849000792418213 0.0061626116203707323 0.88087447314035328 0.095264436227391919 -0.002319056990397114 1.061184953507923 -0.33312044760042969 -0.15642535932842763 0.43202734401351528 0.19163952010569466 -0.070045690382680589 0.15281026945227671 0.23346189829436215 0.85272765388855576 1.2698010966891335 0.34894860148429874 0.13280071581785496 1.1632986014539546 0.018182468383458005 0.35324450503377358 0.63845575906728447 1.008590177160043 -0.32181092053651811 1.1036901919738107 0.56730292981321162 -0.080693897037279042 -0.0087635801538177155 -0.28444603688833192 0.11012157698472341 -0.44835044129027263 0.77156926393508918 0.95856381952762604 0.75032414033495154 -0.037890805516924177 -0.30844824155792594 -0.69102414505822329 -0.72608269582624019 -0.17743473940274934 0.17238624613909495 0.29137524445338742 0.21731032940452219 -0.21062642651445726 -0.00044384761428346441 -0.90837624743580825 0.35915590847054357 -0.42912927404255935 -0.3924938892178676 0.75739459594090786 0.052560902595520022 0.45722780386606854 -0.068325400839231984 -0.52293718569683578 -0.24745226664976641 0.62833771402465888
leaf_weight=1803 1276 6221 6465 3270 2675 1348 440 31 35 43 21 1255 1520 21 44 62 57 538 93 42 22 26 21 20 26 22 2859 34 38 26 24 23 22 42 23 82 24 36 20 20 29 28 32 21 23 22 42 92 122 68 245 20 104 71 34 24 25 30 287 53 33 58
leaf_count=1803 1276 6221 6465 3270 2675 1348 440 31 35 43 21 1255 1520 21 44 62 57 538 93 42 22 26 21 20 26 22 2859 34 38 26 24 23 22 42 23 82 24 36 20 20 29 28 32 21 23 22 42 92 122 68 245 20 104 71 34 24 25 30 287 53 33 58
internal_value=0.00139458 -0.0124677 0.00483608 -0.0458089 -0.0101148 -0.0566098 0.0600792 0.18834 -0.138196 0.151782 0.0206206 0.045024 0.0731889 0.12603 0.115696 0.195347 0.0468836 0.125168 0.204383 0.395498 0.637699 0.242533 0.451545 0.820605 0.240039 0.605112 -0.0229182 0.0436298 0.153907 0.0740725 0.430285 0.545902 0.103417 0.00380589 0.071594 -0.000321137 0.14003 0.0117274 0.204318 0.495777 0.414574 0.351521 0.0324238 -0.222602 -0.309062 0.283418 0.432517 0.0376741 0.003727 0.0795422 0.0107748 -0.101665 0.0245343 -0.0612286 0.0184084 0.0659277 0.397786 0.0140521 0.010011 -0.139191 0.0272072 0.310744
internal_weight=32133 25993 17112 8881 5611 2844 6140 645 1383 614 1461 5495 3692 2172 2129 550 6804 2085 762 63 43 669 131 41 488 48 10308 6747 526 437 72 89 46 365 300 248 166 122 86 44 52 66 66 64 65 90 68 2767 1398 1323 3843 419 3424 399 328 294 49 3320 3290 340 2950 91
internal_count=32133 25993 17112 8881 5611 2844 6140 645 1383 614 1461 5495 3692 2172 2129 550 6804 2085 762 63 43 669 131 41 488 48 10308 6747 526 437 72 89 46 365 300 248 166 122 86 44 52 66 66 64 65 90 68 2767 1398 1323 3843 419 3424 399 328 294 49 3320 3290 340 2950 91
is_linear=0
shrinkage=0.05


Tree=127
num_leaves=63
num_cat=0
split_feature=40 40 40 40 40 40 31 15 32 21 31 35 31 32 34 32 31 32 38 4 35 35 31 31 35 32 34 35 31 14 35 31 36 36 36 35 34 12 21 32 36 36 35 36 31 39 31 6 32 32 19 35 34 31 34 10 32 34 28 35 32 32
split_gain=9436.67 5413.61 7209.06 7009 4500.7 6469.06 4280.12 9730.91 4036.82 4208.7 7153.05 3925.52 3573.02 3416.14 4376 3385.1 3357.02 3325.25 5613.78 3133.55 3503.75 3148.36 3085.77 3926.87 3026.84 4116.57 8030.03 2959.65 2994.74 3345.05 2896.3 2953.01 3269.38 2913.59 2906.92 2886.61 2520 2516.78 5045.64 2373.25 6291.55 4549.51 3125.94 3001.25 3327.07 4727.15 5090.38 3858.02 3613.62 2732.31 2966.45 3054.08 2664.45 4995.49 3919.56 3977.17 5303.54 3489.17 2875.06 2866.28 2797.93 4019.86
threshold=1.0000000180025095e-35 4.5000000000000009 5.5000000000000009 3.5000000000000004 2.5000000000000004 1.5000000000000002 448.25000000000006 1.0000000180025095e-35 360.45000000000005 1.0000000180025095e-35 468.85000000000008 1249.5000000000002 493.85000000000008 310.15000000000003 192.25000000000003 426.95000000000005 452.25000000000006 22.150000000000002 1.0000000180025095e-35 1.0000000180025095e-35 1249.5000000000002 1069.4000000000003 438.65000000000003 406.85000000000008 1155.7500000000002 454.55000000000007 169.45000000000002 782.6500000000002 73.050000000000011 1.0000000180025095e-35 639.85000000000014 438.65000000000003 359.52500000000003 329.71250000000009 286.95833333333343 987.70000000000016 483.45000000000005 1.0000000180025095e-35 1.0000000180025095e-35 217.05000000000004 331.81666666666672 219.77083333333334 867.25000000000011 195.6166666666667 253.25000000000003 1.0000000180025095e-35 404.95000000000005 1.0000000180025095e-35 133.75000000000003 492.65000000000003 1.0000000180025095e-35 1170.4500000000003 248.55000000000004 402.75000000000006 169.45000000000002 1.0000000180025095e-35 474.15000000000003 208.25000000000003 1.0000000180025095e-35 1055.7500000000002 358.65000000000003 335.75000000000006
decision_type=2 2 2 2 2 2 2 2 2 2 2 2 2 2 2 2 2 2 2 2 2 2 2 2 2 2 2 2 2 2 2 2 2 2 2 2 2 2 2 2 2 2 2 2 2 2 2 2 2 2 2 2 2 2 2 2 2 2 2 2 2 2
left_child=6 3 27 4 5 12 17 8 13 10 -10 -7 19 14 -8 36 22 -1 30 20 -2 -21 23 24 -17 -26 -27 -3 37 39 34 32 33 -32 -19 -12 -4 38 -29 40 43 42 -41 -30 -45 47 48 -46 -47 50 52 -52 54 58 55 56 60 -56 -54 -57 61 -43
right_child=1 2 15 -5 -6 11 7 -9 9 -11 35 -13 -14 -15 -16 16 -18 18 -20 21 -22 -23 -24 -25 25 26 -28 28 29 -31 31 -33 -34 -35 -36 -37 -38 -39 -40 41 -42 49 -44 44 45 46 -48 -49 -50 -51 51 -53 53 -55 57 59 -58 -59 -60 -61 -62 -63
leaf_value=-0.0032934301710609393 -0.0013567216552980536 0.027460771528967549 -0.028911276973801928 -0.10170381168400533 0.03579035776108655 -0.11771245104045186 0.16196892515704214 1.1460705993175508 0.86938041757654261 0.91092158325256856 0.29175207199794906 -0.65406551980546546 0.66708131120318459 -0.33930061114105314 -0.45270475495246149 0.073360219760014542 0.41527415215969088 0.1016603989280678 0.0023705170229387567 0.13299669840240055 -0.56676719444138668 0.78724733155051418 -0.5024408626556397 0.51004250230996506 0.17947353281472858 -1.1015712652887617 0.066568512493564241 0.93651293427557558 0.46113795347702813 -0.27919167381221965 0.22502593384373656 -0.28885649946229214 -0.042852788982969348 0.53851291926468126 -0.23277727603912354 -0.48986387561868744 -0.45396472351891659 -0.020961857693535941 0.071742633994548555 0.087959424474022607 -0.82402222915129242 0.12156211218663625 -0.46734365656020799 -0.35995868643124901 0.50804683624913816 0.44467193560467833 -0.45376761239327373 -0.25758752964791798 -0.26377092838287353 -0.25314956507919467 -0.52777416358391449 0.2874216390773654 0.38022401096584563 0.94428600861745737 -0.76201741382479671 0.32696560097788024 0.70074216985121007 0.11641523792193487 -0.19506957685505902 0.95989334450827712 0.009650429750068322 0.71603221366038694
leaf_weight=2287 1278 5365 9400 3270 2767 1348 439 25 27 31 21 35 21 44 31 639 66 905 1441 112 28 22 25 46 38 28 31 37 39 59 579 29 99 85 70 27 35 28 31 55 22 105 47 54 76 45 61 21 30 34 27 20 111 34 20 53 41 26 27 27 270 39
leaf_count=2287 1278 5365 9400 3270 2767 1348 439 25 27 31 21 35 21 44 31 639 66 905 1441 112 28 22 25 46 38 28 31 37 39 59 579 29 99 85 70 27 35 28 31 55 22 105 47 54 76 45 61 21 30 34 27 20 111 34 20 53 41 26 27 27 270 39
internal_value=0.00132485 -0.0118444 0.00459428 -0.0435185 -0.00960904 -0.0537793 0.0570752 0.178923 0.139925 0.420871 0.218317 -0.131286 0.0195896 0.0819869 0.121427 -0.0217723 0.0724236 0.0427728 0.0756136 0.010147 -0.0134788 0.240411 0.0443838 0.0618654 0.0338544 -0.226396 -0.487803 0.0445394 0.108214 0.0889286 0.135344 0.206369 0.225192 0.265156 0.0776495 -0.147907 -0.0304881 0.378001 0.542279 0.105844 -0.005639 0.147293 -0.167916 0.0495893 -0.00633541 0.0756202 -0.114579 0.342291 0.161295 0.185843 0.2045 -0.180882 0.228555 0.401417 0.17738 0.215461 0.158297 -0.265512 0.267667 0.540579 0.104577 0.282564
internal_weight=32133 25993 17112 8881 5611 2844 6140 645 620 106 75 1383 1461 514 470 10308 873 5495 3208 1440 1306 134 807 782 736 97 59 6804 1439 1343 1767 792 763 664 975 48 9435 96 68 1284 348 936 102 326 287 233 136 97 75 834 800 47 753 172 581 535 455 46 138 80 414 144
internal_count=32133 25993 17112 8881 5611 2844 6140 645 620 106 75 1383 1461 514 470 10308 873 5495 3208 1440 1306 134 807 782 736 97 59 6804 1439 1343 1767 792 763 664 975 48 9435 96 68 1284 348 936 102 326 287 233 136 97 75 834 800 47 753 172 581 535 455 46 138 80 414 144
is_linear=0
shrinkage=0.05


Tree=128
num_leaves=63
num_cat=0
split_feature=40 40 40 40 40 40 32 33 32 33 34 33 32 32 33 33 32 1 38 33 32 34 4 33 33 37 36 33 36 34 38 33 34 34 32 33 36 33 34 36 36 36 33 34 33 4 32 34 34 34 33 34 24 33 14 34 36 10 32 33 33 39
split_gain=8516.59 4885.79 6506.18 6325.62 4061.88 5838.33 3621.56 3933.89 6604.75 4668.74 3795.11 3332.13 3055.05 3050.92 3001.89 2951.65 3040.75 2950.84 2636.71 4036.55 2882.67 2553.5 4220.84 2452.85 2704.86 2359.95 2359.13 2316.63 2287.44 2223.99 2033.16 3301.93 3194.82 4207.46 7036.61 3119.25 4037.44 3230.22 2756.55 4240.76 2523.79 2245.55 2162.78 2616.17 2737.83 2001.06 3189.28 1999.24 5980.2 3208.13 3192.69 1965.26 5791.52 2964.44 2568.85 2256.83 5444.08 1993.28 2494.96 2741.99 2538.64 2281.26
threshold=1.0000000180025095e-35 4.5000000000000009 5.5000000000000009 3.5000000000000004 2.5000000000000004 1.5000000000000002 206.95000000000002 453.55000000000007 342.75000000000006 474.55000000000007 20.850000000000005 436.05000000000007 426.95000000000005 242.55000000000004 485.45000000000005 431.45000000000005 328.05000000000007 1.0000000180025095e-35 1.0000000180025095e-35 323.05000000000007 468.75000000000006 152.40000000000003 1.0000000180025095e-35 407.65000000000003 393.85000000000008 4.5000000000000009 272.41250000000008 96.15000000000002 26.275000000000002 465.85000000000008 1.0000000180025095e-35 376.2000000000001 302.95000000000005 387.95000000000005 367.85000000000008 213.65000000000001 311.45833333333337 315.35000000000008 118.65000000000002 266.78333333333336 244.65833333333336 262.54166666666674 192.05000000000004 118.65000000000002 90.950000000000017 1.0000000180025095e-35 294.25000000000006 209.85000000000005 62.750000000000007 148.85000000000005 205.35000000000005 221.85000000000005 1.0000000180025095e-35 317.35000000000008 1.0000000180025095e-35 180.75000000000003 254.11000000000004 1.0000000180025095e-35 200.75000000000003 276.25000000000006 187.75000000000003 1.0000000180025095e-35
decision_type=2 2 2 2 2 2 2 2 2 2 2 2 2 2 2 2 2 2 2 2 2 2 2 2 2 2 2 2 2 2 2 2 2 2 2 2 2 2 2 2 2 2 2 2 2 2 2 2 2 2 2 2 2 2 2 2 2 2 2 2 2 2
left_child=6 3 14 4 5 11 25 15 10 -10 -9 45 17 -13 28 23 -17 -4 47 20 -20 -7 27 24 30 -1 -6 -23 -3 -5 -8 32 35 41 -35 42 38 -38 39 40 -37 -34 43 -32 -45 -2 -47 48 -14 -50 -49 55 54 -54 -53 57 -57 -30 -59 60 61 -60
right_child=1 2 12 29 26 21 7 8 9 -11 -12 13 18 -15 -16 16 -18 -19 19 -21 -22 22 -24 -25 -26 -27 -28 -29 51 -31 31 -33 33 34 -36 36 37 -39 -40 -41 -42 -43 -44 44 -46 46 -48 50 49 -51 -52 52 53 -55 -56 56 -58 58 59 -61 -62 -63
leaf_value=0.017763345864568666 -0.015916492430154573 -0.082476929667252688 -0.026922665817115294 -0.099853334602731492 0.0026303288102744282 -0.10416441296327246 0.14421410626355358 0.36856871326180068 1.3225984604462333 0.40023154138642197 -0.4339062681564918 -0.0024375022485338409 0.11553784585211635 0.695661997093874 0.40364168045160015 0.11487697423435748 -0.5594783003308943 -0.41205629050731662 0.36101815507692447 -0.69352882438235819 -0.25506435553001805 0.26756844449302425 -0.82758234919923734 0.4203667344204311 -0.32728364640160612 0.23445035124054325 0.10194635046965675 -0.32262981911500299 0.032492378763530748 0.42902230754494664 0.067431812442398958 0.58644664905689381 0.30822187505130261 0.44904588811537799 -0.66915715138117482 -0.20045941025018693 -0.1856287785938808 -0.96757128858566288 0.29132315158670724 0.25938608745733899 -0.83746157729107407 0.97498751723248034 0.48669789014039222 0.073458948179527569 -0.62055517107248315 0.014160578734712837 0.55536597045819935 -0.053973033336492685 -0.82376135808450202 0.011742205023765565 0.66901454248943848 0.096839654500566474 0.72795545695615671 0.13052768219601027 -0.38258712291717534 0.0075672172815413096 -0.87315348101698831 0.035479455305656209 0.11086807091415457 0.55192190778666539 -0.30006854579998898 0.52537265971620029
leaf_weight=3759 1276 365 9385 3250 1893 1267 1091 34 23 34 26 29 659 34 57 32 35 50 34 27 43 23 33 58 38 130 874 60 5221 20 457 27 28 34 24 48 28 25 43 36 23 23 27 27 30 81 41 26 27 20 37 407 56 33 30 74 23 294 113 58 26 47
leaf_count=3759 1276 365 9385 3250 1893 1267 1091 34 23 34 26 29 659 34 57 32 35 50 34 27 43 23 33 58 38 130 874 60 5221 20 457 27 28 34 24 48 28 25 43 36 23 23 27 27 30 81 41 26 27 20 37 407 56 33 30 74 23 294 113 58 26 47
internal_value=0.0012586 -0.0112521 0.00436457 -0.0413426 -0.00912859 -0.0510903 0.0542215 0.104695 0.386986 0.772415 0.0208296 0.0186101 -0.0206837 0.374315 0.0423125 0.0892181 -0.237398 -0.0289636 0.0688024 -0.167485 0.0169721 -0.124722 -0.349258 0.099805 0.0905504 0.0250067 0.0340008 -0.159081 0.0392599 -0.0966186 0.098606 0.0420624 0.024831 0.27764 -0.0136588 -0.0122068 -0.179339 -0.55447 -0.0467925 -0.182671 -0.406812 0.60892 0.0505063 0.0275935 -0.291812 0.00258052 0.196041 0.100758 0.0766753 -0.468228 0.370639 0.0462223 0.1388 0.506437 0.0639271 0.0379067 -0.201263 0.0419351 0.133571 0.251764 0.158166 0.232629
internal_weight=32133 25993 17112 8881 5611 2844 6140 2251 117 57 60 1461 10308 63 6804 2134 67 9435 873 104 77 1383 116 2067 2009 3889 2767 83 6747 3270 1971 880 853 109 58 744 203 53 150 107 71 51 541 514 57 1398 122 769 706 47 63 6382 526 89 437 5856 97 5759 538 244 186 160
internal_count=32133 25993 17112 8881 5611 2844 6140 2251 117 57 60 1461 10308 63 6804 2134 67 9435 873 104 77 1383 116 2067 2009 3889 2767 83 6747 3270 1971 880 853 109 58 744 203 53 150 107 71 51 541 514 57 1398 122 769 706 47 63 6382 526 89 437 5856 97 5759 538 244 186 160
is_linear=0
shrinkage=0.05


Tree=129
num_leaves=63
num_cat=0
split_feature=35 40 40 38 31 34 32 31 33 36 29 35 35 35 36 36 31 32 33 32 33 36 33 39 33 15 32 38 36 23 40 32 16 33 31 35 31 31 37 37 18 31 32 36 27 35 33 36 32 2 33 36 31 36 33 33 34 36 31 33 31 40
split_gain=7707.02 6242.16 4915.65 3756.62 5185.31 8733.77 8207.2 4954.77 3487.29 5240 4053.91 3664.58 4069.58 3294.98 2993.69 2809.93 4216.36 4472.21 6928.38 3367.83 3129.02 2857.07 2798.02 8705.75 5770.93 3989.66 2615.52 3840.35 5520.01 3328.6 3257.08 2594.21 3505.69 3591.36 2564.01 2544.64 2389.13 2312.01 2270.19 2240.48 3178.04 2810.28 2654.04 2234.88 2098.3 3560.23 2766.04 3672.75 3562.35 3188.88 3123.05 3208.44 3741.24 2785.9 3306.79 2946.54 2485.77 2309.48 2914.25 2224.41 2945.62 2042.89
threshold=439.9500000000001 1.5000000000000002 2.5000000000000004 1.0000000180025095e-35 386.75000000000006 378.85000000000008 315.85000000000008 368.25000000000006 439.35000000000008 329.71250000000009 1.0000000180025095e-35 818.95000000000016 933.35000000000025 1249.5000000000002 359.52500000000003 373.58333333333343 308.35000000000008 164.25000000000003 155.05000000000004 257.15000000000003 11.65 220.91250000000005 381.15000000000003 1.0000000180025095e-35 205.35000000000005 1.0000000180025095e-35 460.75000000000006 1.0000000180025095e-35 462.72500000000008 1.0000000180025095e-35 4.5000000000000009 470.75000000000006 1.0000000180025095e-35 326.85000000000008 462.55000000000007 1096.7500000000002 4.4500000000000011 349.95000000000005 4.5000000000000009 3.5000000000000004 1.0000000180025095e-35 446.65000000000003 492.65000000000003 294.5125000000001 1.0000000180025095e-35 1069.4000000000003 87.250000000000014 300.81666666666672 292.45000000000005 1.0000000180025095e-35 361.75000000000006 240.05833333333337 211.85000000000005 180.51666666666668 423.05000000000007 463.55000000000007 273.55000000000007 302.3633333333334 201.65000000000001 309.05000000000007 177.25000000000003 4.5000000000000009
decision_type=2 2 2 2 2 2 2 2 2 2 2 2 2 2 2 2 2 2 2 2 2 2 2 2 2 2 2 2 2 2 2 2 2 2 2 2 2 2 2 2 2 2 2 2 2 2 2 2 2 2 2 2 2 2 2 2 2 2 2 2 2 2
left_child=36 3 13 8 7 22 -7 15 -2 10 11 -10 -13 -3 -11 16 44 21 19 -19 -21 -18 24 -24 25 -6 61 28 29 39 -31 -29 33 37 -26 -36 -1 43 -38 41 42 -28 -41 -33 45 46 48 49 -5 50 51 -48 -53 -52 -55 -56 -46 58 -50 -47 -61 -4
right_child=1 2 26 4 5 6 -8 -9 9 14 -12 12 -14 -15 -16 -17 17 18 -20 20 -22 -23 23 -25 34 -27 27 31 -30 30 -32 32 -34 -35 35 -37 38 -39 -40 40 -42 -43 -44 -45 56 59 47 -49 57 -51 53 52 -54 54 55 -57 -58 -59 -60 60 -62 -63
leaf_value=-0.10066211050760368 0.10067676228474375 -0.10062149161739009 -0.030346433858249106 0.42827968176068931 0.10392504867452841 0.16764768248512632 1.582902946472168 -0.45799294795953865 0.5244092068169266 1.2162410359491003 0.75020815959343556 -0.54143206748095429 0.15192298899262638 -0.59982117448534289 0.38162490980965752 -0.45230472173009606 0.22690725949677557 0.56542025194281631 0.75841087613786973 0.15463492614882335 -0.65275503936268042 -0.40902544079642555 -0.27707584751769904 0.88483922607020338 -0.49916613883616634 0.78268975746080593 0.071774723906336088 0.23972504958510399 0.85167424128605773 -0.51202191840379674 0.058163396886416842 -0.29795102582823846 0.38231142716748373 -0.78234292422571494 -0.43981840221211316 0.29328809401084638 -0.01920561361663202 -0.5312702096741776 0.42360269637971087 0.29214969852426709 0.74674947969615468 0.67611295968294149 -0.22331200922528904 0.29326862857648822 -0.091665250675318999 0.73429496174766906 -0.14456620603799819 -0.77125924002556578 0.0040365640404103681 0.33698089885979132 -0.37588038295507431 -0.23894157178940312 -1.116077778339386 0.58487880084965682 -0.48349552793162209 0.34452151358127597 -0.61458530191219218 0.32173579523668572 -0.58961701265403199 0.56492277497053145 -0.13033507451032983 0.020669435560346051
leaf_weight=936 2276 595 2651 58 221 21 20 66 32 22 26 33 59 35 21 35 33 21 63 28 21 38 28 38 57 24 504 40 26 39 70 31 21 31 20 29 15211 29 29 149 32 20 30 33 73 21 230 21 79 39 24 31 20 37 21 22 33 34 28 25 39 7554
leaf_count=936 2276 595 2651 58 221 21 20 66 32 22 26 33 59 35 21 35 33 21 63 28 21 38 28 38 57 24 504 40 26 39 70 31 21 31 20 29 15211 29 29 149 32 20 30 33 73 21 230 21 79 39 24 31 20 37 21 22 33 34 28 25 39 7554
internal_value=0.00119567 0.0258503 0.00756049 0.0793209 0.0195894 0.161688 0.858016 -0.0374992 0.117981 0.322042 0.182551 0.0635266 -0.0967805 -0.128355 0.808638 -0.0116588 0.00318486 0.206964 0.378012 0.0356535 -0.191389 -0.113451 0.0932237 0.391906 0.0370613 0.170416 0.015165 0.090113 0.134103 0.111998 -0.145848 -0.11676 -0.2151 -0.316275 -0.271165 -0.00593905 -0.0231251 -0.160919 -0.018363 0.150236 0.287805 0.0948411 0.205759 0.00689661 -0.0466006 -0.0163768 -0.05652 -0.125815 0.0984364 -0.0938473 -0.13749 -0.224124 -0.582917 0.0965909 0.238332 -0.0598589 -0.254461 -0.0372438 -0.151312 0.287767 0.14125 0.00741681
internal_weight=32133 15957 11890 4067 1598 458 41 1140 2469 193 150 124 92 630 43 1074 1039 204 133 70 49 71 417 66 351 245 11260 1055 870 844 109 185 145 124 106 49 16176 93 15240 735 211 524 179 64 835 729 644 445 199 424 385 281 51 104 80 43 106 141 107 85 64 10205
internal_count=32133 15957 11890 4067 1598 458 41 1140 2469 193 150 124 92 630 43 1074 1039 204 133 70 49 71 417 66 351 245 11260 1055 870 844 109 185 145 124 106 49 16176 93 15240 735 211 524 179 64 835 729 644 445 199 424 385 281 51 104 80 43 106 141 107 85 64 10205
is_linear=0
shrinkage=0.05


Tree=130
num_leaves=63
num_cat=0
split_feature=35 33 33 31 33 35 35 31 36 36 36 36 2 35 36 36 34 34 31 39 31 33 33 24 34 35 35 31 35 35 36 36 33 33 31 36 33 36 31 36 36 33 14 34 31 11 5 34 33 31 33 31 33 35 36 22 31 31 34 34 36 36
split_gain=6760.87 2193.21 4097.23 6088.99 5875.56 2174.72 2144.66 2124.34 2324.08 9158.11 4028.34 3556.71 3581.36 3665.58 2290.15 2124.72 2113.74 1781.3 2263.88 1991.38 1618.73 1981.79 2501.97 1575 1725.95 2186.08 1667.51 1457.31 2533.25 1442.09 5373.63 2865.48 3262.44 2762.57 2385.14 2372.8 2230.33 2035.42 1933.88 2518.03 1901.52 5888.8 5027.15 3959.97 3954.86 3382.87 3321.58 6191.7 3079.23 3265.39 2772.59 11873.3 4827.12 4203.18 3586.42 3630.9 3297.55 7414.94 2431.38 4449.81 3792.28 6941.14
threshold=439.9500000000001 488.85000000000008 492.55000000000007 408.75000000000006 495.95000000000005 1110.2000000000003 3.4500000000000006 478.75000000000006 318.92500000000001 331.81666666666672 340.75000000000006 271.14166666666677 1.0000000180025095e-35 1069.4000000000003 261.05833333333339 279.41250000000008 1.5500000000000003 185.55000000000004 484.75000000000006 1.0000000180025095e-35 12.65 469.35000000000008 449.00000000000006 1.0000000180025095e-35 260.25000000000006 1203.6500000000003 1083.5500000000002 493.85000000000008 924.45000000000016 645.45000000000016 462.72500000000008 140.98750000000004 96.15000000000002 485.45000000000005 15.950000000000001 311.45833333333337 477.95000000000005 145.05500000000004 173.05000000000004 294.5125000000001 204.51666666666668 2.6500000000000008 1.0000000180025095e-35 1.0500000000000003 123.85000000000001 1.0000000180025095e-35 1.0000000180025095e-35 480.2000000000001 367.75000000000006 184.05000000000004 416.75000000000006 448.25000000000006 419.15000000000003 1531.0000000000002 238.91250000000005 1.0000000180025095e-35 154.75000000000003 94.050000000000011 24.850000000000005 4.6500000000000012 359.52500000000003 331.81666666666672
decision_type=2 2 2 2 2 2 2 2 2 2 2 2 2 2 2 2 2 2 2 2 2 2 2 2 2 2 2 2 2 2 2 2 2 2 2 2 2 2 2 2 2 2 2 2 2 2 2 2 2 2 2 2 2 2 2 2 2 2 2 2 2 2
left_child=6 7 -3 4 5 -4 -1 20 11 -10 -11 12 13 14 27 -13 -6 18 -17 -20 21 22 -2 24 25 26 -12 28 -9 -22 31 32 -31 34 -33 -35 37 -36 -38 -40 41 -39 43 44 -43 -45 50 48 49 -48 53 52 -52 58 -54 56 57 -56 59 -42 61 -60
right_child=1 2 3 -5 16 -7 -8 8 9 10 23 15 -14 -15 -16 17 -18 -19 19 -21 29 -23 -24 -25 -26 -27 -28 -29 -30 30 -32 33 -34 35 36 -37 38 40 39 -41 46 42 -44 45 -46 -47 47 -49 -50 -51 51 -53 54 -55 55 -57 -58 -59 60 -61 -62 -63
leaf_value=-0.14041972258916455 -0.067579013240344973 0.45639492123421416 -0.20415551551750732 0.7799271209334786 -0.0064045078224605981 -0.8013993311811376 -0.020818951292714924 0.095819958948319961 -0.8279105299711228 0.74604556446983705 0.052911409425439926 0.74435508991109911 -0.56094188143809631 0.65909551264984279 -0.41921865292217425 0.70649869243303942 0.60722556425177532 -0.1083659794330597 0.49009672535790338 -0.011337531831073153 -0.0017618215328747159 -0.42917292633226939 0.36810698543276105 -0.17826455781857176 0.44536220203314364 -0.41713240568836529 0.49682141217318448 -0.10871405584401772 0.62062355699362581 -0.029371746454168769 0.76325798273086554 0.38773873121194219 0.62947434027280125 0.031672093501457797 -0.39468558502608331 -0.61602241380080103 -0.071592078482111299 0.87463727930317769 0.66321681462801418 0.12480928484274417 0.0043428975911818752 0.55946420525511109 0.61120869811715162 -0.058064135153150176 0.11256045859451852 0.20791362311305672 0.37934719279016321 0.96760124921798707 -0.059450786974694997 0.088542517338480273 0.69013438931217896 0.80235807509334001 -0.25057036589298931 -0.53807744666149737 -0.084748856961313235 -0.3542360422106422 0.032360239058145245 0.72943422012673376 -0.052778567246003529 0.42511131735518576 0.42019081329688046 -0.55076608236979796
leaf_weight=384 563 83 35 22 36 27 15689 155 30 21 551 29 21 28 23 33 23 25 36 44 5439 35 35 72 29 24 22 61 27 34 25 46 42 26 29 31 36 23 39 49 3449 60 41 681 283 145 114 20 288 630 27 54 112 38 54 49 431 58 1286 64 39 74
leaf_count=384 563 83 35 22 36 27 15689 155 30 21 551 29 21 28 23 33 23 25 36 44 5439 35 35 72 29 24 22 61 27 34 25 46 42 26 29 31 36 23 39 49 3449 60 41 681 283 145 114 20 288 630 27 54 112 38 54 49 431 58 1286 64 39 74
internal_value=-0.000806091 0.0223043 0.176954 0.0147608 -0.12436 -0.464246 -0.0236763 0.0200753 0.0831273 0.0280149 0.0637281 0.168769 0.0698738 0.114932 0.0576517 0.355307 0.232807 0.27355 0.358045 0.214308 0.0147035 -0.0634823 -0.042079 0.0431999 0.0686719 0.0503737 0.0699551 0.102788 0.173675 0.0182857 0.0313021 0.0291111 0.334727 0.0263046 0.0287103 -0.320583 0.0266896 0.0234476 0.237127 0.363422 0.0249596 0.0820799 0.0670147 0.0479284 0.190736 -0.0113731 0.0145825 0.0962524 0.0793658 0.133101 -0.000398627 0.0869013 0.0340495 -0.0142432 0.00888716 0.0579737 0.0951713 0.336882 -0.0101907 0.0120085 -0.0659346 -0.0798749
internal_weight=31979 15906 226 143 121 62 16073 15680 1231 749 719 482 315 294 266 167 59 138 113 80 14449 633 598 698 626 597 573 243 182 13816 8377 8352 76 8276 8219 57 8173 8049 124 88 8020 1233 1210 1169 343 826 6787 1052 1032 744 5735 785 731 4950 704 592 543 112 4912 3513 1399 1360
internal_count=31979 15906 226 143 121 62 16073 15680 1231 749 719 482 315 294 266 167 59 138 113 80 14449 633 598 698 626 597 573 243 182 13816 8377 8352 76 8276 8219 57 8173 8049 124 88 8020 1233 1210 1169 343 826 6787 1052 1032 744 5735 785 731 4950 704 592 543 112 4912 3513 1399 1360
is_linear=0
shrinkage=0.05


Tree=131
num_leaves=63
num_cat=0
split_feature=35 37 37 39 35 40 40 40 21 36 36 36 39 8 23 36 19 35 1 32 31 36 28 31 21 36 17 36 36 5 35 32 32 35 39 35 35 31 37 35 40 40 40 40 40 4 31 35 32 32 31 36 36 36 36 31 35 36 8 35 23 35
split_gain=6101.68 3460.01 2599.61 2231.01 3541.39 2015.11 4404.44 6514.24 3167.56 8969.01 4374.46 3730.44 2952.73 3095.87 2846.51 6524.66 3232.56 3522.63 2769.85 2733.96 2704.12 3216.18 2180.62 2171.86 2205.02 2307.41 2033.32 3087.73 2682.94 2032.03 3140.45 4524.09 3145.32 3362.12 5028.5 3895.75 2202.23 2112.93 2125.28 1904.42 2058.21 1902.23 2250.82 2454.43 1967.55 1856.75 2433.85 1920.58 2483.82 2868.34 1837.52 2844.59 2341.96 2641.21 2060.61 3361.71 4671.6 1770.65 1766.7 2110.73 1820.16 2471.95
threshold=439.9500000000001 5.5000000000000009 4.5000000000000009 1.0000000180025095e-35 1083.5500000000002 5.5000000000000009 4.5000000000000009 3.5000000000000004 1.0000000180025095e-35 315.18333333333339 173.16750000000005 153.21000000000004 1.0000000180025095e-35 1.0000000180025095e-35 1.0000000180025095e-35 336.48750000000007 1.0000000180025095e-35 825.05000000000007 1.0000000180025095e-35 324.25000000000006 380.65000000000003 241.15833333333336 1.0000000180025095e-35 98.15000000000002 1.0000000180025095e-35 229.91666666666669 1.0000000180025095e-35 325.31250000000006 254.11000000000004 1.0000000180025095e-35 1140.1000000000001 410.95000000000005 414.85000000000008 949.45000000000016 1.0000000180025095e-35 1055.7500000000002 690.95000000000016 133.85000000000005 2.5000000000000004 3.4500000000000006 1.0000000180025095e-35 4.5000000000000009 3.5000000000000004 2.5000000000000004 5.5000000000000009 1.0000000180025095e-35 481.05000000000007 1044.7500000000002 229.65000000000001 416.95000000000005 408.75000000000006 279.41250000000008 178.11250000000004 194.51250000000002 256.81666666666672 347.85000000000008 1069.4000000000003 262.54166666666674 1.0000000180025095e-35 1531.0000000000002 1.0000000180025095e-35 1225.1500000000003
decision_type=2 2 2 2 2 2 2 2 2 2 2 2 2 2 2 2 2 2 2 2 2 2 2 2 2 2 2 2 2 2 2 2 2 2 2 2 2 2 2 2 2 2 2 2 2 2 2 2 2 2 2 2 2 2 2 2 2 2 2 2 2 2
left_child=2 5 39 4 -3 6 7 8 10 12 11 -2 13 45 16 50 17 -8 58 -17 21 -18 -14 24 -19 -26 29 28 -28 -12 32 -32 33 36 -35 -36 -31 -34 -39 -1 -41 42 43 -42 -43 46 47 57 -49 -50 52 -52 -16 -54 -55 56 -56 -10 59 60 -7 -62
right_child=1 3 -4 -5 -6 18 14 -9 9 -11 26 -13 22 -15 15 19 20 23 -20 -21 -22 -23 -24 -25 25 -27 27 -29 -30 30 31 -33 37 34 35 -37 -38 38 -40 40 41 44 -44 -45 -46 -47 -48 48 49 -51 51 -53 53 54 55 -57 -58 -59 -60 -61 61 -63
leaf_value=-0.13339873669465305 0.024231419518589974 0.40521250722101992 0.42771885431138801 0.56329118466757711 -0.39999567270278935 -0.0021191176909215645 0.066719517652516797 -0.081325619692456302 0.10207429689206103 1.143433051109314 0.015425048488029867 -0.3847642686284547 0.026047358841473897 0.39034542416648887 0.12083202758613898 0.034932919992850378 -0.30740807193274405 0.65413146881347017 -0.34225005067762782 0.59853562361871204 -0.55674944205149524 0.26546332747960583 -0.32927714537667191 0.1601283327706805 0.52880934745073327 -0.23069797769188882 -0.26654868747179322 -0.56592385837009973 0.18433931661463943 -0.043929567694469214 0.71920413264761807 -0.16649129404908136 -0.061186014374961031 -0.86859950137138375 -0.38270602160029943 0.53799299150705338 0.2325960520928835 0.23428565474117505 0.82252618713038306 0.019172001687355621 -0.073299243671241243 0.016280609240527318 -0.10183050708476644 0.018813702560148408 -0.033595430063189151 0.29434094832810975 0.4197963099635672 -0.6457054796673003 0.27618199314389907 -0.43351346254348755 -0.19112103657948007 0.47026022241033361 -0.71494678918804444 -0.02644356657799922 -0.42399944395559735 -0.84119705603672912 0.3994593898455302 -0.28594730126280943 -0.080763018655252983 -0.5037952181696892 0.066195905373225949 0.48356965780258182
leaf_weight=384 100 36 32 47 22 3586 1915 1558 570 20 3289 126 704 107 49 39 49 47 61 48 31 49 46 887 20 20 65 35 67 153 46 21 23 25 27 20 136 34 28 2683 1488 3163 1641 1407 5275 112 48 21 35 24 37 29 28 95 61 26 24 31 637 20 534 38
leaf_count=384 100 36 32 47 22 3586 1915 1558 570 20 3289 126 704 107 49 39 49 47 61 48 31 49 46 887 20 20 65 35 67 153 46 21 23 25 27 20 136 34 28 2683 1488 3163 1641 1407 5275 112 48 21 35 24 37 29 28 95 61 26 24 31 637 20 534 38
internal_value=-0.000765787 0.0211891 -0.0224925 0.307261 0.0997887 0.0192881 0.0312169 0.0096307 0.0335965 0.0907816 0.0101772 -0.203793 0.0783829 0.137029 0.0779079 -0.0415133 0.0951602 0.106095 -0.00743931 0.345886 -0.149725 -0.0209724 0.00425412 0.183512 0.421913 0.149056 0.0223609 -0.148397 -0.0376889 0.0298614 0.122417 0.441598 0.0744682 0.0100378 -0.295669 0.00908079 0.0862001 0.348108 0.499943 -0.0233906 -0.0206926 -0.0289365 -0.055049 -0.0285314 -0.0148993 0.1048 0.0756796 0.0514247 -0.178722 -0.0125077 -0.138086 0.0994859 -0.193491 -0.259311 -0.19738 -0.343676 -0.191493 0.0820599 -0.00319768 0.00862834 0.0110931 0.0939235
internal_weight=31979 15906 16073 105 58 15801 10925 7471 5913 1718 4195 226 1698 948 3454 436 3018 2889 4876 87 129 98 750 974 87 40 3969 167 132 3802 513 67 446 361 72 47 289 85 62 16041 15657 12974 4536 2895 8438 841 729 681 80 59 349 66 283 234 206 111 85 601 4815 4178 4158 572
internal_count=31979 15906 16073 105 58 15801 10925 7471 5913 1718 4195 226 1698 948 3454 436 3018 2889 4876 87 129 98 750 974 87 40 3969 167 132 3802 513 67 446 361 72 47 289 85 62 16041 15657 12974 4536 2895 8438 841 729 681 80 59 349 66 283 234 206 111 85 601 4815 4178 4158 572
is_linear=0
shrinkage=0.05


Tree=132
num_leaves=63
num_cat=0
split_feature=35 37 37 34 34 32 36 35 40 40 40 35 11 35 35 34 32 34 35 35 34 34 18 35 36 27 35 39 21 35 35 19 36 8 34 35 36 36 35 38 37 15 35 34 32 27 39 34 18 36 35 11 32 8 36 32 35 34 35 34 27 32
split_gain=5506.77 3122.66 2346.15 2345.51 2277.8 1837.48 5379.18 3299.32 2716.29 2502.24 4618.59 3985.84 3538.89 5910.74 3313.08 2929.69 4722.32 3327.91 4972.14 3674.63 3492.54 3162.49 2834.64 2468.53 2454.89 2440.64 2528.16 2365.67 2354.14 2244.27 6039.38 2788.02 2661.93 2154.53 6451.34 4156.48 5360.91 2131.48 2126.88 2533.44 2032.46 2641.85 1979.54 1972.48 1950.3 1931.45 1846.25 1843.94 1770.84 3362.89 3895.25 3937.22 3303.73 2181.25 3435.69 3248.38 3450.2 2255.7 1964.31 2419.52 2262.42 1814.38
threshold=439.9500000000001 5.5000000000000009 4.5000000000000009 426.25000000000006 492.05000000000007 294.25000000000006 462.72500000000008 1397.9500000000003 5.5000000000000009 4.5000000000000009 3.5000000000000004 1531.0000000000002 1.0000000180025095e-35 685.05000000000007 1279.4000000000003 440.00000000000006 401.15000000000003 399.90000000000003 1313.1500000000003 1203.6500000000003 292.45000000000005 417.35000000000008 1.0000000180025095e-35 1170.4500000000003 472.55000000000007 1.0000000180025095e-35 1531.0000000000002 1.0000000180025095e-35 1.0000000180025095e-35 1203.6500000000003 1249.5000000000002 1.0000000180025095e-35 278.07083333333338 1.0000000180025095e-35 209.85000000000005 1020.4500000000002 323.02500000000003 336.48750000000007 1313.1500000000003 1.0000000180025095e-35 3.5000000000000004 1.0000000180025095e-35 1187.8500000000001 356.90000000000003 474.15000000000003 1.0000000180025095e-35 1.0000000180025095e-35 453.00000000000006 1.0000000180025095e-35 276.51666666666671 639.85000000000014 1.0000000180025095e-35 117.35000000000001 1.0000000180025095e-35 226.32916666666668 159.75000000000003 1122.0000000000002 137.00000000000003 1313.1500000000003 453.00000000000006 1.0000000180025095e-35 177.55000000000004
decision_type=2 2 2 2 2 2 2 2 2 2 2 2 2 2 2 2 2 2 2 2 2 2 2 2 2 2 2 2 2 2 2 2 2 2 2 2 2 2 2 2 2 2 2 2 2 2 2 2 2 2 2 2 2 2 2 2 2 2 2 2 2 2
left_child=2 4 -1 -3 5 7 8 27 9 10 11 15 25 -14 23 17 -17 18 19 20 40 -19 44 -12 -8 26 -11 29 46 31 -31 -2 -33 38 35 -35 -37 -16 45 -40 -7 -42 -36 -15 -20 -10 -21 -9 53 50 -50 52 -52 58 -55 -56 57 -57 59 60 -29 -54
right_child=1 3 -4 -5 -6 6 24 47 33 12 14 -13 13 43 37 16 -18 21 22 28 -22 -23 -24 -25 -26 -27 -28 48 -30 30 -32 32 -34 34 42 36 -38 -39 39 -41 41 -43 -44 -45 -46 -47 -48 -49 49 -51 51 -53 61 54 55 56 -58 -59 -60 -61 -62 -63
leaf_value=-0.022221105725591155 0.034660207525502772 0.40652859726592028 0.40633290857076648 -0.19528103664517404 0.34870140096889091 0.034101694778234395 0.80324149969965219 -0.55691004737121308 0.0090628532921799461 0.09819020454316596 -0.083438672647895354 0.54703542488377266 -0.1782946879449098 0.39599390640854837 -0.17242028371741375 0.074842698820706072 -0.92384930543601529 0.91249465237964289 -0.29373947845055509 -0.18629615997726268 -0.34180808977647259 0.064704147523099734 -0.80324780941009521 0.33749135942072483 0.17893071174621583 -0.28086172005404597 -0.44219315729357983 -0.022811333577205061 0.70526729009368205 0.82064193291589627 -0.095917328174521296 -0.26737172036175283 0.23877667523920537 -0.13522182014302828 0.062824611501260244 -1.2295869074084544 -0.20199926058451334 -0.8537734519351613 -0.072171845349172745 -0.7419704837910831 0.16885052925311173 -0.36766193558772409 0.71944534679253902 0.92296504747299923 0.25090377676216041 0.42044660592901295 0.36683990222712359 0.010517519983378324 -0.073994083335726629 -0.18421199681127776 0.69013782224412701 -0.075150336248297547 -0.052939180250426654 -0.28664719625671464 0.21787531708416186 -0.17969724891277461 -0.77297570466995236 0.39356305626305671 0.3766889899007736 -0.31839519638349034 0.2796663006146749 0.37114414336284002
leaf_weight=16041 3987 85 32 20 52 1665 32 41 1767 1338 594 41 46 115 24 29 20 22 65 22 55 22 21 37 31 46 22 3300 33 32 41 138 32 201 22 22 30 22 48 20 522 24 24 21 22 29 48 22 135 102 59 63 38 205 95 78 20 22 31 68 63 75
leaf_count=16041 3987 85 32 20 52 1665 32 41 1767 1338 594 41 46 115 24 29 20 22 65 22 55 22 21 37 31 46 22 3300 33 32 41 138 32 201 22 22 30 22 48 20 522 24 24 21 22 29 48 22 135 102 59 63 38 205 95 78 20 22 31 68 63 75
internal_value=-0.000727497 0.0201296 -0.0213679 0.291898 0.0183237 0.0172328 0.0360778 0.00175492 0.0319611 0.0526482 0.0277561 0.0579312 0.104188 0.311648 -0.0886211 0.0501284 -0.332787 0.057571 0.0499145 0.0650399 0.0517634 0.488599 -0.281865 -0.0587566 0.496041 0.0773333 0.0894487 0.00440083 0.357123 0.0310311 0.305862 0.0262049 -0.172097 -0.0146733 -0.13927 -0.238302 -0.636748 -0.498285 0.00531296 -0.269171 0.0615538 0.145268 0.405409 0.477364 -0.156014 0.0157055 0.192997 -0.358761 -0.0214711 0.0699766 0.14005 0.263012 0.386874 -0.0325899 -0.140195 -0.00055515 -0.173479 -0.05358 -0.0195355 -0.0231155 -0.0171449 0.228532
internal_weight=31979 15906 16073 105 15801 15749 7102 8647 7039 4876 3288 2611 1588 182 677 2570 49 2521 2477 2369 2266 44 108 631 63 1406 1360 8584 103 4230 73 4157 170 2163 299 253 52 46 1864 68 2211 546 46 136 87 1796 70 63 4354 472 370 235 172 3882 420 215 120 100 3462 3431 3363 113
internal_count=31979 15906 16073 105 15801 15749 7102 8647 7039 4876 3288 2611 1588 182 677 2570 49 2521 2477 2369 2266 44 108 631 63 1406 1360 8584 103 4230 73 4157 170 2163 299 253 52 46 1864 68 2211 546 46 136 87 1796 70 63 4354 472 370 235 172 3882 420 215 120 100 3462 3431 3363 113
is_linear=0
shrinkage=0.05


Tree=133
num_leaves=63
num_cat=0
split_feature=35 37 37 39 35 31 32 36 31 35 40 40 40 21 36 32 31 31 35 36 38 36 32 35 31 38 35 5 35 39 35 29 35 37 0 4 12 40 35 35 35 36 35 31 36 35 39 32 31 31 32 31 32 31 31 36 37 31 25 21 31 31
split_gain=4969.86 2818.2 2117.4 2003.4 3169.49 1930.65 2013.18 5396.51 4615.63 3517.53 2605.73 2685.42 4518.96 2745.44 7382.89 5146.8 6113.89 3510.34 3100.75 4827.65 5155.73 4286.04 2503.7 3327.51 3626.12 3275.56 3008.06 2437.41 2419.48 2399.12 5937.09 4283.17 5561.63 4166.36 3481.41 3424.81 2960.94 3350.98 3197.25 2722.1 2679.76 2882.09 2398.84 2200.49 2162.99 2160.3 2147.06 2089.82 2066.85 4567.99 3031.78 2044.7 3202.68 2957.51 2860.89 2025.3 2216.52 2604.96 2592.87 2236.9 2173.65 4553.88
threshold=439.9500000000001 5.5000000000000009 4.5000000000000009 1.0000000180025095e-35 1083.5500000000002 12.65 294.25000000000006 462.72500000000008 476.65000000000003 1397.9500000000003 5.5000000000000009 4.5000000000000009 3.5000000000000004 1.0000000180025095e-35 285.45833333333337 396.45000000000005 448.25000000000006 394.65000000000003 1083.5500000000002 235.65833333333336 1.0000000180025095e-35 269.82916666666671 326.15000000000003 629.1500000000002 368.25000000000006 1.0000000180025095e-35 909.35000000000014 1.0000000180025095e-35 1279.4000000000003 1.0000000180025095e-35 1279.4000000000003 1.0000000180025095e-35 1397.9500000000003 3.5000000000000004 1.0000000180025095e-35 1.0000000180025095e-35 1.0000000180025095e-35 1.0000000180025095e-35 1313.1500000000003 741.05000000000007 1203.6500000000003 208.11250000000004 1140.1000000000001 302.05000000000007 373.58333333333343 582.6500000000002 1.0000000180025095e-35 350.45000000000005 478.75000000000006 470.95000000000005 412.85000000000008 326.15000000000003 362.45000000000005 302.05000000000007 366.05000000000007 338.42000000000002 2.5000000000000004 104.55000000000001 1.0000000180025095e-35 1.0000000180025095e-35 347.85000000000008 265.85000000000008
decision_type=2 2 2 2 2 2 2 2 2 2 2 2 2 2 2 2 2 2 2 2 2 2 2 2 2 2 2 2 2 2 2 2 2 2 2 2 2 2 2 2 2 2 2 2 2 2 2 2 2 2 2 2 2 2 2 2 2 2 2 2 2 2
left_child=2 5 -1 4 -3 -2 9 10 -9 46 11 12 13 22 18 -16 17 -17 47 -20 21 -21 23 45 26 -26 -25 29 -14 30 35 32 34 39 36 -24 38 -38 40 -33 41 -31 51 -37 -34 -8 -7 -15 49 55 -50 53 -53 -43 -54 56 -13 -58 60 -60 61 -59
right_child=1 3 -4 -5 -6 6 7 8 -10 -11 -12 48 28 14 15 16 -18 -19 19 20 -22 -23 27 24 25 -27 -28 -29 -30 31 -32 33 44 -35 -36 43 37 -39 -40 -41 -42 42 -44 -45 -46 -47 -48 -49 50 -51 -52 52 54 -55 -56 -57 57 58 59 -61 -62 -63
leaf_value=-0.021110050459967208 -0.067451020228657663 0.36964054264956053 0.3860162583179772 0.51992197596329326 -0.39211580103093929 0.033344121715560608 0.06477442043168205 1.0464261642346779 0.16934447467327118 -0.35619515441914107 -0.009837978935387676 -0.043255096442647793 -0.060248820941888909 0.28758317015769069 -0.080727229515711471 0.82774691798470246 1.3257958505431127 -0.076022420326868692 -0.72934251821466856 0.22808400960195635 0.56134409904479987 -0.75002921670675282 -0.11491827750083616 0.33612019500949164 0.29006374031305315 -0.38071200900844171 0.97108351496549761 0.16479089529869928 -0.43307633311190508 0.52205846762905528 -0.73199149106230055 -0.36696754451841118 0.27777826445443288 -0.68123815467483118 0.64350074607393015 0.44464760345220572 0.89125591717660435 0.0063210226919340057 -0.61769948119208928 0.26278622247077327 0.49669345827014361 0.011372570783005166 -0.53757527496503754 -0.11550742365695812 0.92464445630709324 -0.50324121713638303 -0.017452613569343092 0.063849299825099723 0.10288982967535654 -0.6304950305393765 0.88620017426354547 -0.56361366623156783 -0.35906281098723414 0.52579985049463085 0.11209139747887242 0.21789709834948831 0.30274348858791061 0.064264731093449698 0.012115962071852251 -0.5189894603144739 -0.034484285440515065 0.42766102630763303
leaf_weight=16041 643 36 32 47 22 4096 70 24 40 67 2062 277 587 151 24 22 29 21 28 21 29 24 414 66 52 28 26 207 47 24 35 32 28 38 23 50 20 23 21 37 27 283 23 27 24 22 4227 338 30 21 21 37 48 31 98 345 158 273 55 31 170 126
leaf_count=16041 643 36 32 47 22 4096 70 24 40 67 2062 277 587 151 24 22 29 21 28 21 29 24 414 66 52 28 26 207 47 24 35 32 28 38 23 50 20 23 21 37 27 283 23 27 24 22 4227 338 30 21 21 37 48 31 98 345 158 273 55 31 170 126
internal_value=-0.000691123 0.0191231 -0.0202995 0.277303 0.0806985 0.0174075 0.0210072 0.0412953 0.49825 0.00464127 0.0369329 0.0577088 0.0313418 0.0615662 0.146692 0.553381 0.764751 0.386371 0.0806304 -0.170133 0.04146 -0.293576 0.0293274 0.171661 0.301485 0.0552922 0.515566 0.00508488 -0.0878875 -0.019531 -0.102818 0.0340906 0.0785337 -0.260812 0.0391941 -0.0579684 0.0173058 0.417919 -0.0117928 -0.0292735 0.010491 -0.0136404 -0.0383649 0.24823 0.576332 -0.0710554 0.007546 0.132937 0.11256 0.101601 0.425429 -0.0152626 -0.148108 0.06216 -0.0428086 0.112314 0.0788961 0.120515 0.0765572 -0.179329 0.115232 0.179021
internal_weight=31979 15906 16073 105 58 15801 15158 6768 64 8390 6704 4642 3135 2501 687 96 72 43 591 102 74 45 1814 264 172 80 92 1550 634 1343 526 817 710 107 658 491 635 43 592 69 571 544 520 77 52 92 8323 489 1507 1456 51 497 183 314 146 1435 1090 813 655 86 569 399
internal_count=31979 15906 16073 105 58 15801 15158 6768 64 8390 6704 4642 3135 2501 687 96 72 43 591 102 74 45 1814 264 172 80 92 1550 634 1343 526 817 710 107 658 491 635 43 592 69 571 544 520 77 52 92 8323 489 1507 1456 51 497 183 314 146 1435 1090 813 655 86 569 399
is_linear=0
shrinkage=0.05


Tree=134
num_leaves=63
num_cat=0
split_feature=35 36 36 21 35 36 31 36 36 5 31 31 32 32 32 32 31 28 36 32 36 31 35 35 2 31 12 31 32 36 36 31 15 31 35 35 32 17 31 31 35 36 1 28 10 4 36 36 32 36 31 32 36 32 31 31 32 18 32 35 31 32
split_gain=4606.31 3553.85 4051.93 2271.76 2110.27 4948.52 4165.61 2968.9 4340.51 2851.65 4724.97 4006.82 6409.98 5330.44 3327.16 2913.74 4305.52 2981.31 2831.66 2694.89 2568.2 3143.41 4832.56 3304.94 2929.08 5678.07 2794.29 4078.12 2759.92 2717.83 2661.91 5706.6 3604.52 4672.86 4150.63 3763.98 3485.19 3025.12 3695.21 2623.81 2620.04 2416.49 2349.87 2334.39 2259.89 3443.37 2245.93 2263.79 2736.54 2231.84 2225 2715.56 2218.15 4848.45 8294.89 6267.58 5188.11 7613.29 5051.03 4995.45 4164.58 3981.82
threshold=202.60000000000002 92.112500000000011 120.22500000000001 1.0000000180025095e-35 794.6500000000002 462.72500000000008 476.65000000000003 204.51666666666668 196.81666666666669 1.0000000180025095e-35 85.750000000000014 430.35000000000008 337.95000000000005 272.55000000000007 370.25000000000006 478.05000000000007 412.55000000000007 1.0000000180025095e-35 255.47083333333339 358.65000000000003 252.83333333333337 308.35000000000008 1203.6500000000003 1083.5500000000002 1.0000000180025095e-35 361.85000000000008 1.0000000180025095e-35 232.45000000000002 468.75000000000006 232.25833333333335 298.01666666666671 98.15000000000002 1.0000000180025095e-35 136.05000000000004 1397.9500000000003 1249.5000000000002 17.550000000000004 1.0000000180025095e-35 384.75000000000006 388.85000000000008 812.6500000000002 367.51666666666671 1.0000000180025095e-35 1.0000000180025095e-35 1.0000000180025095e-35 1.0000000180025095e-35 203.41000000000003 200.11000000000004 290.45000000000005 300.81666666666672 357.45000000000005 170.05000000000004 359.52500000000003 433.05000000000007 474.75000000000006 438.65000000000003 319.65000000000003 1.0000000180025095e-35 300.25000000000006 1397.9500000000003 466.85000000000008 205.15000000000001
decision_type=2 2 2 2 2 2 2 2 2 2 2 2 2 2 2 2 2 2 2 2 2 2 2 2 2 2 2 2 2 2 2 2 2 2 2 2 2 2 2 2 2 2 2 2 2 2 2 2 2 2 2 2 2 2 2 2 2 2 2 2 2 2
left_child=-1 3 -3 -2 -4 7 -7 8 -6 20 14 15 13 -13 -11 16 17 -12 -19 -18 21 23 24 26 42 -26 28 -28 -9 -25 36 -32 33 -33 35 -34 -22 40 -39 -24 -38 49 44 46 45 -23 47 48 -10 -14 -46 -52 53 55 59 56 58 -58 -35 -55 61 -57
right_child=1 2 4 -5 5 6 -8 9 43 10 11 12 41 -15 -16 -17 19 18 -20 -21 30 22 39 29 25 -27 27 -29 -30 -31 31 32 34 52 -36 -37 37 38 -40 -41 -42 -43 -44 -45 50 -47 -48 -49 -50 -51 51 -53 -54 54 -56 60 57 -59 -60 -61 -62 -63
leaf_value=-0.037568962874811179 -0.074097771918790981 -0.086866893742745491 0.0021211988650658986 0.21470608438795222 0.034145375234521415 0.99410486457248537 0.16087725788354876 -0.14942271678885446 0.71802520354588828 0.80824568422609255 0.062038469011895359 0.23586715600823843 0.4984596008062363 -0.48803679513079778 0.15084854948979159 0.3533470325036483 -0.72300150937893815 0.16296327188611032 -0.51650974633901015 -0.022232499848241393 -0.35174925698174375 0.18920441776064451 0.10350865125656128 -0.6040089893391577 0.30745588851471745 -0.6448643938700358 -0.0080030445908677982 0.8199745225906373 0.25939070231384703 -0.13355423999018967 -0.47384058999596168 0.55512100557486221 0.37438815074122472 0.03522322295241602 0.91271581107919875 -0.43348359252725333 -0.15157680502243803 0.67541449588278069 -0.11245400499213826 0.85493905085783739 0.10072506584939536 0.32669817125185946 -0.4455479234457016 -0.15867674221163211 -0.61815791683537624 -0.22691824059933424 0.80646595037900493 0.13494186502661598 0.087728689646778213 1.2364809161140806 -0.33481974359601741 0.33943055846861436 0.039227986550146844 0.099779410910533245 0.9751209654808044 -0.12808428871631625 -0.067135897628031668 -0.74407683374746791 0.78308581352233897 -0.60947940498590469 -0.18433035075127543 -0.88493480661459145
leaf_weight=6685 86 1106 17505 327 365 24 40 500 51 38 468 93 20 35 39 55 34 23 46 23 45 290 21 59 24 45 58 20 45 64 64 36 46 233 22 21 113 46 22 26 1151 39 24 23 21 60 26 89 26 21 32 28 841 219 25 25 192 53 25 28 111 57
leaf_count=6685 86 1106 17505 327 365 24 40 500 51 38 468 93 20 35 39 55 34 23 46 23 45 290 21 59 24 45 58 20 45 64 64 36 46 233 22 21 113 46 22 26 1151 39 24 23 21 60 26 89 26 21 32 28 841 219 25 25 192 53 25 28 111 57
internal_value=-0.000656566 0.00909908 0.00668445 0.154568 0.0110364 0.0359265 0.473338 0.0314156 0.139124 0.0203117 0.100097 0.0663877 0.25736 0.0379247 0.475278 0.00518243 -0.027055 0.0168021 -0.290019 -0.440235 0.00442944 -0.054788 0.0335056 -0.122369 -0.010058 -0.313623 -0.0756075 0.204299 -0.115667 -0.35922 0.0275374 -0.00932634 0.00604538 -0.00894671 0.316836 0.121175 0.081026 0.0956467 0.420516 0.519194 0.0781696 0.608456 0.035977 0.317342 0.0627905 0.117869 0.374365 0.306687 0.505198 0.876471 -0.175204 -0.0201696 -0.0201719 -0.0717787 0.107222 -0.141733 -0.0487913 -0.213576 0.107691 0.0193776 -0.383959 -0.654188
internal_weight=31979 25294 24881 413 23775 6270 64 6206 580 5626 934 857 208 128 77 649 594 537 69 57 4692 1317 571 746 524 69 623 78 545 123 3375 1998 1934 1845 89 67 1377 1332 68 47 1264 80 455 215 431 350 192 166 77 41 81 60 1809 968 272 696 503 245 258 247 193 82
internal_count=31979 25294 24881 413 23775 6270 64 6206 580 5626 934 857 208 128 77 649 594 537 69 57 4692 1317 571 746 524 69 623 78 545 123 3375 1998 1934 1845 89 67 1377 1332 68 47 1264 80 455 215 431 350 192 166 77 41 81 60 1809 968 272 696 503 245 258 247 193 82
is_linear=0
shrinkage=0.05


Tree=135
num_leaves=63
num_cat=0
split_feature=35 31 33 31 24 36 31 36 33 16 33 32 35 36 35 21 35 36 38 31 2 35 33 36 37 33 33 32 36 35 31 36 32 35 33 33 0 35 31 31 31 32 32 31 32 33 33 18 39 33 25 39 2 22 17 32 35 31 36 32 35 37
split_gain=8194.63 4098.37 4056.44 4755.81 6660.95 3751.93 5065.43 4602.95 3252.31 3217.63 8039.41 3216.66 3150.8 3144.08 3218.69 2873.08 3566.45 3525.5 2765.4 2611.08 2452.94 4073.26 3207.34 2761 2419.46 8346.84 7739.57 4038.37 3850.82 2377.19 8420.37 11473.7 5526.56 3708 5768.9 5522.52 3092.77 5813.49 5175.19 3952.17 6499.03 4375.63 5806.23 4115.73 3648.98 3400.54 3482.2 4087.93 3203.18 3062.62 3026.48 2969.16 2890 2833.33 5932.96 3728.73 3494.36 2754.38 2743.11 2660.3 2619.45 2443.47
threshold=978.05000000000007 17.150000000000002 164.25000000000003 382.95000000000005 1.0000000180025095e-35 276.51666666666671 339.55000000000007 262.54166666666674 127.75000000000001 1.0000000180025095e-35 311.35000000000008 312.15000000000003 1044.7500000000002 248.08750000000001 782.6500000000002 1.0000000180025095e-35 958.55000000000007 198.01000000000002 1.0000000180025095e-35 416.15000000000003 1.0000000180025095e-35 800.35000000000025 129.55000000000004 291.51250000000005 3.5000000000000004 1.0000000180025095e-35 1.0000000180025095e-35 466.85000000000008 218.61250000000004 1455.95 428.45000000000005 367.51666666666671 408.75000000000006 1531.0000000000002 407.65000000000003 399.55000000000007 1.0000000180025095e-35 1249.5000000000002 296.45000000000005 436.65000000000003 460.75000000000006 175.95000000000002 166.25000000000003 493.85000000000008 257.15000000000003 483.85000000000008 401.35000000000008 1.0000000180025095e-35 1.0000000180025095e-35 243.65000000000001 1.0000000180025095e-35 1.0000000180025095e-35 1.0000000180025095e-35 1.0000000180025095e-35 1.0000000180025095e-35 372.55000000000007 1397.9500000000003 448.25000000000006 352.12500000000006 81.350000000000009 1110.2000000000003 4.5000000000000009
decision_type=2 2 2 2 2 2 2 2 2 2 2 2 2 2 2 2 2 2 2 2 2 2 2 2 2 2 2 2 2 2 2 2 2 2 2 2 2 2 2 2 2 2 2 2 2 2 2 2 2 2 2 2 2 2 2 2 2 2 2 2 2 2
left_child=1 13 3 5 8 7 -7 12 -5 29 -11 -12 -2 14 -1 16 17 -3 -16 -18 23 -22 -23 24 25 -17 -26 28 -28 36 33 -32 -33 35 -35 -31 39 38 -38 41 49 42 45 50 51 46 -4 59 -40 -41 58 -43 57 54 56 -55 61 60 -42 -48 -51 -46
right_child=2 15 9 4 -6 6 -8 -9 -10 10 11 -13 -14 -15 18 20 19 -19 -20 -21 21 22 -24 -25 26 -27 27 -29 -30 30 31 32 -34 34 -36 -37 37 -39 48 40 43 44 -44 -45 53 -47 47 -49 -50 52 -52 -53 -54 55 -56 -57 -58 -59 -60 -61 -62 -63
leaf_value=-0.067129930133435711 -0.05777695125243703 -0.036698696964815515 0.34814111259802594 0.30446689449574638 -0.46961386423896667 -0.24502315113418982 -1.228094775080681 0.35560648731696304 -0.2404084768259164 0.89900031838306171 0.46231806631441474 -0.23093755895441231 -0.62879032135009771 -0.39363295175659824 0.37768105260423712 0.038746941268455175 -0.13487520114643367 0.0068311319172176177 -0.22175972014665604 -0.61218365785237916 0.0057094702981970516 0.046912126868001877 -0.56964781339647197 0.42913729098108083 0.82816154553609744 -0.21170056839708229 0.080848943488262368 0.48897275730290196 -0.14507358440798576 0.6969626396894455 1.4935382030628346 0.67426606843868897 -0.35590896580530251 -0.8427477167202877 0.12381013192628559 -0.15665640667080882 -0.35760376870023963 -0.78695926892346346 0.0076311899224917089 -0.75526972269189774 0.13763498670279817 0.12074619336426258 1.0635500760182091 -0.32390946917077335 0.064185132728235658 0.77620734893358678 0.39120975392205376 -0.6847895781695843 0.78261212259531021 0.11088418608362026 -0.24763896833447852 -0.23290757450964047 -0.69226153393586476 0.7680718140578584 -0.54070253116743905 0.11647594594038452 0.53325441139084961 0.15589473424479366 0.53581528552467861 -0.17497435575578271 -0.57144919521151449 0.24811054073635175
leaf_weight=2657 61 7170 127 161 44 38 20 39 33 43 27 44 40 71 74 2830 127 13242 26 37 267 31 66 45 34 377 1590 55 214 36 27 30 23 26 38 40 49 29 30 29 138 100 23 47 883 26 42 20 24 22 34 146 24 38 35 52 49 58 63 41 39 227
leaf_count=2657 61 7170 127 161 44 38 20 39 33 43 27 44 40 71 74 2830 127 13242 26 37 267 31 66 45 34 377 1590 55 214 36 27 30 23 26 38 40 49 29 30 29 138 100 23 47 883 26 42 20 24 22 34 146 24 38 35 52 49 58 63 41 39 227
internal_value=0.00042398 -0.00793727 0.0768059 -0.0648107 0.0858096 -0.245859 -0.584013 -0.105767 0.211782 0.0994314 0.359459 0.0326949 -0.283921 -0.0651094 -0.0566491 -0.00173896 -0.0103252 -0.00845933 0.221826 -0.242561 0.0303305 -0.0951045 -0.372603 0.0392049 0.0357643 0.0093055 0.080589 0.0669164 0.0540488 0.0880956 0.245388 0.654595 0.227209 0.0115553 -0.268854 0.247689 0.073647 -0.161612 0.0144567 0.0873696 -0.0445281 0.120472 0.302574 0.103215 0.0872647 0.234205 0.172935 -0.0430964 0.352067 -0.286757 0.188639 -0.0891459 -0.191744 0.121063 0.100671 0.391594 0.12004 -0.0907998 0.262438 0.111528 -0.325362 0.101799
internal_weight=32078 28913 3165 436 238 198 58 140 194 2729 114 71 101 2828 2757 26085 20576 20412 100 164 5509 364 97 5145 5100 3207 1893 1859 1804 2615 220 80 53 140 64 76 2395 132 103 2263 454 1809 279 282 1530 256 230 103 54 172 235 246 143 1284 1194 90 1159 119 201 83 61 1110
internal_count=32078 28913 3165 436 238 198 58 140 194 2729 114 71 101 2828 2757 26085 20576 20412 100 164 5509 364 97 5145 5100 3207 1893 1859 1804 2615 220 80 53 140 64 76 2395 132 103 2263 454 1809 279 282 1530 256 230 103 54 172 235 246 143 1284 1194 90 1159 119 201 83 61 1110
is_linear=0
shrinkage=0.05


Tree=136
num_leaves=63
num_cat=0
split_feature=35 31 33 36 31 33 36 24 34 31 33 31 31 2 34 22 0 2 34 32 31 32 31 32 31 36 32 31 34 39 33 35 40 35 40 40 40 32 40 33 36 32 34 33 36 34 36 35 34 32 35 35 34 35 31 33 40 40 36 38 31 31
split_gain=7395.65 3698.78 3660.94 4497.11 5093.73 4899.95 4633.5 3919.81 3588.5 17433 8702.17 3338.33 4653.86 5787.35 6873.67 6237.05 4185.96 3813.86 4391.88 3720.46 4495.78 3971.36 8350.92 4524.72 3661.96 5465.59 4721.43 3326 3295.55 4258.62 4251.62 3264.86 3104.7 4036.86 3730.62 4177.12 3502.21 3071.55 4330.58 3713.8 3042.5 2992.04 4374.33 2975.96 2931.42 2868.92 2837.53 2904.87 3710.7 2836.22 2829.45 2676.66 2636.26 2593.79 5990.5 3041.97 2585.98 2600.14 2571.7 2495.77 2469.53 2438.06
threshold=978.05000000000007 17.150000000000002 164.25000000000003 349.91250000000008 382.95000000000005 104.05000000000001 256.81666666666672 1.0000000180025095e-35 441.85000000000008 444.75000000000006 207.65000000000001 226.05000000000004 328.15000000000003 1.0000000180025095e-35 308.30000000000001 1.0000000180025095e-35 1.0000000180025095e-35 1.0000000180025095e-35 209.85000000000005 12.050000000000002 332.05000000000007 79.250000000000014 410.45000000000005 96.450000000000017 310.25000000000006 255.47083333333339 398.85000000000008 462.55000000000007 486.75000000000006 1.0000000180025095e-35 313.55000000000007 1083.5500000000002 1.0000000180025095e-35 958.55000000000007 4.5000000000000009 5.5000000000000009 3.5000000000000004 394.35000000000008 1.5000000000000002 465.45000000000005 269.82916666666671 422.85000000000008 372.90000000000003 347.55000000000007 258.24166666666673 352.2000000000001 248.08750000000001 782.6500000000002 335.05000000000001 342.75000000000006 1313.1500000000003 1020.4500000000002 226.05000000000004 1249.5000000000002 275.75000000000006 455.35000000000008 2.5000000000000004 1.5000000000000002 282.51250000000005 1.0000000180025095e-35 85.750000000000014 460.75000000000006
decision_type=2 2 2 2 2 2 2 2 2 2 2 2 2 2 2 2 2 2 2 2 2 2 2 2 2 2 2 2 2 2 2 2 2 2 2 2 2 2 2 2 2 2 2 2 2 2 2 2 2 2 2 2 2 2 2 2 2 2 2 2 2 2
left_child=1 46 3 4 7 6 45 31 11 10 -10 16 13 15 40 24 17 18 37 -14 -21 22 -22 -23 53 -26 -27 58 29 30 -12 -2 -3 34 36 -36 56 51 -39 -40 -15 60 44 50 -43 -6 47 48 -1 -8 -31 -4 -51 55 -55 -13 57 -34 -7 -49 -20 -25
right_child=2 32 8 -5 5 27 49 -9 9 -11 28 12 19 14 -16 -17 -18 -19 41 20 21 23 -24 61 25 26 -28 -29 -30 43 -32 -33 33 -35 35 -37 -38 38 39 -41 -42 42 -44 -45 -46 -47 -48 59 -50 52 -52 -53 -54 54 -56 -57 -58 -59 -60 -61 -62 -63
leaf_value=-0.057249453830686838 -0.11220609107438256 0.034319404960789099 -0.25209070417014035 -0.77542160539167182 -0.31023394771984647 -0.29382442870447711 0.092449266236761349 0.2380219726990431 1.0704851033894911 1.5527908434470497 0.39548717588186266 0.12740183313760686 0.58877299539744854 0.48218846512027086 -0.8755643199319425 0.80745414098103852 -0.60919930194815008 0.28980917053135191 0.24549124943760209 -0.60783081220892765 0.38549562168121337 0.72869087499208174 -0.78514808855759799 0.021248097626881287 1.0826184266600116 -0.12607634169714793 0.78445157607396443 -0.73566882774233822 -0.28718510779467493 -0.19857242256402971 -0.50515900409388315 -0.56979603244819577 0.0051798906200386909 -0.23578835226291295 0.042095691355979778 -0.0144501201461706 -0.082990548872261788 0.37438005117639417 -0.090570663990309608 -0.75565555759014624 -0.15555962708261278 0.17358616419136524 -0.2285341598770835 0.58404495099495202 0.97875436957065876 0.38314917133404663 -0.37395130765270185 0.35879699803788112 -0.59894371610134844 0.42293887510895734 0.50230182011922198 -1.0513085061311722 1.097526638103383 0.41276104301214223 -0.66374998007501873 0.53240519690948229 0.027229845423473203 -0.099963112005565458 0.38047119940702734 -0.21067174088496429 -0.16327772580209327 0.1854052976961944
leaf_weight=2625 85 4877 22 21 35 31 23 39 23 24 20 204 32 32 23 54 30 92 53 26 25 26 39 910 29 35 24 20 55 36 38 72 1174 196 5336 8419 2623 31 65 31 45 20 22 58 26 26 71 74 32 30 24 20 28 24 28 60 2282 1178 26 26 122 301
leaf_count=2625 85 4877 22 21 35 31 23 39 23 24 20 204 32 32 23 54 30 92 53 26 25 26 39 910 29 35 24 20 55 36 38 72 1174 196 5336 8419 2623 31 65 31 45 20 22 58 26 26 71 74 32 30 24 20 28 24 28 60 2282 1178 26 26 122 301
internal_value=0.000402781 -0.00754041 0.0729656 -0.0615701 -0.0254475 0.140271 0.314429 -0.210612 0.0944598 0.264705 0.142996 0.0751501 0.105948 0.227527 -0.117081 0.302769 -0.0354112 -0.00125718 -0.0662526 0.0560283 0.0431814 0.0561917 -0.327865 0.076062 0.235311 0.520569 0.244308 -0.180905 0.0506483 0.156221 -0.194591 -0.322056 -0.00165201 -0.00992402 -0.00781715 0.00748579 -0.0368225 -0.262005 -0.139422 -0.305338 0.109479 0.0698878 0.351347 0.328655 0.628681 -0.0146936 -0.061854 -0.0538166 -0.0637734 0.562287 0.0817773 -0.632671 0.748602 0.155872 -0.166899 0.219448 -0.0106899 -0.047481 0.013749 0.210735 -0.0394791 0.0620502
internal_weight=32078 28913 3165 436 415 219 142 196 2729 278 254 2451 1917 558 100 458 534 504 412 1359 1327 1301 64 1237 404 88 59 77 231 176 58 157 26085 21208 21012 13755 7257 169 127 96 77 243 68 118 46 61 2828 2757 2657 81 60 42 58 316 52 264 4634 2352 57 100 175 1211
internal_count=32078 28913 3165 436 415 219 142 196 2729 278 254 2451 1917 558 100 458 534 504 412 1359 1327 1301 64 1237 404 88 59 77 231 176 58 157 26085 21208 21012 13755 7257 169 127 96 77 243 68 118 46 61 2828 2757 2657 81 60 42 58 316 52 264 4634 2352 57 100 175 1211
is_linear=0
shrinkage=0.05


Tree=137
num_leaves=63
num_cat=0
split_feature=35 31 35 40 35 9 33 31 36 35 33 40 31 5 31 36 33 35 35 31 36 36 40 6 31 36 36 33 22 11 31 31 36 25 29 33 36 36 33 36 31 31 31 6 35 36 4 33 31 40 36 40 31 33 35 35 2 31 40 29 33 33
split_gain=6722.27 3413.86 3344.22 4007.64 2680.98 6788.69 8494.1 6249.23 13359.9 5349.71 5093.54 7110.12 3307.22 2620.97 4125.41 3075.12 4648.1 3437.36 3717.08 5817.42 4262.51 5759.89 6736.77 4955.73 4784.01 6193.58 4624.64 3806.86 4971.27 3622.06 3366.11 4544.22 3290.15 3060.06 4109.05 3947.75 4024.32 3615.1 5136.78 4578.37 3536.02 3329.56 6087.75 2965.02 2924.57 6171.06 6026.99 3604.57 2841.78 2825.39 2793.37 3017.47 3337.63 2725.87 3779.18 2619.37 3757.32 2562.34 4333.35 2503.51 2465.1 2448.52
threshold=770.85000000000025 117.45000000000002 782.6500000000002 1.0000000180025095e-35 1455.95 1.0000000180025095e-35 409.65000000000003 460.75000000000006 370.65000000000009 1531.0000000000002 392.15000000000003 4.5000000000000009 392.85000000000008 1.0000000180025095e-35 94.050000000000011 205.71666666666673 9.3500000000000032 998.25000000000011 1249.5000000000002 187.85000000000005 331.81666666666672 325.31250000000006 4.5000000000000009 1.0000000180025095e-35 406.85000000000008 340.75000000000006 313.22500000000008 176.45000000000002 1.0000000180025095e-35 1.0000000180025095e-35 378.65000000000003 412.55000000000007 198.01000000000002 1.0000000180025095e-35 1.0000000180025095e-35 379.65000000000003 272.41250000000008 311.45833333333337 425.05000000000007 303.91666666666674 390.65000000000003 460.75000000000006 438.65000000000003 1.0000000180025095e-35 1279.4000000000003 313.22500000000008 1.0000000180025095e-35 373.85000000000008 211.85000000000005 1.0000000180025095e-35 199.14166666666668 4.5000000000000009 357.45000000000005 466.95000000000005 1110.2000000000003 1203.6500000000003 1.0000000180025095e-35 412.55000000000007 4.5000000000000009 1.0000000180025095e-35 370.25000000000006 323.05000000000007
decision_type=2 2 2 2 2 2 2 2 2 2 2 2 2 2 2 2 2 2 2 2 2 2 2 2 2 2 2 2 2 2 2 2 2 2 2 2 2 2 2 2 2 2 2 2 2 2 2 2 2 2 2 2 2 2 2 2 2 2 2 2 2 2
left_child=1 -1 3 -2 13 7 -7 9 -9 10 -6 -12 -11 15 -15 16 -4 -17 19 -19 21 23 -23 29 25 -22 -25 30 33 44 43 -32 -18 34 37 36 -36 39 41 48 -40 42 57 49 45 -20 47 -46 -29 -21 -34 61 -53 55 -55 -16 -57 58 -39 -35 -27 -52
right_child=2 -3 4 -5 5 6 -8 8 -10 12 11 -13 -14 14 53 17 32 18 20 27 24 22 -24 26 -26 60 -28 28 -30 -31 31 -33 50 59 35 -37 -38 38 40 -41 -42 -43 -44 -45 46 -47 -48 -49 -50 -51 51 52 -54 54 -56 56 -58 -59 -60 -61 -62 -63
leaf_value=-0.039084977325587481 0.65281857834921952 0.00075462361208912911 0.69117298292763096 0.13008738327536243 0.64423658736050138 0.067860203385353091 1.5250919985771181 1.4897680660540409 -0.15675060014639583 -0.74910154149812813 0.47788390192118557 -0.7933105609633706 -0.065992037025657854 0.38938303564740506 0.059658798445337294 -0.035961964964998476 0.0011739824816145144 -0.12201580780733755 -0.86456687620707928 -0.83101429596232868 -1.1337426956053134 0.054194636642932892 1.1982355171983892 -0.017241086363792419 -0.015892361779498237 -0.65599361813068402 -1.0924894744157791 0.78662079758404824 0.50320664693546646 0.48715281440661506 0.55071617032206344 -0.062127153348981168 0.70521383717142305 -0.13236358236192033 0.2112699928191992 0.20869074663887288 -0.54587303212395422 -0.20646819937974215 -0.47722050580713482 0.98171259021759028 0.21518209959779466 0.64436879360522981 -0.68648604080080988 0.28215864029797644 -0.072503850266740139 0.2162171114087105 -0.55629275203854955 0.58129976357580448 0.24449496602336335 -0.20348191719869493 -0.21124026243419697 0.54869626473257505 -0.11602537311040438 -0.56494362785627972 0.19296247844809089 0.51032268428183225 -0.14929909388224283 0.74210340218110527 0.42412943625970495 0.42861516213287482 -0.047910485148429875 0.41606505768639707
leaf_weight=7743 45 17599 34 198 36 20 20 22 28 34 22 22 37 114 696 2507 373 276 28 24 27 31 22 20 117 25 20 26 102 39 43 102 29 147 26 73 54 48 54 25 28 39 20 22 37 25 27 49 344 71 60 69 26 38 29 77 30 22 63 23 50 21
leaf_count=7743 45 17599 34 198 36 20 20 22 28 34 22 22 37 114 696 2507 373 276 28 24 27 31 22 20 117 25 20 26 102 39 43 102 29 147 26 73 54 48 54 25 28 39 20 22 37 25 27 49 344 71 60 69 26 38 29 77 30 22 63 23 50 21
internal_value=0.000382642 -0.011418 0.0447786 0.226889 0.0379631 0.201605 0.796476 0.0832232 0.567718 -0.0772055 0.203164 -0.157713 -0.393115 0.0316551 0.106561 0.0176636 0.123032 0.00381364 0.0502154 0.087227 -0.0666181 0.0564573 0.52908 -0.0457835 -0.234091 -0.484377 -0.554865 0.129816 0.170815 0.0535495 -0.041375 0.119613 0.0896115 0.136637 0.176573 -0.0571876 -0.299802 0.230034 0.0904811 0.326839 -0.24079 0.231962 0.126838 -0.240889 -0.0483211 -0.354763 0.0954083 0.300012 0.28259 -0.362016 0.250525 0.175604 0.366772 0.0695017 -0.236895 0.0950665 0.325382 0.249143 0.151439 -0.0564665 -0.250605 -0.0486055
internal_weight=32078 25342 6736 243 6493 241 40 201 50 151 80 44 71 6252 984 5268 612 4656 2149 1632 517 298 53 245 219 102 40 1356 1094 205 262 145 578 992 822 153 80 669 274 395 82 192 153 117 166 53 113 86 370 95 205 176 95 870 67 803 107 133 111 170 75 81
internal_count=32078 25342 6736 243 6493 241 40 201 50 151 80 44 71 6252 984 5268 612 4656 2149 1632 517 298 53 245 219 102 40 1356 1094 205 262 145 578 992 822 153 80 669 274 395 82 192 153 117 166 53 113 86 370 95 205 176 95 870 67 803 107 133 111 170 75 81
is_linear=0
shrinkage=0.05


Tree=138
num_leaves=63
num_cat=0
split_feature=35 35 40 35 39 18 32 8 9 11 23 5 36 36 33 35 28 32 35 0 36 32 33 6 35 36 33 33 36 39 35 36 36 9 24 7 33 33 32 32 36 40 32 32 28 36 32 38 33 32 35 7 35 32 33 32 32 33 35 40 21 36
split_gain=6066.84 3018.16 3616.89 2419.59 6246.79 6541.68 6281.19 4305.66 2640.22 4092.21 2598.32 2365.42 2893.24 2775.29 4194.91 3102.21 3421.98 4806.88 3354.66 5162.72 4301.52 4367.82 5812.37 3743.41 3611.18 3165.97 4400.43 3908.29 2969.36 2612.57 4319.66 3789.59 2659.96 2617.92 3132.9 2594.31 2585.66 2938.45 3374.6 2985.86 2521.02 2723.27 2427.75 2382.66 2699.51 2610.3 3132.09 2339.57 2338.48 4885.95 2401.41 2305.38 2302.13 2258.08 2209.79 2194.63 2404.51 2287.68 7189.04 2434.63 2702.22 2738.97
threshold=770.85000000000025 782.6500000000002 1.0000000180025095e-35 1455.95 1.0000000180025095e-35 1.0000000180025095e-35 448.55000000000007 1.0000000180025095e-35 1.0000000180025095e-35 1.0000000180025095e-35 1.0000000180025095e-35 1.0000000180025095e-35 170.31000000000003 205.71666666666673 9.3500000000000032 998.25000000000011 1.0000000180025095e-35 340.25000000000006 1249.5000000000002 1.0000000180025095e-35 334.03333333333336 294.25000000000006 442.95000000000005 1.0000000180025095e-35 1313.1500000000003 236.61000000000004 222.35000000000005 150.15000000000001 198.01000000000002 1.0000000180025095e-35 1225.1500000000003 394.05000000000007 394.05000000000007 1.0000000180025095e-35 1.0000000180025095e-35 1.0000000180025095e-35 345.40000000000003 437.75000000000006 452.55000000000007 416.95000000000005 199.14166666666668 4.5000000000000009 85.750000000000014 333.65000000000003 1.0000000180025095e-35 268.21666666666675 420.85000000000008 1.0000000180025095e-35 483.85000000000008 135.75000000000003 812.6500000000002 1.0000000180025095e-35 1008.7500000000001 446.55000000000007 323.05000000000007 22.150000000000002 12.050000000000002 253.25000000000003 967.45000000000016 1.0000000180025095e-35 1.0000000180025095e-35 424.12500000000006
decision_type=2 2 2 2 2 2 2 2 2 2 2 2 2 2 2 2 2 2 2 2 2 2 2 2 2 2 2 2 2 2 2 2 2 2 2 2 2 2 2 2 2 2 2 2 2 2 2 2 2 2 2 2 2 2 2 2 2 2 2 2 2 2
left_child=-1 2 -2 11 5 6 -5 8 9 10 51 13 -13 14 -3 16 48 35 25 20 21 22 -20 43 -25 26 27 -17 -16 30 31 42 33 -31 -35 -18 -22 39 -39 -38 -30 54 -27 -23 45 -45 -47 -43 50 -50 -15 -6 -44 -4 -42 56 -52 58 59 60 61 -57
right_child=1 3 53 4 7 -7 -8 -9 -10 -11 -12 12 -14 15 28 18 17 -19 19 -21 36 23 -24 24 -26 29 -28 -29 40 32 -32 -33 -34 34 -36 -37 37 38 -40 -41 41 47 52 44 -46 46 -48 -49 49 -51 55 -53 -54 -55 -56 57 -58 -59 -60 -61 -62 -63
leaf_value=-0.010847077522602016 0.62017765177620787 0.65661433810258618 0.181743744546074 -0.058646197393536575 0.55363642096519472 0.57944901206276633 -1.1265106184141975 0.99277517944574356 0.76633133888244631 0.66687322298685714 -0.35002667202669036 -0.37413540540202972 0.11669623414147352 -0.18497835647603367 0.0011152787298842985 -0.12427323400264695 0.008965020668432579 0.28750967873341365 -0.45727860580889451 -0.64963242360523776 -0.47740419097876147 0.84739059493655255 0.38123761405867918 -0.66574715018272412 0.28440847367048266 -0.33792379044351128 0.063640218581596436 -0.89532139853194925 0.66995315962824331 0.080007978875302518 0.70505075561694619 -0.51591407656669619 0.44690177951540266 -0.24998563220724465 0.34269661947532937 -0.49747025797764466 0.43727212544435112 -0.55990103003771408 0.18185839695127115 -0.22622079849243165 -0.2006782503426075 0.49671889243381362 0.68850739995638532 0.0044410203184400291 -0.10220533175127847 0.21812949189916253 0.89798291987842982 -0.066764380931854259 0.17441609849532447 -0.75736356132170735 -0.05398888962964217 -0.13999345717222797 0.18478097360035448 -0.36662890421492711 0.39526180341130213 -0.10492283411324024 -0.62094289734959607 0.051445789238198682 -0.50549485220628632 -0.070915436494540213 0.44730685785108681 0.32952295014491451
leaf_weight=25342 45 34 177 40 25 22 21 24 22 30 34 31 953 284 373 42 161 184 62 35 59 21 31 20 20 21 137 27 29 712 39 20 42 128 27 30 39 46 23 30 60 70 24 28 35 32 36 25 24 34 45 23 413 21 21 120 32 716 85 691 49 52
leaf_count=25342 45 34 177 40 25 22 21 24 22 30 34 31 953 284 373 42 161 184 62 35 59 21 31 20 20 21 137 27 29 712 39 20 42 128 27 30 39 46 23 30 60 70 24 28 35 32 36 25 24 34 45 23 413 21 21 120 32 716 85 691 49 52
internal_value=0.00036351 0.0425397 0.215545 0.036065 0.191525 -0.159695 -0.426272 0.376027 0.265564 0.1672 -0.0156079 0.0300724 0.101233 0.0167804 0.11688 0.00362296 -0.0341639 0.105123 0.0477046 -0.0632872 -0.0207103 0.103474 -0.177773 0.239704 -0.190669 0.0828657 -0.100361 -0.425988 0.0851309 0.109335 0.199074 0.157791 0.0582951 0.0394698 -0.146744 -0.0705798 -0.200368 -0.0819255 -0.312648 0.148797 0.237998 0.166824 0.18721 0.35296 0.2737 0.410749 0.578052 0.348434 -0.0586632 -0.3718 -0.0499062 0.221272 0.212446 0.123583 -0.0461753 -0.0284758 -0.289606 -0.0167379 -0.0657043 -0.024715 0.11974 0.0264212
internal_weight=32078 6736 243 6493 241 83 61 158 134 112 82 6252 984 5268 612 4656 2507 375 2149 517 482 285 93 192 40 1632 206 69 578 1426 517 478 909 867 155 191 197 138 69 69 205 176 458 152 131 96 68 95 2132 58 2074 48 437 198 81 1790 77 1713 997 912 221 172
internal_count=32078 6736 243 6493 241 83 61 158 134 112 82 6252 984 5268 612 4656 2507 375 2149 517 482 285 93 192 40 1632 206 69 578 1426 517 478 909 867 155 191 197 138 69 69 205 176 458 152 131 96 68 95 2132 58 2074 48 437 198 81 1790 77 1713 997 912 221 172
is_linear=0
shrinkage=0.05


Tree=139
num_leaves=63
num_cat=0
split_feature=35 31 35 40 34 21 40 31 40 36 35 39 34 8 34 40 40 35 5 34 31 32 31 21 32 35 32 34 31 31 36 31 7 34 36 34 35 28 36 35 31 31 34 34 29 31 2 31 31 31 36 34 11 31 32 31 36 36 36 31 31 36
split_gain=5475.33 3210.41 2723.89 3264.24 2392.4 2197.75 4136.5 2504.39 2447.54 2257.47 2183.68 5637.73 5934.99 3885.86 2443.08 3717.88 2776.64 4650.3 2134.79 4265.29 3413.54 3737.65 3509.95 3945.93 2996.73 2707.69 2696.9 2638.08 2638.06 5988.67 3696.85 2875.39 2747.8 3426.15 2702.31 3074.06 3051.77 3153.21 3924.83 2662.62 4167.25 3898.68 3127.14 2608.75 2608.44 2583.31 2566.58 5251.12 4302.72 3999.42 3794.37 4151.46 3236.34 6376.22 3390.69 3148.89 2851.71 4058.77 2755.84 3520.26 3491.85 3491.42
threshold=770.85000000000025 11.550000000000002 782.6500000000002 1.0000000180025095e-35 335.05000000000001 1.0000000180025095e-35 1.5000000000000002 476.65000000000003 4.5000000000000009 199.14166666666668 1455.95 1.0000000180025095e-35 453.00000000000006 1.0000000180025095e-35 405.75000000000006 2.5000000000000004 3.5000000000000004 1531.0000000000002 1.0000000180025095e-35 476.25000000000006 98.15000000000002 406.45000000000005 150.65000000000001 1.0000000180025095e-35 24.350000000000005 1203.6500000000003 364.45000000000005 135.15000000000001 54.150000000000013 27.950000000000003 307.47500000000008 73.050000000000011 1.0000000180025095e-35 485.05000000000001 205.71666666666673 2.9500000000000006 978.05000000000007 1.0000000180025095e-35 309.52500000000003 880.85000000000002 304.35000000000008 292.25000000000006 114.55000000000001 93.850000000000009 1.0000000180025095e-35 370.15000000000003 1.0000000180025095e-35 228.25000000000003 482.95000000000005 322.15000000000003 220.91250000000005 432.10000000000008 1.0000000180025095e-35 394.65000000000003 125.55000000000001 353.75000000000006 311.45833333333337 303.91666666666674 266.78333333333336 308.35000000000008 271.65000000000003 276.51666666666671
decision_type=2 2 2 2 2 2 2 2 2 2 2 2 2 2 2 2 2 2 2 2 2 2 2 2 2 2 2 2 2 2 2 2 2 2 2 2 2 2 2 2 2 2 2 2 2 2 2 2 2 2 2 2 2 2 2 2 2 2 2 2 2 2
left_child=1 4 3 -2 -1 9 7 -7 -8 -3 18 12 -12 14 16 -16 -13 -18 28 20 26 24 -23 25 -22 44 -20 -28 29 30 -4 -30 33 34 35 -33 37 -36 39 41 42 -39 -41 45 -24 -37 47 50 52 58 -38 -52 54 -54 -48 -51 57 -57 59 60 -49 -60
right_child=2 5 10 -5 -6 6 8 -9 -10 -11 11 13 -14 -15 15 -17 17 -19 19 -21 21 22 23 -25 -26 -27 27 -29 31 -31 -32 32 -34 -35 36 43 46 38 -40 40 -42 -43 -44 -45 -46 -47 48 49 -50 55 51 -53 53 -55 -56 56 -58 -59 61 -61 -62 -63
leaf_value=-0.064057858776275164 0.58916877465426098 -0.033423721436831054 0.013697672675506704 0.11740385710233542 -0.5561631698608398 0.097768013280961338 -0.062282378238786518 0.47921553745037981 0.028377794737541307 0.0018653667230498429 -0.48662234717140013 0.47291531342047233 0.38205566927790646 0.94313643276691439 -0.034693644089358197 0.79826119074950352 0.28112494371555469 -0.69817391471429313 0.57607525412378646 0.7845429398796776 0.39440012995789697 0.8033571800136049 0.45785586391534427 -0.21533805440973353 -0.048044005478691802 -0.24623434245586395 0.47663214087486266 -0.20886559989303352 0.32198754008859398 -0.70584710163947861 -0.67800363188698176 0.43874661229550843 -0.066378667785104969 -0.36330930812038342 -0.046386933870425258 0.088010704517364508 -0.74742963030224763 0.54753247884412604 0.44585110336542133 -0.84674161054469921 0.18253584427966013 -0.070360199273642843 -0.062334393461545318 0.1617509941551192 -0.16163101613521577 -0.52913855279485389 0.6762764822869074 0.27269537582689402 -0.68429311140254145 -0.12298735647879798 -0.14437236637975545 0.39838705506435662 -0.9246272272467615 0.27314155019819736 0.012925221201815832 0.18264653315762572 0.02915678059295071 0.841073260307312 0.93891302170576874 0.6389379677772522 -0.32422283364801996 0.32757498219022474
leaf_weight=2043 45 7656 241 198 25 983 1078 45 2406 11106 51 27 32 24 21 37 27 22 58 22 41 23 113 54 575 21 25 32 80 39 21 80 778 53 1543 39 21 45 75 27 45 59 24 290 20 30 21 49 25 145 195 43 25 20 233 367 356 25 27 25 49 173
leaf_count=2043 45 7656 241 198 25 983 1078 45 2406 11106 51 27 32 24 21 37 27 22 58 22 41 23 113 54 575 21 25 32 80 39 21 80 778 53 1543 39 21 45 75 27 45 59 24 290 20 30 21 49 25 145 195 43 25 20 233 367 356 25 27 25 49 173
internal_value=0.000345335 -0.0103047 0.0404127 0.204768 -0.0700069 -0.00499992 0.0263314 0.114466 0.000326226 -0.0125347 0.0342617 0.181949 -0.15171 0.357226 0.252286 0.496674 0.0657797 -0.15856 0.0285687 0.0961714 0.080429 0.045724 0.217243 0.152432 -0.0185956 0.281391 0.336039 0.0917913 0.0159414 -0.127791 -0.041744 0.0246515 0.0197841 0.0360982 0.0413173 0.158464 0.0270991 -0.0185877 0.137391 0.0217189 -0.168166 0.196997 -0.477609 0.0960057 0.3647 -0.180315 0.0732683 0.101259 -0.0541568 0.144798 -0.103158 -0.0463108 -0.00146979 -0.392286 0.0677692 0.0902629 0.131602 0.224638 0.295572 0.109338 -0.0257637 0.410106
internal_weight=32078 25342 6736 243 2068 23274 4512 1028 3484 18762 6493 241 83 158 134 58 76 49 6252 984 962 847 231 208 616 154 115 57 5268 301 262 4967 4887 4109 4056 439 3617 1818 275 200 96 104 51 359 133 69 1799 1475 324 1216 259 238 299 45 254 893 748 392 323 123 98 200
internal_count=32078 25342 6736 243 2068 23274 4512 1028 3484 18762 6493 241 83 158 134 58 76 49 6252 984 962 847 231 208 616 154 115 57 5268 301 262 4967 4887 4109 4056 439 3617 1818 275 200 96 104 51 359 133 69 1799 1475 324 1216 259 238 299 45 254 893 748 392 323 123 98 200
is_linear=0
shrinkage=0.05


Tree=140
num_leaves=63
num_cat=0
split_feature=31 33 35 31 35 40 36 23 36 40 33 34 40 36 40 36 36 36 31 31 31 36 36 31 35 23 33 35 11 34 31 34 11 33 33 31 31 34 36 35 33 34 35 36 35 34 36 33 40 15 36 31 33 40 35 31 35 35 33 36 33 36
split_gain=4047.51 3817.56 4018.76 8503.95 3585.95 11803.5 3216.65 2870.9 4044.97 4862.12 3111.78 2855.95 3539.28 2455.27 3441.18 2240.95 4057.05 2978.31 3905.53 2494.95 2488.04 2226.96 2188.79 2134.63 2258.33 2970.2 3552.43 2429.94 4381.79 2410.37 2858.97 3848.4 2301.93 3508.55 2855.31 2298.99 2011.24 2808.72 1991.88 2026.56 1959.54 2371.65 4334.42 3321.49 2912.56 2302.64 1959.4 1966.49 1950.13 3052.02 4354.29 3201.43 5532.52 2782.13 5008.89 3125.09 2477.95 2576.86 2861.9 2432.68 2782.22 4893.64
threshold=302.05000000000007 414.65000000000003 1531.0000000000002 442.85000000000008 1531.0000000000002 4.5000000000000009 424.12500000000006 1.0000000180025095e-35 367.51666666666671 5.5000000000000009 419.15000000000003 467.85000000000008 5.5000000000000009 325.31250000000006 5.5000000000000009 347.52916666666675 317.01666666666671 364.8250000000001 424.35000000000008 374.55000000000007 426.45000000000005 321.08333333333343 313.22500000000008 4.9500000000000011 924.45000000000016 1.0000000180025095e-35 472.55000000000007 887.1500000000002 1.0000000180025095e-35 381.05000000000007 209.75000000000003 137.00000000000003 1.0000000180025095e-35 257.05000000000007 349.40000000000003 259.35000000000008 140.35000000000005 169.45000000000002 334.03333333333336 1044.7500000000002 7.1500000000000012 453.00000000000006 1096.7500000000002 278.07083333333338 1032.6500000000003 445.55000000000007 250.51000000000002 449.00000000000006 1.0000000180025095e-35 1.0000000180025095e-35 342.98333333333341 420.25000000000006 104.05000000000001 4.5000000000000009 1279.4000000000003 448.25000000000006 1187.8500000000001 1008.7500000000001 317.35000000000008 293.01666666666671 9.3500000000000032 286.95833333333343
decision_type=2 2 2 2 2 2 2 2 2 2 2 2 2 2 2 2 2 2 2 2 2 2 2 2 2 2 2 2 2 2 2 2 2 2 2 2 2 2 2 2 2 2 2 2 2 2 2 2 2 2 2 2 2 2 2 2 2 2 2 2 2 2
left_child=13 2 11 -4 6 -6 7 10 9 22 -3 48 -13 21 -15 16 -12 -17 19 -19 -18 23 -9 46 27 40 32 -25 29 30 -29 35 33 -27 -35 -32 -36 -38 -16 -40 -26 45 44 -44 -43 -42 47 -1 49 59 51 52 -51 54 56 -56 57 -50 -59 60 -2 -62
right_child=1 4 3 -5 5 -7 -8 8 -10 -11 15 12 -14 14 38 17 20 18 -20 -21 -22 -23 -24 24 25 26 -28 28 -30 -31 31 -33 -34 34 36 -37 37 -39 39 -41 41 42 43 -45 -46 -47 -48 -49 53 50 -52 -53 -54 -55 55 -57 -58 58 -60 -61 61 -63
leaf_value=-0.071016407615040203 0.20409387458911593 0.68444019839877179 -0.92779933214187627 0.26871269687458321 1.4873585319519043 -0.10302584895065853 -0.34109459612015131 0.20947305965796115 1.0045098429634458 0.74628979718243638 0.037106646999779634 0.5664284408987299 -0.15037679076194765 0.17688875312000435 0.33316587131956354 -0.48292724243120144 0.70682111950807791 0.040294362692271962 0.40364693289711362 -0.63397743028143183 0.10118158715777099 -0.28983914797028454 -0.49229388087987902 -0.010747241838805235 0.57002752160742165 -0.35543298103460452 -0.75646923899650576 -0.032619020648491689 0.301263585859953 -0.73436289896135754 -0.90493961200118067 0.16284402378580787 -0.49088069391250611 0.57370791940978083 0.41067855417728422 -0.31447226159712849 0.23032106757164003 -0.58837482942776242 -0.033671383119078094 -0.4365023286260189 0.095827313005206305 -0.13573619127273559 -0.81601074848856259 -0.075612196416565872 0.68124655604362494 0.61392761644991967 -0.38964764093782045 0.30864540879215513 -0.014862823975231313 -0.55291818910174906 0.93914606461463424 0.65654326884874281 0.54427577435970309 0.028636144381903247 -0.20224480476490286 -0.91444015381857757 0.32527901033560436 -0.07677413412080758 -0.52025383300376393 0.0035635308602884894 -0.012700677625232701 0.7067559766769409
leaf_weight=1336 426 21 33 27 20 28 37 25 21 27 237 51 26 377 23 38 43 34 42 23 28 73 20 16441 21 41 20 117 43 23 32 22 25 33 20 34 20 22 93 47 851 24 28 33 20 22 47 35 2828 27 23 21 20 5934 43 24 51 116 53 1240 433 25
leaf_count=1336 426 21 33 27 20 28 37 25 21 27 237 51 26 377 23 38 43 34 42 23 28 73 20 16441 21 41 20 117 43 23 32 22 25 33 20 34 20 22 93 47 851 24 28 33 20 22 47 35 2828 27 23 21 20 5934 43 24 51 116 53 1240 433 25
internal_value=0.00256633 0.0254476 0.0187575 -0.389369 0.143885 0.559634 0.110402 0.140286 0.39393 0.215844 0.089666 0.0209167 0.32439 -0.0112672 0.0938941 0.061598 0.136431 -0.106639 0.0377949 -0.23178 0.467977 -0.0141969 -0.102423 -0.0131549 -0.00847483 0.0583761 -0.127989 -0.013195 -0.161697 -0.24901 -0.194556 -0.409859 -0.0499172 0.0311423 0.19798 -0.600759 -0.00200409 -0.19852 -0.0980628 -0.168907 0.0921419 0.0818806 -0.142631 -0.415467 0.23562 0.108884 -0.0722065 -0.0613241 0.0188422 0.0608924 0.344445 0.143296 -0.0860271 0.0085492 -0.0297159 -0.45736 -0.0203156 -0.0261966 -0.215854 0.048744 0.112119 0.026571
internal_weight=31968 12045 11401 60 644 48 596 559 93 72 466 11341 77 19923 540 445 308 137 99 57 71 19383 45 19310 17892 1180 181 16712 271 228 205 88 161 136 95 66 62 42 163 140 999 978 105 61 44 873 1418 1371 11264 2215 91 68 47 9049 3115 67 3048 2997 169 2124 884 458
internal_count=31968 12045 11401 60 644 48 596 559 93 72 466 11341 77 19923 540 445 308 137 99 57 71 19383 45 19310 17892 1180 181 16712 271 228 205 88 161 136 95 66 62 42 163 140 999 978 105 61 44 873 1418 1371 11264 2215 91 68 47 9049 3115 67 3048 2997 169 2124 884 458
is_linear=0
shrinkage=0.05


Tree=141
num_leaves=63
num_cat=0
split_feature=31 33 32 5 34 36 36 28 34 35 31 34 40 32 2 35 36 36 35 35 7 31 34 33 33 32 31 31 32 32 11 32 31 31 31 32 33 32 36 15 40 35 32 35 32 40 35 36 32 36 36 32 36 31 36 36 36 36 35 6 31 35
split_gain=3652.87 3445.35 3937.97 3652.2 4310.71 6456.22 3800.08 3684.54 3663.31 3626.93 7674.81 2577.5 3194.2 2299.98 2297.41 2678.25 4788.15 2688.82 2270.96 3252.03 10378.5 2954.4 2623.92 4455.26 2169.42 2029.51 1997.64 1964.11 1930.32 3231.14 3443.44 2256.99 3405.79 1884.81 2364.69 2183.55 4481.48 2306.63 1870.03 1859.73 3101.36 3354.48 2517.21 2237.01 1811.73 1775.41 3118.36 3281.7 3577.48 3077.97 3632.98 2993.26 4428.94 4820.16 3793.94 3763.67 2965.8 3879.85 2520.6 2422.69 2312.1 3343.91
threshold=302.05000000000007 414.65000000000003 476.25000000000006 1.0000000180025095e-35 350.25000000000006 424.12500000000006 390.78333333333336 1.0000000180025095e-35 305.15000000000003 1531.0000000000002 442.85000000000008 467.85000000000008 5.5000000000000009 166.25000000000003 1.0000000180025095e-35 909.35000000000014 259.61250000000007 236.61000000000004 1455.95 1279.4000000000003 1.0000000180025095e-35 108.85000000000001 415.05000000000007 434.15000000000003 472.55000000000007 225.25000000000003 4.9500000000000011 402.75000000000006 480.05000000000007 483.80000000000001 1.0000000180025095e-35 468.75000000000006 332.05000000000007 323.95000000000005 343.95000000000005 304.35000000000008 459.35000000000008 181.65000000000001 250.51000000000002 1.0000000180025095e-35 2.5000000000000004 667.90000000000009 115.15000000000002 902.1500000000002 442.25000000000006 1.0000000180025095e-35 949.45000000000016 240.05833333333337 364.45000000000005 210.21250000000001 317.01666666666671 292.45000000000005 272.41250000000008 156.65000000000001 303.91666666666674 261.05833333333339 183.88333333333335 149.39000000000001 260.95000000000005 1.0000000180025095e-35 217.85000000000005 607.45000000000016
decision_type=2 2 2 2 2 2 2 2 2 2 2 2 2 2 2 2 2 2 2 2 2 2 2 2 2 2 2 2 2 2 2 2 2 2 2 2 2 2 2 2 2 2 2 2 2 2 2 2 2 2 2 2 2 2 2 2 2 2 2 2 2 2
left_child=18 9 3 4 5 6 7 14 25 11 -11 28 -13 -9 15 -3 17 -17 19 26 21 -21 23 -23 -16 -5 38 -8 31 -30 -31 39 -33 -18 -35 37 -37 -36 -1 -2 41 -41 -42 -43 -40 46 49 48 -48 56 -51 55 53 -53 -54 -49 57 58 -28 60 -58 -62
right_child=1 2 -4 8 -6 -7 27 13 -10 10 -12 12 -14 -15 24 16 33 -19 -20 20 -22 22 -24 -25 -26 -27 45 -29 29 30 -32 32 -34 34 35 36 -38 -39 44 40 42 43 -44 -45 -46 -47 47 51 -50 50 -52 52 54 -55 -56 -57 59 -59 -60 -61 61 -63
leaf_value=-0.05825788779552743 0.014689104842093459 -0.14143857753429659 0.75192222884297377 -0.26018258539959788 0.60084797266651613 -0.66497443008422863 0.23464338268552509 -0.60811634778976442 -0.77280775666236878 -0.88140936114571322 0.25527705770951731 0.5381070231763172 -0.14285795551079969 0.00035746504620807931 0.12921981602907182 0.42773756888406034 -0.25820089521862211 1.1706320793855758 -0.40205789578927531 -0.51385729880560016 1.1101536961617293 -0.45672398069591236 0.4384032498335555 0.44980034607908004 -0.48020223741946017 0.25360118378255819 0.017024963750872864 0.89056511688232431 0.5145911417007446 -0.0119326638636616 0.61494903188943872 -0.74363232462302509 -0.074073686785654194 0.74019986355588552 0.034624089826489006 -0.58528092851241431 0.38097058882315959 0.53832902491377155 -0.11182872531590637 -0.1101279487212499 -0.48226801519808565 0.9280143040197868 0.1374204092904141 0.32227821562971393 -0.73969740703701969 -0.014711062495207677 0.90171501085162165 -0.71560356129299518 0.050824575480960671 -0.082695871394974363 0.33881817366237993 1.1788357780093239 -0.43442718381843259 0.20394910722097848 0.2361488583864588 0.11022426920968134 0.20585162319401476 -0.10459382751617918 0.16561886165419801 0.55820028703463709 0.12538895679683221 -0.65048592544737316
leaf_weight=1371 10714 39 25 40 51 25 21 25 20 33 27 51 26 41 40 29 21 21 37 21 27 33 42 23 23 37 909 25 50 177 25 23 109 21 41 24 24 51 27 24 23 27 57 35 20 14928 30 22 21 958 54 21 31 32 66 37 235 462 416 38 41 21
leaf_count=1371 10714 39 25 40 51 25 21 25 20 33 27 51 26 41 40 29 21 21 37 21 27 33 42 23 23 37 909 25 50 177 25 23 109 21 41 24 24 51 27 24 23 27 57 35 20 14928 30 22 21 958 54 21 31 32 66 37 235 462 416 38 41 21
internal_value=0.00243801 0.0241752 0.136691 0.111843 0.164197 0.116916 0.160744 0.111251 -0.169899 0.0178196 -0.3699 0.0198709 0.308171 -0.230125 0.178708 0.241935 0.306382 0.739753 -0.0107038 -0.00997566 0.225134 0.0243315 0.139658 -0.0844015 -0.0932676 -0.0132995 -0.0117146 0.591123 0.0179001 0.154727 0.0656517 0.0147689 -0.190739 0.187324 0.245436 0.171221 -0.102155 0.313852 -0.0688892 0.0172622 0.183336 0.39178 -0.04074 0.586067 -0.379007 -0.00728963 0.0253524 0.191747 0.551348 0.0115481 -0.060204 0.103998 0.22267 0.590225 0.0218411 -0.197712 0.0457673 0.0201739 0.0636778 0.182291 0.134195 -0.137407
internal_weight=31968 12045 644 619 522 471 446 400 97 11401 60 11341 77 66 334 271 232 50 19923 19886 146 119 98 56 63 77 19740 46 11264 252 202 11012 132 182 161 140 48 92 1418 10880 166 86 80 62 47 18322 3394 260 51 3134 1012 209 150 53 97 59 2122 1787 1325 335 297 62
internal_count=31968 12045 644 619 522 471 446 400 97 11401 60 11341 77 66 334 271 232 50 19923 19886 146 119 98 56 63 77 19740 46 11264 252 202 11012 132 182 161 140 48 92 1418 10880 166 86 80 62 47 18322 3394 260 51 3134 1012 209 150 53 97 59 2122 1787 1325 335 297 62
is_linear=0
shrinkage=0.05


Tree=142
num_leaves=63
num_cat=0
split_feature=31 35 32 35 33 32 35 32 35 35 31 31 35 33 33 31 0 33 35 32 40 31 29 7 18 35 9 6 35 31 31 40 33 33 33 8 35 35 40 33 32 6 33 39 40 31 40 40 40 33 33 33 33 31 32 33 38 35 35 31 40 31
split_gain=3462.66 5181.14 5180.96 11110.6 4933.23 4439.07 4276.6 7165.26 3957.9 4280.33 3376.16 3089.7 2628.36 5305.89 4415.56 4732.25 3491.98 2950.08 2929.13 3508.58 2769.34 2763.13 3402.17 4425.81 3630.31 3944.87 4363.19 3821.99 3351.32 2988.45 2597.55 2535.41 3163.23 2888.03 3266.2 2367.93 3779.23 3338.42 6063.26 2370.49 2773.51 2983.17 2691.01 2820.24 2261.04 2227.48 2298.04 4506.22 5478.77 3867.11 3700.79 3533.01 3024.21 2788.37 4824.08 2530.81 2036.28 1896.55 2161.51 2095.95 2880.99 2258.07
threshold=448.25000000000006 1531.0000000000002 335.75000000000006 1531.0000000000002 407.65000000000003 310.15000000000003 1279.4000000000003 236.15000000000001 1069.4000000000003 1110.2000000000003 392.85000000000008 476.65000000000003 1187.8500000000001 142.65000000000001 297.15000000000003 440.85000000000008 1.0000000180025095e-35 328.85000000000008 1225.1500000000003 433.05000000000007 1.5000000000000002 54.150000000000013 1.0000000180025095e-35 1.0000000180025095e-35 1.0000000180025095e-35 1249.5000000000002 1.0000000180025095e-35 1.0000000180025095e-35 1279.4000000000003 302.05000000000007 310.25000000000006 3.5000000000000004 427.15000000000003 436.05000000000007 387.50000000000006 1.0000000180025095e-35 1170.4500000000003 1279.4000000000003 4.5000000000000009 4.4500000000000011 352.45000000000005 1.0000000180025095e-35 300.85000000000008 1.0000000180025095e-35 4.5000000000000009 4.9500000000000011 1.5000000000000002 4.5000000000000009 5.5000000000000009 485.45000000000005 469.35000000000008 472.55000000000007 480.05000000000007 125.85000000000001 168.15000000000001 465.45000000000005 1.0000000180025095e-35 967.45000000000016 818.95000000000016 312.25000000000006 2.5000000000000004 267.75000000000006
decision_type=2 2 2 2 2 2 2 2 2 2 2 2 2 2 2 2 2 2 2 2 2 2 2 2 2 2 2 2 2 2 2 2 2 2 2 2 2 2 2 2 2 2 2 2 2 2 2 2 2 2 2 2 2 2 2 2 2 2 2 2 2 2
left_child=1 12 5 35 -3 6 8 -8 -2 -10 -6 -7 45 -14 18 16 17 -16 -15 20 -20 -19 23 24 25 26 29 31 -25 -23 -30 32 -27 34 -33 37 -37 39 -39 -4 -41 42 43 -42 -26 -1 -47 57 49 50 -49 55 -53 -54 -55 -50 -35 58 -48 61 -61 -59
right_child=2 4 3 -5 10 11 7 -9 9 -11 -12 -13 13 14 15 -17 -18 21 19 -21 -22 22 -24 28 44 27 -28 -29 30 -31 -32 33 -34 56 -36 36 -38 38 -40 40 41 -43 -44 -45 -46 46 47 48 51 -51 -52 52 53 54 -56 -57 -58 59 -60 60 -62 -63
leaf_value=-0.065804349365129688 0.030865310540118103 -0.87628349860509247 0.049859086501929495 1.0667765445568982 -0.50977492451667794 -0.059544505709308693 0.081625793645939526 -1.0982377659190785 0.90615162944793703 0.17319511917172647 0.40894150465726853 -0.6096072761880027 -0.38980917963114653 0.69550821970809595 -0.29868269751779736 -0.64745460437691738 -0.3803238719701767 -0.33610394820570949 0.45321908703556768 0.60032041886957677 -0.16150237622491101 -0.15457361377775669 0.47284878335893155 0.0090190403163433082 -0.63138161466039466 0.67360440669581301 1.0196979646704027 -0.54373994284662708 1.0843201207078021 0.51863664362360451 0.37279415002156951 0.015302035709222159 -0.029427624866366388 -0.11558575506011647 -0.84985908366739749 0.096673660826038676 0.88327443232903124 -0.65430303321857197 0.24490692128515423 0.85281376600265502 0.60864009405627406 0.77150991757710774 -0.40378837466239931 0.039587759971618654 -0.026229979865478748 0.025348843007502876 -0.046485957875444003 0.045279428044816959 -0.017404773278988178 0.59259328562766311 -0.38260618161921411 -0.79887968559438993 0.25575694679110139 0.053906218467220185 -0.87960667213797583 0.36278773814185783 0.56753107905387878 -0.14846588678226091 0.073533093747186015 -0.74796032171164251 -0.19270120696395848 0.23814508443555008
leaf_weight=1412 2242 33 225 34 20 59 31 22 25 98 20 45 55 44 40 23 38 28 27 41 57 32 80 28 29 32 21 29 23 34 29 24 32 24 20 37 26 38 37 20 33 21 20 64 33 6181 5427 5524 8435 32 51 24 27 31 25 44 20 138 403 28 141 52
leaf_count=1412 2242 33 225 34 20 59 31 22 25 98 20 45 55 44 40 23 38 28 27 41 57 32 80 28 29 32 21 29 23 34 29 24 32 24 20 37 26 38 37 20 33 21 20 64 33 6181 5427 5524 8435 32 51 24 27 31 25 44 20 138 403 28 141 52
internal_value=0.00231611 -0.0030542 0.0527398 0.191045 -0.423754 0.022304 0.0360613 -0.408129 0.0460156 0.32217 -0.0504167 -0.297552 -0.00198851 0.0849979 0.118138 0.056294 0.0834521 0.115035 0.344655 0.221155 0.0360867 0.146983 0.174588 0.11639 0.0355064 0.115272 0.391965 -0.0177247 0.450037 0.192232 0.687508 0.0826335 0.322088 -0.0915156 -0.377953 0.133895 0.421303 0.0943609 -0.210693 0.154097 0.302538 0.222788 0.124299 0.233183 -0.309285 -0.00460977 -0.00135687 -0.00945558 0.00606921 0.0445111 0.0413651 -0.0190349 -0.304549 -0.16161 -0.362841 -0.0154318 0.194922 -0.045058 -0.0381896 -0.156598 -0.284697 -0.0426566
internal_weight=31968 28891 3077 555 73 2522 2418 53 2365 123 40 104 28818 843 788 619 596 558 169 125 84 518 490 410 330 268 87 181 80 66 52 152 64 88 44 521 63 458 75 383 158 138 117 97 62 27975 26563 20382 14193 5607 5575 8586 107 83 56 8479 44 6189 5830 359 169 190
internal_count=31968 28891 3077 555 73 2522 2418 53 2365 123 40 104 28818 843 788 619 596 558 169 125 84 518 490 410 330 268 87 181 80 66 52 152 64 88 44 521 63 458 75 383 158 138 117 97 62 27975 26563 20382 14193 5607 5575 8586 107 83 56 8479 44 6189 5830 359 169 190
is_linear=0
shrinkage=0.05


Tree=143
num_leaves=63
num_cat=0
split_feature=31 33 32 21 5 38 35 31 31 31 35 33 2 36 31 39 40 32 32 31 33 37 32 36 36 35 40 32 35 36 29 32 32 31 33 35 39 36 40 15 36 31 33 36 32 32 35 36 23 36 40 35 35 35 32 35 7 35 35 32 8 33
split_gain=3142.1 3036.13 3600.68 8002.52 3627.7 3298.66 3144.44 6014.23 2874.99 6385.79 3117.36 3053.81 2435.88 2319.64 2390.74 3221.83 2845.11 3222.6 2621.15 2187.44 2639.97 2420.88 2154.71 2028.35 3176.35 3380.73 2985.29 3140.17 2934.54 2047.35 2042.73 1994.09 3511.26 1975.26 1873.01 1788.31 3115.02 1652.96 1646.46 2386.47 3843.26 2861.17 4708.35 2405.12 5302.33 4212.23 3950.27 2900.84 2681.65 2986.33 2345.64 3366.98 4245.7 2699.64 2601.27 2523.53 2210.51 2537.91 2682.95 3172.95 2205.53 2527.05
threshold=302.05000000000007 414.65000000000003 436.65000000000003 1.0000000180025095e-35 1.0000000180025095e-35 1.0000000180025095e-35 1531.0000000000002 442.85000000000008 476.65000000000003 448.25000000000006 1249.5000000000002 474.55000000000007 1.0000000180025095e-35 228.87083333333337 378.65000000000003 1.0000000180025095e-35 5.5000000000000009 282.15000000000003 183.45000000000002 420.25000000000006 490.85000000000008 3.5000000000000004 121.45000000000002 325.31250000000006 331.81666666666672 1279.4000000000003 5.5000000000000009 358.65000000000003 1203.6500000000003 321.08333333333343 1.0000000180025095e-35 87.750000000000014 225.25000000000003 462.55000000000007 370.25000000000006 1279.4000000000003 1.0000000180025095e-35 331.81666666666672 1.0000000180025095e-35 1.0000000180025095e-35 342.98333333333341 420.25000000000006 104.05000000000001 293.01666666666671 198.15000000000001 174.05000000000004 1110.2000000000003 278.07083333333338 1.0000000180025095e-35 202.21666666666673 4.5000000000000009 1249.5000000000002 1187.8500000000001 1096.7500000000002 414.85000000000008 1455.95 1.0000000180025095e-35 987.70000000000016 838.80000000000018 333.65000000000003 1.0000000180025095e-35 87.250000000000014
decision_type=2 2 2 2 2 2 2 2 2 2 2 2 2 2 2 2 2 2 2 2 2 2 2 2 2 2 2 2 2 2 2 2 2 2 2 2 2 2 2 2 2 2 2 2 2 2 2 2 2 2 2 2 2 2 2 2 2 2 2 2 2 2
left_child=23 6 4 5 8 -4 38 -8 9 11 -10 13 19 -3 16 -16 17 18 -15 20 21 -13 -11 29 25 -25 27 -26 30 35 -28 -6 -33 -24 -31 -1 -37 -17 39 43 41 42 -41 44 45 -2 48 -48 49 -46 51 52 53 -40 -55 60 57 58 59 -51 -52 -62
right_child=1 2 3 -5 31 -7 7 -9 10 22 -12 12 -14 14 15 37 -18 -19 -20 -21 -22 -23 33 24 26 -27 28 -29 -30 34 -32 32 -34 -35 -36 36 -38 -39 50 40 -42 -43 -44 -45 46 -47 47 -49 -50 56 55 -53 -54 54 -56 -57 -58 -59 -60 -61 61 -63
leaf_value=-0.012536166459753013 0.055503245366309475 -0.44923991767259741 0.37418607026338579 1.1234195907201086 0.23168297218158843 -0.42669194370508196 -0.79741933688972944 0.2088097687120791 0.14186539214390975 0.19804606117308141 -0.66683235303922139 0.40661506761204119 -0.13254882792631786 -0.30906301779905337 -0.19173235009456505 0.176517749534299 0.28593459568089913 -0.62443193092065696 0.37423181247711185 -0.022454450726509097 0.10889055870828175 1.1327527980630598 1.1333866794904075 0.1741006260647649 0.69728923290967948 0.88388277655062475 0.032343909273353906 0.077380777717652657 -0.68471042134545068 -0.099693572825315047 -0.50829123059908554 -0.74332892894744873 -0.027746617347002029 0.47747649821368132 -0.63882871122720353 -0.26903220087289814 0.48092366731829117 0.68932491195472811 -0.016579542615786445 -0.52888357606199055 0.86631581783294687 0.60383148620215554 0.48329335166607051 0.0012566487406133618 -0.16198050294603622 -0.50267084925176786 -0.60707675933837901 0.22493644248355521 -0.11111937378134047 0.54097003376845165 0.034861322997618301 -0.32928352156716789 0.48194769920692559 -0.52400728285897014 0.090513693140103268 0.47720485156582249 0.91498253295818965 0.068069168994593074 0.80192125332355502 -0.086499696353386196 0.0067089596483856442 -0.21508033750290725
leaf_weight=19245 553 26 36 28 20 20 33 27 26 20 22 22 24 32 29 30 36 34 25 20 21 24 24 62 22 23 104 286 22 49 21 30 40 22 24 20 45 33 2927 27 23 21 20 1245 21 36 20 22 28 66 5373 89 42 51 26 31 24 43 50 29 380 194
leaf_count=19245 553 26 36 28 20 20 33 27 26 20 22 22 24 32 29 30 36 34 25 20 21 24 24 62 22 23 104 286 22 49 21 30 40 22 24 20 45 33 2927 27 23 21 20 1245 21 36 20 22 28 66 5373 89 42 51 26 31 24 43 50 29 380 194
internal_value=0.0022003 0.0223606 0.127983 0.433245 0.0821935 0.0881582 0.0163944 -0.344616 0.137882 0.179588 -0.228788 0.0958415 0.313406 -0.0027285 0.050282 0.244381 -0.0903249 -0.239175 -0.0093723 0.436428 0.573407 0.78547 0.631313 -0.00998814 0.0855941 0.366159 0.0331809 0.12166 -0.152204 -0.012651 -0.0584828 -0.208623 -0.334425 0.819691 -0.276943 -0.0116519 0.250168 0.445131 0.0183043 0.0568338 0.307601 0.118625 -0.09817 0.0461553 0.108822 0.0213873 0.278786 -0.17126 0.351208 0.406766 0.00888437 -0.0261447 -0.0172874 -0.0242674 -0.316507 0.0272544 0.463104 0.405418 0.505459 0.349427 0.024909 -0.0682512
internal_weight=31968 12045 644 84 560 56 11401 60 470 422 48 356 111 245 219 92 127 91 57 87 67 46 66 19923 540 85 455 308 147 19383 125 90 70 46 73 19310 65 63 11341 2228 91 68 47 2137 892 589 303 42 261 233 9113 3135 3046 3004 77 5978 212 188 145 95 5947 574
internal_count=31968 12045 644 84 560 56 11401 60 470 422 48 356 111 245 219 92 127 91 57 87 67 46 66 19923 540 85 455 308 147 19383 125 90 70 46 73 19310 65 63 11341 2228 91 68 47 2137 892 589 303 42 261 233 9113 3135 3046 3004 77 5978 212 188 145 95 5947 574
is_linear=0
shrinkage=0.05


Tree=144
num_leaves=63
num_cat=0
split_feature=31 34 34 35 34 31 33 31 31 35 33 33 0 40 40 31 36 33 24 31 31 33 18 36 36 38 33 35 35 33 34 31 36 33 36 36 32 33 32 32 39 32 35 31 16 33 31 31 35 31 11 35 35 32 34 35 31 24 34 35 36 36
split_gain=2943.77 12840.2 4467.52 4338.37 4256.41 4170.5 3992.37 2974.78 2569.42 2999.93 4326.42 3448.42 3018.22 2856.79 2862.34 2840.37 5435.09 2563.74 3606.72 2764.97 4151.56 3370.89 3457.05 2955.14 3838.94 2785.08 3473.23 3635.77 3010.51 4703.38 3938.28 3381.93 3862.84 2517.6 2469.72 2731.85 2456.91 4088.22 3512.78 2434.86 2725.81 2212.41 2639.63 2201.63 2155.33 2095.91 2054.01 3328.24 3141.34 3885.79 3641.23 2666.38 3655.33 1978.72 4068.54 3583.71 1923.85 1824.18 1825.38 3106.15 1957.93 2388.62
threshold=448.25000000000006 447.05000000000007 382.75000000000006 1531.0000000000002 329.50000000000006 478.75000000000006 407.65000000000003 392.85000000000008 438.65000000000003 1187.8500000000001 146.25000000000003 297.15000000000003 1.0000000180025095e-35 1.5000000000000002 4.5000000000000009 296.45000000000005 305.71666666666675 328.85000000000008 1.0000000180025095e-35 26.850000000000005 125.85000000000001 474.55000000000007 1.0000000180025095e-35 302.3633333333334 376.6375000000001 1.0000000180025095e-35 382.80000000000001 1397.9500000000003 1249.5000000000002 416.75000000000006 417.35000000000008 353.75000000000006 311.45833333333337 402.75000000000006 311.45833333333337 315.18333333333339 337.95000000000005 259.50000000000006 319.65000000000003 372.55000000000007 1.0000000180025095e-35 22.150000000000002 423.15000000000009 335.95000000000005 1.0000000180025095e-35 0.95000000000000007 402.75000000000006 414.45000000000005 916.25000000000011 428.45000000000005 1.0000000180025095e-35 1096.7500000000002 949.45000000000016 115.15000000000002 15.750000000000002 578.35000000000025 406.85000000000008 1.0000000180025095e-35 245.35000000000005 1096.7500000000002 373.58333333333343 237.71000000000006
decision_type=2 2 2 2 2 2 2 2 2 2 2 2 2 2 2 2 2 2 2 2 2 2 2 2 2 2 2 2 2 2 2 2 2 2 2 2 2 2 2 2 2 2 2 2 2 2 2 2 2 2 2 2 2 2 2 2 2 2 2 2 2 2
left_child=3 2 4 8 34 -3 -5 -8 9 41 -11 13 17 -12 -15 -16 -17 -13 19 -19 -21 22 25 -23 -25 28 -27 43 29 -22 31 32 -30 -24 36 -36 38 39 45 -38 -41 42 56 -28 -37 -2 -43 51 -49 -50 -51 52 -48 54 55 -10 -1 58 59 60 61 -55
right_child=1 5 -4 6 -6 -7 7 -9 53 10 11 12 -14 14 15 16 -18 18 -20 20 21 23 33 24 -26 26 27 -29 30 -31 -32 -33 -34 -35 35 44 37 -39 -40 40 -42 46 -44 -45 -46 -47 47 48 49 50 -52 -53 -54 57 -56 -57 -58 -59 -60 -61 -62 -63
leaf_value=-0.014722152474114559 0.15853490511286053 1.4442396247386933 -0.3941265719611261 -0.79492353539010796 0.55755173161625871 0.43537891322658179 -0.48316206194460398 0.37921523347496988 -0.02328084485350753 -0.33637880793324226 0.72172932560379444 -0.28344010930508373 -0.35845377711873305 -0.26910743067661919 -0.063714916130592089 0.98905373569577937 0.052282074292500813 -0.34241610532221589 -0.16550333953955595 0.7047827839106322 -0.057095837742090233 0.0117598295211792 0.06568882102551668 1.0789655268192291 0.17197544470429421 0.96804265499114983 0.16961982404032061 -0.35008519411087041 -0.062467767298221594 0.90541284084320073 0.46310649242090146 0.068264758307486781 -1.0033367227142056 -0.67411178441151332 -0.47080419898033149 0.0039144048066355516 0.54921287478822645 0.93282175007320589 -0.55675068497657776 0.29722887222089017 -0.24323004075261051 0.0057429374482161075 -0.094920462744284784 0.82363462177189906 0.48094957868258165 0.009647382285699925 0.16735014698746867 0.085748444573926413 -0.32675784586406337 -0.068663443584854794 0.70282917857170113 -0.34098172528403148 0.62461225112470298 0.026126653744893914 -0.71119308471679688 0.6396424312483181 0.094213707729539325 0.1384579938124208 0.18081681484525855 -0.79891234680458356 0.013287575189339913 -0.46155893557006494
leaf_weight=11575 462 20 59 33 40 21 20 20 278 54 37 40 38 24 29 32 30 23 85 40 30 23 23 28 20 20 31 20 20 22 23 38 24 23 30 1767 33 21 22 51 43 13386 1014 22 24 484 274 477 123 65 20 21 52 34 20 22 420 34 22 27 59 96
leaf_count=11575 462 20 59 33 40 21 20 20 278 54 37 40 38 24 29 32 30 23 85 40 30 23 23 28 20 20 31 20 20 22 23 38 24 23 30 1767 33 21 22 51 43 13386 1014 22 24 484 274 477 123 65 20 21 52 34 20 22 420 34 22 27 59 96
internal_value=0.00209029 0.0485826 0.0367131 -0.00286132 0.0452518 0.927506 -0.387828 -0.0519734 -0.00188615 0.000276032 0.095779 0.127103 0.0726408 0.339578 0.216625 0.34473 0.535777 0.102157 0.132107 0.190936 0.221077 0.168357 0.0941415 0.477761 0.701053 0.167438 0.384272 0.224335 0.0389954 0.350119 -0.115085 -0.277261 -0.575669 -0.304211 0.0382746 0.00238079 0.0968432 0.286575 0.0678347 0.179715 0.0499977 -0.00250615 -0.0174563 0.441098 0.0103068 0.0823599 0.010983 0.078951 0.0150427 -0.147105 0.112864 0.20511 0.240288 -0.104977 -0.0206994 0.0253335 -0.0109078 -0.204127 -0.253067 -0.297259 -0.225595 -0.33401
internal_weight=31968 3077 3036 28891 2977 41 73 40 28818 28226 799 745 593 152 115 91 62 555 515 430 407 367 296 71 48 250 93 73 157 52 105 82 44 46 2937 1821 1116 148 968 127 94 27427 13009 53 1791 946 14418 1032 685 208 85 347 326 592 320 300 11995 272 238 216 189 130
internal_count=31968 3077 3036 28891 2977 41 73 40 28818 28226 799 745 593 152 115 91 62 555 515 430 407 367 296 71 48 250 93 73 157 52 105 82 44 46 2937 1821 1116 148 968 127 94 27427 13009 53 1791 946 14418 1032 685 208 85 347 326 592 320 300 11995 272 238 216 189 130
is_linear=0
shrinkage=0.05


Tree=145
num_leaves=63
num_cat=0
split_feature=19 17 6 32 40 16 36 20 34 31 31 10 8 37 33 34 33 36 32 31 33 22 33 40 40 33 21 32 33 33 34 36 33 8 31 40 33 36 33 36 31 36 6 36 36 32 32 31 36 31 36 31 33 37 36 33 36 34 34 34 34 32
split_gain=3817.28 3440.98 3630.43 3197.03 3440.83 3012.12 2663.09 3270.02 5522.09 3830.97 3082.38 3011.65 4060.17 3931.58 3402.06 3259.63 3074.78 4698.39 4305.58 2788 2412.51 3384.3 2925.89 2342.77 4462.13 3604.64 6411.59 3806.31 3553.62 3143.49 3864.24 3880.82 5221.44 4028.38 2949.31 2788.99 2656.07 2619.78 2252.43 2178.24 3168.88 3157.05 2153.5 2124.93 2114.98 2095.04 4671.29 2078.05 2973.28 2077.21 2037.47 3707.66 3359.77 1998.12 2352.59 2311.76 2928.91 1993.06 2354 3901.55 3639.14 1978.87
threshold=1.0000000180025095e-35 1.0000000180025095e-35 1.0000000180025095e-35 26.650000000000002 1.0000000180025095e-35 1.0000000180025095e-35 409.72500000000008 1.0000000180025095e-35 237.15000000000001 426.45000000000005 117.45000000000002 1.0000000180025095e-35 1.0000000180025095e-35 4.5000000000000009 444.85000000000008 281.35000000000008 453.55000000000007 318.92500000000001 164.25000000000003 187.85000000000005 1.3500000000000003 1.0000000180025095e-35 488.85000000000008 4.5000000000000009 5.5000000000000009 471.15000000000003 1.0000000180025095e-35 154.35000000000005 488.85000000000008 446.85000000000008 250.25000000000003 345.05000000000013 247.85000000000005 1.0000000180025095e-35 495.85000000000008 3.5000000000000004 465.45000000000005 293.01666666666671 440.95000000000005 352.12500000000006 396.85000000000008 286.95833333333343 1.0000000180025095e-35 47.025000000000006 362.04166666666669 464.85000000000008 414.85000000000008 298.25000000000006 228.87083333333337 191.85000000000005 327.63333333333338 464.85000000000008 311.35000000000008 2.5000000000000004 244.65833333333336 0.95000000000000007 259.61250000000007 411.7000000000001 262.45000000000005 281.35000000000008 239.55000000000004 436.65000000000003
decision_type=2 2 2 2 2 2 2 2 2 2 2 2 2 2 2 2 2 2 2 2 2 2 2 2 2 2 2 2 2 2 2 2 2 2 2 2 2 2 2 2 2 2 2 2 2 2 2 2 2 2 2 2 2 2 2 2 2 2 2 2 2 2
left_child=3 2 5 20 6 -2 7 11 9 10 -9 12 16 15 -13 45 38 18 -18 -20 -1 22 43 29 -25 34 27 -27 -29 30 35 32 37 47 36 -6 -26 -32 44 41 -41 -31 -43 -22 50 46 -14 48 -34 -28 53 52 61 54 -5 56 -55 58 60 -60 -57 -52
right_child=1 -3 -4 4 23 -7 -8 8 -10 -11 -12 14 13 -15 -16 -17 17 -19 19 -21 21 -23 -24 24 25 26 49 28 -30 39 31 -33 33 -35 -36 -37 -38 -39 -40 40 -42 42 -44 -45 -46 -47 -48 -49 -50 -51 51 -53 -54 55 -56 57 -58 -59 59 -61 -62 -63
leaf_value=-0.0097711894279999198 -0.094957590090975569 -0.57941701442767413 -0.60315238824396422 0.05570002003069207 0.014140733595371355 0.37247447725888849 0.31056053368818193 0.36598445751048903 -0.68368005862361514 0.58385609673417138 -0.22969046026334033 -0.032435005153500056 0.22775647194523896 0.8686536562318603 -0.70474644482135773 -0.1992084724958553 0.74206289790925528 0.89530364407433405 0.20277396092812219 -0.50548407832781483 -0.46057145351337064 -0.58337882472710179 0.42603277646262072 0.063497412238802994 -0.0021464610471065232 0.51830223935345809 -0.37531121288027086 -0.49843735125329758 0.15365148996695496 0.29003692127409436 -0.025213645966175726 -0.67818382234416075 -0.74334819614887238 0.14237147887401722 -0.47317388545383104 -0.074098118628195514 0.41208514659068529 0.54336810163829641 -0.38799196836249583 0.11650909637766226 0.94055108904838569 -0.30225706969277333 0.29810769930481912 -0.07012631934168681 -0.15275125879774115 -0.21943276513367893 0.89618930776913963 -0.75823475718498234 -0.1232865935127283 -1.0498540911674501 0.3940164553622405 -0.33122058890082617 -0.11303861989424779 0.17694145456177765 -0.14601018630521265 0.062886681204997227 0.7844604429873554 -0.23943872111585907 0.83688157445192335 0.13782579944741846 -0.574969635579897 0.95795968572298684
leaf_weight=13603 503 39 33 392 2410 37 105 27 38 23 111 318 203 24 20 43 21 27 33 24 36 33 29 3530 5004 24 21 45 39 84 170 36 29 34 33 1425 39 23 29 28 20 59 20 1088 115 20 30 42 58 25 60 22 26 202 229 805 22 53 25 99 23 21
leaf_count=13603 503 39 33 392 2410 37 105 27 38 23 111 318 203 24 20 43 21 27 33 24 36 33 29 3530 5004 24 21 45 39 84 170 36 29 34 33 1425 39 23 29 28 20 59 20 1088 115 20 30 42 58 25 60 22 26 202 229 805 22 53 25 99 23 21
internal_value=-0.00130702 -0.124973 -0.0940421 0.00112052 0.0163306 -0.0629298 0.0629319 0.0545037 -0.141534 -0.0135737 -0.113145 0.0680211 0.0866241 0.253167 -0.0722167 0.203262 0.0627042 0.326823 0.130042 -0.09544 -0.0157341 -0.0841269 -0.0698379 0.00506698 0.0200611 -0.00925626 -0.247571 -0.0370187 -0.195682 -0.0245295 -0.0339312 -0.18346 -0.133432 -0.341797 -0.00202607 -0.0186468 0.001057 0.0425448 0.0496413 0.163817 0.45986 0.0766386 -0.150266 -0.0826317 0.0557021 0.271666 0.313821 -0.469408 -0.329974 -0.741911 0.0678154 0.25994 0.381487 0.0544186 -0.0186826 0.0913558 0.236608 0.0589811 0.0755948 0.278764 0.0451685 0.540224
internal_weight=31789 612 573 31177 16388 540 3190 3085 199 161 138 2886 2548 320 338 296 2228 105 78 57 14789 1186 1153 13198 8760 5230 154 108 84 4438 4227 392 356 163 5076 3835 5043 193 2123 211 48 163 79 1124 2094 253 233 129 87 46 1979 129 107 1850 621 1229 224 1005 952 124 828 81
internal_count=31789 612 573 31177 16388 540 3190 3085 199 161 138 2886 2548 320 338 296 2228 105 78 57 14789 1186 1153 13198 8760 5230 154 108 84 4438 4227 392 356 163 5076 3835 5043 193 2123 211 48 163 79 1124 2094 253 233 129 87 46 1979 129 107 1850 621 1229 224 1005 952 124 828 81
is_linear=0
shrinkage=0.05


Tree=146
num_leaves=63
num_cat=0
split_feature=19 40 40 40 40 40 34 27 2 40 33 0 21 29 33 33 0 33 35 36 35 24 33 33 34 39 36 10 36 31 34 35 33 33 31 31 31 33 0 31 35 31 35 36 35 34 35 33 8 36 33 31 34 34 33 1 36 35 36 36 18 31
split_gain=3445.09 2868.01 3272.06 5439.06 4300.13 2839.72 3808.34 2774.72 2738.43 2666.3 5209.62 2654.02 2591.04 2700.84 2452.6 3537.79 2405.26 3709.8 2227.43 2183.26 2142.06 2343.75 2832.43 3260.56 4190.88 3192.2 2693.73 2120.47 2100.84 2822.23 2277.5 2094.05 3053.32 3558.07 3462.67 6813.67 3605.35 2597.52 2303.98 4038.67 3166.55 2066.75 2460.25 2015.4 1998.95 3470.84 1926.59 1849.98 1846.59 5482.72 3328.9 1988.53 1841.39 3899.76 3686.24 1803.57 1649.86 1621.63 1606.56 1880.85 2106.53 1803.44
threshold=1.0000000180025095e-35 1.0000000180025095e-35 4.5000000000000009 5.5000000000000009 3.5000000000000004 2.5000000000000004 265.15000000000003 1.0000000180025095e-35 1.0000000180025095e-35 1.5000000000000002 347.55000000000007 1.0000000180025095e-35 1.0000000180025095e-35 1.0000000180025095e-35 419.15000000000003 376.2000000000001 1.0000000180025095e-35 136.15000000000001 1397.9500000000003 296.12500000000006 489.9500000000001 1.0000000180025095e-35 324.85000000000008 55.850000000000001 372.90000000000003 1.0000000180025095e-35 245.81250000000003 1.0000000180025095e-35 284.0125000000001 259.35000000000008 1.0500000000000003 629.1500000000002 20.950000000000003 51.750000000000007 478.75000000000006 470.95000000000005 488.35000000000008 261.75000000000006 1.0000000180025095e-35 298.25000000000006 832.35000000000025 363.85000000000008 909.35000000000014 202.21666666666673 1155.7500000000002 384.80000000000001 1313.1500000000003 311.35000000000008 1.0000000180025095e-35 329.71250000000009 279.65000000000003 339.55000000000007 407.7000000000001 432.10000000000008 276.25000000000006 1.0000000180025095e-35 248.08750000000001 924.45000000000016 317.01666666666671 397.11250000000013 1.0000000180025095e-35 408.75000000000006
decision_type=2 2 2 2 2 2 2 2 2 2 2 2 2 2 2 2 2 2 2 2 2 2 2 2 2 2 2 2 2 2 2 2 2 2 2 2 2 2 2 2 2 2 2 2 2 2 2 2 2 2 2 2 2 2 2 2 2 2 2 2 2 2
left_child=1 31 4 20 5 6 9 12 27 10 -3 55 13 14 15 16 17 -2 -6 43 -4 -22 23 -23 28 26 -24 46 29 30 -25 -1 58 -34 35 38 -36 -38 48 40 -40 42 -19 -13 -7 -46 -8 -42 52 50 51 -50 -35 -54 -55 -5 -12 -27 -33 60 61 -60
right_child=7 2 3 11 18 44 8 -9 -10 -11 56 19 -14 -15 -16 -17 -18 41 -20 -21 21 22 25 24 -26 57 -28 -29 -30 -31 -32 32 33 34 36 -37 37 -39 39 -41 47 -43 -44 -45 45 -47 -48 -49 49 -51 -52 -53 53 54 -56 -57 -58 -59 59 -61 -62 -63
leaf_value=0.011053115323082674 -0.091910888220465517 -0.0023374136735975696 0.017361355342846808 -0.012190130995266009 -0.073024813968222094 0.023591828010930405 -0.35196915465065198 -0.54458119206958355 0.13621923318132759 -0.075727139700486612 0.63438141483526966 -0.50287134535610678 0.13119341278413557 0.37422310548524063 -0.55447135755890298 0.4185874670192048 0.19833751372658673 -0.49486777365179457 -0.5290833316467427 -0.70858182944357395 0.05670468338927756 0.08432864904624679 0.20820227350507464 0.51261230925364154 1.0906749702635266 -0.15062755644321443 -0.48266272496345436 0.065022353150627835 -0.10416124035482821 0.70660085302467157 -0.11439675271511079 0.31232295621459083 -0.45819720097418348 0.06554769005175122 -0.80349085965882194 0.81456261873245239 0.2822482718361749 -0.459196090840158 0.01577969479560852 0.1361258350430973 -0.36151681445538997 -0.81242960122014807 0.051219860812028256 0.15934941934214697 0.4654400984897758 -0.13952921665198095 -0.84817204521252565 -1.0415870689228177 0.26955105445601724 -0.40757422566413881 0.51810429306933659 -0.28198270935278674 -0.70133175820112237 0.58830741360783578 -0.29405268554029795 -0.2894460954908597 0.20591455782359502 0.38059264310434759 0.086534755077698963 0.29087911153642032 0.46852978418270752 -0.24801664958077094
leaf_weight=3731 218 1247 3675 10054 3189 2637 79 36 32 1318 39 20 106 24 38 27 39 66 27 24 2435 118 21 28 21 20 43 22 23 48 30 164 35 974 23 30 27 21 25 63 20 28 30 27 66 37 26 20 44 30 96 26 25 20 29 59 53 51 115 104 24 62
leaf_count=3731 218 1247 3675 10054 3189 2637 79 36 32 1318 39 20 106 24 38 27 39 66 27 24 2435 118 21 28 21 20 43 22 23 48 30 164 35 974 23 30 27 21 25 63 20 28 30 27 66 37 26 20 44 30 96 26 25 20 29 59 53 51 115 104 24 62
internal_value=-0.00124167 0.0010645 -0.00611476 0.00687511 -0.0308402 -0.00420612 -0.0394664 -0.118724 -0.277161 -0.0252423 0.0244508 -0.0159464 -0.0921082 -0.14247 -0.170274 -0.134491 -0.173685 -0.216109 -0.0768537 -0.320577 0.0425597 0.0751898 0.18688 0.28096 0.435644 0.000114254 -0.255973 -0.381319 0.329011 0.423001 0.188297 0.0330982 0.0747018 0.040049 0.0518878 0.0691394 -0.28877 -0.0421336 0.0528401 -0.149154 -0.425655 -0.434457 -0.324215 -0.122447 0.0320322 0.248121 -0.474838 -0.701552 0.073624 0.214487 0.326908 0.0646957 0.0472794 -0.193171 0.0660943 -0.0138077 0.387547 0.230953 0.186123 0.118264 0.0289511 -0.0306527
internal_weight=31789 31177 25469 16697 8772 5556 2816 612 159 2657 1339 10184 576 470 446 408 381 342 3216 71 6513 2838 403 268 150 135 64 127 129 106 58 5708 1977 1508 1473 1402 71 48 1372 128 65 124 96 47 2740 103 105 40 1244 196 166 70 1048 74 49 10113 92 71 469 305 201 177
internal_count=31789 31177 25469 16697 8772 5556 2816 612 159 2657 1339 10184 576 470 446 408 381 342 3216 71 6513 2838 403 268 150 135 64 127 129 106 58 5708 1977 1508 1473 1402 71 48 1372 128 65 124 96 47 2740 103 105 40 1244 196 166 70 1048 74 49 10113 92 71 469 305 201 177
is_linear=0
shrinkage=0.05


Tree=147
num_leaves=63
num_cat=0
split_feature=19 17 6 32 7 16 34 35 34 35 32 33 33 35 36 32 32 32 21 35 35 9 33 34 32 31 4 36 36 21 36 31 32 31 39 31 39 32 32 32 31 31 32 32 32 31 35 34 33 35 34 31 33 33 32 36 34 35 33 31 31 36
split_gain=3109.2 3018.98 3219.54 2744.14 2651.85 3151.54 3053.98 2346.7 4872.05 3153.99 2641.91 2224.25 2793.47 2169.8 2097.81 2917.97 3214.99 1932.66 1886.8 1844.28 4617.76 4305.25 5560.63 4159.39 3342.55 3134.22 9772.3 5348.27 12968.5 9037.94 5321.74 5022.58 3377.13 3294.84 3259.26 4356.89 3219.01 4976.58 5207.8 2871.22 2429.18 2310.64 2228.7 2439.31 2219.02 2203.17 2162.25 1821.69 1713.31 1680.6 1533.48 1454.66 1376.02 1420.61 1294.34 4524.09 2445.79 2784.89 2353.08 2509.37 7318.63 2749.48
threshold=1.0000000180025095e-35 1.0000000180025095e-35 1.0000000180025095e-35 26.650000000000002 1.0000000180025095e-35 1.0000000180025095e-35 370.45000000000005 958.55000000000007 116.7 1020.4500000000002 396.45000000000005 1.3500000000000003 488.85000000000008 149.45000000000002 436.42500000000001 491.15000000000003 478.05000000000007 285.85000000000008 1.0000000180025095e-35 1249.5000000000002 1225.1500000000003 1.0000000180025095e-35 455.35000000000008 365.65000000000003 434.75000000000006 363.85000000000008 1.0000000180025095e-35 323.02500000000003 294.5125000000001 1.0000000180025095e-35 382.3250000000001 468.85000000000008 458.65000000000003 242.85000000000005 1.0000000180025095e-35 267.75000000000006 1.0000000180025095e-35 304.35000000000008 396.45000000000005 348.35000000000008 428.45000000000005 458.45000000000005 329.95000000000005 378.65000000000003 329.95000000000005 414.45000000000005 1397.9500000000003 27.400000000000002 392.15000000000003 492.75000000000011 344.35000000000008 488.35000000000008 79.350000000000009 201.35000000000005 98.350000000000009 269.82916666666671 254.60000000000002 517.05000000000007 492.55000000000007 438.65000000000003 444.75000000000006 318.92500000000001
decision_type=2 2 2 2 2 2 2 2 2 2 2 2 2 2 2 2 2 2 2 2 2 2 2 2 2 2 2 2 2 2 2 2 2 2 2 2 2 2 2 2 2 2 2 2 2 2 2 2 2 2 2 2 2 2 2 2 2 2 2 2 2 2
left_child=3 2 4 11 5 6 7 8 18 -9 17 49 13 -13 19 16 51 -11 52 20 54 25 42 24 47 30 27 28 50 36 32 40 34 -34 48 39 -29 -38 -39 -36 -28 -40 -23 -44 -37 -30 -45 -22 -21 -1 -27 -16 -2 -54 55 56 57 -5 59 -56 -61 -62
right_child=1 -3 -4 14 -6 -7 -8 9 -10 10 -12 12 -14 -15 15 -17 -18 -19 -20 21 23 22 -24 -25 -26 26 31 29 45 -31 -32 -33 33 -35 35 44 37 38 41 -41 -42 -43 43 46 -46 -47 -48 -49 -50 -51 -52 -53 53 -55 58 -57 -58 -59 -60 60 61 -63
leaf_value=-0.01091932114675806 -0.046997647713337629 -0.53845436286467774 -0.56325068487362429 0.0077022537024406439 0.40233111987511316 0.37649752717997348 -0.56464896404317455 0.68555382546924415 -0.70632158815860757 0.071000276700310089 0.40651598771413167 -0.49841167637787298 0.40441916790501831 -0.080874707211719632 0.21879494827935253 -0.3401040453910828 0.63970514811002299 -0.59243764366422391 0.20537564605474473 -0.36899003028869631 -0.10015864610671997 0.39106160606588092 0.78362195193767548 -0.22512801647186281 0.94389683460367135 0.05877302839390694 -0.56714001363143329 0.54542415466260274 -0.41289461404085159 1.226755526932803 -0.9853665450344915 -1.2166296049952507 -0.31001614487689477 0.46956318002758607 0.66207505345344542 -0.10676250532269478 -0.56977273736681255 0.71470654847160464 0.18791087349255881 -0.11665525482646351 0.11537183089689776 -0.47820431049103318 -0.58763525962829588 0.30304979818898281 -0.67187211701744487 -1.1014627154056844 -0.24516989690916879 0.49803190737962721 -0.97398970692672515 0.14246151585502353 0.55610157059084986 -0.13690215458995419 -0.54856106169296037 -0.13890656154539624 0.017449702406383182 0.34615524845212942 -0.14158330794773707 0.14866449008441124 -0.2761488663757013 -0.39764887354735823 0.051913866752879505 -0.10803413742529616
leaf_weight=13422 175 39 33 1110 30 35 35 21 34 23 24 32 29 1125 118 25 39 21 50 25 20 31 30 25 29 31 32 37 21 22 23 20 23 33 20 32 28 31 30 29 22 23 20 37 38 26 35 35 22 181 31 38 33 59 12060 123 181 512 72 140 652 457
leaf_count=13422 175 39 33 1110 30 35 35 21 34 23 24 32 29 1125 118 25 39 21 50 25 20 31 30 25 29 31 32 37 21 22 23 20 23 33 20 32 28 31 30 29 22 23 20 37 38 26 35 35 22 181 31 38 33 59 12060 123 181 512 72 140 652 457
internal_value=-0.00117959 -0.112788 -0.083816 0.00101127 -0.0545172 -0.0813906 -0.11513 -0.0793725 -0.137518 0.149942 -0.0154677 -0.014604 -0.0802741 -0.0924228 0.0151029 0.168461 0.233662 -0.245641 -0.0765104 0.0130162 0.0167459 -0.0634434 0.173273 0.341034 0.509535 -0.123907 -0.0287582 0.106295 -0.16741 0.280761 -0.261387 -0.539769 -0.18638 0.149379 -0.299648 -0.160412 0.141084 0.00750798 0.199935 0.201194 -0.28908 -0.101158 0.0244073 -0.0991392 -0.413536 -0.793805 0.0365541 0.280508 -0.652181 -0.00887845 0.307437 0.132151 -0.129298 -0.285848 0.0144367 0.0527602 0.0327449 0.0521983 0.00892057 0.0104628 -0.0570013 -0.013998
internal_weight=31789 612 573 31177 540 510 475 440 351 89 68 14789 1186 1157 16388 220 195 44 317 16168 15416 752 153 109 84 599 354 280 109 171 245 74 222 56 166 119 149 112 84 49 54 53 123 92 70 47 72 55 47 13603 62 156 267 92 15307 1926 1803 1622 13381 13309 1249 1109
internal_count=31789 612 573 31177 540 510 475 440 351 89 68 14789 1186 1157 16388 220 195 44 317 16168 15416 752 153 109 84 599 354 280 109 171 245 74 222 56 166 119 149 112 84 49 54 53 123 92 70 47 72 55 47 13603 62 156 267 92 15307 1926 1803 1622 13381 13309 1249 1109
is_linear=0
shrinkage=0.05


Tree=148
num_leaves=63
num_cat=0
split_feature=19 32 35 35 32 29 35 34 35 35 32 32 31 35 32 31 32 34 35 35 31 31 34 34 35 31 5 34 35 35 4 32 31 32 12 35 9 32 34 31 34 31 31 39 16 31 34 34 34 35 34 31 21 35 34 32 32 34 39 35 32 35
split_gain=2806.05 2493.18 2691.88 3242.09 3158.89 2281.68 2235.86 1955.61 1880.15 3381.26 3664.5 3863.9 2610.64 2643.77 3334.72 2991.01 2417.38 2274.65 1850.02 3610.44 2675.44 1832.77 2810.94 1808.24 8325.27 5321.66 8304.14 3688.01 2605.44 4401.4 3050.68 2577.42 2900.95 2532.1 2164.19 2067.76 2297.77 1789.52 1701.31 1674.2 1691.51 1662.11 2973.77 1657.82 1635.38 2208.87 1610.07 3549.09 1605.16 3594.49 2447.78 3574.62 5041 3707.17 2953.02 2888.07 5898.73 4788.69 4107.51 4428.42 3415.81 2675.75
threshold=1.0000000180025095e-35 283.95000000000005 1397.9500000000003 1313.1500000000003 185.55000000000004 1.0000000180025095e-35 400.9500000000001 453.00000000000006 838.80000000000018 853.25000000000011 436.65000000000003 456.35000000000008 144.45000000000002 1008.7500000000001 322.25000000000006 392.85000000000008 315.85000000000008 24.850000000000005 1249.5000000000002 1203.6500000000003 349.95000000000005 220.05000000000004 120.50000000000001 333.45000000000005 1455.95 392.85000000000008 1.0000000180025095e-35 324.25000000000006 1225.1500000000003 1279.4000000000003 1.0000000180025095e-35 378.65000000000003 458.45000000000005 464.85000000000008 1.0000000180025095e-35 1351.1500000000003 1.0000000180025095e-35 408.75000000000006 26.150000000000002 3.6500000000000008 340.15000000000003 228.25000000000003 320.15000000000003 1.0000000180025095e-35 1.0000000180025095e-35 277.95000000000005 365.65000000000003 331.45000000000005 54.750000000000007 759.00000000000011 277.75000000000006 368.25000000000006 1.0000000180025095e-35 1140.1000000000001 266.65000000000003 483.80000000000001 440.45000000000005 120.50000000000001 1.0000000180025095e-35 1155.7500000000002 418.85000000000008 1187.8500000000001
decision_type=2 2 2 2 2 2 2 2 2 2 2 2 2 2 2 2 2 2 2 2 2 2 2 2 2 2 2 2 2 2 2 2 2 2 2 2 2 2 2 2 2 2 2 2 2 2 2 2 2 2 2 2 2 2 2 2 2 2 2 2 2 2
left_child=1 2 3 18 -5 6 -3 8 16 -10 12 17 -11 -14 -15 21 -7 -12 19 39 -20 -16 -23 24 27 28 31 48 30 -30 34 -27 -33 -26 -25 -31 37 -37 -17 40 -1 -13 -43 -21 46 -46 47 -2 -8 -50 54 52 53 -52 55 56 60 -58 -59 -60 61 -51
right_child=44 5 -4 4 -6 7 23 -9 9 10 11 41 13 14 15 38 -18 -19 20 43 -22 22 -24 25 33 26 -28 -29 29 35 -32 32 -34 -35 -36 36 -38 -39 -40 -41 -42 42 -44 -45 45 -47 -48 -49 49 50 51 -53 -54 -55 -56 -57 57 58 59 -61 -62 -63
leaf_value=-0.069154660270376991 -0.12997115843075638 -0.090865835368520387 -0.3565666758201339 0.77514744907071309 0.047566544413566593 0.10714852138682529 0.052459909325591338 -0.50003241093262385 0.62929900677307793 0.26170593280278681 0.25303482547883066 -0.24942431933171041 0.042032168520257832 0.24243594134847324 -0.60847814306616788 -0.40854143786430364 -0.15608974330182157 0.90140374600887307 0.079422676458954816 0.67475320375882664 -0.62639928768421038 -0.383110828132465 0.34036503410339358 -0.0034469917934873829 -0.30937615696054244 -0.14489736166493647 1.3703703707456589 -0.62090386890229732 -0.67672692923634148 0.31937124656467902 0.66217888380799983 0.79095695189067294 0.049939043283462527 -1.0576962369680405 0.49398184948497353 -0.53440592810511589 0.28176082126025498 -0.045014599171724727 -0.99186147332191477 -0.0052708519170126325 -0.51444564910012891 0.58238433687775226 -0.064391568532356849 0.15931510038864918 0.54078098264607521 -0.16774954640052536 -0.40085295629501339 0.54933171570301054 0.30650706800839145 -0.16920704184782237 0.16715061185152635 0.75769413903355609 0.51221124587520472 -0.69668380750550174 -0.6399831438064576 0.28146116836946838 -1.0693990202173591 -0.72459314465522773 0.59109743773937229 -0.4610928618907929 0.37136640215049621 0.17783206949631375
leaf_weight=697 498 330 55 26 35 111 5198 23 23 42 31 37 94 24 20 25 407 24 25 26 29 29 25 115 26 29 20 21 27 41 28 28 25 20 27 31 29 47 25 22461 22 27 52 39 22 22 50 20 72 243 23 20 31 27 25 49 25 28 20 20 46 72
leaf_count=697 498 330 55 26 35 111 5198 23 23 42 31 37 94 24 20 25 407 24 25 26 29 29 25 115 26 29 20 21 27 41 28 28 25 20 27 31 29 47 25 22461 22 27 52 39 22 22 50 20 72 243 23 20 31 27 25 49 25 28 20 20 46 72
internal_value=-0.00112061 0.000960709 -0.00718013 -0.00635752 0.357683 0.0255185 0.0360568 -0.0442163 -0.0336904 0.037823 0.00792417 0.19079 -0.102182 -0.165336 -0.297042 -0.401457 -0.0996815 0.535959 -0.00731063 -0.00663155 -0.29963 -0.199603 -0.0481683 0.042588 0.0353206 0.139584 0.456869 0.0405271 0.0457783 -0.0896492 0.185189 0.234064 0.44142 -0.634733 0.0911345 0.0174528 -0.0982356 -0.239516 -0.700201 -0.00767503 -0.0827797 0.027132 0.156658 0.36549 -0.107149 0.186516 -0.129897 -0.103743 0.0428818 -0.0281413 -0.0664477 0.159074 0.011266 -0.29932 -0.109587 -0.0832255 -0.122586 -0.477672 -0.260125 0.0650023 -0.0311096 -0.0898838
internal_weight=31789 31177 23415 23360 61 7762 6743 1019 996 478 455 171 284 242 148 124 518 55 23299 23245 54 74 54 6413 5966 447 102 5920 345 175 170 82 53 46 142 148 107 78 50 23180 719 116 79 65 612 44 568 518 5899 701 629 101 81 50 528 503 454 93 68 40 361 315
internal_count=31789 31177 23415 23360 61 7762 6743 1019 996 478 455 171 284 242 148 124 518 55 23299 23245 54 74 54 6413 5966 447 102 5920 345 175 170 82 53 46 142 148 107 78 50 23180 719 116 79 65 612 44 568 518 5899 701 629 101 81 50 528 503 454 93 68 40 361 315
is_linear=0
shrinkage=0.05


Tree=149
num_leaves=63
num_cat=0
split_feature=19 40 40 40 40 40 34 2 0 40 32 34 35 32 36 36 36 9 35 18 6 36 32 23 35 36 0 10 25 28 32 32 16 32 34 7 35 31 20 34 35 9 32 35 36 35 37 31 34 32 32 36 35 34 28 31 35 36 31 35 24 36
split_gain=2532.46 2575.14 2929.09 4851.53 3905.47 2568.6 3310.77 2959.81 2421.38 2330.52 2222.33 2513.95 2487.03 2365.29 3440.37 2974.01 3019.27 2196.09 2330.73 2183.66 2110.82 1976.75 1939.06 2715.03 2598.43 2744.31 2688.19 2230.91 2329.81 2899.58 3938.69 2707.21 2084.68 3725.2 2330.18 2042.29 3881.94 3448.47 2027.09 9295.75 2010.74 1895.09 1913.99 1887.17 1878.86 3711.17 3446.29 3034.31 3028.82 1882.2 1869.56 1867.53 1821.6 3047.68 1818.51 2901.87 1813.67 1813.42 1809.19 1774.26 2162.69 2281.3
threshold=1.0000000180025095e-35 1.0000000180025095e-35 4.5000000000000009 5.5000000000000009 3.5000000000000004 2.5000000000000004 245.35000000000005 1.0000000180025095e-35 1.0000000180025095e-35 1.5000000000000002 433.05000000000007 488.60000000000008 1455.95 444.35000000000008 340.75000000000006 449.45000000000005 349.91250000000008 1.0000000180025095e-35 880.85000000000002 1.0000000180025095e-35 1.0000000180025095e-35 296.12500000000006 472.65000000000003 1.0000000180025095e-35 629.1500000000002 409.72500000000008 1.0000000180025095e-35 1.0000000180025095e-35 1.0000000180025095e-35 1.0000000180025095e-35 314.05000000000007 212.85000000000005 1.0000000180025095e-35 156.25000000000003 4.6500000000000012 1.0000000180025095e-35 1187.8500000000001 357.45000000000005 1.0000000180025095e-35 211.65000000000001 916.25000000000011 1.0000000180025095e-35 468.75000000000006 818.95000000000016 307.47500000000008 1170.4500000000003 3.5000000000000004 113.05000000000001 2.5500000000000003 474.15000000000003 460.75000000000006 251.61250000000004 1155.7500000000002 384.80000000000001 1.0000000180025095e-35 198.05000000000004 1397.9500000000003 202.21666666666673 298.25000000000006 489.9500000000001 1.0000000180025095e-35 251.61250000000004
decision_type=2 2 2 2 2 2 2 2 2 2 2 2 2 2 2 2 2 2 2 2 2 2 2 2 2 2 2 2 2 2 2 2 2 2 2 2 2 2 2 2 2 2 2 2 2 2 2 2 2 2 2 2 2 2 2 2 2 2 2 2 2 2
left_child=1 22 4 59 5 6 9 54 10 -3 11 12 -5 14 -12 16 19 18 -18 44 41 57 24 35 -1 26 27 32 29 30 31 43 38 -34 -35 36 37 -24 -26 51 -27 42 -2 -29 45 46 47 -15 -48 -50 -20 -40 -7 -54 55 -8 -6 -10 -57 -4 -61 -62
right_child=20 2 3 8 56 52 7 -9 21 -11 13 -13 -14 15 -16 -17 17 -19 50 -21 -22 -23 23 -25 25 40 -28 28 -30 -31 -32 -33 33 34 -36 -37 -38 -39 39 -41 -42 -43 -44 -45 -46 -47 48 -49 49 -51 -52 -53 53 -55 -56 58 -58 -59 -60 60 61 -63
leaf_value=0.012528535771834694 -0.07858193105912506 0.023222550865212258 0.017169130420397815 -0.017240107957347692 -0.069680053799104455 0.022506364025314196 -0.587118906945717 0.15600494287080235 -0.47845877759158617 -0.070717238443045366 0.093000860295289173 -0.56617164611816406 -0.54948399500413381 0.061035974369814963 0.64936287477612498 0.49058310281146655 -0.045827239006757739 0.24546094487110773 -0.076696910858154305 0.32496032725487439 -0.46785193681716919 -0.67532560561473176 -0.27928511548873991 0.41966305732727049 0.11605240047853188 0.17758131785952347 -0.13425191429754099 -0.23837865545199466 -0.5253282098720472 -0.50134686470031742 0.37248594690904474 -0.48796696294756503 0.78873579425196505 0.42562911676509041 -0.14348103387935743 0.20776097602569144 -0.80030729893062791 0.43540253185090566 0.46142750930141763 -0.76839366460012071 0.70700963233629688 -0.44610563643050921 0.33232486368467412 0.33924504133962818 0.23918798803896102 -0.62102603244781496 0.50674209763418954 -0.37657856427241065 0.31690123138949278 -0.32827754868910863 -0.65574862610386775 -0.034453569352626799 0.44048466786290663 -0.12640795015000009 -0.69025545466330751 0.34524089992046358 -0.48120629169322832 0.14970235581751223 -0.22254619344751886 0.052042410151260377 0.30687300228999687 0.06804659507794468
leaf_weight=3708 512 1328 3675 9325 3189 2637 41 36 20 1313 91 21 22 93 40 33 58 24 20 70 37 24 86 20 1178 47 144 26 24 25 66 34 31 35 37 26 28 21 37 36 29 33 30 31 77 25 53 69 20 26 46 39 66 37 31 20 27 27 47 2435 184 219
leaf_count=3708 512 1328 3675 9325 3189 2637 41 36 20 1313 91 21 22 93 40 33 58 24 20 70 37 24 86 20 1178 47 144 26 24 25 66 34 31 35 37 26 28 21 37 36 29 33 30 31 77 25 53 69 20 26 46 39 66 37 31 20 27 27 47 2435 184 219
internal_value=-0.00106458 0.000912673 -0.00589015 0.0064001 -0.0292839 -0.00390145 -0.0374363 -0.248048 -0.0151536 -0.0234806 -0.0131108 -0.0197206 -0.0184928 0.0700042 0.262882 0.0288527 0.00262706 -0.192333 -0.277067 0.0692647 -0.101791 -0.306127 0.0312668 -0.129771 0.0365405 0.0854884 0.0726643 0.0912984 -0.0622796 -0.00121827 0.07842 -0.134859 0.11401 0.330476 0.13317 -0.198024 -0.276175 -0.139019 0.0967261 -0.106545 0.3796 -0.078236 -0.055838 0.0757676 0.019957 -0.0390667 0.0166765 -0.125355 0.249092 -0.047765 -0.480278 0.206962 0.0305636 0.236844 -0.352695 -0.255803 -0.073135 -0.1176 -0.0530575 0.0401024 0.0697992 0.177089
internal_weight=31789 31177 25469 16697 8772 5556 2816 175 10184 2641 10113 9368 9347 745 131 614 581 148 124 433 612 71 5708 181 5527 1819 1743 1599 206 182 157 91 1393 103 72 161 135 107 1290 112 76 575 542 57 363 286 261 162 99 46 66 76 2740 103 139 108 3216 47 67 6513 2838 403
internal_count=31789 31177 25469 16697 8772 5556 2816 175 10184 2641 10113 9368 9347 745 131 614 581 148 124 433 612 71 5708 181 5527 1819 1743 1599 206 182 157 91 1393 103 72 161 135 107 1290 112 76 575 542 57 363 286 261 162 99 46 66 76 2740 103 139 108 3216 47 67 6513 2838 403
is_linear=0
shrinkage=0.05


Tree=150
num_leaves=63
num_cat=0
split_feature=37 36 33 32 32 36 35 33 39 33 37 36 33 35 36 32 32 33 33 36 37 36 35 35 36 31 33 32 36 35 35 33 31 33 33 33 36 33 33 38 33 27 31 31 35 35 32 13 33 33 33 33 32 35 33 32 35 35 33 25 35 31
split_gain=3440.75 9274.2 8933.6 3339.5 4179.8 2530.4 3744.02 2480.64 2750.21 2379.94 9235.48 3371.79 2964.27 2510.1 2402.8 2271 2339.63 3090.1 3417.58 2249.28 2204.42 4855.62 3326.14 3951.55 1965.85 2566.86 1914.37 2354.5 2262.14 2045.69 2385.3 3402.68 1871.82 3022.04 2627.84 4984.65 4886.13 3480.23 3005 2536.98 2220.71 2274.89 4359.3 6835.93 6121.59 2190.81 2128.68 4316.26 3401.62 2813.84 4506.16 4444.29 4308.99 6616.81 3140.69 3036.74 2480.65 2510.5 2353.84 2554.36 3943.98 2332.84
threshold=4.5000000000000009 313.22500000000008 7.1500000000000012 392.85000000000008 374.65000000000003 250.51000000000002 1225.1500000000003 289.05000000000007 1.0000000180025095e-35 0.95000000000000007 3.5000000000000004 32.300000000000004 4.8500000000000005 511.05000000000007 444.47500000000008 2.3500000000000001 492.65000000000003 324.85000000000008 211.65000000000001 140.98750000000004 2.5000000000000004 289.95500000000004 294.95000000000005 330.45000000000005 226.32916666666668 25.650000000000002 19.750000000000004 491.15000000000003 279.41250000000008 612.95000000000016 629.1500000000002 104.05000000000001 486.35000000000008 71.65000000000002 217.75000000000003 335.05000000000007 362.04166666666669 287.25000000000006 152.60000000000002 1.0000000180025095e-35 57.95000000000001 1.0000000180025095e-35 404.95000000000005 234.65000000000001 916.25000000000011 1155.7500000000002 115.15000000000002 1.0000000180025095e-35 405.05000000000007 385.45000000000005 420.75000000000006 276.25000000000006 222.95000000000002 818.95000000000016 390.05000000000007 460.75000000000006 662.50000000000011 1069.4000000000003 121.55000000000001 1.0000000180025095e-35 867.25000000000011 466.85000000000008
decision_type=2 2 2 2 2 2 2 2 2 2 2 2 2 2 2 2 2 2 2 2 2 2 2 2 2 2 2 2 2 2 2 2 2 2 2 2 2 2 2 2 2 2 2 2 2 2 2 2 2 2 2 2 2 2 2 2 2 2 2 2 2 2
left_child=9 2 -2 4 5 6 24 -7 -9 10 20 -11 -13 19 15 -15 26 18 -18 -14 -1 22 -22 -24 25 -4 28 29 -17 -28 31 -31 39 -34 38 37 -37 -36 -35 46 -41 -42 43 44 -43 -45 47 48 56 51 52 58 53 -51 -54 -56 -32 -58 59 -48 -61 -53
right_child=1 -3 3 -5 -6 7 -8 8 -10 11 -12 12 13 14 -16 16 17 -19 -20 -21 21 -23 23 -25 -26 -27 27 -29 -30 30 32 -33 33 34 35 36 -38 -39 -40 40 41 42 -44 45 -46 -47 49 -49 -50 50 -52 61 54 -55 55 -57 57 -59 -60 60 -62 -63
leaf_value=-0.0043716397009981268 0.63199200758244845 1.0261578559875488 -0.18643097933157382 -0.13099936754041619 0.50822879636988927 0.31642845511436463 0.61130700842026742 -0.66072929230603306 -0.081355341717048932 -0.62068899522225074 0.69445799328386792 -0.16433671766044522 -0.04453528798822743 -0.25063347099538968 0.52405180193129042 0.078786535275888525 -0.24426600296909992 -0.52724741147458554 0.48770613463028617 -0.19094258851574392 0.20360481055977289 0.57520357546481227 -0.31878184191016268 0.032462165687111383 -0.169260439614041 0.10702703027833965 0.061271403354267333 0.41136251877654684 0.58510224632918839 0.20324586868286132 0.47113212921789716 -0.36468922671574716 -0.73419202140399387 -0.14449043439761286 -0.23783043035202556 -0.28353153287958449 0.59147320886452992 -1.0057532286643982 0.59228512553917245 -0.37896692241621116 -0.072268062485823181 0.21701858948016992 -0.38662226964265872 0.34519292468756019 -0.59943613111972815 0.88165926566490771 0.0061176485544460462 -0.15141907102044894 0.35847721061295579 -0.047725812153470132 -0.0056944156838257794 0.094979098954081881 -0.62646708616188596 -1.0320679932832719 -0.15271790651714656 0.38444257676601412 -0.019370662977632423 0.52562422856040625 -0.075577861735267524 0.066969885207988605 0.79822415443403383 0.51136093224797941
leaf_weight=19819 64 25 83 267 51 20 31 33 54 24 48 378 946 98 21 273 52 50 23 363 264 44 86 1162 90 729 836 33 24 35 35 107 21 31 36 39 27 25 25 53 1562 58 39 71 38 26 344 136 157 31 634 865 28 38 148 32 260 23 949 54 28 35
leaf_count=19819 64 25 83 267 51 20 31 33 54 24 48 378 946 98 21 273 52 50 23 363 264 44 86 1162 90 729 836 33 24 35 35 107 21 31 36 39 27 25 25 53 1562 58 39 71 38 26 344 136 157 31 634 865 28 38 148 32 260 23 949 54 28 35
internal_value=-0.00385001 0.0714869 0.054703 0.0274964 0.0662851 0.0446128 0.0710247 -0.185689 -0.301118 -0.00742022 0.00168319 -0.0288254 -0.0272622 -0.0213127 -0.0100229 -0.0115428 -0.00832474 -0.222776 -0.0197945 -0.0851356 0.000127481 0.0574334 0.0423661 0.00825785 0.0524562 0.0770307 -0.00457874 -0.00996015 0.119701 -0.011997 -0.0222228 -0.224705 -0.0173061 -0.166097 -0.100906 -0.226722 0.074425 -0.552553 0.184427 -0.0119282 -0.0599924 -0.0505689 0.0955262 0.192955 -0.106161 0.488988 0.011452 0.0969403 0.16805 -0.00494263 -0.0791981 0.0247922 -0.247434 -0.589827 -0.133852 -0.0572227 0.0740334 0.0249222 -0.0317471 0.0658947 0.316666 0.111172
internal_weight=31981 1447 1422 1358 1091 1040 933 107 87 30534 21423 9111 9087 8709 7400 7379 7281 125 75 1309 21375 1556 1512 1248 902 812 7156 6859 297 6826 5990 142 5848 204 183 127 66 61 56 5644 1847 1794 232 193 96 97 3797 611 475 3186 911 2275 277 69 208 180 318 283 1375 426 82 900
internal_count=31981 1447 1422 1358 1091 1040 933 107 87 30534 21423 9111 9087 8709 7400 7379 7281 125 75 1309 21375 1556 1512 1248 902 812 7156 6859 297 6826 5990 142 5848 204 183 127 66 61 56 5644 1847 1794 232 193 96 97 3797 611 475 3186 911 2275 277 69 208 180 318 283 1375 426 82 900
is_linear=0
shrinkage=0.05


Tree=151
num_leaves=63
num_cat=0
split_feature=37 36 33 32 28 34 34 32 36 9 2 34 32 31 33 32 11 36 32 36 34 33 36 32 31 36 33 37 36 33 36 32 19 31 31 22 33 37 32 32 11 36 33 36 37 31 36 36 32 31 32 32 40 32 36 31 31 32 36 33 33 32
split_gain=3105.28 8369.96 8062.57 3101.25 4632.64 2426.65 2298.44 3010.86 3896.55 3312.59 3597.57 3310.07 2825.6 4940 2770.05 4339.89 2873.88 5860.12 5318.94 4491.73 2964.72 2627.18 2591.99 2550.57 2414.41 2382.72 2147.89 8335.02 3043.04 2675.25 2260.21 2095.61 2513.73 2711.97 2781.09 2451.5 2266.74 2627.37 3466.7 2144.42 2034.76 2786.68 2015.61 2002.27 1989.49 4526.03 3124.55 3424.85 2719.18 1921.25 3061.44 1920.14 1909.19 1903.6 1772.32 2079.52 1766.34 1678.72 4266.58 1939.11 5400.28 2030.62
threshold=4.5000000000000009 313.22500000000008 7.1500000000000012 438.55000000000007 1.0000000180025095e-35 285.75000000000006 211.65000000000001 24.350000000000005 179.28000000000003 1.0000000180025095e-35 1.0000000180025095e-35 411.7000000000001 94.050000000000011 175.35000000000005 81.050000000000011 195.95000000000002 1.0000000180025095e-35 255.47083333333339 263.75000000000006 232.25833333333335 415.05000000000007 324.85000000000008 250.51000000000002 331.75000000000006 98.15000000000002 160.0291666666667 0.95000000000000007 3.5000000000000004 32.300000000000004 4.8500000000000005 444.47500000000008 51.750000000000007 1.0000000180025095e-35 363.85000000000008 478.75000000000006 1.0000000180025095e-35 150.15000000000001 3.5000000000000004 324.25000000000006 227.45000000000002 1.0000000180025095e-35 266.78333333333336 237.25000000000003 116.48333333333333 2.5000000000000004 476.65000000000003 98.27500000000002 109.81250000000001 328.05000000000007 495.85000000000008 276.55000000000007 154.35000000000005 1.5000000000000002 135.75000000000003 190.97750000000005 372.45000000000005 456.45000000000005 56.050000000000004 204.51666666666668 492.55000000000007 494.35000000000008 288.55000000000007
decision_type=2 2 2 2 2 2 2 2 2 2 2 2 2 2 2 2 2 2 2 2 2 2 2 2 2 2 2 2 2 2 2 2 2 2 2 2 2 2 2 2 2 2 2 2 2 2 2 2 2 2 2 2 2 2 2 2 2 2 2 2 2 2
left_child=26 2 5 6 40 -2 12 8 -8 10 14 -11 25 43 15 -9 17 19 -19 20 21 -16 -18 -21 -12 -4 27 44 -28 54 31 35 49 36 -35 -31 -34 -38 39 51 41 -5 -22 -14 -1 46 -46 -48 -47 57 -51 -39 -49 -23 55 -30 -56 58 -33 -59 -61 -62
right_child=1 -3 3 4 -6 -7 7 9 -10 11 24 -13 13 -15 16 -17 22 18 -20 23 42 53 -24 -25 -26 -27 28 -29 29 30 -32 32 33 34 -36 -37 37 38 -40 -41 -42 -43 -44 -45 45 48 47 52 -50 50 -52 -53 -54 -55 56 -57 -58 59 -60 60 61 -63
leaf_value=-0.0041530577496343736 0.39281853152946994 0.97484998106956489 0.050732143636088113 -0.57139462371395067 0.45720883245053501 1.0570549201965331 0.62690386220812799 0.23898480205700318 -0.0901230170701941 -0.13861402556047603 -0.74800538285212081 -0.83507367471853888 0.2550961804389954 0.30801752632300206 -0.19525025605603502 -0.56023746845198841 0.19977546334266663 0.07544372556386171 -0.91702228478259507 0.29519392711775644 0.70935234203934672 -0.06582224443554878 0.89407162129879003 1.0030111811088864 -0.13958558754197189 -0.4714288526004361 -0.5896545444925626 0.65973509313383449 -0.020573852172023371 -0.06988580783660836 0.49784919988541376 -0.058224640343640305 -0.31169040084562522 -0.50979226834497726 0.15378844738006592 -0.46810771387070416 -0.17157796531915667 -0.10555561860757215 0.6210599709076412 -0.42291377144200465 0.13051626284917195 0.02313103046682146 0.029712584018707279 -0.15850424902650331 0.19342457035020222 0.24356770573592768 -0.30431768250252522 0.14130051229081372 0.9546949324011802 -0.0093672391140099728 -0.793336262702942 0.50391564468542738 -0.0097948524953558238 0.62403211375698453 -0.37918171735050588 -0.52148221731185918 0.056723152563489726 -0.0022296333630134127 0.83408025212231152 -0.86041616578400137 0.2130754834129697 -0.35607538461685184
leaf_weight=19819 44 25 74 73 23 20 40 29 36 59 22 24 40 284 108 41 41 27 27 35 24 20 20 20 63 31 24 48 209 1143 21 37 66 75 20 40 90 28 33 21 21 27 20 109 264 41 84 275 20 33 20 24 872 20 117 23 29 6945 21 25 42 25
leaf_count=19819 44 25 74 73 23 20 40 29 36 59 22 24 40 284 108 41 41 27 27 35 24 20 20 20 63 31 24 48 209 1143 21 37 66 75 20 40 90 28 33 21 21 27 20 109 264 41 84 275 20 33 20 24 872 20 117 23 29 6945 21 25 42 25
internal_value=-0.00365751 0.0679126 0.0519678 0.0261216 -0.193268 0.600392 0.0521448 -0.00923071 0.28726 -0.0467861 0.00028686 -0.34 0.129263 0.18569 0.0587924 -0.229131 0.114468 0.0510474 -0.420789 0.154202 0.0400827 -0.0670462 0.427414 0.552582 -0.297059 -0.10343 -0.00704921 0.00159903 -0.0273841 -0.0258991 -0.020247 -0.0214993 -0.0117498 -0.141233 -0.370091 -0.0833506 -0.0582495 0.0270928 0.195776 0.00352368 -0.316913 -0.410873 0.400425 -0.0474706 0.000121107 0.0545618 0.0373364 0.00386177 0.476724 -0.00528293 -0.305205 0.175739 0.0264312 0.279105 -0.15612 -0.0702329 -0.292598 -0.0030425 0.264851 -0.00525052 -0.233295 0.000705757
internal_weight=31981 1447 1422 1358 144 64 1214 676 76 600 517 83 538 433 432 70 362 301 54 247 192 148 61 55 85 105 30534 21423 9111 9087 8709 8688 7505 357 95 1183 262 196 106 73 121 100 44 149 21375 1556 1495 1231 61 7148 53 52 1147 40 378 232 146 7095 58 7037 92 67
internal_count=31981 1447 1422 1358 144 64 1214 676 76 600 517 83 538 433 432 70 362 301 54 247 192 148 61 55 85 105 30534 21423 9111 9087 8709 8688 7505 357 95 1183 262 196 106 73 121 100 44 149 21375 1556 1495 1231 61 7148 53 52 1147 40 378 232 146 7095 58 7037 92 67
is_linear=0
shrinkage=0.05


Tree=152
num_leaves=63
num_cat=0
split_feature=40 32 33 35 32 15 35 18 33 35 35 32 35 40 35 33 40 40 35 33 23 40 33 33 35 1 40 32 32 35 35 35 40 35 19 29 4 33 33 36 33 33 36 35 32 33 35 36 32 35 32 36 33 35 32 36 32 36 18 32 32 35
split_gain=1933.4 2718 2226.39 2294.27 2166.31 2520.45 4930.19 2308.05 3475.74 4737.21 2339.19 2018.37 4627.13 1990.81 3286.03 3972.99 2809.7 3684.6 3635.63 4354.97 2981.98 2464.23 3630.7 3038 2137.25 2027.53 1922.92 1868.44 1786.63 2338.06 2924.43 2151.96 1759 1746.38 2915.73 4763.77 3032.96 3128.1 4431.52 3373.29 2189.58 2725.49 2120.78 2110.59 4177.27 2572.77 4546.13 4262.42 3073.31 2918.89 2719.09 2576.51 2341.14 1935.05 3936.16 2873.55 1953.29 1881.97 1730.7 3114.46 2058.01 3810.25
threshold=1.0000000180025095e-35 464.85000000000008 339.05000000000007 1279.4000000000003 406.45000000000005 1.0000000180025095e-35 1397.9500000000003 1.0000000180025095e-35 155.05000000000004 933.35000000000025 800.35000000000025 398.85000000000008 933.35000000000025 4.5000000000000009 1455.95 397.55000000000007 3.5000000000000004 2.5000000000000004 958.55000000000007 83.050000000000011 1.0000000180025095e-35 5.5000000000000009 483.85000000000008 472.55000000000007 1313.1500000000003 1.0000000180025095e-35 1.5000000000000002 304.35000000000008 480.05000000000007 1044.7500000000002 916.25000000000011 853.25000000000011 1.5000000000000002 1122.0000000000002 1.0000000180025095e-35 1.0000000180025095e-35 1.0000000180025095e-35 373.85000000000008 399.55000000000007 300.81666666666672 425.05000000000007 439.35000000000008 285.45833333333337 1055.7500000000002 331.75000000000006 295.15000000000003 753.45000000000016 258.24166666666673 158.25000000000003 924.45000000000016 257.15000000000003 233.41666666666669 361.75000000000006 825.05000000000007 91.950000000000017 318.92500000000001 127.55000000000001 174.31250000000006 1.0000000180025095e-35 380.65000000000003 492.65000000000003 880.85000000000002
decision_type=2 2 2 2 2 2 2 2 2 2 2 2 2 2 2 2 2 2 2 2 2 2 2 2 2 2 2 2 2 2 2 2 2 2 2 2 2 2 2 2 2 2 2 2 2 2 2 2 2 2 2 2 2 2 2 2 2 2 2 2 2 2
left_child=1 4 28 -4 11 6 7 8 9 10 -6 33 -13 14 16 -16 17 18 32 -20 24 22 23 -15 26 58 -21 -28 29 30 -3 -30 -2 40 35 36 37 39 -39 42 43 -42 -35 45 -45 -1 51 48 -48 -50 -49 52 57 54 -43 56 -55 -47 60 -60 -23 -62
right_child=13 2 3 -5 5 -7 -8 -9 -10 -11 -12 12 -14 21 15 -17 -18 -19 19 20 -22 25 -24 -25 -26 -27 27 -29 31 -31 -32 -33 -34 34 -36 -37 -38 38 -40 -41 41 53 -44 44 -46 46 47 50 49 -51 -52 -53 -54 55 -56 -57 -58 -59 59 -61 61 -63
leaf_value=0.018635980941950882 0.0079634526277422065 -0.29516103648477132 -0.10439722046256067 -0.86173891127109536 0.056834956660126973 0.59694461865084514 -0.60425950353560243 -0.22947872755014234 0.41378325690393869 -0.57394710326194764 0.46414353473389403 0.10435879697670808 -0.75650242197292827 0.023393417497223939 -0.12252986419200898 0.71871287450194365 -0.067896222595145411 0.032214811381518743 0.41921625240989357 -0.15265476387224081 0.098290263351641205 -0.018041682205376771 0.39023386965047069 -0.34974716950546614 -0.82840693841377888 -0.29539918815717103 -0.74377678510470269 -0.24425181647141778 -0.11938380296268161 -0.69734671655155367 0.4002069427853539 0.33942899419817818 -0.07469547262735432 0.42737010934136133 -0.28486190382391213 -0.30955891968572846 0.88694201382723736 -0.6037036466598511 0.26541787038472564 0.040062525451183321 -0.55748884474689309 -0.28622471988201142 1.1298453580765497 -0.55717366302297233 0.26973622341950737 -0.056979850607533612 0.24572824334295898 -0.16647524414759762 0.46102802678942684 1.1820878623723983 0.43573989374884248 -0.5372415068248908 -0.29919546829028565 0.0040874212174802213 0.55701202019568419 0.35771764289765134 -0.45228896721964706 0.48964668158441782 0.006005921997642368 0.22654536029493269 0.11104007404426049 -0.6745334128538768
leaf_weight=4528 1329 54 20 20 141 28 23 36 115 25 47 37 27 6646 25 32 3265 2711 23 81 38 9134 67 55 24 64 39 36 63 21 21 43 1248 22 32 34 22 20 55 25 33 25 21 42 24 31 52 53 32 25 29 24 33 37 31 21 64 32 836 198 29 33
leaf_count=4528 1329 54 20 20 141 28 23 36 115 25 47 37 27 6646 25 32 3265 2711 23 81 38 9134 67 55 24 64 39 36 63 21 21 43 1248 22 32 34 22 20 55 25 33 25 21 42 24 31 52 53 32 25 29 24 33 37 31 21 64 32 836 198 29 33
internal_value=-0.00347464 0.0219305 -0.142261 -0.483068 0.0287506 0.138844 0.105699 0.150559 0.192271 0.0726751 0.158662 0.020307 -0.258817 -0.00942371 -0.0286655 0.349747 -0.0311182 -0.00939995 -0.0494346 -0.235146 -0.304184 0.00055805 0.0239926 0.0203308 -0.389151 -0.0148495 -0.321573 -0.504005 -0.0747741 -0.231027 -0.100458 0.0667384 -0.0320669 0.0236479 0.158123 0.229357 0.340407 0.256324 0.0336521 0.501919 0.017576 -0.140135 0.770439 0.0243603 -0.256479 0.0281907 0.167303 0.318828 0.523697 0.777282 0.0465033 -0.0738744 0.0419674 -0.0627609 0.180567 -0.174452 -0.285102 0.220672 -0.0130944 0.0482369 -0.0199904 -0.307088
internal_weight=31981 6068 242 40 5826 415 387 364 328 213 188 5411 64 25913 8851 57 8794 5529 2818 241 218 17062 6768 6701 180 10294 156 75 202 96 75 106 2577 5347 231 199 165 143 75 68 5116 211 43 4905 66 4839 311 191 109 57 82 120 96 178 56 122 101 63 10230 1034 9196 62
internal_count=31981 6068 242 40 5826 415 387 364 328 213 188 5411 64 25913 8851 57 8794 5529 2818 241 218 17062 6768 6701 180 10294 156 75 202 96 75 106 2577 5347 231 199 165 143 75 68 5116 211 43 4905 66 4839 311 191 109 57 82 120 96 178 56 122 101 63 10230 1034 9196 62
is_linear=0
shrinkage=0.05


Tree=153
num_leaves=63
num_cat=0
split_feature=37 36 32 28 12 32 34 31 36 31 31 34 38 32 32 34 5 32 4 25 36 36 35 31 32 35 32 31 40 34 40 34 40 35 34 34 40 35 34 31 32 23 36 40 35 34 34 4 32 40 36 34 6 32 36 31 32 35 34 10 36 34
split_gain=2851.82 7487.05 2797.33 3791.78 2452.49 2648.11 3216.87 2190.51 2155.17 3198.79 3140.89 3934.91 1711.58 2591.33 3063.61 4043.78 2989.21 3066.04 3938.99 3074.19 2760.07 3097.57 4178.71 2744.96 2734.97 2726.98 3224.03 2122.07 1983.29 1920.92 1770.47 1727.5 1684.12 2604.82 2509.65 2920.56 2038.53 2139.78 2233.7 1682.05 1626.81 5632.56 4293.77 3640.54 4177.24 2472.3 3361.44 3237.98 3053.17 2781.23 3815.43 2724.44 4037.21 3754.69 3435.74 3303.38 2313.27 3626.79 2248.54 2206.64 2940.14 2013.07
threshold=4.5000000000000009 313.22500000000008 438.55000000000007 1.0000000180025095e-35 1.0000000180025095e-35 156.25000000000003 141.60000000000002 68.950000000000017 289.95500000000004 478.75000000000006 452.25000000000006 192.25000000000003 1.0000000180025095e-35 438.55000000000007 408.75000000000006 342.25000000000006 1.0000000180025095e-35 448.55000000000007 1.0000000180025095e-35 1.0000000180025095e-35 449.45000000000005 340.75000000000006 1187.8500000000001 361.85000000000008 468.75000000000006 987.70000000000016 420.85000000000008 209.75000000000003 1.0000000180025095e-35 481.95000000000005 1.0000000180025095e-35 467.85000000000008 2.5000000000000004 967.45000000000016 481.95000000000005 474.55000000000007 1.5000000000000002 1083.5500000000002 310.45000000000005 302.05000000000007 454.55000000000007 1.0000000180025095e-35 444.47500000000008 5.5000000000000009 909.35000000000014 197.55000000000004 2.5500000000000003 1.0000000180025095e-35 398.85000000000008 4.5000000000000009 243.37500000000003 219.65000000000001 1.0000000180025095e-35 382.75000000000006 276.51666666666671 355.65000000000003 280.45000000000005 880.85000000000002 378.85000000000008 1.0000000180025095e-35 321.08333333333343 378.85000000000008
decision_type=2 2 2 2 2 2 2 2 2 2 2 2 2 2 2 2 2 2 2 2 2 2 2 2 2 2 2 2 2 2 2 2 2 2 2 2 2 2 2 2 2 2 2 2 2 2 2 2 2 2 2 2 2 2 2 2 2 2 2 2 2 2
left_child=12 2 4 -4 8 7 -7 -6 9 10 -2 -12 30 14 29 25 17 23 19 20 21 22 -19 27 -18 26 -16 -15 -23 31 -1 -14 33 -32 35 40 39 -38 -39 -35 45 42 -42 -43 -45 46 -34 51 49 -49 -51 -47 53 54 55 -53 57 -54 -59 60 -56 -52
right_child=1 -3 3 -5 5 6 -8 -9 -10 -11 11 -13 13 16 15 -17 24 18 -20 -21 -22 28 -24 -25 -26 -27 -28 -29 -30 -31 32 -33 34 36 -36 -37 37 38 -40 -41 41 43 -44 44 -46 47 -48 48 -50 50 61 52 56 -55 59 -57 -58 58 -60 -61 -62 -63
leaf_value=0.028994571044289832 0.11950079895893242 0.92305612230300904 -0.25946199586614965 0.43782468509414924 -0.32196612017495291 0.045400373668086774 -0.50271862454838678 0.26769514036557029 -0.32152646656694084 0.61576982467405261 0.14885991017023723 -0.76634197831153872 -0.032747135749846411 -0.61778913075509279 0.41683517548773025 -0.45094444851080584 -0.18076159238815309 -0.15250368685949417 0.41700162450472517 -0.69278572017921969 0.43186766147613531 -0.16410554101069769 0.55907813459634781 -0.95723750374533911 0.61870758054049124 0.47260459549725059 -0.12412228122563429 0.061415715386038239 -0.63458292082262535 -0.41324233840586566 -0.03258335214926928 0.41169133674014696 -0.0053281262006858359 -0.37652844738960267 0.37930637293083724 -0.57886187650940635 -0.74266212140360199 0.049862154453031479 -0.62789056867361071 0.1349911086426841 0.08300942355459652 -0.50218556881951748 0.60803166875025128 0.44749430954456337 -0.40975988529346608 0.38925516697320534 -0.13432246139487969 -0.010202693950850517 -0.23404026181315599 0.18255631410798362 1.0847991774479548 -0.142237057043724 -0.066992616756209017 0.34137077055326326 -1.0101719745883235 0.47264037036895756 -0.13702092751346787 0.3749778104550911 1.0468489531800151 -0.088401087760925298 -0.21032662987709047 0.44651480799629573
leaf_weight=3967 972 25 128 23 21 49 59 63 29 31 24 23 3543 23 45 24 20 147 30 27 20 42 24 22 23 75 71 23 48 33 2456 22 17553 25 43 22 31 31 20 45 776 67 41 30 27 47 520 32 23 43 30 173 29 41 27 25 29 33 20 25 20 21
leaf_count=3967 972 25 128 23 21 49 59 63 29 31 24 23 3543 23 45 24 20 147 30 27 20 42 24 22 23 75 71 23 48 33 2456 22 17553 25 43 22 31 31 20 45 776 67 41 30 27 47 520 32 23 43 30 173 29 41 27 25 29 33 20 25 20 21
internal_value=-0.00330091 0.0652862 0.0502058 -0.153253 0.0743776 -0.0902723 -0.254035 0.12028 0.103676 0.115419 0.100198 -0.299005 -0.00655123 -0.0359424 -0.0225637 0.160779 -0.149557 -0.191542 -0.129912 -0.183183 -0.134218 -0.177596 -0.0526326 -0.49788 0.246861 0.237645 0.0857319 -0.278187 -0.415027 -0.0335194 -0.00178323 -0.0300045 -0.00725713 -0.0450145 -0.00225783 -0.00309263 -0.245876 -0.415056 -0.215923 -0.0476944 -0.00244741 0.0616998 0.109357 -0.252299 0.0414265 -0.00567691 -0.00903958 0.092662 0.295713 0.392414 0.529476 0.0281532 -0.0120643 -0.104457 -0.172156 -0.064601 0.2468 0.382542 0.628514 -0.467933 -0.669812 0.821976
internal_weight=31981 1447 1422 151 1271 192 108 84 1079 1050 1019 47 30534 4262 3813 215 449 406 338 308 281 261 171 68 43 191 116 46 90 3598 26272 3565 22305 2608 19697 19654 152 82 51 70 19632 941 817 124 57 18691 18073 618 149 126 94 469 422 311 270 198 111 82 53 72 47 51
internal_count=31981 1447 1422 151 1271 192 108 84 1079 1050 1019 47 30534 4262 3813 215 449 406 338 308 281 261 171 68 43 191 116 46 90 3598 26272 3565 22305 2608 19697 19654 152 82 51 70 19632 941 817 124 57 18691 18073 618 149 126 94 469 422 311 270 198 111 82 53 72 47 51
is_linear=0
shrinkage=0.05


Tree=154
num_leaves=63
num_cat=0
split_feature=37 33 36 32 32 12 36 31 32 35 34 34 34 36 9 31 32 31 32 31 33 37 35 33 36 35 36 32 31 32 19 31 31 36 32 32 36 37 36 35 35 40 36 40 36 35 34 36 33 31 8 34 34 31 32 31 35 36 35 36 36 36
split_gain=2573.76 6855.13 7156.71 2526.82 3602.11 2432.52 2907.84 2611.53 3266.93 2537.69 2345.33 2752.68 2173.32 2117.43 3146.37 2165.17 2750.73 2426.44 2912.87 2111.27 1877.49 7529.78 2952.36 2284.73 1935.79 1810.05 2242.21 1975.81 2007.54 5028.99 2280.15 4537.99 2911.91 2460.09 5510.77 4071.36 2834.37 1779.31 4120.31 2738.6 3213.55 2103.58 2044.98 1865.18 1756.33 2383.74 2183.34 2075.2 1746.35 2858.65 2918.35 4388.19 6440.69 4834.9 1722.83 1713.47 1701.85 1629.7 4761.24 2646.81 3129.7 7047.09
threshold=4.5000000000000009 7.1500000000000012 313.22500000000008 392.85000000000008 374.65000000000003 1.0000000180025095e-35 250.51000000000002 25.650000000000002 206.95000000000002 1225.1500000000003 461.10000000000008 413.35000000000008 285.75000000000006 220.91250000000005 1.0000000180025095e-35 380.65000000000003 121.45000000000002 300.15000000000003 240.45000000000002 412.55000000000007 0.95000000000000007 3.5000000000000004 161.25000000000003 4.8500000000000005 444.47500000000008 511.05000000000007 140.98750000000004 2.3500000000000001 474.75000000000006 470.75000000000006 1.0000000180025095e-35 402.75000000000006 464.85000000000008 373.58333333333343 414.85000000000008 315.85000000000008 279.41250000000008 2.5000000000000004 289.95500000000004 294.95000000000005 330.45000000000005 1.5000000000000002 268.21666666666675 5.5000000000000009 180.51666666666668 894.95000000000016 99.200000000000003 243.37500000000003 194.55000000000004 73.050000000000011 1.0000000180025095e-35 327.35000000000008 219.65000000000001 259.35000000000008 177.55000000000004 296.45000000000005 1203.6500000000003 362.04166666666669 1170.4500000000003 345.05000000000013 331.81666666666672 317.01666666666671
decision_type=2 2 2 2 2 2 2 2 2 2 2 2 2 2 2 2 2 2 2 2 2 2 2 2 2 2 2 2 2 2 2 2 2 2 2 2 2 2 2 2 2 2 2 2 2 2 2 2 2 2 2 2 2 2 2 2 2 2 2 2 2 2
left_child=20 12 3 4 5 6 9 -7 -9 13 11 19 -2 15 -15 17 -17 -3 -19 -8 21 37 -22 44 25 26 -25 -27 30 57 32 56 -29 34 35 36 -34 -1 39 -39 -41 -42 -43 -44 -24 46 -46 -47 -5 -50 51 52 53 -51 -18 -6 -32 59 -59 60 61 -30
right_child=1 2 -4 48 55 7 10 8 -10 -11 -12 -13 -14 14 -16 16 54 18 -20 -21 22 -23 23 24 -26 27 -28 28 29 -31 31 -33 33 -35 -36 -37 -38 38 -40 40 41 42 43 -45 45 47 -48 -49 49 50 -52 -53 -54 -55 -56 -57 -58 58 -60 -61 -62 -63
leaf_value=-0.0035849317280172814 0.37148143567822201 0.11261058807931011 0.87690331983566294 -0.26396981018834409 0.23440071536648657 -0.49956734609814024 0.14483247272896047 0.17800281928622561 -0.36743482784791426 0.5531371303399405 0.24463881039619448 -0.7211020955333004 1.0000906479358673 0.0070615496206027214 -0.68422392010688782 -0.41516676336526875 0.48524424235026048 0.22767799308057876 0.88372651029216209 -0.50620775699615483 -0.35105677992105488 0.62739949524402627 -0.046293138886063262 -0.031900410918042507 0.46190004802885509 -0.23224495306459009 -0.17885401126397543 0.0012414372564063603 -0.055918407270854169 -0.8159855882326762 -0.095615575014357551 -0.60152929133989597 0.37204270496450625 0.73465681970119479 -0.62713333666324622 0.92058683991432189 -0.15676372941997319 0.18436891437100492 0.52889919565482579 -0.28781061204540176 0.14947381676984547 0.010553147959649241 -0.66185324029489001 -0.059882173326707658 -0.28443911550671203 0.41222278371453291 -0.83092763129135838 -0.23323186961087317 -0.4621320069767535 -0.3401261425177966 -0.42679150416092437 -0.34140626299712395 1.1713890537619591 0.58100819053321051 -0.076482580812313627 0.82800503253936775 0.32215171456336977 0.72009574770927431 -0.12393144832416014 -0.65057618360627778 0.47785008309975918 -1.0324870669841768
leaf_weight=19819 44 449 25 113 31 39 33 73 44 30 25 27 20 93 20 40 21 64 23 20 69 48 203 911 21 98 363 6386 242 24 251 44 58 20 20 20 45 264 44 86 276 833 22 31 89 20 23 33 28 28 22 27 20 29 39 20 27 24 55 22 23 20
leaf_count=19819 44 449 25 113 31 39 33 73 44 30 25 27 20 93 20 40 21 64 23 20 69 48 203 911 21 98 363 6386 242 24 251 44 58 20 20 20 45 264 44 86 276 833 22 31 89 20 23 33 28 28 22 27 20 29 39 20 27 24 55 22 23 20
internal_value=-0.00313586 0.0620219 0.0386107 0.0231783 0.0569187 0.0367997 0.0689228 -0.145231 -0.027119 0.102216 -0.178081 -0.310181 0.567922 0.0841551 -0.11529 0.119591 -0.0939936 0.159439 0.401116 -0.100843 -0.00622367 0.00186188 -0.0252355 -0.0227491 -0.0175722 -0.0187359 -0.0737718 -0.00923381 -0.00623215 -0.113711 0.000181259 -0.129716 0.00656805 0.215253 0.14261 0.267771 0.141011 0.000457165 0.0519419 0.0380622 0.00711275 0.0289401 -0.00860761 -0.309757 -0.144772 -0.265931 -0.396664 0.0103359 -0.11469 -0.00515319 0.0963977 0.207072 0.399396 0.128521 0.120122 0.467187 -0.0550411 -0.0700468 0.132482 -0.122163 -0.0813735 -0.130466
internal_weight=31981 1447 1383 1358 1091 1040 884 156 117 779 105 80 64 749 113 636 100 536 87 53 30534 21423 9111 9042 8674 8653 1274 7379 7281 410 6871 322 6549 163 143 123 103 21375 1556 1512 1248 1162 886 53 368 165 112 53 267 154 126 104 77 57 60 51 278 386 79 307 285 262
internal_count=31981 1447 1383 1358 1091 1040 884 156 117 779 105 80 64 749 113 636 100 536 87 53 30534 21423 9111 9042 8674 8653 1274 7379 7281 410 6871 322 6549 163 143 123 103 21375 1556 1512 1248 1162 886 53 368 165 112 53 267 154 126 104 77 57 60 51 278 386 79 307 285 262
is_linear=0
shrinkage=0.05


Tree=155
num_leaves=63
num_cat=0
split_feature=40 40 40 1 40 40 34 32 34 31 33 34 32 18 11 33 11 32 34 34 31 34 33 31 36 33 31 32 31 31 34 34 36 32 33 32 19 37 11 32 33 24 31 34 32 32 32 31 37 33 7 31 33 8 33 36 31 32 31 36 36 34
split_gain=2041.71 1998.74 3797.26 2895.47 2746 3959.01 2805.35 3215.18 2569.12 2432.73 3814.3 2923.97 2414.41 2282.46 2337.91 2252.14 1905.64 3562.65 3708.7 2602.35 2382.78 1968.51 1718.29 3574.94 1637.49 3160.44 1730.85 1589.39 3950.59 1824.69 6642.34 4215.16 3745.83 3148.26 2451.71 2070.46 1948.07 1979.02 2509.51 2278.2 3538.63 2234.42 1947.81 1893.82 1794.74 1676.07 3160.49 2798.89 2570.21 1622.74 4032.49 5212.25 2538.9 2702.57 2873.04 3005.48 3450.69 6125.27 4475.12 4019.75 4004.71 2352.99
threshold=1.0000000180025095e-35 4.5000000000000009 5.5000000000000009 1.0000000180025095e-35 3.5000000000000004 2.5000000000000004 146.95000000000002 458.65000000000003 488.60000000000008 94.050000000000011 297.15000000000003 275.80000000000001 141.75000000000003 1.0000000180025095e-35 1.0000000180025095e-35 485.45000000000005 1.0000000180025095e-35 181.65000000000001 361.05000000000007 279.45000000000005 428.45000000000005 102.65000000000002 472.55000000000007 230.15000000000001 298.01666666666671 335.05000000000007 279.95000000000005 491.15000000000003 234.65000000000001 448.25000000000006 410.45000000000005 192.25000000000003 385.0750000000001 382.75000000000006 289.05000000000007 310.15000000000003 1.0000000180025095e-35 4.5000000000000009 1.0000000180025095e-35 335.75000000000006 387.50000000000006 1.0000000180025095e-35 54.150000000000013 290.2000000000001 464.85000000000008 198.15000000000001 109.25000000000001 468.85000000000008 2.5000000000000004 291.45000000000005 1.0000000180025095e-35 343.95000000000005 297.15000000000003 1.0000000180025095e-35 477.95000000000005 210.21250000000001 318.15000000000003 187.75000000000003 165.05000000000004 299.32916666666671 285.45833333333337 193.95000000000002
decision_type=2 2 2 2 2 2 2 2 2 2 2 2 2 2 2 2 2 2 2 2 2 2 2 2 2 2 2 2 2 2 2 2 2 2 2 2 2 2 2 2 2 2 2 2 2 2 2 2 2 2 2 2 2 2 2 2 2 2 2 2 2 2
left_child=27 4 8 -4 5 6 -2 9 15 -8 12 -12 -11 -6 -15 16 22 19 20 21 24 -18 -3 -24 25 -19 -26 29 -29 32 31 33 36 35 -34 45 37 49 39 40 41 -39 -38 -41 -35 46 -31 -48 -47 -1 52 61 -51 54 55 -54 58 -58 60 -59 -57 -52
right_child=1 2 3 -5 13 -7 7 -9 -10 10 11 -13 -14 14 -16 -17 17 18 -20 -21 -22 -23 23 -25 26 -27 -28 28 -30 30 -32 -33 34 44 -36 -37 42 38 -40 43 -42 -43 -44 -45 -46 48 47 -49 -50 50 51 -53 53 -55 -56 56 57 59 -60 -61 -62 -63
leaf_value=0.014747334812132196 -0.033886946700047882 0.019462022503076416 -0.016357514346933551 -0.32612202644691268 -0.05153152089069412 0.035307896030702966 0.061504998040753746 0.36076196614991535 0.56900185834277761 0.10250499122168706 -1.1571430528163911 -0.43756882486244042 -0.38837612954053014 -0.15434599462144993 -0.66819401631752662 0.35245474498226959 -0.004338359706287767 0.10190399426391861 0.79081438316239261 -0.437931152433157 0.54407078678670684 0.46160497236251835 -0.70499028205871594 0.087677679007703624 0.25363011331785296 0.68087667125676365 -0.31198989860713483 0.17231643686691922 -0.63912123252948128 0.1277023270383337 0.94105963149796379 -0.4273556549197588 -0.091210820253984581 0.56927756835829546 -0.49310322189053829 -0.24531311386702012 -0.58442999839782717 0.47396338575488922 0.65954406683643663 -0.34002137660980225 -0.20850874649153817 -0.059728557109832763 -0.068957431736874256 0.23753489987416701 0.040374669303064763 -0.014083213497091225 0.17103178948163988 -0.5088322234953323 0.64832200706005105 0.60447299733757975 -0.010013099277222699 1.1038937446794339 0.17846003165168148 0.27436851270972412 0.31077594986479534 0.17085653750792795 -0.36950792729161508 0.95024072690443573 -0.51924390396539211 0.10097835973689431 -0.52938018091793715 0.63326769215720047
leaf_weight=3921 2621 6039 10219 76 2997 2757 43 22 22 46 20 48 55 285 24 53 243 149 27 32 38 25 25 33 21 28 38 30 30 292 23 39 323 53 43 49 20 91 24 40 36 25 219 22 23 27 24 41 32 20 44 21 93 94 57 69 43 22 94 38 29 21
leaf_count=3921 2621 6039 10219 76 2997 2757 43 22 22 46 20 48 55 285 24 53 243 149 27 32 38 25 25 33 21 28 38 30 30 292 23 39 323 53 43 49 20 91 24 40 36 25 219 22 23 27 24 41 32 20 44 21 93 94 57 69 43 22 94 38 29 21
internal_value=-0.00343933 -0.00953884 0.000484698 -0.0186443 -0.0287227 -0.00742765 -0.0486963 -0.214573 0.0295608 -0.274278 -0.359714 -0.649208 -0.164807 -0.0648715 -0.194257 0.0278029 0.025234 0.110179 0.231713 -0.0117596 0.176619 0.0391265 0.0168607 -0.25399 0.117453 0.193493 -0.110668 0.0226644 -0.233402 0.02522 0.10772 0.074674 0.0160228 0.110865 -0.138428 0.062102 0.0272322 0.0341636 0.174727 0.120355 0.224547 0.358944 -0.112093 -0.135082 0.409215 0.098312 0.0575118 -0.257806 0.345187 0.0268368 0.10033 0.419068 0.0512932 0.030767 -0.0206904 -0.0693851 -0.147519 0.0859576 -0.27277 0.412375 -0.0363564 0.197816
internal_weight=32058 25986 17068 10295 8918 5612 2855 234 6773 212 169 68 101 3306 309 6751 6698 601 301 300 274 268 6097 58 236 177 59 6072 60 6012 603 580 5409 541 366 465 5043 4804 238 214 152 116 239 62 76 416 357 65 59 4566 645 86 559 539 445 388 295 103 192 60 98 65
internal_count=32058 25986 17068 10295 8918 5612 2855 234 6773 212 169 68 101 3306 309 6751 6698 601 301 300 274 268 6097 58 236 177 59 6072 60 6012 603 580 5409 541 366 465 5043 4804 238 214 152 116 239 62 76 416 357 65 59 4566 645 86 559 539 445 388 295 103 192 60 98 65
is_linear=0
shrinkage=0.05


end of trees

feature_importances:
cooking_method_enc=2619
raw_weight_total=1740
raw_weight_mean=1251
raw_weight_1=775
raw_weight_3=724
raw_weight_2=700
raw_weight_4=494
n_ingredients=411
ing_pepper=125
has_fruit=77
has_meat=71
ing_beef=55
ing_fish=40
ing_egg=35
ing_potato=35
ing_carrot=33
ing_orange=33
ing_pork=33
ing_cauliflower=29
ing_cucumber=29
ing_cabbage=28
ing_apple=27
ing_shrimp=26
ing_eggplant=25
ing_onion=25
ing_chicken=24
ing_kumquat=22
ing_tofu=22
ing_grape=21
ing_tomato=21
ing_strawberry=20
ing_banana=17
ing_kiwi=16
ing_garlic=14
ing_lemon=14
ing_watermelon=14
ing_pineapple=12
ing_peach=9
ing_ginger=6

parameters:
[boosting: gbdt]
[objective: regression]
[metric: rmse]
[tree_learner: serial]
[device_type: cpu]
[data_sample_strategy: bagging]
[data: ]
[valid: ]
[num_iterations: 1000]
[learning_rate: 0.05]
[num_leaves: 63]
[num_threads: 0]
[seed: 42]
[deterministic: 0]
[force_col_wise: 0]
[force_row_wise: 0]
[histogram_pool_size: -1]
[max_depth: -1]
[min_data_in_leaf: 20]
[min_sum_hessian_in_leaf: 0.001]
[bagging_fraction: 0.8]
[pos_bagging_fraction: 1]
[neg_bagging_fraction: 1]
[bagging_freq: 5]
[bagging_seed: 400]
[bagging_by_query: 0]
[feature_fraction: 0.8]
[feature_fraction_bynode: 1]
[feature_fraction_seed: 30056]
[extra_trees: 0]
[extra_seed: 12879]
[early_stopping_round: 0]
[early_stopping_min_delta: 0]
[first_metric_only: 0]
[max_delta_step: 0]
[lambda_l1: 0]
[lambda_l2: 0]
[linear_lambda: 0]
[min_gain_to_split: 0]
[drop_rate: 0.1]
[max_drop: 50]
[skip_drop: 0.5]
[xgboost_dart_mode: 0]
[uniform_drop: 0]
[drop_seed: 17869]
[top_rate: 0.2]
[other_rate: 0.1]
[min_data_per_group: 100]
[max_cat_threshold: 32]
[cat_l2: 10]
[cat_smooth: 10]
[max_cat_to_onehot: 4]
[top_k: 20]
[monotone_constraints: ]
[monotone_constraints_method: basic]
[monotone_penalty: 0]
[feature_contri: ]
[forcedsplits_filename: ]
[refit_decay_rate: 0.9]
[cegb_tradeoff: 1]
[cegb_penalty_split: 0]
[cegb_penalty_feature_lazy: ]
[cegb_penalty_feature_coupled: ]
[path_smooth: 0]
[interaction_constraints: ]
[verbosity: -1]
[saved_feature_importance_type: 0]
[use_quantized_grad: 0]
[num_grad_quant_bins: 4]
[quant_train_renew_leaf: 0]
[stochastic_rounding: 1]
[linear_tree: 0]
[max_bin: 255]
[max_bin_by_feature: ]
[min_data_in_bin: 3]
[bin_construct_sample_cnt: 200000]
[data_random_seed: 175]
[is_enable_sparse: 1]
[enable_bundle: 1]
[use_missing: 1]
[zero_as_missing: 0]
[feature_pre_filter: 1]
[pre_partition: 0]
[two_round: 0]
[header: 0]
[label_column: ]
[weight_column: ]
[group_column: ]
[ignore_column: ]
[categorical_feature: ]
[forcedbins_filename: ]
[precise_float_parser: 0]
[parser_config_file: ]
[objective_seed: 16083]
[num_class: 1]
[is_unbalance: 0]
[scale_pos_weight: 1]
[sigmoid: 1]
[boost_from_average: 1]
[reg_sqrt: 0]
[alpha: 0.9]
[fair_c: 1]
[poisson_max_delta_step: 0.7]
[tweedie_variance_power: 1.5]
[lambdarank_truncation_level: 30]
[lambdarank_norm: 1]
[label_gain: ]
[lambdarank_position_bias_regularization: 0]
[eval_at: ]
[multi_error_top_k: 1]
[auc_mu_weights: ]
[num_machines: 1]
[local_listen_port: 12400]
[time_out: 120]
[machine_list_filename: ]
[machines: ]
[gpu_platform_id: -1]
[gpu_device_id: -1]
[gpu_use_dp: 0]
[num_gpu: 1]

end of parameters

pandas_categorical:[]
