tree
version=v4
num_class=1
num_tree_per_iteration=1
label_index=0
max_feature_idx=40
objective=regression
feature_names=ing_apple ing_banana ing_beef ing_bell_pepper ing_cabbage ing_carrot ing_cauliflower ing_chicken ing_cucumber ing_egg ing_eggplant ing_fish ing_garlic ing_ginger ing_grape ing_kiwi ing_kumquat ing_lemon ing_onion ing_orange ing_peach ing_pepper ing_pineapple ing_pork ing_potato ing_shrimp ing_small_pepper ing_strawberry ing_tofu ing_tomato ing_watermelon raw_weight_1 raw_weight_2 raw_weight_3 raw_weight_4 raw_weight_total raw_weight_mean n_ingredients has_fruit has_meat cooking_method_enc
feature_infos=[0:1] [0:1] [0:1] none [0:1] [0:1] [0:1] [0:1] [0:1] [0:1] [0:1] [0:1] [0:1] [0:1] [0:1] [0:1] [0:1] [0:1] [0:1] [0:1] [0:1] [0:1] [0:1] [0:1] [0:1] [0:1] none [0:1] [0:1] [0:1] [0:1] [0.5:500] [0:500] [0:499.89999999999998] [0:500] [0.5:1874] [0.5:500] [1:6] [0:1] [0:1] [0:6]
tree_sizes=5438 5425 5425 5448 5468 5478 5493 5471 5462 5432 5474 5450 5498 5471 5476 5468 5462 5474 5485 5472 5498 5518 5455 5632 5454 5540 5460 5468 5569 5479 5528 5542 5495 5585 5429 5505 5443 5547 5457 5432 5489 5458 5403 5431 5601 5470 5458 5492 5476 5459 5481 5473 5605 5469 5463 5449 5472 5488 5518 5471 5478 5478 5493 5565 5442 5465 5553 5491 5446 5483 5507 5479 5561 5495 5490 5465 5503 5514 5466 5510 5470 5589 5477 5493 5566 5460 5486 5489 5492 5492 5537 5505 5513 5475 5567 5550 5505 5501 5628 5526 5521 5582 5465 5461 5507 5429 5518 5472 5493 5446 5526 5526 5448 5548 5476 5495 5522 5556 5602 5546 5579 5582 5544 5616 5489 5558 5550 5559 5550 5530 5551 5579 5570 5597 5639 5516 5446 5566 5518 5428 5415 5537 5528 5436 5522 5547 5575 5560 5631 5494 5614 5553 5509 5492 5508 5562 5532 5622 5543 5616 5501 5556 5555 5588 5594 5599 5575 5544 5544 5551 5571 5557 5549 5552 5570

Tree=0
num_leaves=63
num_cat=0
split_feature=35 38 35 35 7 9 7 9 7 9 9 36 7 21 35 38 40 40 40 8 5 21 18 10 4 6 25 40 40 40 40 8 40 8 4 32 40 40 35 35 40 7 5 4 9 18 35 40 40 40 40 40 40 40 40 40 32 36 36 28 10 18
split_gain=6.78245e+06 1.8864e+06 1.39568e+06 1.16246e+06 705018 541645 503318 431334 412057 320500 213650 190885 179809 169735 162424 161764 154399 142501 128610 125428 127506 147080 160485 189849 226185 275846 347237 117619 116595 171018 116200 108701 108661 102606 99508.5 97598.5 92454.9 200873 85962.4 84742.6 78674.4 77924.1 73452.9 72563.5 70918.1 68285.2 66595.8 64549.3 64504 89857.2 61588.8 142748 61333 59521.5 131672 53617.4 52343 51034.7 50247 49886.3 49741.7 49092
threshold=578.35000000000025 1.0000000180025095e-35 958.55000000000007 288.55000000000007 1.0000000180025095e-35 1.0000000180025095e-35 1.0000000180025095e-35 1.0000000180025095e-35 1.0000000180025095e-35 1.0000000180025095e-35 1.0000000180025095e-35 284.0125000000001 1.0000000180025095e-35 1.0000000180025095e-35 145.35000000000005 1.0000000180025095e-35 5.5000000000000009 1.0000000180025095e-35 5.5000000000000009 1.0000000180025095e-35 1.0000000180025095e-35 1.0000000180025095e-35 1.0000000180025095e-35 1.0000000180025095e-35 1.0000000180025095e-35 1.0000000180025095e-35 1.0000000180025095e-35 5.5000000000000009 4.5000000000000009 1.5000000000000002 5.5000000000000009 1.0000000180025095e-35 5.5000000000000009 1.0000000180025095e-35 1.0000000180025095e-35 1.0000000180025095e-35 3.5000000000000004 5.5000000000000009 1455.95 987.70000000000016 5.5000000000000009 1.0000000180025095e-35 1.0000000180025095e-35 1.0000000180025095e-35 1.0000000180025095e-35 1.0000000180025095e-35 423.15000000000009 3.5000000000000004 1.0000000180025095e-35 4.5000000000000009 1.0000000180025095e-35 3.5000000000000004 1.5000000000000002 1.0000000180025095e-35 3.5000000000000004 5.5000000000000009 8.6500000000000004 420.42500000000007 236.61000000000004 1.0000000180025095e-35 1.0000000180025095e-35 1.0000000180025095e-35
decision_type=2 2 2 2 2 2 2 2 2 2 2 2 2 2 2 2 2 2 2 2 2 2 2 2 2 2 2 2 2 2 2 2 2 2 2 2 2 2 2 2 2 2 2 2 2 2 2 2 2 2 2 2 2 2 2 2 2 2 2 2 2 2
left_child=3 2 4 14 5 13 7 15 9 11 12 61 39 31 -1 19 28 -6 53 20 21 22 23 24 25 26 46 50 29 -10 -12 32 42 34 38 -23 -19 -38 60 -3 -14 44 45 57 -16 48 -5 -31 -2 -50 -11 52 -52 -7 -55 -15 -27 -34 -37 -41 -13 -4
right_child=1 10 8 6 17 18 -8 -9 16 27 30 33 40 55 41 -17 -18 36 -20 -21 -22 35 -24 -25 -26 56 -28 -29 -30 47 -32 -33 43 -35 -36 58 37 -39 -40 59 -42 -43 -44 -45 -46 -47 -48 -49 49 -51 51 -53 -54 54 -56 -57 -58 -59 -60 -61 -62 -63
leaf_value=24.530163800601159 25.911609376533999 25.100212110664973 27.071580882409787 26.244283565124189 26.514058565413801 26.056657943514011 26.602807785585991 26.44946027534143 27.715012564691527 26.810189114003002 26.407343404755053 28.816295683723716 26.311510697246923 25.577506292635444 24.834925692608468 24.701791915832118 30.714807903346166 29.167909137495467 28.597986313282558 24.746347532767277 24.818739401175357 24.539560292313872 24.862992776573034 24.868379654676964 24.879459403014486 24.496414064915118 24.973778932513049 30.197083635596861 27.064462673698891 31.713886772443328 29.003250294254538 25.815699769298728 27.239396138754103 26.950292234265085 27.211428185223188 25.291485252072658 26.889632460931601 28.785579142292828 30.950788887782771 25.568516064959212 28.65255262939883 25.676789253758436 25.619089161097559 26.138062831693397 25.625951651175413 25.751588165004346 26.791981339469835 29.127052924980671 27.435654051000466 26.279192852617978 28.088880740296215 27.709227076014891 31.087189723446894 28.626932396170183 26.742367001850141 26.173468054318235 25.508741710933435 29.112878579189413 27.117417066966144 26.690528612401454 27.501515986982096 26.066460531661832
leaf_weight=4721 188 1583 537 1399 146 92 931 874 82 49 231 287 217 1006 4368 1046 165 192 250 751 778 542 596 549 507 284 472 141 73 66 53 534 535 179 149 1111 263 298 39 715 43 334 273 152 303 222 920 38 405 287 23 129 66 151 240 604 232 39 39 115 96 157
leaf_count=4721 188 1583 537 1399 146 92 931 874 82 49 231 287 217 1006 4368 1046 165 192 250 751 778 542 596 549 507 284 472 141 73 66 53 534 535 179 149 1111 263 298 39 715 43 334 273 152 303 222 920 38 405 287 23 129 66 151 240 604 232 39 39 115 96 157
internal_value=25.6727 26.6698 27.0621 25.139 26.655 26.4223 25.4904 25.3878 28.1133 27.7914 25.5879 27.4418 25.4494 26.2056 24.7405 25.2873 29.5194 27.9437 27.6774 25.3621 25.4244 25.4952 25.6326 25.7377 25.8628 26.0136 26.21 29.0289 28.7578 29.4224 26.8918 26.4527 26.6146 27.9948 28.3223 25.0927 28.2209 27.8967 28.7145 25.3148 26.6987 24.939 26.3533 27.1095 24.8862 26.5352 26.4616 30.7687 26.7329 26.956 28.4119 28.772 30.3123 27.2009 27.4702 25.8011 24.9516 27.3667 25.3534 25.724 28.4867 26.8442
internal_weight=31867 11110 8153 20757 5877 4978 11031 10100 2276 1852 2957 1444 2673 4245 9726 9226 424 899 733 8180 7429 6651 4959 4363 3814 3307 2791 408 259 186 284 2635 2101 750 571 1692 753 561 422 2413 260 5005 1375 726 4671 1102 2319 104 880 692 267 218 89 483 391 1610 516 574 1150 830 383 694
internal_count=31867 11110 8153 20757 5877 4978 11031 10100 2276 1852 2957 1444 2673 4245 9726 9226 424 899 733 8180 7429 6651 4959 4363 3814 3307 2791 408 259 186 284 2635 2101 750 571 1692 753 561 422 2413 260 5005 1375 726 4671 1102 2319 104 880 692 267 218 89 483 391 1610 516 574 1150 830 383 694
is_linear=0
shrinkage=1


Tree=1
num_leaves=63
num_cat=0
split_feature=23 39 9 35 35 35 28 40 25 31 40 25 9 35 35 31 25 32 40 40 40 40 40 35 40 35 40 35 33 31 35 40 40 9 40 40 40 40 40 40 40 9 35 35 40 40 35 32 32 35 9 35 34 40 40 40 35 34 31 40 33 40
split_gain=2.94687e+07 3.05713e+06 2.24658e+06 2.05002e+06 909699 765134 672803 625166 368719 361446 287345 280640 275842 256864 238473 217328 197585 186353 171625 385846 142142 139862 289849 134922 132914 102026 92996.4 95369.7 86899.5 81476.6 96506.5 79811.4 163508 79441.2 78008.5 76926 166997 72108.3 68208.8 136560 67899.9 67230.3 59015.6 55080.1 54505 51586.1 49039.9 49036.5 57260.8 48211.3 43262.2 42486 45648.8 40965.2 40775 40303.2 37199.6 42407.9 35004.1 34357 33207.2 32422.3
threshold=1.0000000180025095e-35 1.0000000180025095e-35 1.0000000180025095e-35 304.85000000000008 662.50000000000011 800.35000000000025 1.0000000180025095e-35 5.5000000000000009 1.0000000180025095e-35 361.85000000000008 5.5000000000000009 1.0000000180025095e-35 1.0000000180025095e-35 339.15000000000009 728.6500000000002 211.85000000000005 1.0000000180025095e-35 331.75000000000006 1.0000000180025095e-35 4.5000000000000009 5.5000000000000009 1.0000000180025095e-35 3.5000000000000004 1110.2000000000003 1.0000000180025095e-35 304.85000000000008 1.5000000000000002 1155.7500000000002 51.750000000000007 294.25000000000006 511.05000000000007 1.0000000180025095e-35 3.5000000000000004 1.0000000180025095e-35 5.5000000000000009 3.5000000000000004 5.5000000000000009 3.5000000000000004 4.5000000000000009 1.0000000180025095e-35 1.5000000000000002 1.0000000180025095e-35 141.45000000000002 324.05000000000007 1.0000000180025095e-35 5.5000000000000009 1279.4000000000003 29.850000000000005 164.25000000000003 188.05000000000004 1.0000000180025095e-35 978.05000000000007 58.850000000000001 3.5000000000000004 1.5000000000000002 1.0000000180025095e-35 1203.6500000000003 19.850000000000005 432.55000000000007 1.5000000000000002 174.55000000000004 3.5000000000000004
decision_type=2 2 2 2 2 2 2 2 2 2 2 2 2 2 2 2 2 2 2 2 2 2 2 2 2 2 2 2 2 2 2 2 2 2 2 2 2 2 2 2 2 2 2 2 2 2 2 2 2 2 2 2 2 2 2 2 2 2 2 2 2 2
left_child=1 2 6 15 8 9 -1 12 13 17 21 23 16 49 25 42 18 29 -6 37 38 51 26 41 -15 -4 -23 -28 47 30 -5 -14 54 -13 -8 59 -37 40 39 -16 -20 -9 -2 -36 -32 -27 -12 58 -49 -3 -10 52 -7 -41 -33 -19 57 -24 -11 -26 -30 -57
right_child=3 4 14 5 7 10 34 11 50 28 46 33 31 24 20 -17 -18 55 19 -21 -22 22 56 -25 35 45 27 -29 60 -31 44 32 -34 -35 43 36 -38 -39 -40 53 -42 -43 -44 -45 -46 -47 -48 48 -50 -51 -52 -53 -54 -55 -56 61 -58 -59 -60 -61 -62 -63
leaf_value=-1.1499014242704642 0.45340846291187015 -0.70881640352727326 -0.22046056579050186 2.7372544018857514 -0.22320055896483307 5.0255463549965311 -0.3685201160856294 1.6995083429454105 -0.88199637200783598 6.0762501030637512 7.498172701158488 0.2788956795651642 0.49593880479426489 -0.41855747860340919 0.10828892147906546 3.6133511725272842 -0.48623622877748462 3.875258286048969 1.0355930501974262 -0.17639393338208215 2.8175227141806061 6.2322748806165613 5.8146983227988551 3.4175419063516004 0.31433560646715619 0.43737678563695437 7.9888279407055354 11.312063624064129 2.8361205762830277 4.5195550330546723 2.6777827433835379 1.9497806895862926 1.156875174576548 2.5460991120812571 -0.37622116866243105 -0.13714784396845967 0.87219337913387263 0.97228081182596537 0.1499038985880618 2.9930484267038722 2.4811308335422648 3.0977009763717653 1.7420197353152365 0.641289535108029 4.4442052420580165 1.2426010537106276 9.4877979496547162 4.2795889953772228 6.2297717538210433 -0.17794982422066918 0.39853698515697666 5.3345713476876959 2.5747472810117826 1.4439952527973015 4.4053707841324483 6.4605279043072557 6.5611599797108147 4.5116038071961446 7.379552045781562 1.3385018088965008 5.4844387435913085 5.1421367445377397
leaf_weight=15190 144 712 463 268 556 38 1220 613 1496 114 269 317 92 421 106 131 728 48 113 511 168 46 129 183 105 638 77 30 29 238 55 22 142 44 194 782 861 235 131 107 289 100 232 423 212 289 35 60 101 1071 69 111 38 71 73 61 61 121 94 372 20 198
leaf_count=15190 144 712 463 268 556 38 1220 613 1496 114 269 317 92 421 106 131 728 48 113 511 168 46 129 183 105 638 77 30 29 238 55 22 142 44 194 782 861 235 131 107 289 100 232 423 212 289 35 60 101 1071 69 111 38 71 73 61 61 121 94 372 20 198
internal_value=0.00231607 -0.484231 -0.855526 4.75387 0.227853 5.35209 -1.0406 0.807901 -0.167907 4.64701 6.45806 1.73223 0.38708 0.0701116 0.741675 1.85954 0.203264 4.16383 0.497839 0.847054 1.59046 5.86539 6.33064 2.20645 0.392926 0.385673 8.11233 8.92058 5.89543 3.74992 3.40754 1.74587 2.23107 0.555231 -0.136808 0.554074 0.391789 1.66806 1.09373 1.52908 2.0748 1.89561 1.24851 0.321359 4.08034 0.688412 7.72724 6.15814 5.503 -0.389939 -0.825538 4.71095 3.80015 2.37517 3.83671 5.20602 5.45412 5.184 6.66524 1.11306 3.91707 5.45265
internal_weight=31867 28907 19000 2960 9907 2453 17027 4018 5889 1498 955 1257 2761 4324 1973 507 2432 1080 1704 1148 583 651 464 896 2541 1390 153 107 418 773 535 329 237 361 1837 2120 1643 637 415 284 402 713 376 617 267 927 304 369 161 1783 1565 187 76 178 95 307 311 250 208 477 49 259
internal_count=31867 28907 19000 2960 9907 2453 17027 4018 5889 1498 955 1257 2761 4324 1973 507 2432 1080 1704 1148 583 651 464 896 2541 1390 153 107 418 773 535 329 237 361 1837 2120 1643 637 415 284 402 713 376 617 267 927 304 369 161 1783 1565 187 76 178 95 307 311 250 208 477 49 259
is_linear=0
shrinkage=0.05


Tree=2
num_leaves=63
num_cat=0
split_feature=39 35 9 40 35 35 28 40 40 40 40 35 2 36 40 40 35 9 35 36 40 35 40 38 2 40 36 36 9 40 40 36 2 32 36 40 35 40 40 40 32 29 40 35 2 2 32 33 40 40 40 36 40 40 40 35 32 28 36 35 36 32
split_gain=1.25008e+07 2.49326e+06 2.02754e+06 951272 700677 647517 607205 235668 372213 234223 449424 215222 194545 196354 134148 128283 108084 106553 92516.6 90565.6 85377.9 81216.9 73374.2 70952.2 79379.8 70402.7 68072.9 63777.9 63336.1 61558.4 123246 58283.2 58527.6 58146 55416.7 54848.1 50407.6 47699.1 46737 41711.6 38367.4 37713.6 36971.1 36572.4 35375.7 34434.9 34106.5 33648.1 32948 60798.8 32408 32061.9 34030.9 31768.5 76256.7 38647.4 30377.3 41124.6 32462.3 29099.4 28886.4 28721.8
threshold=1.0000000180025095e-35 607.45000000000016 1.0000000180025095e-35 1.0000000180025095e-35 281.55000000000007 987.70000000000016 1.0000000180025095e-35 5.5000000000000009 3.5000000000000004 5.5000000000000009 3.5000000000000004 728.6500000000002 1.0000000180025095e-35 212.78750000000005 1.5000000000000002 5.5000000000000009 1455.95 1.0000000180025095e-35 257.45000000000005 379.48750000000007 4.5000000000000009 145.35000000000005 1.5000000000000002 1.0000000180025095e-35 1.0000000180025095e-35 5.5000000000000009 376.6375000000001 204.51666666666668 1.0000000180025095e-35 4.5000000000000009 1.0000000180025095e-35 273.71250000000003 1.0000000180025095e-35 460.75000000000006 243.37500000000003 1.5000000000000002 383.65000000000009 1.0000000180025095e-35 5.5000000000000009 5.5000000000000009 333.65000000000003 1.0000000180025095e-35 3.5000000000000004 1455.95 1.0000000180025095e-35 1.0000000180025095e-35 410.95000000000005 349.40000000000003 3.5000000000000004 5.5000000000000009 1.5000000000000002 171.71250000000003 2.5000000000000004 4.5000000000000009 1.0000000180025095e-35 361.15000000000003 234.05000000000004 1.0000000180025095e-35 263.94166666666672 417.55000000000013 462.72500000000008 127.55000000000001
decision_type=2 2 2 2 2 2 2 2 2 2 2 2 2 2 2 2 2 2 2 2 2 2 2 2 2 2 2 2 2 2 2 2 2 2 2 2 2 2 2 2 2 2 2 2 2 2 2 2 2 2 2 2 2 2 2 2 2 2 2 2 2 2
left_child=2 4 6 34 21 7 -1 8 22 10 14 18 13 35 -7 29 31 26 -4 28 -12 -2 -5 24 27 53 44 -10 56 30 -13 47 33 46 -3 -6 -27 -20 60 -14 59 51 50 -22 -9 -23 -33 -11 -39 -50 -32 -24 -53 54 -8 -56 61 58 -58 -37 -15 -16
right_child=1 3 11 5 12 9 25 17 23 16 20 15 39 38 19 -17 -18 -19 37 -21 43 45 41 -25 -26 36 -28 -29 -30 -31 42 32 -34 -35 -36 40 -38 48 -40 -41 -42 -43 -44 -45 -46 -47 -48 -49 49 -51 -52 52 -54 -55 55 -57 57 -59 -60 -61 -62 -63
leaf_value=-1.0924063526477525 -0.5935206130941425 0.30272199376476644 -0.33144280837248952 1.5665845621921863 0.12556861707336733 2.5902245602880916 -0.74499371024540495 2.2857710918576037 0.61185311895896155 2.5238647184827752 2.6588770379038422 0.10287447243155737 0.051245890182406162 1.1428973558816216 3.9092840716952368 2.6766466431142319 6.4892291338820201 3.6382311853708007 -0.10196907366481947 7.9515857855478931 1.2558328404715593 0.16997006567249462 1.6839841618182811 0.25313206829863494 0.48718898730398924 -0.25920488810344477 3.4459092785063241 1.7250735501381016 6.1773477120832965 0.14240869685495627 1.4163026645265777 4.6316323875075716 3.1894365109096876 3.0852019996643065 0.98696258988118535 0.47988240639226964 0.66710908160980875 1.3895426337755463 1.7246874187739161 0.7414653132192609 1.6099307239762624 1.6149903597339752 1.3717955194518601 2.9941705443642359 1.6238660242442382 -0.42320974148616008 6.2602909122194568 3.8010840806905386 0.14873350113253458 1.1003353742688347 3.3739820119662163 3.7158315166163804 2.7429269943208925 -0.73309641857147223 -0.38079380579720973 0.54455532707575693 1.5496965833332228 5.6800196599960335 3.703817053037147 0.98772857943949743 1.9074605759935104 6.5568262141942988
leaf_weight=15190 762 485 354 171 367 96 350 759 166 119 204 106 658 1179 21 168 38 153 194 21 364 1147 47 244 281 241 105 572 44 131 29 137 110 50 759 587 376 170 717 328 137 63 71 33 275 311 42 91 346 326 78 134 273 375 174 321 23 20 73 543 138 20
leaf_count=15190 762 485 354 171 367 96 350 759 166 119 204 106 658 1179 21 168 38 153 194 21 364 1147 47 244 281 241 105 572 44 131 29 137 110 50 759 587 376 170 717 328 137 63 71 33 275 311 42 91 346 326 78 134 273 375 174 321 23 20 73 543 138 20
internal_value=0.00220026 1.20559 -0.81275 1.95101 0.555713 2.27342 -0.988571 1.87556 1.5287 3.13017 2.63182 0.704591 0.904362 1.07197 4.15189 1.51094 3.91038 2.39933 0.366389 4.82721 1.82752 -0.175192 2.46442 1.01898 1.20236 -0.129967 2.23291 1.47467 4.50078 1.03904 1.45263 3.73188 4.13736 4.59269 0.720197 0.663814 0.305291 0.604837 1.39986 0.280852 0.819722 2.76138 2.25641 1.40033 2.10973 0.0434413 5.01378 3.07733 0.767688 0.610374 2.8434 2.92046 3.06324 -0.350094 -0.180123 0.219281 4.03091 3.61743 3.18773 0.723918 1.22301 5.20077
internal_weight=31867 12867 19000 5993 6874 4749 17027 3243 1951 1506 919 1973 4654 3668 318 583 587 1292 1390 222 601 2220 688 1263 1019 1837 1139 738 201 415 284 549 339 229 1244 1634 617 1036 2034 986 1267 517 178 397 1034 1458 179 210 842 672 107 454 407 1220 845 495 157 116 96 1130 1317 41
internal_count=31867 12867 19000 5993 6874 4749 17027 3243 1951 1506 919 1973 4654 3668 318 583 587 1292 1390 222 601 2220 688 1263 1019 1837 1139 738 201 415 284 549 339 229 1244 1634 617 1036 2034 986 1267 517 178 397 1034 1458 179 210 842 672 107 454 407 1220 845 495 157 116 96 1130 1317 41
is_linear=0
shrinkage=0.05


Tree=3
num_leaves=63
num_cat=0
split_feature=23 7 9 36 2 28 11 36 36 36 36 40 40 37 40 33 40 36 32 40 40 33 40 40 40 33 40 33 40 40 40 40 33 40 37 34 40 40 37 36 40 13 36 40 32 37 40 40 36 36 36 40 32 36 40 40 40 36 36 40 40 40
split_gain=2.57494e+07 2.7276e+06 2.24361e+06 2.18194e+06 834085 614890 470997 421779 328077 313600 268695 233785 154612 154534 147850 144538 133525 124867 109424 109115 296463 105046 85983.9 83563.2 187099 78410.8 77096.2 75917.4 73935.8 152074 71915 69368 68134.1 61545.8 60613.8 60078.6 58200.4 118975 54675.4 51309.9 48093.5 46746.8 45707.6 45546.8 41264.2 39889.6 39334.9 93984.9 38592.4 37148.5 36906 36464.3 34266.5 32914.3 32864.1 68789 31721.5 31688.5 31474.7 31166.9 43986.8 30350.7
threshold=1.0000000180025095e-35 1.0000000180025095e-35 1.0000000180025095e-35 195.6166666666667 1.0000000180025095e-35 1.0000000180025095e-35 1.0000000180025095e-35 291.51250000000005 122.24166666666669 193.32500000000002 226.32916666666668 5.5000000000000009 5.5000000000000009 2.5000000000000004 5.5000000000000009 1.3500000000000003 1.0000000180025095e-35 379.48750000000007 1.0000000180025095e-35 1.0000000180025095e-35 3.5000000000000004 121.55000000000001 5.5000000000000009 4.5000000000000009 1.5000000000000002 159.55000000000004 3.5000000000000004 0.95000000000000007 3.5000000000000004 5.5000000000000009 1.5000000000000002 1.5000000000000002 265.35000000000008 5.5000000000000009 2.5000000000000004 204.35000000000005 4.5000000000000009 1.0000000180025095e-35 2.5000000000000004 187.51000000000002 5.5000000000000009 1.0000000180025095e-35 181.62666666666669 1.0000000180025095e-35 168.15000000000001 2.5000000000000004 4.5000000000000009 1.0000000180025095e-35 182.71250000000003 352.12500000000006 242.21250000000003 1.5000000000000002 433.05000000000007 331.81666666666672 4.5000000000000009 1.0000000180025095e-35 5.5000000000000009 87.737500000000011 244.65833333333336 3.5000000000000004 5.5000000000000009 4.5000000000000009
decision_type=2 2 2 2 2 2 2 2 2 2 2 2 2 2 2 2 2 2 2 2 2 2 2 2 2 2 2 2 2 2 2 2 2 2 2 2 2 2 2 2 2 2 2 2 2 2 2 2 2 2 2 2 2 2 2 2 2 2 2 2 2 2
left_child=1 2 4 8 5 6 -1 13 57 38 34 19 23 52 36 -13 -15 21 -10 -11 31 -9 46 24 -12 48 45 -14 51 -30 -20 -21 -19 54 -4 44 37 -6 -3 -39 -23 -32 -24 -36 -33 -26 47 -7 -16 -17 -49 -18 -5 -46 55 -8 -40 -2 -53 -45 -61 -22
right_child=3 9 10 7 14 22 33 17 18 11 12 15 27 16 25 49 28 32 30 20 61 40 42 -25 26 -27 -28 -29 29 -31 41 35 -34 -35 43 -37 -38 39 56 -41 -42 -43 -44 59 53 -47 -48 50 -50 -51 -52 58 -54 -55 -56 -57 -58 -59 -60 60 -62 -63
leaf_value=-1.0378630859081897 0.46740761992912144 -0.22568277023943289 -0.16548172094265856 3.7238694340351857 -0.6172373200423148 -0.68566594881950504 -0.78771445776221016 5.1535716680491852 1.7000984363066847 0.28348130686909601 0.37922228437796607 1.4482903383857346 1.4447186624220874 3.7882985060547023 -0.25114367892034356 2.7741021889425843 5.1614788153592279 6.670681969802267 2.3733154974821815 1.1885164544524918 1.110907135171751 6.0290016226470478 -0.22177432834162059 0.25229402368734027 2.0866284548693028 1.4380719068985022 1.1925429404919385 2.7634879836895196 4.2917180876188636 6.1086942553520203 3.4867673978188329 1.7149712313982572 8.6723632519061749 0.16301090528337719 -0.29459552810322948 4.9131324061462962 -0.59610965190762755 -0.21726545858396912 0.31921612852493453 0.74778704221096282 7.3889551798502611 4.9757134352960897 0.65118027851888272 1.4819589860551059 2.6343328942303308 3.5739138513452868 -0.68042943515573384 -0.083108376322144822 0.63253138505281692 4.5289063734166763 0.71848026520485497 6.4493965617945932 5.8068817513329645 4.3289715742453554 -0.80607880192186365 0.077083687843024287 1.2058072654996068 1.5238718372152513 8.4742892537798209 0.033023275594626159 1.0978244287078269 0.35423575312121841
leaf_weight=17056 124 367 507 330 412 411 381 328 117 372 308 322 236 149 180 267 34 233 133 83 201 216 214 314 96 236 131 203 237 224 352 88 52 665 123 31 515 195 337 469 93 62 501 120 108 85 432 297 394 34 278 61 21 39 398 580 144 166 28 196 192 389
leaf_count=17056 124 367 507 330 412 411 381 328 117 372 308 322 236 149 180 267 34 233 133 83 201 216 214 314 96 236 131 203 237 224 352 88 52 665 123 31 515 195 337 469 93 62 501 120 108 85 432 297 394 34 278 61 21 39 398 580 144 166 28 196 192 389
internal_value=0.00209025 -0.452717 -0.61121 4.44368 -0.762306 -0.86228 -0.952286 5.37985 2.47518 1.03564 0.809733 1.38716 1.28062 4.7112 0.120968 2.18462 5.12432 6.16599 3.08795 1.0082 1.29531 5.77678 -0.0571581 0.916855 1.25342 0.67086 2.11642 2.05454 5.46519 5.17459 3.3848 2.45046 7.0359 -0.23114 0.241613 2.84422 -0.15899 0.0502264 0.233946 0.464376 6.43831 3.70975 0.389904 0.568708 2.5713 2.78508 -0.282581 -0.10827 0.355421 2.97232 0.304442 6.55434 3.84849 3.08393 -0.42401 -0.265776 0.584641 1.07214 7.08644 0.777736 0.559935 0.612017
internal_weight=31867 28907 26125 2960 23614 21213 19080 2006 954 2782 2511 1934 1373 1084 2401 623 733 922 664 1311 939 637 2133 934 620 810 312 439 584 461 547 349 285 2024 1138 266 1591 1076 848 664 309 414 715 631 235 181 1418 986 574 301 575 123 351 147 1359 961 481 290 89 508 388 590
internal_count=31867 28907 26125 2960 23614 21213 19080 2006 954 2782 2511 1934 1373 1084 2401 623 733 922 664 1311 939 637 2133 934 620 810 312 439 584 461 547 349 285 2024 1138 266 1591 1076 848 664 309 414 715 631 235 181 1418 986 574 301 575 123 351 147 1359 961 481 290 89 508 388 590
is_linear=0
shrinkage=0.05


Tree=4
num_leaves=63
num_cat=0
split_feature=23 7 9 36 2 28 11 36 36 36 36 40 21 40 40 33 21 36 33 40 40 40 40 33 40 33 33 32 33 12 40 40 40 33 40 40 40 40 40 40 40 40 36 32 40 40 36 36 40 33 33 36 40 40 36 36 36 32 40 40 36 33
split_gain=2.32389e+07 2.46165e+06 2.02486e+06 1.97171e+06 752762 554938 425075 353317 320510 285301 245584 197079 189691 153985 133435 125543 120369 113027 96259.1 94381.2 235513 83495.8 192860 78110.6 77600.5 70765.8 65580.1 64901.5 64101.5 62731.7 61602.1 59619.6 57075.8 56947.6 55545.1 52525.9 107375 51915.5 52493.7 50422.9 48020.1 49657.6 46604.1 45437.5 43399.7 42392.1 42311.9 39479.1 39050.8 37121.6 36978.3 36911.1 35499.8 84821.4 35026 33307.6 33086.4 30071.1 29659.8 62082.1 29543 29330.9
threshold=1.0000000180025095e-35 1.0000000180025095e-35 1.0000000180025095e-35 199.14166666666668 1.0000000180025095e-35 1.0000000180025095e-35 1.0000000180025095e-35 291.51250000000005 122.24166666666669 210.21250000000001 203.41000000000003 5.5000000000000009 1.0000000180025095e-35 5.5000000000000009 5.5000000000000009 1.3500000000000003 1.0000000180025095e-35 376.6375000000001 121.55000000000001 1.0000000180025095e-35 3.5000000000000004 4.5000000000000009 1.0000000180025095e-35 7.1500000000000012 5.5000000000000009 159.55000000000004 0.95000000000000007 366.15000000000003 0.95000000000000007 1.0000000180025095e-35 1.5000000000000002 1.5000000000000002 5.5000000000000009 111.75000000000001 5.5000000000000009 4.5000000000000009 1.0000000180025095e-35 1.5000000000000002 3.5000000000000004 5.5000000000000009 3.5000000000000004 1.5000000000000002 250.51000000000002 1.4500000000000002 1.0000000180025095e-35 5.5000000000000009 220.91250000000005 153.21000000000004 1.5000000000000002 343.35000000000008 1.0000000180025095e-35 259.61250000000007 4.5000000000000009 1.0000000180025095e-35 168.93750000000003 242.21250000000003 167.7416666666667 1.0000000180025095e-35 4.5000000000000009 1.0000000180025095e-35 166.41000000000003 24.450000000000003
decision_type=2 2 2 2 2 2 2 2 2 2 2 2 2 2 2 2 2 2 2 2 2 2 2 2 2 2 2 2 2 2 2 2 2 2 2 2 2 2 2 2 2 2 2 2 2 2 2 2 2 2 2 2 2 2 2 2 2 2 2 2 2 2
left_child=1 2 4 8 5 6 -1 12 57 28 50 19 23 21 35 -13 29 18 -9 -11 31 22 -12 -5 52 54 -15 -19 -3 56 -18 -21 61 -33 58 36 -6 -14 -39 -40 41 -24 -38 -43 -30 -20 -26 -32 -29 -50 -4 -28 53 -7 -16 -55 -10 -2 59 -8 -36 -25
right_child=3 9 10 7 14 24 34 17 16 11 13 15 37 26 25 -17 30 27 45 20 -22 -23 40 32 46 -27 51 48 44 -31 47 33 -34 -35 60 -37 42 38 39 -41 -42 43 -44 -45 -46 -47 -48 -49 49 -51 -52 -53 -54 55 -56 -57 -58 -59 -60 -61 -62 -63
leaf_value=-0.98596993169308722 0.32730223426193583 -0.087296297596690581 -0.20161554599700438 3.5441132939340161 -0.5863754521440534 -0.65138265045491162 -0.74832873300617453 4.8707106027007105 1.7764245288081904 0.30833317095778456 0.11491499369173018 1.4436529599331522 4.340148710620169 1.3076468323406421 -0.31606933915654556 2.9433815037210782 2.520808106660843 6.1056906937291382 5.7251870490401711 1.1212222342315603 0.63609648988772283 0.18521196896832048 1.0604990957598939 6.0163682619730636 -0.054520050542984415 1.3661683154260835 1.7490504914467486 5.7137504305158346 -0.19752580939368769 3.9386705890297891 3.2267909351856483 2.1401889395673535 5.4254598354225729 3.7138840714667709 -0.422946670936443 -0.56630416922180837 0.041992269980389324 7.9495460510253908 4.7359573940143873 6.562651286405675 1.0628446559223437 1.301955227498655 0.88074298402223783 2.9847360408554477 0.90778488312603478 7.0086177908855936 0.71856994951432984 4.7474227699050067 7.4160334764900853 9.6543674892849403 0.43978127225684133 2.9780550090529081 -0.64640796254906396 -0.078952963992809058 0.57101039833633616 0.68255625236913453 2.7047757854128784 1.3935658391604715 -0.76577486320955668 0.07322950265924287 0.34707673147175172 4.087025488088341
leaf_weight=17056 102 484 466 324 412 411 381 320 189 340 292 296 51 266 151 264 67 189 214 73 512 364 76 21 322 236 109 21 110 64 62 148 134 94 166 515 348 33 68 85 155 54 316 156 461 92 393 137 59 27 434 139 432 297 423 278 195 188 398 580 499 318
leaf_count=17056 102 484 466 324 412 411 381 320 189 340 292 296 51 266 151 264 67 189 214 73 512 364 76 21 322 236 109 21 110 64 62 148 134 94 166 515 348 33 68 85 155 54 316 156 461 92 393 137 59 27 434 139 432 297 423 278 195 188 398 580 499 318
internal_value=0.00198574 -0.430081 -0.580649 4.2215 -0.724191 -0.819166 -0.904672 5.14604 2.4203 0.983861 0.769247 1.37961 4.51148 1.13884 0.114919 2.15067 2.98964 5.85769 5.47701 1.00961 1.29792 0.804226 1.11162 4.14219 -0.0543002 0.637317 1.85298 6.66276 0.336028 2.4894 3.83215 2.37366 4.55186 2.75146 -0.219583 -0.15104 0.0477151 5.75339 6.14089 5.75079 1.77157 2.15567 0.441157 2.55202 0.694853 6.11106 0.370409 4.27366 7.64675 8.11877 0.10768 2.43789 -0.268452 -0.102857 0.33765 0.28922 2.24785 1.01854 -0.40281 -0.252487 0.15486 4.20654
internal_weight=31867 28907 26125 2960 23614 21213 19080 1956 1004 2782 2511 1727 1034 1611 2401 560 714 922 626 1167 827 1097 733 797 2133 810 514 296 1055 448 266 315 473 242 2024 1591 1076 237 186 153 441 286 664 210 571 306 715 199 107 86 900 248 1418 986 574 575 384 290 1359 961 665 339
internal_count=31867 28907 26125 2960 23614 21213 19080 1956 1004 2782 2511 1727 1034 1611 2401 560 714 922 626 1167 827 1097 733 797 2133 810 514 296 1055 448 266 315 473 242 2024 1591 1076 237 186 153 441 286 664 210 571 306 715 199 107 86 900 248 1418 986 574 575 384 290 1359 961 665 339
is_linear=0
shrinkage=0.05


Tree=5
num_leaves=63
num_cat=0
split_feature=23 7 9 36 2 28 35 11 35 36 35 40 21 40 40 35 35 35 35 40 40 35 40 35 36 40 40 40 40 40 40 36 40 35 40 35 40 35 21 40 40 40 40 40 35 40 40 13 40 40 40 40 40 40 40 35 12 40 40 40 40 35
split_gain=2.09291e+07 2.1984e+06 1.81744e+06 1.79984e+06 666945 510410 414624 397091 370478 343864 254219 206444 172191 137102 130809 125634 118187 101872 100643 94364.8 236674 78777.1 81272.9 76451.5 74735.3 70570.6 163436 70468.4 77437 85257.3 65225.6 64644.7 58035.5 53698.3 51604.9 50827.4 50504.7 50443.7 49803.3 48460.6 61167.2 47892.8 47289.4 98182.2 57765 47109.6 45442.1 43862.8 40594.3 42887.3 36806.8 36235.7 86410 36200.7 62780.9 34812.2 34734.6 33758.8 32200.5 32143.6 48658.8 31583.9
threshold=1.0000000180025095e-35 1.0000000180025095e-35 1.0000000180025095e-35 202.21666666666673 1.0000000180025095e-35 1.0000000180025095e-35 667.90000000000009 1.0000000180025095e-35 304.85000000000008 294.5125000000001 765.35000000000002 1.0000000180025095e-35 1.0000000180025095e-35 1.0000000180025095e-35 5.5000000000000009 741.05000000000007 607.45000000000016 336.4500000000001 317.75000000000006 5.5000000000000009 3.5000000000000004 380.65000000000009 5.5000000000000009 439.9500000000001 147.81250000000003 3.5000000000000004 5.5000000000000009 1.0000000180025095e-35 3.5000000000000004 5.5000000000000009 1.5000000000000002 413.25000000000006 1.0000000180025095e-35 1032.6500000000003 5.5000000000000009 1155.7500000000002 1.0000000180025095e-35 141.45000000000002 1.0000000180025095e-35 3.5000000000000004 5.5000000000000009 1.0000000180025095e-35 4.5000000000000009 1.0000000180025095e-35 445.15000000000009 4.5000000000000009 1.0000000180025095e-35 1.0000000180025095e-35 1.5000000000000002 3.5000000000000004 1.5000000000000002 1.0000000180025095e-35 4.5000000000000009 3.5000000000000004 5.5000000000000009 1187.8500000000001 1.0000000180025095e-35 4.5000000000000009 5.5000000000000009 3.5000000000000004 5.5000000000000009 358.15000000000003
decision_type=2 2 2 2 2 2 2 2 2 2 2 2 2 2 2 2 2 2 2 2 2 2 2 2 2 2 2 2 2 2 2 2 2 2 2 2 2 2 2 2 2 2 2 2 2 2 2 2 2 2 2 2 2 2 2 2 2 2 2 2 2 2
left_child=1 2 4 8 5 7 17 -1 37 12 18 -8 23 -12 42 31 -16 -3 -4 20 30 -7 51 -5 -10 50 57 -17 55 -30 -13 -11 -25 -32 -9 -21 -26 -2 47 -34 -41 -20 43 -6 -45 -22 -19 56 -14 -50 -15 -23 -53 -43 -55 -29 -38 -27 -51 -48 -61 -36
right_child=3 6 10 9 14 21 11 34 24 15 13 19 48 25 16 27 -18 46 41 35 45 22 -24 32 36 26 -28 28 29 -31 33 -33 39 -35 61 -37 38 -39 -40 40 -42 53 -44 44 -46 -47 59 -49 49 58 -52 52 -54 54 -56 -57 -58 -59 -60 60 -62 -63
leaf_value=-0.93675408817583128 0.3678104885509238 -0.10184726350013956 -0.20126132666992752 2.8993356285776413 -0.57635509697201759 -0.48110009089372313 0.37660052728610921 -0.37793570154705441 2.1759976354004311 4.6658721802726628 0.15993341873978462 1.2986308677196503 4.3278414324477863 1.5103917340437572 0.079291883382073935 4.7680151854668349 1.2996304332796071 -0.024194559084593194 -0.059712637775334455 2.3181753675426755 1.6046141250176473 -0.55165154460656685 0.70398410832363079 3.1766636868827365 2.3541617478822405 1.4326943947047723 2.3718960769636785 6.8995536926465171 5.3239312100562328 6.9770251341789011 2.7738153785990001 6.0422258262960327 5.3206082652535365 4.7674001544713978 -0.35562532849875944 3.8441734485553973 2.4457593597096507 1.5525959502689408 4.3237963282758267 3.5801927675984127 4.7791094789227238 1.3747717757886504 -0.55588117192729869 -0.18289806821145294 0.77117424649276856 0.3547365154468633 1.4951738595945796 4.5865999155266337 7.5506989061832428 4.6954735614359384 3.271624729892995 0.59964100904305517 -0.53203706770861225 0.18613193095924382 1.1037833861130124 9.0557242923312717 4.1884152226977873 0.20099755220675056 6.2176620960235596 0.26198131262011765 1.1432466948474322 0.38291454183041668
leaf_weight=16998 150 619 518 140 413 702 257 1409 176 315 165 50 54 42 442 70 360 169 203 315 111 301 471 117 95 82 264 39 157 155 114 117 114 48 210 66 139 224 157 220 206 205 505 258 412 235 167 43 32 64 101 387 299 390 357 36 36 173 76 305 322 466
leaf_count=16998 150 619 518 140 413 702 257 1409 176 315 165 50 54 42 442 70 360 169 203 315 111 301 471 117 95 82 264 39 157 155 114 117 114 48 210 66 139 224 157 220 206 205 505 258 412 235 167 43 32 64 101 387 299 390 357 36 36 173 76 305 322 466
internal_value=0.000665611 -0.407549 -0.549705 4.02587 -0.685322 -0.774416 0.929725 -0.856873 2.32978 4.93069 0.732316 1.63226 4.30561 1.44945 0.106567 5.64998 0.627075 0.398604 0.377821 1.97593 1.56175 -0.0459356 0.163588 3.96018 3.05484 1.77085 1.49987 6.22789 6.49195 6.14518 2.87727 5.03863 4.18624 3.36451 -0.205638 2.58252 3.38393 1.07741 3.64481 4.40498 4.15995 0.637531 -0.156309 0.0300106 0.403785 0.755709 0.720285 3.15581 5.5238 5.89927 2.75434 -0.0942909 0.106388 0.786208 0.624688 7.93452 2.80425 0.597073 5.5218 0.878745 0.714561 0.153486
internal_weight=31843 28911 26133 2932 23633 21243 2778 19083 1020 1912 2500 1196 1023 827 2390 889 802 1582 1673 939 558 2160 1458 797 646 662 519 457 387 312 212 432 657 162 2085 381 470 374 375 540 426 1155 1588 1083 670 346 963 218 226 172 143 987 686 952 747 75 175 255 140 794 627 676
internal_count=31843 28911 26133 2932 23633 21243 2778 19083 1020 1912 2500 1196 1023 827 2390 889 802 1582 1673 939 558 2160 1458 797 646 662 519 457 387 312 212 432 657 162 2085 381 470 374 375 540 426 1155 1588 1083 670 346 963 218 226 172 143 987 686 952 747 75 175 255 140 794 627 676
is_linear=0
shrinkage=0.05


Tree=6
num_leaves=63
num_cat=0
split_feature=23 7 9 36 2 28 36 36 36 36 33 39 40 25 40 40 33 9 21 21 40 40 40 40 40 40 32 33 13 12 40 33 36 32 32 36 40 40 36 40 40 40 40 40 36 40 40 37 36 13 36 32 37 40 40 36 37 36 36 40 40 40
split_gain=1.88885e+07 1.98406e+06 1.64024e+06 1.62436e+06 601918 460645 313450 276393 264207 201319 173437 167755 166766 143519 119803 118055 98235.7 90390.5 88786.4 85131.3 69658.1 66942.8 148263 66902.3 155033 80717.5 61821.4 58105.1 53199.8 56495.5 52818.3 52593.9 46977.7 46614.8 44131.5 43364.7 42678.7 88609.5 42776.8 42449.2 42332.5 41629 50829.9 62309.6 40524.2 39606 38804.3 38208.1 37630.7 46861.5 37611.8 34492.2 32117.2 30224 72654.1 30297.2 29997 28113.3 27251.8 27230.4 39961.7 35779.2
threshold=1.0000000180025095e-35 1.0000000180025095e-35 1.0000000180025095e-35 202.21666666666673 1.0000000180025095e-35 1.0000000180025095e-35 331.81666666666672 131.81250000000003 187.51000000000002 203.41000000000003 307.15000000000003 1.0000000180025095e-35 5.5000000000000009 1.0000000180025095e-35 5.5000000000000009 5.5000000000000009 1.3500000000000003 1.0000000180025095e-35 1.0000000180025095e-35 1.0000000180025095e-35 5.5000000000000009 4.5000000000000009 1.0000000180025095e-35 4.5000000000000009 1.5000000000000002 3.5000000000000004 346.35000000000008 265.35000000000008 1.0000000180025095e-35 1.0000000180025095e-35 1.0000000180025095e-35 0.95000000000000007 243.37500000000003 0.95000000000000007 7.3500000000000005 220.91250000000005 4.5000000000000009 1.0000000180025095e-35 189.8416666666667 3.5000000000000004 1.0000000180025095e-35 1.0000000180025095e-35 3.5000000000000004 5.5000000000000009 168.93750000000003 1.0000000180025095e-35 1.5000000000000002 2.5000000000000004 278.07083333333338 1.0000000180025095e-35 89.916666666666671 191.75000000000003 2.5000000000000004 4.5000000000000009 1.0000000180025095e-35 178.11250000000004 2.5000000000000004 352.12500000000006 305.71666666666675 1.0000000180025095e-35 3.5000000000000004 5.5000000000000009
decision_type=2 2 2 2 2 2 2 2 2 2 2 2 2 2 2 2 2 2 2 2 2 2 2 2 2 2 2 2 2 2 2 2 2 2 2 2 2 2 2 2 2 2 2 2 2 2 2 2 2 2 2 2 2 2 2 2 2 2 2 2 2 2
left_child=1 2 4 7 5 11 10 50 56 47 18 -1 17 40 21 36 -14 23 30 28 53 22 -11 24 -10 33 -8 51 29 -9 -5 -16 -12 -26 -32 -22 37 -6 -39 46 -13 -28 -43 -44 -42 -21 -24 -4 49 -36 -2 -17 -48 54 -7 -56 -3 -18 -33 -34 -61 -62
right_child=3 8 9 6 15 20 26 19 12 14 32 13 16 -15 31 27 57 -19 -20 45 35 -23 39 -25 25 -27 41 -29 -30 -31 34 58 59 -35 48 -37 -38 38 -40 -41 44 42 43 -45 -46 -47 52 -49 -50 -51 -52 -53 -54 -55 55 -57 -58 -59 -60 60 61 -63
leaf_value=-0.88980445632537464 0.38614786526741229 -0.22492607305325119 -0.24599038827768968 2.8745962118653403 -0.547537342656503 -0.59349213356250219 5.239287783175099 1.8913387602147385 0.32856048221532519 0.13591667971096907 4.3319459269582117 -0.70252978795104559 1.2486554573702091 -0.81663350188058892 1.1753864611304083 0.071207523892063126 2.3219766865805904 2.2676407720162493 5.1773450345527836 2.3838085695316917 -0.07372751051571759 0.17932393284730469 0.98172342601418505 0.19823197068833801 1.053553960282924 0.89669957251925225 4.6572454893227784 1.3840296816294346 3.728315128782584 3.6863524921968875 3.0616211060554752 1.8608346449501942 4.3817790380120281 2.6708093625114682 3.6100672689747455 0.71073222556399029 -0.52808711509008222 -0.21182789690076162 0.65166555065419773 0.93982604821646432 -0.52284260976532526 8.1186328388395772 5.0829841679996921 7.0987244954923305 0.053060039055644617 3.8856431053571052 1.7331065552575247 0.40506303056981613 4.6244102420630275 5.5084840271208027 1.4650201582064912 0.83706120324153543 2.9794169470667842 -0.58529640778297798 -0.31328123662597646 0.49290634632084118 0.39499797716861562 3.8646748860677089 3.0241841322939162 7.3219554159376363 4.7967578236262005 6.2229270824166232
leaf_weight=15130 128 366 424 146 413 418 343 312 434 291 108 360 330 2034 258 382 281 107 123 57 318 358 75 378 59 190 33 181 62 51 124 173 40 182 335 395 505 208 462 161 417 42 72 82 1142 191 112 481 216 36 219 239 96 446 161 422 418 33 71 36 90 86
leaf_count=15130 128 366 424 146 413 418 343 312 434 291 108 360 330 2034 258 382 281 107 123 57 318 358 75 378 59 190 33 181 62 51 124 173 40 182 335 395 505 208 462 161 417 42 72 82 1142 191 112 481 216 36 219 239 96 446 161 422 418 33 71 36 90 86
internal_value=0.000632331 -0.387172 -0.52222 3.82458 -0.651056 -0.735695 4.68416 2.21329 0.883239 0.6957 4.26589 -0.814029 1.18899 -0.524001 1.03368 0.101239 1.85103 0.873174 3.92112 2.8043 -0.0436388 0.740003 1.0131 0.753135 0.995624 1.66733 5.66402 0.595721 2.37472 2.14353 3.74082 1.67309 5.20442 2.27488 3.91869 0.360861 -0.148493 0.02851 0.383596 1.588 -0.213831 6.30018 6.5768 6.1563 -0.100982 3.54046 1.95675 0.100039 4.09975 3.79428 1.06705 0.365956 2.30833 -0.242953 -0.0904211 0.270271 0.105595 2.48411 2.19935 5.57834 5.80411 5.49364
internal_weight=31843 28911 26133 2932 23633 21243 1912 1020 2778 2500 1340 19083 1994 3953 1595 2390 644 1350 980 673 2160 1093 735 1243 865 431 572 802 425 363 857 502 360 241 711 713 1588 1083 670 444 1919 229 196 154 1559 248 283 905 587 371 347 621 208 1447 1001 583 784 314 244 252 212 176
internal_count=31843 28911 26133 2932 23633 21243 1912 1020 2778 2500 1340 19083 1994 3953 1595 2390 644 1350 980 673 2160 1093 735 1243 865 431 572 802 425 363 857 502 360 241 711 713 1588 1083 670 444 1919 229 196 154 1559 248 283 905 587 371 347 621 208 1447 1001 583 784 314 244 252 212 176
is_linear=0
shrinkage=0.05


Tree=7
num_leaves=63
num_cat=0
split_feature=23 7 9 36 2 28 35 36 35 35 40 35 39 25 40 35 35 40 35 35 35 35 35 40 35 40 40 40 40 40 40 36 40 40 40 40 40 35 40 40 40 21 40 36 36 35 40 40 40 40 40 40 12 40 40 40 40 13 40 40 40 40
split_gain=1.70469e+07 1.79061e+06 1.48032e+06 1.46847e+06 543231 415732 350254 336097 249431 214693 173870 170887 151399 129526 113984 113315 108626 89885.4 85130.9 84984.3 83404.2 74680.6 69212.3 66949.6 63847.8 62217.3 61768.5 59144.7 134447 51746.1 86623 51174.3 46026.7 123560 43635.1 51500.4 41612.6 41136.6 40474.1 38785.6 34627.1 34604.9 33890.9 33214.5 31404.2 30912.9 30021.6 29892 52420.4 29873.9 71137.2 28683.9 28009.8 27774 27257.6 66300.2 43787.2 27066.2 26863.2 40970.5 26605.2 49273.2
threshold=1.0000000180025095e-35 1.0000000180025095e-35 1.0000000180025095e-35 193.32500000000002 1.0000000180025095e-35 1.0000000180025095e-35 667.90000000000009 294.5125000000001 271.65000000000003 765.35000000000002 1.0000000180025095e-35 978.05000000000007 1.0000000180025095e-35 1.0000000180025095e-35 1.0000000180025095e-35 747.75000000000011 1279.4000000000003 5.5000000000000009 336.4500000000001 336.4500000000001 1055.7500000000002 383.65000000000009 380.65000000000009 5.5000000000000009 437.25000000000006 1.0000000180025095e-35 5.5000000000000009 3.5000000000000004 5.5000000000000009 3.5000000000000004 5.5000000000000009 147.81250000000003 5.5000000000000009 4.5000000000000009 3.5000000000000004 5.5000000000000009 1.0000000180025095e-35 345.85000000000008 5.5000000000000009 1.0000000180025095e-35 5.5000000000000009 1.0000000180025095e-35 1.5000000000000002 400.05000000000007 379.48750000000007 141.45000000000002 1.5000000000000002 3.5000000000000004 5.5000000000000009 1.0000000180025095e-35 4.5000000000000009 4.5000000000000009 1.0000000180025095e-35 3.5000000000000004 1.5000000000000002 3.5000000000000004 5.5000000000000009 1.0000000180025095e-35 3.5000000000000004 5.5000000000000009 4.5000000000000009 1.0000000180025095e-35
decision_type=2 2 2 2 2 2 2 2 2 2 2 2 2 2 2 2 2 2 2 2 2 2 2 2 2 2 2 2 2 2 2 2 2 2 2 2 2 2 2 2 2 2 2 2 2 2 2 2 2 2 2 2 2 2 2 2 2 2 2 2 2 2
left_child=1 2 4 8 5 12 18 11 45 19 -8 24 -1 38 -11 37 21 -17 -3 -4 32 -9 -7 49 -5 -26 43 46 51 -22 -31 -10 33 -12 -27 -36 -21 -6 60 -20 -39 52 -43 -23 -18 -2 -16 -38 -49 -24 -51 -29 57 -44 -13 -56 -57 -33 -41 -60 61 -14
right_child=3 6 9 7 15 22 10 16 31 14 20 54 13 -15 27 17 44 -19 39 36 29 26 23 -25 25 34 -28 28 -30 30 -32 41 -34 -35 35 -37 47 40 -40 58 -42 42 53 -45 -46 -47 -48 48 -50 50 -52 -53 -54 -55 55 56 -58 -59 59 -61 -62 -63
leaf_value=-0.84531423327155408 0.30508971321303396 -0.10656491585921418 -0.15861099754837238 2.6553029332656028 -0.45496175777515407 -0.44934854208189262 0.33243299608810983 3.7718523071289063 1.9366856628640865 0.14416219857549578 1.9071908905240129 4.0193958578438602 -0.66740329735808901 -0.77580182556366972 1.3899049837319624 0.19905453089442923 5.9340022241747059 1.3371308934443924 -0.042809477386742657 -0.064038301695087063 3.962462681644368 4.434073255536422 -0.49439436222033645 0.64540658382631666 2.6968650933325762 4.698808484355899 5.7455088547582909 1.3163509003999758 2.1558411352449296 1.0749309199821691 3.1540154877575963 1.8953989130981039 2.0187844703008326 0.15137465999227517 3.1380708207898347 4.2010562693868074 1.2862970459658998 -0.14369398104994163 0.12963318304355845 1.3549065907982119 0.48463788569833222 2.2645161643624308 5.4074253638585414 5.4068062699685884 7.672885270118714 1.2858716025862391 2.9805357205985796 0.17338381543134651 1.0346231392900678 0.55063820526952012 -0.47617039080447576 0.18100284005089992 3.8567085358404345 3.5115104106941608 7.4150605519612629 4.0555264066859902 5.7054744047996326 3.4774151868679946 0.22599828973656796 1.0346503211133276 -0.70584631452755053 0.085564870828334388
leaf_weight=15130 150 619 573 183 631 702 257 125 204 165 242 58 360 2034 42 492 74 268 169 198 53 284 301 471 127 137 239 82 264 92 110 132 271 171 223 233 194 674 619 167 325 44 24 127 40 173 101 369 339 387 299 173 31 99 30 83 78 34 305 322 392 548
leaf_count=15130 150 619 573 183 631 702 257 125 204 165 242 58 360 2034 42 492 74 268 169 198 53 284 301 471 127 137 239 82 264 92 110 132 271 171 223 233 194 674 619 167 325 44 24 127 40 173 101 369 339 387 299 173 31 99 30 83 78 34 305 322 392 548
internal_value=0.000600715 -0.367813 -0.496109 3.63335 -0.618504 -0.698911 0.839077 4.37268 1.93978 0.660915 1.48478 3.80903 -0.773328 -0.4978 1.31994 0.0961768 5.10307 0.600376 0.350921 0.335143 1.80017 4.8911 -0.0414569 0.154935 3.48925 3.70121 5.10634 1.613 1.36493 2.57194 2.20711 2.57064 1.51245 1.18021 3.91631 3.68122 0.592344 -0.13891 -0.203139 0.644986 0.0607183 2.92593 3.45543 4.73465 6.54414 0.8304 2.51336 0.736427 0.585757 -0.0791192 0.103093 0.546095 2.47707 3.88145 4.96872 5.257 4.85488 2.21943 0.791381 0.641287 -0.36159 -0.212969
internal_weight=31843 28911 26133 2932 23633 21243 2778 2041 891 2500 1196 1152 19083 3953 827 2390 889 760 1582 1673 939 775 2160 1458 903 720 650 662 519 255 202 568 684 413 593 456 1100 1630 1919 963 999 364 167 411 114 323 143 902 708 987 686 255 197 123 249 191 161 166 794 627 1300 908
internal_count=31843 28911 26133 2932 23633 21243 2778 2041 891 2500 1196 1152 19083 3953 827 2390 889 760 1582 1673 939 775 2160 1458 903 720 650 662 519 255 202 568 684 413 593 456 1100 1630 1919 963 999 364 167 411 114 323 143 902 708 987 686 255 197 123 249 191 161 166 794 627 1300 908
is_linear=0
shrinkage=0.05


Tree=8
num_leaves=63
num_cat=0
split_feature=23 7 9 35 39 35 28 35 31 25 35 40 31 35 40 32 40 35 40 40 40 35 33 35 11 35 40 40 40 40 33 28 40 40 35 40 35 35 40 40 40 40 40 40 35 40 40 28 40 40 40 35 31 31 31 35 40 40 32 35 35 40
split_gain=1.53848e+07 1.61603e+06 1.33599e+06 1.10786e+06 472391 411562 317088 316104 223861 201991 194472 156918 150679 139356 141120 132305 108451 76832.4 75352 96585.9 100337 75272.3 65201.9 62388.9 61167.1 60538.9 58295.7 137114 57224.2 135516 51365.7 51279.2 46700.9 78177.3 46166.2 45721.8 44585.1 44439.7 42976.7 42396.2 41539.1 111513 35186 34744.5 34455.2 34277.6 34672.8 31655.4 28694.3 36613 28569.2 26537.8 26119.8 25817.1 25664.1 23944.1 23933.1 37106.6 21590.9 42837.7 34713.9 20860.1
threshold=1.0000000180025095e-35 1.0000000180025095e-35 1.0000000180025095e-35 333.45000000000005 1.0000000180025095e-35 978.05000000000007 1.0000000180025095e-35 667.90000000000009 339.55000000000007 1.0000000180025095e-35 618.05000000000007 1.0000000180025095e-35 230.15000000000001 434.4500000000001 5.5000000000000009 329.95000000000005 5.5000000000000009 333.45000000000005 1.0000000180025095e-35 3.5000000000000004 5.5000000000000009 1055.7500000000002 15.850000000000003 639.85000000000014 1.0000000180025095e-35 275.10000000000008 4.5000000000000009 1.0000000180025095e-35 4.5000000000000009 1.0000000180025095e-35 321.25000000000006 1.0000000180025095e-35 3.5000000000000004 5.5000000000000009 339.15000000000009 1.5000000000000002 812.6500000000002 141.45000000000002 1.0000000180025095e-35 5.5000000000000009 5.5000000000000009 4.5000000000000009 1.0000000180025095e-35 1.0000000180025095e-35 1008.7500000000001 3.5000000000000004 1.5000000000000002 1.0000000180025095e-35 3.5000000000000004 5.5000000000000009 5.5000000000000009 1203.6500000000003 388.85000000000008 234.65000000000001 370.15000000000003 940.45000000000016 3.5000000000000004 5.5000000000000009 24.350000000000005 582.6500000000002 431.65000000000003 1.0000000180025095e-35
decision_type=2 2 2 2 2 2 2 2 2 2 2 2 2 2 2 2 2 2 2 2 2 2 2 2 2 2 2 2 2 2 2 2 2 2 2 2 2 2 2 2 2 2 2 2 2 2 2 2 2 2 2 2 2 2 2 2 2 2 2 2 2 2
left_child=1 2 4 12 6 8 -1 17 15 13 25 -9 37 53 26 23 28 -3 -7 35 51 40 36 50 47 -4 27 -15 29 -12 61 -16 -23 -34 -8 -20 58 -2 -17 -36 41 -13 -19 -25 -18 46 -31 -11 -40 -50 -5 -21 -37 -6 -27 -48 -44 -58 60 -60 -10 -24
right_child=3 7 10 5 9 18 34 11 22 24 16 21 -14 14 31 38 44 42 19 20 -22 32 30 43 -26 54 -28 -29 -30 45 -32 -33 33 -35 39 52 -38 -39 48 -41 -42 -43 56 -45 -46 -47 55 -49 49 -51 -52 -53 -54 -55 -56 -57 57 -59 59 -61 -62 -63
leaf_value=-0.80304852205558253 0.28983523645500342 -0.10765305831434824 -0.29127513887685841 2.0912905217746629 -0.53205641929379877 3.9008495770319542 -0.48182355961770496 0.31581134610892736 4.2432425060787713 -0.73029418413887015 0.10493064439678737 1.8118313364992458 2.8494185743660765 -0.49340954684917948 0.58684985070833817 2.6614750433014707 1.4650207619479652 -0.042552594962524393 4.8730632872808552 3.8014172128163097 5.9134799131127291 3.764339550486151 1.9590870360533399 2.1418513920559898 0.25144976607326014 0.28232639718222036 -0.48685046168269958 0.59035376605993883 0.15100651079871757 1.1002298576050791 5.5050094463207104 1.7448869649591772 1.0211843814619859 2.9963147146051581 -0.14013206011633075 6.450474869410197 5.9357469558715827 1.3639260638768347 4.9449900279173988 0.47727185045618842 1.9178452630654474 0.14380593232440148 1.2760639498925068 3.5855034461931177 2.4892778350040317 1.0565462759218547 2.0237015895282524 0.011195815657415698 3.2555684954471831 4.4053187761987962 2.941214820641239 5.1260165127840907 8.435794603502428 -0.13545187332915842 0.8632582631147685 3.3553071345601766 0.21536760112210629 0.98058857743938777 2.9498085030487609 4.52332429929056 5.4527868598398541 3.4207415600086897
leaf_weight=15130 150 608 401 302 1037 99 573 257 148 2017 216 242 145 498 730 64 229 171 21 121 172 53 30 51 193 700 532 705 247 58 27 110 92 110 864 30 54 269 74 410 271 171 169 228 128 119 85 155 137 140 147 55 37 679 261 56 310 324 63 138 99 131
leaf_count=15130 150 608 401 302 1037 99 573 257 148 2017 216 242 145 498 730 64 229 171 21 121 172 53 30 51 193 700 532 705 247 58 27 110 92 110 864 30 54 269 74 410 271 171 169 228 128 119 85 155 137 140 147 55 37 679 261 56 310 324 63 138 99 131
internal_value=0.000570678 -0.349423 -0.471303 3.45168 -0.587578 3.92601 -0.727549 0.797123 3.56989 -0.230565 0.627869 1.41054 1.46017 -0.0260777 0.20653 3.14058 1.11031 0.333375 5.14613 5.42889 5.05466 1.71016 4.28107 2.73442 -0.601581 0.224771 -0.0510219 0.141714 0.780304 1.07138 3.48684 0.738498 2.44335 2.09675 -0.109084 6.90878 4.57851 0.979407 3.85306 0.0585615 1.43683 1.1212 0.608679 3.32161 1.83226 1.72784 2.12927 -0.677379 4.07033 3.83667 2.36955 4.21535 7.54685 -0.375125 0.440103 2.55257 0.747359 0.606427 4.41492 4.03013 4.72804 3.14838
internal_weight=31843 28911 26133 2932 23633 2368 16977 2778 1833 6656 2500 1196 564 4291 2575 1143 1138 1582 535 436 348 939 690 728 2365 1362 1735 1203 781 534 188 840 255 202 1847 88 502 419 415 1274 684 413 974 279 357 318 199 2172 351 277 449 176 67 1716 961 141 803 634 448 201 247 161
internal_count=31843 28911 26133 2932 23633 2368 16977 2778 1833 6656 2500 1196 564 4291 2575 1143 1138 1582 535 436 348 939 690 728 2365 1362 1735 1203 781 534 188 840 255 202 1847 88 502 419 415 1274 684 413 974 279 357 318 199 2172 351 277 449 176 67 1716 961 141 803 634 448 201 247 161
is_linear=0
shrinkage=0.05


Tree=9
num_leaves=63
num_cat=0
split_feature=23 7 9 35 2 35 35 11 35 40 40 35 35 35 37 40 35 40 35 37 40 40 40 40 40 35 40 40 40 35 40 35 34 40 40 37 40 40 40 34 35 40 40 40 35 40 40 37 35 35 40 40 40 40 35 40 40 40 35 40 34 35
split_gain=1.38848e+07 1.45846e+06 1.20573e+06 999847 452398 371435 287380 283291 177148 134564 133209 113337 98569.6 97138.4 120645 93237 92349.7 75615.8 70302.1 68769.2 68005.2 87168.8 90554.2 59349.6 142192 51227.1 52257.3 48323.3 109582 46303 45330.8 45027.1 44945.8 41263.9 40160.8 39617.7 36048.2 45006.4 46725 34940.4 33949.9 30732.9 53942.8 29864.2 29769.8 29603 41298.9 28672.4 28569 28172.3 27515.6 26643.3 25895 62797.3 25141.4 24313.9 58772.6 24196.7 23950.3 23759.4 23118.5 39341
threshold=1.0000000180025095e-35 1.0000000180025095e-35 1.0000000180025095e-35 333.45000000000005 1.0000000180025095e-35 978.05000000000007 782.6500000000002 1.0000000180025095e-35 765.35000000000002 1.0000000180025095e-35 1.0000000180025095e-35 184.45000000000002 747.75000000000011 741.05000000000007 1.5000000000000002 1.0000000180025095e-35 336.4500000000001 5.5000000000000009 275.10000000000008 2.5000000000000004 1.0000000180025095e-35 3.5000000000000004 5.5000000000000009 3.5000000000000004 5.5000000000000009 373.95000000000005 1.0000000180025095e-35 3.5000000000000004 5.5000000000000009 477.25000000000006 1.0000000180025095e-35 437.25000000000006 29.350000000000005 1.5000000000000002 1.5000000000000002 1.5000000000000002 1.5000000000000002 3.5000000000000004 5.5000000000000009 27.400000000000002 253.35000000000005 3.5000000000000004 5.5000000000000009 5.5000000000000009 1313.1500000000003 3.5000000000000004 5.5000000000000009 1.5000000000000002 428.85000000000008 1032.6500000000003 5.5000000000000009 4.5000000000000009 3.5000000000000004 5.5000000000000009 1170.4500000000003 1.0000000180025095e-35 4.5000000000000009 1.5000000000000002 1203.6500000000003 4.5000000000000009 18.200000000000006 582.6500000000002
decision_type=2 2 2 2 2 2 2 2 2 2 2 2 2 2 2 2 2 2 2 2 2 2 2 2 2 2 2 2 2 2 2 2 2 2 2 2 2 2 2 2 2 2 2 2 2 2 2 2 2 2 2 2 2 2 2 2 2 2 2 2 2 2
left_child=1 2 4 11 7 10 16 29 18 -8 35 -2 40 14 48 -10 -3 55 -4 -15 -7 33 58 34 51 -9 -27 57 59 -1 -18 -16 45 -22 -11 -5 -20 -38 -39 -21 -6 -32 -43 -42 -26 -33 -47 -13 -12 -36 -31 -25 -28 -54 -35 -14 -57 -17 -23 -29 61 -37
right_child=3 6 8 5 12 20 9 25 15 23 13 47 17 19 31 27 30 -19 36 39 21 22 -24 24 44 26 52 28 -30 50 41 32 -34 54 49 60 37 38 -40 -41 43 42 -44 -45 -46 46 -48 -49 -50 -51 -52 -53 53 -55 -56 56 -58 -59 -60 -61 -62 -63
leaf_value=-0.74981413389504303 0.56362608966145977 -0.096394340661602629 -0.27671138365007469 4.1083475768566133 -0.52474237413208313 3.7058071044960408 0.34262131180241706 -0.46126895339771823 0.13170755920310814 1.1663506446565901 3.9685913958290748 2.4049010209779484 -0.3667989141861166 5.5542559982894311 2.3002206223073736 1.265398234128952 0.0091486131129539117 1.2399981072200323 -0.01846711354197136 4.2924387095338208 4.6294101329076858 3.6113463432335657 5.6178059336751005 1.4449099116941848 2.1534777956438886 -0.52820946877816211 0.61949324317368304 1.1977060325648183 1.9499675750506649 -0.65187447947964294 1.3151768819174983 4.0142382423869138 2.0594237267664854 6.3233780961287653 2.485304535219544 1.6760321241049541 1.3671589377011069 0.10587383178963308 0.85970701184310494 3.3083520310382322 -0.16580494186852174 0.23013889089860215 1.0484293831204905 0.360571233059436 3.8417970854660561 2.7423563630095584 3.6579376096526781 1.454555987287983 5.2010007033476962 4.0325681388378145 -0.42402119532987215 0.35618912305618666 -0.33885190717063529 0.46459270126818286 8.2782187428967706 0.99736928099933542 -0.29784962197051107 2.693408039536807 4.8697156359932645 0.1644023662282294 1.4495211380807793 3.0774706809740184
leaf_weight=12637 240 619 401 32 401 99 200 687 165 35 129 185 138 77 158 42 226 268 280 236 21 121 172 83 262 307 284 82 264 4471 220 139 73 38 76 84 169 424 399 146 830 394 412 399 29 253 240 139 74 48 1883 174 470 504 29 195 159 101 55 173 68 124
leaf_count=12637 240 619 401 32 401 99 200 687 165 35 129 185 138 77 158 42 226 268 280 236 21 121 172 83 262 307 284 82 264 4471 220 139 73 38 76 84 169 424 399 146 830 394 412 399 29 253 240 139 74 48 1883 174 470 504 29 195 159 101 55 173 68 124
internal_value=0.000542144 -0.331952 -0.447738 3.2791 -0.558199 3.72971 0.757267 -0.631577 0.596476 1.48767 3.3914 1.38716 0.0939993 3.58296 3.3211 1.19511 0.403189 0.56425 0.300557 4.1911 4.88882 5.15744 4.80192 1.81159 1.56483 -0.101342 0.0566582 1.46016 1.23592 -0.694453 0.650187 3.06312 3.2341 6.56334 2.66207 2.44295 0.482541 0.623955 0.471341 3.91632 -0.125259 0.79139 0.648421 0.00508529 2.32173 3.36978 3.18808 1.99719 4.41784 3.08425 -0.58435 0.707799 0.199388 0.0768936 7.1695 0.19616 0.415618 2.27399 4.00459 0.49668 2.24986 2.51151
internal_weight=31843 28911 26133 2932 23633 2368 2778 21243 2500 907 1833 564 2390 1525 1066 827 1871 760 1673 459 535 436 348 707 548 2252 1565 662 519 18991 1252 863 705 88 159 308 1272 992 823 382 1630 1026 806 1229 291 632 493 324 203 124 6354 257 1258 974 67 492 354 143 176 255 276 208
internal_count=31843 28911 26133 2932 23633 2368 2778 21243 2500 907 1833 564 2390 1525 1066 827 1871 760 1673 459 535 436 348 707 548 2252 1565 662 519 18991 1252 863 705 88 159 308 1272 992 823 382 1630 1026 806 1229 291 632 493 324 203 124 6354 257 1258 974 67 492 354 143 176 255 276 208
is_linear=0
shrinkage=0.05


Tree=10
num_leaves=63
num_cat=0
split_feature=23 7 36 9 2 28 35 11 35 36 35 21 40 40 35 35 35 40 35 35 36 35 40 40 40 40 35 40 40 40 40 40 40 36 40 40 7 36 35 35 40 40 35 40 40 35 40 40 35 40 40 40 40 35 35 40 36 40 40 9 40 40
split_gain=1.22999e+07 1.33394e+06 1.10451e+06 1.07402e+06 408386 341926 281166 237683 230755 221522 166674 162915 126884 105186 86574.2 85387.5 84816.6 68782.6 58560.6 54979.9 54912.1 54872.2 54601.9 54072.3 50535.1 128539 47237.7 40848.2 40775.5 101246 40510.7 39360.2 38498.8 38432.4 37921.7 33117.1 33037.1 30535 30120.8 29940.8 29496.4 58307 28791.8 26224.3 26077.4 25581.6 25261 44730.3 25799.2 24902.2 51636.8 24611.4 58864.4 24448.5 24052.5 23948.9 23492 22941.8 31265.6 22760.4 22400.7 21727.8
threshold=1.0000000180025095e-35 1.0000000180025095e-35 202.21666666666673 1.0000000180025095e-35 1.0000000180025095e-35 1.0000000180025095e-35 782.6500000000002 1.0000000180025095e-35 349.15000000000003 331.81666666666672 717.95000000000016 1.0000000180025095e-35 1.0000000180025095e-35 5.5000000000000009 747.75000000000011 572.75000000000011 339.15000000000009 5.5000000000000009 434.4500000000001 339.15000000000009 243.37500000000003 339.15000000000009 1.0000000180025095e-35 1.0000000180025095e-35 3.5000000000000004 5.5000000000000009 747.75000000000011 5.5000000000000009 4.5000000000000009 1.0000000180025095e-35 1.0000000180025095e-35 1.5000000000000002 5.5000000000000009 106.21250000000002 5.5000000000000009 5.5000000000000009 1.0000000180025095e-35 245.81250000000003 1313.1500000000003 249.95000000000002 3.5000000000000004 5.5000000000000009 1187.8500000000001 5.5000000000000009 5.5000000000000009 1032.6500000000003 4.5000000000000009 1.0000000180025095e-35 327.35000000000008 1.0000000180025095e-35 4.5000000000000009 3.5000000000000004 5.5000000000000009 806.05000000000007 307.85000000000008 4.5000000000000009 400.05000000000007 1.5000000000000002 3.5000000000000004 1.0000000180025095e-35 5.5000000000000009 1.5000000000000002
decision_type=2 2 2 2 2 2 2 2 2 2 2 2 2 2 2 2 2 2 2 2 2 2 2 2 2 2 2 2 2 2 2 2 2 2 2 2 2 2 2 2 2 2 2 2 2 2 2 2 2 2 2 2 2 2 2 2 2 2 2 2 2 2
left_child=1 3 8 4 5 7 16 -1 33 11 19 15 -8 28 39 -4 -3 49 -11 -5 57 -7 -10 -23 31 55 -24 36 29 -12 -18 -14 37 -2 46 59 56 -13 -27 -6 61 -42 -15 -21 -41 -33 47 -9 -49 -16 -51 -25 -53 -29 -36 -26 -20 -17 -59 -22 -60 -32
right_child=2 6 9 10 14 21 12 34 22 18 13 32 24 42 17 20 30 -19 27 43 35 23 26 51 25 38 -28 53 -30 -31 40 45 -34 -35 54 -37 -38 -39 -40 44 41 -43 -44 -45 -46 -47 -48 48 -50 50 -52 52 -54 -55 -56 -57 -58 58 60 -61 -62 -63
leaf_value=-0.72999598383903508 0.37449964993428897 -0.10916568862367573 2.510633667837046 -0.14414352808014849 -0.50325536731644849 -0.41858306416869162 0.34174099035889793 -0.58400617171460245 1.4228165288129424 3.7398263532351828 0.11103812003659236 3.5232504389073593 1.1621429198445419 1.622153352606192 -0.34097094851769982 1.8663133012450428 -0.0013369499677649225 1.1717809907139694 4.006810955944176 0.29342488364443881 3.3072853525207471 -0.43781681547167706 2.3849720524198665 0.69672778447783867 1.3709560942741927 2.0674956938395135 3.6529219213422843 4.8787054297042225 0.1522661231244295 1.6487955216582368 0.39476954235893785 2.3840825524968161 5.376169083877044 1.3140895808565207 -0.37330948067655478 4.3459092303167415 6.3403232242750089 4.8309328630566597 3.693167543411255 -0.15741167657851746 0.16340587074810894 1.0107962426594495 2.8613823066323492 0.84374307886914568 0.33936223845670743 3.8693246121309244 -0.62655834387725517 -0.41158438650330154 0.32723496558917009 0.9579628194150116 -0.2505267722173507 -0.23786107125139658 0.53447198668783302 6.1479435015328328 0.33128499776003068 0.35439484695937623 4.991640299746865 4.4061330332074844 2.0560122387250885 4.5153129482269287 3.3688491801420848 1.4829333964493632
leaf_weight=17156 205 619 357 589 391 600 204 381 117 153 185 101 39 228 158 51 228 266 167 702 292 321 381 286 89 260 91 73 209 254 61 71 88 232 161 158 23 80 32 837 405 407 59 313 386 49 426 166 410 196 161 467 523 79 489 166 95 35 64 45 66 185
leaf_count=17156 205 619 357 589 391 600 204 381 117 153 185 101 39 228 158 51 228 266 167 702 292 321 381 286 89 260 91 73 209 254 61 71 88 232 161 158 23 80 32 837 405 407 59 313 386 49 426 166 410 196 161 467 523 79 489 166 95 35 64 45 66 185
internal_value=-0.00576956 -0.317424 3.06909 -0.428068 -0.532432 -0.601771 0.717087 -0.66942 1.74386 3.77468 0.549432 3.41856 1.44009 1.08003 0.086728 3.14157 0.371716 0.518881 4.58169 0.240134 3.45836 -0.0109136 2.38974 0.14225 1.75746 1.52939 2.62943 4.87644 0.727098 1.00077 0.603182 2.54208 4.51831 0.873321 -0.15823 3.74863 4.52341 4.10123 2.24565 -0.122387 0.733457 0.588145 1.87691 0.463129 -0.000621218 2.99056 -0.306274 -0.163702 0.114311 0.181655 0.412958 0.288175 0.170149 5.53838 0.156762 0.709195 4.36391 2.79317 3.07966 3.46859 2.72253 1.2131
internal_weight=32088 29135 2953 26320 23781 21386 2815 19189 1026 1927 2539 1337 910 935 2395 1068 1905 781 590 1604 711 2197 589 1597 706 547 472 437 648 439 1286 159 269 437 2033 495 285 181 292 1614 1058 812 287 1015 1223 120 1383 957 576 515 357 1276 990 152 650 255 262 216 165 337 130 246
internal_count=32088 29135 2953 26320 23781 21386 2815 19189 1026 1927 2539 1337 910 935 2395 1068 1905 781 590 1604 711 2197 589 1597 706 547 472 437 648 439 1286 159 269 437 2033 495 285 181 292 1614 1058 812 287 1015 1223 120 1383 957 576 515 357 1276 990 152 650 255 262 216 165 337 130 246
is_linear=0
shrinkage=0.05


Tree=11
num_leaves=63
num_cat=0
split_feature=23 35 35 35 40 2 35 28 31 40 11 31 32 2 28 40 40 32 38 35 40 40 40 32 11 40 35 38 35 35 40 31 40 35 31 40 40 40 40 40 40 31 40 35 4 35 32 40 40 35 40 40 33 32 40 35 35 40 40 40 35 40
split_gain=1.11006e+07 891045 819792 340207 280310 178468 174173 149511 147071 123746 104453 91464.7 84614.5 69309.3 66631.9 60779.1 88166 60730.5 60297.1 54347.1 52970.7 68169.6 67807 51622.4 48417 44026.5 42723.6 39853.5 34958.2 34148.1 32435.5 32298.9 30239.9 30095.2 29674 29130.3 54462.2 22944.7 55429.9 22810.5 22452.1 21426.4 21394 20492.2 20119.8 19704 19445.7 19420.4 58867 19355.6 19171.3 30478 18707.3 18642.8 18472.9 18313.6 17913.9 17878.1 17737.1 25875.9 17396.5 17123.9
threshold=1.0000000180025095e-35 623.6500000000002 311.15000000000003 812.6500000000002 1.0000000180025095e-35 1.0000000180025095e-35 264.45000000000005 1.0000000180025095e-35 357.45000000000005 5.5000000000000009 1.0000000180025095e-35 189.65000000000001 329.95000000000005 1.0000000180025095e-35 1.0000000180025095e-35 5.5000000000000009 4.5000000000000009 29.850000000000005 1.0000000180025095e-35 1032.6500000000003 4.5000000000000009 1.5000000000000002 3.5000000000000004 152.35000000000005 1.0000000180025095e-35 1.0000000180025095e-35 1122.0000000000002 1.0000000180025095e-35 949.45000000000016 522.6500000000002 1.5000000000000002 312.25000000000006 3.5000000000000004 1155.7500000000002 292.25000000000006 3.5000000000000004 5.5000000000000009 3.5000000000000004 5.5000000000000009 1.0000000180025095e-35 4.5000000000000009 444.75000000000006 5.5000000000000009 1279.4000000000003 1.0000000180025095e-35 958.55000000000007 433.05000000000007 5.5000000000000009 4.5000000000000009 100.35000000000002 3.5000000000000004 5.5000000000000009 461.35000000000008 436.65000000000003 1.0000000180025095e-35 121.05000000000001 1351.1500000000003 4.5000000000000009 3.5000000000000004 5.5000000000000009 978.05000000000007 1.0000000180025095e-35
decision_type=2 2 2 2 2 2 2 2 2 2 2 2 2 2 2 2 2 2 2 2 2 2 2 2 2 2 2 2 2 2 2 2 2 2 2 2 2 2 2 2 2 2 2 2 2 2 2 2 2 2 2 2 2 2 2 2 2 2 2 2 2 2
left_child=1 6 11 8 -3 7 55 10 12 18 19 49 25 14 24 16 45 41 20 27 21 44 33 -19 39 -4 -17 50 -9 31 -14 -27 53 -23 -20 -21 -37 60 40 -8 -39 -10 -34 52 -5 -7 -44 48 -30 -2 -6 57 -11 -32 -15 -1 -49 -52 -56 -60 -12 -16
right_child=2 4 3 9 5 15 13 28 17 43 37 -13 30 54 61 26 -18 23 34 35 -22 22 -24 -25 -26 29 -28 -29 47 -31 32 -33 42 -35 -36 36 -38 38 -40 -41 -42 -43 46 -45 -46 -47 -48 56 -50 -51 51 -53 -54 -55 58 -57 -58 -59 59 -61 -62 -63
leaf_value=-0.73471577130536736 -0.01769734134276708 -0.40428107814015291 1.4011200469883003 3.7391250584916822 0.20612112242638292 0.79590602931049137 -0.63117285200688433 0.5021608473504322 3.7776133226354918 4.6205686451674541 0.75635198019149286 2.029813495452641 2.190408357663546 -0.45518105830065902 -0.45790138326230506 1.0558299118063363 -0.082024829441924463 1.9593031094242368 1.895346042356993 0.9761690848798894 3.1719869640704834 5.2317079346520563 3.8641174963962883 3.5911156754002151 -0.097334022388755645 1.7754373440535809 2.2539322165296749 -0.48012456975088158 1.578478528613336 2.8092965537578696 3.7226750804531963 2.8806416740682392 2.6961671736565505 7.1030333934291718 3.3355714753270149 -0.21711844011663628 0.68499628560738357 0.57185165290245599 0.89499705378981076 -0.43025367689803046 -0.34608958496783793 4.7534634791480173 3.2665888558115279 6.0841527938842779 2.1203132069629169 1.5635700781934692 4.8256611602646968 1.3589695595628848 -0.10183559954562721 0.83878554825478724 0.0023534430329464687 0.058261886533609655 6.060121772766113 5.6258167895403774 0.53045370019081106 -0.58698182065161919 2.972456250190735 -0.50965524703277143 -0.31616016451199974 0.31920560718773866 1.8508544638752937 0.097314569834775572
leaf_weight=3877 90 1936 131 116 537 225 1747 570 150 232 126 171 64 160 168 357 299 78 57 134 152 70 81 128 971 249 94 727 117 288 31 90 110 31 96 390 293 98 312 7381 208 90 70 33 23 133 28 123 94 247 242 946 25 22 209 4571 20 577 322 319 51 801
leaf_count=3877 90 1936 131 116 537 225 1747 570 150 232 126 171 64 160 168 357 299 78 57 134 152 70 81 128 971 249 94 727 117 288 31 90 110 31 96 390 293 98 312 7381 208 90 70 33 23 133 28 123 94 247 242 946 25 22 209 4571 20 577 322 319 51 801
internal_value=-0.00548108 -0.301553 2.91563 3.29537 0.125408 0.279084 -0.480628 0.163705 2.83886 4.05738 0.0480657 1.08796 2.52417 -0.358817 -0.394999 0.858582 0.551763 3.60301 3.66183 -0.0597803 3.94092 4.30502 4.9418 2.97324 -0.433001 2.23478 1.30555 -0.157395 0.744528 2.40896 3.19912 2.06885 3.44647 5.80608 2.79902 0.302123 0.16988 0.569796 0.426042 -0.468707 -0.0521084 4.14356 3.1748 4.91121 3.47126 1.0811 3.71204 1.13478 0.829903 0.610051 -0.055473 -0.135063 4.7606 4.51266 0.037682 -0.654781 1.58463 -0.358366 0.130456 3.5906e-05 1.07172 0.00105422
internal_weight=32088 29135 2953 2445 8609 6673 20526 5565 1529 916 4641 508 1083 12078 11068 1108 657 446 626 3846 473 321 182 206 10099 758 451 3029 924 627 325 339 261 101 153 817 683 795 618 9128 306 240 208 290 139 358 98 354 211 337 2302 1765 257 53 1010 8448 143 819 850 641 177 969
internal_count=32088 29135 2953 2445 8609 6673 20526 5565 1529 916 4641 508 1083 12078 11068 1108 657 446 626 3846 473 321 182 206 10099 758 451 3029 924 627 325 339 261 101 153 817 683 795 618 9128 306 240 208 290 139 358 98 354 211 337 2302 1765 257 53 1010 8448 143 819 850 641 177 969
is_linear=0
shrinkage=0.05


Tree=12
num_leaves=63
num_cat=0
split_feature=23 7 9 36 2 28 36 36 36 36 21 9 39 40 40 40 36 33 21 36 40 36 36 33 40 40 40 36 40 36 33 32 12 32 40 40 40 40 40 40 40 40 40 31 40 40 28 31 40 36 40 36 38 40 40 32 7 40 40 37 40 40
split_gain=1.00183e+07 1.18788e+06 955545 913065 338514 284266 191488 187630 166304 138499 136589 103130 82863.1 70701.2 70175.1 65395.5 59803.5 51458.7 46740.5 43284.8 42123.2 41514 38203.4 37808.7 37449.4 92604 39943.3 36086.7 35785.7 33684.7 32960.5 32719.5 32356.7 31484.6 31045 29752.5 71438.4 29259.5 29061.8 28708.2 28048.5 60887.7 27054.9 27003.2 26447.5 25635.4 25569 25294.6 24973.1 23968 22906.5 22021 21989.9 21958.4 51847.2 21062.9 21080.5 19319.7 32124.5 19184.9 18434.4 31278.4
threshold=1.0000000180025095e-35 1.0000000180025095e-35 1.0000000180025095e-35 202.21666666666673 1.0000000180025095e-35 1.0000000180025095e-35 225.27083333333334 298.01666666666671 133.56250000000003 243.37500000000003 1.0000000180025095e-35 1.0000000180025095e-35 1.0000000180025095e-35 5.5000000000000009 5.5000000000000009 5.5000000000000009 376.6375000000001 335.05000000000007 1.0000000180025095e-35 163.87083333333337 1.0000000180025095e-35 217.45833333333334 131.81250000000003 114.05000000000001 4.5000000000000009 1.5000000000000002 2.5000000000000004 120.22500000000001 1.5000000000000002 243.37500000000003 1.3500000000000003 225.25000000000003 1.0000000180025095e-35 412.85000000000008 1.5000000000000002 4.5000000000000009 1.5000000000000002 5.5000000000000009 3.5000000000000004 1.0000000180025095e-35 4.5000000000000009 1.5000000000000002 3.5000000000000004 68.950000000000017 1.0000000180025095e-35 1.5000000000000002 1.0000000180025095e-35 428.45000000000005 3.5000000000000004 78.441666666666677 5.5000000000000009 256.81666666666672 1.0000000180025095e-35 3.5000000000000004 5.5000000000000009 314.05000000000007 1.0000000180025095e-35 3.5000000000000004 5.5000000000000009 2.5000000000000004 4.5000000000000009 1.0000000180025095e-35
decision_type=2 2 2 2 2 2 2 2 2 2 2 2 2 2 2 2 2 2 2 2 2 2 2 2 2 2 2 2 2 2 2 2 2 2 2 2 2 2 2 2 2 2 2 2 2 2 2 2 2 2 2 2 2 2 2 2 2 2 2 2 2 2
left_child=1 2 4 8 5 12 27 10 49 22 17 14 -1 35 24 40 23 39 32 -7 -21 -17 -4 -9 25 -8 -27 -3 -12 -30 -15 -16 43 -18 -20 36 -11 -29 -38 47 41 -6 51 -10 -24 -13 -23 -5 -36 -2 60 -43 -25 -22 -55 56 -41 -46 -59 -39 61 -14
right_child=3 6 9 7 15 19 11 16 18 13 28 45 50 30 31 21 33 -19 34 20 53 46 44 52 -26 26 -28 37 29 -31 -32 -33 -34 -35 48 -37 38 59 -40 55 -42 42 -44 -45 57 -47 -48 -49 -50 -51 -52 -53 -54 54 -56 -57 -58 58 -60 -61 -62 -63
leaf_value=-0.66687477024061881 0.050196814559400088 -0.29600134469611222 -0.28285123352290076 1.5763874229233146 -0.34240180703075551 -0.42152294665908968 0.32108500911060317 3.2315547446337614 2.9354907103123207 0.29919053358977199 2.9335546908742294 1.1467575590951102 -0.66165299727959359 1.0588425364413354 1.0092833115715083 0.012051787894023093 4.2059659871932267 3.6382504973496346 1.5970808238801311 -0.39515517544126444 0.60761942797374491 0.62126593861280077 -0.20457877815411601 4.311397679801126 0.21847479524565988 2.6300443449328021 1.2246755529640339 0.17706902584871728 3.8767798048019411 5.3100333698460318 1.9821899489860315 1.8592579398466194 2.7181245936190379 5.3301708312595597 3.9541457371278241 0.23336192523643004 1.8971415679313635 0.28482154932458914 0.87019812671083308 2.3239841420957119 -0.41493434412368374 0.30644834722857928 0.010239757790173195 1.389969049578067 0.9371369432055664 2.7003748677535491 1.8181278529167177 3.4993369007110595 2.586177011889716 0.95819682280035845 -0.23308525801873192 1.1511727841758488 3.2092599131937685 -0.24978009442036805 0.45141440567804891 3.0938396742955887 3.5646263574299066 -0.0055355741478728534 0.71778800547226806 1.0885927422304411 -0.6908908806851346 -0.24180390700046872
leaf_weight=15258 100 263 340 118 543 502 349 275 31 279 59 35 727 219 223 323 233 116 59 335 301 415 185 206 296 62 274 664 125 61 173 230 68 85 44 281 152 124 126 346 510 160 245 320 167 110 50 20 138 266 1254 149 58 495 564 187 38 330 287 185 812 1138
leaf_count=15258 100 263 340 118 543 502 349 275 31 279 59 35 727 219 223 323 233 116 59 335 301 415 185 206 296 62 274 664 125 61 173 230 68 85 44 281 152 124 126 346 510 160 245 320 167 110 50 20 138 266 1254 149 58 495 564 187 38 330 287 185 812 1138
internal_value=-0.00520703 -0.286475 -0.390886 2.76985 -0.489325 -0.552455 0.689755 3.41139 1.56494 0.531126 2.96984 1.05461 -0.614136 0.912085 0.926116 0.0743837 3.96268 2.66199 2.03898 -0.0137148 0.107064 0.447493 0.173158 3.64186 0.688431 0.891507 1.484 0.223651 4.00649 4.34683 1.46634 1.44084 1.71986 4.50646 2.59379 0.652815 0.864425 0.364112 1.43169 2.50226 -0.108572 0.0338569 0.402645 1.52647 0.333161 2.32536 0.749961 1.85508 2.91689 0.710109 -0.409434 0.713775 4.06926 0.230772 0.123661 2.65867 2.44676 0.460051 0.330921 0.766044 -0.492043 -0.405466
internal_weight=32088 29135 26320 2953 23781 21386 2815 1927 1026 2539 1070 1579 19189 1230 1434 2395 857 825 660 2197 1695 788 1309 539 981 685 336 1236 245 186 392 453 419 318 241 838 557 973 278 709 1607 1097 554 351 969 145 465 138 182 366 3931 309 264 1360 1059 571 384 784 617 309 2677 1865
internal_count=32088 29135 26320 2953 23781 21386 2815 1927 1026 2539 1070 1579 19189 1230 1434 2395 857 825 660 2197 1695 788 1309 539 981 685 336 1236 245 186 392 453 419 318 241 838 557 973 278 709 1607 1097 554 351 969 145 465 138 182 366 3931 309 264 1360 1059 571 384 784 617 309 2677 1865
is_linear=0
shrinkage=0.05


Tree=13
num_leaves=63
num_cat=0
split_feature=23 7 9 36 28 39 35 35 36 35 25 35 40 40 35 36 35 40 36 40 40 7 40 9 38 35 31 11 40 40 40 40 40 40 40 35 40 35 36 40 40 36 40 40 31 40 40 35 40 35 39 40 40 31 35 31 38 32 5 32 40 35
split_gain=9.04154e+06 1.07206e+06 862380 824041 290880 258675 226181 171355 169961 132078 123618 123088 100490 72205.4 68219.7 66481.6 64073.2 61257.4 52703.3 50943.3 50598.8 48549.1 48501.2 43095.7 39555.8 35833.7 35572.2 35138.9 34009.2 33999.4 86513.4 33113.7 80542.2 32313.7 69321.3 31601.2 30955.5 29872.5 27766.4 27435.6 47478.6 25966.8 23728.1 23723.3 23001.9 22730.5 50271 22173.8 22145.3 21592.5 21442.4 21145.3 54084.8 21042.2 20335.8 20162.9 19567.3 24010.6 18583.5 17654.8 16777.4 16668.8
threshold=1.0000000180025095e-35 1.0000000180025095e-35 1.0000000180025095e-35 202.21666666666673 1.0000000180025095e-35 1.0000000180025095e-35 782.6500000000002 349.15000000000003 331.81666666666672 782.6500000000002 1.0000000180025095e-35 887.1500000000002 1.0000000180025095e-35 5.5000000000000009 358.15000000000003 185.05833333333337 690.95000000000016 5.5000000000000009 171.71250000000003 5.5000000000000009 5.5000000000000009 1.0000000180025095e-35 5.5000000000000009 1.0000000180025095e-35 1.0000000180025095e-35 412.35000000000008 54.150000000000013 1.0000000180025095e-35 5.5000000000000009 3.5000000000000004 5.5000000000000009 4.5000000000000009 1.0000000180025095e-35 4.5000000000000009 1.0000000180025095e-35 572.75000000000011 5.5000000000000009 141.45000000000002 147.81250000000003 4.5000000000000009 1.5000000000000002 254.11000000000004 3.5000000000000004 1.5000000000000002 330.25000000000006 1.0000000180025095e-35 3.5000000000000004 234.95000000000002 1.0000000180025095e-35 629.1500000000002 1.0000000180025095e-35 4.5000000000000009 1.0000000180025095e-35 398.85000000000008 1187.8500000000001 54.150000000000013 1.0000000180025095e-35 458.65000000000003 1.0000000180025095e-35 376.75000000000006 3.5000000000000004 753.45000000000016
decision_type=2 2 2 2 2 2 2 2 2 2 2 2 2 2 2 2 2 2 2 2 2 2 2 2 2 2 2 2 2 2 2 2 2 2 2 2 2 2 2 2 2 2 2 2 2 2 2 2 2 2 2 2 2 2 2 2 2 2 2 2 2 2
left_child=1 2 4 7 5 -1 14 37 11 18 15 26 -8 31 -3 -7 47 33 -4 38 24 25 51 29 41 -10 -5 -12 -27 43 -31 32 -11 34 -17 53 39 -2 -9 40 -16 -13 -42 -14 -26 -40 -47 -6 -20 -19 -24 52 -18 -28 -15 -48 57 58 -37 -43 -34 -30
right_child=3 6 9 8 16 10 12 19 21 13 27 20 23 54 36 17 22 49 48 -21 -22 -23 50 -25 44 28 35 -29 61 30 -32 -33 60 -35 -36 56 -38 -39 45 -41 42 59 -44 -45 -46 46 55 -49 -50 -51 -52 -53 -54 -55 -56 -57 -58 -59 -60 -61 -62 -63
leaf_value=-0.63353103191755022 0.15884187651949155 -0.060261246543960582 -0.10450206298624304 3.9072014456209931 -0.49236092862859371 -0.3901555312747369 0.32627472608879793 1.0541182377196232 3.0647743657857429 0.13688485305170592 -0.60505884916813846 2.8948115917125552 0.99051167027038689 1.4975371336103769 0.10684095756737107 -0.41243420153087007 -0.2899329694486707 0.18230708968225617 -0.012181736379532578 2.7527141623662015 4.2768869376608301 5.7538190269470215 0.59160536318536738 2.5534684462378725 1.5836709454059603 3.7222577228096494 1.998622031103481 0.13903568683971845 4.1073447828423495 0.51628418017187083 1.870595510866508 0.15155303401165998 1.9930432215628642 -0.42817410342530038 0.33731719218725409 2.9154279277537962 0.9359274050307258 1.0323502049913509 1.2911364594189561 -0.029737327893717764 1.3945462551202095 3.4566461280159566 0.51411934029310946 2.5193815939426423 3.2156581640243531 3.1779429637572982 3.0490573928469704 -0.036808375357641969 0.57056601872599055 0.67955759025741536 1.4773575559534411 -0.27089404650387311 0.86989288655498109 3.2901033865553995 2.562910054901899 1.3570758355866879 1.8727412442366285 4.3876291217803951 1.7833620652556421 4.5364997593324574 1.0871740503366603 5.1585849223992764
leaf_weight=15258 148 671 628 46 350 1200 204 109 119 159 2046 101 34 186 274 523 183 506 198 177 161 35 186 99 50 285 319 172 73 224 249 174 126 553 751 313 388 289 85 261 175 87 136 100 38 88 21 1128 923 384 108 210 223 35 59 109 54 25 41 67 86 78
leaf_count=15258 148 671 628 46 350 1200 204 109 119 159 2046 101 34 186 274 523 183 506 198 177 161 35 186 99 50 285 319 172 73 224 249 174 126 553 751 313 388 289 85 261 175 87 136 100 38 88 21 1128 923 384 108 210 223 35 59 109 54 25 41 67 86 78
internal_value=-0.00494668 -0.272151 -0.371342 2.63136 -0.464859 -0.523283 0.655268 1.48669 3.24082 0.50457 -0.249093 2.92888 1.30373 1.04115 0.345503 -0.080201 0.0585376 0.0566946 0.262203 2.04327 3.54565 3.9477 0.388609 1.58617 3.20241 3.8338 2.55572 -0.547356 4.04369 1.4284 1.22923 0.720652 0.987561 -0.109008 0.0295307 2.47672 0.566142 0.736517 1.73849 0.396547 0.586735 3.51784 1.00954 2.13146 2.28839 1.98468 2.25509 -0.144686 0.467636 0.396851 0.916984 0.13643 0.347114 2.12631 1.7541 1.6304 2.7632 2.89007 2.78431 3.92645 1.62557 4.65037
internal_weight=32088 29135 26320 2953 23781 21393 2815 1026 1927 2539 6135 1337 910 790 1905 3917 2388 2717 1749 589 504 590 910 706 343 555 833 2218 436 607 473 545 371 1827 1274 787 1234 437 412 846 585 255 311 134 88 303 218 1478 1121 890 294 616 406 354 245 130 433 379 354 154 212 151
internal_count=32088 29135 26320 2953 23781 21393 2815 1026 1927 2539 6135 1337 910 790 1905 3917 2388 2717 1749 589 504 590 910 706 343 555 833 2218 436 607 473 545 371 1827 1274 787 1234 437 412 846 585 255 311 134 88 303 218 1478 1121 890 294 616 406 354 245 130 433 379 354 154 212 151
is_linear=0
shrinkage=0.05


Tree=14
num_leaves=63
num_cat=0
split_feature=23 7 9 36 2 28 35 11 35 36 35 36 40 35 35 40 35 40 40 40 40 35 40 36 35 35 35 40 40 32 40 31 40 40 40 32 40 35 31 40 40 40 35 40 40 36 40 40 31 40 33 32 40 11 40 40 36 40 35 40 40 40
split_gain=8.15999e+06 967535 778298 743697 282739 230494 204128 168940 155385 154898 150218 119541 90691.9 64332.3 61708.2 50462.7 50101.4 49902.9 46362.2 39430.3 93134 38966.9 38797.9 38580.7 38008.7 36552.4 34105.3 33386.4 32032.1 31806.4 30053.4 30018.7 28487.2 46418.4 27814.7 27176.8 25745.4 24928.6 23910.1 23167.9 53999 25291.2 22840.6 22358.1 45683.9 21861.3 21235.3 46888 20601.1 20507.4 19919.4 19668.2 19585.1 19049.3 18809.4 32794.9 19682.1 18431.1 17634.2 17402.4 17280.1 37696.6
threshold=1.0000000180025095e-35 1.0000000180025095e-35 1.0000000180025095e-35 202.21666666666673 1.0000000180025095e-35 1.0000000180025095e-35 782.6500000000002 1.0000000180025095e-35 271.65000000000003 370.65000000000009 978.05000000000007 262.54166666666674 1.0000000180025095e-35 747.75000000000011 281.55000000000007 1.0000000180025095e-35 428.85000000000008 5.5000000000000009 5.5000000000000009 3.5000000000000004 5.5000000000000009 747.75000000000011 5.5000000000000009 244.65833333333336 612.95000000000016 452.85000000000008 860.05000000000007 1.0000000180025095e-35 5.5000000000000009 27.850000000000005 1.5000000000000002 446.65000000000003 3.5000000000000004 5.5000000000000009 5.5000000000000009 135.75000000000003 1.0000000180025095e-35 1351.1500000000003 40.000000000000007 4.5000000000000009 1.5000000000000002 3.5000000000000004 345.85000000000008 5.5000000000000009 3.5000000000000004 234.53750000000005 4.5000000000000009 1.5000000000000002 148.65000000000001 2.5000000000000004 59.95000000000001 428.85000000000008 1.0000000180025095e-35 1.0000000180025095e-35 4.5000000000000009 1.0000000180025095e-35 215.17083333333335 4.5000000000000009 307.85000000000008 5.5000000000000009 1.0000000180025095e-35 3.5000000000000004
decision_type=2 2 2 2 2 2 2 2 2 2 2 2 2 2 2 2 2 2 2 2 2 2 2 2 2 2 2 2 2 2 2 2 2 2 2 2 2 2 2 2 2 2 2 2 2 2 2 2 2 2 2 2 2 2 2 2 2 2 2 2 2 2
left_child=1 2 4 8 5 7 14 -1 48 10 15 16 -8 42 -3 -5 -4 39 60 30 57 29 31 -7 51 -11 -19 -16 46 50 -14 -12 -29 -34 54 -23 -25 -22 -31 40 -13 -42 -6 44 -26 -46 47 -18 -2 -32 -10 -17 -27 -38 55 -9 -57 -21 -36 -44 -15 -62
right_child=3 6 11 9 13 23 12 34 21 25 22 17 19 18 27 24 28 26 -20 20 37 35 -24 36 43 52 -28 32 -30 38 49 -33 33 -35 58 -37 53 -39 -40 -41 41 -43 59 -45 45 -47 -48 -49 -50 -51 -52 -53 -54 -55 -56 56 -58 -59 -60 -61 61 -63
leaf_value=-0.60592353837701385 0.28249198477715254 -0.17831967725689551 -0.15000490475453498 1.798596387853225 -0.34423545805229794 -0.20746917589763753 0.30996098894735469 -0.48753220165182604 3.6678975246570733 3.3086682311348294 3.1352982614690608 0.33322448685624395 0.99412816292964501 -0.26612721362823172 -0.027526691699646014 2.2522645486508988 -0.070355274014088295 0.98928756051217059 0.98212260744303359 1.1877886100431507 1.7768404716876018 1.1816558770835399 4.3486742402190597 -0.30810518818301114 3.5791414253556959 3.2914283618330957 2.0316371147449201 1.0514675059666236 0.89753355813974689 2.2215477031155637 3.4508602315729315 4.4904252920299772 0.10910120316088739 0.81944348341785378 -0.30798263385521701 3.0709454045347546 0.26086553178298749 3.458884151776632 1.3356143731100021 0.25697338552466442 1.8923108858326749 0.84045826087020492 -0.10093990522905215 3.3794390841900745 1.5846431671471244 2.6566976992620361 -0.18104058569792825 0.99054365059231775 1.1347402669415616 2.0944760924107153 2.052187478725727 3.6734916752347582 4.5908985363045316 1.1178973777193419 -0.52704526782035832 -0.19537667050483554 0.38977322318154917 0.29599060900060525 0.29532271239502789 0.34854286446691418 1.0705757496560493 -0.010595849985813994
leaf_weight=17156 238 457 620 183 622 1187 204 381 27 115 275 238 39 158 258 382 215 198 266 89 268 24 134 192 104 34 130 270 264 95 44 48 456 464 161 92 747 24 384 240 124 106 676 214 71 144 202 202 101 76 65 26 197 71 426 275 301 166 489 316 123 234
leaf_count=17156 238 457 620 183 622 1187 204 381 27 115 275 238 39 158 258 382 215 198 266 89 268 24 134 192 104 34 130 270 264 95 44 48 456 464 161 92 747 24 384 240 124 106 676 214 71 144 202 202 101 76 65 26 197 71 426 275 301 166 489 316 123 234
internal_value=-0.00469934 -0.258544 -0.352774 2.49979 -0.441616 -0.499311 0.622504 -0.554853 1.41236 3.07878 2.86907 0.479341 1.23854 0.0735648 0.328228 2.5583 0.194504 0.892575 0.446092 1.50686 1.3054 1.84459 3.63341 -0.0141943 2.70604 4.03703 1.40241 0.488098 0.436401 1.67487 2.19993 3.33668 0.599889 0.467361 -0.123881 2.68006 0.212952 1.91509 1.51132 0.656379 0.861202 1.40754 -0.106698 2.98406 2.71882 2.30267 0.239731 0.443557 0.536407 2.59182 2.52636 2.34283 4.39963 0.335253 -0.250671 -0.127645 0.110405 0.607246 0.145889 0.0422421 0.16923 0.361909
internal_weight=32088 29135 26320 2953 23781 21386 2815 19189 1026 1927 1581 2539 910 2395 1905 1124 1503 1036 781 706 547 687 457 2197 941 346 328 1448 883 571 159 323 1190 920 2033 116 1010 292 479 708 468 230 1614 533 319 215 619 417 339 120 92 408 231 818 1383 957 576 255 650 992 515 357
internal_count=32088 29135 26320 2953 23781 21386 2815 19189 1026 1927 1581 2539 910 2395 1905 1124 1503 1036 781 706 547 687 457 2197 941 346 328 1448 883 571 159 323 1190 920 2033 116 1010 292 479 708 468 230 1614 533 319 215 619 417 339 120 92 408 231 818 1383 957 576 255 650 992 515 357
is_linear=0
shrinkage=0.05


Tree=15
num_leaves=63
num_cat=0
split_feature=23 7 36 2 28 36 36 36 21 32 21 36 13 36 33 40 36 40 40 40 36 32 40 40 32 40 7 7 40 21 40 40 37 31 40 40 36 36 34 33 40 32 40 40 40 40 40 40 40 34 32 32 32 40 40 2 33 40 33 34 40 40
split_gain=7.57929e+06 863005 657505 272314 225682 191358 156765 97107.2 74422.3 73284.8 71532 62747.2 59386.3 54923.3 54265.4 51543.2 48537.1 47816.1 55881.7 52653.7 45735.2 43404.1 39407.5 36379.1 35160 30502.8 29022.9 28863.1 28416.7 27981.1 27578.2 54531 27435.4 25367.9 24944.5 46343.7 24910.9 22566.7 22532.3 22496.2 22357.9 21515.2 21403 20599.7 19990.5 50113.8 22107 19459.6 26887.4 19187.8 18291.1 17930.6 17341.7 16386.9 16341.7 15476.8 14912.6 14611.9 13893 13653 13361.7 13258.6
threshold=1.0000000180025095e-35 1.0000000180025095e-35 242.21250000000003 1.0000000180025095e-35 1.0000000180025095e-35 166.41000000000003 266.78333333333336 370.65000000000009 1.0000000180025095e-35 164.25000000000003 1.0000000180025095e-35 195.6166666666667 1.0000000180025095e-35 242.21250000000003 114.05000000000001 5.5000000000000009 140.98750000000004 1.5000000000000002 3.5000000000000004 5.5000000000000009 100.47500000000001 412.85000000000008 5.5000000000000009 1.0000000180025095e-35 109.25000000000001 5.5000000000000009 1.0000000180025095e-35 1.0000000180025095e-35 1.0000000180025095e-35 1.0000000180025095e-35 4.5000000000000009 1.0000000180025095e-35 2.5000000000000004 304.35000000000008 4.5000000000000009 1.5000000000000002 248.08750000000001 288.61000000000007 232.95000000000002 20.950000000000003 1.5000000000000002 456.35000000000008 1.0000000180025095e-35 3.5000000000000004 4.5000000000000009 1.5000000000000002 3.5000000000000004 3.5000000000000004 5.5000000000000009 130.55000000000004 236.15000000000001 79.250000000000014 382.75000000000006 5.5000000000000009 5.5000000000000009 1.0000000180025095e-35 343.35000000000008 1.0000000180025095e-35 269.40000000000003 157.35000000000005 4.5000000000000009 3.5000000000000004
decision_type=2 2 2 2 2 2 2 2 2 2 2 2 2 2 2 2 2 2 2 2 2 2 2 2 2 2 2 2 2 2 2 2 2 2 2 2 2 2 2 2 2 2 2 2 2 2 2 2 2 2 2 2 2 2 2 2 2 2 2 2 2 2
left_child=1 3 5 4 9 20 16 8 14 33 12 -5 27 53 37 30 -3 -8 38 -20 -2 -9 44 -11 -21 34 41 40 -12 -22 31 -13 -24 -1 35 -15 -25 42 -19 -17 -7 51 -4 -37 45 -18 -47 58 60 -50 -27 -16 -33 -6 -31 -53 -23 -10 -38 -26 -49 -59
right_child=2 6 7 11 13 10 17 21 57 23 28 15 -14 25 26 39 22 18 19 24 29 56 32 36 59 50 -28 -29 -30 54 -32 52 -34 -35 -36 43 47 -39 -40 -41 -42 -43 -44 -45 -46 46 -48 48 49 -51 -52 55 -54 -55 -56 -57 -58 61 -60 -61 -62 -63
leaf_value=-0.55202365127493636 0.33363864485362776 -0.17723867097681034 1.0646267868058625 -0.21008553734656893 -0.28348384452856989 0.84555713805285382 0.4647415058230589 3.5896795953503098 3.2174867707671542 -0.52405785147191419 1.6965078348809102 -0.21119069141406521 3.0646934034865958 -0.12709120120786424 4.4013717126846315 0.42192845084505715 -0.024749904954534215 1.830339288895261 0.5508325304939854 0.7921274134607027 0.98108012542233869 4.4235494578968391 0.30964317386782408 -0.34267661450476811 1.6206578524386295 0.33635332617359087 4.3272250484017771 2.6856128518864262 3.0447432130607295 1.4313931117171332 -0.21704833494198589 0.43887024746650899 1.1624078422147013 -0.41353619040800704 -0.28691824788259246 1.1516960564237204 0.0039479714136050883 2.725475623353522 3.5468212864615705 1.0430911949022119 1.695028230435937 4.2270611445109045 2.3125326524613894 0.27327770069078133 -0.10126384410599072 1.2520627328175504 0.3820743841468357 -0.095129636836587095 -0.081924590691421925 0.61326983534129331 1.037654723745411 2.7252265102632749 1.096003466584049 0.10366748198083059 2.4770841142740743 3.6845745320222818 5.8410565291132244 5.5828724002838142 0.63071436323538554 2.5760337466889243 -0.47932327861464019 4.1183678435928686
leaf_weight=9265 178 420 43 809 845 99 261 262 33 1478 47 316 86 279 20 321 317 146 305 132 283 55 149 2932 183 183 51 59 232 105 384 337 257 5142 236 161 344 319 22 267 356 36 171 114 273 170 128 323 816 113 189 296 143 404 58 49 28 20 119 47 756 68
leaf_count=9265 178 420 43 809 845 99 261 262 33 1478 47 316 86 279 20 321 317 146 305 132 283 55 149 2932 183 183 51 59 232 105 384 337 257 5142 236 161 344 319 22 267 356 36 171 114 273 170 128 323 816 113 189 296 143 404 58 49 28 20 119 47 756 68
internal_value=0.000663083 -0.244413 2.41376 -0.333478 -0.386557 1.68082 0.588426 3.17297 2.94452 -0.438483 2.15617 0.154649 1.84859 0.0719257 2.80076 0.321544 0.28979 1.05545 1.24009 1.03481 1.01122 3.90534 0.441376 -0.304246 1.44258 0.319342 3.20376 1.64512 2.81762 1.28164 0.13097 0.298859 0.849447 -0.502596 0.143551 0.326928 -0.244116 2.459 2.05512 0.703987 1.5102 3.06088 2.06179 0.787552 0.254803 0.412863 0.878376 -0.127168 -0.194545 0.0026362 0.69266 2.94586 0.634641 -0.158256 1.80348 2.86148 4.90174 4.11474 0.165039 1.81589 -0.364314 4.45121
internal_weight=32040 29086 2954 26276 23699 1503 2810 1451 1106 21288 879 2577 600 2411 985 1768 1714 1096 835 667 624 345 1294 6881 362 1162 452 514 279 446 1180 796 406 14407 790 554 5403 533 168 588 455 401 214 275 888 615 298 2471 2008 929 372 365 480 1249 163 345 83 121 463 230 1079 88
internal_count=32040 29086 2954 26276 23699 1503 2810 1451 1106 21288 879 2577 600 2411 985 1768 1714 1096 835 667 624 345 1294 6881 362 1162 452 514 279 446 1180 796 406 14407 790 554 5403 533 168 588 455 401 214 275 888 615 298 2471 2008 929 372 365 480 1249 163 345 83 121 463 230 1079 88
is_linear=0
shrinkage=0.05


Tree=16
num_leaves=63
num_cat=0
split_feature=23 7 9 36 28 39 36 35 36 25 21 40 35 35 35 40 36 35 40 35 36 36 12 35 40 35 40 40 40 35 11 21 40 40 40 35 40 40 40 40 35 40 40 40 9 40 40 35 40 40 36 39 31 34 40 40 40 40 33 36 40 33
split_gain=6.84031e+06 778862 711151 596629 225374 191201 188045 166436 107071 95052.4 84335.9 82327.9 80929.2 76899.5 53589.6 51053.5 50073.4 46926.6 43183 42972.2 42266.8 39342.8 37428.6 36795.2 36745.2 35731.1 32384.8 29225.2 56160.3 31385.8 28883.6 26320.1 25292.1 25119 32216.6 24758.6 27004.9 23627 30728 27796.8 23359.5 23114.2 22426.4 22120.6 22047 21242.1 46303.6 19558 18121.6 23646.6 17492.6 17463.9 17322.2 17094.6 16920.8 43747.5 16483.1 52261 15237.8 15147.3 15082.3 15038.7
threshold=1.0000000180025095e-35 1.0000000180025095e-35 1.0000000180025095e-35 181.62666666666669 1.0000000180025095e-35 1.0000000180025095e-35 268.21666666666675 712.95000000000016 243.37500000000003 1.0000000180025095e-35 1.0000000180025095e-35 1.0000000180025095e-35 696.75000000000011 264.45000000000005 685.05000000000007 5.5000000000000009 279.41250000000008 361.15000000000003 5.5000000000000009 860.05000000000007 376.6375000000001 413.25000000000006 1.0000000180025095e-35 358.15000000000003 1.0000000180025095e-35 406.55000000000007 1.5000000000000002 4.5000000000000009 1.5000000000000002 304.85000000000008 1.0000000180025095e-35 1.0000000180025095e-35 1.0000000180025095e-35 3.5000000000000004 5.5000000000000009 442.35000000000008 3.5000000000000004 1.5000000000000002 3.5000000000000004 5.5000000000000009 1279.4000000000003 5.5000000000000009 5.5000000000000009 3.5000000000000004 1.0000000180025095e-35 3.5000000000000004 5.5000000000000009 202.60000000000002 5.5000000000000009 4.5000000000000009 285.45833333333337 1.0000000180025095e-35 108.85000000000001 344.35000000000008 4.5000000000000009 1.0000000180025095e-35 3.5000000000000004 1.5000000000000002 318.95000000000005 216.37083333333337 1.0000000180025095e-35 142.65000000000001
decision_type=2 2 2 2 2 2 2 2 2 2 2 2 2 2 2 2 2 2 2 2 2 2 2 2 2 2 2 2 2 2 2 2 2 2 2 2 2 2 2 2 2 2 2 2 2 2 2 2 2 2 2 2 2 2 2 2 2 2 2 2 2 2
left_child=1 2 4 13 5 -1 10 17 25 15 22 -9 21 -2 47 27 44 -3 54 -10 31 -8 26 -17 -21 -4 61 28 -7 -30 -11 42 -15 -18 -35 -28 -37 -27 -39 -40 -22 -38 52 -31 48 -26 -47 -6 49 -13 -19 -20 -14 58 55 -16 57 -54 -34 -24 -49 -5
right_child=3 7 8 6 14 9 12 11 19 30 -12 16 20 32 18 23 33 50 51 24 40 -23 59 -25 45 37 35 -29 29 43 -32 -33 53 34 -36 36 41 38 39 -41 -42 -43 -44 -45 -46 46 -48 60 -50 -51 -52 -53 56 -55 -56 -57 -58 -59 -60 -61 -62 -63
leaf_value=-0.54842445674143925 0.45683354747047444 -0.06729135572253224 -0.14679879154735057 0.75778856992044241 -0.50780797139673994 -0.35595148384712805 2.4518371101505689 0.23513552831852291 0.57421365280570569 -0.5315215987725983 2.9705021727735348 1.0020623673005662 4.3020238422212147 0.75031077111921007 -0.24680778934853154 -0.19568356649280327 2.4069889699060893 0.32177768547847951 0.56320545012697332 0.31127211244738834 3.9119366293554907 3.4796144154446185 2.194387372857646 0.38381693799185818 2.0728609299391842 -0.096270245305801694 1.4919266945395455 -0.4406402190143765 -0.26645614388001754 0.63906080727149961 0.12578039478387806 4.2167148516458628 1.4922914802843572 0.8251355319489948 1.9322752287433407 3.2292391160438805 1.6446519274770477 1.3953764921757912 0.02721105993788437 0.79617342075071729 5.377645659446717 2.5218373179276075 3.7149388290586929 0.0460190907848088 1.8617282398960047 0.58627370564726655 1.8226349448997703 -0.4222929458285487 1.2170825291714982 0.029709160593101538 0.75847270992742466 1.3666164894407202 2.5379394964407105 3.0579026358468191 -0.24540558074767463 0.7806712946755191 2.4353409546486877 4.6701956675166176 2.7082082097019473 3.5368649610813629 0.03882978130497771 1.7606080115758456
leaf_weight=15215 296 686 542 88 276 920 404 244 744 2046 275 133 21 93 192 406 97 696 181 98 111 121 38 842 89 190 159 820 258 369 182 68 323 113 157 58 162 90 251 221 36 140 126 274 57 154 149 215 167 118 342 108 91 21 207 225 141 42 28 47 1012 65
leaf_count=15215 296 686 542 88 276 920 404 244 744 2046 275 133 21 93 192 406 97 696 181 98 111 121 38 842 89 190 159 820 258 369 182 68 323 113 157 58 162 90 251 221 36 140 126 274 57 154 149 215 167 118 342 108 91 21 207 225 141 42 28 47 1012 65
internal_value=0.000629929 -0.232192 -0.316804 2.29307 -0.401673 -0.45351 2.71166 0.559005 0.480449 -0.217427 2.22058 1.04384 3.14818 1.0868 0.0560213 -0.068243 1.27819 0.253592 0.35816 0.813665 3.52746 2.68872 1.94815 0.195294 1.17724 0.162683 1.82311 -0.192777 -0.0811633 0.19942 -0.477828 3.30398 1.48782 1.71685 1.46892 2.01157 2.24107 0.38574 0.548698 0.387255 4.27089 2.05129 3.15655 0.386349 0.939266 1.39373 1.19425 -0.127513 0.813475 0.54494 0.46566 0.863442 2.91806 1.67219 0.124143 0.307587 2.81198 3.21128 1.58929 2.9367 -0.04197 1.18382
internal_weight=32040 29086 26276 2954 23748 21332 2193 2810 2528 6117 1032 1086 1161 761 2416 3889 842 1724 913 1234 636 525 757 1248 490 1294 672 2641 1821 901 2228 489 465 367 270 519 360 752 562 472 147 302 421 643 475 392 303 1503 418 251 1038 289 295 372 624 417 274 133 351 85 1227 153
internal_count=32040 29086 26276 2954 23748 21332 2193 2810 2528 6117 1032 1086 1161 761 2416 3889 842 1724 913 1234 636 525 757 1248 490 1294 672 2641 1821 901 2228 489 465 367 270 519 360 752 562 472 147 302 421 643 475 392 303 1503 418 251 1038 289 295 372 624 417 274 133 351 85 1227 153
is_linear=0
shrinkage=0.05


Tree=17
num_leaves=63
num_cat=0
split_feature=23 9 39 36 25 35 35 35 28 40 35 40 40 40 40 40 36 36 35 36 2 40 40 40 40 40 32 40 35 36 11 31 35 40 40 40 35 35 31 28 36 40 40 35 35 28 25 31 40 40 40 21 36 31 40 40 40 40 40 40 32 35
split_gain=6.17338e+06 704288 569402 539956 194550 176885 165025 141014 138931 112206 86609.1 71671.6 150556 66828.2 59969.4 58658.1 54195.6 51546.2 48966.7 45739.5 42922 42063.6 91558.5 41879.3 37350.9 52917.6 36982.5 36407.5 33324.8 30192.5 28656.4 24803.5 23961.3 22738.1 42808.3 30554.1 22679.6 22174 21172 19406.7 17844.2 17446 21138.9 17404.5 17216.5 17092.8 16150 15441.7 14630.4 22997.4 19582.2 14262.3 13681.3 13315.1 13139.7 13126.9 15743.1 18485.3 12616.7 12369.9 12103.8 12093.3
threshold=1.0000000180025095e-35 1.0000000180025095e-35 1.0000000180025095e-35 242.21250000000003 1.0000000180025095e-35 271.65000000000003 392.25000000000011 618.05000000000007 1.0000000180025095e-35 5.5000000000000009 806.05000000000007 4.5000000000000009 1.5000000000000002 5.5000000000000009 3.5000000000000004 1.5000000000000002 347.52916666666675 362.04166666666669 949.45000000000016 170.31000000000003 1.0000000180025095e-35 4.5000000000000009 1.5000000000000002 3.5000000000000004 3.5000000000000004 5.5000000000000009 27.850000000000005 5.5000000000000009 199.05000000000004 289.95500000000004 1.0000000180025095e-35 334.05000000000007 176.95000000000002 4.5000000000000009 1.0000000180025095e-35 3.5000000000000004 1187.8500000000001 1069.4000000000003 154.75000000000003 1.0000000180025095e-35 390.78333333333336 1.5000000000000002 3.5000000000000004 543.55000000000007 572.75000000000011 1.0000000180025095e-35 1.0000000180025095e-35 140.35000000000005 1.5000000000000002 3.5000000000000004 5.5000000000000009 1.0000000180025095e-35 318.92500000000001 450.45000000000005 1.0000000180025095e-35 1.5000000000000002 3.5000000000000004 5.5000000000000009 1.0000000180025095e-35 1.0000000180025095e-35 28.750000000000004 998.25000000000011
decision_type=2 2 2 2 2 2 2 2 2 2 2 2 2 2 2 2 2 2 2 2 2 2 2 2 2 2 2 2 2 2 2 2 2 2 2 2 2 2 2 2 2 2 2 2 2 2 2 2 2 2 2 2 2 2 2 2 2 2 2 2 2 2
left_child=1 2 8 5 6 38 32 28 -1 11 16 12 54 21 29 26 44 27 52 60 30 22 -9 37 43 46 -7 33 -3 -14 45 -10 -4 34 -12 -36 -15 -24 -2 -20 48 -19 -43 -21 58 -6 -26 -35 -30 -50 -51 -27 -11 -18 -8 -34 -57 -58 -5 -33 -17 -47
right_child=3 7 4 10 20 15 9 13 31 18 17 -13 14 36 -16 19 53 41 39 24 -22 -23 23 -25 25 51 -28 -29 40 -31 -32 59 55 47 35 -37 -38 -39 -40 -41 -42 42 -44 -45 -46 61 -48 -49 49 50 -52 -53 -54 -55 -56 56 57 -59 -60 -61 -62 -63
leaf_value=-0.52100323441391561 0.28067988729112264 -0.33133339040190823 -0.45675105281502204 1.1575255703926086 -0.49843394389250417 2.7156013062506013 -0.16581887020989919 0.30030030226247351 -0.19592637565120205 0.43944679614415955 2.3516363598541781 -0.19284864046804476 0.79893711946265478 1.2691872375534066 0.30530024947721235 2.1841556411095948 2.8583704044078964 2.9790615602775858 1.055525610437579 1.9992637065904484 0.37394008918926519 0.16312377231321515 1.7177652280978286 0.87997290473176193 1.6719082240464873 2.2711040294170384 0.92114987662904879 3.6847106382250789 -0.11156682161455776 1.5244136205734486 0.18914673428680448 -0.26361547902347598 -0.35963633987015453 3.5393585920333863 4.315129220409271 2.731777126550675 2.250473708669904 3.0639802795648574 1.0708180488962116 2.0325100287795066 0.84429415499462801 5.7474672815074097 4.0545521664363084 3.4345038460264372 2.5086453372087236 -0.18353648292245689 0.32510191734880212 2.032096504235426 0.92675358742257985 -0.055602825195894351 0.49293009953340516 3.0443194990808315 0.84055933099188518 3.64183222667591 0.297115496856387 0.37084725084438175 -0.33753329068676319 0.10261595388932508 2.0760300418370448 0.2943737712576841 1.348002098234552 0.88422323393099234
leaf_weight=15215 237 249 636 45 2046 33 894 319 1251 804 110 967 373 345 429 53 203 27 247 28 189 281 130 146 203 150 221 160 235 233 185 123 352 20 78 50 71 40 132 64 136 23 93 86 234 135 25 113 137 331 320 99 289 74 185 219 440 521 221 516 236 33
leaf_count=15215 237 249 636 45 2046 33 894 319 1251 804 110 967 373 345 429 53 203 27 247 28 189 281 130 146 203 150 221 160 235 233 185 123 352 20 78 50 71 40 132 64 136 23 93 86 234 135 25 113 137 331 320 99 289 74 185 219 440 521 221 516 236 33
internal_value=0.000598432 -0.220583 -0.299928 2.17842 0.0163174 1.51422 0.159404 0.542348 -0.47078 0.332539 2.86642 0.163715 0.326816 0.911135 0.757648 1.82364 2.50664 3.28118 0.703014 2.01683 -0.351517 0.672465 0.897859 1.50109 2.26891 2.07459 1.15429 3.05427 0.193467 1.07787 -0.408671 -0.0664718 -0.198765 2.78238 3.075 3.69663 1.43667 2.03452 0.563331 1.25658 0.306216 4.12377 4.39022 3.08199 2.19583 -0.458624 1.52423 2.25875 0.234682 0.337942 0.214029 2.57853 0.545505 3.06767 -0.0864464 -0.0916633 -0.0117256 -0.0989092 1.92064 0.186967 1.50135 0.026202
internal_weight=32040 29086 26346 2954 9241 1503 6653 2740 17105 4485 1451 3081 2114 1332 1035 1134 777 674 1404 880 2588 916 635 316 591 477 254 531 1408 606 2399 1890 2168 371 238 128 416 170 369 311 1159 143 116 114 500 2214 228 133 1023 788 651 249 1093 277 1079 1532 1180 961 266 639 289 168
internal_count=32040 29086 26346 2954 9241 1503 6653 2740 17105 4485 1451 3081 2114 1332 1035 1134 777 674 1404 880 2588 916 635 316 591 477 254 531 1408 606 2399 1890 2168 371 238 128 416 170 369 311 1159 143 116 114 500 2214 228 133 1023 788 651 249 1093 277 1079 1532 1180 961 266 639 289 168
is_linear=0
shrinkage=0.05


Tree=18
num_leaves=63
num_cat=0
split_feature=23 9 39 36 25 36 36 28 36 40 21 28 13 39 9 31 40 40 36 12 2 36 32 40 40 40 31 11 40 12 40 36 40 36 31 40 40 32 32 40 40 36 32 28 40 40 40 40 40 40 40 36 40 40 40 37 21 36 40 40 40 40
split_gain=5.57147e+06 635620 513886 488549 175581 153309 141362 125385 114057 84397.6 72259.3 64756.9 59491.9 55021.8 51849.5 59006.6 51407.6 82981 48079.3 41411.1 38737.1 35657.5 33781.7 30456.4 34065.1 33032.3 28023.5 25862.4 24932.5 24657.1 24341.6 24267.7 23962.9 23174.6 22531 21682.1 19739.7 17327.1 17302.7 16930.7 16603.3 16317 15882.1 15426.3 15241.3 25234.9 16620.3 14636.9 14543.8 38814.6 16601.2 14147.4 12989.7 12986.3 31361.4 12788.5 12781.1 12531.2 12288.5 24326 12231.3 15811.6
threshold=1.0000000180025095e-35 1.0000000180025095e-35 1.0000000180025095e-35 181.62666666666669 1.0000000180025095e-35 268.21666666666675 204.51666666666668 1.0000000180025095e-35 262.54166666666674 1.0000000180025095e-35 1.0000000180025095e-35 1.0000000180025095e-35 1.0000000180025095e-35 1.0000000180025095e-35 1.0000000180025095e-35 382.95000000000005 3.5000000000000004 5.5000000000000009 100.47500000000001 1.0000000180025095e-35 1.0000000180025095e-35 131.81250000000003 352.45000000000005 1.5000000000000002 3.5000000000000004 5.5000000000000009 11.550000000000002 1.0000000180025095e-35 1.5000000000000002 1.0000000180025095e-35 5.5000000000000009 128.62500000000003 1.5000000000000002 382.3250000000001 320.15000000000003 5.5000000000000009 1.0000000180025095e-35 227.45000000000002 247.15000000000001 5.5000000000000009 5.5000000000000009 291.51250000000005 398.85000000000008 1.0000000180025095e-35 4.5000000000000009 1.5000000000000002 3.5000000000000004 4.5000000000000009 3.5000000000000004 1.5000000000000002 5.5000000000000009 216.37083333333337 5.5000000000000009 3.5000000000000004 5.5000000000000009 3.5000000000000004 1.0000000180025095e-35 296.12500000000006 4.5000000000000009 1.5000000000000002 3.5000000000000004 5.5000000000000009
decision_type=2 2 2 2 2 2 2 2 2 2 2 2 2 2 2 2 2 2 2 2 2 2 2 2 2 2 2 2 2 2 2 2 2 2 2 2 2 2 2 2 2 2 2 2 2 2 2 2 2 2 2 2 2 2 2 2 2 2 2 2 2 2
left_child=1 2 7 18 6 10 31 -1 21 -8 12 16 19 30 15 33 28 47 -2 32 27 -3 -17 -23 -25 -26 -20 43 -11 39 44 -4 -5 40 -9 58 -15 -32 -19 -28 -7 -30 -16 -6 45 -10 -47 -18 49 -24 -50 -21 -36 -13 -55 -27 -41 -40 59 -33 -34 -62
right_child=3 8 4 5 20 14 9 34 13 11 -12 53 -14 36 42 22 17 38 26 51 -22 23 48 24 25 55 29 -29 41 -31 37 35 60 -35 52 -37 -38 -39 57 56 -42 -43 -44 -45 -46 46 -48 -49 50 -51 -52 -53 -54 54 -56 -57 -58 -59 -60 -61 61 -63
leaf_value=-0.49495307300697661 0.25868948202245357 -0.19715119029363892 -0.36149097135494568 0.86011118562133226 -0.47351224682751758 2.1323150375186177 -0.12626045630293459 -0.19570360920567043 0.24272930768516515 0.23155076009617456 2.6990242000493136 1.738799565127402 2.9670448648795653 0.63352739177644257 3.3798169557799085 2.8970523893624369 0.21586877578315705 0.38464706692559125 2.2937588565754443 1.8931361232485093 0.35524308547604261 -0.067329924483629358 3.2313761322586623 1.1820017758116221 0.058548136867545821 0.49427138646335705 0.72882756226920453 0.17968939489609487 0.64119277317076928 1.8793598106467582 0.6680158786051642 -0.32887471730938822 2.1844210516802871 3.7134558975696565 0.014190932052830854 0.22331418689224788 1.6065130027216528 1.5125036675731343 0.53971273317549595 1.0385005822104794 2.7064219291942817 1.2046253299355045 4.6261302341114394 0.024891926867089104 0.117460699690217 1.5277918221086872 0.57535532849819171 -0.16543730385696193 2.5742381919514052 6.0265363112739898 4.0577885627746584 3.2270807674397597 0.47576950970272142 0.32837540702976753 1.4394791812629535 1.0954786872984295 2.0234366543152755 1.0359550354882947 -0.40229599106921587 0.24805921097958669 1.1817743664812199 1.8330434984967603
leaf_weight=15215 178 356 858 135 2046 366 815 1189 174 174 275 66 89 64 61 339 370 663 53 35 189 302 27 157 403 253 303 185 256 83 123 371 79 32 477 548 281 120 272 93 192 258 44 168 187 98 86 787 33 23 44 46 224 113 145 136 51 239 358 360 191 182
leaf_count=15215 178 356 858 135 2046 366 815 1189 174 174 275 66 89 64 61 339 370 663 53 35 189 302 27 157 403 253 303 185 256 83 123 371 79 32 477 548 281 120 272 93 192 258 44 168 187 98 86 787 33 23 44 46 224 113 145 136 51 239 358 360 191 182
internal_value=0.00056851 -0.209554 -0.284932 2.0695 0.0155015 2.44828 0.151434 -0.447241 0.515231 0.329968 2.00487 0.441193 1.75269 0.899423 2.84243 2.73707 0.369101 0.257009 0.977941 1.5909 -0.333942 0.244359 3.15762 0.370001 0.509173 0.375796 1.19754 -0.388237 0.748879 1.08792 0.668871 -0.146099 1.44466 2.4049 -0.0631482 -0.0332053 1.42602 1.08505 0.553165 0.940963 2.32986 0.924005 3.90208 -0.435693 0.48331 0.674411 1.08263 -0.0434985 3.85315 4.51715 3.42198 2.65068 0.161685 1.11294 0.952833 0.704462 1.38733 0.77181 -0.162289 -0.0447486 1.61925 1.49955
internal_weight=32040 29086 26346 2954 9241 2193 6653 17105 2740 4158 1032 3343 757 1133 1161 1056 3019 2331 761 668 2588 1607 466 1251 949 792 583 2399 688 530 788 2495 587 590 1890 1637 345 243 1174 447 558 514 105 2214 545 358 184 1157 127 50 77 81 701 324 258 389 144 511 1089 731 452 373
internal_count=32040 29086 26346 2954 9241 2193 6653 17105 2740 4158 1032 3343 757 1133 1161 1056 3019 2331 761 668 2588 1607 466 1251 949 792 583 2399 688 530 788 2495 587 590 1890 1637 345 243 1174 447 558 514 105 2214 545 358 184 1157 127 50 77 81 701 324 258 389 144 511 1089 731 452 373
is_linear=0
shrinkage=0.05


Tree=19
num_leaves=63
num_cat=0
split_feature=23 7 9 36 28 36 36 11 36 36 21 21 13 9 33 40 9 32 12 40 37 40 36 36 36 40 40 40 40 40 32 7 40 40 37 9 40 40 40 40 40 21 7 33 32 36 32 40 36 32 40 40 36 33 32 40 40 40 9 40 40 40
split_gain=5.02825e+06 629424 519704 445112 170330 131030 117251 114449 82859 65744.9 57416 56875.9 45944.4 44308.2 39104 37742 36997.7 31964.1 30350 28881.8 29612.3 27747.6 26509.5 26457.1 26143 26109.5 36951.5 25851.7 29116.2 28407.4 25026.2 24933.9 23276 50330.8 22153.5 21270.6 20003.1 19190.2 34332.7 19169.3 19007.5 18789.7 18471.6 17548.1 17343.1 17061.7 17056.5 16928.1 15767.3 15646.3 15358.4 35022.6 14979.3 14717.8 14015.8 13104.8 25134.6 12080.1 12123.1 12013.9 11869.3 25120.9
threshold=1.0000000180025095e-35 1.0000000180025095e-35 1.0000000180025095e-35 242.21250000000003 1.0000000180025095e-35 155.98750000000004 268.21666666666675 1.0000000180025095e-35 272.41250000000008 370.65000000000009 1.0000000180025095e-35 1.0000000180025095e-35 1.0000000180025095e-35 1.0000000180025095e-35 114.05000000000001 5.5000000000000009 1.0000000180025095e-35 412.85000000000008 1.0000000180025095e-35 1.0000000180025095e-35 2.5000000000000004 5.5000000000000009 131.81250000000003 235.65833333333336 89.916666666666671 1.5000000000000002 2.5000000000000004 1.5000000000000002 3.5000000000000004 5.5000000000000009 294.25000000000006 1.0000000180025095e-35 4.5000000000000009 1.5000000000000002 2.5000000000000004 1.0000000180025095e-35 1.0000000180025095e-35 4.5000000000000009 1.0000000180025095e-35 3.5000000000000004 1.0000000180025095e-35 1.0000000180025095e-35 1.0000000180025095e-35 178.45000000000002 466.85000000000008 288.61000000000007 67.450000000000017 1.0000000180025095e-35 237.71000000000006 79.250000000000014 3.5000000000000004 5.5000000000000009 157.21000000000004 14.750000000000002 23.250000000000004 3.5000000000000004 5.5000000000000009 1.5000000000000002 1.0000000180025095e-35 1.0000000180025095e-35 3.5000000000000004 5.5000000000000009
decision_type=2 2 2 2 2 2 2 2 2 2 2 2 2 2 2 2 2 2 2 2 2 2 2 2 2 2 2 2 2 2 2 2 2 2 2 2 2 2 2 2 2 2 2 2 2 2 2 2 2 2 2 2 2 2 2 2 2 2 2 2 2 2
left_child=1 2 4 5 7 24 16 -1 22 10 14 12 18 25 35 32 19 -11 42 -3 -21 37 -4 -9 -2 -8 -27 -24 -29 -30 -17 44 33 -6 -28 45 -13 38 -10 48 -25 -26 57 -40 49 47 -23 -5 -35 -16 -22 -52 -53 -20 -43 -42 -57 -7 -59 -12 -38 -62
right_child=3 6 8 9 15 11 13 23 21 17 59 36 -14 -15 31 30 -18 -19 53 20 50 46 27 40 41 26 34 28 29 -31 -32 -33 -34 39 -36 -37 60 -39 43 -41 55 54 -44 -45 -46 -47 -48 -49 -50 -51 51 52 -54 -55 -56 56 -58 58 -60 -61 61 -63
leaf_value=-0.43206705949534591 0.08823711255137795 -0.24596661071695711 -0.20556560036510538 0.66558417791411995 -0.28611778411758654 0.54627368835487755 0.36945928148252888 -0.22199821537734743 0.23971608690703397 2.9224117043165077 2.6169841910853533 1.3789249762049263 2.5016804009341125 1.9704622238874436 3.7583485239744188 0.14495763484615407 1.1039383677641552 4.0483666704361694 3.2272665023803713 0.013970552813107669 0.91105714003458582 0.63980463778542496 -0.11638235866897187 -0.31298056826142984 0.67050177320313886 2.2679959699219352 0.66557605124993502 1.0512318018361244 0.0094846129624899314 0.60881332343253569 0.75389494002929758 3.6598652479695342 -0.37322176344363456 0.28065757640400285 1.2554401541870783 3.3537125051021577 3.0358755785040561 0.20973129387841458 0.82694245709614322 0.031950465920178792 0.57719909295880156 2.3031845914199951 2.0468369438350202 1.6663376253545286 3.709924675800182 2.1519944583442037 1.4511462941078039 1.7920220554242901 0.9815120530407877 2.3208912311953172 0.00039540254864411386 0.19999289747282137 0.99959312583615145 1.7391526529082544 1.1178279957676356 -0.18984290052227631 0.41865377665375886 1.0780746743112755 2.0998106777668002 3.7356657859953972 1.5634574063593829 2.719469972776956
leaf_weight=19128 122 303 341 42 583 99 240 1120 174 262 33 53 89 92 20 542 120 83 24 544 173 97 295 202 263 51 451 153 411 381 245 51 495 161 246 27 64 216 165 230 203 32 50 100 27 302 195 162 160 354 303 82 205 54 113 334 345 313 32 88 79 116
leaf_count=19128 122 303 341 42 583 99 240 1120 174 262 33 53 89 92 20 542 120 83 24 544 173 97 295 202 263 51 451 153 411 381 245 51 495 161 246 27 64 216 165 230 203 32 50 100 27 302 195 162 160 354 303 82 205 54 113 334 345 313 32 88 79 116
internal_value=0.000540085 -0.199076 -0.275139 1.96602 -0.34769 1.36297 0.51218 -0.392755 0.406404 2.59068 2.40271 1.70753 1.44489 0.920957 2.27644 0.0502054 0.25699 3.19329 1.28046 0.193864 0.295829 0.776269 0.18486 -0.0515702 0.730421 0.82323 0.968825 0.292227 0.419783 0.297798 0.334525 2.61855 -0.0871547 0.0377158 0.873763 1.98633 2.26394 0.59556 0.785398 0.380356 0.124518 0.922447 1.13574 1.1437 2.48611 1.91337 1.18163 1.56011 0.629993 2.39776 0.496787 0.375315 0.771136 2.19703 1.37942 0.224716 0.119334 1.03314 1.17284 3.43057 2.44505 2.25114
internal_weight=32040 29086 26276 2954 23748 1503 2810 21332 2528 1451 1106 973 661 1080 985 2416 1730 345 572 1610 1307 947 1581 2204 530 988 748 1240 945 792 787 452 1629 1134 697 533 312 655 439 551 1084 408 494 265 401 506 292 204 321 374 763 590 287 78 145 882 679 444 345 121 259 195
internal_count=32040 29086 26276 2954 23748 1503 2810 21332 2528 1451 1106 973 661 1080 985 2416 1730 345 572 1610 1307 947 1581 2204 530 988 748 1240 945 792 787 452 1629 1134 697 533 312 655 439 551 1084 408 494 265 401 506 292 204 321 374 763 590 287 78 145 882 679 444 345 121 259 195
is_linear=0
shrinkage=0.05


Tree=20
num_leaves=63
num_cat=0
split_feature=39 35 25 9 25 35 11 2 7 9 38 35 28 32 11 2 7 35 7 35 32 32 35 36 2 11 35 33 36 7 7 35 35 35 9 38 2 32 11 2 7 11 36 36 36 33 35 32 2 11 7 35 11 2 7 28 36 32 35 36 21 36
split_gain=2.11177e+06 543647 372383 366035 219109 166725 141526 215094 333535 141032 113149 117087 93086.1 80410.2 64452.9 140328 167127 53336.2 41728.2 35927.8 31673.1 28892.5 28299.2 28107.6 27354.1 37494.6 25886.6 23275.5 22066.4 21750 21497.8 21311 20744.2 20723.5 18787.2 16360.9 16002.9 15249.6 14921.3 27071.3 33687.1 14904.8 14715.8 14230 13944.7 17081.9 13654.5 13436.2 13308.7 22668 22210.2 12441.1 12291 18323.2 34552.1 12210.3 11914.8 11806.6 11670.4 11337.2 10845.4 10832.3
threshold=1.0000000180025095e-35 607.45000000000016 1.0000000180025095e-35 1.0000000180025095e-35 1.0000000180025095e-35 264.45000000000005 1.0000000180025095e-35 1.0000000180025095e-35 1.0000000180025095e-35 1.0000000180025095e-35 1.0000000180025095e-35 1140.1000000000001 1.0000000180025095e-35 53.95000000000001 1.0000000180025095e-35 1.0000000180025095e-35 1.0000000180025095e-35 364.55000000000007 1.0000000180025095e-35 1155.7500000000002 464.85000000000008 222.95000000000002 1313.1500000000003 299.32916666666671 1.0000000180025095e-35 1.0000000180025095e-35 392.25000000000011 59.95000000000001 245.81250000000003 1.0000000180025095e-35 1.0000000180025095e-35 141.45000000000002 1455.95 389.25000000000006 1.0000000180025095e-35 1.0000000180025095e-35 1.0000000180025095e-35 195.95000000000002 1.0000000180025095e-35 1.0000000180025095e-35 1.0000000180025095e-35 1.0000000180025095e-35 203.41000000000003 171.71250000000003 269.82916666666671 15.850000000000003 933.35000000000025 433.05000000000007 1.0000000180025095e-35 1.0000000180025095e-35 1.0000000180025095e-35 909.35000000000014 1.0000000180025095e-35 1.0000000180025095e-35 1.0000000180025095e-35 1.0000000180025095e-35 163.87083333333337 263.75000000000006 949.45000000000016 262.54166666666674 1.0000000180025095e-35 362.04166666666669
decision_type=2 2 2 2 2 2 2 2 2 2 2 2 2 2 2 2 2 2 2 2 2 2 2 2 2 2 2 2 2 2 2 2 2 2 2 2 2 2 2 2 2 2 2 2 2 2 2 2 2 2 2 2 2 2 2 2 2 2 2 2 2 2
left_child=3 4 9 12 5 31 7 8 13 10 11 14 -1 26 15 16 20 -5 22 24 44 -15 34 -19 25 30 -7 59 -12 55 37 -2 48 -14 36 -24 41 -11 39 40 -33 -4 -16 -18 45 -3 -47 -23 49 50 -13 -20 53 54 57 -17 -10 -30 -57 -28 -21 -45
right_child=1 2 18 17 -6 6 -8 -9 56 19 28 32 33 21 42 29 43 23 51 60 -22 47 35 -25 -26 -27 27 -29 52 -31 -32 38 -34 -35 -36 -37 -38 -39 -40 -41 -42 -43 -44 61 -46 46 -48 -49 -50 -51 -52 -53 -54 -55 -56 58 -58 -59 -60 -61 -62 -63
leaf_value=-0.44889048729304437 -0.33924030894230328 2.810573866197041 -0.20758619647399201 -0.082747477902856095 -0.35229037605108993 1.8347696004454623 0.012308325706499404 0.10137376544707438 0.079139201952030475 1.8039359187707307 0.089153028165989634 2.9852444091864996 -0.28439330256517853 0.87024058485572997 0.19094161508731883 0.38905712613787907 0.038834107223720778 0.31234949307958726 0.51635862286937861 2.340932458691126 3.3057241566040938 1.522753246114092 1.3083782972632976 0.78376443504122062 1.0100045106209377 1.0661023165994477 3.8027319448965566 1.3943778067827226 2.5445435778848058 1.2430936800959436 1.737112919313718 0.77113666159575556 2.7431278034260398 0.06180583061058488 0.54942612163722515 -0.031695466444772835 0.46513026266817059 3.1025843262672428 -0.28856550518248697 -0.24216373883425557 -0.043249460752806224 0.37891171608240376 0.70861833108326377 0.89882419138407554 2.3213699373692198 1.417338952161963 2.2574497711887727 2.655335969924927 1.3283900259521562 1.3719178885700973 1.7301475347885469 1.4402477940065521 0.22760038544588232 0.29152729491877366 0.46126516811916085 0.68575079236427949 0.48360436525848444 1.3744172155857086 1.9525080040097238 2.6903261892053467 3.5240683593750002 1.4749052083907055
leaf_weight=15248 559 35 857 613 1464 194 1015 971 245 32 301 70 702 220 176 543 42 905 76 86 51 206 69 486 136 103 27 32 29 110 113 257 57 1125 140 34 126 77 256 282 251 124 624 514 196 189 65 30 138 101 71 70 136 123 122 75 709 84 24 151 25 97
leaf_count=15248 559 35 857 613 1464 194 1015 971 245 32 301 70 702 220 176 543 42 905 76 86 51 206 69 486 136 103 27 32 29 110 113 257 57 1125 140 34 126 77 256 282 251 124 624 514 196 189 65 30 138 101 71 70 136 123 122 75 709 84 24 151 25 97
internal_value=0.000726233 0.494591 0.840576 -0.333452 0.190311 0.33728 0.517755 0.701967 1.02345 1.0658 0.960115 1.09357 -0.40848 1.73753 0.972392 1.12805 1.46615 0.305819 0.156331 1.79984 2.12045 1.28246 0.069489 0.477057 1.6054 1.85455 2.25118 2.63587 0.426621 0.593471 2.22035 -0.0900136 1.85366 -0.0712165 0.00369667 0.866024 -0.0653206 2.72133 0.0431774 0.150679 0.368753 -0.133452 0.594729 0.929085 1.99581 1.77502 1.63233 1.66673 1.72023 1.94368 2.35325 0.959319 0.632244 0.785964 1.04475 0.482164 0.379732 1.67472 0.992843 2.85906 2.6074 0.990281
internal_weight=31989 12910 6041 19079 6869 5405 3800 2785 1814 4545 3973 3178 17075 860 2741 1941 1189 2004 1496 572 536 456 1350 1391 461 325 404 210 795 752 222 1605 437 1827 1247 103 1107 109 1046 790 508 981 800 653 485 289 254 236 380 242 141 146 494 358 235 642 954 113 99 178 111 611
internal_count=31989 12910 6041 19079 6869 5405 3800 2785 1814 4545 3973 3178 17075 860 2741 1941 1189 2004 1496 572 536 456 1350 1391 461 325 404 210 795 752 222 1605 437 1827 1247 103 1107 109 1046 790 508 981 800 653 485 289 254 236 380 242 141 146 494 358 235 642 954 113 99 178 111 611
is_linear=0
shrinkage=0.05


Tree=21
num_leaves=63
num_cat=0
split_feature=23 7 36 2 28 36 36 21 11 7 36 40 40 11 28 40 13 40 40 13 36 40 12 21 36 37 36 12 7 36 40 40 40 40 40 40 36 40 37 36 40 40 40 40 40 36 37 40 40 40 40 36 40 36 40 37 36 40 36 37 40 37
split_gain=4.18512e+06 520733 351406 166696 120372 95725.3 80386.3 81012.8 68656.6 58003.3 57754.2 48742.5 55660.6 45603.1 40749.8 37268 35208.5 34583.9 34460.4 33817.6 33117.4 29405.5 28804.7 24888.2 24842.4 22168.4 20252.9 19847.1 21086.3 20449.2 19293.2 18932.5 18647.3 23105.8 25551.5 17398.2 15960.9 15626.7 14993.9 14869.9 14643.9 14483.5 43094.8 13792 25463.4 14091.9 13267.3 12005.1 21407.5 11935 21289.7 11090.2 10928.7 10872.9 10688.4 10303.8 10155.7 9975.59 9651.77 9439.03 9189.29 9084.46
threshold=1.0000000180025095e-35 1.0000000180025095e-35 193.32500000000002 1.0000000180025095e-35 1.0000000180025095e-35 210.21250000000001 299.32916666666671 1.0000000180025095e-35 1.0000000180025095e-35 1.0000000180025095e-35 122.24166666666669 1.5000000000000002 2.5000000000000004 1.0000000180025095e-35 1.0000000180025095e-35 5.5000000000000009 1.0000000180025095e-35 5.5000000000000009 3.5000000000000004 1.0000000180025095e-35 259.61250000000007 1.0000000180025095e-35 1.0000000180025095e-35 1.0000000180025095e-35 189.8416666666667 2.5000000000000004 130.25833333333335 1.0000000180025095e-35 1.0000000180025095e-35 246.95833333333337 5.5000000000000009 5.5000000000000009 1.5000000000000002 3.5000000000000004 5.5000000000000009 1.0000000180025095e-35 140.98750000000004 5.5000000000000009 2.5000000000000004 245.81250000000003 5.5000000000000009 3.5000000000000004 1.5000000000000002 4.5000000000000009 1.0000000180025095e-35 168.93750000000003 1.5000000000000002 4.5000000000000009 1.5000000000000002 4.5000000000000009 5.5000000000000009 245.81250000000003 5.5000000000000009 394.05000000000007 1.5000000000000002 1.5000000000000002 288.61000000000007 4.5000000000000009 157.21000000000004 2.5000000000000004 3.5000000000000004 2.5000000000000004
decision_type=2 2 2 2 2 2 2 2 2 2 2 2 2 2 2 2 2 2 2 2 2 2 2 2 2 2 2 2 2 2 2 2 2 2 2 2 2 2 2 2 2 2 2 2 2 2 2 2 2 2 2 2 2 2 2 2 2 2 2 2 2 2
left_child=1 3 10 4 8 36 7 16 26 17 -2 -7 61 14 24 18 21 41 -14 22 40 -4 23 -12 -5 -17 -1 28 29 -23 43 47 -22 -34 -35 -28 -3 -25 -37 -9 -6 42 -8 44 -10 -46 -44 48 -26 -40 -51 -15 -38 -43 -41 -19 -27 -20 -32 -42 -50 -13
right_child=2 5 6 13 20 11 9 39 30 -11 19 12 15 51 -16 25 -18 55 57 -21 32 27 -24 37 31 56 35 -29 -30 -31 58 -33 33 34 -36 38 52 -39 49 54 59 53 46 -45 45 -47 -48 -49 60 50 -52 -53 -54 -55 -56 -57 -58 -59 -60 -61 -62 -63
leaf_value=-0.44131880222305897 0.38197420421404454 -0.15062612197557779 0.99027398751072937 -0.24076937545756527 -0.22026014754376821 0.22100234495283819 1.9912286695853405 2.4075076166201725 -0.37200214543486415 4.0997529733180995 0.67367158702478325 1.5410419820249082 1.1407803489203834 0.43148805295587866 0.79154454414946074 0.74788140933830427 2.674256178736687 2.493518262979936 0.5996472805137596 2.2539936369412565 -0.11497025246863538 1.1764581679574799 2.0183522169527257 1.0792819423789994 -0.16077974984744201 1.1501397637182109 -0.43946313972463313 2.4898379838976421 2.4201056347688041 1.7934037598775281 -0.20654037009242554 0.37234503540843727 1.0141777377076975 -0.08144488991510096 0.58228157705373385 -0.34003190430180191 0.1069834143833796 1.9921494392861783 -0.078158793258051279 2.407429733872414 -0.10412900464163939 1.7372849280736884 2.5513618648052216 -0.39832860470615788 -0.24508135192510158 0.28962261476258322 3.8318183898925784 -0.25236618427855029 0.61683689788702489 -0.44423173765082496 -0.14218164869437844 1.1658005059672438 0.54804587094226809 2.4521582903927324 3.5969789771170455 3.1461169539373133 1.7812478631433817 0.1417683015410986 0.2575362316508148 0.34837491295379708 0.10034194437701718 2.5821667874231937
leaf_weight=5586 281 416 168 694 943 417 169 176 402 55 290 40 163 93 179 286 81 98 186 73 230 237 76 138 353 179 2788 76 75 310 142 500 127 274 308 7283 446 71 1106 28 229 196 32 439 171 441 55 328 197 1055 1305 115 205 73 58 158 99 330 531 232 153 44
leaf_count=5586 281 416 168 694 943 417 169 176 402 55 290 40 163 93 179 286 81 98 186 73 230 237 76 138 353 179 2788 76 75 310 142 500 127 274 308 7283 446 71 1106 28 229 196 32 439 171 441 55 328 197 1055 1305 115 205 73 58 158 99 330 531 232 153 44
internal_value=0.000689921 -0.182408 1.78703 -0.251784 -0.293746 0.464317 2.15335 1.89268 -0.331249 2.53034 0.980645 0.692542 0.84072 0.12722 0.0657666 0.756539 1.67739 2.41982 0.507018 1.24025 0.0463749 1.58415 1.11155 0.973443 0.00737816 1.05694 -0.361216 1.72709 1.6339 1.5261 -0.0616996 0.119863 0.276235 0.403142 0.269806 -0.328162 0.0912873 1.38939 -0.299294 2.67082 -0.107356 2.18748 2.45668 -0.16421 -0.0628503 0.14022 3.36085 -0.00258213 0.11396 -0.213692 -0.277208 0.837478 0.245874 1.93128 3.20968 2.89629 1.37489 0.306818 0.159618 0.123595 0.391055 2.08639
internal_weight=31989 29015 2974 26204 23592 2811 2045 1209 21249 836 929 1744 1327 2612 2404 1243 947 781 679 648 2343 866 575 499 2225 564 19123 698 622 547 2126 1531 939 709 582 13537 1067 209 10749 262 1404 525 256 1453 1014 612 87 1031 703 3466 2360 208 651 269 86 256 278 516 673 461 350 84
internal_count=31989 29015 2974 26204 23592 2811 2045 1209 21249 836 929 1744 1327 2612 2404 1243 947 781 679 648 2343 866 575 499 2225 564 19123 698 622 547 2126 1531 939 709 582 13537 1067 209 10749 262 1404 525 256 1453 1014 612 87 1031 703 3466 2360 208 651 269 86 256 278 516 673 461 350 84
is_linear=0
shrinkage=0.05


Tree=22
num_leaves=63
num_cat=0
split_feature=23 9 7 36 2 28 35 35 35 36 11 7 35 7 35 13 35 35 21 36 35 11 28 36 34 33 35 36 36 36 11 9 35 36 34 35 36 33 28 32 32 9 32 36 7 36 36 7 32 32 2 34 33 35 34 35 21 9 35 2 11 35
split_gain=3.77707e+06 470545 426753 318142 140540 99180.6 99101.8 96492.6 74597.9 66944.6 63074.7 57138.7 50259.7 41200 40193.5 31278.1 29812.3 26620.4 26145.1 24977.3 24694.4 22279.5 23153.6 19480.7 17212.8 17174.7 16733.1 15483.6 15341.5 15100.4 13912.3 13515.3 13394.5 12891.4 11717.1 20234.1 20402.7 12801 11400.7 11375.7 12799 11128.4 10588.3 10207.7 10092.1 11573.9 9730.01 9274.14 9240.94 8865.26 8665 8376.92 9910.13 8507.74 7935.52 7751.08 7469.85 7431.76 6971.55 6793.1 7945.5 6778.09
threshold=1.0000000180025095e-35 1.0000000180025095e-35 1.0000000180025095e-35 181.62666666666669 1.0000000180025095e-35 1.0000000180025095e-35 667.90000000000009 1008.7500000000001 800.35000000000025 298.01666666666671 1.0000000180025095e-35 1.0000000180025095e-35 231.25000000000003 1.0000000180025095e-35 735.20000000000016 1.0000000180025095e-35 260.95000000000005 199.05000000000004 1.0000000180025095e-35 299.32916666666671 389.25000000000006 1.0000000180025095e-35 1.0000000180025095e-35 303.91666666666674 325.65000000000003 387.50000000000006 403.75000000000006 347.52916666666675 387.95000000000005 226.32916666666668 1.0000000180025095e-35 1.0000000180025095e-35 345.85000000000008 168.93750000000003 54.750000000000007 1279.4000000000003 296.12500000000006 378.05000000000007 1.0000000180025095e-35 225.25000000000003 23.250000000000004 1.0000000180025095e-35 360.45000000000005 458.45000000000005 1.0000000180025095e-35 254.11000000000004 300.81666666666672 1.0000000180025095e-35 370.25000000000006 161.90000000000003 1.0000000180025095e-35 245.35000000000005 150.15000000000001 1110.2000000000003 393.85000000000008 1032.6500000000003 1.0000000180025095e-35 1.0000000180025095e-35 1351.1500000000003 1.0000000180025095e-35 1.0000000180025095e-35 100.35000000000002
decision_type=2 2 2 2 2 2 2 2 2 2 2 2 2 2 2 2 2 2 2 2 2 2 2 2 2 2 2 2 2 2 2 2 2 2 2 2 2 2 2 2 2 2 2 2 2 2 2 2 2 2 2 2 2 2 2 2 2 2 2 2 2 2
left_child=1 2 4 12 5 10 17 9 16 15 -1 31 61 19 32 18 -4 -3 25 56 -7 22 -16 50 39 41 -11 -18 47 -20 46 34 -6 -12 -9 36 51 54 59 40 -14 44 -39 57 45 -5 -22 -19 -13 -27 -10 53 -53 -36 -37 -15 -8 -28 -21 60 -25 -2
right_child=3 6 8 7 14 20 13 11 23 26 33 48 24 55 21 -17 27 28 29 58 30 -23 -24 38 -26 49 43 -29 -30 -31 -32 -33 -34 -35 35 37 -38 42 -40 -41 -42 -43 -44 -45 -46 -47 -48 -49 -50 -51 -52 52 -54 -55 -56 -57 -58 -59 -60 -61 -62 -63
leaf_value=-0.41363271076001373 -0.12127978641291459 -0.28339037914348553 -0.18888120116790777 1.0601415853730394 -0.26308252058777726 -0.26181950919308344 0.35227339943900471 2.6835811499506237 0.5055243907439313 1.7618860753855312 -0.33018909531696017 3.4834906140963238 1.5408349120427693 1.2905379356268574 0.099265555023433538 2.4747471168477051 0.22643174946764827 0.18072686447318145 1.7288947997910744 0.91925171478931988 -0.061137850946210548 0.95747215215146086 0.8917785730313611 0.72713343365174354 2.4319158673286441 1.6495691562692327 2.2468821444040219 0.64362353244625825 0.74047109824192681 2.668311066552997 0.52801304631612511 3.0893677198697649 0.030659099610576231 -0.039470632507196138 0.74544510489160365 3.8565405988693238 0.41713959503173825 2.707107605934143 1.8348713458852566 1.4279788646183604 0.74965395907290633 1.9799746835183711 1.2432516143435526 3.0127568293425995 1.8428656062318218 1.5035184558692458 0.23110261128071277 0.7781755714528803 4.6946122782570976 3.0232790470123292 1.1247831263325432 3.2313788482121062 1.9513084613614613 2.1359760686077855 2.5381109078725181 2.0441510909089917 0.69514267011443631 3.0651288543144863 1.5367817248428628 1.633807988990756 1.5770262913270432 0.43647317408804026
leaf_weight=17116 75 251 388 412 640 727 378 128 392 133 516 36 63 85 543 93 1200 1108 129 332 825 127 111 165 24 24 370 273 158 64 165 63 986 1461 22 25 25 30 47 146 271 62 21 59 72 229 435 69 28 23 66 21 54 22 21 57 274 30 53 34 33 199
leaf_count=17116 75 251 388 412 640 727 378 128 392 133 516 36 63 85 543 93 1200 1108 129 332 825 127 111 165 24 24 370 273 158 64 165 63 986 1461 22 25 25 30 47 146 271 62 21 59 72 229 435 69 28 23 66 21 54 22 21 57 274 30 53 34 33 199
internal_value=0.000655425 -0.173287 -0.238637 1.69768 -0.305453 -0.346477 0.447119 2.00549 0.36965 1.82646 -0.382747 2.61909 0.828846 0.794302 0.0566451 1.59712 0.201043 0.189031 1.5167 0.684927 -0.0246885 0.351457 0.233775 0.795398 1.12516 1.39374 2.25572 0.303752 0.277853 2.04041 0.0962899 2.41253 -0.0849588 -0.115349 2.29697 2.09164 1.71562 2.64985 1.12476 1.05982 0.898889 1.33746 2.10434 2.39881 1.28159 1.21854 0.0397547 0.215751 4.01336 2.32181 0.594763 1.98841 2.30973 1.44071 3.25465 1.59304 0.496363 2.30825 1.00426 0.980898 0.868782 0.283804
internal_weight=31989 29015 26250 2974 23652 21245 2765 2196 2598 1700 19093 496 778 1179 2407 1108 1861 1586 1015 1037 2152 781 654 737 504 822 592 1473 1335 193 1425 432 1626 1977 369 241 144 97 279 480 334 775 51 459 713 641 1260 1177 64 47 458 119 75 44 46 142 652 400 385 232 198 274
internal_count=31989 29015 26250 2974 23652 21245 2765 2196 2598 1700 19093 496 778 1179 2407 1108 1861 1586 1015 1037 2152 781 654 737 504 822 592 1473 1335 193 1425 432 1626 1977 369 241 144 97 279 480 334 775 51 459 713 641 1260 1177 64 47 458 119 75 44 46 142 652 400 385 232 198 274
is_linear=0
shrinkage=0.05


Tree=23
num_leaves=63
num_cat=0
split_feature=35 38 35 35 7 7 9 9 9 7 35 40 40 28 35 40 40 40 40 40 9 2 40 31 40 40 40 6 18 25 40 10 40 40 29 21 8 4 8 35 35 40 35 40 40 6 40 4 24 24 29 4 8 38 10 18 21 25 6 28 11 31
split_gain=852086 281796 202304 155723 95989.5 90796.8 83968 64114.6 59947.8 56166.7 44548.8 31172.5 29470.1 28306.9 27860.8 26718.1 23099.1 21895.9 26443.1 31965.6 21515.6 20707.1 19327.3 18802.2 18776.2 23015 30722.3 18382.2 19521.3 20284.4 18297.3 17935.9 16768.2 17860.9 16422.4 18074.3 18731.2 16046.7 16889.3 16001.8 15665.7 16922.1 14996.6 14874.5 14303.3 13730.1 13443.2 12993.1 12635.1 12388.9 13423.5 13807.9 16256.9 17438.3 20686.1 25164.6 31889.6 39095.1 52508.8 20298.2 39242.1 12345.8
threshold=592.85000000000014 1.0000000180025095e-35 940.45000000000016 311.15000000000003 1.0000000180025095e-35 1.0000000180025095e-35 1.0000000180025095e-35 1.0000000180025095e-35 1.0000000180025095e-35 1.0000000180025095e-35 1351.1500000000003 5.5000000000000009 1.0000000180025095e-35 1.0000000180025095e-35 156.95000000000002 1.0000000180025095e-35 1.0000000180025095e-35 5.5000000000000009 4.5000000000000009 1.5000000000000002 1.0000000180025095e-35 1.0000000180025095e-35 5.5000000000000009 492.05000000000007 1.0000000180025095e-35 3.5000000000000004 5.5000000000000009 1.0000000180025095e-35 1.0000000180025095e-35 1.0000000180025095e-35 3.5000000000000004 1.0000000180025095e-35 1.0000000180025095e-35 3.5000000000000004 1.0000000180025095e-35 1.0000000180025095e-35 1.0000000180025095e-35 1.0000000180025095e-35 1.0000000180025095e-35 782.6500000000002 1187.8500000000001 3.5000000000000004 1279.4000000000003 5.5000000000000009 5.5000000000000009 1.0000000180025095e-35 2.5000000000000004 1.0000000180025095e-35 1.0000000180025095e-35 1.0000000180025095e-35 1.0000000180025095e-35 1.0000000180025095e-35 1.0000000180025095e-35 1.0000000180025095e-35 1.0000000180025095e-35 1.0000000180025095e-35 1.0000000180025095e-35 1.0000000180025095e-35 1.0000000180025095e-35 1.0000000180025095e-35 1.0000000180025095e-35 390.65000000000003
decision_type=2 2 2 2 2 2 2 2 2 2 2 2 2 2 2 2 2 2 2 2 2 2 2 2 2 2 2 2 2 2 2 2 2 2 2 2 2 2 2 2 2 2 2 2 2 2 2 2 2 2 2 2 2 2 2 2 2 2 2 2 2 2
left_child=3 2 4 14 6 8 12 9 13 15 17 42 -2 23 -1 -5 -10 18 19 -7 -13 49 -8 37 -6 -26 -27 28 29 31 -12 34 -15 -34 35 36 39 38 45 -14 41 -18 -3 -35 -9 48 -21 -37 -4 50 51 52 53 54 55 56 57 58 59 60 -17 -45
right_child=1 11 5 7 24 10 22 44 16 -11 30 20 27 32 -16 21 40 -19 -20 46 -22 -23 -24 -25 25 26 -28 -29 -30 -31 -32 -33 33 43 -36 47 -38 -39 -40 -41 -42 -43 -44 61 -46 -47 -48 -49 -50 -51 -52 -53 -54 -55 -56 -57 -58 -59 -60 -61 -62 -63
leaf_value=-0.40149926160764693 -0.15873053031200068 -0.17821666081625911 0.9678608426318176 -0.30590817637131013 0.29122306036748996 0.63460118977352975 0.56152651969667733 0.21545577072576605 0.30700066716603513 0.29931981790483897 4.0495072054862975 0.1848286657030449 0.74226128535637481 0.25996845312930866 -0.23970260254038467 0.92466262220448403 1.8802760407328607 1.8194391566396551 0.284897483982049 2.877127474751966 1.2203713761609898 0.18167223084531176 1.1054581706567961 1.5086836251408555 1.4165888529291024 0.38121888862772924 1.1385625005256046 -0.043624496241605915 -0.0035600535964677793 0.023018692613333537 2.1724185930716025 0.10406248576565594 1.8045436507860821 0.446743320707916 0.18244508270897083 0.47952400062599088 0.34475090269413261 0.10725423845979903 0.15215943180134192 1.4075770393238032 1.9223776068098166 0.95652591228546191 0.22194590227317221 0.91442019725416568 0.63760875588700328 0.25888228924835432 1.6117776206841594 -0.18502812737768348 0.42342637049203574 -0.31300566602084373 -0.31883724491835924 -0.29227694898830786 -0.28410848852807441 -0.28392063882083773 -0.26409767706914672 -0.25335725049496211 -0.096384870336191752 -0.22275952067192609 -0.15357839503080162 0.18372777589447017 0.19959947092432556 1.8999958553972345
leaf_weight=5154 590 2133 346 1623 134 80 448 610 53 866 20 418 282 67 5500 537 68 151 77 29 57 678 257 43 185 261 275 534 507 413 37 379 75 98 335 448 180 270 204 133 110 183 263 94 299 153 76 88 154 666 557 574 565 473 489 468 916 333 353 286 286 48
leaf_count=5154 590 2133 346 1623 134 80 448 610 53 866 20 418 282 67 5500 537 68 151 77 29 57 678 257 43 185 261 275 534 507 413 37 379 75 98 335 448 180 270 204 133 110 183 263 94 299 153 76 88 154 666 557 574 565 473 489 468 916 333 353 286 286 48
internal_value=0.000622654 0.363192 0.517621 -0.183044 0.348284 0.896405 0.25775 -0.0471584 0.747151 -0.0848978 1.52073 -0.0609351 0.166737 0.604551 -0.317974 -0.122691 1.28173 1.33988 1.0635 1.38757 0.309094 -0.0812816 0.759811 0.482538 0.834732 0.935744 0.769781 0.224944 0.276812 0.339765 2.83105 0.410669 0.978259 1.13104 0.489934 0.581012 0.770724 0.443386 0.549285 0.955483 1.42483 1.20678 -0.134292 0.920567 0.354316 0.673348 1.96126 0.370418 0.800175 -0.108697 -0.0853855 -0.0607581 -0.0325193 0.00180762 0.0386532 0.0852229 0.143672 0.266175 0.377539 0.546596 0.672697 1.24757
internal_weight=31989 10756 7885 21233 5449 2436 4594 10579 1966 9670 470 2871 3889 1552 10654 8804 414 413 262 185 475 7181 705 1170 855 721 536 3299 2765 2258 57 1845 382 315 1466 1131 595 1127 857 415 361 251 2396 240 909 653 105 536 500 6503 5837 5280 4706 4141 3668 3179 2711 1795 1462 1109 823 142
internal_count=31989 10756 7885 21233 5449 2436 4594 10579 1966 9670 470 2871 3889 1552 10654 8804 414 413 262 185 475 7181 705 1170 855 721 536 3299 2765 2258 57 1845 382 315 1466 1131 595 1127 857 415 361 251 2396 240 909 653 105 536 500 6503 5837 5280 4706 4141 3668 3179 2711 1795 1462 1109 823 142
is_linear=0
shrinkage=0.05


Tree=24
num_leaves=63
num_cat=0
split_feature=23 9 7 36 2 35 28 35 36 36 7 40 40 31 35 40 40 35 35 40 40 31 40 35 40 40 40 31 40 40 35 40 40 40 40 40 40 40 39 25 31 35 40 36 31 31 40 35 31 40 40 40 40 40 35 32 35 35 31 31 32 33
split_gain=3.3493e+06 390367 351437 274328 117832 87824.8 83328.3 80178.2 61226 59704.8 48215 39719.7 38453.8 35381.5 35021.3 33971.9 54082.5 33319.7 31752.4 35732.1 49883.8 28111.3 24724.8 26499.2 24424.5 38156.9 36590.8 23096.9 22316.5 21603.6 20976.7 22054.3 20551.3 16977.7 30573.6 16929.3 16632.3 23059.2 15228.4 28757.8 14928.9 14590.7 13908.5 13882 13809.5 13644.4 13432.6 13307.4 13243.2 13115.1 13112.4 17980.2 14592.7 12965.1 12473.1 12250.2 12133 11137.1 10817.3 10740.2 10654.9 10336.7
threshold=1.0000000180025095e-35 1.0000000180025095e-35 1.0000000180025095e-35 171.71250000000003 1.0000000180025095e-35 1008.7500000000001 1.0000000180025095e-35 782.6500000000002 298.01666666666671 269.82916666666671 1.0000000180025095e-35 1.0000000180025095e-35 1.0000000180025095e-35 54.150000000000013 231.25000000000003 3.5000000000000004 5.5000000000000009 853.25000000000011 485.05000000000007 3.5000000000000004 5.5000000000000009 224.05000000000004 1.0000000180025095e-35 592.85000000000014 1.0000000180025095e-35 3.5000000000000004 5.5000000000000009 368.25000000000006 5.5000000000000009 5.5000000000000009 723.1500000000002 1.0000000180025095e-35 1.5000000000000002 4.5000000000000009 1.5000000000000002 5.5000000000000009 3.5000000000000004 5.5000000000000009 1.0000000180025095e-35 1.0000000180025095e-35 168.75000000000003 723.1500000000002 1.5000000000000002 342.98333333333341 444.75000000000006 388.85000000000008 4.5000000000000009 367.45000000000005 189.65000000000001 1.5000000000000002 1.5000000000000002 3.5000000000000004 5.5000000000000009 5.5000000000000009 741.05000000000007 23.250000000000004 1187.8500000000001 389.25000000000006 349.95000000000005 361.85000000000008 161.90000000000003 407.65000000000003
decision_type=2 2 2 2 2 2 2 2 2 2 2 2 2 2 2 2 2 2 2 2 2 2 2 2 2 2 2 2 2 2 2 2 2 2 2 2 2 2 2 2 2 2 2 2 2 2 2 2 2 2 2 2 2 2 2 2 2 2 2 2 2 2
left_child=1 2 4 14 6 8 38 21 12 22 24 -9 -5 -14 -2 32 46 47 27 49 48 60 -4 -24 -7 42 -27 -15 33 -19 -11 -32 -13 34 -8 40 61 -38 -1 58 -10 -30 -26 -42 -37 -12 -17 -6 -21 -20 -23 -52 -53 -49 -22 -16 -18 -36 -40 -28 -3 -33
right_child=3 7 9 5 17 10 28 11 35 30 45 15 13 18 55 16 56 29 19 20 54 50 23 -25 25 26 59 -29 41 -31 31 36 -34 -35 57 44 37 -39 39 -41 43 -43 -44 -45 -46 -47 -48 53 -50 -51 51 52 -54 -55 -56 -57 -58 -59 -60 -61 -62 -63
leaf_value=-0.37659379268466808 0.25992234513288937 -0.13715287541007434 -0.27009712837993949 0.8937054352809306 -0.22677679448701624 1.4882221701813032 -0.27914921983753921 0.13620079450950187 3.254500873088837 0.41013616392792579 3.2194779091103132 0.63156886465847495 2.5769768830095785 0.9388770743079331 1.6473825097084047 0.76276982165112794 1.0873272485927095 0.16411481147156437 1.6056487968716866 0.45824405398172668 1.6374809131270549 0.048081378086603122 0.055921131330707335 0.51612634051962236 2.3964783516797152 1.6291584583280021 2.3460008091001368 2.7060210941731935 0.05551265096310868 0.81825403498975868 0.26054206513923356 1.3634960823399682 1.945864682413381 -0.39231063115641795 -0.079163144403856078 2.2612884525769679 0.37451301694090944 1.2867350445480537 -0.2033513473261552 -0.39461165225953088 1.4844949733661978 0.551850811244463 3.8962081872499912 2.105268641618582 3.2492982968040134 4.7743470532553536 0.039434416979295957 -0.071579611873626714 1.2563057654586278 2.6702894078567625 1.0625673766507477 0.12954635927892305 0.62429765883695199 0.28324828876339242 2.3413736217984789 0.88597149476930714 1.8669004575105814 0.44656507640094811 0.059485053082507261 3.2591411797269703 0.19987751046627728 2.6523899412155156
leaf_weight=15248 260 497 297 219 699 83 537 186 20 503 43 40 89 245 62 98 215 376 39 79 122 196 804 512 22 146 67 20 491 190 113 70 116 452 149 153 128 151 1245 2029 152 212 52 221 46 21 186 750 152 112 122 276 324 392 130 357 65 311 571 62 444 20
leaf_count=15248 260 497 297 219 699 83 537 186 20 503 43 40 89 245 62 98 215 376 39 79 122 196 804 512 22 146 67 20 491 190 113 70 116 452 149 153 128 151 1245 2029 152 212 52 221 46 21 186 750 152 112 122 276 324 392 130 357 65 311 571 62 444 20
internal_value=0.000591522 -0.163205 -0.222727 1.59863 -0.283361 1.85983 -0.320926 0.401878 1.69742 0.329278 2.4489 0.787557 1.49314 1.62601 0.715772 0.955824 0.775195 0.0481957 1.53187 1.72398 1.5141 0.213913 0.141971 0.234968 2.25915 2.4425 2.17129 1.07225 -0.0259721 0.383702 0.636007 0.871719 1.60887 -0.138124 -0.0228854 2.11392 1.05888 0.868225 -0.35417 -0.265247 1.92366 0.205191 3.45034 1.8523 2.48967 3.72967 0.289036 -0.0549529 0.983376 2.39532 0.410767 0.509225 0.396712 0.0502177 2.0006 0.998639 1.2683 0.276275 -0.120708 2.78487 0.021871 1.64992
internal_weight=31989 29015 26250 2974 23652 2295 21245 2765 1799 2598 496 906 1207 988 679 720 564 2407 899 634 483 1859 1613 1316 432 349 275 265 2152 566 985 482 156 1449 997 592 369 279 19093 3845 393 703 74 373 199 64 284 1841 231 151 918 722 600 1142 252 419 280 460 1816 129 941 90
internal_count=31989 29015 26250 2974 23652 2295 21245 2765 1799 2598 496 906 1207 988 679 720 564 2407 899 634 483 1859 1613 1316 432 349 275 265 2152 566 985 482 156 1449 997 592 369 279 19093 3845 393 703 74 373 199 64 284 1841 231 151 918 722 600 1142 252 419 280 460 1816 129 941 90
is_linear=0
shrinkage=0.05


Tree=25
num_leaves=63
num_cat=0
split_feature=23 7 9 36 28 36 39 36 36 7 40 13 33 25 21 9 40 36 12 39 40 36 21 40 40 40 40 40 9 40 40 9 7 36 40 40 36 36 36 40 40 11 21 40 40 36 40 40 40 32 32 37 36 34 24 21 32 40 40 40 36 40
split_gain=2.97059e+06 343393 308075 259090 94657.3 90893.6 68266.6 65720.8 51899.2 50916.8 42106 40238.3 39201.8 36933.2 34804.7 33267.2 32275.9 32260.7 31147.7 30132.1 26864.5 26875.4 25482.2 25049.2 41091 21234.5 33055.1 27586.3 20816.3 20678.5 27258.3 17732.9 17545.1 17498.5 16957.6 27163.8 16550.9 15185.5 15104.4 14906.2 23369.1 14553.9 14449.1 13900.3 13227.9 12442.3 12122.4 19637.3 14948.7 11969.6 11799.2 11401.7 11109.9 14501.7 10530.6 10486.4 10179.8 10063.9 9913.13 13805.2 10564.6 9887.16
threshold=1.0000000180025095e-35 1.0000000180025095e-35 1.0000000180025095e-35 243.37500000000003 1.0000000180025095e-35 155.98750000000004 1.0000000180025095e-35 259.61250000000007 227.72500000000002 1.0000000180025095e-35 1.0000000180025095e-35 1.0000000180025095e-35 309.05000000000007 1.0000000180025095e-35 1.0000000180025095e-35 1.0000000180025095e-35 1.0000000180025095e-35 345.05000000000013 1.0000000180025095e-35 1.0000000180025095e-35 1.0000000180025095e-35 238.91250000000005 1.0000000180025095e-35 3.5000000000000004 5.5000000000000009 1.5000000000000002 3.5000000000000004 5.5000000000000009 1.0000000180025095e-35 1.5000000000000002 2.5000000000000004 1.0000000180025095e-35 1.0000000180025095e-35 390.78333333333336 3.5000000000000004 5.5000000000000009 87.737500000000011 357.02500000000003 259.61250000000007 5.5000000000000009 4.5000000000000009 1.0000000180025095e-35 1.0000000180025095e-35 1.0000000180025095e-35 1.0000000180025095e-35 272.41250000000008 1.0000000180025095e-35 3.5000000000000004 5.5000000000000009 217.05000000000004 1.0000000180025095e-35 2.5000000000000004 224.28750000000005 74.350000000000009 1.0000000180025095e-35 1.0000000180025095e-35 248.95000000000002 5.5000000000000009 3.5000000000000004 5.5000000000000009 340.75000000000006 1.5000000000000002
decision_type=2 2 2 2 2 2 2 2 2 2 2 2 2 2 2 2 2 2 2 2 2 2 2 2 2 2 2 2 2 2 2 2 2 2 2 2 2 2 2 2 2 2 2 2 2 2 2 2 2 2 2 2 2 2 2 2 2 2 2 2 2 2
left_child=1 2 4 5 6 36 -1 25 43 10 -5 14 17 20 18 29 -10 22 32 38 -8 -22 31 61 -25 -3 50 -28 46 -9 -31 54 -7 58 -23 -36 -2 -11 -6 40 -32 -15 -38 -4 -21 -46 -16 -48 -49 -41 -27 -29 53 -50 -12 -45 -26 -40 -14 60 -60 -18
right_child=3 7 8 9 19 11 13 15 16 37 12 -13 33 41 28 -17 23 -19 -20 44 21 34 -24 24 56 26 27 51 -30 30 39 -33 -34 -35 35 -37 42 -39 57 49 -42 -43 -44 55 45 -47 47 48 52 -51 -52 -53 -54 -55 -56 -57 -58 -59 59 -61 -62 -63
leaf_value=-0.35762482900839149 -0.016911716987708568 -0.16976129096672041 -0.29450668879725111 1.2834487576579505 -0.17615089792632732 0.75739024605981153 -0.34346245348870574 0.18770582560365173 0.028017708179814849 2.7226960192444505 1.5184847126368453 2.2498271736695812 3.1189473628997804 -0.36100655063611331 0.82688823909713671 1.5086938156531406 0.51297761929924035 2.2878963949737288 1.9034587568155044 -0.18185200424458103 -0.14621384693501377 0.44537953404981767 3.0711629571585823 0.18178296283844367 0.62048340129944102 0.083120666576756375 -0.11845806396881338 0.13325538720136093 2.9018578688303633 1.8401006927599715 0.82008153910995751 2.5152261002119198 1.8627070341354763 3.8538529396057131 -0.19399870781015627 0.28188638334519828 0.44772878469435451 4.1575535566910453 -0.018637684474261146 0.56189540092056323 0.070920903085487652 0.12047903504222633 1.0820118731994561 0.030316377111341594 0.26567523833752299 0.8257338304518993 2.5277914965381991 0.92004201813244524 1.1499788108570823 1.147037424110082 0.98732459106288128 0.61412436945350679 2.8871928429603582 2.6336720181548081 0.56306140230547996 0.38271207111309979 1.1110521852240882 0.36361838194766438 2.1597693524709562 2.723731016352152 0.94716051143148672 1.2671114620391302
leaf_weight=15199 113 368 219 220 1128 452 728 264 272 93 414 108 44 2044 52 104 57 293 81 87 1676 356 29 455 211 45 510 219 30 49 196 43 39 24 579 622 257 23 506 169 222 170 138 636 240 169 52 81 58 181 182 282 20 23 31 316 212 261 82 96 23 183
leaf_count=15199 113 368 219 220 1128 452 728 264 272 93 414 108 44 2044 52 104 57 293 81 87 1676 356 29 455 211 45 510 219 30 49 196 43 39 24 579 622 257 23 506 169 222 170 138 636 240 169 52 81 58 181 182 282 20 23 31 316 212 261 82 96 23 183
internal_value=-0.00278961 -0.155235 -0.211144 1.51786 -0.267293 1.06094 -0.300668 0.372122 0.309894 2.00351 1.91388 1.33854 2.04242 -0.160477 1.22771 0.654581 0.516488 1.86874 0.995046 0.0310604 -0.0690563 -0.00726607 1.63119 0.635329 0.51159 0.163707 0.262832 0.140408 1.64886 0.572409 0.696719 1.54562 0.845185 2.56539 0.142301 0.052463 0.516679 3.00719 -0.0597491 0.623769 0.422202 -0.324036 0.669326 0.0646638 0.378004 0.497093 1.51743 1.67088 1.42605 0.864497 0.808077 0.403924 1.83185 1.57127 1.45193 0.147288 0.866348 0.111439 2.43917 2.29037 1.89415 1.088
internal_weight=32036 29117 26326 2919 23765 1504 21374 2791 2561 1415 1299 996 1079 6175 888 1185 1390 810 572 2391 3961 3233 517 1118 878 1606 1238 1011 316 1081 817 488 491 269 1557 1201 508 116 1895 768 418 2214 395 1171 496 409 286 234 182 350 227 501 101 81 445 952 423 767 245 201 105 240
internal_count=32036 29117 26326 2919 23765 1504 21374 2791 2561 1415 1299 996 1079 6175 888 1185 1390 810 572 2391 3961 3233 517 1118 878 1606 1238 1011 316 1081 817 488 491 269 1557 1201 508 116 1895 768 418 2214 395 1171 496 409 286 234 182 350 227 501 101 81 445 952 423 767 245 201 105 240
is_linear=0
shrinkage=0.05


Tree=26
num_leaves=63
num_cat=0
split_feature=23 9 7 36 2 35 35 11 35 35 40 40 40 40 40 40 38 35 35 36 40 13 36 40 40 40 40 40 40 36 35 33 40 36 35 40 40 40 40 35 40 40 25 34 32 35 33 35 36 4 32 9 7 36 40 40 40 40 40 40 35 36
split_gain=2.68095e+06 311010 277344 233829 95839.6 87197.9 65937.4 54199.1 51296.4 49609.7 47322.3 45069.9 35171.4 63418.9 28943 34290.4 27749.1 29643.6 27342.4 25621.2 22998.1 21898 21603.8 20564.1 20391 59010.7 19404.8 23393.3 17293.4 17005 16776.4 15449.8 15322.3 14762.6 14594.5 14378.1 14174.7 21341.9 14143.1 15299.8 16170.1 19678.9 13656.2 13364.2 12652.5 12492.7 11933.9 11920.9 11331 11320.9 11166.6 11066.5 10956.2 10642.3 10379.3 10349.5 18665.6 15232.9 10077.8 21966.9 10069.4 9997.26
threshold=1.0000000180025095e-35 1.0000000180025095e-35 1.0000000180025095e-35 243.37500000000003 1.0000000180025095e-35 370.95000000000005 406.55000000000007 1.0000000180025095e-35 800.35000000000025 806.05000000000007 1.0000000180025095e-35 5.5000000000000009 3.5000000000000004 5.5000000000000009 1.5000000000000002 2.5000000000000004 1.0000000180025095e-35 1279.4000000000003 759.00000000000011 345.05000000000013 1.5000000000000002 1.0000000180025095e-35 347.52916666666675 5.5000000000000009 3.5000000000000004 1.5000000000000002 5.5000000000000009 4.5000000000000009 4.5000000000000009 272.41250000000008 623.6500000000002 414.65000000000003 5.5000000000000009 100.47500000000001 1044.7500000000002 1.0000000180025095e-35 4.5000000000000009 1.0000000180025095e-35 1.0000000180025095e-35 220.65000000000006 3.5000000000000004 5.5000000000000009 1.0000000180025095e-35 243.25000000000003 58.45000000000001 420.45000000000005 4.4500000000000011 723.1500000000002 153.21000000000004 1.0000000180025095e-35 396.45000000000005 1.0000000180025095e-35 1.0000000180025095e-35 157.21000000000004 5.5000000000000009 3.5000000000000004 5.5000000000000009 1.5000000000000002 4.5000000000000009 1.0000000180025095e-35 1313.1500000000003 147.81250000000003
decision_type=2 2 2 2 2 2 2 2 2 2 2 2 2 2 2 2 2 2 2 2 2 2 2 2 2 2 2 2 2 2 2 2 2 2 2 2 2 2 2 2 2 2 2 2 2 2 2 2 2 2 2 2 2 2 2 2 2 2 2 2 2 2
left_child=1 2 4 5 7 33 -3 -1 19 22 -8 21 20 28 -11 -16 17 42 53 35 -12 24 38 58 25 44 27 -17 -14 -15 -27 -19 36 -2 -22 -5 37 -9 -4 -40 -41 -42 49 51 -7 -39 -26 -34 -23 55 61 -13 -37 -6 -18 57 -57 -10 59 -20 -28 -48
right_child=3 6 9 8 18 11 10 32 16 14 12 43 13 29 15 26 54 31 23 -21 34 48 -24 -25 46 30 60 -29 -30 -31 -32 -33 47 -35 -36 52 -38 45 39 40 41 -43 -44 -45 -46 -47 50 -49 -50 -51 -52 -53 -54 -55 -56 56 -58 -59 -60 -61 -62 -63
leaf_value=-0.31479784150134316 0.068069935562619588 -0.025714902613822435 -0.24059112069426455 0.75150926320536726 -0.27013847996868484 1.755299690097277 0.016098485125585853 -0.32328282132798136 2.4190422213077549 0.13587967541124954 0.39758906237160169 1.5487398006125048 0.5229040198855931 0.63978935133303161 2.3571391290146857 0.94340481988845326 1.3866770878205437 3.7025285246079429 -0.22045663086616477 2.0006062440819794 1.1438046328246301 0.80268168747425084 0.55751778781021899 0.66902472129572299 1.1724889448869067 1.4547172120419043 0.97180516120683347 -0.0045007665988302586 -0.028305405424796135 1.1727382205113936 2.6287914937362076 2.411019337253693 0.0044599938845749426 0.65272054445446415 2.113271489739418 1.4469645566917013 -0.38097902290142627 -0.14100530945062636 -0.19450363350822134 0.58928564874582501 -0.10823630032714704 0.38537842024768199 1.5267008657256762 2.6237670855224131 0.50304604305590439 0.3110982906507001 -0.12658689346164465 0.45105826402727467 2.0550219950610642 1.6370001002573051 -0.53611600169768703 2.6721773842970533 2.59537621059201 0.011733282823663425 2.5116445260047913 1.79745992280935 2.690880343367656 3.7840178520448746 -0.21821168867658966 0.59879459461095319 2.1008249803022907 0.76830793798074759
leaf_weight=19131 158 801 276 74 466 23 386 419 60 199 90 253 216 339 35 124 114 57 138 273 203 24 285 248 74 58 193 137 417 268 64 39 512 341 48 371 448 250 255 249 421 388 63 40 164 393 40 211 73 52 26 24 22 1190 25 114 120 31 158 201 22 142
leaf_count=19131 158 801 276 74 466 23 386 419 60 199 90 253 216 339 35 124 114 57 138 273 203 24 285 248 74 58 193 137 417 268 64 39 512 341 48 371 448 250 255 249 421 388 63 40 164 393 40 211 73 52 26 24 22 1190 25 114 120 31 158 201 22 142
internal_value=-0.00265013 -0.147474 -0.200438 1.44196 -0.253929 1.0079 0.356703 -0.28759 1.90333 0.291511 0.512431 1.27616 0.633611 0.509941 0.64744 0.846658 2.21854 2.3818 0.0455866 1.61581 1.08332 1.04888 0.156661 0.297148 0.934601 1.21517 0.735593 0.445845 0.159785 0.875095 2.07063 3.17785 -0.0544859 0.467601 1.3292 1.39086 -0.145115 -0.045617 0.0847639 0.153155 0.236948 0.128504 2.20811 1.76945 0.657067 0.135319 0.627168 0.134795 1.74516 2.32198 0.43316 1.64608 1.51125 -0.0675857 1.58901 2.43158 2.25562 2.88403 0.111584 0.265294 1.08733 0.571628
internal_weight=32036 29117 26349 2919 23765 1504 2768 21364 1415 2584 1967 1005 1581 1240 710 511 675 536 2401 740 341 688 1874 745 591 309 476 261 633 607 122 96 2233 499 251 467 1510 1062 1589 1313 1058 809 440 317 187 643 282 723 97 377 208 277 393 1656 139 325 234 91 497 339 215 182
internal_count=32036 29117 26349 2919 23765 1504 2768 21364 1415 2584 1967 1005 1581 1240 710 511 675 536 2401 740 341 688 1874 745 591 309 476 261 633 607 122 96 2233 499 251 467 1510 1062 1589 1313 1058 809 440 317 187 643 282 723 97 377 208 277 393 1656 139 325 234 91 497 339 215 182
is_linear=0
shrinkage=0.05


Tree=27
num_leaves=63
num_cat=0
split_feature=39 35 9 25 25 40 35 9 40 40 40 28 36 31 28 40 40 35 40 35 40 40 38 31 35 40 40 31 32 36 36 32 31 33 40 35 35 36 33 40 40 35 40 40 40 32 31 32 36 40 40 40 34 36 9 33 24 35 36 34 40 40
split_gain=1.05652e+06 299348 188507 167542 155589 118864 117425 59095.1 54818 81863.3 64696.3 53970.7 52130.8 38158.6 22572.9 22281.8 49915.2 21335.2 20294.3 19101.1 24842.9 16130.3 15948.2 15833.8 15776.1 14978.9 22177.7 14843.3 14689.5 13631.7 12706.9 12824.2 12525 12639.4 12146.8 12037.2 11245.6 10715.5 10236.7 9746.69 9331.67 9257.83 9147.25 11517.5 9082.63 8910.11 8874.39 8811.83 10288.7 9390.37 12389.7 8807.2 8663.53 7775.34 7766.38 7368.38 7334.51 7968.01 7310.34 7182.75 6982.03 12369.4
threshold=1.0000000180025095e-35 747.75000000000011 1.0000000180025095e-35 1.0000000180025095e-35 1.0000000180025095e-35 1.0000000180025095e-35 311.15000000000003 1.0000000180025095e-35 1.5000000000000002 3.5000000000000004 5.5000000000000009 1.0000000180025095e-35 285.45833333333337 283.85000000000008 1.0000000180025095e-35 5.5000000000000009 3.5000000000000004 156.95000000000002 1.0000000180025095e-35 1044.7500000000002 3.5000000000000004 1.0000000180025095e-35 1.0000000180025095e-35 300.15000000000003 1279.4000000000003 3.5000000000000004 5.5000000000000009 21.350000000000005 58.45000000000001 259.61250000000007 282.51250000000005 53.95000000000001 384.75000000000006 357.45000000000005 5.5000000000000009 447.85000000000008 423.15000000000009 173.16750000000005 405.05000000000007 4.5000000000000009 2.5000000000000004 527.55000000000007 3.5000000000000004 5.5000000000000009 5.5000000000000009 283.95000000000005 18.150000000000002 398.85000000000008 275.04166666666669 3.5000000000000004 5.5000000000000009 1.5000000000000002 428.15000000000003 229.91666666666669 1.0000000180025095e-35 402.75000000000006 1.0000000180025095e-35 924.45000000000016 379.48750000000007 320.75000000000006 4.5000000000000009 1.5000000000000002
decision_type=2 2 2 2 2 2 2 2 2 2 2 2 2 2 2 2 2 2 2 2 2 2 2 2 2 2 2 2 2 2 2 2 2 2 2 2 2 2 2 2 2 2 2 2 2 2 2 2 2 2 2 2 2 2 2 2 2 2 2 2 2 2
left_child=2 4 11 5 6 -3 17 12 28 35 23 -1 15 37 22 16 52 -2 -5 -20 -21 -15 24 27 42 51 -27 -11 -8 -13 31 -12 -16 -34 -22 -10 -32 -4 -17 -29 -37 -6 -14 -44 60 -28 -18 49 -49 -9 55 -23 56 -30 -33 -51 57 -7 -26 -50 61 -31
right_child=1 3 13 18 41 7 8 47 9 10 30 29 14 21 32 38 46 -19 19 20 34 25 -24 -25 58 26 45 39 53 44 36 54 33 -35 -36 40 -38 -39 -40 -41 -42 -43 43 -45 -46 -47 -48 48 59 50 -52 -53 -54 -55 -56 -57 -58 -59 -60 -61 -62 -63
leaf_value=-0.32400369593441386 -0.25141454818923187 0.28299366624614358 -0.14278269100840954 -0.2658041376781104 -0.30509444086147636 0.89663912162894288 0.38954672461541573 2.0048612261640613 0.72900090174197296 0.56258583673022011 1.0034389558682839 -0.15160345993876462 1.4216857948021866 0.012438897097983011 1.280615915254105 0.85580527172869114 1.1160466316673492 0.088700743320646161 0.082994510411635192 1.418852315229528 0.029326691478490832 0.32837422910409098 0.61286264735626417 0.3483324054069018 1.5287579625844956 0.13501045385197008 0.57539838641509422 0.19930591428850561 -0.1558710368700989 -0.16476059772476959 0.54227217538005346 0.40138606189882459 1.6871876933072742 2.9416471475555053 0.74295196423927945 1.4946538462769241 0.99069943247506265 0.16932048166409519 1.4505134599932124 -0.19664194528094631 1.0064788803620772 -0.069692526893479309 0.6827292632622024 1.2047397422093027 0.36117735423698089 1.1916393942143544 0.18306044842515673 1.16453331893888 1.983593137857933 0.50197340365041765 1.6368814924609998 1.1898431170559038 2.0964581898280552 0.18971730443760465 0.95628696563451188 1.4924607183252063 0.40256116876476694 1.5913737450233278 2.5399833001196388 3.0329982215707956 -0.28809704037755729 0.42514922536027272
leaf_weight=15199 695 688 519 232 1251 105 303 58 226 110 120 1128 152 164 86 387 27 1370 545 68 138 39 148 699 70 292 200 235 438 185 227 732 57 31 105 152 364 585 89 459 275 627 192 235 261 83 455 29 63 57 107 124 21 259 69 28 38 68 24 22 150 171
leaf_count=15199 695 688 519 232 1251 105 303 58 226 110 120 1128 152 164 86 387 27 1370 545 68 138 39 148 699 70 292 200 235 438 185 227 732 57 31 105 152 364 585 89 459 275 627 192 235 261 83 455 29 63 57 107 124 21 259 69 28 38 68 24 22 150 171
internal_value=-0.00251763 0.346388 -0.238823 0.685772 0.175927 0.866191 0.288174 1.0236 0.427054 0.516519 0.40659 -0.292633 0.925339 0.219713 1.19243 0.702018 0.525363 -0.0257691 0.148993 0.261415 0.57408 0.460971 1.08279 0.174283 1.18613 0.560645 0.440711 0.0229635 0.0988979 -0.0410217 0.637514 0.521402 1.70973 2.1291 0.337683 1.02408 0.818461 0.0225981 0.967001 -0.0625674 1.18026 -0.226502 1.08859 0.970018 0.121607 0.756133 0.235323 1.61344 1.97775 1.44732 1.27889 0.983725 1.12795 -0.027453 0.449187 0.828252 1.03155 1.16971 1.78694 2.2552 -0.00196591 0.118595
internal_weight=32036 12936 19100 4325 8611 3237 6733 2549 4668 3668 3015 17094 2185 2006 995 1190 714 2065 1088 856 311 902 821 1503 673 738 575 804 1000 1895 1512 921 174 88 243 653 591 1104 476 694 427 1878 579 427 767 283 482 364 114 250 192 163 232 697 801 85 211 173 94 85 506 356
internal_count=32036 12936 19100 4325 8611 3237 6733 2549 4668 3668 3015 17094 2185 2006 995 1190 714 2065 1088 856 311 902 821 1503 673 738 575 804 1000 1895 1512 921 174 88 243 653 591 1104 476 694 427 1878 579 427 767 283 482 364 114 250 192 163 232 697 801 85 211 173 94 85 506 356
is_linear=0
shrinkage=0.05


Tree=28
num_leaves=63
num_cat=0
split_feature=35 38 7 35 35 35 40 40 35 40 7 40 40 40 40 35 40 35 40 40 40 40 40 40 5 8 24 35 24 2 4 6 4 18 35 5 37 24 18 6 25 6 34 8 40 33 40 40 29 31 40 31 6 29 40 40 28 40 24 18 2 8
split_gain=511836 180398 135746 102430 80302 47497.5 35098.7 33662.5 35343.4 32116 29740.1 29292.7 41421.4 24273.7 26485.1 21294.7 22681 18199 17486 29617.9 16969.6 31022.6 32494.5 13700.6 13672.7 12142.5 12122.8 12005.2 11997.7 10929.9 10203.2 9557.94 10494.1 11769.8 9224.24 9052.98 9022.54 8948.48 9218.79 10395.7 9132.65 8916.11 8547.02 8517.02 8460.03 8448.08 8416.3 18755 11283.4 11669.8 8341.98 8149.23 7929.85 7620.61 7580.7 9137.22 7417.47 7411.9 7409.85 8218.06 7169.61 6900.66
threshold=592.85000000000014 1.0000000180025095e-35 1.0000000180025095e-35 311.15000000000003 933.35000000000025 1155.7500000000002 5.5000000000000009 1.0000000180025095e-35 1279.4000000000003 1.0000000180025095e-35 1.0000000180025095e-35 4.5000000000000009 1.0000000180025095e-35 3.5000000000000004 5.5000000000000009 967.45000000000016 5.5000000000000009 145.35000000000005 3.5000000000000004 5.5000000000000009 1.5000000000000002 3.5000000000000004 5.5000000000000009 4.5000000000000009 1.0000000180025095e-35 1.0000000180025095e-35 1.0000000180025095e-35 1455.95 1.0000000180025095e-35 1.0000000180025095e-35 1.0000000180025095e-35 1.0000000180025095e-35 1.0000000180025095e-35 1.0000000180025095e-35 428.85000000000008 1.0000000180025095e-35 2.5000000000000004 1.0000000180025095e-35 1.0000000180025095e-35 1.0000000180025095e-35 1.0000000180025095e-35 1.0000000180025095e-35 195.35000000000005 1.0000000180025095e-35 5.5000000000000009 1.0000000180025095e-35 3.5000000000000004 5.5000000000000009 1.0000000180025095e-35 388.85000000000008 4.5000000000000009 394.65000000000003 1.0000000180025095e-35 1.0000000180025095e-35 3.5000000000000004 5.5000000000000009 1.0000000180025095e-35 4.5000000000000009 1.0000000180025095e-35 1.0000000180025095e-35 1.0000000180025095e-35 1.0000000180025095e-35
decision_type=2 2 2 2 2 2 2 2 2 2 2 2 2 2 2 2 2 2 2 2 2 2 2 2 2 2 2 2 2 2 2 2 2 2 2 2 2 2 2 2 2 2 2 2 2 2 2 2 2 2 2 2 2 2 2 2 2 2 2 2 2 2
left_child=3 2 4 17 6 20 11 -6 13 -5 18 12 -2 -9 23 -3 -17 -1 29 -20 -4 42 57 -15 25 28 46 52 31 56 35 32 33 36 -21 37 -8 38 39 40 61 43 -22 53 -19 -38 48 50 49 -10 -48 54 -7 58 -12 -56 -11 -23 59 -16 -18 -14
right_child=1 15 5 9 7 27 24 8 26 10 51 -13 30 14 41 16 60 44 19 34 21 22 -24 -25 -26 -27 -28 -29 -30 -31 -32 -33 -34 -35 -36 -37 45 -39 -40 -41 -42 -43 -44 -45 -46 -47 47 -49 -50 -51 -52 -53 -54 -55 55 -57 -58 -59 -60 -61 -62 -63
leaf_value=-0.32703402117882252 -0.12701725934787342 -0.16869552343759872 0.37376792514596791 -0.22088545154650815 0.064377464822661337 1.6551619402798161 1.1852039002084813 0.93868651146705617 1.5147622566223147 0.042738316009549776 0.54913596860061475 -0.14199317433343614 0.93317833644366177 0.55556289399920533 1.3271106643509121 0.0088092002715773384 0.47401671213624275 -0.23816763087154405 -0.17487715364989595 -0.045407637339216517 1.3204189891164955 0.66638019964990458 1.0270490496015212 0.016645569849474347 0.043545176210999487 0.083831954282249904 0.59768021416990724 2.5718911021947863 0.13546117044450171 0.51400457124392962 0.027822226308064885 0.23032574785267648 0.28983010806328391 0.34036857454814545 0.1264041497430263 0.095371238776343945 0.30707254765717235 0.13404845907266097 0.17950834590527748 0.2272308470486705 0.32786452564699897 0.2745445006109517 2.3957106385912215 0.34799062319099905 -0.11164647565790808 0.86570308528025641 1.3906699821352959 1.6642999106645584 0.82211096119135618 3.1135857213111153 0.20660321589778452 0.59378056318222827 0.76267959792166951 0.4853214675188065 -0.10123525680184871 0.34160808184508074 0.41378290124954908 0.17185131469611514 0.57981264052889603 0.64504537968361975 1.3159171929210425 0.42796710178694308
leaf_weight=4739 660 1751 233 1901 283 112 147 319 25 1498 130 923 330 174 160 944 161 3920 3018 1491 154 117 371 366 250 197 73 29 181 156 202 163 161 142 1641 188 92 161 144 134 116 116 21 100 1993 256 21 80 20 21 51 182 32 100 236 230 148 215 81 61 30 85
leaf_count=4739 660 1751 233 1901 283 112 147 319 25 1498 130 923 330 174 160 944 161 3920 3018 1491 154 117 371 366 250 197 73 29 181 156 202 163 161 142 1641 188 92 161 144 134 116 116 21 100 1993 256 21 80 20 21 51 182 32 100 236 230 148 215 81 61 30 85
internal_value=-0.00239174 0.278778 0.402818 -0.144449 0.311091 0.8731 0.193612 0.570678 0.651721 -0.0346511 0.00590239 0.0913684 0.197998 0.552491 0.446104 -0.0593471 0.109348 -0.254031 -0.0229636 -0.063098 0.753098 0.853763 0.705476 0.190297 0.382979 0.446353 1.15537 1.64375 0.50889 0.11401 0.355727 0.579223 0.65049 0.741645 0.0446125 0.412926 0.856759 0.474472 0.542221 0.620763 0.720072 0.669626 1.44945 0.760919 -0.195523 0.718019 1.34212 1.1374 1.81358 2.24466 0.551956 0.300944 1.45683 0.863638 0.21152 0.117335 0.0761008 0.346128 0.988908 1.13885 0.606252 0.829701
internal_weight=32036 10753 7867 21283 6583 1284 4532 2051 1768 10631 8730 2943 2020 1477 1158 2886 1135 10652 7952 6150 1111 878 703 540 1589 1339 291 173 1142 1802 1360 961 798 637 3132 1158 495 970 809 665 531 618 175 502 5913 348 218 152 66 46 72 778 144 402 596 466 1646 332 302 221 191 415
internal_count=32036 10753 7867 21283 6583 1284 4532 2051 1768 10631 8730 2943 2020 1477 1158 2886 1135 10652 7952 6150 1111 878 703 540 1589 1339 291 173 1142 1802 1360 961 798 637 3132 1158 495 970 809 665 531 618 175 502 5913 348 218 152 66 46 72 778 144 402 596 466 1646 332 302 221 191 415
is_linear=0
shrinkage=0.05


Tree=29
num_leaves=63
num_cat=0
split_feature=23 9 36 39 35 25 36 35 28 40 35 40 40 40 40 40 40 35 40 36 38 35 40 13 28 40 40 40 35 40 33 36 36 40 36 37 34 35 25 32 32 35 35 40 40 36 32 32 13 40 40 34 40 35 40 34 35 40 40 40 33 12
split_gain=2.30321e+06 249371 195041 150637 70804.5 58468.6 57182.4 50325.8 45872.1 40859.4 39128.6 37186.6 36178.5 35829.9 57116.9 28083.1 49593.5 24699.5 23467.4 22394 21642.6 22141.7 19570.4 19566.6 18020 16643.3 47869.4 14433.2 14225.7 13882.9 13496.6 13355.7 12698.8 11950.6 11883.3 11473 11325.8 11198.1 11075.8 10910.7 10827.9 10562.7 10396.3 10051.8 10045.9 9840.18 9735.7 12889.8 9395.54 9328.76 14409.9 9260.12 8919.44 8623.62 8478.63 8368.83 8299.08 8699.63 9477.4 14534.9 8267.91 8041.94
threshold=1.0000000180025095e-35 1.0000000180025095e-35 243.37500000000003 1.0000000180025095e-35 370.95000000000005 1.0000000180025095e-35 187.51000000000002 406.55000000000007 1.0000000180025095e-35 1.0000000180025095e-35 800.35000000000025 5.5000000000000009 1.0000000180025095e-35 3.5000000000000004 5.5000000000000009 3.5000000000000004 5.5000000000000009 1110.2000000000003 1.5000000000000002 345.05000000000013 1.0000000180025095e-35 1279.4000000000003 1.5000000000000002 1.0000000180025095e-35 1.0000000180025095e-35 3.5000000000000004 1.5000000000000002 4.5000000000000009 623.6500000000002 4.5000000000000009 414.65000000000003 296.12500000000006 100.47500000000001 1.0000000180025095e-35 174.31250000000006 3.5000000000000004 3.8500000000000001 1044.7500000000002 1.0000000180025095e-35 87.750000000000014 58.45000000000001 629.1500000000002 894.95000000000016 2.5000000000000004 5.5000000000000009 153.21000000000004 376.75000000000006 81.350000000000009 1.0000000180025095e-35 4.5000000000000009 1.5000000000000002 393.85000000000008 3.5000000000000004 437.25000000000006 5.5000000000000009 247.15000000000001 112.95000000000002 5.5000000000000009 4.5000000000000009 1.5000000000000002 276.25000000000006 1.0000000180025095e-35
decision_type=2 2 2 2 2 2 2 2 2 2 2 2 2 2 2 2 2 2 2 2 2 2 2 2 2 2 2 2 2 2 2 2 2 2 2 2 2 2 2 2 2 2 2 2 2 2 2 2 2 2 2 2 2 2 2 2 2 2 2 2 2 2
left_child=1 3 4 8 32 6 56 -3 -1 -8 19 23 -9 18 29 22 27 41 -11 33 21 38 -14 25 43 26 40 -17 -28 -15 51 -18 -2 -4 -10 39 48 -24 46 -27 -6 -16 -7 55 49 -25 47 -12 61 50 -36 -23 -52 -21 -22 -20 -5 58 59 -58 -35 -13
right_child=2 7 10 5 11 42 9 12 34 13 20 36 15 14 17 16 31 -19 24 53 54 30 37 45 -26 35 28 -29 -30 -31 -32 -33 -34 60 44 -37 -38 -39 -40 -41 -42 -43 -44 -45 -46 -47 -48 -49 -50 -51 52 -53 -54 -55 -56 -57 57 -59 -60 -61 -62 -63
leaf_value=-0.3008205164372747 0.082855382301296479 -0.019140266409532147 0.71376536802665613 -0.41049212552607062 1.6343160252208297 -0.27575194462426905 -0.15664825322396986 0.017027046085562113 -0.24192870318988771 0.051391924573417527 3.0734149241447448 1.1669978731907673 0.32623529518644018 0.13931384726118315 0.1697640999569851 0.46853954415785631 0.60125720370793134 0.9790014620114873 0.75903497452037572 1.554067000013883 1.2945366815843604 4.0518127698164719 1.0232245502360349 0.75543881257375078 1.4843274891376497 1.7148227997124197 1.3243353876574286 -0.035028625490496776 2.4054778286023066 -0.19371010952521137 2.1488196849822998 1.096583719421359 0.62509985502558019 1.3519223405789305 -0.18706408907811645 0.26168541016641761 2.0429307240206716 1.8724271098772687 1.4137753736405145 0.66897957208937253 0.47586455810360795 0.44934889174630349 -0.022961017173553606 0.42938713298031533 0.22807823999056029 1.9224909736685558 2.3820645023019691 1.7302161233711566 2.3229192271828651 -0.29690139846277325 0.53046725814828288 2.7722893945632445 -0.011813649336496989 2.1193001773183711 2.3112952899932862 1.840655203741044 -0.31255748444415921 0.040038360193872087 -0.41233447123216849 0.1098402279977661 2.3716473817825316 2.186179904504256
leaf_weight=15199 158 801 74 296 23 2040 872 386 526 211 20 161 90 462 794 216 401 143 169 122 114 26 203 24 60 32 58 417 64 970 39 206 341 372 318 137 109 48 63 113 164 588 508 391 460 73 190 167 25 283 173 31 135 151 25 20 416 551 365 399 21 22
leaf_count=15199 158 801 74 296 23 2040 872 386 526 211 20 161 90 462 794 216 401 143 169 122 114 26 203 24 60 32 58 417 64 970 39 206 341 372 318 137 109 48 63 113 164 588 508 391 460 73 190 167 25 283 173 31 135 151 25 20 416 551 365 399 21 22
internal_value=-0.00227216 -0.136506 1.33671 -0.183932 0.940273 -0.021457 0.0560032 0.314954 -0.271899 0.152085 1.75807 1.18201 0.451003 0.222782 0.140504 0.556958 0.44645 0.353447 0.508677 1.50696 2.03337 2.17755 0.958804 0.97556 0.659438 0.867535 1.12101 0.136805 1.89149 -0.086268 2.86554 0.769358 0.453407 1.29666 -0.0399324 0.589787 1.63008 1.18562 2.02744 0.899786 0.618348 0.288719 -0.225352 0.574104 0.037679 1.63374 2.12999 1.87387 1.41373 -0.0586727 0.0490249 3.35593 0.292779 1.86671 1.47741 0.873492 -0.165833 -0.123997 -0.200593 -0.105764 1.40641 1.28952
internal_weight=32036 29117 2919 26349 1504 9255 6707 2768 17094 4680 1415 1005 1967 3808 2957 1581 1240 1525 851 740 675 536 341 688 640 591 309 633 122 1432 96 607 499 467 1895 282 317 251 440 145 187 1382 2548 580 1369 97 377 187 208 909 626 57 308 273 139 189 2027 1731 1180 815 393 183
internal_count=32036 29117 2919 26349 1504 9255 6707 2768 17094 4680 1415 1005 1967 3808 2957 1581 1240 1525 851 740 675 536 341 688 640 591 309 633 122 1432 96 607 499 467 1895 282 317 251 440 145 187 1382 2548 580 1369 97 377 187 208 909 626 57 308 273 139 189 2027 1731 1180 815 393 183
is_linear=0
shrinkage=0.05


Tree=30
num_leaves=63
num_cat=0
split_feature=39 35 9 40 35 9 40 40 40 40 40 40 31 35 35 31 40 35 36 11 35 35 9 36 31 40 40 40 40 36 36 40 12 35 13 18 8 35 40 40 40 40 36 35 13 8 36 40 11 2 31 31 9 35 18 10 36 11 2 32 35 32
split_gain=866460 264526 160092 94795.9 84506.1 66234.7 51543.5 91335.1 43872.4 69549.4 62249.5 31954.4 27696.7 23928.4 21252.1 21068.4 20525.7 17647.1 16821.7 14515.3 13400.8 12930 12819.9 11965.9 11878.4 11756 17699.5 14042.5 13735.8 11123.1 11120 10020.1 8942.16 8455.17 8446.99 8243.93 8182.89 8081.98 7897.8 7818.36 10791.7 9672.23 7682.13 7447.88 7404.71 7038.21 6934.61 6807.38 6767.59 9651.11 8567.75 6444.96 6424.3 6394.27 8511.36 9227.28 6332.97 6301.64 7143.73 8945.98 6296.56 6417.49
threshold=1.0000000180025095e-35 782.6500000000002 1.0000000180025095e-35 1.0000000180025095e-35 239.15000000000003 1.0000000180025095e-35 3.5000000000000004 5.5000000000000009 1.5000000000000002 3.5000000000000004 5.5000000000000009 4.5000000000000009 322.15000000000003 1055.7500000000002 1055.7500000000002 240.95000000000002 1.5000000000000002 598.1500000000002 208.11250000000004 1.0000000180025095e-35 532.95000000000016 1351.1500000000003 1.0000000180025095e-35 364.8250000000001 438.65000000000003 3.5000000000000004 1.5000000000000002 2.5000000000000004 5.5000000000000009 243.37500000000003 288.61000000000007 5.5000000000000009 1.0000000180025095e-35 511.05000000000007 1.0000000180025095e-35 1.0000000180025095e-35 1.0000000180025095e-35 389.25000000000006 4.5000000000000009 1.0000000180025095e-35 3.5000000000000004 5.5000000000000009 269.82916666666671 373.95000000000005 1.0000000180025095e-35 1.0000000180025095e-35 89.916666666666671 1.0000000180025095e-35 1.0000000180025095e-35 1.0000000180025095e-35 298.25000000000006 339.55000000000007 1.0000000180025095e-35 1279.4000000000003 1.0000000180025095e-35 1.0000000180025095e-35 259.61250000000007 1.0000000180025095e-35 1.0000000180025095e-35 24.350000000000005 1122.0000000000002 472.65000000000003
decision_type=2 2 2 2 2 2 2 2 2 2 2 2 2 2 2 2 2 2 2 2 2 2 2 2 2 2 2 2 2 2 2 2 2 2 2 2 2 2 2 2 2 2 2 2 2 2 2 2 2 2 2 2 2 2 2 2 2 2 2 2 2 2
left_child=2 4 37 29 46 6 13 11 24 17 18 60 20 35 36 -15 -17 45 38 22 -4 39 30 -18 57 26 -7 -28 56 -3 32 -22 44 -24 48 -5 -9 -1 -11 -14 -41 -42 -30 -32 -12 51 -2 -39 49 50 -20 -10 -31 54 55 -16 -27 58 59 -6 61 -8
right_child=1 3 12 5 8 25 7 14 9 10 19 -13 21 15 53 16 23 -19 34 -21 31 -23 33 -25 -26 28 27 -29 42 52 43 -33 -34 -35 -36 -37 -38 47 -40 40 41 -43 -44 -45 -46 -47 -48 -49 -50 -51 -52 -53 -54 -55 -56 -57 -58 -59 -60 -61 -62 -63
leaf_value=-0.28892341288754098 -0.2922618040539175 -0.11451445101494236 -0.063162756773249756 0.98620211290019633 0.37385863982192524 0.76165263269628802 0.43573783141741829 0.80539764926912705 0.48537863245516111 0.090336221276315118 0.23791317783340926 0.067758309498795674 0.062669881207998421 0.45552943664438583 1.3402617879299215 0.85432403564453141 1.831912689767778 1.0062974895391401 0.066759298284129839 0.17986174731803334 0.13555761087516122 1.5722679450511934 0.39600740762857289 2.9403521898814611 0.40327199018378368 0.36394467315740053 3.1454877676787198 1.7090277684771498 1.1190083004437485 0.23711479730918109 0.32796738175220636 0.64579240372122237 0.70984826423961367 1.3079055217847433 0.85587969330571045 0.30541154008645277 0.28200772385386863 -0.3089334789983087 -0.23144328021216115 0.91366262894031436 0.16270873777506767 0.61161719219399102 1.7701717617836867 0.71834836778929989 0.65291878668273373 -0.15268179598976583 -0.076390132288306767 -0.19476860089129464 -0.10342041633334703 -0.059430169665134286 0.41319731319250136 0.81594790452115606 0.73433378168658636 1.5285848937586908 0.40184711877256635 0.53750144310972903 1.0718951036907594 -0.23010100762864871 -0.18812193868271376 -0.0018601854296093345 1.013136331089165 1.2829604024887085
leaf_weight=9519 547 224 748 307 217 28 211 615 495 277 852 727 129 34 192 40 80 297 292 553 355 25 39 35 174 45 27 46 77 532 169 132 146 73 41 52 85 1673 612 121 242 238 110 441 123 34 1163 5948 256 294 459 210 74 109 40 44 106 319 295 587 92 25
leaf_count=9519 547 224 748 307 217 28 211 615 495 277 852 727 129 34 192 40 80 297 292 553 355 25 39 35 174 45 27 46 77 532 169 132 146 73 41 52 85 1673 612 121 242 238 110 441 123 34 1163 5948 256 294 459 210 74 109 40 44 106 319 295 587 92 25
internal_value=0.00474323 0.321051 -0.208917 0.661562 0.170755 0.787645 0.694649 0.583852 0.245282 0.310474 0.227561 0.252591 0.215581 1.12732 0.905954 1.58268 1.82992 0.680782 0.0375052 0.404529 0.0697343 0.454152 0.471942 2.16926 0.0133835 1.35706 1.83039 2.24032 1.21562 0.186548 0.438398 0.273855 0.344914 0.99037 0.149251 0.887592 0.741843 -0.258203 -0.131181 0.41586 0.49167 0.385293 1.50205 0.610194 0.290268 0.54996 -0.145444 -0.219831 0.126982 0.183425 0.278497 0.583846 0.297831 1.20434 1.07628 1.19059 0.860916 -0.034459 0.0223289 0.0995465 0.662266 0.525486
internal_weight=32052 12922 19130 3957 8965 3127 2688 2140 7255 5663 4627 1055 1990 548 1085 189 155 1036 2231 2396 1235 755 1843 115 1592 439 101 73 338 830 1731 487 1121 112 1342 359 700 17140 889 730 601 480 187 610 975 739 1710 7621 1301 1045 751 705 606 385 276 236 151 1418 1099 804 328 236
internal_count=32052 12922 19130 3957 8965 3127 2688 2140 7255 5663 4627 1055 1990 548 1085 189 155 1036 2231 2396 1235 755 1843 115 1592 439 101 73 338 830 1731 487 1121 112 1342 359 700 17140 889 730 601 480 187 610 975 739 1710 7621 1301 1045 751 705 606 385 276 236 151 1418 1099 804 328 236
is_linear=0
shrinkage=0.05


Tree=31
num_leaves=63
num_cat=0
split_feature=35 38 35 35 9 7 9 7 7 28 35 7 40 40 40 40 40 40 40 40 40 40 40 35 34 35 40 40 40 35 9 40 2 31 18 31 32 40 8 35 28 25 40 10 25 40 40 40 33 35 40 40 40 35 32 10 10 18 40 35 9 35
split_gain=438612 142724 100043 86797.7 73288.2 54642.6 45009.4 39263.4 31509.2 20829.5 19719.1 19573.1 19644.1 22518.3 18970.1 17418.2 19169 20281.7 14754.9 14613.5 14577.6 24160.4 13037.4 13042.3 12758 15751.9 12608.7 12020.6 18514.7 11372.8 12079.3 10300.6 11079.7 9828.55 9804.57 9737.14 9231.14 8994.52 8885.7 9684.69 8807.92 8427.1 8519.16 8147.96 7723.32 7283.57 7260.58 9139.1 6585.08 6463.31 6400.8 7540.48 9324.57 7107.18 6325.43 6197.56 6179.6 7795.49 6171.49 6086.32 5943.29 6207.97
threshold=639.85000000000014 1.0000000180025095e-35 1140.1000000000001 246.55000000000004 1.0000000180025095e-35 1.0000000180025095e-35 1.0000000180025095e-35 1.0000000180025095e-35 1.0000000180025095e-35 1.0000000180025095e-35 987.70000000000016 1.0000000180025095e-35 1.5000000000000002 2.5000000000000004 5.5000000000000009 1.5000000000000002 3.5000000000000004 5.5000000000000009 5.5000000000000009 5.5000000000000009 4.5000000000000009 1.5000000000000002 1.0000000180025095e-35 894.95000000000016 361.05000000000007 1279.4000000000003 5.5000000000000009 3.5000000000000004 1.5000000000000002 1455.95 1.0000000180025095e-35 3.5000000000000004 1.0000000180025095e-35 392.85000000000008 1.0000000180025095e-35 368.25000000000006 478.05000000000007 3.5000000000000004 1.0000000180025095e-35 1351.1500000000003 1.0000000180025095e-35 1.0000000180025095e-35 3.5000000000000004 1.0000000180025095e-35 1.0000000180025095e-35 5.5000000000000009 4.5000000000000009 1.5000000000000002 372.05000000000007 121.05000000000001 1.0000000180025095e-35 3.5000000000000004 5.5000000000000009 598.1500000000002 326.15000000000003 1.0000000180025095e-35 1.0000000180025095e-35 1.0000000180025095e-35 5.5000000000000009 423.15000000000009 1.0000000180025095e-35 1351.1500000000003
decision_type=2 2 2 2 2 2 2 2 2 2 2 2 2 2 2 2 2 2 2 2 2 2 2 2 2 2 2 2 2 2 2 2 2 2 2 2 2 2 2 2 2 2 2 2 2 2 2 2 2 2 2 2 2 2 2 2 2 2 2 2 2 2
left_child=3 2 4 49 5 9 7 14 15 22 -3 12 -6 -14 20 -4 24 36 37 60 21 -5 -2 41 25 -17 27 28 48 30 -10 32 40 45 44 50 -18 -15 39 56 -23 42 -24 54 -25 46 47 -8 -7 -1 -9 53 -53 -52 -20 -28 57 -19 -44 -16 -12 -62
right_child=1 10 8 6 11 26 33 35 29 -11 19 -13 13 18 59 16 17 38 43 -21 -22 31 23 34 -26 -27 55 -29 -30 -31 -32 -33 -34 -35 -36 -37 -38 -39 -40 -41 -42 -43 58 -45 -46 -47 -48 -49 -50 -51 51 52 -54 -55 -56 -57 -58 -59 -60 -61 61 -63
leaf_value=-0.29157872207657148 -0.11570783290787448 -0.13499005074567069 0.26720370721048531 -0.20130296602244382 0.11624738898770565 0.20534098666519984 -0.042466977723968138 -0.17648300808923156 1.0860892114878604 0.4170069319068877 0.0087937622037422541 1.3306863860047164 1.9234844909837614 0.92054722177228721 -0.066155327153954377 1.107087020613253 0.224678446384356 1.3250143718719483 0.82022960886251239 0.55133476813853777 -0.24371903829393893 0.0074716933751558029 0.34857020127206351 0.50048862371717606 0.70132709512487057 2.5286369180993034 0.96149234658114302 0.22265452149890017 1.1206005661918299 2.4025871621237864 2.1828607722636195 -0.1035774464452008 0.49280177052943941 0.53328427630341402 0.014645789712667466 0.45367632379151274 1.2136913805096239 0.338259239168337 0.4568771892512638 1.7632502851386864 0.43048507527393459 -0.11783798998271032 -0.039946404731537072 0.17767686491211257 0.10247989706932359 0.37248316692645367 -0.16473317951963443 0.40300425184875366 0.95935142669412832 -0.20290737506714157 0.34720877875947648 -0.12400490873565849 0.28644628912873871 1.3067948861555621 1.3211437231764711 0.2616713247365422 0.43298097723828893 0.44880784734180479 0.18000530755358946 0.060387369913949274 0.2105720701877789 1.1279922272848046
leaf_weight=4025 481 1609 159 2753 145 148 218 149 132 747 777 119 39 87 1980 40 187 110 138 181 2413 1293 389 545 40 38 261 259 137 27 31 1186 155 241 200 296 27 279 62 48 136 378 577 30 157 322 205 244 36 4199 157 263 292 22 116 36 42 33 713 1827 93 23
leaf_count=4025 481 1609 159 2753 145 148 218 149 132 747 777 119 39 87 1980 40 187 110 138 181 2413 1293 389 545 40 38 261 259 137 27 31 1186 155 241 200 296 27 279 62 48 136 378 577 30 157 322 205 244 36 4199 157 263 292 22 116 36 42 33 713 1827 93 23
internal_value=0.00450607 0.285778 0.404724 -0.117124 0.328557 0.252857 -0.0420537 -0.0695643 0.87429 0.177688 -0.0242444 0.730808 0.645214 0.756535 -0.0971807 0.734611 0.853141 0.720028 0.686518 0.141668 -0.141196 -0.0964039 0.12572 0.164965 1.42733 1.79964 0.611729 0.476064 0.680528 1.45212 1.29468 0.00785137 0.0912823 0.246964 0.323486 0.205498 0.34946 0.476672 0.988847 1.1304 0.0477305 0.0954525 0.143471 0.956953 0.411475 0.177194 0.0829159 0.192804 0.352865 -0.246305 0.122304 0.182957 0.0919442 0.465147 1.04899 0.876666 0.966202 1.12281 0.0816238 -0.0054268 0.0586336 0.392474
internal_weight=32052 9676 6993 22376 6017 5064 14152 12922 976 4187 2683 953 834 689 11743 786 627 509 650 1074 7936 5523 3440 2959 118 78 877 580 321 190 163 2770 1584 1230 902 1179 214 366 295 233 1429 2057 1679 284 702 989 667 462 184 8224 883 734 555 179 254 297 185 143 1290 3807 893 116
internal_count=32052 9676 6993 22376 6017 5064 14152 12922 976 4187 2683 953 834 689 11743 786 627 509 650 1074 7936 5523 3440 2959 118 78 877 580 321 190 163 2770 1584 1230 902 1179 214 366 295 233 1429 2057 1679 284 702 989 667 462 184 8224 883 734 555 179 254 297 185 143 1290 3807 893 116
is_linear=0
shrinkage=0.05


Tree=32
num_leaves=63
num_cat=0
split_feature=39 35 9 40 35 40 40 28 40 40 40 40 40 35 31 31 35 36 35 11 35 35 40 28 35 9 35 31 9 8 9 9 28 36 34 36 36 34 40 40 35 9 32 35 32 32 4 8 40 40 31 11 5 2 40 40 40 40 35 32 31 40
split_gain=752148 217552 132111 80114.5 70735.7 56743.6 92727.2 38412.7 37509.2 59039.6 47708.2 33424 27478.6 32321.9 23007.3 22382.1 22263.2 14589.7 13326.2 12267.3 12150.5 11866.3 11595.8 11559.8 10950.8 10810.8 10635.7 10425.6 10356.5 10158.9 10196.6 9740.97 10421.9 9726.42 9491.47 10293 9176.35 8896.59 8876.7 14686.8 8867.44 8602.26 8470.73 8289.7 7797.57 7779.82 7382.13 7262.3 7252.3 7165.6 6881.71 6722.87 6692.4 6545.18 6481.63 7164.05 8321.05 6388.44 6324.34 6259.89 7325.52 6145.33
threshold=1.0000000180025095e-35 782.6500000000002 1.0000000180025095e-35 1.0000000180025095e-35 311.15000000000003 3.5000000000000004 5.5000000000000009 1.0000000180025095e-35 1.5000000000000002 3.5000000000000004 5.5000000000000009 4.5000000000000009 1.5000000000000002 978.05000000000007 357.45000000000005 384.75000000000006 1096.7500000000002 208.11250000000004 818.95000000000016 1.0000000180025095e-35 149.45000000000002 1279.4000000000003 5.5000000000000009 1.0000000180025095e-35 598.1500000000002 1.0000000180025095e-35 1122.0000000000002 410.45000000000005 1.0000000180025095e-35 1.0000000180025095e-35 1.0000000180025095e-35 1.0000000180025095e-35 1.0000000180025095e-35 256.81666666666672 283.35000000000008 390.78333333333336 288.61000000000007 320.75000000000006 4.5000000000000009 1.5000000000000002 1351.1500000000003 1.0000000180025095e-35 315.85000000000008 1083.5500000000002 21.150000000000002 348.35000000000008 1.0000000180025095e-35 1.0000000180025095e-35 3.5000000000000004 1.0000000180025095e-35 17.150000000000002 1.0000000180025095e-35 1.0000000180025095e-35 1.0000000180025095e-35 1.5000000000000002 3.5000000000000004 5.5000000000000009 4.5000000000000009 511.05000000000007 145.65000000000001 322.15000000000003 1.5000000000000002
decision_type=2 2 2 2 2 2 2 2 2 2 2 2 2 2 2 2 2 2 2 2 2 2 2 2 2 2 2 2 2 2 2 2 2 2 2 2 2 2 2 2 2 2 2 2 2 2 2 2 2 2 2 2 2 2 2 2 2 2 2 2 2 2
left_child=2 4 7 33 20 12 11 -1 27 24 17 26 -5 34 18 31 29 57 54 28 -2 -17 38 41 47 -13 -7 -6 36 30 -8 32 37 -3 35 -14 44 43 39 -9 61 -18 -32 -15 -12 -24 52 -10 -41 -20 -19 53 -26 -29 -4 -56 -57 -11 -30 -46 -61 -16
right_child=1 3 14 5 8 6 16 22 9 10 19 25 13 15 40 21 23 50 49 -21 -22 -23 45 -25 46 -27 -28 51 58 -31 42 -33 -34 -35 -36 -37 -38 -39 -40 48 -42 -43 -44 -45 59 -47 -48 -49 -50 -51 -52 -53 -54 -55 55 56 -58 -59 -60 60 -62 -63
leaf_value=-0.26572931386593329 -0.22291011202011998 -0.068141618630852149 -0.2133807542705192 0.60652809603515467 -0.041417859932497053 0.52327769379222533 0.76462925234879331 -0.22390229419768187 0.60072560675059483 0.10618589366995256 0.78125030227833325 0.055597184514280973 0.62717910998659887 0.51495614613152363 0.11117126355717953 1.9453473670666037 0.96605315305820616 0.93078776125250196 -0.11139437284750434 0.18132871402581174 0.013120214853614654 3.109543576926896 0.071274845209243959 1.7591684994874179 1.097301272880286 0.59834524659883415 1.1116287642813942 0.60701416957339172 0.36222768067382277 0.32174222022636773 0.88151454188828837 2.0639435403487263 1.9814340551694234 0.29355641635328206 1.7019269520895823 1.473528426885605 0.59402545854343591 0.060790754468352706 -0.31832242528543964 0.36720668890174468 1.4107086728448452 1.6609781703463309 1.7744298907567044 1.8725519267113313 0.073032286883158201 0.54350343902905784 0.2476583855492728 -0.16192776271791171 -0.051046840304030422 0.54883151620018233 0.15109700253832758 -0.19713412509914841 0.18614157756621189 -0.0097246951937268039 0.3893313967365436 -0.1606096874598576 0.17725702900050672 -0.20077739257568661 1.2052436441028402 0.3124515108563366 0.84622538375527889 0.4980231754349338
leaf_weight=15273 788 281 260 176 1147 266 667 454 577 245 90 727 164 22 133 65 254 29 52 485 1770 33 515 81 240 105 108 152 32 109 58 34 24 549 35 46 564 27 371 239 23 54 49 23 236 105 35 33 183 196 1173 53 22 60 147 368 361 550 73 538 73 450
leaf_count=15273 788 281 260 176 1147 266 667 454 577 245 90 727 164 22 133 65 254 29 52 485 1770 33 515 81 240 105 108 152 32 109 58 34 24 549 35 46 564 27 371 239 23 54 49 23 236 105 35 33 183 196 1173 53 22 60 147 368 361 550 73 538 73 450
internal_value=0.00428077 0.298985 -0.194787 0.607786 0.162686 0.723695 0.614693 -0.239559 0.251429 0.315751 0.234782 0.300575 1.13989 1.33835 0.190834 1.7668 0.912512 0.0599988 0.0783357 0.401707 -0.0595897 2.33737 -0.0254708 1.22767 0.680695 0.124093 0.693176 0.0238869 0.46826 0.773672 0.837316 1.33667 1.0791 0.171102 0.939621 0.81257 0.434678 0.778321 -0.113335 -0.0265192 0.44776 1.08789 1.29042 1.20884 0.338764 0.151249 0.929682 0.559467 0.185831 0.410397 0.169908 0.306546 1.02079 0.432465 0.00584343 0.07091 0.00670154 -0.106179 0.948324 0.291746 0.376225 0.409771
internal_weight=32052 12922 19130 3957 8965 3127 2478 17140 6407 4995 4088 1206 649 473 1990 228 1272 1997 1384 2091 2558 98 1867 389 907 832 374 1412 1606 883 774 130 96 830 245 210 1501 72 1247 876 606 308 107 45 937 620 297 610 422 248 1202 265 262 212 1136 876 729 795 105 847 611 583
internal_count=32052 12922 19130 3957 8965 3127 2478 17140 6407 4995 4088 1206 649 473 1990 228 1272 1997 1384 2091 2558 98 1867 389 907 832 374 1412 1606 883 774 130 96 830 245 210 1501 72 1247 876 606 308 107 45 937 620 297 610 422 248 1202 265 262 212 1136 876 729 795 105 847 611 583
is_linear=0
shrinkage=0.05


Tree=33
num_leaves=63
num_cat=0
split_feature=35 38 7 35 35 35 7 25 18 10 29 8 40 4 36 35 35 40 40 40 25 24 38 10 8 29 4 18 35 40 21 32 24 40 40 40 28 36 31 40 2 40 35 28 40 40 40 40 40 40 40 40 31 11 36 21 35 40 40 40 40 35
split_gain=359764 118420 82857.5 71933 51784.5 33416 28047.7 24698.4 25048.2 21062.7 21937.6 20153.5 20033.7 19653.8 19739.9 17174.7 16396.4 15486.2 16696.4 16393.6 14262.5 13252.6 12447.1 13657.8 15806.2 17924.3 16990.5 20056.9 12216.5 12069.9 11857.4 12010.4 11254.8 10754.2 14087.3 10454.4 10436.6 10274.1 10266 10060 9527.03 9512.07 8720.54 8637.28 7462.65 11590.3 9988.39 6910.96 6776.06 7961.59 6764.16 7818.81 6238.29 6165.28 5954.59 5806.38 5651.31 5885.89 5501.79 9910.41 6580.52 5287.7
threshold=639.85000000000014 1.0000000180025095e-35 1.0000000180025095e-35 364.55000000000007 1122.0000000000002 1155.7500000000002 1.0000000180025095e-35 1.0000000180025095e-35 1.0000000180025095e-35 1.0000000180025095e-35 1.0000000180025095e-35 1.0000000180025095e-35 1.0000000180025095e-35 1.0000000180025095e-35 294.5125000000001 176.95000000000002 987.70000000000016 1.5000000000000002 3.5000000000000004 5.5000000000000009 1.0000000180025095e-35 1.0000000180025095e-35 1.0000000180025095e-35 1.0000000180025095e-35 1.0000000180025095e-35 1.0000000180025095e-35 1.0000000180025095e-35 1.0000000180025095e-35 806.05000000000007 5.5000000000000009 1.0000000180025095e-35 1.0000000180025095e-35 1.0000000180025095e-35 5.5000000000000009 4.5000000000000009 1.5000000000000002 1.0000000180025095e-35 226.32916666666668 388.85000000000008 4.5000000000000009 1.0000000180025095e-35 2.5000000000000004 1455.95 1.0000000180025095e-35 1.5000000000000002 3.5000000000000004 5.5000000000000009 5.5000000000000009 3.5000000000000004 5.5000000000000009 4.5000000000000009 1.0000000180025095e-35 482.95000000000005 1.0000000180025095e-35 367.51666666666671 1.0000000180025095e-35 978.05000000000007 5.5000000000000009 1.5000000000000002 3.5000000000000004 5.5000000000000009 825.05000000000007
decision_type=2 2 2 2 2 2 2 2 2 2 2 2 2 2 2 2 2 2 2 2 2 2 2 2 2 2 2 2 2 2 2 2 2 2 2 2 2 2 2 2 2 2 2 2 2 2 2 2 2 2 2 2 2 2 2 2 2 2 2 2 2 2
left_child=3 2 4 15 7 33 12 8 9 10 11 13 -5 14 32 -1 -3 -6 36 39 21 22 23 24 25 26 27 30 -16 -18 48 -32 44 34 35 -4 38 -33 -19 -20 56 -37 -7 52 -2 -46 -47 50 -14 -50 51 -17 53 -21 -45 -30 57 -9 -8 -60 -61 -12
right_child=1 16 5 6 17 42 58 40 -10 -11 61 -13 20 -15 28 47 29 18 19 43 -22 -23 -24 -25 -26 -27 -28 -29 55 -31 31 37 -34 -35 -36 41 -38 -39 -40 -41 -42 -43 -44 54 45 46 -48 -49 49 -51 -52 -53 -54 -55 -56 -57 -58 -59 59 60 -62 -63
leaf_value=-0.24718735065441835 0.24852366863587308 -0.12457492257108956 0.40880650441021715 -0.1888007945436363 0.23053705874273833 1.2387640133834092 0.024220548839313197 -0.27370114922523497 0.016649374694653021 0.076747387598170347 -0.022976606254776322 0.17559018763552967 0.52717024930317302 0.24443263792268494 0.67439464105610036 -0.2262410971510016 0.052237078743623856 0.41592042604234164 0.83471039278960957 0.49442587953105754 -0.20744474406114344 -0.18203112059519394 -0.16630629853699164 -0.14880963735765684 -0.14256043027335957 -0.1537232586678258 -0.10496170451539769 -0.085137660649425448 1.292811951008108 0.5000120723692093 -0.16281473807844463 0.19563526230580783 0.1510908805868692 0.86344961992606395 0.16344073224526187 1.4593173442142351 2.0425286903525843 1.0891673407133888 1.4740024739159989 0.10692842358186201 0.45055973892626561 0.72286001007893308 2.217442297273212 1.009617922576991 1.1591542254432594 0.31326353359593162 0.78468640297957903 -0.060562292615524871 0.16326437932775037 0.4087718114738042 -0.25640638453440073 -0.065370146012285829 1.5398137211799623 1.1485817823721016 1.9053429169314251 0.39479105129837988 0.2203007600647359 0.058608777331557255 0.7001907631256421 0.059776997815243454 0.39934339076663328 0.27591390921032594
leaf_weight=5810 126 1609 212 1618 174 145 191 374 759 644 300 464 417 408 241 1210 893 41 67 166 703 661 574 582 551 451 453 451 180 181 255 598 180 349 195 56 33 34 52 163 92 202 27 55 101 209 243 2331 610 720 1433 2010 21 46 28 20 121 207 142 279 292 292
leaf_count=5810 126 1609 212 1618 174 145 191 374 759 644 300 464 417 408 241 1210 893 41 67 166 703 661 574 582 551 451 453 451 180 181 255 598 180 349 195 56 33 34 52 163 92 202 27 55 101 209 243 2331 610 720 1433 2010 21 46 28 20 121 207 142 279 292 292
internal_value=0.00406673 0.258805 0.367152 -0.106089 0.289371 0.747987 -0.00249923 0.227712 0.276411 0.334263 0.394263 0.467804 -0.0301091 0.547187 0.642205 -0.183672 -0.0235897 0.650942 0.759797 0.640072 0.00625961 0.0298925 0.0544854 0.0792286 0.108462 0.143135 0.180977 0.222964 0.914129 0.1277 0.275718 0.126836 0.502603 0.63868 0.520718 0.66895 1.27861 0.243705 1.00754 0.318934 -0.0278644 0.882711 1.39239 0.873811 0.595787 0.67491 0.566705 -0.130834 0.351309 0.296171 -0.166038 -0.125822 0.717792 0.636365 1.31179 1.20301 -0.0905638 -0.155305 0.262543 0.326386 0.233426 0.124449
internal_weight=32052 9676 6993 22376 5807 1186 9582 4961 4167 3408 2764 2172 8678 1708 1300 12794 2683 846 672 546 7060 6357 5696 5122 4540 3989 3538 3085 441 1074 2634 887 859 1014 665 470 126 632 93 230 794 258 172 316 679 553 452 6984 1747 1330 4653 3220 233 212 83 200 702 581 904 713 571 592
internal_count=32052 9676 6993 22376 5807 1186 9582 4961 4167 3408 2764 2172 8678 1708 1300 12794 2683 846 672 546 7060 6357 5696 5122 4540 3989 3538 3085 441 1074 2634 887 859 1014 665 470 126 632 93 230 794 258 172 316 679 553 452 6984 1747 1330 4653 3220 233 212 83 200 702 581 904 713 571 592
is_linear=0
shrinkage=0.05


Tree=34
num_leaves=63
num_cat=0
split_feature=23 9 36 28 36 36 31 21 11 12 9 33 36 40 31 34 40 40 32 40 40 40 40 40 40 33 33 36 31 31 40 40 36 40 40 40 40 40 40 40 32 31 32 36 36 36 31 33 32 33 36 32 32 40 40 33 33 31 8 33 33 32
split_gain=1.99619e+06 180889 171224 61785.4 40566.5 33424.5 31911.2 27301 25132 23978 22166.5 20868.8 19753.8 17421.5 17240.9 16538.6 15164 22338.6 13578 12623.9 12510.4 12227.6 13960.6 22578.8 16162.7 12153.5 13817.9 10814.2 10721.1 12043.9 10416.1 13763 10329.4 10263.2 9905.85 26515.7 12319.2 9862.68 16657.8 13429.4 9120.45 8467.08 8391.91 8338.11 8337.28 11069.5 8332.68 8120.81 8095.48 7889.15 7718.92 7709.95 7558.54 7473.99 19196.9 8168.15 7061.09 11836.8 8980.37 7985.12 8885.91 7982.29
threshold=1.0000000180025095e-35 1.0000000180025095e-35 219.77083333333334 1.0000000180025095e-35 147.81250000000003 259.61250000000007 366.05000000000007 1.0000000180025095e-35 1.0000000180025095e-35 1.0000000180025095e-35 1.0000000180025095e-35 295.15000000000003 170.31000000000003 5.5000000000000009 85.750000000000014 305.15000000000003 4.5000000000000009 1.5000000000000002 398.85000000000008 5.5000000000000009 3.5000000000000004 5.5000000000000009 4.5000000000000009 1.5000000000000002 2.5000000000000004 24.450000000000003 116.25000000000001 123.86250000000003 52.150000000000013 75.15000000000002 4.5000000000000009 1.5000000000000002 78.441666666666677 1.0000000180025095e-35 1.5000000000000002 3.5000000000000004 5.5000000000000009 1.5000000000000002 3.5000000000000004 5.5000000000000009 283.95000000000005 332.05000000000007 77.250000000000014 229.91666666666669 262.54166666666674 318.92500000000001 13.850000000000003 367.75000000000006 306.25000000000006 123.75000000000001 268.21666666666675 404.55000000000007 266.15000000000003 4.5000000000000009 5.5000000000000009 1.0000000180025095e-35 351.35000000000008 138.15000000000001 1.0000000180025095e-35 444.85000000000008 474.55000000000007 302.35000000000008
decision_type=2 2 2 2 2 2 2 2 2 2 2 2 2 2 2 2 2 2 2 2 2 2 2 2 2 2 2 2 2 2 2 2 2 2 2 2 2 2 2 2 2 2 2 2 2 2 2 2 2 2 2 2 2 2 2 2 2 2 2 2 2 2
left_child=1 3 4 8 32 27 9 14 33 10 28 18 -5 16 -6 48 17 -14 25 30 -19 22 23 -7 -25 44 -27 -3 -4 -30 31 -10 -2 -1 -13 -36 -37 -29 -39 -40 -23 -16 -43 -33 -8 -46 -34 -21 -9 -50 -12 -15 -28 55 -55 -35 58 -58 61 -59 -61 -31
right_child=2 5 6 12 7 21 11 15 19 -11 50 34 13 51 41 -17 -18 20 -20 47 -22 40 -24 24 -26 26 52 37 29 56 -32 43 46 53 35 36 -38 38 39 -41 -42 42 -44 -45 45 -47 -48 -49 49 -51 -52 -53 -54 54 -56 -57 57 59 -60 60 -62 -63
leaf_value=-0.27591553935468788 -0.042175072597132796 -0.1702667377949458 2.1578110693443207 -0.17840411287589203 1.4495216553531043 0.16687110728308022 2.3641215562820435 1.0121137492632604 -0.20758620703812031 2.5285159898358724 1.4302799381993034 1.6035772433647744 -0.094047407332428667 0.28192497843005354 0.56893073314179976 2.3824867678316015 -0.21758855281511164 0.62897147576539569 2.2174244695383574 0.072218155612143273 0.09520772671425029 0.48058914340649284 0.055571584881262015 1.6365928752081738 0.63719637010262575 0.10221836108427783 0.98103068143713712 -0.072279351526968086 -0.0012807983160018921 1.0547453869577674 -0.30411797816259883 -0.039967538955336585 1.234818146103307 -0.1739085767944798 3.8129735628763832 1.4102319803677108 2.5684526602512805 0.70843144654778833 -0.04866881270780031 0.36182670368722403 0.97619976549448373 1.9116703071594239 0.65132582613400059 0.34619959375949155 0.91528681914011634 1.7407319766892628 0.45181204771153 0.5723156100705914 1.2001516517935968 2.1465020727366211 2.3768598718989282 0.74715969337607335 1.8649463736492657 -0.29188961246471251 -0.15912391828414443 -0.032950286146253352 2.3412425422668455 1.6116548062353346 0.5191662592887879 0.28337566593000968 1.5240908863367859 1.4217557419485081
leaf_weight=4100 99 278 31 608 82 263 42 136 544 43 33 39 452 557 360 38 394 260 92 690 190 209 262 49 232 26 51 308 20 336 497 291 38 4581 30 38 58 166 396 401 167 25 28 269 48 264 321 92 49 40 62 106 46 4502 6889 1325 35 91 50 31 27 265
leaf_count=4100 99 278 31 608 82 263 42 136 544 43 33 39 452 557 360 38 394 260 92 690 190 209 262 49 232 26 51 308 20 336 497 291 38 4581 30 38 58 166 396 401 167 25 28 269 48 264 321 92 49 40 62 106 46 4502 6889 1325 35 91 50 31 27 265
internal_value=0.00386339 -0.122328 1.23769 -0.162479 0.781524 0.265017 1.55322 1.00601 -0.187636 1.37287 1.32221 1.80483 0.0705665 0.147838 0.787282 1.41768 0.0411904 0.154227 1.66127 -0.0336101 0.403605 0.465261 0.355421 0.499834 0.811468 1.554 1.12584 0.112216 1.24438 1.21127 -0.114039 -0.028469 0.409999 -0.204789 2.29993 2.51546 2.10999 0.174003 0.252772 0.157867 0.700714 0.655796 1.24583 0.145531 1.70277 1.61374 0.534693 0.131053 1.25473 1.62548 2.04805 0.356306 1.40021 -0.18793 -0.211596 -0.142285 1.24031 1.5138 1.16301 1.31943 0.86095 1.21657
internal_weight=32052 29078 2974 26347 1216 2731 1758 758 23780 1024 981 734 2567 1959 495 263 1296 902 569 2383 450 1182 806 544 281 477 123 1549 886 855 1601 1104 458 21397 165 126 96 1271 963 797 376 413 53 560 354 312 359 782 225 89 95 663 97 17297 11391 5906 835 184 651 149 58 601
internal_count=32052 29078 2974 26347 1216 2731 1758 758 23780 1024 981 734 2567 1959 495 263 1296 902 569 2383 450 1182 806 544 281 477 123 1549 886 855 1601 1104 458 21397 165 126 96 1271 963 797 376 413 53 560 354 312 359 782 225 89 95 663 97 17297 11391 5906 835 184 651 149 58 601
is_linear=0
shrinkage=0.05


Tree=35
num_leaves=63
num_cat=0
split_feature=39 25 35 9 11 36 9 31 36 28 35 31 9 31 38 36 4 38 31 35 38 35 35 5 10 37 35 36 11 34 31 31 33 11 31 34 34 35 28 36 35 4 10 34 8 35 31 5 35 13 36 36 35 35 36 36 36 36 36 35 24 11
split_gain=577040 205188 163198 100026 71989.2 68658.2 43151.5 31184.2 30818 27451 21860.2 20435.7 16897.2 16515 15458.1 12969.4 11788.9 18730.7 11512.6 9914.22 9855.97 9718.47 9462.43 9026.46 8823.6 8708.86 8689.07 8611.98 8415.28 13271.5 13554.9 9282.36 8353.71 7901.39 7208.06 6891.88 6741.57 6633.37 6451.83 6289.56 6143.86 6113.3 7037.84 5825.17 6110.02 5913.5 7885.45 5695.43 5500.17 5356.37 5810.63 5305.43 8040.58 5265.6 5161.23 4996.94 4954.04 5291.49 4938.68 4932.27 4909.31 4741.68
threshold=1.0000000180025095e-35 1.0000000180025095e-35 741.05000000000007 1.0000000180025095e-35 1.0000000180025095e-35 155.98750000000004 1.0000000180025095e-35 378.65000000000003 299.32916666666671 1.0000000180025095e-35 894.95000000000016 290.35000000000008 1.0000000180025095e-35 40.000000000000007 1.0000000180025095e-35 373.58333333333343 1.0000000180025095e-35 1.0000000180025095e-35 267.75000000000006 96.050000000000011 1.0000000180025095e-35 1351.1500000000003 1455.95 1.0000000180025095e-35 1.0000000180025095e-35 4.5000000000000009 439.9500000000001 364.8250000000001 1.0000000180025095e-35 335.05000000000001 83.65000000000002 177.25000000000003 323.05000000000007 1.0000000180025095e-35 255.55000000000004 378.85000000000008 325.65000000000003 506.35000000000008 1.0000000180025095e-35 373.58333333333343 522.6500000000002 1.0000000180025095e-35 1.0000000180025095e-35 15.750000000000002 1.0000000180025095e-35 978.05000000000007 363.85000000000008 1.0000000180025095e-35 987.70000000000016 1.0000000180025095e-35 282.51250000000005 181.62666666666669 563.1500000000002 202.60000000000002 362.04166666666669 182.71250000000003 309.52500000000003 449.45000000000005 291.51250000000005 474.4500000000001 1.0000000180025095e-35 1.0000000180025095e-35
decision_type=2 2 2 2 2 2 2 2 2 2 2 2 2 2 2 2 2 2 2 2 2 2 2 2 2 2 2 2 2 2 2 2 2 2 2 2 2 2 2 2 2 2 2 2 2 2 2 2 2 2 2 2 2 2 2 2 2 2 2 2 2 2
left_child=3 2 4 9 5 19 8 12 16 -1 37 40 13 51 22 25 17 28 49 -2 41 38 24 60 33 -8 -6 53 29 31 -31 -4 36 56 -32 -24 -21 -3 39 -13 -5 42 47 44 45 -33 -47 54 -19 50 -15 -7 59 -11 -12 -14 -10 -58 -30 -53 -9 -39
right_child=1 10 6 11 26 7 15 23 14 27 20 21 55 18 -16 -17 -18 48 -20 32 -22 -23 35 -25 -26 -27 -28 -29 58 30 34 43 -34 -35 -36 -37 -38 61 -40 -41 -42 -43 -44 -45 -46 46 -48 -49 -50 -51 -52 52 -54 -55 -56 -57 57 -59 -60 -61 -62 -63
leaf_value=-0.23654283939700427 -0.28806013018942217 -0.26535674030845197 0.29611183258874174 -0.077004271477741207 -0.15453665407428557 0.4312146696406351 0.9083496106825244 0.7470410736592985 1.4941724865412227 -0.28999973256822403 0.40476407543457227 0.17196918478970435 0.29699167651789532 0.13759422421568762 0.44277763794904335 1.8239734327351607 0.1315157875582576 0.038350224057254238 0.41749479435825942 0.044699640273933278 -0.20907729400816977 1.2361170386317477 2.1332074216902259 -0.15638897813856603 0.3922123024024462 1.5792581779616219 0.065917549555158259 0.22621778975696349 0.35781458726142373 2.1883460746361663 0.45040472629277606 0.80901434229151037 0.96874264822556422 0.64950395749979906 1.3218979987258814 1.0252294271253051 0.87473985147476196 -0.12748395680013666 0.77689407334398863 0.47518514226070574 0.16252887762030183 -0.15109664244311197 -0.15510258039130886 0.4779756580654419 0.29553923278369687 0.81488030773978082 1.9619215340449891 0.0031096993265925226 0.41847517364265691 0.83723153462333055 0.50461433594028993 1.0504420709844011 0.5538325609345186 -0.038156760949271097 0.97394847058235345 1.0458333302938612 0.91673376667440376 1.6160111225884535 1.0061372819895043 2.0008871132419226 0.049342858791351321 0.23366958149522543
leaf_weight=15236 213 1180 176 691 939 71 355 833 49 246 261 551 28 1150 252 54 250 223 941 1138 158 29 25 30 95 56 853 274 358 26 46 219 26 209 49 32 25 997 67 248 437 84 68 165 44 31 29 74 166 31 119 39 57 1328 47 109 403 29 32 21 26 100
leaf_count=15236 213 1180 176 691 939 71 355 833 49 246 261 551 28 1150 252 54 250 223 941 1138 158 29 25 30 95 56 853 274 358 26 46 219 26 209 49 32 25 997 67 248 437 84 68 165 44 31 29 74 166 31 119 39 57 1328 47 109 403 29 32 21 26 100
internal_value=-0.000295218 0.256809 0.364965 -0.175102 0.221258 0.321191 0.648248 0.440943 0.576734 -0.214469 -0.108279 0.157348 0.352526 0.322054 0.786331 1.09548 0.450329 0.50129 0.284292 0.0260822 0.137826 0.335754 0.889153 0.696149 0.843986 0.999763 -0.0495995 -0.0324829 0.60085 0.695166 1.17677 0.607404 0.0823583 0.906187 0.899912 1.51118 0.0625423 -0.183072 0.305604 0.266084 0.0157936 0.240468 0.31356 0.719674 0.843142 0.929502 1.36928 0.396987 0.200563 0.187874 0.172011 0.772184 0.979097 -0.0775172 0.49162 0.892785 1.01772 0.963676 0.41101 1.3831 0.725923 -0.094562
internal_weight=32098 12991 10022 19107 6649 4857 3373 3455 2908 17084 2969 2023 2566 2429 1094 465 1814 1564 2241 1402 692 895 842 889 785 411 1792 1848 1175 785 121 664 1189 690 95 57 1163 2277 866 799 1128 534 450 488 323 279 60 382 389 1300 1269 188 117 1574 308 137 481 432 390 60 859 1097
internal_count=32098 12991 10022 19107 6649 4857 3373 3455 2908 17084 2969 2023 2566 2429 1094 465 1814 1564 2241 1402 692 895 842 889 785 411 1792 1848 1175 785 121 664 1189 690 95 57 1163 2277 866 799 1128 534 450 488 323 279 60 382 389 1300 1269 188 117 1574 308 137 481 432 390 60 859 1097
is_linear=0
shrinkage=0.05


Tree=36
num_leaves=63
num_cat=0
split_feature=23 31 7 35 28 32 35 33 31 40 40 40 35 31 11 40 40 40 31 7 40 40 35 40 40 37 40 35 33 5 6 33 40 35 34 32 25 35 40 40 37 33 40 35 31 40 40 35 35 40 40 35 33 40 40 40 40 35 31 32 32 34
split_gain=1.68113e+06 134464 131190 61413.1 52867.8 32835.1 30231.3 25617.5 23093.3 18176 34000.8 23219.6 17832.7 17795.7 17766.8 16946.2 20499.2 15853.5 15332.1 15199.6 13031.9 18127.2 14347 12421.3 21975.9 12355.1 12058 11860.7 11601.2 11522.9 10555.8 10489.3 9608.69 9536.95 9131.03 12165 9036.97 10083.5 8974.75 11440.5 10871.2 9378.48 8969.54 8424.58 8408.45 7913.11 13315.4 7779.33 7678.84 7471.19 8170.69 7468.17 7420.31 7342.22 7277.65 7176.69 17418 6712.12 6685.65 8156.79 7686.88 6172.06
threshold=1.0000000180025095e-35 267.75000000000006 1.0000000180025095e-35 386.65000000000003 1.0000000180025095e-35 350.45000000000005 838.80000000000018 357.45000000000005 476.65000000000003 5.5000000000000009 4.5000000000000009 1.5000000000000002 543.55000000000007 115.25000000000001 1.0000000180025095e-35 1.5000000000000002 2.5000000000000004 5.5000000000000009 277.95000000000005 1.0000000180025095e-35 1.5000000000000002 2.5000000000000004 522.6500000000002 4.5000000000000009 1.0000000180025095e-35 3.5000000000000004 2.5000000000000004 735.20000000000016 407.65000000000003 1.0000000180025095e-35 1.0000000180025095e-35 136.15000000000001 1.0000000180025095e-35 598.1500000000002 258.25000000000006 420.85000000000008 1.0000000180025095e-35 428.85000000000008 5.5000000000000009 3.5000000000000004 3.5000000000000004 109.55000000000001 1.0000000180025095e-35 116.65000000000002 489.95000000000005 5.5000000000000009 4.5000000000000009 471.95000000000005 1351.1500000000003 1.0000000180025095e-35 3.5000000000000004 867.25000000000011 436.05000000000007 3.5000000000000004 5.5000000000000009 4.5000000000000009 5.5000000000000009 1279.4000000000003 29.050000000000004 24.350000000000005 164.25000000000003 19.850000000000005
decision_type=2 2 2 2 2 2 2 2 2 2 2 2 2 2 2 2 2 2 2 2 2 2 2 2 2 2 2 2 2 2 2 2 2 2 2 2 2 2 2 2 2 2 2 2 2 2 2 2 2 2 2 2 2 2 2 2 2 2 2 2 2 2
left_child=2 3 4 43 14 8 18 9 20 10 11 33 -6 52 36 -8 -17 23 49 -7 29 22 -22 24 -14 31 -13 -16 -15 -3 34 47 -29 -5 35 -11 37 -1 39 -23 -41 -42 -39 -2 -10 46 -18 -12 -47 -4 -51 53 -9 -28 -52 -44 -57 -58 60 -60 -45 -35
right_child=1 5 6 7 12 19 15 13 44 30 25 26 17 28 27 16 45 -19 -20 -21 21 38 -24 -25 -26 -27 51 32 -30 -31 -32 -33 -34 61 -36 -37 -38 42 -40 40 41 -43 55 58 -46 48 -48 -49 -50 50 54 -53 -54 -55 -56 56 57 -59 59 -61 -62 -63
leaf_value=-0.20729461293150672 0.012798954305592284 1.0477015191184669 -0.26340492459623804 0.12244377027251828 -0.075163568999153413 1.7908677820889904 0.087673343989998098 1.6619157892686349 2.4776310357180513 1.025588715462376 0.87100486542497357 2.294051588735273 -0.14340522351494589 1.773782252487929 -0.12267087810042672 1.730164085290371 0.71308790236266695 0.433774957805872 0.27666636033284742 2.8498196724214053 1.429306920008226 1.6705694830561262 3.215309782974098 -0.20369827073590274 0.45119123153704993 -0.33285950781547863 1.4348288797280369 -0.22495007508221165 0.78171801516877082 -0.18591640165873938 0.28123375674088796 1.2041408442788655 0.20271748465223799 1.374015286564827 2.1518422397700223 2.0150855745375158 -0.28420840051363816 -0.23355982676681208 1.5076241037641198 1.1862931178898914 -0.39557963939649721 0.82951189274670656 -0.028657724955940479 0.23503922641277317 1.5863505982885175 0.66363923949904224 0.014585376558356362 -0.34627815944807872 1.6653561251504081 0.32121027038984862 -0.17575703778795962 1.9778234786457487 2.5604157051444059 0.70007117791649176 0.12955930547627278 -0.26313568176669627 -0.068107405117049158 0.47651604121101321 0.61580739579927757 0.1512806610136134 1.470381839135114 0.55774202476848256
leaf_weight=11286 116 192 223 67 1198 313 200 54 55 139 21 31 274 46 1608 39 134 446 829 38 22 83 23 285 359 73 68 166 82 21 24 36 629 40 33 40 2189 1748 312 230 21 61 2044 20 51 215 139 35 21 226 383 27 40 68 398 1744 2299 58 223 164 34 55
leaf_count=11286 116 192 223 67 1198 313 200 54 55 139 21 31 274 46 1608 39 134 446 829 38 22 83 23 285 359 73 68 166 82 21 24 36 629 40 33 40 2189 1748 312 230 21 61 2044 20 51 215 139 35 21 226 383 27 40 68 398 1744 2299 58 223 164 34 55
internal_value=-0.000280457 1.13546 -0.115569 0.811094 -0.150206 1.48582 0.209372 1.04957 1.34827 0.91106 0.746165 1.02115 0.0655926 1.52187 -0.173465 0.481614 0.625388 0.189219 0.110471 1.90551 1.27132 1.36911 2.34215 0.0704037 0.193815 0.152859 1.39015 -0.044564 1.13824 0.926077 1.27509 0.538266 0.113418 0.57926 1.3876 1.24671 -0.187961 -0.176976 1.30718 1.14886 1.01007 0.515769 -0.133623 0.391945 2.04881 0.540739 0.35744 0.110203 0.752775 -0.00154156 0.056448 1.21825 2.04426 1.06745 -0.0201669 -0.105195 -0.143343 -0.0547056 0.491675 0.418954 1.01285 0.901436
internal_weight=32098 2958 29140 1536 26333 1422 2807 979 1071 757 521 356 2562 222 23771 748 548 1364 2059 351 965 752 45 918 633 165 194 2403 128 213 236 92 795 162 212 179 21368 19179 707 395 312 82 7893 557 106 509 273 56 236 1230 1007 163 94 136 781 6145 4101 2357 441 387 54 95
internal_count=32098 2958 29140 1536 26333 1422 2807 979 1071 757 521 356 2562 222 23771 748 548 1364 2059 351 965 752 45 918 633 165 194 2403 128 213 236 92 795 162 212 179 21368 19179 707 395 312 82 7893 557 106 509 273 56 236 1230 1007 163 94 136 781 6145 4101 2357 441 387 54 95
is_linear=0
shrinkage=0.05


Tree=37
num_leaves=63
num_cat=0
split_feature=39 25 36 9 9 11 2 36 40 40 28 36 40 2 33 33 40 28 33 36 40 36 32 11 40 9 2 11 40 40 40 28 40 40 40 13 40 34 36 12 40 32 40 40 34 32 40 40 32 36 8 40 32 40 40 40 32 36 40 11 32 2
split_gain=473218 168729 134453 89619.5 73452.2 60887.1 116838 36387.2 22205.4 31743.3 22073.3 18205.3 18051.7 17960.1 17030.6 16302.6 15734.4 15677.9 14903.4 13355.8 13818.1 13228 11135 10577.2 9892.77 9833.27 9458.6 17082.2 9435.67 9335.66 16318.4 9244.08 9153.8 9123.64 9090.9 8300.07 8204.89 8072.07 7663.64 7480.85 7330.25 7093.59 6852.13 6696.35 8705.8 6620.14 6436.43 10367 6318.16 6132.79 6674.28 5873.6 6910.16 5841.88 7797.54 5755.81 5492.66 5436.34 5339.07 5325.26 6218.34 6034.75
threshold=1.0000000180025095e-35 1.0000000180025095e-35 178.11250000000004 1.0000000180025095e-35 1.0000000180025095e-35 1.0000000180025095e-35 1.0000000180025095e-35 403.42500000000001 1.5000000000000002 2.5000000000000004 1.0000000180025095e-35 300.81666666666672 5.5000000000000009 1.0000000180025095e-35 251.35000000000005 239.35000000000005 3.5000000000000004 1.0000000180025095e-35 321.25000000000006 96.270000000000024 5.5000000000000009 373.58333333333343 166.25000000000003 1.0000000180025095e-35 1.0000000180025095e-35 1.0000000180025095e-35 1.0000000180025095e-35 1.0000000180025095e-35 1.0000000180025095e-35 4.5000000000000009 1.5000000000000002 1.0000000180025095e-35 3.5000000000000004 5.5000000000000009 1.0000000180025095e-35 1.0000000180025095e-35 3.5000000000000004 370.45000000000005 261.05833333333339 1.0000000180025095e-35 5.5000000000000009 470.75000000000006 5.5000000000000009 1.5000000000000002 405.75000000000006 211.05000000000004 4.5000000000000009 1.0000000180025095e-35 127.55000000000001 282.51250000000005 1.0000000180025095e-35 3.5000000000000004 396.45000000000005 4.5000000000000009 1.5000000000000002 3.5000000000000004 366.15000000000003 307.47500000000008 3.5000000000000004 1.0000000180025095e-35 203.00000000000003 1.0000000180025095e-35
decision_type=2 2 2 2 2 2 2 2 2 2 2 2 2 2 2 2 2 2 2 2 2 2 2 2 2 2 2 2 2 2 2 2 2 2 2 2 2 2 2 2 2 2 2 2 2 2 2 2 2 2 2 2 2 2 2 2 2 2 2 2 2 2
left_child=3 2 19 10 5 6 7 8 41 14 -1 24 16 23 22 40 48 28 39 -2 29 26 -10 25 -5 -3 27 43 -8 30 -21 -26 -32 46 -17 49 -30 42 -20 -14 53 -4 -38 -6 58 -39 47 -12 -11 50 -18 52 -36 54 -7 -56 -35 -19 -45 60 -22 -62
right_child=1 13 4 11 21 15 17 -9 9 12 33 -13 18 -15 -16 34 35 57 38 20 59 -23 -24 -25 31 -27 -28 -29 36 -31 32 -33 -34 56 51 -37 37 45 -40 -41 -42 -43 -44 44 -46 -47 -48 -49 -50 -51 -52 -53 -54 -55 55 -57 -58 -59 -60 -61 61 -63
leaf_value=-0.21562512429093905 -0.18368460559765987 -0.19021300280377448 0.31054737773750379 -0.19893601420832158 0.73079673913392162 -0.12253930278957403 -0.12959913891852023 1.1263890425533363 0.50916752243364183 0.54478332185729716 -0.24264193827238603 0.39975345259841799 0.6750351449614036 0.34052719550069283 2.5799458639962332 0.0036943501967471094 0.30263417453105634 0.39742914482002273 0.88098165145168061 -0.1262867636438729 0.25469945105506187 1.7010489590741971 1.6800525817606187 0.2098685965156899 0.084859792374186005 0.16933390302493592 0.56651143860958875 0.5335366154363913 0.41270551697190466 -0.2110273148812768 0.48079321693026822 0.58288438851926849 0.035584311581709806 0.060012817616433893 0.59727716402212783 0.98187002945495283 -0.058982625814656992 0.090541042372584354 1.5677128347546556 1.4579745535273105 0.22238206554056528 1.0746430180966855 0.20502044962726332 1.7645396985113622 2.2907635664398018 1.1841110876490992 -0.28290629216175728 0.11304945746148989 1.0677261729255834 0.52497918550986089 -0.3332455203585003 0.38668160429066523 1.6050388813018799 -0.20693475257408914 0.41842026735752658 -0.013810405552499279 0.47287176892161376 0.97281060709214939 1.1221442733819669 0.042332311895456214 0.92528872530907391 0.18515572303107808
leaf_weight=15236 609 2338 598 288 55 290 308 389 37 96 351 556 655 216 28 128 401 106 77 483 342 54 45 208 1077 207 168 129 290 396 266 102 204 530 75 57 471 25 86 32 454 32 514 40 22 31 380 492 145 316 46 354 22 294 183 133 95 67 169 178 80 42
leaf_count=15236 609 2338 598 288 55 290 308 389 37 96 351 556 655 216 28 128 401 106 77 483 342 54 45 208 1077 207 168 129 290 396 266 102 204 530 75 57 471 25 86 32 454 32 514 40 22 31 380 492 145 316 46 354 22 294 183 133 95 67 169 178 80 42
internal_value=-0.000266434 0.232562 0.33064 -0.158569 0.439034 0.390839 0.485378 0.674806 0.608542 0.689336 -0.195832 0.156113 0.641794 -0.0985043 1.51527 0.153536 0.504247 0.167574 0.813485 0.0212173 0.083892 0.952388 1.15173 -0.132951 0.0637728 -0.160969 0.883044 1.01118 0.119792 -0.00697786 0.0778108 0.127946 0.287554 -0.0326416 0.375587 0.399862 0.177502 0.11198 1.24331 0.711504 0.0585823 0.349359 0.0787814 1.22662 1.34468 0.69591 -0.112062 -0.0350498 0.859417 0.356383 0.237197 0.481135 0.825842 -0.0240457 0.0646827 0.2365 0.122767 0.620265 1.24509 0.274832 0.364023 0.670489
internal_weight=32098 12991 10022 19107 7422 6785 4852 3040 2651 2021 17084 2023 1911 2969 110 1933 1061 1812 850 2600 1991 637 82 2753 1467 2545 583 415 1639 1349 953 1179 470 1848 579 820 1331 1041 163 687 1354 630 985 286 231 56 1223 843 241 763 447 451 97 900 606 316 625 173 209 642 464 122
internal_count=32098 12991 10022 19107 7422 6785 4852 3040 2651 2021 17084 2023 1911 2969 110 1933 1061 1812 850 2600 1991 637 82 2753 1467 2545 583 415 1639 1349 953 1179 470 1848 579 820 1331 1041 163 687 1354 630 985 286 231 56 1223 843 241 763 447 451 97 900 606 316 625 173 209 642 464 122
is_linear=0
shrinkage=0.05


Tree=38
num_leaves=63
num_cat=0
split_feature=23 9 36 28 36 31 39 25 36 21 36 39 12 36 40 40 40 32 13 31 40 40 40 33 40 40 40 31 12 34 40 40 34 33 36 32 40 40 13 31 40 31 32 21 40 18 33 31 31 40 40 40 34 31 40 40 32 36 31 31 32 36
split_gain=1.45131e+06 129794 124511 43710.5 33489.8 31194.9 29943.7 27477.1 27426.8 23351.1 21869.4 19306.6 19015.3 16172.4 15245.6 34222.3 18184.9 16586.4 14545.1 14437.6 12786.1 23297.7 16194.7 12612.6 11996 15594 15883.1 11042 10727.3 10484.9 10067.2 9914.68 9704.68 9570.78 9390.5 9382.75 9243.88 12289.3 9055.51 8892.44 8234.08 8149.05 8086.57 7806.72 7595.6 7379.41 11185.5 9157.36 7936.02 6911.44 6303.19 6161.81 6369.87 5875.29 5808.88 9356.18 5623.88 5348.86 8014.1 7125.29 5221.74 5163.13
threshold=1.0000000180025095e-35 1.0000000180025095e-35 219.77083333333334 1.0000000180025095e-35 155.98750000000004 363.85000000000008 1.0000000180025095e-35 1.0000000180025095e-35 300.81666666666672 1.0000000180025095e-35 261.05833333333339 1.0000000180025095e-35 1.0000000180025095e-35 276.51666666666671 1.5000000000000002 3.5000000000000004 5.5000000000000009 362.45000000000005 1.0000000180025095e-35 54.150000000000013 1.5000000000000002 3.5000000000000004 5.5000000000000009 271.80000000000001 1.5000000000000002 3.5000000000000004 5.5000000000000009 470.95000000000005 1.0000000180025095e-35 301.60000000000008 1.0000000180025095e-35 5.5000000000000009 148.85000000000005 336.85000000000008 116.48333333333333 466.85000000000008 4.5000000000000009 1.5000000000000002 1.0000000180025095e-35 29.050000000000004 5.5000000000000009 217.85000000000005 480.05000000000007 1.0000000180025095e-35 2.5000000000000004 1.0000000180025095e-35 351.35000000000008 138.15000000000001 201.65000000000001 2.5000000000000004 4.5000000000000009 5.5000000000000009 29.350000000000005 376.55000000000007 4.5000000000000009 1.0000000180025095e-35 147.75000000000003 325.31250000000006 458.45000000000005 402.75000000000006 127.55000000000001 179.28000000000003
decision_type=2 2 2 2 2 2 2 2 2 2 2 2 2 2 2 2 2 2 2 2 2 2 2 2 2 2 2 2 2 2 2 2 2 2 2 2 2 2 2 2 2 2 2 2 2 2 2 2 2 2 2 2 2 2 2 2 2 2 2 2 2 2
left_child=1 3 4 6 28 12 -1 10 20 18 30 40 13 38 -7 17 57 60 19 -6 -3 41 50 27 -12 -26 -27 -18 39 32 -8 36 -11 -10 -30 -15 37 -13 45 -2 54 -22 -37 -32 -39 46 -4 -48 -47 -43 -23 52 -21 -24 55 -5 -36 59 -59 -17 -16 -45
right_child=2 8 5 11 9 14 7 -9 33 29 24 31 -14 35 15 16 23 -19 -20 51 21 22 53 -25 25 26 -28 -29 34 -31 43 -33 -34 -35 56 42 -38 44 -40 -41 -42 49 -44 61 -46 48 47 -49 -50 -51 -52 -53 -54 -55 -56 -57 -58 58 -60 -61 -62 -63
leaf_value=-0.20484386804446719 0.90588096429904308 -0.10409376352669203 0.77737668368329371 -0.23050984093744278 1.8806925541162494 1.1402953003346921 -0.28448096430010927 -0.23360193036908977 0.37967830468562747 1.3142739538012482 -0.11135716230156674 -0.011565622811516126 2.1492087570826213 1.218063349883324 1.7130698915984894 1.4908757441752667 1.416875219324397 3.6129660753103403 1.3909950512032661 0.48686882222832095 0.35922292514284421 0.13462065724805664 0.21710347606242389 2.4279830709336299 0.44280860953937684 -0.091038994415392011 0.22589439521656571 2.4436926990747452 0.38728668067766275 2.0872218607200517 -0.12760796032376834 0.53273302099838549 0.36237316870829095 0.81112314743829739 2.0276563549041748 2.5496569450084983 -0.17879672694123455 1.246784015869101 1.7304585051536561 0.18466613876370666 0.11662900936555119 1.5341558073506212 1.3706006604613681 -0.068515870981866983 0.41949567088072215 -0.48392878032865982 2.2387489995956424 1.0543380484936085 0.84702309469381964 0.688236954294973 -0.19591940126677884 0.81721154089094306 -0.15072640883736313 0.64913941916564244 -0.26876097740164323 0.10739698461711225 0.84192066282033928 1.1379349139942365 1.9643851253119384 0.62640617936849596 2.5431179606914522 0.16366157226453901
leaf_weight=15236 48 483 328 351 20 160 683 2349 608 164 624 162 45 433 36 37 144 26 63 213 142 224 544 63 350 759 825 32 46 36 2007 245 32 163 20 26 153 36 30 390 625 33 33 486 121 21 25 47 24 90 405 109 48 92 380 492 20 88 44 67 40 472
leaf_count=15236 48 483 328 351 20 160 683 2349 608 164 624 162 45 433 36 37 144 26 63 213 142 224 544 63 350 759 825 32 46 36 2007 245 32 163 20 26 153 36 30 390 625 33 33 486 121 21 25 47 24 90 405 109 48 92 380 492 20 88 44 67 40 472
internal_value=-0.000253113 -0.107372 1.055 -0.141668 0.664828 1.32471 -0.162811 -0.0879521 0.21731 0.894989 -0.032823 0.0544357 1.1445 1.09775 1.57215 1.6919 1.51346 2.52287 0.686072 0.5722 0.120186 0.190988 0.101686 1.82088 0.0792652 0.140769 0.0740305 1.60357 0.363948 1.30292 -0.11142 0.274663 1.15886 0.470892 0.874497 1.29866 0.140707 0.293948 0.889646 0.263703 -0.0310096 0.617276 1.89018 -0.0715547 0.609192 0.832962 0.901255 1.46559 0.225912 0.915191 -0.0782072 0.501471 0.36961 0.279599 -0.106459 -0.0332973 1.43479 1.20213 1.41342 0.933958 2.14994 0.0458764
internal_weight=32098 29140 2958 26356 1209 1749 23791 8555 2784 685 6206 2565 1012 967 737 577 475 102 453 390 2013 1530 1265 239 2558 1934 1584 176 524 232 3648 717 196 771 86 492 472 319 475 438 1848 265 59 2965 157 445 400 72 45 123 629 370 261 636 1223 843 40 236 132 104 76 958
internal_count=32098 29140 2958 26356 1209 1749 23791 8555 2784 685 6206 2565 1012 967 737 577 475 102 453 390 2013 1530 1265 239 2558 1934 1584 176 524 232 3648 717 196 771 86 492 472 319 475 438 1848 265 59 2965 157 445 400 72 45 123 629 370 261 636 1223 843 40 236 132 104 76 958
is_linear=0
shrinkage=0.05


Tree=39
num_leaves=63
num_cat=0
split_feature=23 31 7 35 32 35 35 40 33 31 40 40 31 40 40 40 40 40 7 31 37 2 7 33 2 32 32 40 40 40 40 33 6 33 35 35 11 35 32 33 32 37 35 2 31 35 35 32 31 31 33 40 40 40 31 25 35 40 33 31 31 35
split_gain=1.30981e+06 106528 96172.7 47912.3 26991.4 26436.7 24778.3 21028.4 20508 19201.5 15621.3 36119 15566.8 15081.5 29882.7 19470.8 13558.6 16777.1 12984.1 11772.5 10882.1 10847.6 10602.5 10486.8 10477.9 14106.8 15116.4 10251.1 9562.62 11443.8 14380.5 9466.31 9331.73 8866.06 8770.89 8278.79 7790.94 7761.21 7676.2 7447.67 7351.4 10350 7279.56 7258.08 7213.76 7185.2 6754.96 6753.5 7250.37 6857.55 6692.31 6576.71 7024.98 7821.94 6338.23 6327.44 6250.4 6196.02 5969.09 5935.38 5880.33 6615.79
threshold=1.0000000180025095e-35 267.75000000000006 1.0000000180025095e-35 386.65000000000003 350.45000000000005 789.1500000000002 838.80000000000018 1.0000000180025095e-35 357.45000000000005 476.65000000000003 4.5000000000000009 5.5000000000000009 115.25000000000001 5.5000000000000009 4.5000000000000009 1.5000000000000002 1.5000000000000002 2.5000000000000004 1.0000000180025095e-35 345.95000000000005 3.5000000000000004 1.0000000180025095e-35 1.0000000180025095e-35 451.15000000000003 1.0000000180025095e-35 29.850000000000005 212.85000000000005 2.5000000000000004 5.5000000000000009 4.5000000000000009 1.0000000180025095e-35 136.15000000000001 1.0000000180025095e-35 283.45000000000005 415.05000000000007 598.1500000000002 1.0000000180025095e-35 392.25000000000011 296.25000000000006 474.55000000000007 420.85000000000008 3.5000000000000004 431.65000000000003 1.0000000180025095e-35 489.95000000000005 471.95000000000005 1279.4000000000003 203.00000000000003 127.75000000000001 52.150000000000013 436.05000000000007 1.0000000180025095e-35 3.5000000000000004 5.5000000000000009 357.45000000000005 1.0000000180025095e-35 867.25000000000011 3.5000000000000004 109.55000000000001 83.65000000000002 228.25000000000003 860.05000000000007
decision_type=2 2 2 2 2 2 2 2 2 2 2 2 2 2 2 2 2 2 2 2 2 2 2 2 2 2 2 2 2 2 2 2 2 2 2 2 2 2 2 2 2 2 2 2 2 2 2 2 2 2 2 2 2 2 2 2 2 2 2 2 2 2
left_child=2 3 5 47 9 28 19 -7 13 22 46 -12 50 14 15 35 -8 -18 -6 51 31 55 24 38 25 42 33 -17 29 30 -1 45 40 -27 -32 -5 -23 -30 -14 -25 41 -15 -3 -19 -11 -16 -9 48 -2 -49 59 -4 -53 -54 -26 -13 57 -29 -42 -10 61 -37
right_child=1 4 6 8 18 7 16 10 12 44 11 21 23 32 20 27 17 43 -20 -21 -22 36 -24 39 54 26 -28 56 37 -31 34 -33 -34 -35 -36 60 -38 -39 -40 -41 58 -43 -44 -45 -46 -47 -48 49 -50 -51 -52 52 53 -55 -56 -57 -58 -59 -60 -61 -62 -63
leaf_value=-0.22224667140158469 0.071013887812003157 1.1213046148175099 -0.20503223944131449 0.077574995805078484 1.5886595196057911 -0.21321042507002344 0.070307652157731368 0.14833937891911805 1.0701967286712983 2.2253714378313587 -0.25637010693777523 0.12095893310857014 0.97753096222877511 0.79385844108614112 0.78005260555517109 2.0791757037562708 1.5507407668309334 0.39560250696332538 2.5673945326554151 0.28846003682013149 -0.36201375024775939 0.30123366052579831 1.7073263348513088 -0.25893977718508759 1.1204604837422572 0.43231834927995005 1.1487578813002741 1.2867743555072915 -0.15102874713225869 -0.24422928322412749 -0.14680144170888204 1.0881039735757643 0.1973921132584413 1.1302174327737196 -0.023778784055183827 1.3286500517059776 1.0230112261242337 -0.04507653884336553 1.991465084893363 1.0434258585884457 2.3199020948410034 1.6173510535288669 1.6192089001195773 0.92537443818230392 1.3998327129027424 -0.38982306667736599 0.53210630602561515 1.5029691894849142 0.45409761562943463 0.38490184377878905 2.3255272048711779 0.28730247535429004 -0.14481622862718324 0.13899591316640034 2.1953589066863062 -0.20566348980777382 1.7821368571232867 0.61180067044847153 1.1610034608840942 2.1557138681411745 0.041594797372817995 0.32194865608277423
leaf_weight=3996 221 244 276 67 313 1095 200 972 34 55 1032 888 56 108 21 31 39 433 38 535 73 221 71 23 24 199 231 68 4164 4484 3850 36 24 59 2323 51 45 2955 28 21 25 59 105 76 51 35 130 24 280 32 40 276 471 501 32 178 27 68 20 20 20 24
leaf_count=3996 221 244 276 67 313 1095 200 972 34 55 1032 888 56 108 21 31 39 433 38 535 73 221 71 23 24 199 231 68 4164 4484 3850 36 24 59 2323 51 45 2955 28 21 25 59 105 76 51 35 130 24 280 32 40 276 471 501 32 178 27 68 20 20 20 24
internal_value=-0.000240457 1.00225 -0.102003 0.713542 1.3141 -0.13166 0.176212 -0.022203 0.924179 1.1894 0.0381412 -0.0343326 1.34676 0.800251 0.650047 0.907844 0.42268 0.551283 1.69462 0.0866737 0.0938305 0.137696 1.11923 0.987962 1.07252 1.02827 0.854964 1.24575 -0.15459 -0.177687 -0.148345 0.455533 1.13185 0.591915 -0.100506 0.503193 0.423339 -0.107049 1.31551 0.362644 1.23763 1.08479 1.2711 0.474704 1.82818 0.0488803 0.193611 0.343321 0.285113 0.864074 1.83534 0.0158367 0.0646827 0.00146966 1.73469 0.0664197 1.08724 0.949288 1.80484 1.47224 0.803366 1.00651
internal_weight=32098 2958 29140 1536 1422 26333 2807 4561 979 1071 3466 2364 222 757 521 356 748 548 351 2059 165 1332 965 128 894 838 489 194 21772 14653 10169 92 236 258 6173 162 266 7119 84 44 212 167 349 509 106 56 1102 557 501 56 94 1524 1248 972 56 1066 163 136 45 54 95 75
internal_count=32098 2958 29140 1536 1422 26333 2807 4561 979 1071 3466 2364 222 757 521 356 748 548 351 2059 165 1332 965 128 894 838 489 194 21772 14653 10169 92 236 258 6173 162 266 7119 84 44 212 167 349 509 106 56 1102 557 501 56 94 1524 1248 972 56 1066 163 136 45 54 95 75
is_linear=0
shrinkage=0.05


Tree=40
num_leaves=63
num_cat=0
split_feature=23 9 36 7 28 31 36 2 36 31 13 31 31 2 7 2 11 36 11 36 7 36 31 36 11 31 33 33 31 12 33 33 32 31 36 34 2 36 33 31 25 11 31 36 31 31 32 36 31 32 31 33 37 31 31 36 31 31 38 28 11 28
split_gain=1.21711e+06 115393 93354.4 77517 33619.7 29047.3 26033.5 23556.1 20621.3 19063.2 17506 19021.3 16804.9 17474.2 20760.6 14368.7 15668.6 14253.2 12575.7 10663.4 10624.8 10459.2 14088.4 9632.48 9626.03 8924.32 8895.19 8800.94 8276.38 8143.96 9614.96 8508.77 7306.42 14454 10201.4 7871.31 7157.31 7128.24 7065.96 7036.48 7035.98 7615.68 6869.49 6589.91 6489.86 6179.1 5877.9 5604.57 5522.29 5507.03 8431.9 5300.4 5202.61 5152.01 6514.55 5027.23 4996.53 4975.27 4633.27 4419.53 4525.63 4398.47
threshold=1.0000000180025095e-35 1.0000000180025095e-35 216.37083333333337 1.0000000180025095e-35 1.0000000180025095e-35 450.45000000000005 136.7416666666667 1.0000000180025095e-35 227.72500000000002 52.150000000000013 1.0000000180025095e-35 79.350000000000009 75.15000000000002 1.0000000180025095e-35 1.0000000180025095e-35 1.0000000180025095e-35 1.0000000180025095e-35 323.02500000000003 1.0000000180025095e-35 362.04166666666669 1.0000000180025095e-35 318.92500000000001 481.05000000000007 163.87083333333337 1.0000000180025095e-35 21.350000000000005 367.75000000000006 114.05000000000001 464.85000000000008 1.0000000180025095e-35 209.95000000000002 155.05000000000004 433.05000000000007 186.05000000000004 321.08333333333343 14.450000000000001 1.0000000180025095e-35 203.41000000000003 353.65000000000003 71.050000000000011 1.0000000180025095e-35 1.0000000180025095e-35 359.55000000000007 237.71000000000006 203.75000000000003 98.15000000000002 231.95000000000002 123.86250000000003 318.15000000000003 401.15000000000003 142.45000000000002 166.15000000000001 3.5000000000000004 40.000000000000007 117.45000000000002 354.54166666666669 420.25000000000006 458.45000000000005 1.0000000180025095e-35 1.0000000180025095e-35 1.0000000180025095e-35 1.0000000180025095e-35
decision_type=2 2 2 2 2 2 2 2 2 2 2 2 2 2 2 2 2 2 2 2 2 2 2 2 2 2 2 2 2 2 2 2 2 2 2 2 2 2 2 2 2 2 2 2 2 2 2 2 2 2 2 2 2 2 2 2 2 2 2 2 2 2
left_child=1 3 6 4 15 9 25 17 47 43 11 -8 -11 14 18 40 48 24 19 32 26 22 28 -6 53 -2 55 -23 -7 30 45 -31 44 -34 35 -35 -25 46 51 -27 -1 -42 52 -4 49 -13 -32 -3 -17 50 -14 -16 -15 -5 -55 -10 61 -58 -47 60 -19 -28
right_child=2 8 5 7 23 21 10 -9 20 12 -12 29 13 42 38 16 -18 59 -20 -21 -22 27 -24 36 -26 39 56 -29 -30 31 37 -33 33 34 -36 -37 -38 -39 -40 -41 41 -43 -44 -45 -46 58 -48 -49 -50 -51 -52 -53 -54 54 -56 -57 57 -59 -60 -61 -62 -63
leaf_value=-0.18201192540728345 0.82349565053591511 -0.13869930907182423 1.3348321242765948 0.25478649483418758 -0.17332294487468161 1.3699578864706887 1.3279980676965071 0.65850194094845893 0.16762569387977655 -0.23138646472555899 1.4248006336822323 -0.33907929658889774 1.1150580046975866 1.7957341983914377 1.8046396312259494 -0.15938153207637157 0.4054897637343442 0.23845341589336322 1.5349420299849559 1.2483338845477974 0.75116837698480365 1.7134759615968775 2.0389574056718409 0.042092472447084611 0.41530742799784515 -0.23960796997144629 0.34884867068308933 2.5523910312490035 0.24548138578732812 1.6825489644751404 0.48499526306986812 0.37556764960289002 2.0472232483528758 1.7271860043207807 -0.12838052630424499 0.48203182057900867 0.38523327018954084 1.6905562763030713 2.2620330596292342 0.31027366768200926 -0.30861677561604289 0.049711782804557257 2.2395195844845897 2.4391695603302548 0.87036140451281097 0.53513155817759761 1.4768625980615617 0.11564224616580066 0.01245660965150157 -0.26452431905837287 0.19915908718550648 0.97784877585040209 0.94038844015449286 -0.25923175282007438 0.0072818589297504082 0.39844661153391503 1.4948818383308558 0.44592954277992247 -0.049940492615506454 0.89045734830921708 0.86155083679383804 0.99202065104618675
leaf_weight=17055 64 281 22 162 505 36 104 195 821 24 95 24 47 40 42 1264 169 486 97 224 138 108 41 1688 142 77 157 44 30 33 59 20 37 30 20 22 167 26 37 238 1877 161 39 35 635 396 20 945 742 21 54 36 32 281 1246 331 26 20 37 31 31 32
leaf_count=17055 64 281 22 162 505 36 104 195 821 24 95 24 47 40 42 1264 169 486 97 224 138 108 41 1688 142 77 157 44 30 33 59 20 37 30 20 22 167 26 37 238 1877 161 39 35 635 396 20 945 742 21 54 36 32 281 1246 331 26 20 37 31 31 32
internal_value=0.000481726 -0.0980365 0.96871 -0.13038 -0.158766 1.2009 0.627523 0.130181 0.210023 1.11616 0.786899 0.702615 1.08059 1.10287 1.05153 -0.178633 -0.0568679 0.0868763 0.989387 0.940838 0.332765 1.68973 1.31103 0.0202788 0.0199225 0.285222 0.291136 1.95632 0.858832 0.596859 0.540984 1.18935 0.861301 1.24404 0.831287 1.20039 0.0729844 0.972442 1.69298 0.175858 -0.192504 -0.280309 1.70507 2.01293 0.806191 0.441852 0.736101 0.057347 -0.0958203 0.472191 0.625369 1.42304 1.41558 -0.0133188 -0.0417622 0.233947 0.571487 1.03882 0.485137 0.310585 0.275815 0.457746
internal_weight=31899 28953 2946 26202 23628 1753 1193 2574 2751 1494 814 719 1437 1413 1302 21268 2175 2379 1187 1090 1525 259 107 2360 1831 379 1387 152 66 615 562 53 866 109 72 52 1855 105 115 315 19093 2038 111 57 757 457 79 1226 2006 122 101 78 72 1689 1527 1152 235 46 433 548 517 189
internal_count=31899 28953 2946 26202 23628 1753 1193 2574 2751 1494 814 719 1437 1413 1302 21268 2175 2379 1187 1090 1525 259 107 2360 1831 379 1387 152 66 615 562 53 866 109 72 52 1855 105 115 315 19093 2038 111 57 757 457 79 1226 2006 122 101 78 72 1689 1527 1152 235 46 433 548 517 189
is_linear=0
shrinkage=0.05


Tree=41
num_leaves=63
num_cat=0
split_feature=23 36 7 31 33 2 2 21 13 31 31 36 7 40 33 40 40 40 40 40 40 38 31 40 40 40 2 40 12 36 33 33 36 40 31 40 40 40 33 37 34 33 25 40 33 40 36 36 33 40 33 31 36 21 31 36 33 40 40 36 33 31
split_gain=1.09845e+06 84499 79453.8 27373.3 20788.4 20396.4 19345.6 16330.1 16597.9 13866.3 14553.6 13472.8 12652.1 12493.1 11747.8 11488.2 21724.2 11314.8 10748.1 10483.9 15941.3 10342.5 10076.7 9984.31 10352.6 14027.4 9301.96 9279.76 9022.44 8922.59 8853.06 7789.56 7740.8 9634.08 9102.95 7656.34 14014.9 11961.2 7639 8207.34 7326.71 6612.22 6480.95 7016.81 6217.98 6054.47 5783.13 5282.76 5155.8 5153.75 4802.42 4563.67 4530.91 9445.87 7591.82 7333.13 5361.55 4560.36 6424.72 4407.34 4223.18 4205.16
threshold=1.0000000180025095e-35 181.62666666666669 1.0000000180025095e-35 434.55000000000007 279.65000000000003 1.0000000180025095e-35 1.0000000180025095e-35 1.0000000180025095e-35 1.0000000180025095e-35 54.150000000000013 248.95000000000002 302.3633333333334 1.0000000180025095e-35 1.5000000000000002 295.15000000000003 1.5000000000000002 3.5000000000000004 5.5000000000000009 1.0000000180025095e-35 3.5000000000000004 5.5000000000000009 1.0000000180025095e-35 68.950000000000017 1.5000000000000002 3.5000000000000004 5.5000000000000009 1.0000000180025095e-35 4.5000000000000009 1.0000000180025095e-35 140.98750000000004 437.75000000000006 118.05000000000001 224.28750000000005 5.5000000000000009 113.05000000000001 4.5000000000000009 1.5000000000000002 2.5000000000000004 51.750000000000007 2.5000000000000004 216.55000000000004 157.25000000000003 1.0000000180025095e-35 4.5000000000000009 1.3500000000000003 5.5000000000000009 237.71000000000006 136.7416666666667 395.45000000000005 1.0000000180025095e-35 409.65000000000003 267.75000000000006 321.08333333333343 1.0000000180025095e-35 456.45000000000005 228.87083333333337 59.95000000000001 1.5000000000000002 3.5000000000000004 424.12500000000006 190.00000000000003 351.75000000000006
decision_type=2 2 2 2 2 2 2 2 2 2 2 2 2 2 2 2 2 2 2 2 2 2 2 2 2 2 2 2 2 2 2 2 2 2 2 2 2 2 2 2 2 2 2 2 2 2 2 2 2 2 2 2 2 2 2 2 2 2 2 2 2 2
left_child=2 7 6 4 9 11 18 28 29 31 22 23 15 -12 21 30 -17 35 -1 44 27 52 -11 -4 -25 -26 38 60 -2 -9 48 -3 33 -18 -34 36 -8 -38 39 -15 -16 61 43 -40 -20 -45 -19 -30 -6 -31 -48 -36 53 54 -5 -55 -56 -54 -59 -13 -21 -22
right_child=1 3 5 14 12 -7 17 8 -10 10 13 59 -14 26 40 16 32 46 19 20 41 -23 -24 24 25 -27 -28 -29 47 49 -32 -33 34 -35 51 -37 37 -39 42 -41 -42 -43 -44 45 -46 -47 50 -49 -50 -51 -52 -53 57 55 56 -57 -58 58 -60 -61 -62 -63
leaf_value=-0.20346438419473453 0.20425391715064825 2.3647024353345234 -0.15330420075315568 1.5460055497559635 0.77223455625772486 0.63694965403186732 -0.16659764550865247 0.31557607853437886 1.7771904859691858 -0.46510716583579781 0.61420233055906392 0.24007133740838787 1.9286084489689934 1.0861963741500558 1.7260040884478052 2.2766726378202438 -0.029122276817049299 0.025884112234464587 -0.080960963188267912 -0.13795448883498709 -0.13014613608992415 0.31081878069950192 0.68312738193634237 0.39369332462057965 -0.12890194753850384 0.22080770645979256 1.8977758028927973 -0.22815201998529028 0.42819176181441265 0.34147498977595364 0.09447394323510093 1.0770289338153343 1.8945955913894033 1.1801401817798616 0.82315390255000143 -0.21737318149048696 0.66595393311232332 0.075573132445078614 1.5099973727675047 1.8385113947466019 2.8185127303713848 0.022900017171192222 0.027704066038131716 0.19352899774526941 0.064798442327678937 0.99918140265448341 0.21964176518114142 1.2735668099287785 1.7058167820885068 1.1039426632938867 0.70441410369792234 1.3232072643873072 1.0691572131532612 1.0745089274644852 -0.19469092041254044 2.4122806026822046 0.92467063950455719 2.5510068601369862 1.5701308193773327 0.53704713121240522 0.041151093941598979 -0.037884718832144726
leaf_weight=4540 415 24 450 22 50 208 569 118 36 20 174 546 63 387 57 50 28 424 3097 2025 4750 23 428 273 557 591 34 5000 42 29 37 23 49 40 74 553 105 469 34 40 21 1174 26 39 958 58 381 33 21 94 59 119 33 20 20 21 23 20 101 162 393 1669
leaf_count=4540 415 24 450 22 50 208 569 118 36 20 174 546 63 387 57 50 28 424 3097 2025 4750 23 428 273 557 591 34 5000 42 29 37 23 49 40 74 553 105 469 34 40 21 1174 26 39 958 58 381 33 21 94 59 119 33 20 20 21 23 20 101 162 393 1669
internal_value=0.00045764 0.920274 -0.0931347 1.07915 1.00018 0.160659 -0.120167 0.468927 0.775777 0.891574 0.859622 0.122245 1.2634 0.988453 1.47684 1.17385 1.30954 0.0103853 -0.134325 -0.117861 -0.137132 1.3271 0.631867 0.0519457 0.116944 0.0511315 1.09382 -0.189262 0.295464 0.626188 0.721569 1.73456 1.15355 0.682209 1.28599 -0.0646418 0.00925188 0.18357 1.04702 1.15667 2.02014 -0.086203 0.748792 0.891909 -0.0465251 0.675259 0.157661 0.800157 1.04836 0.924174 0.284645 1.13148 1.417 1.16541 0.79055 1.75971 0.404037 1.59017 1.73226 0.308023 -0.108844 -0.106157
internal_weight=31899 2946 28953 2179 1818 2787 26166 767 277 1287 1240 2579 531 792 361 468 360 2560 23606 19066 15011 283 448 1871 1421 1148 618 7418 490 241 108 47 310 68 242 1696 1143 574 584 427 78 7593 157 131 4055 97 864 75 71 123 440 193 260 106 65 41 43 154 121 708 2418 6419
internal_count=31899 2946 28953 2179 1818 2787 26166 767 277 1287 1240 2579 531 792 361 468 360 2560 23606 19066 15011 283 448 1871 1421 1148 618 7418 490 241 108 47 310 68 242 1696 1143 574 584 427 78 7593 157 131 4055 97 864 75 71 123 440 193 260 106 65 41 43 154 121 708 2418 6419
is_linear=0
shrinkage=0.05


Tree=42
num_leaves=63
num_cat=0
split_feature=23 9 35 40 40 40 39 40 40 35 35 40 40 8 31 31 35 33 31 31 35 32 32 31 35 40 40 40 32 32 32 32 31 40 32 31 9 32 35 32 32 40 2 33 32 35 40 2 31 32 40 40 40 40 31 11 40 31 31 32 32 32
split_gain=991347 103953 69053 34119 43362.1 49870.8 23696.9 23460.1 23450 23609.6 22353.6 21877.4 32817.2 15010.9 15070.3 13522.1 11975 11715.2 14376.3 11339.5 11133.3 11042.7 14906.6 11013.5 10212.6 9759.21 10107.2 15559.6 9232.26 9197.38 9178.3 8595.58 8216.65 8086.82 7843.42 9958.33 7775.28 7729.76 7656.76 8467.88 7494.55 7378.37 6996.11 6973.5 6963.11 6928.57 7468.49 6778.79 6702.63 6257.77 6211.83 6122.27 14179.3 7769.35 5913.99 5731.66 5413.81 5362.02 5337.77 5265.71 5115.64 5107.51
threshold=1.0000000180025095e-35 1.0000000180025095e-35 370.95000000000005 1.0000000180025095e-35 3.5000000000000004 5.5000000000000009 1.0000000180025095e-35 5.5000000000000009 1.5000000000000002 887.1500000000002 916.25000000000011 4.5000000000000009 1.5000000000000002 1.0000000180025095e-35 481.05000000000007 211.85000000000005 445.15000000000009 373.85000000000008 302.05000000000007 198.05000000000004 437.25000000000006 390.65000000000003 105.25000000000001 54.150000000000013 728.6500000000002 1.0000000180025095e-35 3.5000000000000004 5.5000000000000009 29.850000000000005 129.45000000000002 150.05000000000004 366.15000000000003 418.05000000000007 2.5000000000000004 466.85000000000008 102.45000000000002 1.0000000180025095e-35 203.00000000000003 1249.5000000000002 23.250000000000004 259.05000000000007 1.5000000000000002 1.0000000180025095e-35 125.55000000000001 187.75000000000003 495.25000000000006 2.5000000000000004 1.0000000180025095e-35 66.65000000000002 420.85000000000008 4.5000000000000009 1.5000000000000002 3.5000000000000004 5.5000000000000009 121.75000000000001 1.0000000180025095e-35 3.5000000000000004 52.150000000000013 428.45000000000005 296.25000000000006 51.750000000000007 304.35000000000008
decision_type=2 2 2 2 2 2 2 2 2 2 2 2 2 2 2 2 2 2 2 2 2 2 2 2 2 2 2 2 2 2 2 2 2 2 2 2 2 2 2 2 2 2 2 2 2 2 2 2 2 2 2 2 2 2 2 2 2 2 2 2 2 2
left_child=1 6 15 34 8 17 -1 11 28 45 19 12 -8 14 24 37 56 18 23 57 -9 22 -20 -6 43 -12 41 50 -5 -19 -24 -15 -11 42 35 48 -26 -2 39 -37 58 -27 -18 49 -25 60 -47 -22 -4 -7 -28 -21 -53 -54 -48 -49 -14 -3 -41 -31 -10 -42
right_child=2 10 3 4 5 13 7 20 9 32 25 -13 16 31 -16 -17 33 29 21 51 47 -23 30 44 36 26 27 -29 -30 59 -32 -33 -34 -35 -36 38 -38 -39 -40 40 61 -43 -44 -45 -46 46 54 55 -50 -51 -52 52 53 -55 -56 -57 -58 -59 -60 -61 -62 -63
leaf_value=-0.15402864824937948 0.19807239820763134 0.231200968411408 0.36488758304289415 1.8854585375104631 1.0688739488954129 1.1327994999087727 -0.18660661970249756 -0.058065474852522309 1.6675030390421552 2.197873091697693 0.06438074394334424 -0.2506883779928587 0.050892729541747374 0.13310686928588292 2.3359448545508914 0.73873040124900269 0.27641615677715803 2.092418128535861 1.1694170724153519 0.023591786440999681 0.072819150645080086 1.4348410976990578 -0.46932941858585064 -0.19668292120099068 1.3955221051774547 0.36369799059448821 0.5478044603268305 0.77079310664199896 0.71472581391825396 0.57284607473684823 0.55846471174083878 1.330623483657837 3.3056265225777262 0.12763909708619259 1.4367065182098977 1.2224509772800265 2.1445254392176869 0.86983692521850264 1.4119326585325702 0.040097577129145745 1.2218464307487011 1.2555802595921053 0.87962258371853219 0.63690609173265411 0.38708685990472241 2.2556585102611115 2.2235805829366049 0.22487605654574391 -0.83356069803237931 1.99615194849346 -0.067996333870141548 0.70340242141405862 0.030435538962686977 0.3468202836098957 1.2782776367970001 0.72336341915222313 -0.20412371257304351 -0.067241976990554883 0.85086062717437749 1.3058655218202242 0.66922835310300188 0.53235703317486516
leaf_weight=17045 397 190 28 21 46 240 2124 1178 21 47 118 1905 501 43 36 236 164 21 100 284 1213 62 26 70 259 33 60 187 85 49 132 23 26 1072 26 42 40 48 29 108 37 78 68 67 189 45 21 511 20 23 129 169 366 413 78 65 356 724 25 49 33 98
leaf_count=17045 397 190 28 21 46 240 2124 1178 21 47 118 1905 501 43 36 236 164 21 100 284 1213 62 26 70 259 33 60 187 85 49 132 23 26 1072 26 42 40 48 29 108 37 78 68 67 189 45 21 511 20 23 129 169 366 413 78 65 356 724 25 49 33 98
internal_value=0.000434758 -0.088478 0.87426 1.007 1.09864 0.976321 -0.119177 -0.0543027 1.57719 1.82382 0.203913 -0.109711 -0.0470356 1.26963 1.34101 0.432786 0.0901457 0.688137 0.601562 0.128237 0.0612938 0.835677 0.691692 0.355934 1.28407 0.472346 0.571196 0.447434 0.946663 1.14284 0.389334 0.550423 2.59242 0.185564 0.596054 0.539576 1.49572 0.270532 0.635016 0.562336 0.458886 0.990426 0.453218 1.09229 0.229311 1.54044 1.72157 0.139888 -0.134466 1.2083 0.127496 0.227233 0.28824 0.198172 1.4788 0.281129 -0.0550418 -0.00520242 0.192497 0.939356 1.05745 0.721328
internal_weight=31899 28953 2946 2265 1852 1475 26202 9157 377 271 2751 6190 4285 731 665 681 2161 744 625 2146 2967 320 258 305 629 605 487 376 106 119 158 66 73 1304 413 387 299 445 339 310 268 111 232 330 259 198 144 1789 48 263 189 1232 948 779 99 576 857 914 133 98 54 135
internal_count=31899 28953 2946 2265 1852 1475 26202 9157 377 271 2751 6190 4285 731 665 681 2161 744 625 2146 2967 320 258 305 629 605 487 376 106 119 158 66 73 1304 413 387 299 445 339 310 268 111 232 330 259 198 144 1789 48 263 189 1232 948 779 99 576 857 914 133 98 54 135
is_linear=0
shrinkage=0.05


Tree=43
num_leaves=63
num_cat=0
split_feature=23 7 35 35 33 33 35 35 2 35 32 35 25 11 33 33 32 11 35 2 18 34 32 13 5 33 34 24 29 35 32 11 32 32 34 34 32 33 33 32 32 35 37 7 32 6 35 35 35 35 2 32 35 33 34 34 34 32 29 32 33 35
split_gain=894691 70121.2 62425.2 23950 21000.4 24512.8 18102.4 17325 15979.7 15409.1 18499.4 12807.4 11969.4 11032.7 10793.4 10905 10225.8 9267.54 8879.8 8427.47 8028.87 7768.66 7654.42 7468.63 7183.23 7076.68 6748.4 6841.97 8722.49 6538.23 6238.55 6137.01 5908.95 8372.36 5887.56 8023.38 5643.68 5591.14 5586.69 5397.83 5323.96 5286.32 5264.64 4941.01 4779.4 4752.42 4565.92 4193.87 4149.14 7940.61 4012.18 4519.4 3950.62 3864.34 3727.45 3670.69 6738.63 3659.82 4406.85 3621.01 3603.76 3310.02
threshold=1.0000000180025095e-35 1.0000000180025095e-35 386.65000000000003 1008.7500000000001 28.550000000000004 196.95000000000002 800.35000000000025 452.85000000000008 1.0000000180025095e-35 690.95000000000016 81.350000000000009 172.85000000000005 1.0000000180025095e-35 1.0000000180025095e-35 73.350000000000009 187.75000000000003 127.55000000000001 1.0000000180025095e-35 1531.0000000000002 1.0000000180025095e-35 1.0000000180025095e-35 54.750000000000007 382.75000000000006 1.0000000180025095e-35 1.0000000180025095e-35 129.55000000000004 146.95000000000002 1.0000000180025095e-35 1.0000000180025095e-35 420.45000000000005 294.25000000000006 1.0000000180025095e-35 24.350000000000005 272.55000000000007 305.15000000000003 187.85000000000005 28.750000000000004 265.35000000000008 22.050000000000004 105.25000000000001 1.0000000180025095e-35 492.75000000000011 2.5000000000000004 1.0000000180025095e-35 472.65000000000003 1.0000000180025095e-35 818.95000000000016 1187.8500000000001 949.45000000000016 909.35000000000014 1.0000000180025095e-35 181.65000000000001 1313.1500000000003 303.30000000000001 56.95000000000001 440.00000000000006 401.75000000000006 23.250000000000004 1.0000000180025095e-35 1.0000000180025095e-35 378.05000000000007 1044.7500000000002
decision_type=2 2 2 2 2 2 2 2 2 2 2 2 2 2 2 2 2 2 2 2 2 2 2 2 2 2 2 2 2 2 2 2 2 2 2 2 2 2 2 2 2 2 2 2 2 2 2 2 2 2 2 2 2 2 2 2 2 2 2 2 2 2
left_child=1 7 11 4 9 14 29 -1 12 10 40 -2 46 -10 -6 22 39 -14 20 31 21 44 -16 24 41 -24 -23 28 43 -3 34 38 59 -34 35 48 -31 -22 -8 -12 -4 -18 -11 55 47 53 -9 61 49 57 51 -38 54 -32 -40 56 60 -7 -59 -13 -28 -5
right_child=2 6 3 18 5 30 19 8 13 42 16 32 17 -15 15 -17 23 -19 -20 -21 37 26 25 -25 -26 -27 27 -29 -30 36 45 -33 33 -35 -36 -37 50 -39 52 -41 -42 -43 -44 -45 -46 -47 -48 -49 -50 -51 -52 -53 -54 -55 -56 -57 -58 58 -60 -61 -62 -63
leaf_value=-0.14539249614059427 0.11218798976571945 -0.032473264271253126 1.2271465909561057 1.8159520953893662 -0.16404527965933086 1.2250322362069381 0.60837422801802565 -0.089919091737636223 0.035961793146010688 1.3034702401669804 0.57748815850778068 0.63123440117853602 -0.26357063859367136 0.45204323480007674 0.48706538439807245 -0.51799287588700005 0.56025060135532512 0.14196675196761574 2.177000889239403 0.74288985040038824 0.0476477251811461 0.48165683693745565 0.58524135063434468 1.6594842853921432 -0.057545622535373854 1.6996493716325081 1.2031657709756443 0.44694579243659976 0.5638694222768148 0.39047733220723596 1.0490073960335529 0.65915459929328213 0.23351972843082072 1.3150317502021789 1.4658975811167199 -0.014646155921121437 -0.13795285358916498 1.0648618029696602 0.25265934412622276 -0.55746445417404178 1.8705439009317537 0.97145746263089006 1.9133926625251771 2.1894052789969876 2.2761534398252312 0.51769769106592445 -0.011042766431298459 1.9900436170895894 0.16059147005989438 1.7056631313981834 0.43941111147451484 0.13413108163410467 0.56505366668366552 1.6095381090717933 -0.021962107246660669 1.9705054461956024 0.432543711848557 0.65312359602267045 1.3688539825379848 1.1155600392156177 1.8535827538546394 1.1342467619794543
leaf_weight=14696 222 863 149 24 68 44 84 5672 1449 121 22 271 1300 179 236 23 110 158 26 116 22 34 29 27 23 28 57 24 30 202 61 95 170 20 33 30 206 35 267 20 41 270 50 22 22 21 2712 30 21 27 78 589 57 62 230 22 20 207 24 45 34 69
leaf_count=14696 222 863 149 24 68 44 84 5672 1449 121 22 271 1300 179 236 23 110 158 26 116 22 34 29 27 23 28 57 24 30 202 61 95 170 20 33 30 206 35 267 20 41 270 50 22 22 21 2712 30 21 27 78 589 57 62 230 22 20 207 24 45 34 69
internal_value=0.00041302 -0.0840541 0.830547 0.962409 0.877098 0.711602 0.154369 -0.109449 -0.0633963 1.05869 0.94939 0.428804 -0.0873989 0.0817103 0.407398 0.530366 0.781693 -0.219624 1.27884 0.346897 1.22636 1.30777 0.612661 0.854427 0.80049 1.13267 1.13494 1.24122 1.34426 0.0700263 0.932007 0.284229 0.567715 0.347363 0.827231 0.767525 0.152312 0.672253 0.228402 0.0370345 1.36598 0.852424 1.48181 1.4953 1.5974 1.21286 -0.0644047 1.47599 0.840173 0.887428 0.0972039 0.0636288 0.170788 1.33155 0.125571 1.38048 1.26354 0.807093 0.727485 0.700205 1.44618 1.31017
internal_weight=31899 28953 2946 2218 1747 914 2787 26166 11470 833 662 728 9842 1628 384 316 472 1458 471 849 445 388 293 430 403 57 243 209 185 1938 530 733 506 190 386 353 1075 57 638 42 190 380 171 155 145 144 8384 123 323 302 873 795 554 123 497 133 111 275 231 316 91 93
internal_count=31899 28953 2946 2218 1747 914 2787 26166 11470 833 662 728 9842 1628 384 316 472 1458 471 849 445 388 293 430 403 57 243 209 185 1938 530 733 506 190 386 353 1075 57 638 42 190 380 171 155 145 144 8384 123 323 302 873 795 554 123 497 133 111 275 231 316 91 93
is_linear=0
shrinkage=0.05


Tree=44
num_leaves=63
num_cat=0
split_feature=39 25 9 9 36 40 40 40 28 36 36 33 11 2 2 36 36 28 11 32 34 9 2 11 13 13 28 36 32 40 40 40 40 33 36 2 12 12 36 2 24 8 36 13 12 11 40 40 40 18 40 33 36 32 32 32 32 40 2 11 32 32
split_gain=236100 91568.6 65463.2 54835.3 49639.9 31848 51508.7 43615.4 15853.7 14925.1 13402.3 16190.7 12660.9 26033.6 12176.4 11416.6 11231.4 10431.3 9580.5 9106.25 8670.16 8438.75 7578.95 15689.9 8038.64 7499.23 7412.8 7263.57 7209.09 7018.4 7929.9 8050.29 6818.35 6555.77 7205.76 6547.22 6265.01 6240.54 6101.79 5917.72 5797.26 5611 5528.77 5507.63 5382.07 5327.02 5309.22 6662.54 8751.39 5232.99 6862.72 5569.6 5073.93 5449.66 5011.95 4978.79 4934.23 4828.23 4493.23 9402.57 5207.77 8380.56
threshold=1.0000000180025095e-35 1.0000000180025095e-35 1.0000000180025095e-35 1.0000000180025095e-35 155.98750000000004 1.5000000000000002 3.5000000000000004 5.5000000000000009 1.0000000180025095e-35 182.71250000000003 362.04166666666669 300.85000000000008 1.0000000180025095e-35 1.0000000180025095e-35 1.0000000180025095e-35 403.42500000000001 370.65000000000009 1.0000000180025095e-35 1.0000000180025095e-35 456.35000000000008 344.35000000000008 1.0000000180025095e-35 1.0000000180025095e-35 1.0000000180025095e-35 1.0000000180025095e-35 1.0000000180025095e-35 1.0000000180025095e-35 329.71250000000009 115.15000000000002 1.0000000180025095e-35 3.5000000000000004 5.5000000000000009 1.0000000180025095e-35 318.95000000000005 424.12500000000006 1.0000000180025095e-35 1.0000000180025095e-35 1.0000000180025095e-35 118.31250000000001 1.0000000180025095e-35 1.0000000180025095e-35 1.0000000180025095e-35 87.737500000000011 1.0000000180025095e-35 1.0000000180025095e-35 1.0000000180025095e-35 1.0000000180025095e-35 3.5000000000000004 5.5000000000000009 1.0000000180025095e-35 2.5000000000000004 321.25000000000006 296.12500000000006 402.85000000000008 1.4500000000000002 416.95000000000005 283.95000000000005 4.5000000000000009 1.0000000180025095e-35 1.0000000180025095e-35 28.750000000000004 83.450000000000017
decision_type=2 2 2 2 2 2 2 2 2 2 2 2 2 2 2 2 2 2 2 2 2 2 2 2 2 2 2 2 2 2 2 2 2 2 2 2 2 2 2 2 2 2 2 2 2 2 2 2 2 2 2 2 2 2 2 2 2 2 2 2 2 2
left_child=3 2 4 8 20 58 10 22 -1 -4 25 -12 13 19 18 32 17 29 21 33 42 55 23 24 27 28 -15 37 -7 -5 54 57 -11 34 36 -14 43 -8 -10 45 -30 -35 -2 52 -44 49 -40 -48 -49 50 -34 -52 53 -9 -31 -3 -33 -32 59 60 -6 -62
right_child=1 14 9 16 5 6 7 12 38 15 11 -13 35 26 -16 -17 -18 -19 -20 -21 -22 -23 -24 -25 -26 -27 -28 -29 40 30 31 56 39 41 -36 -37 -38 -39 46 -41 -42 -43 44 -45 -46 -47 47 48 -50 -51 51 -53 -54 -55 -56 -57 -58 -59 -60 -61 61 -63
leaf_value=-0.15724906022780866 -0.1934083403181085 -0.1856340051221449 0.23876790727678637 -0.1685284873679028 0.41843964879529622 0.3207790153823904 0.099416343357166162 0.35679408772346249 -0.25259043318982954 0.37226225475966934 0.86625379507451228 2.3046025908511618 0.16826202587667452 0.16034113895904945 0.28733743655149929 1.8610507965087892 0.43222779873930872 0.49034249014850406 0.21638425710985315 1.1849463103448643 0.91134232680002847 0.17495523976428817 -0.052327134068044581 -0.053627845403682067 0.84076992391512317 1.1086903503537178 0.709268842810306 0.44353486816998883 0.71973188667278265 0.030581513326615097 0.1124615572690523 0.088226917019330955 1.9512406841568326 0.99283764110079842 0.95458796051111117 0.72401889876045034 1.0949080886749121 0.6551360454342583 -0.15223103781496425 0.54315840507685031 0.21999871581792832 0.11638314716872716 -0.034237354567602185 1.0741186293688687 0.25466884886400099 0.63655462193990431 0.28488211931065233 -0.14065189589018701 0.15264136565181252 0.35616057875255747 0.87430311528516236 1.4540414013867748 0.59592618154672283 -0.35340092511012638 0.48392061464606773 0.038674227877443797 0.45390310415740664 -0.2158382116177355 -0.059333081804754641 -0.064113569352354391 -0.68733182189793429 0.18468724985601065
leaf_weight=15196 466 2068 152 295 239 268 620 394 215 100 131 23 614 566 213 24 277 148 214 68 24 206 645 596 58 60 69 291 396 90 169 369 23 140 89 58 39 55 319 135 68 21 1131 33 188 107 294 480 541 24 145 58 240 29 189 281 123 332 470 442 29 552
leaf_count=15196 466 2068 152 295 239 268 620 394 215 100 131 23 614 566 213 24 277 148 214 68 24 206 645 596 58 60 69 291 396 90 169 369 23 140 89 58 39 55 319 135 68 21 1131 33 188 107 294 480 541 24 145 58 240 29 189 281 123 332 470 442 29 552
internal_value=0.000392369 0.165883 0.239177 -0.111419 0.201812 0.259894 0.318114 0.249354 -0.140429 0.682496 0.65428 1.08107 0.399776 0.472847 -0.076953 0.791987 0.136812 0.0890972 -0.104975 0.625331 -0.0326704 -0.131892 0.0926228 0.150334 0.269047 0.571293 0.219988 0.23472 0.527244 0.0512004 0.102159 0.0359854 0.748646 0.586698 0.52968 0.216229 0.478228 0.144697 -0.00218888 0.825147 0.646495 0.878517 -0.045363 0.443673 0.00694109 0.931782 0.0307587 0.0751494 0.0147562 1.05814 1.13269 1.03994 0.412293 0.308105 0.337682 -0.158801 0.179646 -0.105094 0.0726311 0.121778 0.221978 0.141161
internal_weight=31899 12862 9880 19037 9112 7303 5571 4625 17045 768 946 154 2360 1688 2982 616 1992 1715 2769 1053 1809 2555 2265 1620 1024 792 635 966 732 1567 1272 993 592 985 824 672 735 675 1849 492 464 161 1785 696 1319 357 1634 1315 1021 250 226 203 663 423 279 2349 492 501 1732 1262 820 581
internal_count=31899 12862 9880 19037 9112 7303 5571 4625 17045 768 946 154 2360 1688 2982 616 1992 1715 2769 1053 1809 2555 2265 1620 1024 792 635 966 732 1567 1272 993 592 985 824 672 735 675 1849 492 464 161 1785 696 1319 357 1634 1315 1021 250 226 203 663 423 279 2349 492 501 1732 1262 820 581
is_linear=0
shrinkage=0.05


Tree=45
num_leaves=63
num_cat=0
split_feature=23 9 36 28 36 35 12 32 35 21 2 40 40 40 38 36 35 36 35 33 40 35 31 2 40 40 32 35 32 33 32 31 35 40 40 40 40 40 35 40 25 39 36 40 40 40 38 32 31 34 39 31 31 31 33 28 32 40 40 36 31 33
split_gain=773624 92428.1 66971.5 31653.5 26099 19359 18500 17139.9 15257.4 14471.7 14425.2 13440.2 24828.8 20208.4 12650 11835.8 8028.59 7970.14 9598.27 7851.08 7744.93 7639.53 7613.18 8508.03 7149.81 8254.29 9483.06 7139.67 6970.92 6679.59 12987 6669.03 6630.51 6127.51 5973.98 9206.61 5908.3 5807.12 5699.85 5676.4 5418.16 15270.2 12037.1 7433.54 6999.35 9337.76 5326.42 6233.42 6069.18 5642.99 5176.13 4763.3 10607.2 4726.6 4746.41 5805.92 5871.95 4762.41 4604.31 4524.72 4523.58 4506.26
threshold=1.0000000180025095e-35 1.0000000180025095e-35 242.21250000000003 1.0000000180025095e-35 136.7416666666667 428.85000000000008 1.0000000180025095e-35 358.65000000000003 572.75000000000011 1.0000000180025095e-35 1.0000000180025095e-35 1.5000000000000002 3.5000000000000004 5.5000000000000009 1.0000000180025095e-35 268.21666666666675 747.75000000000011 390.78333333333336 1225.1500000000003 51.750000000000007 4.5000000000000009 1008.7500000000001 353.75000000000006 1.0000000180025095e-35 1.5000000000000002 3.5000000000000004 356.45000000000005 1069.4000000000003 102.85000000000001 311.35000000000008 152.35000000000005 406.85000000000008 452.85000000000008 5.5000000000000009 4.5000000000000009 1.5000000000000002 3.5000000000000004 5.5000000000000009 673.95000000000016 5.5000000000000009 1.0000000180025095e-35 1.0000000180025095e-35 409.72500000000008 1.0000000180025095e-35 3.5000000000000004 5.5000000000000009 1.0000000180025095e-35 152.35000000000005 56.250000000000007 26.150000000000002 1.0000000180025095e-35 121.75000000000001 156.65000000000001 79.350000000000009 420.75000000000006 1.0000000180025095e-35 485.65000000000003 4.5000000000000009 4.5000000000000009 276.51666666666671 108.85000000000001 14.750000000000002
decision_type=2 2 2 2 2 2 2 2 2 2 2 2 2 2 2 2 2 2 2 2 2 2 2 2 2 2 2 2 2 2 2 2 2 2 2 2 2 2 2 2 2 2 2 2 2 2 2 2 2 2 2 2 2 2 2 2 2 2 2 2 2 2
left_child=1 3 4 10 -2 -3 9 22 -9 46 40 -7 27 20 17 39 -12 53 -19 31 -14 -15 51 28 -21 -26 60 -13 32 30 -30 -11 -24 34 35 -17 -37 -18 -32 -5 41 -1 43 -43 -45 58 48 -48 -6 -49 -35 -4 -53 -10 55 56 57 -55 -46 -40 -27 -8
right_child=2 5 7 15 6 11 61 8 14 19 16 12 13 21 -16 33 37 18 -20 24 -22 -23 23 -25 25 26 -28 -29 29 -31 38 -33 -34 50 -36 36 -38 -39 59 -41 -42 42 -44 44 45 -47 47 49 -50 -51 -52 52 -54 54 -56 -57 -58 -59 -60 -61 -62 -63
leaf_value=-0.14980365833136647 0.17781619570200735 0.00377560009421824 1.4179545115058623 -0.091226242094401375 1.2698196687698364 0.04760818209897956 1.7747975364808113 0.19069972075521946 2.0223541834137655 1.0160505092287637 -0.068325179871768754 0.68810065123504904 0.31491867438754412 0.37477126367170288 0.71276996923636082 -0.018131201076462416 0.024677010762400895 1.5417994604736078 2.7600291382182731 0.15834179113105851 -0.062437397545640129 0.79330083198793655 0.92581719974819698 1.7271119553882344 1.4838933509893906 0.96651579320430769 1.3840537176813399 1.3719841950751368 -0.30284585729241376 1.1886971063264038 1.4239553594589234 2.0134505975814094 1.4566336180941732 0.24955162013888607 -0.12264349405767815 0.63672628709371537 0.12902926792371638 0.313630613249124 0.0052053649317134517 0.11071422623411774 -0.21107133656873237 -0.21365601995776748 0.24883063466598593 0.11419783518678338 -0.029388695298903363 0.028878282965244209 0.55102953377522923 0.22892315504343613 0.47341704321504985 -0.89117344864220793 0.68843147642509916 -0.4297870922088623 0.75092009718896191 1.444230675504488 0.73287877146456692 1.9006798542462864 2.056834592819214 0.95334445994536754 -0.24861175551186088 0.80340818312505025 0.24896518061073816 1.0694445474317209
leaf_weight=15182 377 860 24 1036 25 439 31 32 22 83 1634 203 206 449 73 231 482 61 22 49 400 144 139 39 39 30 35 47 32 69 30 21 102 242 196 138 98 272 22 524 2142 684 333 649 356 1118 38 23 555 22 93 20 389 85 37 39 20 118 732 92 82 84
leaf_count=15182 377 860 24 1036 25 439 31 32 22 83 1634 203 206 449 73 231 482 61 22 49 400 144 139 39 39 30 35 47 32 69 30 21 102 242 196 138 98 272 22 524 2142 684 333 649 356 1118 38 23 555 22 93 20 389 85 37 39 20 118 732 92 82 84
internal_value=0.00345592 -0.0754335 0.773168 -0.104429 0.537535 0.200408 0.658944 1.01314 1.2476 0.590008 -0.122549 0.289975 0.363405 0.268896 1.31851 0.0626295 -0.00604753 1.42796 1.8647 0.855746 0.0658388 0.476404 0.888561 1.01657 0.695673 0.837228 0.665663 0.816671 0.959549 0.771738 0.608271 1.21745 1.15048 0.197096 0.10903 0.206263 0.425903 0.128915 0.810741 -0.023395 -0.135675 -0.127199 -0.0385656 -0.065608 -0.0301387 -0.0726021 0.454133 0.0795005 0.507745 -0.31868 0.37139 0.733356 0.693184 1.31503 1.26299 1.33785 1.23942 1.15889 -0.176881 0.649369 0.441166 1.25958
internal_weight=31851 28890 2961 26142 1494 2748 1117 1467 509 1002 23584 1888 1449 1199 477 2558 2388 404 83 339 606 593 958 525 235 186 147 250 486 245 176 104 241 998 663 467 236 754 144 1560 21196 19054 3872 3539 2855 2206 663 83 580 45 335 433 409 321 299 262 223 203 1088 114 112 115
internal_count=31851 28890 2961 26142 1494 2748 1117 1467 509 1002 23584 1888 1449 1199 477 2558 2388 404 83 339 606 593 958 525 235 186 147 250 486 245 176 104 241 998 663 467 236 754 144 1560 21196 19054 3872 3539 2855 2206 663 83 580 45 335 433 409 321 299 262 223 203 1088 114 112 115
is_linear=0
shrinkage=0.05


Tree=46
num_leaves=63
num_cat=0
split_feature=23 9 36 7 36 7 36 2 12 32 11 13 2 11 33 31 38 35 35 36 33 35 32 36 40 40 40 35 35 40 25 35 35 40 35 32 11 40 31 2 40 33 33 35 32 31 31 35 32 40 40 40 35 31 33 33 36 33 40 31 31 36
split_gain=698196 83416.4 60613.1 47064.8 21577 20647.3 17961.7 15702.8 15403.9 13564.3 11278.9 10418.4 10267.4 15676.4 10103.2 9108.15 9032.23 9715.69 8562.46 8468.81 7720.31 9131.93 12447.5 7698.31 7672.19 9293.91 11929.4 7271.29 6996.75 6836.34 6748.21 6656.5 7471.74 6479.28 5805.75 5606.57 5544.57 5231.97 7419.12 6989.86 5636.89 8071.45 7241.37 5162.03 5137.13 8054.33 4997.26 4980.8 9497.15 4966.38 10051.4 6308.96 4752.01 4690.59 5118.93 10593.4 5419.35 5055.04 4493.49 5068.75 4451.66 9195.6
threshold=1.0000000180025095e-35 1.0000000180025095e-35 232.25833333333335 1.0000000180025095e-35 136.7416666666667 1.0000000180025095e-35 228.87083333333337 1.0000000180025095e-35 1.0000000180025095e-35 424.95000000000005 1.0000000180025095e-35 1.0000000180025095e-35 1.0000000180025095e-35 1.0000000180025095e-35 353.65000000000003 372.45000000000005 1.0000000180025095e-35 592.85000000000014 1397.9500000000003 403.42500000000001 291.45000000000005 527.55000000000007 208.85000000000005 321.08333333333343 5.5000000000000009 4.5000000000000009 1.5000000000000002 461.4500000000001 1069.4000000000003 1.0000000180025095e-35 1.0000000180025095e-35 949.45000000000016 1096.7500000000002 5.5000000000000009 149.45000000000002 238.15000000000001 1.0000000180025095e-35 5.5000000000000009 3.6500000000000008 1.0000000180025095e-35 4.5000000000000009 4.4500000000000011 150.15000000000001 853.25000000000011 408.75000000000006 121.75000000000001 339.55000000000007 832.35000000000025 374.65000000000003 1.5000000000000002 3.5000000000000004 5.5000000000000009 712.95000000000016 406.85000000000008 150.15000000000001 267.55000000000007 291.51250000000005 114.05000000000001 1.5000000000000002 154.75000000000003 406.85000000000008 317.01666666666671
decision_type=2 2 2 2 2 2 2 2 2 2 2 2 2 2 2 2 2 2 2 2 2 2 2 2 2 2 2 2 2 2 2 2 2 2 2 2 2 2 2 2 2 2 2 2 2 2 2 2 2 2 2 2 2 2 2 2 2 2 2 2 2 2
left_child=1 3 4 12 -2 9 34 10 11 15 19 31 30 33 23 44 17 -11 24 29 21 27 -23 -7 25 26 -8 -17 -28 -5 -1 37 -33 -14 -3 -31 -32 38 -6 40 46 -42 -43 -26 45 -4 47 48 -40 -36 -51 -52 -39 54 56 -56 -19 -55 -13 -60 -24 -62
right_child=2 6 5 7 8 14 18 -9 -10 16 -12 58 13 -15 -16 20 -18 53 -20 -21 -22 22 60 -25 43 -27 28 -29 -30 35 36 32 -34 -35 49 -37 -38 52 39 -41 41 42 -44 -45 -46 -47 -48 -49 -50 50 51 -53 -54 57 55 -57 -58 -59 59 -61 61 -63
leaf_value=-0.12272081660016261 0.16892538425421211 -0.23808771916999927 1.3728912401199342 -0.18310550048060012 1.2736362471466973 0.97942900342099815 0.082664659479340111 0.52432441106156524 1.1798526125951347 0.31164643423897881 0.46211069697877893 0.456355632185936 -0.12103358294042228 0.42051250575889798 2.2055424007773401 0.90001957128124865 0.50227919566003898 2.2747719569639728 0.89237540831168494 0.35661415077353781 1.3417706986357061 0.11065270861899351 1.3644068896770478 2.0055170767307282 0.31757040505812684 -0.028813579530271402 0.3984958203471437 1.5433900370317346 0.96816652236562784 -0.018436583940104855 -0.23806860955466413 1.6274570932755106 0.34199809879064563 0.060236481314644555 -0.10262615260248092 0.17736168474035907 0.075146378806982148 0.52074227470791701 0.26379455630185794 0.97290118066845721 0.39540740834959487 -1.0384223063786826 0.032513191825465158 0.66087507546031277 0.11422682586643432 0.67858549479868824 0.90790151992910784 -0.46368406265974049 1.3741787308028766 0.54284321863609986 -0.075628075450737728 0.22330807908067737 1.0498931284304021 1.327577040506446 0.15700882499416668 1.3941937098580022 1.3239309765874072 2.3451837649712197 1.7307971314589183 0.87985186051754727 0.16258018144539424 1.0911676557096717
leaf_weight=19070 377 153 45 381 21 68 318 206 107 21 169 25 1461 184 40 124 38 22 60 190 112 71 40 25 282 299 294 68 66 1004 2006 26 20 744 255 575 152 198 232 37 59 27 38 179 36 582 38 20 21 136 354 352 54 23 24 62 47 26 30 42 42 73
leaf_count=19070 377 153 45 381 21 68 318 206 107 21 169 25 1461 184 40 124 38 22 60 190 112 71 40 25 282 299 294 68 66 1004 2006 26 20 744 255 575 152 198 232 37 59 27 38 179 36 582 38 20 21 136 354 352 54 23 24 62 47 26 30 42 42 73
internal_value=0.00328312 -0.0716619 0.734509 -0.099208 0.491054 0.944717 0.190387 0.10597 0.613107 0.890244 0.0688067 0.544817 -0.121144 -0.0228714 1.54106 0.818589 1.21528 1.3357 0.307158 0.0378912 0.973108 0.874328 0.658921 1.25526 0.28274 0.203407 0.305817 1.12788 0.502935 0.00699461 -0.132204 0.484843 1.06856 -0.0598704 0.0504494 0.0528642 -0.216007 0.448801 0.354068 0.313155 0.257039 -0.028007 -0.412337 0.450871 0.695066 0.728416 0.37069 0.295914 0.355961 0.090692 0.149238 0.0734166 0.634132 1.44111 1.30631 1.04893 1.6271 1.86753 1.03388 1.23441 0.910064 0.752031
internal_weight=31851 28890 2961 26142 1372 1589 2748 2525 995 1456 2319 888 23617 2389 133 1193 263 225 1498 2150 530 418 226 93 1438 977 678 192 360 1960 21228 791 46 2205 1250 1579 2158 745 493 472 435 124 65 461 663 627 311 273 253 1097 842 706 252 204 155 86 69 49 97 72 155 115
internal_count=31851 28890 2961 26142 1372 1589 2748 2525 995 1456 2319 888 23617 2389 133 1193 263 225 1498 2150 530 418 226 93 1438 977 678 192 360 1960 21228 791 46 2205 1250 1579 2158 745 493 472 435 124 65 461 663 627 311 273 253 1097 842 706 252 204 155 86 69 49 97 72 155 115
is_linear=0
shrinkage=0.05


Tree=47
num_leaves=63
num_cat=0
split_feature=23 9 35 7 40 40 40 40 35 35 2 32 31 31 31 7 31 32 40 40 40 35 11 2 11 34 35 31 7 8 40 35 32 11 40 40 35 34 31 40 25 35 35 40 35 9 31 11 32 8 31 32 35 40 40 40 32 32 18 5 35 32
split_gain=630122 75283.3 49457.1 42476 25640.5 20157.5 27482.8 27552.7 16821.1 16372 14171.8 12716.1 12000.2 11956.2 13021.7 11677.3 13740.2 13115.8 11173.4 13963.3 16860.1 10600.6 10179.2 9266.33 14147.9 9162.37 11528.8 9021.11 8417.87 8143.41 7906.63 7760.43 7630.95 7350.38 7055.57 7036.55 6568.52 6482.56 6443.9 6272.91 6090.26 6045.32 5964.95 5847.55 5665.12 5122.7 5373.05 5003.98 4719.04 4621.33 4620.69 5070.49 4382.62 4335.66 6161.81 4963.38 4327.08 4275.95 4164.15 5480.97 4035.6 4027.64
threshold=1.0000000180025095e-35 1.0000000180025095e-35 386.65000000000003 1.0000000180025095e-35 5.5000000000000009 4.5000000000000009 1.5000000000000002 3.5000000000000004 1170.4500000000003 428.85000000000008 1.0000000180025095e-35 362.45000000000005 481.05000000000007 304.35000000000008 56.250000000000007 1.0000000180025095e-35 438.65000000000003 466.85000000000008 1.0000000180025095e-35 3.5000000000000004 5.5000000000000009 231.25000000000003 1.0000000180025095e-35 1.0000000180025095e-35 1.0000000180025095e-35 53.050000000000004 1096.7500000000002 136.05000000000004 1.0000000180025095e-35 1.0000000180025095e-35 1.5000000000000002 506.35000000000008 396.45000000000005 1.0000000180025095e-35 1.0000000180025095e-35 2.5000000000000004 1155.7500000000002 384.80000000000001 378.65000000000003 4.5000000000000009 1.0000000180025095e-35 522.6500000000002 1069.4000000000003 5.5000000000000009 909.35000000000014 1.0000000180025095e-35 177.25000000000003 1.0000000180025095e-35 384.95000000000005 1.0000000180025095e-35 432.55000000000007 177.55000000000004 1083.5500000000002 4.5000000000000009 1.5000000000000002 2.5000000000000004 378.65000000000003 401.15000000000003 1.0000000180025095e-35 1.0000000180025095e-35 782.6500000000002 51.750000000000007
decision_type=2 2 2 2 2 2 2 2 2 2 2 2 2 2 2 2 2 2 2 2 2 2 2 2 2 2 2 2 2 2 2 2 2 2 2 2 2 2 2 2 2 2 2 2 2 2 2 2 2 2 2 2 2 2 2 2 2 2 2 2 2 2
left_child=1 3 21 23 5 6 15 8 35 -3 22 12 28 14 -7 16 17 27 -11 30 39 -2 34 40 43 44 -27 48 29 37 -20 -15 50 58 -5 41 -22 -6 56 -21 -1 -8 -32 53 57 46 -13 -42 -4 -9 -33 -52 -45 54 -25 -56 -36 -16 59 -29 -12 -23
right_child=2 9 4 10 11 13 7 49 -10 18 60 45 -14 31 25 -17 -18 -19 19 20 36 61 -24 24 -26 26 -28 33 -30 -31 42 32 -34 -35 38 -37 -38 -39 -40 -41 47 -43 -44 52 -46 -47 -48 -49 -50 -51 51 -53 -54 -55 55 -57 -58 -59 -60 -61 -62 -63
leaf_value=-0.11658477573707984 0.13926910601966527 4.0716962282394252e-05 0.082659891300034108 -0.14920400546886117 0.79243422752469372 0.97857615282369226 0.97008271217346198 0.59554257969061541 2.5663029317198127 0.011778062993566917 0.2418425609696318 0.86873609810544739 1.9448574335486801 1.2246139324628391 0.28820435044237941 1.408543789700458 1.1108150288462639 1.5067335064212481 0.18024073962444143 0.28140041612007305 0.36892966749290412 0.64182995807512011 0.43900516421462482 -0.18153586488830425 0.39948687818326545 -0.90261714743531274 0.48901884826746855 0.53942289459567094 1.4550125514561276 0.032355221654429576 0.63113986697103008 0.57191964316368105 1.1417678932954627 1.3579490504041314 -0.013932507220206076 1.1119554053282454 0.86958139069875084 1.5695987287266502 0.25407543662917237 -0.058207081597181964 -0.22616517935848887 1.9673127571019258 1.2562354217184353 0.019362296204420582 1.0143529182388669 1.9793283804257713 1.4445899895525405 0.071389059099601582 -0.75312829067309695 1.3600025480443783 0.50393331909179684 -0.48426619613612143 0.4461743465427197 -0.2404473233303358 0.38671623350083073 -0.010029182843771526 0.2266814713080724 -0.44256302079615689 -0.20152107633907221 -0.13233139138254854 0.6892215350232388 0.32488181902746482
leaf_weight=19070 336 860 57 415 359 43 21 195 29 358 88 57 27 52 87 38 76 24 81 206 518 253 169 492 184 46 22 194 53 33 203 100 41 20 1102 168 75 29 408 400 2006 55 47 678 21 30 140 152 24 22 25 27 66 468 98 403 225 26 29 36 118 166
leaf_count=19070 336 860 57 415 359 43 21 195 29 358 88 57 27 52 87 38 76 24 81 206 518 253 169 492 184 46 22 194 53 33 203 100 41 20 1102 168 75 29 408 400 2006 55 47 678 21 30 140 152 24 22 25 27 66 468 98 403 225 26 29 36 118 166
internal_value=0.00311897 -0.0680788 0.697784 -0.0942476 0.81733 0.697695 0.827733 1.09358 1.42786 0.180868 0.100671 1.06022 0.919554 0.435496 0.188512 0.566152 0.496563 0.374993 0.263236 0.322074 0.24271 0.348487 0.0653664 -0.115087 -0.0217278 0.0203296 -0.452382 0.299543 0.861151 0.786389 0.609559 0.68248 0.536412 0.434405 0.0359967 1.29255 0.43225 0.850521 0.0802954 0.0572371 -0.125594 1.69176 0.748658 -0.0568768 0.260213 1.37066 1.27797 -0.205207 -0.164981 0.673045 0.373126 -0.00917028 0.0572247 -0.114982 -0.0558502 0.0675777 0.0268649 0.120063 0.363089 0.434279 0.498108 0.516261
internal_weight=31851 28890 2961 26142 2206 1478 988 490 273 2748 2525 728 501 490 245 498 460 384 1888 1530 1199 755 2319 23617 2389 202 68 360 474 421 331 245 193 279 2150 244 593 388 1735 606 21228 76 250 2205 134 227 197 2158 81 217 152 52 744 1461 993 501 1327 113 259 230 206 419
internal_count=31851 28890 2961 26142 2206 1478 988 490 273 2748 2525 728 501 490 245 498 460 384 1888 1530 1199 755 2319 23617 2389 202 68 360 474 421 331 245 193 279 2150 244 593 388 1735 606 21228 76 250 2205 134 227 197 2158 81 217 152 52 744 1461 993 501 1327 113 259 230 206 419
is_linear=0
shrinkage=0.05


Tree=48
num_leaves=63
num_cat=0
split_feature=23 36 7 36 7 35 35 12 21 36 33 11 34 21 2 38 32 12 36 2 25 11 36 32 36 33 35 36 35 35 34 36 33 35 36 35 32 36 32 36 32 36 32 33 2 32 32 33 8 38 33 36 36 25 24 5 38 35 33 34 32 21
split_gain=568685 50394.6 44721.6 18065.8 17427.4 15291.8 13832.9 13436.8 12540.1 15478.6 8948.57 7959.56 8907.31 7914.76 7842.63 7607.46 11761.1 7099.8 6998.17 6776.46 7957.35 7858.84 6691.16 6553.33 6290.21 6050.16 9028.11 5881.85 5177.49 5144.75 7582.32 4955.81 4739.94 4635.3 4591.45 4404.61 16121.5 5852.98 5191.56 8453.2 6251.01 6143.61 5583.88 6369.16 4384.67 4355.2 7585.4 4226.09 4028.47 3926.45 4469.88 3907.8 3796 3718.06 3745.02 3835.25 4495.54 4134.5 3586.23 5538.92 3559.69 3533.72
threshold=1.0000000180025095e-35 232.25833333333335 1.0000000180025095e-35 136.7416666666667 1.0000000180025095e-35 806.05000000000007 818.95000000000016 1.0000000180025095e-35 1.0000000180025095e-35 327.63333333333338 353.65000000000003 1.0000000180025095e-35 193.95000000000002 1.0000000180025095e-35 1.0000000180025095e-35 1.0000000180025095e-35 183.45000000000002 1.0000000180025095e-35 321.08333333333343 1.0000000180025095e-35 1.0000000180025095e-35 1.0000000180025095e-35 256.81666666666672 107.15000000000002 223.16250000000005 440.95000000000005 1279.4000000000003 286.95833333333343 645.45000000000016 949.45000000000016 167.95000000000002 140.98750000000004 187.75000000000003 213.05000000000004 436.42500000000001 572.75000000000011 402.85000000000008 241.15833333333336 283.95000000000005 289.95500000000004 125.55000000000001 266.78333333333336 170.05000000000004 57.95000000000001 1.0000000180025095e-35 436.65000000000003 159.75000000000003 57.95000000000001 1.0000000180025095e-35 1.0000000180025095e-35 187.75000000000003 76.050000000000026 183.88333333333335 1.0000000180025095e-35 1.0000000180025095e-35 1.0000000180025095e-35 1.0000000180025095e-35 428.85000000000008 14.750000000000002 58.850000000000001 242.55000000000004 1.0000000180025095e-35
decision_type=2 2 2 2 2 2 2 2 2 2 2 2 2 2 2 2 2 2 2 2 2 2 2 2 2 2 2 2 2 2 2 2 2 2 2 2 2 2 2 2 2 2 2 2 2 2 2 2 2 2 2 2 2 2 2 2 2 2 2 2 2 2
left_child=2 3 6 51 8 31 33 13 9 11 18 12 17 49 25 16 -14 35 -6 20 -8 -21 61 28 29 26 34 45 -15 30 32 -4 52 -1 -11 36 -3 -37 40 41 -39 -40 -42 -44 -24 46 -10 -41 -33 -5 -51 -2 -25 54 55 56 57 -35 -9 -60 -34 -7
right_child=1 4 5 7 10 22 19 58 27 14 -12 -13 15 23 -16 -17 -18 -19 -20 21 -22 -23 44 24 -26 -27 -28 -29 -30 -31 -32 48 60 53 -36 37 -38 38 39 47 42 -43 43 -45 -46 -47 -48 -49 -50 50 -52 -53 -54 -55 -56 -57 -58 -59 59 -61 -62 -63
leaf_value=-0.13598689348355575 -0.15221317308790544 0.55055948465535065 -0.11006545413940293 0.4285890864879548 0.87047706561930038 -0.10239183186765827 0.0053200888002211053 1.5566415836071146 1.7109717166423799 0.79705185264982614 2.0278020183742047 1.1093542386948223 -0.46023373241009918 0.69272578633748572 1.5631696134805679 -0.510231531569452 0.97229452917450354 1.4178202816733609 1.8487931252717971 0.068353807961565274 -0.19754831134333725 0.52468305459699116 0.35129507735106391 0.86513915462572077 0.10768358871854584 0.36645341909357482 1.6689165213704109 1.7984234811486424 -0.29582469518537874 1.4378737611903085 -0.11002314516476222 0.1096195391115634 0.20130194461706916 -0.075998794477134646 1.1823410565853119 -0.11170151188969613 -0.93049341201782232 1.2463216983753702 0.95143965061973135 1.0462515362103779 -0.349497752085976 1.942074776517934 1.2749515828632174 0.22405498546102776 0.74313509402906197 1.647727658475439 0.57659573012164667 0.40970681944201071 -0.25692902216805685 -0.34799645617100838 0.45240730353856851 0.23300448871865129 1.4918953415751457 -0.15894528877167022 -0.15401825059222146 -0.14743058011131213 -0.13077458540516457 -0.0095162409696204729 1.2662273289097681 0.41338883819002092 0.93570434220812548 0.25914994425375959
leaf_weight=6471 85 226 383 512 68 114 2738 29 20 341 40 71 23 26 48 33 38 27 25 629 587 111 446 61 29 49 40 37 27 36 21 1465 33 5048 100 20 20 23 34 45 23 29 21 46 85 24 56 62 79 37 33 292 40 1558 1437 1382 1834 4357 45 33 33 166
leaf_count=6471 85 226 383 512 68 114 2738 29 20 341 40 71 23 26 48 33 38 27 25 629 587 111 446 61 29 49 40 37 27 36 21 1465 33 5048 100 20 20 23 34 45 23 29 21 46 85 24 56 62 79 37 33 292 40 1558 1437 1382 1834 4357 45 33 33 166
internal_value=0.00296302 0.662895 -0.0646748 0.440907 0.854566 0.127586 -0.0848037 0.552589 0.80452 0.757229 1.40244 0.605954 0.552608 0.488808 0.951166 0.101321 0.432161 0.626256 1.13347 -3.93829e-05 -0.0304946 0.136803 0.309729 0.694673 0.800578 0.895739 0.949658 1.25982 0.189125 0.890283 0.785426 0.050929 0.898027 -0.100404 0.884419 0.587327 0.430149 0.714936 0.773356 0.947954 0.510686 1.40745 0.32269 0.55344 0.414019 1.06054 0.875116 0.677413 0.0908648 0.380569 0.0293367 0.146152 1.11336 -0.0856592 -0.0775372 -0.0688292 -0.0591641 -0.0451998 1.08191 0.905411 0.568503 0.111951
internal_weight=31851 2961 28890 1372 1589 2738 26152 995 1456 1319 133 741 670 888 578 94 61 576 93 4065 3325 740 811 306 253 530 481 137 53 224 188 1927 167 22087 441 549 246 303 283 170 113 63 90 67 531 100 76 107 1544 582 70 377 101 15616 14058 12621 11239 9405 107 78 66 280
internal_count=31851 2961 28890 1372 1589 2738 26152 995 1456 1319 133 741 670 888 578 94 61 576 93 4065 3325 740 811 306 253 530 481 137 53 224 188 1927 167 22087 441 549 246 303 283 170 113 63 90 67 531 100 76 107 1544 582 70 377 101 15616 14058 12621 11239 9405 107 78 66 280
is_linear=0
shrinkage=0.05


Tree=49
num_leaves=63
num_cat=0
split_feature=23 9 36 28 36 36 35 32 35 2 11 31 40 31 11 40 32 36 33 40 40 40 40 40 40 32 31 35 32 40 40 10 35 33 33 40 40 40 36 36 35 35 5 32 36 35 35 33 18 6 31 33 35 9 36 31 31 32 32 31 11 25
split_gain=513238 67066.4 45481.2 28159 16304.4 15306.5 12379.2 11978.7 10484.7 9688.74 11008.2 9392.6 10401.3 9938.4 8321.25 8450.83 8320.85 8031.67 9193.82 7926.95 7421.15 11313.8 10425.2 7256.08 18642.7 7577.36 7343.28 7770.67 7096.23 6402.12 10072.1 6235.23 6610.38 6165.08 7198.38 5960.83 5935.33 5510.73 5374.24 11354.7 5230.55 5070.46 5002.92 7258.39 4641.12 4600.05 4553.12 5874.19 4510.04 4655.15 4512.95 7301.53 4492.67 4463.18 4807.54 6830.33 5521.13 4651.16 4461.09 4256.69 3914.21 4848.91
threshold=1.0000000180025095e-35 1.0000000180025095e-35 232.25833333333335 1.0000000180025095e-35 136.7416666666667 299.32916666666671 1279.4000000000003 485.65000000000003 685.05000000000007 1.0000000180025095e-35 1.0000000180025095e-35 87.350000000000009 1.0000000180025095e-35 181.95000000000002 1.0000000180025095e-35 5.5000000000000009 280.45000000000005 390.78333333333336 395.45000000000005 5.5000000000000009 1.5000000000000002 3.5000000000000004 5.5000000000000009 3.5000000000000004 1.5000000000000002 170.05000000000004 438.65000000000003 825.05000000000007 150.05000000000004 4.5000000000000009 1.0000000180025095e-35 1.0000000180025095e-35 578.35000000000025 102.25000000000001 439.35000000000008 2.5000000000000004 3.5000000000000004 3.5000000000000004 226.32916666666668 218.61250000000004 958.55000000000007 428.85000000000008 1.0000000180025095e-35 335.75000000000006 223.16250000000005 202.60000000000002 587.85000000000014 207.65000000000001 1.0000000180025095e-35 1.0000000180025095e-35 332.05000000000007 51.750000000000007 812.6500000000002 1.0000000180025095e-35 403.42500000000001 448.25000000000006 263.65000000000003 408.75000000000006 280.45000000000005 240.95000000000002 1.0000000180025095e-35 1.0000000180025095e-35
decision_type=2 2 2 2 2 2 2 2 2 2 2 2 2 2 2 2 2 2 2 2 2 2 2 2 2 2 2 2 2 2 2 2 2 2 2 2 2 2 2 2 2 2 2 2 2 2 2 2 2 2 2 2 2 2 2 2 2 2 2 2 2 2
left_child=1 3 4 9 -2 20 7 14 45 60 59 12 -6 42 15 23 38 18 -8 29 -3 -22 -23 24 26 -26 -4 -28 -14 30 -10 32 -17 -34 58 -27 -30 -16 39 48 -24 -7 43 -13 -41 -5 -38 -48 49 50 -15 -52 -53 54 55 56 57 -25 -35 -11 61 -1
right_child=2 5 6 8 11 41 17 -9 19 10 -12 13 28 16 37 31 -18 -19 -20 -21 21 22 40 53 25 35 27 -29 36 -31 -32 -33 33 34 -36 -37 46 -39 -40 44 -42 -43 -44 -45 -46 -47 47 -49 -50 -51 51 52 -54 -55 -56 -57 -58 -59 -60 -61 -62 -63
leaf_value=-0.11264996616888008 0.13884411420011078 -0.079700775270223748 0.42973814307446462 -0.20332315931526512 0.017669880669564011 0.11559386442721716 1.4685941788960588 1.5999998592195057 -0.056143945424695446 -0.11313164225011861 0.36711093809980472 0.16772470532173137 1.6711161855608225 0.42127135803994653 1.731943698083201 0.71372475988335082 1.0448166244927748 2.0505182679456015 0.57476634067647603 0.39314011486478639 0.4539840036151252 -0.05387654226158714 0.17526765711528219 0.37500997134085212 0.85312989393870042 2.3240198572476705 0.6345729539268895 1.8521779131889344 1.4395136744745318 -0.11852825948293422 0.41271967805575493 0.24511982246302066 1.4531990126814955 0.33187023834103635 1.6364111385175162 1.3140287601078551 0.99535241076286818 0.93624468139589645 -0.10097581314189093 1.7005404587145205 0.58821922616844768 0.42887090904037717 -0.45045488798887867 0.92513509183316622 0.70945631521088748 0.027561947161593821 -0.35269895315170291 0.76115470230579385 -0.19964022898674014 -0.12047746974442686 1.310932993617925 0.093453797172097605 1.0378722806274892 0.97794322004685041 0.86310022267727904 -0.27550166532015191 0.59364373443899932 -0.33092076863561359 0.9786453263400352 0.026108636572289446 -0.050609269948235086 -0.19522675731787062
leaf_weight=17026 377 446 249 260 32 164 66 42 206 1024 181 218 32 208 31 180 81 26 51 338 258 629 554 70 60 21 38 20 31 229 258 35 86 42 28 48 47 73 35 27 89 608 26 37 21 1267 20 29 25 28 44 34 20 39 52 39 185 35 73 1183 2185 1985
leaf_count=17026 377 446 249 260 32 164 66 42 206 1024 181 218 32 208 31 180 81 26 51 338 258 629 554 70 60 21 38 20 31 229 258 35 86 42 28 48 47 73 35 27 89 608 26 37 21 1267 20 29 25 28 44 34 20 39 52 39 185 35 73 1183 2185 1985
internal_value=0.00281487 -0.0614411 0.62975 -0.0861406 0.418862 0.173528 0.811838 0.767951 0.0714274 -0.103231 -0.0077526 0.524959 0.840142 0.450084 0.74306 0.708631 0.578939 1.25562 1.07898 0.194621 0.0997686 0.152085 0.0908502 0.616819 0.759697 1.26407 0.547759 1.05444 1.00567 0.0977966 0.20456 0.885639 0.940452 1.11867 0.917477 1.62142 0.838 1.17342 0.493563 0.544691 0.232426 0.36232 0.210257 0.277623 1.26694 -0.0117505 0.643761 0.306521 0.448123 0.496608 0.553073 0.832816 0.443238 0.468498 0.41635 0.345739 0.429285 0.1397 0.742432 -0.0384958 -0.113988 -0.121272
internal_weight=31851 28890 2961 26142 1372 2748 1589 1446 2558 23584 2388 995 191 804 1404 1300 523 143 117 1031 1976 1530 1272 856 436 129 307 58 159 693 464 444 409 229 143 69 127 104 442 407 643 772 281 255 48 1527 96 49 359 334 306 98 54 420 381 329 290 105 115 2207 21196 19011
internal_count=31851 28890 2961 26142 1372 2748 1589 1446 2558 23584 2388 995 191 804 1404 1300 523 143 117 1031 1976 1530 1272 856 436 129 307 58 159 693 464 444 409 229 143 69 127 104 442 407 643 772 281 255 48 1527 96 49 359 334 306 98 54 420 381 329 290 105 115 2207 21196 19011
is_linear=0
shrinkage=0.05


Tree=50
num_leaves=63
num_cat=0
split_feature=23 9 36 7 40 34 35 7 2 2 35 31 40 18 31 31 36 36 8 7 32 40 11 40 40 33 35 40 40 40 11 33 33 40 40 40 2 33 33 40 40 31 31 36 31 31 33 36 29 35 40 40 36 5 33 33 31 35 33 32 11 31
split_gain=454738 55951.5 41548.8 32869.9 19504.9 15491.7 14285.5 13696.4 14907.8 13415.8 13289.8 11064.3 10835 10917.2 14197.5 10382.7 10471.5 9668.75 9344.02 9019.24 8763.85 8682.6 11890.7 9354 12967 8283.79 7639.84 7096.37 8375.11 10683.1 7952.75 7043.37 6986.44 6901.31 8219.62 6681.58 6422.89 6371.24 6287.01 6115.48 16938.1 6068.94 13252.3 6033.12 9121.04 6015.5 6001.08 5957.11 7028.49 5470.16 5373.65 12070.9 5139.19 4737.7 7212.45 8208.75 10699.7 5702.1 5406.52 4628.31 4560.42 4428.28
threshold=1.0000000180025095e-35 1.0000000180025095e-35 227.72500000000002 1.0000000180025095e-35 5.5000000000000009 297.05000000000007 592.85000000000014 1.0000000180025095e-35 1.0000000180025095e-35 1.0000000180025095e-35 1397.9500000000003 221.95000000000002 5.5000000000000009 1.0000000180025095e-35 408.75000000000006 23.350000000000005 432.35000000000008 403.42500000000001 1.0000000180025095e-35 1.0000000180025095e-35 428.85000000000008 4.5000000000000009 1.0000000180025095e-35 1.5000000000000002 2.5000000000000004 1.0000000180025095e-35 1122.0000000000002 5.5000000000000009 4.5000000000000009 1.0000000180025095e-35 1.0000000180025095e-35 265.35000000000008 437.75000000000006 1.5000000000000002 2.5000000000000004 3.5000000000000004 1.0000000180025095e-35 28.550000000000004 357.45000000000005 1.5000000000000002 2.5000000000000004 186.05000000000004 83.65000000000002 302.3633333333334 392.85000000000008 40.000000000000007 385.45000000000005 136.7416666666667 1.0000000180025095e-35 759.00000000000011 5.5000000000000009 4.5000000000000009 166.41000000000003 1.0000000180025095e-35 138.65000000000001 26.450000000000003 58.45000000000001 679.95000000000016 3.5500000000000003 478.05000000000007 1.0000000180025095e-35 40.000000000000007
decision_type=2 2 2 2 2 2 2 2 2 2 2 2 2 2 2 2 2 2 2 2 2 2 2 2 2 2 2 2 2 2 2 2 2 2 2 2 2 2 2 2 2 2 2 2 2 2 2 2 2 2 2 2 2 2 2 2 2 2 2 2 2 2
left_child=1 3 5 27 7 12 -6 8 15 17 11 45 13 14 47 -4 21 33 59 39 38 22 23 32 -25 61 -26 28 29 -1 -29 41 46 -5 -35 -10 -32 -27 -9 -13 -41 42 -7 44 -23 52 -17 -2 53 -31 51 -36 -3 54 55 56 -49 -55 -58 -8 -51 -14
right_child=2 10 4 9 6 31 18 20 35 -11 -12 19 25 -15 -16 16 -18 -19 -20 -21 -22 43 -24 24 26 37 -28 30 -30 49 36 -33 -34 34 50 -37 -38 -39 -40 40 -42 -43 -44 -45 -46 -47 -48 48 -50 60 -52 -53 -54 57 -56 -57 58 -59 -60 -61 -62 -63
leaf_value=-0.15600095090901103 0.027160157272439513 0.011990337772755931 1.6203982852754137 -0.13753563575271216 0.6776324111108597 1.4004344439506531 1.2442634880759191 1.1514939103184678 1.6860262252762916 0.46843956988037488 0.91452444251959353 -0.0062746570829433001 1.0290282404422759 -0.5076272898175298 1.2195999220797891 0.29024766456912943 1.0998303557887223 0.37071065810357418 0.49326994012041792 0.64033945734302211 0.33082710385322572 0.22351890187902548 1.2930362086296083 1.6365434911214944 0.44783480232469297 1.3495893702695245 1.4600418147586642 -0.080264751652978472 -0.17570833127834307 -0.075338593427309156 0.041834862685495883 1.8492202496528627 -0.48161696791648867 0.4892797096982735 0.14907140114651057 0.7978831101788415 0.53146070519814625 0.63604193547224941 2.1704399809241295 1.0683031722145566 0.19777660527342411 1.4256668507819996 -0.32634196114540104 0.45917806192185762 -0.70840581622388632 -0.032289351078946912 1.1961006283760072 1.5077354097366333 -0.39661035999175043 -0.002511027081760066 0.14278849823841774 -0.22834277644753459 0.51273560892038339 0.44559394972664973 0.72892743216378841 -0.35020816021187362 0.20723863579127011 -0.73405998706817632 1.0547700545617513 2.0135043235052201 0.26444142260611642 0.2470456407488329
leaf_weight=4575 244 101 21 531 208 20 284 41 40 209 56 313 20 47 38 213 66 215 41 120 20 97 50 33 166 38 21 6809 4949 5541 706 20 27 109 413 45 74 177 24 59 1056 24 25 121 36 962 20 20 31 755 698 435 104 21 137 43 181 20 21 21 203 191
leaf_count=4575 244 101 21 531 208 20 284 41 40 209 56 313 20 47 38 213 66 215 41 120 20 97 50 33 166 38 21 6809 4949 5541 706 20 27 109 413 45 74 177 24 59 1056 24 25 121 36 962 20 20 31 755 698 435 104 21 137 43 181 20 21 21 203 191
internal_value=-0.00174613 -0.0615788 0.593766 -0.0841583 0.765421 0.386035 1.0051 0.637868 0.583789 0.0842186 0.152091 0.136365 0.339906 0.231773 0.277741 0.522109 0.494975 0.0507733 1.20196 0.224004 1.2461 0.444056 0.559246 0.482809 0.722761 0.543733 0.561505 -0.10277 -0.121635 -0.0974688 -0.062941 1.02304 0.279773 0.0193064 0.0696285 1.21583 0.0882865 0.762157 1.52772 0.189018 0.24384 0.783567 0.441114 0.203698 -0.0287314 0.0201141 0.368003 0.227894 0.331225 -0.0562649 0.0400412 -0.0445314 0.266027 0.382157 0.434376 0.282099 0.404572 -0.129847 0.295348 1.29723 0.0540561 0.321167
internal_weight=31906 28993 2913 26222 1595 1318 554 1041 956 2610 2771 2715 1229 803 756 871 850 2401 346 1548 85 784 530 480 220 426 187 23612 16023 11074 7589 89 260 2186 1655 85 780 215 65 1428 1115 69 45 254 133 1167 233 718 474 6499 1546 848 205 443 402 265 222 41 202 305 958 211
internal_count=31906 28993 2913 26222 1595 1318 554 1041 956 2610 2771 2715 1229 803 756 871 850 2401 346 1548 85 784 530 480 220 426 187 23612 16023 11074 7589 89 260 2186 1655 85 780 215 65 1428 1115 69 45 254 133 1167 233 718 474 6499 1546 848 205 443 402 265 222 41 202 305 958 211
is_linear=0
shrinkage=0.05


Tree=51
num_leaves=63
num_cat=0
split_feature=23 9 36 7 28 21 2 34 7 36 36 2 40 31 40 18 31 36 40 21 33 31 33 40 40 40 40 40 11 40 31 20 33 28 40 40 31 36 31 31 7 31 33 33 36 36 31 37 33 8 31 40 40 36 34 36 21 31 36 33 33 33
split_gain=410401 50496.2 37497.8 29665.1 21254.3 17735.3 18044.3 13981.2 13653.7 12517.9 12239.1 12107.8 10628.7 10338.2 9778.6 9852.77 12813.3 8726.05 8446.39 8278.27 7476.12 6370.67 6356.64 6228.43 7418.21 6019.01 11535.2 7570.23 5838.87 13176.6 6563.65 6442.67 5750.05 5739.33 5524.92 8238.1 5906.1 5801.43 5477.21 11960.2 5421.46 5359.13 6105.41 5276.86 5155.52 5074.77 5238.14 5027.49 4966.66 6350.78 4932.15 4849.72 10894 4714.2 4620.45 4487.68 4876.82 4453.22 4414.54 4342.14 5028.96 4285.69
threshold=1.0000000180025095e-35 1.0000000180025095e-35 227.72500000000002 1.0000000180025095e-35 1.0000000180025095e-35 1.0000000180025095e-35 1.0000000180025095e-35 297.05000000000007 1.0000000180025095e-35 403.42500000000001 299.32916666666671 1.0000000180025095e-35 5.5000000000000009 232.45000000000002 5.5000000000000009 1.0000000180025095e-35 408.75000000000006 403.42500000000001 5.5000000000000009 1.0000000180025095e-35 1.0000000180025095e-35 29.050000000000004 265.35000000000008 1.5000000000000002 2.5000000000000004 4.5000000000000009 1.5000000000000002 3.5000000000000004 1.0000000180025095e-35 3.5000000000000004 472.65000000000003 1.0000000180025095e-35 28.550000000000004 1.0000000180025095e-35 3.5000000000000004 1.5000000000000002 129.75000000000003 153.21000000000004 186.05000000000004 83.65000000000002 1.0000000180025095e-35 263.65000000000003 279.65000000000003 439.35000000000008 206.78750000000005 296.12500000000006 400.75000000000006 2.5000000000000004 283.45000000000005 1.0000000180025095e-35 121.75000000000001 5.5000000000000009 4.5000000000000009 336.48750000000007 4.6500000000000012 317.01666666666671 1.0000000180025095e-35 81.550000000000011 286.95833333333343 152.60000000000002 18.550000000000004 376.2000000000001
decision_type=2 2 2 2 2 2 2 2 2 2 2 2 2 2 2 2 2 2 2 2 2 2 2 2 2 2 2 2 2 2 2 2 2 2 2 2 2 2 2 2 2 2 2 2 2 2 2 2 2 2 2 2 2 2 2 2 2 2 2 2 2 2
left_child=1 3 7 4 -1 6 8 14 9 12 19 17 21 -7 15 16 34 23 25 33 -16 -4 38 -5 -25 26 -6 -28 30 -30 31 43 -22 -3 35 36 -2 54 39 -9 61 42 -10 48 -21 -14 -47 -37 49 -23 -49 52 -26 -8 -36 56 -20 -39 -15 60 -38 -12
right_child=2 10 5 11 18 13 53 22 41 -11 40 -13 45 58 20 -17 -18 -19 55 44 32 28 -24 24 51 -27 27 -29 29 -31 -32 -33 -34 -35 37 47 59 57 -40 -41 -42 -43 -44 -45 -46 46 -48 50 -50 -51 -52 -53 -54 -55 -56 -57 -58 -59 -60 -61 -62 -63
leaf_value=-0.11329061871162947 -0.12775798187806056 -0.014077466896060046 1.2346648534139 -0.1306588544168294 -0.11051824732742731 2.1127503324438024 1.0390244030090698 1.3304127383232118 0.050614582002162935 0.93311350702010487 0.22640335205577169 0.44501759347875725 0.52646958943770594 0.85906541726945607 0.30510885376544999 -0.48224592246907827 1.1586199134588242 0.3521751253014474 0.027828864413728567 0.12479512133244156 1.2821099014658677 0.39241472550912909 1.7567592358589175 0.46481572484614653 0.14161783020862223 -0.16916365795573141 0.38892404419488052 -0.00031541430646127652 1.7907962647351352 0.22037747401524996 -0.3713262528181076 -0.53640281975269322 0.60423983641936951 0.34432813723678474 -0.043480935793370007 0.3145870503742953 0.38622337079817254 0.78182714206702786 1.3543835101028285 -0.31002485418319703 0.79673277835051226 1.3944005022310231 1.2334736874947945 -0.23449029380624947 0.4394820074287899 0.76117445230484015 1.4154812287539245 1.3568054911313636 0.74786804228700621 -0.44622751077016193 0.58092667781920349 0.13564907290898051 -0.2169256379102068 1.7054972225656877 -0.80091482053200402 0.39997421058050048 0.35246279181270052 0.13787228298477003 1.4778999815263401 0.77506850580374398 -0.52558826565742489 0.5707641763715865
leaf_weight=21292 104 1323 21 531 567 27 83 20 20 194 612 209 166 97 211 47 38 215 432 345 38 380 20 109 413 476 284 223 22 34 34 20 177 122 125 74 62 33 24 25 54 73 24 33 209 130 40 33 93 24 54 698 435 39 24 180 158 144 41 45 20 106
leaf_count=21292 104 1323 21 531 567 27 83 20 20 194 612 209 166 97 211 47 38 215 432 345 38 380 20 109 413 476 284 223 22 34 34 20 177 122 125 74 62 33 24 25 54 73 24 33 209 130 40 33 93 24 54 698 435 39 24 180 158 144 41 45 20 106
internal_value=-0.00165883 -0.0584998 0.564078 -0.0799504 -0.0976317 0.72715 0.670515 0.366734 0.616272 0.56564 0.144487 0.0800076 0.494135 1.21798 0.32291 0.220185 0.263854 0.0482346 0.0460797 0.0791844 0.516546 0.377741 0.971888 0.0183411 0.0661471 -0.0211624 0.0444323 0.21772 0.349623 0.837328 0.302857 0.344534 0.724049 0.0161824 0.216499 0.342983 0.151625 0.0644075 0.744389 0.419059 0.31358 1.13168 0.69581 0.377777 0.243513 0.723113 0.915129 0.617541 0.41843 0.342594 0.875226 0.0380392 -0.0423048 1.25208 -0.165484 0.181437 0.114765 0.257932 1.04292 0.380411 0.16383 0.277242
internal_weight=31906 28993 2913 26222 23612 1595 1430 1318 1308 1191 2771 2610 997 165 1229 803 756 2401 2320 1999 426 661 89 2186 1655 1550 1074 507 640 56 584 550 215 1445 718 392 231 326 69 45 772 117 44 530 554 336 170 161 497 404 87 1546 848 122 149 770 590 177 138 127 82 718
internal_count=31906 28993 2913 26222 23612 1595 1430 1318 1308 1191 2771 2610 997 165 1229 803 756 2401 2320 1999 426 661 89 2186 1655 1550 1074 507 640 56 584 550 215 1445 718 392 231 326 69 45 772 117 44 530 554 336 170 161 497 404 87 1546 848 122 149 770 590 177 138 127 82 718
is_linear=0
shrinkage=0.05


Tree=52
num_leaves=63
num_cat=0
split_feature=33 40 32 40 40 40 31 40 40 40 7 34 31 7 34 28 31 32 18 32 5 24 40 36 40 31 40 34 36 28 31 24 34 5 40 31 32 36 31 18 25 29 32 25 6 33 32 8 32 33 4 34 40 40 28 4 6 33 34 4 8 32
split_gain=43518.6 24927.4 22537.9 19676.4 28504.7 19833.7 13836.2 13790.4 14026.6 18048.4 12409.7 10376.6 9139.84 7697.5 7683.15 7571.35 7383.56 7252.85 6229.64 5220.53 5058 5356.64 5099.29 4838.69 5553.54 4521.24 4501.05 4368.52 4307.85 4039.12 4007.71 3935.33 5221.72 3899.09 3781.41 3699.8 3564.23 3554.92 3296.41 3216.54 3573.42 3196.35 3173.79 3138.93 3177.22 3086.72 3045.06 3152.56 2961.15 2902.14 2895.74 2834.41 2800.86 10752.7 3845.36 2831.55 3793.44 2911.76 2829.29 2772.96 2765.67 3552.95
threshold=239.35000000000005 1.0000000180025095e-35 238.15000000000001 3.5000000000000004 5.5000000000000009 4.5000000000000009 332.05000000000007 5.5000000000000009 4.5000000000000009 1.5000000000000002 1.0000000180025095e-35 305.15000000000003 302.05000000000007 1.0000000180025095e-35 467.85000000000008 1.0000000180025095e-35 177.25000000000003 433.05000000000007 1.0000000180025095e-35 322.25000000000006 1.0000000180025095e-35 1.0000000180025095e-35 5.5000000000000009 300.81666666666672 3.5000000000000004 426.45000000000005 2.5000000000000004 150.50000000000003 354.54166666666669 1.0000000180025095e-35 456.45000000000005 1.0000000180025095e-35 277.75000000000006 1.0000000180025095e-35 5.5000000000000009 186.05000000000004 430.85000000000008 87.737500000000011 382.95000000000005 1.0000000180025095e-35 1.0000000180025095e-35 1.0000000180025095e-35 416.95000000000005 1.0000000180025095e-35 1.0000000180025095e-35 311.35000000000008 433.05000000000007 1.0000000180025095e-35 1.0000000180025095e-35 469.35000000000008 1.0000000180025095e-35 169.45000000000002 3.5000000000000004 1.5000000000000002 1.0000000180025095e-35 1.0000000180025095e-35 1.0000000180025095e-35 1.7500000000000002 308.30000000000001 1.0000000180025095e-35 1.0000000180025095e-35 131.45000000000002
decision_type=2 2 2 2 2 2 2 2 2 2 2 2 2 2 2 2 2 2 2 2 2 2 2 2 2 2 2 2 2 2 2 2 2 2 2 2 2 2 2 2 2 2 2 2 2 2 2 2 2 2 2 2 2 2 2 2 2 2 2 2 2 2
left_child=2 -2 6 12 5 25 34 8 9 -4 11 15 31 26 20 59 33 -13 29 27 21 22 39 -15 -25 36 -11 45 -17 43 -21 32 -3 -9 -1 -12 -5 -36 -29 40 52 60 -37 44 46 -14 51 -48 -39 -47 -28 -18 53 -8 55 56 57 -55 -54 -6 61 -24
right_child=1 3 7 4 10 -7 14 16 -10 13 35 17 19 23 -16 28 18 -19 -20 30 -22 -23 41 24 -26 -27 50 38 -30 -31 -32 -33 -34 -35 37 42 -38 48 -40 -41 -42 -43 -44 -45 -46 49 47 -49 -50 -51 -52 -53 58 54 -56 -57 -58 -59 -60 -61 -62 -63
leaf_value=-0.10259434656338993 -0.073088674008799329 0.27223061056920361 -0.052447862535672463 0.12546260505691884 0.14998370583238194 -0.12110763550482298 -0.023519058934289891 0.07777216959969889 -0.12398179626542216 0.34083299115942473 0.36657764003924143 0.44401607316156683 -0.071391904768016601 0.30533849086323883 0.98452793419361118 0.35220422754180619 0.22136507687933282 1.3541308532059193 -0.048089960248519976 0.75729656060264539 -0.14559260048043163 -0.15321915877506487 0.11175143463367121 1.2410018346789811 0.31126226107108185 0.59936971610784529 0.12936428176050144 1.34074648079418 1.0051186622741322 0.49318686262649652 1.5271481887183407 -0.0023925720742254547 0.76375268708216026 -0.24803754318610857 -0.10987794068464446 0.63812547024960331 0.49770105251748309 -0.052711290397303656 0.57351471845592772 -0.16028913035988809 -0.16356382113864226 -0.13120481547346149 1.1792541572025843 -0.0047997960269451148 0.036842482078778133 0.6074122191795821 0.57877412114758042 -0.040195938448111222 0.050610561457026748 -0.053898896773656217 -0.11577948865251264 0.6985505084196727 -0.035626377511423238 0.2783491065550564 0.63981157200677063 -0.11630702697839895 -0.075091366999243445 0.88446579660688129 0.56348287105560313 -0.071571192437664452 -0.092991795018315324 0.35529410627025826
leaf_weight=8917 1190 347 1671 418 769 1193 1060 732 1507 232 97 176 36 142 20 160 546 25 180 73 525 430 1315 36 29 75 948 21 30 170 22 99 64 105 1469 120 76 1894 42 302 271 138 35 125 132 79 144 24 1094 21 138 33 1342 351 56 61 76 21 20 173 140 169
leaf_count=8917 1190 347 1671 418 769 1193 1060 732 1507 232 97 176 36 142 20 160 546 25 180 73 525 430 1315 36 29 75 948 21 30 170 22 99 64 105 1469 120 76 1894 42 302 271 138 35 125 132 79 144 24 1094 21 138 33 1342 351 56 61 76 21 20 173 140 169
internal_value=-0.00157589 0.128655 -0.0277594 0.186491 0.133137 -0.00525541 -0.0550237 0.0500353 0.00176756 0.0610618 0.286984 0.226153 0.4086 0.185439 0.00608874 0.167369 0.153642 0.557214 0.225809 0.630635 0.0029712 0.016531 0.0302463 0.468892 0.826195 0.237647 0.14092 0.48506 0.455296 0.267803 0.935578 0.280603 0.348769 0.0369 -0.0837978 0.608758 0.18273 -0.046192 0.829259 -0.004186 0.010284 0.0998143 0.760316 0.229641 0.26298 0.325615 0.30294 0.49035 -0.0148819 0.468537 0.0982134 0.248562 0.0260566 0.0703827 0.246552 0.203286 0.246802 0.312565 -0.0268289 0.109295 0.119445 0.139486
internal_weight=31906 5341 26565 4151 3347 1762 19671 6894 4703 3196 1585 1333 804 1525 6297 1132 2191 201 1354 294 6277 5752 5322 207 65 569 1318 199 190 1174 95 510 411 837 13374 252 494 4457 63 3560 3258 1762 155 1004 879 136 747 168 2988 100 1086 579 2987 1625 565 509 448 372 1362 942 1624 1484
internal_count=31906 5341 26565 4151 3347 1762 19671 6894 4703 3196 1585 1333 804 1525 6297 1132 2191 201 1354 294 6277 5752 5322 207 65 569 1318 199 190 1174 95 510 411 837 13374 252 494 4457 63 3560 3258 1762 155 1004 879 136 747 168 2988 100 1086 579 2987 1625 565 509 448 372 1362 942 1624 1484
is_linear=0
shrinkage=0.05


Tree=53
num_leaves=63
num_cat=0
split_feature=23 36 7 28 2 13 35 35 31 7 35 36 31 32 32 36 36 31 32 20 33 36 32 32 35 31 32 33 32 35 32 33 35 31 31 32 2 25 36 31 36 31 31 36 33 33 5 5 32 36 33 28 2 32 32 33 7 32 31 33 31 2
split_gain=366058 32846.6 30473.9 22617.5 14637.4 12741.9 13351 11964.6 11952 10538.1 9728.68 8990.36 8698.67 8567.07 8144.06 6689.57 6616.31 5716.2 5650.05 5445.29 6675.39 8185.2 9365.13 13836.9 14839.2 10282.5 5273.02 6209.66 12003.8 6386.09 4924.67 4608.84 4587.23 4570.99 5939.67 4765.46 4470.15 5542.97 5186.04 4403.8 4396.45 5491.94 4145.11 4094.96 4082.36 3914.52 3567.57 3557.55 7344.44 3396.83 3245.75 3107.11 3134.66 3243.65 4516.35 6384.03 4066.22 4880.26 6010.74 4994.34 4222.35 3044.53
threshold=1.0000000180025095e-35 227.72500000000002 1.0000000180025095e-35 1.0000000180025095e-35 1.0000000180025095e-35 1.0000000180025095e-35 949.45000000000016 1140.1000000000001 11.550000000000002 1.0000000180025095e-35 800.35000000000025 428.28333333333336 380.65000000000003 487.75000000000006 222.95000000000002 78.441666666666677 167.7416666666667 263.65000000000003 280.45000000000005 1.0000000180025095e-35 241.55000000000004 276.51666666666671 406.45000000000005 292.45000000000005 517.05000000000007 406.85000000000008 25.450000000000003 420.75000000000006 183.45000000000002 1225.1500000000003 444.35000000000008 279.65000000000003 161.25000000000003 40.000000000000007 179.65000000000001 352.45000000000005 1.0000000180025095e-35 1.0000000180025095e-35 286.95833333333343 288.25000000000006 109.81250000000001 54.150000000000013 138.15000000000001 149.39000000000001 84.950000000000017 109.55000000000001 1.0000000180025095e-35 1.0000000180025095e-35 426.95000000000005 359.52500000000003 328.85000000000008 1.0000000180025095e-35 1.0000000180025095e-35 65.250000000000014 0.95000000000000007 77.350000000000009 1.0000000180025095e-35 139.85000000000005 286.15000000000003 1.0000000180025095e-35 332.05000000000007 1.0000000180025095e-35
decision_type=2 2 2 2 2 2 2 2 2 2 2 2 2 2 2 2 2 2 2 2 2 2 2 2 2 2 2 2 2 2 2 2 2 2 2 2 2 2 2 2 2 2 2 2 2 2 2 2 2 2 2 2 2 2 2 2 2 2 2 2 2 2
left_child=2 5 3 36 8 6 15 12 -3 11 32 13 40 19 -8 -2 44 31 -6 20 21 22 23 24 39 -26 -22 29 -29 -28 61 -11 -5 35 47 43 37 -1 46 -10 -4 -42 -43 -17 -7 -20 -38 48 50 -12 -35 52 53 54 -36 -56 57 58 -55 -60 -59 -14
right_child=1 4 7 10 18 16 14 -9 9 17 49 -13 30 -15 -16 33 -18 -19 45 -21 26 -23 -24 -25 25 -27 27 28 -30 -31 -32 -33 -34 34 51 -37 38 -39 -40 -41 41 42 -44 -45 -46 -47 -48 -49 -50 -51 -52 -53 -54 56 55 -57 -58 60 59 -61 -62 -63
leaf_value=-0.085837781160228069 -0.17855264292586417 1.8247551577431815 -0.19587054123229164 -0.22257472711591386 0.76618502962713442 0.70080000814401888 1.8561431461572646 0.46114444176146119 0.31828116903347631 0.039714515805244446 0.17177839444703544 0.9939793866872787 0.1705790912890458 1.4043549485504627 0.58459507086697748 0.45520931903172185 1.0563429628081362 1.3067650895111447 0.94522409232763138 -0.14557934125264488 1.4448422639266305 0.57138818431018601 -0.5212126092778312 0.94464270674130502 0.10228408512316252 -1.1141836740076543 0.67136799837665073 1.2949475806493025 0.067239323030499856 1.303674409962168 0.79974565937913755 1.0580410798788071 0.034517876436301359 0.15553857711000513 0.18392618892007861 0.053216583654284479 -0.052079030256101382 -0.16994353577608104 0.082223340314531101 1.129274731874466 0.30474600558399517 -0.13940787337742769 0.058259563139994135 1.2096516062532154 -0.02154795051582398 1.6897569366747682 -0.32647698522769208 -0.34945638726154965 1.0373262322467307 0.45103939873817689 -0.42143383049047911 0.8666281687636529 0.84794165348184514 0.39575342673521779 1.2461385740174187 0.29780440909521921 0.79265859241669001 0.14614510943668077 -1.1480959367752075 -0.088036026000976569 0.77464428486568593 0.62367460742592817
leaf_weight=19090 84 21 207 195 48 53 20 213 70 20 622 120 507 28 34 37 87 82 26 30 23 505 36 68 38 32 184 26 85 51 37 25 1574 390 58 28 1449 2183 793 22 186 333 1303 35 31 55 129 36 23 132 26 31 29 26 36 35 26 113 20 25 35 40
leaf_count=19090 84 21 207 195 48 53 20 213 70 20 622 120 507 28 34 37 87 82 26 30 23 505 36 68 38 32 184 26 85 51 37 25 1574 390 58 28 1449 2183 793 22 186 333 1303 35 31 55 129 36 23 132 26 31 29 26 36 35 26 113 20 25 35 40
internal_value=-0.00149709 0.532803 -0.0551795 -0.0720255 0.685427 0.348102 0.288076 0.100804 0.640495 0.623285 0.0702784 0.58137 0.0714306 0.540041 1.05554 0.250159 0.750738 1.05827 1.19604 0.519356 0.536855 0.453151 0.228679 0.346054 0.0947941 -0.453815 0.711746 0.663015 0.354811 0.808592 0.241475 0.605451 0.0061781 0.285849 0.250552 0.606706 -0.0872105 -0.0944686 -0.0220898 0.512214 0.0224874 0.0472954 0.0180253 0.821952 0.434219 1.45077 -0.0745108 0.128381 0.167566 0.220668 0.119478 0.384264 0.347159 0.308328 0.511255 0.77865 0.201481 0.131296 -0.209482 -0.559174 0.294777 0.203712
internal_weight=31906 2913 28993 26167 1595 1318 1147 2826 1466 1445 2523 1318 2613 1198 54 1093 171 127 129 1170 1140 771 266 230 162 70 369 346 111 235 584 45 1769 1009 909 100 23644 21273 2371 92 2029 1822 1636 72 84 81 1578 475 439 754 416 434 403 374 129 71 245 219 71 45 148 547
internal_count=31906 2913 28993 26167 1595 1318 1147 2826 1466 1445 2523 1318 2613 1198 54 1093 171 127 129 1170 1140 771 266 230 162 70 369 346 111 235 584 45 1769 1009 909 100 23644 21273 2371 92 2029 1822 1636 72 84 81 1578 475 439 754 416 434 403 374 129 71 245 219 71 45 148 547
is_linear=0
shrinkage=0.05


Tree=54
num_leaves=63
num_cat=0
split_feature=23 36 28 21 2 35 34 36 13 12 31 2 11 31 36 31 32 36 32 36 36 32 11 31 31 36 35 36 31 38 32 32 35 25 39 36 31 31 11 32 32 36 36 25 29 35 21 35 36 35 32 35 18 31 36 32 32 32 32 32 32 36
split_gain=330367 29644.1 24187.9 15524.3 14533.6 13743.2 11635 11633.4 10907.6 8964.97 8876.3 7422.9 9869.54 6911.18 6676.03 13483 12314.9 6218.85 6016.95 6017.18 6012.93 5872.45 5607.19 5950.67 5380.13 5285.85 5227.75 4825.96 4725.98 4721.23 4620.26 4551.25 4371.16 3930.31 7235.85 8612.21 5935.94 6511.33 3887.88 3882.02 5106.31 3877.97 3868.21 3738.9 3691.82 3860.45 3540.3 3457.32 3344.95 3233.81 3198.1 3581.99 3182.86 3068.64 6703.78 3304.16 4180.83 7306.17 3194.48 2918.68 2854.66 2854.5
threshold=1.0000000180025095e-35 227.72500000000002 1.0000000180025095e-35 1.0000000180025095e-35 1.0000000180025095e-35 800.35000000000025 297.05000000000007 424.12500000000006 1.0000000180025095e-35 1.0000000180025095e-35 232.45000000000002 1.0000000180025095e-35 1.0000000180025095e-35 23.350000000000005 273.71250000000003 410.45000000000005 408.75000000000006 359.52500000000003 159.75000000000003 286.95833333333343 167.7416666666667 257.15000000000003 1.0000000180025095e-35 298.25000000000006 271.65000000000003 130.25833333333335 845.95000000000016 219.77083333333334 238.95000000000002 1.0000000180025095e-35 380.65000000000003 280.45000000000005 137.55000000000004 1.0000000180025095e-35 1.0000000180025095e-35 347.52916666666675 40.000000000000007 125.85000000000001 1.0000000180025095e-35 159.75000000000003 17.550000000000004 336.48750000000007 142.31000000000003 1.0000000180025095e-35 1.0000000180025095e-35 958.55000000000007 1.0000000180025095e-35 902.1500000000002 286.95833333333343 940.45000000000016 81.350000000000009 639.85000000000014 1.0000000180025095e-35 177.25000000000003 245.81250000000003 306.25000000000006 137.85000000000005 7.3500000000000005 174.05000000000004 85.750000000000014 251.15000000000001 285.45833333333337
decision_type=2 2 2 2 2 2 2 2 2 2 2 2 2 2 2 2 2 2 2 2 2 2 2 2 2 2 2 2 2 2 2 2 2 2 2 2 2 2 2 2 2 2 2 2 2 2 2 2 2 2 2 2 2 2 2 2 2 2 2 2 2 2
left_child=2 6 11 4 7 32 8 13 9 25 -5 33 28 -3 15 16 30 -7 -12 21 39 -20 29 -24 42 -2 -8 -28 -13 -16 53 61 -4 34 -1 36 60 -38 -35 40 -10 -33 -11 -30 45 52 -39 -9 -14 -45 -22 -52 -27 54 -15 56 57 -55 -58 -59 -36 -6
right_child=1 3 5 10 31 17 26 47 20 24 18 12 48 14 22 -17 -18 -19 19 -21 50 -23 23 -25 -26 44 27 -29 43 -31 -32 41 -34 38 35 -37 37 46 -40 -41 -42 -43 -44 49 -46 -47 -48 -49 -50 -51 51 -53 -54 55 -56 -57 58 59 -60 -61 -62 -63
leaf_value=-0.083760246050064213 -0.025693556345889674 1.3564410267640716 -0.24600437994034877 1.9394658627333463 1.1349565239179702 0.18918010513188571 0.42845458243344281 0.86884032080048001 0.67528612803329124 0.17005734168613951 1.5615425002190375 -0.089614493023069591 0.20381468198010846 0.59705685866730551 0.56964780155702988 -0.62044049567646453 -0.46428123911221819 0.53459888305163605 -0.22624942235648635 1.2861846037813136 1.3874221468164076 0.78749538278579712 0.32303478446873757 1.3264318028423521 1.1656047698223231 0.2933929693651906 1.5867922496981919 0.59670526564121251 0.027348200899330863 0.20341026289205924 1.1828861832618713 1.047559475236469 0.034612426352975165 -0.15599316910219976 -0.015491166667972537 0.14238740509037492 -0.20469761382566173 -0.063027188717387619 0.085853563432271296 0.81740111939368709 -0.34264472552708219 1.7611615123170794 0.77948648916638419 0.064999573329027657 -0.16650223910808565 0.96329621776938446 0.072979450169342402 1.5291097104549409 0.63895167362164051 0.65471256164752922 0.30793270617723467 1.1912045029076663 -0.098567421655905874 0.30315519968907423 -0.60149415612220769 1.0933821233610312 -0.33130683671860472 1.6290875583887101 0.39181505920631543 0.77488051056861884 0.28169625057824382 0.32867366541986881
leaf_weight=17067 238 23 151 27 21 722 37 114 22 60 31 1115 126 28 641 36 36 159 20 37 31 50 22 45 33 567 32 20 1175 102 24 45 1714 2164 139 754 660 1870 180 31 28 33 46 47 50 20 643 24 68 46 24 22 57 52 20 24 21 20 56 20 193 23
leaf_count=17067 238 23 151 27 21 722 37 114 22 60 31 1115 126 28 641 36 36 159 20 37 31 50 22 45 33 567 32 20 1175 102 24 45 1714 2164 139 754 660 1870 180 31 28 33 46 47 50 20 643 24 68 46 24 22 57 52 20 24 21 20 56 20 193 23
internal_value=-0.00142224 0.506163 -0.0524206 0.651155 0.598168 0.0887721 0.330697 0.549487 0.29072 0.233507 1.11038 -0.0671924 0.0133935 0.498275 0.481067 0.294053 0.403427 0.25152 0.948163 0.770454 0.678536 0.497854 0.558874 0.996958 0.608092 0.177641 0.882745 1.20599 -0.0145255 0.51937 0.521305 1.1201 0.0118922 -0.0759659 -0.0692112 -0.010909 -0.0438863 -0.064934 -0.137421 0.377798 0.105245 1.34947 0.434527 0.0515031 0.247372 0.279505 -0.0282272 0.98367 0.356337 0.356686 0.994896 0.730367 0.257589 0.455421 0.0976606 0.544398 0.466436 0.69395 0.1946 1.20198 0.157271 0.71349
internal_weight=31906 2913 28993 1595 1430 2746 1318 1308 1229 1071 165 26247 2577 1170 1147 337 301 881 138 107 158 70 810 67 139 932 89 52 2383 743 265 122 1865 23670 21326 4259 3505 3173 2344 81 50 78 106 1268 694 644 2513 138 194 93 77 46 624 241 48 193 169 92 77 40 332 44
internal_count=31906 2913 28993 1595 1430 2746 1318 1308 1229 1071 165 26247 2577 1170 1147 337 301 881 138 107 158 70 810 67 139 932 89 52 2383 743 265 122 1865 23670 21326 4259 3505 3173 2344 81 50 78 106 1268 694 644 2513 138 194 93 77 46 624 241 48 193 169 92 77 40 332 44
is_linear=0
shrinkage=0.05


Tree=55
num_leaves=63
num_cat=0
split_feature=23 9 7 36 35 13 31 20 36 8 31 32 34 21 35 32 6 32 35 31 36 36 34 32 32 34 36 31 33 21 9 34 33 33 38 11 34 31 7 6 33 33 36 31 35 36 36 35 34 34 35 35 36 35 38 31 31 35 32 35 34 34
split_gain=268068 42252.1 25225.9 24454.8 12995.1 12819 10718.6 7754.52 7718.58 7500.01 7775.01 7333.3 7289.47 6621.39 6592.58 13378.5 6883.71 5873.35 5811.8 5608.82 5476.89 5406.23 5357.56 5573.93 5352.74 5303.81 9231.02 4953.07 7306.5 5404.96 6599.48 4880.8 4764.48 10299.4 6508.36 4601.92 4593.29 8007.25 4543.76 4516.94 4501.11 4369.33 5899.23 4695.23 4290.96 4237.1 3863.28 3829.5 3715.75 5475.33 3687.13 3567.58 3303.78 3219.01 3905.49 2990.94 4162.12 2990.85 2954.61 2899.76 2867.85 9140.36
threshold=1.0000000180025095e-35 1.0000000180025095e-35 1.0000000180025095e-35 232.25833333333335 853.25000000000011 1.0000000180025095e-35 52.150000000000013 1.0000000180025095e-35 142.31000000000003 1.0000000180025095e-35 388.85000000000008 442.25000000000006 112.60000000000001 1.0000000180025095e-35 578.35000000000025 402.85000000000008 1.0000000180025095e-35 274.55000000000007 909.35000000000014 374.55000000000007 359.52500000000003 325.31250000000006 320.75000000000006 340.25000000000006 105.25000000000001 93.850000000000009 254.11000000000004 27.950000000000003 440.95000000000005 1.0000000180025095e-35 1.0000000180025095e-35 372.90000000000003 168.35000000000005 119.55000000000001 1.0000000180025095e-35 1.0000000180025095e-35 19.850000000000005 298.25000000000006 1.0000000180025095e-35 1.0000000180025095e-35 146.25000000000003 281.25000000000006 305.71666666666675 450.45000000000005 1203.6500000000003 167.7416666666667 313.22500000000008 572.75000000000011 295.2000000000001 148.85000000000005 552.6500000000002 1313.1500000000003 315.18333333333339 149.45000000000002 1.0000000180025095e-35 29.050000000000004 123.85000000000001 1351.1500000000003 217.05000000000004 485.05000000000007 137.00000000000003 29.350000000000005
decision_type=2 2 2 2 2 2 2 2 2 2 2 2 2 2 2 2 2 2 2 2 2 2 2 2 2 2 2 2 2 2 2 2 2 2 2 2 2 2 2 2 2 2 2 2 2 2 2 2 2 2 2 2 2 2 2 2 2 2 2 2 2 2
left_child=1 2 35 5 21 8 -5 9 -2 10 14 19 17 45 15 58 24 -11 -18 51 57 38 25 -24 -16 26 -12 47 29 60 39 -14 33 34 -26 -1 -34 44 53 48 -15 42 43 -28 -38 -7 -37 -10 49 -31 -47 55 -43 -3 -55 -4 -57 -6 59 -8 61 -29
right_child=3 4 11 6 20 13 7 -9 27 12 22 -13 31 40 16 -17 18 -19 -20 -21 -22 -23 23 -25 32 -27 41 28 -30 30 -32 -33 36 -35 -36 46 37 -39 -40 -41 -42 52 -44 -45 -46 50 -48 -49 -50 -51 -52 -53 -54 54 -56 56 -58 -59 -60 -61 -62 -63
leaf_value=-0.091301990390172436 0.043116643040307934 -0.20957835243914175 0.21250126963249999 1.4080153414836296 0.22738112026390717 0.20523851599733708 0.4091726422375519 -0.18956156354961973 1.2019636397008542 -0.64401053889044402 1.5665019728681622 0.34287006784874352 1.2275432731794274 1.7363504482941197 1.4899166493188769 -0.903796582221985 0.81207032524622402 0.25375541180980449 -0.10348437577486039 0.18971463328659743 0.62262331826415496 0.25084012367483227 0.76487588069655688 1.9181933742761612 0.86829779591093692 0.17396613538265229 0.57020918704845291 0.23266061960438794 -0.65442739978432662 0.52383081968753575 1.2925079464912415 0.15954438865184783 0.70678963770761216 1.884647436575456 -0.028410259385903677 -0.053644931885350799 0.27195589725787822 -0.32587680845624872 0.34474495881491091 -0.29692087411880491 0.69994912840425971 1.549874027321736 0.72277826257314248 -0.41380900957367639 1.1012051343917848 1.1792348735034466 0.095781009199268283 0.39903306784954939 1.0615061569213868 -0.26025224689107679 0.4834036208213644 0.67320748534053565 0.80782960683107385 0.063687422007233971 -0.21758955327426865 -0.17300041736641211 0.0241775076088728 0.66447774333258469 0.75927331790860209 -0.20494935824757532 0.53061470265571886 -0.71654767548596421
leaf_weight=21254 350 148 153 39 574 59 227 33 27 29 34 243 23 22 21 20 26 49 52 573 123 350 22 20 129 40 27 418 20 155 24 20 153 22 24 1814 39 36 110 20 20 24 282 22 26 32 568 33 25 26 47 20 40 1244 137 343 1218 42 56 21 65 27
leaf_count=21254 350 148 153 39 574 59 227 33 27 29 34 243 23 22 21 20 26 49 52 573 123 350 22 20 129 40 27 418 20 155 24 20 153 22 24 1814 39 36 110 20 20 24 282 22 26 32 568 33 25 26 47 20 40 1244 137 343 1218 42 56 21 65 27
internal_value=-0.00213648 -0.0482883 -0.067797 0.453924 0.138975 0.299875 0.589559 0.568518 0.240391 0.585375 0.618866 0.0816117 0.208116 0.693129 0.526383 0.348832 0.635334 -0.0800294 0.201701 0.0540929 0.318007 0.0724564 0.773065 1.31407 0.710498 0.724617 0.775959 0.322589 0.288915 0.313739 0.504187 0.7308 0.672344 0.87309 0.727638 -0.0839161 0.534035 0.272337 0.0343635 0.420471 1.24283 0.707913 0.634789 0.128405 0.603656 0.52583 -0.0180136 0.760352 0.490121 0.4112 0.765259 0.00927676 1.0861 0.0120339 0.0357838 0.00152961 -0.0191486 0.257183 0.431242 0.35717 0.220383 0.175068
internal_weight=31840 28914 26186 2926 2728 1370 1556 1517 1190 1484 1363 2550 121 180 852 324 528 78 78 2307 739 1989 511 42 450 469 429 840 780 760 250 43 429 175 153 23636 254 101 1639 226 42 395 331 49 65 138 2382 60 206 181 79 1734 64 1529 1381 1714 1561 616 304 248 510 445
internal_count=31840 28914 26186 2926 2728 1370 1556 1517 1190 1484 1363 2550 121 180 852 324 528 78 78 2307 739 1989 511 42 450 469 429 840 780 760 250 43 429 175 153 23636 254 101 1639 226 42 395 331 49 65 138 2382 60 206 181 79 1734 64 1529 1381 1714 1561 616 304 248 510 445
is_linear=0
shrinkage=0.05


Tree=56
num_leaves=63
num_cat=0
split_feature=23 7 36 28 13 13 35 40 40 40 21 36 40 40 40 34 34 40 2 40 33 31 35 40 40 40 21 35 40 40 40 35 33 31 32 36 31 24 34 33 33 35 31 33 2 31 40 33 40 33 35 35 36 36 32 29 32 35 35 36 36 34
split_gain=241931 28043.6 22070.5 18918.6 11569.1 10103.8 9538.63 9479.16 12290.2 15224.2 8481.85 8782.35 7727.21 11241.1 9209.69 8980.16 8932.27 7634.12 7101.53 6911.41 6733.97 6242.7 6147.43 6005.96 10738.2 7120.69 5975.8 5411.29 5213.45 5363.88 11508.7 5488.85 5072.48 4929.85 4913.77 7125.38 4680.96 5567.37 6873.76 4784.89 9955.07 9049.29 4646.46 7995.81 4576.47 4528.63 4170.29 4075.86 4073.14 4021.68 3999.88 3995.21 3888.48 3823.98 3795.02 3346.57 3344.55 3327.64 3221.53 3197.86 6914.18 5920.95
threshold=1.0000000180025095e-35 1.0000000180025095e-35 232.25833333333335 1.0000000180025095e-35 1.0000000180025095e-35 1.0000000180025095e-35 466.75000000000006 5.5000000000000009 4.5000000000000009 1.5000000000000002 1.0000000180025095e-35 424.12500000000006 5.5000000000000009 4.5000000000000009 1.5000000000000002 76.250000000000014 3.8500000000000001 5.5000000000000009 1.0000000180025095e-35 2.5000000000000004 324.85000000000008 162.95000000000002 1155.7500000000002 4.5000000000000009 1.5000000000000002 3.5000000000000004 1.0000000180025095e-35 902.1500000000002 1.0000000180025095e-35 4.5000000000000009 5.5000000000000009 777.00000000000011 3.9500000000000006 27.950000000000003 270.75000000000006 246.95833333333337 486.35000000000008 1.0000000180025095e-35 345.80000000000001 474.55000000000007 446.85000000000008 1313.1500000000003 248.95000000000002 217.75000000000003 1.0000000180025095e-35 140.35000000000005 3.5000000000000004 127.75000000000001 3.5000000000000004 226.45000000000002 415.05000000000007 902.1500000000002 281.01000000000005 167.7416666666667 300.25000000000006 1.0000000180025095e-35 346.35000000000008 552.6500000000002 598.1500000000002 271.14166666666677 263.94166666666672 162.50000000000003
decision_type=2 2 2 2 2 2 2 2 2 2 2 2 2 2 2 2 2 2 2 2 2 2 2 2 2 2 2 2 2 2 2 2 2 2 2 2 2 2 2 2 2 2 2 2 2 2 2 2 2 2 2 2 2 2 2 2 2 2 2 2 2 2
left_child=1 3 4 28 12 10 -3 8 9 -8 11 18 13 14 20 46 33 23 36 -11 56 -12 55 24 -5 52 53 -19 -1 31 -31 -30 50 -14 -23 -36 37 39 -39 40 41 59 43 -18 -32 54 58 -28 -20 -17 -15 -13 -26 -6 -34 -9 -2 -55 -16 60 61 -4
right_child=2 6 5 17 26 -7 7 22 -10 19 21 51 16 32 15 49 42 27 48 -21 -22 34 -24 -25 25 -27 47 -29 29 30 44 -33 45 -35 35 -37 -38 38 -40 -41 -42 -43 -44 -45 -46 -47 -48 -49 -50 -51 -52 -53 -54 57 -56 -57 -58 -59 -60 -61 -62 -63
leaf_value=-0.12382895037261366 0.048977853639705762 -0.018579384146959081 0.51435416265052147 -0.080379792581002224 0.19497659453901195 1.4000011423443046 -0.0055334046564210169 0.33375857228143402 -0.14476032813583486 0.80742023017969022 1.71567923784256 0.75998765209079844 0.92947365056585385 -0.047166094145735034 0.36183206972179066 0.68398400052930375 0.034071696201960246 0.12638891877710057 1.303121558795957 0.31109198679003774 -0.74885195341706279 1.1502446377220064 0.80451559914992421 -0.13550083125927681 0.235491220948889 0.017190374289906673 1.6732400029897692 0.4423376071355527 -0.046208179582090551 -0.14218806184805222 -0.05744362936506852 0.085328470675584508 -0.38796392886175052 0.2225704035091034 -0.29185381710529329 0.79139396444199583 -0.17376570273190739 0.30669734392202264 -0.73189503124782018 1.0844545648943995 -0.37451989803995406 1.2731555887631008 1.3614008830736082 1.232047130740606 0.072016866121266884 -0.10218771732363262 0.093102254774605264 0.68812940308735493 0.63606447126184196 1.5691082358360291 0.69084189236164095 1.4829342951269255 0.58539318132859008 1.1202731400728225 -1.2469869163632392 -0.080565798621286044 0.68830180116321737 0.45923343820774809 0.90736477993842635 0.50986770881879462 -0.32184326468329683 -0.32282568886876106
leaf_weight=4576 185 990 176 600 59 35 436 428 366 89 20 113 27 91 109 33 30 701 34 331 25 52 65 524 204 246 21 168 5526 5008 6786 926 36 285 20 63 32 66 21 31 35 35 30 26 759 76 114 21 70 21 23 23 130 32 20 55 23 47 36 668 38 24
leaf_count=4576 185 990 176 600 59 35 436 428 366 89 20 113 27 91 109 33 30 701 34 331 25 52 65 524 204 246 21 168 5526 5008 6786 926 36 285 20 63 32 66 21 31 35 35 30 26 759 76 114 21 70 21 23 23 130 32 20 55 23 47 36 668 38 24
internal_value=-0.00202965 -0.0458739 0.431228 -0.0618701 0.284881 0.560081 0.105708 0.175225 0.097739 0.201424 0.540753 0.50098 0.228371 0.138051 0.26449 0.441665 0.408105 0.0668679 0.458823 0.416266 0.026483 0.891271 0.348013 0.00536376 0.0679172 0.221328 0.658473 0.18747 -0.0759172 -0.064381 -0.0834246 -0.0273299 -0.142583 0.283745 0.769137 0.53037 0.422311 0.439747 0.0560026 0.4729 0.453476 0.484273 0.859272 0.590275 -0.0444204 -0.353581 0.319376 1.18068 0.854141 1.0282 0.10173 0.882251 0.371681 0.499539 -0.694758 0.286579 0.119672 0.726996 0.497275 0.453797 0.296422 0.413893
internal_weight=31840 28914 2926 26154 1370 1556 2760 1770 1222 856 1521 1366 1190 792 546 313 398 2573 1230 420 233 155 548 1704 1180 580 180 869 23581 19005 12553 6452 246 312 135 83 1126 1094 87 1007 976 941 86 56 7545 132 259 42 104 54 114 136 334 138 56 483 208 79 145 906 238 200
internal_count=31840 28914 2926 26154 1370 1556 2760 1770 1222 856 1521 1366 1190 792 546 313 398 2573 1230 420 233 155 548 1704 1180 580 180 869 23581 19005 12553 6452 246 312 135 83 1126 1094 87 1007 976 941 86 56 7545 132 259 42 104 54 114 136 334 138 56 483 208 79 145 906 238 200
is_linear=0
shrinkage=0.05


Tree=57
num_leaves=63
num_cat=0
split_feature=23 9 7 36 28 35 13 13 20 40 40 40 34 34 21 36 40 40 40 40 40 12 35 9 11 31 40 31 40 40 40 10 21 40 40 40 32 36 40 40 31 31 34 31 7 40 32 36 32 32 31 31 35 35 35 31 36 35 31 40 31 35
split_gain=218343 37954.6 20501.1 19918.6 13913.6 11307 10441.1 9118.67 7790.82 6973.8 10145.1 8311.75 8104.6 8061.38 6972.24 7079.05 6815.94 6719.51 7782.91 12008.6 6965.13 6228.58 6141.63 6139.61 6050.24 5574.69 5393.61 7434.03 6487.64 13801.4 9079.78 5691.7 5393.16 5341.62 10335.1 5177.11 5160.3 4897.48 4825.02 6059.37 4449.19 4193.43 4148.79 3928.22 3867.17 3763.69 3752.57 3743.03 4624.48 3760.43 4186.88 3694.27 6480.11 3686.44 3667.08 4598.89 3656.13 3631.3 3601.09 3560.47 3514.62 3499.25
threshold=1.0000000180025095e-35 1.0000000180025095e-35 1.0000000180025095e-35 232.25833333333335 1.0000000180025095e-35 853.25000000000011 1.0000000180025095e-35 1.0000000180025095e-35 1.0000000180025095e-35 5.5000000000000009 4.5000000000000009 1.5000000000000002 76.250000000000014 3.8500000000000001 1.0000000180025095e-35 424.12500000000006 5.5000000000000009 5.5000000000000009 4.5000000000000009 1.5000000000000002 2.5000000000000004 1.0000000180025095e-35 1055.7500000000002 1.0000000180025095e-35 1.0000000180025095e-35 162.95000000000002 5.5000000000000009 442.85000000000008 3.5000000000000004 1.5000000000000002 2.5000000000000004 1.0000000180025095e-35 1.0000000180025095e-35 4.5000000000000009 1.5000000000000002 5.5000000000000009 181.65000000000001 325.31250000000006 5.5000000000000009 4.5000000000000009 27.950000000000003 248.95000000000002 19.850000000000005 466.85000000000008 1.0000000180025095e-35 3.5000000000000004 464.85000000000008 213.91250000000005 308.35000000000008 219.35000000000005 314.25000000000006 472.65000000000003 967.45000000000016 902.1500000000002 1170.4500000000003 170.95000000000002 397.11250000000013 458.85000000000008 394.65000000000003 4.5000000000000009 136.05000000000004 501.65000000000003
decision_type=2 2 2 2 2 2 2 2 2 2 2 2 2 2 2 2 2 2 2 2 2 2 2 2 2 2 2 2 2 2 2 2 2 2 2 2 2 2 2 2 2 2 2 2 2 2 2 2 2 2 2 2 2 2 2 2 2 2 2 2 2 2
left_child=1 2 4 6 -1 37 9 8 14 10 11 47 45 40 15 21 33 18 19 -4 -21 23 -19 26 35 -16 28 31 29 54 -31 -28 -8 34 -7 56 -27 44 39 58 -11 -15 -23 -37 -3 -13 51 48 49 50 -2 52 -30 -17 55 -5 -6 -22 -38 -54 61 -12
right_child=3 5 17 7 24 16 32 -9 -10 13 60 12 -14 41 25 53 -18 22 -20 20 57 42 -24 -25 -26 36 27 -29 46 30 -32 -33 -34 -35 -36 43 38 -39 -40 -41 -42 -43 -44 -45 -46 -47 -48 -49 -50 -51 -52 -53 59 -55 -56 -57 -58 -59 -60 -61 -62 -63
leaf_value=-0.089426112868952745 -0.0067302418230962349 0.015000071086962828 -0.072040839186294656 0.96015910704930629 -0.066287788656533814 0.047540563711571317 0.4745616953550042 1.3300010863372258 -0.25819902643561365 0.88299996635566158 -0.13789607310831986 0.47241094055360766 0.97678903126054351 0.56076084689370231 1.6298952835798266 0.72198828121202185 0.53041405493559113 0.14410014592878823 -0.14515254692890897 0.55855931584339813 -0.033209790795292023 1.5423756886983204 0.59524923891183878 0.79704988522189002 0.30956112941106162 1.3798497514724732 0.54736900194867022 1.2825488693080844 0.37759637403079371 1.5196275377884891 0.60150409357986234 -0.21140618633340905 1.1216504701546259 -0.050652339415106933 0.5807874899932316 0.090992480800541731 0.25898826370636624 0.24163959820325753 1.1181905623277029 -0.30839810267738677 0.21144188507116943 1.2933308289448422 0.5974812672688411 0.54183200081953642 0.32194172340360555 0.08844714513734768 -0.50520734578371052 -0.51709387701536924 0.67278778329491618 -0.4798945266188997 0.73019264651381455 -0.4572089470922947 0.28305534403771165 1.4294287134300578 -0.3002622485160828 0.2238017972272176 0.19914978881753695 0.25658008892337486 1.08342333481862 -0.43206947899383047 0.02899467899863209 -0.73694755356562769
leaf_weight=21260 119 1529 601 24 1309 189 138 35 32 27 68 145 54 56 20 113 225 740 520 136 169 21 84 105 189 25 292 32 226 39 87 27 42 150 175 682 27 350 30 23 285 30 26 52 110 114 20 28 30 33 23 20 28 22 28 182 144 300 26 46 140 38
leaf_count=21260 119 1529 601 24 1309 189 138 35 32 27 68 145 54 56 20 113 225 740 520 136 169 21 84 105 189 25 292 32 226 39 87 27 42 150 175 682 27 350 30 23 285 30 26 52 110 114 20 28 30 33 23 20 28 22 28 182 144 300 26 46 140 38
internal_value=-0.00192817 -0.0435802 -0.0620701 0.409667 -0.0766015 0.133904 0.270637 0.532077 0.513716 0.216953 0.131148 0.251266 0.419582 0.3877 0.530305 0.493958 0.300904 0.0726215 0.016541 0.0862596 0.243513 0.455431 0.190091 0.432491 0.0381507 0.852374 0.396069 0.556027 0.315862 0.463791 0.885685 0.483147 0.625549 0.200438 0.303909 0.0146955 0.733668 0.0718565 0.581267 0.369323 0.269557 0.816309 1.01967 0.122932 0.0356002 0.303408 0.159232 0.0251589 0.0992227 0.000897216 0.112631 0.200759 0.244624 0.837275 0.236617 0.309591 -0.0399815 0.152157 0.663428 -0.161482 -0.135454 -0.35265
internal_weight=31840 28914 26186 2926 23636 2728 1370 1556 1521 1190 792 546 313 398 1489 1338 739 2550 1726 1206 605 1203 824 1156 2376 151 1051 351 700 360 126 319 180 514 364 2187 131 1989 106 76 312 86 47 734 1639 259 340 233 205 175 142 320 300 135 234 206 1453 469 53 74 246 106
internal_count=31840 28914 26186 2926 23636 2728 1370 1556 1521 1190 792 546 313 398 1489 1338 739 2550 1726 1206 605 1203 824 1156 2376 151 1051 351 700 360 126 319 180 514 364 2187 131 1989 106 76 312 86 47 734 1639 259 340 233 205 175 142 320 300 135 234 206 1453 469 53 74 246 106
is_linear=0
shrinkage=0.05


Tree=58
num_leaves=63
num_cat=0
split_feature=23 9 36 7 28 13 36 7 36 2 21 33 36 20 31 33 2 34 36 21 33 36 36 33 24 11 36 35 28 36 32 34 7 31 8 28 13 36 35 31 21 31 34 34 32 21 35 9 33 32 32 31 2 33 11 12 34 32 36 12 31 36
split_gain=197054 34254 18570.4 18502.2 12557 10636.3 10515.1 10377.3 9723.2 8015.47 7228.23 6984.81 6948.8 6788.09 6516.93 11760.5 6189.35 6006.35 5912.43 5879.91 5704.46 8816.8 7862.98 6193.77 5774.34 5460.34 4831.27 4758.69 4562.64 4558.86 4905.03 4504.19 4452.72 4391.57 5285.98 4255.91 4244.8 4234.62 4189.34 4008.5 3818.43 3807.14 3744.48 3664.75 3774.45 3450.06 3387.24 3374.21 4760.92 4089.3 18201 6743.13 3354.37 3957.36 3272.05 3247.61 3238.31 3221.6 3023.85 2947.72 2879.23 5335.71
threshold=1.0000000180025095e-35 1.0000000180025095e-35 155.98750000000004 1.0000000180025095e-35 1.0000000180025095e-35 1.0000000180025095e-35 300.81666666666672 1.0000000180025095e-35 245.81250000000003 1.0000000180025095e-35 1.0000000180025095e-35 353.65000000000003 244.65833333333336 1.0000000180025095e-35 27.950000000000003 449.00000000000006 1.0000000180025095e-35 130.55000000000004 359.52500000000003 1.0000000180025095e-35 423.05000000000007 317.01666666666671 359.52500000000003 281.25000000000006 1.0000000180025095e-35 1.0000000180025095e-35 317.01666666666671 1531.0000000000002 1.0000000180025095e-35 325.31250000000006 410.95000000000005 331.45000000000005 1.0000000180025095e-35 440.85000000000008 1.0000000180025095e-35 1.0000000180025095e-35 1.0000000180025095e-35 206.78750000000005 572.75000000000011 476.65000000000003 1.0000000180025095e-35 221.95000000000002 106.25000000000001 29.350000000000005 154.35000000000005 1.0000000180025095e-35 428.85000000000008 1.0000000180025095e-35 245.75000000000003 436.65000000000003 396.45000000000005 154.75000000000003 1.0000000180025095e-35 159.55000000000004 1.0000000180025095e-35 1.0000000180025095e-35 19.850000000000005 394.35000000000008 130.25833333333335 1.0000000180025095e-35 482.95000000000005 440.65000000000003
decision_type=2 2 2 2 2 2 2 2 2 2 2 2 2 2 2 2 2 2 2 2 2 2 2 2 2 2 2 2 2 2 2 2 2 2 2 2 2 2 2 2 2 2 2 2 2 2 2 2 2 2 2 2 2 2 2 2 2 2 2 2 2 2
left_child=1 3 42 4 -1 7 19 8 14 18 13 29 56 16 38 39 20 -18 36 32 23 -22 -23 24 33 26 57 46 54 30 -9 -25 35 34 -10 55 40 -21 -4 47 59 -42 43 44 -2 -44 -8 49 -49 50 52 -51 -16 -54 -20 -3 -7 -6 -38 -5 -35 -62
right_child=2 6 5 9 25 12 27 11 10 -11 -12 -13 -14 -15 15 -17 17 -19 28 37 21 22 -24 31 -26 -27 -28 -29 -30 -31 -32 -33 -34 60 -36 -37 58 -39 -40 -41 41 -43 45 -45 -46 -47 -48 48 -50 51 -52 -53 53 -55 -56 -57 -58 -59 -60 -61 61 -63
leaf_value=-0.084954807160747853 0.026836499010519477 -0.069614452637265942 1.1874627222274912 -0.084561177009465138 -0.052225813707399718 0.90571899777530018 0.064889581221519263 0.64722522234854596 0.41325198632121973 0.35965488122964989 0.88885296729146224 1.2892840642101913 1.6481900438666344 -0.35709462761878968 0.17928199440827963 -0.95174354683785212 1.1449550514419875 0.25808089205196927 0.14265943492473726 0.10266284259052194 0.73677039454060222 -0.85722791715975744 0.27827151397864025 0.62126388605189531 -0.154833252069562 0.29408307135617612 0.14635119511331973 1.0284195249988919 0.90965775717859687 1.2966515058279038 -0.12696625911272491 1.3104660816987357 0.30119374577652636 0.81447049513593461 -0.26728197654088337 0.29028341134764113 -0.10574601931231363 0.3940455147593292 0.35773858209140602 0.8705481843948365 -0.037666734515918066 0.24942144190685617 0.0052310930192470554 -0.49232844511667895 0.37268778435813577 0.84236550480127337 0.32290062200671432 0.26934039082792072 1.1668416687372056 1.329946975708008 -1.1905404485762119 0.031569955348968504 1.1086767218329692 0.18027739181610136 0.80206195294857041 0.18898201728389211 0.34270345278275322 0.17015420122407987 0.35020622610517432 0.16121267682379659 -0.17395765632390978 0.89176837257716979
leaf_weight=21260 337 1067 29 1185 1480 74 164 96 584 217 98 49 24 26 533 21 60 28 317 349 31 31 30 113 43 189 524 21 23 20 26 30 123 111 30 106 49 194 32 25 228 234 20 27 103 32 567 45 22 20 24 20 22 24 20 137 39 183 141 136 24 23
leaf_count=21260 337 1067 29 1185 1480 74 164 96 584 217 98 49 24 26 533 21 60 28 317 349 31 31 30 113 43 189 524 21 23 20 26 30 123 111 30 106 49 194 32 25 228 234 20 27 103 32 567 45 22 20 24 20 22 24 20 137 39 183 141 136 24 23
internal_value=-0.00183176 -0.0414012 0.389183 -0.0589666 -0.0727714 0.447674 0.127209 0.421853 0.38945 0.0689904 0.476452 0.774557 0.875512 0.441731 0.25506 0.214947 0.459982 0.862768 0.0419548 0.0666513 0.426224 0.0501518 -0.298786 0.46234 0.409086 0.0362432 0.0139607 0.286334 0.228296 0.59694 0.482234 0.765852 0.0135581 0.440496 0.380001 -0.0134489 0.00795441 0.206766 0.752198 0.248281 -0.0159862 0.107742 0.117916 0.0731004 0.107797 0.520391 0.265016 0.22637 0.564042 0.191185 0.15871 0.680758 0.214637 0.624294 0.181793 -0.0401894 0.711404 -0.0277547 0.232619 -0.0592582 0.675582 0.347568
internal_weight=31840 28914 2926 26186 23636 2407 2728 2270 2079 2550 1262 191 137 1164 817 756 1138 88 2333 1976 1050 92 61 958 815 2376 2187 752 360 142 122 143 1433 772 614 1310 1973 543 61 735 1783 462 519 467 440 52 731 710 67 643 603 40 579 46 337 1204 113 1663 190 1321 158 47
internal_count=31840 28914 2926 26186 23636 2407 2728 2270 2079 2550 1262 191 137 1164 817 756 1138 88 2333 1976 1050 92 61 958 815 2376 2187 752 360 142 122 143 1433 772 614 1310 1973 543 61 735 1783 462 519 467 440 52 731 710 67 643 603 40 579 46 337 1204 113 1663 190 1321 158 47
is_linear=0
shrinkage=0.05


Tree=59
num_leaves=63
num_cat=0
split_feature=23 9 36 7 28 13 40 40 40 40 35 36 35 40 37 31 31 36 36 9 31 40 40 40 40 40 40 40 40 40 31 35 40 40 37 31 36 31 7 31 6 28 31 38 31 36 31 36 31 36 40 36 31 40 36 37 31 36 31 24 13 24
split_gain=177842 30914.2 16759.8 16698.2 11332.7 9599.24 10280.2 14906.8 13927.1 18338.9 12855.1 9489.87 7371.83 7139.05 6928.72 6619.56 7998.48 6271.3 6252.47 5843.85 5616.5 5443.37 5286.95 10307.3 5173.79 4898.45 8416.09 4721.64 8285.55 5374.75 4707.93 4408.24 4356.37 6662.46 4528.68 4354.94 4150.45 4127.46 3939.26 4394.48 5047.25 3902.73 3870.05 5559.2 3832.3 3772.51 3729.33 3937.48 4433.63 3711.51 3648.93 4479.12 5175.56 4044.92 3637.23 3607.52 3399.27 4541.52 3282.74 3134.96 3097.52 3060.82
threshold=1.0000000180025095e-35 1.0000000180025095e-35 155.98750000000004 1.0000000180025095e-35 1.0000000180025095e-35 1.0000000180025095e-35 5.5000000000000009 4.5000000000000009 1.5000000000000002 2.5000000000000004 741.05000000000007 300.81666666666672 1110.2000000000003 3.5000000000000004 3.5000000000000004 60.550000000000004 328.15000000000003 244.65833333333336 303.91666666666674 1.0000000180025095e-35 428.45000000000005 5.5000000000000009 1.5000000000000002 2.5000000000000004 1.0000000180025095e-35 5.5000000000000009 4.5000000000000009 4.5000000000000009 1.5000000000000002 3.5000000000000004 224.05000000000004 1351.1500000000003 3.5000000000000004 5.5000000000000009 4.5000000000000009 466.85000000000008 213.91250000000005 121.75000000000001 1.0000000180025095e-35 448.25000000000006 1.0000000180025095e-35 1.0000000180025095e-35 347.85000000000008 1.0000000180025095e-35 481.05000000000007 208.11250000000004 177.25000000000003 218.61250000000004 115.25000000000001 245.81250000000003 5.5000000000000009 89.916666666666671 58.45000000000001 4.5000000000000009 262.54166666666674 2.5000000000000004 136.05000000000004 118.31250000000001 414.45000000000005 1.0000000180025095e-35 1.0000000180025095e-35 1.0000000180025095e-35
decision_type=2 2 2 2 2 2 2 2 2 2 2 2 2 2 2 2 2 2 2 2 2 2 2 2 2 2 2 2 2 2 2 2 2 2 2 2 2 2 2 2 2 2 2 2 2 2 2 2 2 2 2 2 2 2 2 2 2 2 2 2 2 2
left_child=1 3 50 4 -1 6 7 8 38 10 54 22 13 37 36 -8 19 -7 24 46 42 27 -3 30 -5 26 -25 28 -6 -30 -24 -13 34 -34 59 -23 -9 -11 39 40 61 -20 43 45 -18 -16 47 48 -17 -49 53 -52 -53 -2 -10 -41 57 -55 -14 -26 -27 -4
right_child=2 11 5 18 21 17 15 14 9 12 -12 31 58 -15 20 16 44 -19 41 -21 -22 35 23 25 32 60 -28 -29 29 -31 -32 -33 33 -35 -36 -37 -38 -39 -40 55 -42 -43 -44 -45 -46 -47 -48 49 -50 -51 51 52 -54 56 -56 -57 -58 -59 -60 -61 -62 -63
leaf_value=-0.080707066870893684 0.13189474918350144 -0.086642855216047962 0.23268459428899277 -0.15715122535694448 -0.096119725631047578 0.67583370599071546 1.2127494492464597 -0.11462420433138808 0.37153767655635705 1.2921864146278019 1.9518312195021856 0.23415706156392713 0.72466577839416768 0.20452332426880107 -0.49397264266014096 0.95635878443717959 0.65097537634740132 1.5657805671294531 0.16090757095174879 0.90289216744511025 -0.92990558919581501 0.10845753808574017 0.35782694924695818 0.16027123690014067 0.21554011903262893 0.14523563498843003 -0.16334920623305724 -0.14864776887125564 0.3167714383946274 -0.0045517054004881874 1.1391414669252211 0.65909848420032813 -0.10639589221309401 0.13163290706616515 0.87526259769996018 0.56199799085918234 0.31526348832267681 0.54465291383219705 0.73733542537367025 0.12276696968078614 -0.4336066911050252 0.61164878672705258 0.52231885324353755 -0.86076496855045359 1.2451920187473298 0.25343734713701099 0.41270694675215758 -0.78007624804973608 0.036635878721350122 0.073765750612531392 -0.13486340374431827 1.1675969419025241 0.3090739260123016 -0.14368014123607825 1.1779715595421967 0.89612907484958049 0.17331303406287643 -0.97777935910224922 1.5236094808578491 -0.29841954891541689 0.52556248866653044 -0.36324940200733102
leaf_weight=21260 241 453 341 343 558 113 36 72 29 21 38 685 36 216 25 20 284 24 628 46 22 741 51 393 294 578 411 488 305 227 31 67 593 583 24 57 255 153 37 25 35 52 23 24 30 52 249 20 38 35 44 21 107 47 27 38 34 25 20 33 59 23
leaf_count=21260 241 453 341 343 558 113 36 72 29 21 38 685 36 216 25 20 284 24 628 46 22 741 51 393 294 578 411 488 305 227 31 67 593 583 24 57 255 153 37 25 35 52 23 24 30 52 249 20 38 35 44 21 107 47 27 38 34 25 20 33 59 23
internal_value=-0.00174017 -0.0393311 0.369724 -0.0560183 -0.0691329 0.425291 0.400761 0.325422 0.43135 0.607323 1.24202 0.120849 0.473554 0.396525 0.0927394 0.55104 0.518046 0.831737 0.0655409 0.372051 -0.193654 0.034431 0.0633187 0.107923 0.0183281 0.0768941 -0.0051616 -0.0193871 0.0384837 0.179666 0.653202 0.272018 0.0577449 0.0116065 0.212328 0.140853 0.220609 0.634872 0.240918 0.201161 0.139886 0.195376 -0.063029 -0.196326 0.707748 0.0107718 0.304596 0.0663683 0.353782 -0.236722 0.11202 0.300328 0.449925 0.0186796 0.760354 0.589239 -0.238725 -0.433298 1.01 0.163673 0.180462 0.195029
internal_weight=31840 28914 2926 26186 23636 2407 2270 1512 1039 540 94 2728 446 390 473 758 722 137 2550 408 146 2376 1976 1523 1870 1441 804 1578 1090 532 82 752 1527 1176 351 798 327 174 499 462 399 680 124 101 314 77 362 113 58 55 519 172 128 347 56 63 106 72 56 327 637 364
internal_count=31840 28914 2926 26186 23636 2407 2270 1512 1039 540 94 2728 446 390 473 758 722 137 2550 408 146 2376 1976 1523 1870 1441 804 1578 1090 532 82 752 1527 1176 351 798 327 174 499 462 399 680 124 101 314 77 362 113 58 55 519 172 128 347 56 63 106 72 56 327 637 364
is_linear=0
shrinkage=0.05


Tree=60
num_leaves=63
num_cat=0
split_feature=23 9 35 28 31 33 31 33 15 32 12 39 31 33 5 40 40 40 2 32 31 40 40 11 32 40 40 32 31 4 33 2 11 33 35 31 21 40 32 32 32 32 32 32 32 9 32 33 33 31 31 35 40 32 40 35 35 32 40 40 8 10
split_gain=160763 28078.3 17173.3 13713.6 8296.13 10345.1 9136.3 8280.44 8177.26 8042.34 7817.33 7787.75 7057.86 8558.73 5894.9 5466.23 10959.6 8958.96 5261.88 5766.85 5769.82 5209.76 19959.3 8635.45 5814.32 6478.47 9070.42 5140.45 5052.88 4962.32 4854.68 4635.36 6738.86 4631.45 4603.92 4574.58 4549.29 4162.67 5658.43 4321.59 6103.82 7596.42 7512.33 5862.51 4215.48 3961.43 5022.02 3865.95 3830.91 3713.58 4556.82 3655.97 3564.99 3529.23 3425.74 3389.96 3242.62 3242.08 3238.33 5276.79 3174.06 3234.35
threshold=1.0000000180025095e-35 1.0000000180025095e-35 812.6500000000002 1.0000000180025095e-35 267.75000000000006 51.750000000000007 27.950000000000003 90.950000000000017 1.0000000180025095e-35 257.15000000000003 1.0000000180025095e-35 1.0000000180025095e-35 102.45000000000002 224.15000000000001 1.0000000180025095e-35 1.5000000000000002 3.5000000000000004 5.5000000000000009 1.0000000180025095e-35 433.05000000000007 181.95000000000002 1.5000000000000002 2.5000000000000004 1.0000000180025095e-35 119.30000000000003 3.5000000000000004 5.5000000000000009 139.85000000000005 224.05000000000004 1.0000000180025095e-35 8.1500000000000004 1.0000000180025095e-35 1.0000000180025095e-35 323.05000000000007 1351.1500000000003 396.85000000000008 1.0000000180025095e-35 1.5000000000000002 63.150000000000013 208.85000000000005 73.200000000000003 129.45000000000002 179.45000000000002 1.0000000180025095e-35 231.95000000000002 1.0000000180025095e-35 408.75000000000006 293.25000000000006 75.15000000000002 470.95000000000005 98.15000000000002 1122.0000000000002 1.0000000180025095e-35 65.250000000000014 2.5000000000000004 1083.5500000000002 199.05000000000004 150.05000000000004 3.5000000000000004 5.5000000000000009 1.0000000180025095e-35 1.0000000180025095e-35
decision_type=2 2 2 2 2 2 2 2 2 2 2 2 2 2 2 2 2 2 2 2 2 2 2 2 2 2 2 2 2 2 2 2 2 2 2 2 2 2 2 2 2 2 2 2 2 2 2 2 2 2 2 2 2 2 2 2 2 2 2 2 2 2
left_child=1 3 4 31 6 10 30 -7 21 28 37 56 13 -8 18 -11 54 -18 19 45 -21 23 -23 29 53 55 49 -15 -3 -4 -2 -1 52 -32 -13 -9 60 38 -6 40 43 -42 57 -39 -40 46 47 -14 -16 50 -27 -19 -33 -24 -17 -26 -5 -43 -54 -60 61 -28
right_child=2 9 8 11 5 7 12 35 -10 15 -12 34 14 27 48 16 17 51 -20 20 -22 22 24 -25 25 26 36 -29 -30 -31 33 32 -34 -35 -36 -37 -38 39 44 -41 41 42 -44 -45 -46 -47 -48 -49 -50 -51 -52 -53 58 -55 -56 -57 -58 -59 59 -61 -62 -63
leaf_value=-0.073506379243949579 0.86375622364190918 -0.055504004253783601 0.31931277538030783 -0.16241272873639201 0.50208738957212051 -0.85034188382948439 -0.21789771112754744 0.40651244040992529 -0.34051270886109425 0.0090142384811020722 1.3413813452720644 0.16250642937252602 0.20035848510290424 1.1300546860694884 -0.81288043368946428 1.120585609884823 0.031418127581375105 0.30682961681654097 0.77480959567156704 1.3358942768790507 0.19076406413858588 1.8866801724831264 0.67158022843874421 1.3218935465812685 0.64535120809168534 0.80706082513699173 0.71973037156310404 0.080519157860960283 0.12093139156603605 -0.5157592815160752 0.12914593283359596 -0.15727878349636049 0.29052936913845456 0.87394493999225764 0.68485683560371402 -0.28379090030988058 1.0013116309841474 0.45334458566872948 -0.52176950386592325 0.74068083620763259 -0.50069580939080982 0.35732499837875364 -0.31606710099655655 1.1722806364297866 0.3187302887439728 0.63980364126286338 -0.6416007052361965 -0.32206404522845622 0.083605710818217355 0.74416856599204684 0.10381686312174149 0.72326746854319501 0.13201385890157138 1.5036088535785677 0.54509289846928033 1.3734993148234584 0.028053675181160642 1.2468320508797965 -0.12875559190322028 0.064688322057285419 -0.023315988887440076 0.15417215016580399
leaf_weight=21273 65 704 161 260 67 24 224 72 26 233 25 674 520 20 22 34 365 247 44 22 22 30 26 20 33 26 137 28 958 20 82 411 184 28 45 36 75 249 35 140 36 20 23 32 26 42 20 38 26 34 202 67 397 25 108 31 1590 21 688 723 22 31
leaf_count=21273 65 704 161 260 67 24 224 72 26 233 25 674 520 20 22 34 365 247 44 22 22 30 26 20 33 26 137 28 958 20 82 411 184 28 45 36 75 249 35 140 36 20 23 32 26 42 20 38 26 34 202 67 397 25 108 31 1590 21 688 723 22 31
internal_value=-0.00274235 -0.0383275 0.351653 -0.0541651 0.270372 0.394504 0.187205 -0.0102711 0.533292 0.114713 0.473777 0.055557 0.130353 -0.0880642 0.208937 0.222755 0.283415 0.199873 0.245291 0.210202 0.763329 0.559316 0.626117 0.33598 0.567213 0.523011 0.465321 0.517826 0.0461958 0.22704 0.521169 -0.0660707 -0.000245054 0.318731 0.195199 0.176411 0.671577 0.440357 0.184882 0.503122 0.41583 0.0803538 0.407194 0.535216 -0.163524 0.170948 0.136879 0.164781 -0.327284 0.256704 0.184011 0.395687 -0.0243561 1.07944 0.682887 0.998048 0.00128542 0.812926 0.00586024 -0.0296344 0.541418 0.615371
internal_weight=31869 28961 2908 26245 2009 806 1203 132 899 2716 674 2569 1028 272 756 1054 821 679 708 664 44 873 672 201 642 591 527 48 1662 181 175 23676 2403 110 719 108 265 649 128 521 381 100 64 281 61 620 578 558 48 262 228 314 2219 51 142 64 1850 41 1808 1411 190 168
internal_count=31869 28961 2908 26245 2009 806 1203 132 899 2716 674 2569 1028 272 756 1054 821 679 708 664 44 873 672 201 642 591 527 48 1662 181 175 23676 2403 110 719 108 265 649 128 521 381 100 64 281 61 620 578 558 48 262 228 314 2219 51 142 64 1850 41 1808 1411 190 168
is_linear=0
shrinkage=0.05


Tree=61
num_leaves=63
num_cat=0
split_feature=23 9 36 35 28 7 7 40 40 32 35 32 40 11 2 40 40 32 40 40 40 8 40 18 6 34 40 21 32 4 36 36 35 9 34 35 36 32 40 40 40 34 36 32 36 35 36 34 36 10 35 36 25 40 8 32 38 36 35 18 35 32
split_gain=145088 25340.7 22462.3 15299.8 12376.5 9778.15 9473.39 8666.67 14079.9 8356.85 7692.63 7235.23 8110.51 7157.91 7519.97 6808.23 16603 6253.83 6243.44 10046.2 6091.29 8286.03 7542.47 5653.53 5066.7 5996.13 5623.26 4892.98 5594.12 4879.88 4878.57 6538.42 4870.78 4836.62 4622.86 4160.91 4028.71 4022.57 3998.71 5030.53 6944.48 3974.94 3782.4 7733.6 3758.85 3730.7 3426.41 3421.64 3394.7 3354.87 3252.37 3226.69 3166.62 3066.04 3181.73 3789.16 3055.37 3033.76 3022.27 4987.93 4131.7 4282.53
threshold=1.0000000180025095e-35 1.0000000180025095e-35 219.77083333333334 1008.7500000000001 1.0000000180025095e-35 1.0000000180025095e-35 1.0000000180025095e-35 1.5000000000000002 2.5000000000000004 308.35000000000008 1531.0000000000002 195.95000000000002 3.5000000000000004 1.0000000180025095e-35 1.0000000180025095e-35 1.5000000000000002 2.5000000000000004 217.05000000000004 5.5000000000000009 3.5000000000000004 5.5000000000000009 1.0000000180025095e-35 3.5000000000000004 1.0000000180025095e-35 1.0000000180025095e-35 308.30000000000001 5.5000000000000009 1.0000000180025095e-35 358.65000000000003 1.0000000180025095e-35 285.45833333333337 235.65833333333336 782.6500000000002 1.0000000180025095e-35 22.100000000000005 958.55000000000007 211.48750000000004 328.05000000000007 5.5000000000000009 4.5000000000000009 1.5000000000000002 247.15000000000001 334.03333333333336 366.15000000000003 76.050000000000026 1008.7500000000001 303.91666666666674 302.95000000000005 226.32916666666668 1.0000000180025095e-35 1203.6500000000003 125.61 1.0000000180025095e-35 1.0000000180025095e-35 1.0000000180025095e-35 412.85000000000008 1.0000000180025095e-35 273.71250000000003 607.45000000000016 1.0000000180025095e-35 563.1500000000002 337.95000000000005
decision_type=2 2 2 2 2 2 2 2 2 2 2 2 2 2 2 2 2 2 2 2 2 2 2 2 2 2 2 2 2 2 2 2 2 2 2 2 2 2 2 2 2 2 2 2 2 2 2 2 2 2 2 2 2 2 2 2 2 2 2 2 2 2
left_child=1 4 3 24 6 7 -1 29 9 -9 15 -7 -13 14 53 -3 32 51 19 41 22 27 45 33 25 36 -26 28 47 30 31 -4 -17 48 46 -20 44 -38 39 40 -19 -18 43 -14 -2 -10 -30 -22 -24 58 -40 -6 -50 -8 55 -55 -32 -16 60 -60 61 -46
right_child=2 10 5 -5 17 11 13 8 20 -11 -12 12 42 -15 57 16 18 38 35 -21 21 -23 23 -25 26 -27 -28 -29 34 -31 56 -33 -34 -35 -36 -37 37 -39 50 -41 -42 -43 -44 -45 49 -47 -48 -49 52 -51 -52 -53 -54 54 -56 -57 -58 -59 59 -61 -62 -63
leaf_value=-0.073374949637035322 -0.14864348121918738 -0.044910073833810515 0.6967264860868454 1.5062709110123773 -0.16814242541109042 1.551613749204011 -0.14535265711531448 0.76450867721012661 0.51123325257153995 2.0081164219162679 1.0622394408853282 1.3006922590732577 0.65044606810106953 0.33116504661131491 0.14609798071639879 0.52871030068143887 0.25462849725170861 -0.021092158748603155 0.1588305404718536 -0.049140146584974245 0.4040591087813179 -0.09778592406317245 0.8428671616574992 -0.28999139043417843 -0.45265146943204332 0.79992900796838717 0.45521758419016134 1.0573216809794821 1.4222628311677414 -0.43911208595548362 0.52848001767134833 -0.13066584544940893 1.2604484923680623 0.8081531291784243 0.24590238547325136 0.44693661608586188 0.025442305646304578 -0.78601084096091134 0.22390051971385141 -0.11327608737132072 0.3501077745095072 0.96104109368541024 0.94325658265839929 -0.53667485351147859 0.19172693393971116 1.114450368947453 0.79503047363832602 1.0813317179679871 0.26332483375318472 -0.15875861331306657 0.69154228160069109 0.020916740226683151 -0.21609455480387341 0.0021840690175399897 -0.22678386585232413 0.25545383042779313 -0.027206693490346275 0.56577433837348057 0.52712536407886323 -0.27976076941598549 -0.23699510434888446 0.77718972654053664
leaf_weight=21282 80 613 30 21 279 29 397 35 89 22 21 35 34 184 105 94 210 251 714 860 276 43 23 44 66 37 23 58 33 28 141 117 30 43 25 152 56 21 324 239 253 22 22 23 584 36 64 20 368 58 42 1181 38 1338 131 166 30 73 148 22 53 33
leaf_count=21282 80 613 30 21 279 29 397 35 89 22 21 35 34 184 105 94 210 251 714 860 276 43 23 44 66 37 23 58 33 28 141 117 30 43 25 152 56 21 324 239 253 22 22 23 584 36 64 20 368 58 42 1181 38 1338 131 166 30 73 148 22 53 33
internal_value=-0.00260523 -0.0364111 0.33407 0.168517 -0.0514569 0.450714 -0.0627672 0.414507 0.477285 1.2445 0.108978 0.846464 0.667083 0.031533 0.00658631 0.10155 0.144671 0.0527791 0.109139 0.0296285 0.439586 0.566919 0.336488 0.252071 0.14473 0.174296 -0.218034 0.626966 0.567252 0.193694 0.249413 0.0381897 0.705744 0.302603 0.852165 0.209399 0.152354 -0.195863 0.142289 0.075653 0.165244 0.321616 0.386371 0.171432 0.17977 0.68496 1.00842 0.449821 0.25193 0.209028 0.277564 -0.0152117 0.218453 -0.0207116 0.00955286 0.030138 0.430991 0.318212 0.234422 0.422705 0.186649 0.22304
internal_weight=31869 28961 2908 1202 26245 1706 23676 1563 1217 57 2716 143 114 2394 2210 2695 2082 2569 1958 1092 1160 519 641 516 1181 1092 89 476 418 346 318 147 124 472 122 866 1055 77 1109 743 504 232 79 57 978 125 97 296 429 898 366 1460 406 2032 1635 1504 171 178 840 170 670 617
internal_count=31869 28961 2908 1202 26245 1706 23676 1563 1217 57 2716 143 114 2394 2210 2695 2082 2569 1958 1092 1160 519 641 516 1181 1092 89 476 418 346 318 147 124 472 122 866 1055 77 1109 743 504 232 79 57 978 125 97 296 429 898 366 1460 406 2032 1635 1504 171 178 840 170 670 617
is_linear=0
shrinkage=0.05


Tree=62
num_leaves=63
num_cat=0
split_feature=23 9 35 7 28 7 31 31 35 39 31 11 2 15 35 9 2 7 20 4 31 31 6 34 28 12 29 5 6 8 31 31 37 31 34 37 31 35 35 31 31 31 31 31 31 31 37 35 28 37 31 34 25 35 25 31 31 34 31 35 38 37
split_gain=130942 22870 14269.1 12118.6 11169.8 8549.73 7083.18 7617.76 6942.6 6784 6611.17 6460.01 6786.78 6427.63 5778.62 5084.01 6079.48 4881.36 4520.69 4614.74 10063.8 6690.09 8457.92 4500.73 4465.87 4427.49 4666.83 3960.47 3949.49 3938 5011.08 3894.68 5099.45 3724.9 3625.19 6840.28 4283.43 4407.4 3859.71 3485.9 3893.37 3576.15 3477.33 3330.17 2856.22 2804.75 2793.59 3373.2 3604.94 2799.16 5871.58 2950.38 2791.76 3141.42 2777.57 3071.32 2814.07 2768.03 2686.26 2619.23 2563.53 3939.33
threshold=1.0000000180025095e-35 1.0000000180025095e-35 812.6500000000002 1.0000000180025095e-35 1.0000000180025095e-35 1.0000000180025095e-35 296.45000000000005 27.950000000000003 1531.0000000000002 1.0000000180025095e-35 102.45000000000002 1.0000000180025095e-35 1.0000000180025095e-35 1.0000000180025095e-35 165.15000000000001 1.0000000180025095e-35 1.0000000180025095e-35 1.0000000180025095e-35 1.0000000180025095e-35 1.0000000180025095e-35 370.15000000000003 366.05000000000007 1.0000000180025095e-35 423.15000000000003 1.0000000180025095e-35 1.0000000180025095e-35 1.0000000180025095e-35 1.0000000180025095e-35 1.0000000180025095e-35 1.0000000180025095e-35 484.75000000000006 18.150000000000002 2.5000000000000004 436.65000000000003 1.0500000000000003 2.5000000000000004 89.550000000000011 412.35000000000008 339.15000000000009 378.65000000000003 52.150000000000013 181.95000000000002 434.55000000000007 384.75000000000006 320.15000000000003 345.95000000000005 4.5000000000000009 1008.7500000000001 1.0000000180025095e-35 3.5000000000000004 186.05000000000004 318.50000000000006 1.0000000180025095e-35 806.05000000000007 1.0000000180025095e-35 198.05000000000004 300.15000000000003 275.80000000000001 271.65000000000003 598.1500000000002 1.0000000180025095e-35 2.5000000000000004
decision_type=2 2 2 2 2 2 2 2 2 2 2 2 2 2 2 2 2 2 2 2 2 2 2 2 2 2 2 2 2 2 2 2 2 2 2 2 2 2 2 2 2 2 2 2 2 2 2 2 2 2 2 2 2 2 2 2 2 2 2 2 2 2
left_child=1 4 6 13 5 -1 7 31 14 44 34 12 -7 18 -3 16 27 24 19 21 -21 22 46 52 39 26 28 60 29 30 -8 32 -2 -22 35 38 37 -37 -9 40 -16 -42 -13 -23 -6 -5 47 49 54 50 -4 58 53 -11 55 -49 -57 -48 -51 -39 -12 -62
right_child=2 8 3 45 9 11 25 10 -10 23 15 42 -14 -15 17 -17 -18 -19 -20 20 33 43 -24 -25 -26 -27 -28 -29 -30 -31 -32 -33 -34 -35 -36 36 -38 59 -40 -41 41 -43 -44 -45 -46 -47 57 48 -50 51 -52 -53 -54 -55 -56 56 -58 -59 -60 -61 61 -63
leaf_value=-0.069706202226676797 0.78279270332078543 -0.17399669961406566 1.3923672896165113 0.75608946820263012 -0.048706053517662086 -0.019676066647352712 0.387997949270176 -0.097751080524993317 1.0091274910739489 0.096051763087399447 0.1837845082249713 0.22058740114823225 0.30230182207953393 -0.37385010993480683 0.26948006864448515 0.65961426468058071 0.68002310462717741 0.35072829118455018 -0.19462215105692549 0.62007494964809329 -0.81540868481000273 1.1808997810818256 -0.19723077471622014 0.70283172249029846 0.32197749191174407 0.97544100736749584 -0.32586427164077758 -0.3288870202170478 -0.24614698219299319 -0.18498763505901611 1.0407298764874857 0.97945462530478844 0.15366671625128453 0.065511961778004973 -0.52171643565340742 -0.046245768034587742 -0.31215009942650795 1.2131156518345787 -0.75293021883283351 0.17830035021721427 -0.10513519870652917 0.06544337684112192 0.81712424467349887 0.63789088051145282 0.079576752248032553 1.270032682444187 0.41587396996716663 -0.62616905331611639 0.74264439890782041 -0.072171443539696775 0.42233707744341631 0.88219230515616287 -0.015204715494167159 0.34875618574013445 0.55131704580216179 0.45900803598073819 -0.32987907737493516 1.1476398039077009 0.607036650987963 0.45566176033020023 -0.69043436321345242 0.15880984258320596
leaf_weight=21282 49 184 26 61 1155 2032 571 114 21 267 642 155 178 25 158 55 53 204 27 54 24 32 55 39 199 29 25 45 25 28 31 32 94 24 41 23 20 21 28 582 466 902 29 240 695 47 24 20 24 37 39 21 185 228 21 26 20 28 24 25 22 36
leaf_count=21282 49 184 26 61 1155 2032 571 114 21 267 642 155 178 25 158 55 53 204 27 54 24 32 55 39 199 29 25 45 25 28 31 32 94 24 41 23 20 21 28 582 466 902 29 240 695 47 24 20 24 37 39 21 185 228 21 26 20 28 24 25 22 36
internal_value=-0.00247497 -0.0345906 0.317367 0.482936 -0.048884 -0.0596288 0.243277 0.173943 0.103529 0.0501402 0.126206 0.0299564 0.00625699 0.415104 0.0964721 0.194651 0.162605 0.116291 0.440853 0.46407 0.151829 0.514068 0.374189 0.180473 0.0955609 0.370405 0.344602 0.125795 0.370193 0.39465 0.42161 0.480823 0.369241 -0.374948 -0.0884402 -0.0115383 0.332138 0.518889 -0.226941 0.0741867 0.0344789 0.00733693 0.314607 0.701774 -0.000513324 0.97975 0.475569 0.408185 0.200129 0.565288 0.810349 0.371031 0.150514 0.212449 0.0504702 -0.10889 0.116014 0.809902 0.195058 0.801456 0.155025 -0.163317
internal_weight=31869 28961 2908 899 26245 23676 2009 1300 2716 2569 1125 2394 2210 791 2695 853 798 2511 766 739 102 637 365 719 2307 709 680 745 655 630 602 175 143 48 272 231 89 69 142 2108 1526 1368 184 272 1850 108 310 258 111 147 65 82 680 495 87 66 46 52 61 46 700 58
internal_count=31869 28961 2908 899 26245 23676 2009 1300 2716 2569 1125 2394 2210 791 2695 853 798 2511 766 739 102 637 365 719 2307 709 680 745 655 630 602 175 143 48 272 231 89 69 142 2108 1526 1368 184 272 1850 108 310 258 111 147 65 82 680 495 87 66 46 52 61 46 700 58
is_linear=0
shrinkage=0.05


Tree=63
num_leaves=63
num_cat=0
split_feature=39 40 40 40 40 32 9 36 25 36 40 33 9 32 8 33 40 40 40 9 21 36 33 25 25 36 37 18 40 37 36 21 13 37 32 36 25 36 32 32 36 36 11 12 4 18 33 32 13 21 36 5 21 32 18 12 32 33 32 36 32 33
split_gain=35907.2 22847.7 24640.3 39950.5 23786.7 11177.6 9708.21 9659.51 8235.22 8170.64 7830.19 6525.27 5891.63 5214.03 5115.49 4999.27 4980.52 6306.58 7116.56 4897.26 4793.06 4647.25 4494.46 4739.31 4259.1 5017.87 4198.81 4187.72 3960.39 4057.95 3753.31 6135.04 3738.53 3697.35 3598.6 3528.32 3175.59 3042.26 3020.75 3001.67 2833.38 2827.17 2820.61 2816.75 2793.63 2785.69 2784.7 2726.02 2721.56 2768.14 2780.29 2682.22 2621.61 5048.31 2852.32 2352.81 2789.61 2350.41 2293.09 2278.81 2255.53 2215.2
threshold=1.0000000180025095e-35 5.5000000000000009 4.5000000000000009 1.5000000000000002 2.5000000000000004 206.95000000000002 1.0000000180025095e-35 294.5125000000001 1.0000000180025095e-35 347.52916666666675 3.5000000000000004 373.85000000000008 1.0000000180025095e-35 150.05000000000004 1.0000000180025095e-35 457.35000000000008 1.0000000180025095e-35 3.5000000000000004 5.5000000000000009 1.0000000180025095e-35 1.0000000180025095e-35 219.77083333333334 385.45000000000005 1.0000000180025095e-35 1.0000000180025095e-35 178.11250000000004 3.5000000000000004 1.0000000180025095e-35 1.5000000000000002 4.5000000000000009 242.21250000000003 1.0000000180025095e-35 1.0000000180025095e-35 3.5000000000000004 438.55000000000007 352.12500000000006 1.0000000180025095e-35 416.75000000000006 123.35000000000001 133.75000000000003 288.61000000000007 285.45833333333337 1.0000000180025095e-35 1.0000000180025095e-35 1.0000000180025095e-35 1.0000000180025095e-35 144.40000000000003 171.95000000000002 1.0000000180025095e-35 1.0000000180025095e-35 154.65833333333336 1.0000000180025095e-35 1.0000000180025095e-35 170.05000000000004 1.0000000180025095e-35 1.0000000180025095e-35 8.6500000000000004 321.25000000000006 219.35000000000005 196.81666666666669 340.25000000000006 150.15000000000001
decision_type=2 2 2 2 2 2 2 2 2 2 2 2 2 2 2 2 2 2 2 2 2 2 2 2 2 2 2 2 2 2 2 2 2 2 2 2 2 2 2 2 2 2 2 2 2 2 2 2 2 2 2 2 2 2 2 2 2 2 2 2 2 2
left_child=6 2 3 41 7 21 -1 19 9 12 22 34 14 15 51 38 -8 28 -19 32 46 55 23 30 25 -4 36 -27 -18 40 43 -32 52 -11 -9 60 37 -23 -12 -20 -30 45 -10 48 -43 -2 -14 -34 49 -6 -51 -7 54 -54 -5 -3 -57 61 -52 -40 -24 -53
right_child=1 5 24 4 10 8 16 11 42 33 13 -13 20 -15 -16 -17 17 18 39 -21 -22 26 35 -25 -26 27 -28 -29 29 -31 31 -33 47 -35 -36 -37 -38 -39 59 -41 -42 44 -44 -45 -46 -47 -48 -49 -50 50 58 57 53 -55 -56 56 -58 -59 -60 -61 -62 -63
leaf_value=-0.058260031976052451 -0.076365916607432832 -0.0029984757950508012 -0.20636892777241533 0.21498624533688759 -0.03845162503738353 0.28124129481071541 -0.10917504147277315 0.54132579002030112 0.014985351334929157 0.48902360207693701 -0.047862497527295579 1.5411933369106716 0.65513882028559856 0.14301739512619946 -0.11337994229048493 0.70234634636768278 0.0039018262343274222 -0.071693974598949176 0.0550150049938865 0.90019062321919674 1.0647527330076056 0.12117397238489942 0.53072506184689705 -0.00014229429109642903 -0.22342356503074945 -0.0033647539170966151 0.4188772628780642 -0.29796771314559561 0.19924736462092815 1.0236313692901446 0.31579163408664113 1.1129239433086837 0.41059693604707714 1.0775035798549653 1.1939749514615094 -0.0047842582066853845 -0.061028615316829175 0.38323180402499918 -0.15191254831593615 0.27329798626767804 0.57278807420622224 0.033713615535108508 0.44644975607239062 0.47940869612464065 -0.27237901580922402 -0.3013013606353494 0.12196785837411882 1.1642023123800755 0.43697333253387899 -0.10122017492785265 0.76489246050516768 0.11760061492018091 1.0794648831114173 0.23780431873615712 -0.3842485763471235 0.76442256331443792 0.12291619937430631 0.48602512809245485 0.22145696372471071 -0.81835460818332173 1.1175957635045053 -0.36276413485407832
leaf_weight=17009 1806 1129 537 204 235 792 360 97 386 242 546 27 48 704 110 21 90 642 313 39 35 578 64 240 629 1400 139 132 149 23 337 26 30 30 27 24 185 137 29 317 77 935 42 60 81 149 50 20 56 38 30 60 25 62 22 20 111 23 55 23 22 40
leaf_count=17009 1806 1129 537 204 235 792 360 97 386 242 546 27 48 704 110 21 90 642 313 39 35 578 64 240 629 1400 139 132 149 23 337 26 30 30 27 24 185 137 29 317 77 935 42 60 81 149 50 20 56 38 30 60 25 62 22 20 111 23 55 23 22 40
internal_value=-0.00235122 0.0620531 0.0161211 0.0722846 0.198993 0.158536 -0.0460871 0.495844 0.249737 0.307326 0.133592 0.836809 0.249401 0.0499418 0.208776 -0.0559148 0.0589609 0.0965331 0.045462 0.36777 0.562492 0.084829 0.226825 0.195732 -0.109487 -0.074849 0.163114 -0.0287483 0.288163 0.390908 0.251896 0.372887 0.310568 0.553929 0.683435 0.531261 0.123612 0.171386 -0.0825427 0.164849 0.326516 -0.0583478 0.0573253 0.159239 0.00931056 -0.0935093 0.383113 0.712039 0.112838 0.0621352 0.254313 0.247505 0.246435 0.479661 0.156654 0.0202753 0.220856 0.0302768 0.413258 -0.446685 0.680855 -0.0745453
internal_weight=31869 12889 8732 6034 3063 4157 18980 553 1858 1430 2510 151 1158 1323 1025 619 1971 1611 1272 402 133 2299 1187 1077 2698 2069 1039 1532 339 249 837 363 363 272 124 110 900 715 598 630 226 2971 428 474 1016 1955 98 50 414 358 123 915 313 87 226 1260 131 123 85 52 86 100
internal_count=31869 12889 8732 6034 3063 4157 18980 553 1858 1430 2510 151 1158 1323 1025 619 1971 1611 1272 402 133 2299 1187 1077 2698 2069 1039 1532 339 249 837 363 363 272 124 110 900 715 598 630 226 2971 428 474 1016 1955 98 50 414 358 123 915 313 87 226 1260 131 123 85 52 86 100
is_linear=0
shrinkage=0.05


Tree=64
num_leaves=63
num_cat=0
split_feature=23 36 28 34 12 7 13 31 36 32 32 31 12 2 13 34 31 33 21 33 36 36 31 33 38 32 34 24 36 31 33 31 29 32 32 2 39 36 33 32 33 31 32 33 21 6 36 21 31 6 36 31 31 36 33 33 31 31 36 32 33 33
split_gain=114699 18323 12740.8 10294.8 9866.1 9255 7301.34 7093.12 6927.55 6914.83 6809.51 10138.8 6789.42 5873.01 6164.04 5092.58 8271.95 4795.84 4641.64 4426.35 4379.2 4218.13 7042.86 4957.55 7980.13 10496.5 5829.11 5777.31 6173.11 4215.14 4149.15 7872.31 7661.18 11830.5 12567.4 3938.62 3898.48 3717.16 3625.23 3532.78 3496.38 3280.9 3135.06 4434.15 4197.37 3327.55 3134.88 3004.63 2997.74 2968.32 3060.93 3318.7 2824.89 2811.93 2764.93 2763.28 2639.23 2629.46 2605.19 3295.84 2645.17 2515.15
threshold=1.0000000180025095e-35 219.77083333333334 1.0000000180025095e-35 306.60000000000008 1.0000000180025095e-35 1.0000000180025095e-35 1.0000000180025095e-35 493.85000000000008 272.41250000000008 412.85000000000008 394.35000000000008 144.45000000000002 1.0000000180025095e-35 1.0000000180025095e-35 1.0000000180025095e-35 89.90000000000002 363.85000000000008 243.65000000000001 1.0000000180025095e-35 109.55000000000001 122.24166666666669 403.42500000000001 486.35000000000008 222.35000000000005 1.0000000180025095e-35 398.85000000000008 116.7 1.0000000180025095e-35 329.71250000000009 392.85000000000008 53.650000000000013 444.75000000000006 1.0000000180025095e-35 454.55000000000007 266.15000000000003 1.0000000180025095e-35 1.0000000180025095e-35 342.98333333333341 11.65 211.05000000000004 402.75000000000006 228.25000000000003 215.05000000000004 393.85000000000008 1.0000000180025095e-35 1.0000000180025095e-35 116.48333333333333 1.0000000180025095e-35 29.050000000000004 1.0000000180025095e-35 284.0125000000001 170.95000000000002 27.950000000000003 146.3416666666667 385.45000000000005 102.25000000000001 54.150000000000013 160.85000000000005 167.7416666666667 26.650000000000002 4.8500000000000005 253.25000000000003
decision_type=2 2 2 2 2 2 2 2 2 2 2 2 2 2 2 2 2 2 2 2 2 2 2 2 2 2 2 2 2 2 2 2 2 2 2 2 2 2 2 2 2 2 2 2 2 2 2 2 2 2 2 2 2 2 2 2 2 2 2 2 2 2
left_child=2 3 5 6 7 47 10 13 46 35 12 -12 29 14 21 19 -17 -16 58 -15 38 22 23 24 30 -26 37 28 49 42 39 32 33 34 -32 41 -10 61 -14 -3 -39 48 43 45 -44 53 -4 -1 -7 50 51 -28 -48 -2 -37 -55 -46 -58 60 -60 -8 -25
right_child=1 4 8 -5 -6 9 18 -9 36 -11 11 -13 20 15 17 16 -18 -19 -20 -21 -22 -23 -24 26 25 -27 27 -29 -30 -31 31 -33 -34 -35 -36 54 -38 40 -40 -41 -42 -43 44 -45 56 -47 52 -49 -50 -51 -52 -53 -54 55 -56 -57 57 -59 59 -61 -62 -63
leaf_value=-0.063842796193121054 -0.053267298240857908 0.21265818610768386 -0.15505899698602355 0.79164490175701807 1.0066211844178345 0.13727197290713089 0.44295583677788575 1.0447762031872303 0.10789427361956126 0.25097134718541003 -1.1549273605699895 0.33037401422858242 0.52969839892217097 0.51231816001236441 1.482293128669262 -0.3532921835780144 1.0055370171864828 0.47585674483200596 0.95029196598950572 1.292882891212191 0.67079756665829715 0.52998075792612742 -0.62591552649225513 0.90169012560730888 0.12025560611902282 -1.2662242817878724 1.427333642135967 -0.11545871269135249 1.3403219408873055 -0.4521277472740266 -1.1131091305613519 0.83563048052787792 0.61836120532109184 -1.3967184824602945 0.36172144781225007 0.14495608295922674 0.3180554305529073 0.35687084587720724 -0.36985826343297962 0.46724044089242228 -0.42935815395847449 0.050722224222767655 0.0036919581121765081 -0.72193165957927707 0.0076172016561031342 -0.41609897021400305 0.25169071570365098 -0.023703243581374749 -0.11521818041301397 0.081326490867397072 0.35430595968450818 0.62958751395344736 0.013280959513582541 0.080722409858685409 0.65262896427336869 0.43513992683667885 1.0423248261213303 0.41150564810015128 0.94149291715942907 0.20691836129974678 -0.24692125961636055 0.32803303265926553
leaf_weight=17191 249 294 253 59 65 139 24 39 748 357 27 20 21 32 20 24 21 29 34 42 77 199 21 21 43 20 22 21 36 41 20 25 26 21 52 127 313 26 24 254 31 1168 96 20 24 38 137 6397 762 23 35 32 1335 199 34 76 24 53 26 37 33 212
leaf_count=17191 249 294 253 59 65 139 24 39 748 357 27 20 21 32 20 24 21 29 34 42 77 199 21 21 43 20 22 21 36 41 20 25 26 21 52 127 313 26 24 254 31 1168 96 20 24 38 137 6397 762 23 35 32 1335 199 34 76 24 53 26 37 33 212
internal_value=-0.00223366 0.297113 -0.0322913 0.14759 0.402463 -0.0431109 0.114345 0.378532 0.0693604 0.0466655 0.0644782 -0.522884 0.093784 0.362313 0.335194 0.700273 0.280828 0.886647 0.434593 0.955341 0.441791 0.316351 0.281928 0.297632 0.21885 -0.319897 0.427219 0.660629 0.77075 0.0420074 0.267897 0.0290583 -0.14039 -0.352513 -0.0479537 0.0139583 0.169893 0.291197 0.0499348 0.330658 -0.0707274 -0.004578 0.0680145 0.00965712 0.24042 0.0356923 0.00752567 -0.0529571 -0.0762658 0.587673 0.718526 0.954595 0.0354699 0.0684558 0.252167 0.178671 0.46543 0.608125 0.288478 0.510076 0.0435533 0.379736
internal_weight=31869 2908 28961 1202 1706 26175 1143 1641 2786 2587 989 47 942 1602 1483 119 45 49 154 74 122 1434 1235 1214 755 63 459 169 148 820 692 144 119 93 72 2230 1061 290 45 548 57 2069 779 582 197 562 1725 23588 901 112 89 54 1472 524 161 275 101 77 120 63 57 233
internal_count=31869 2908 28961 1202 1706 26175 1143 1641 2786 2587 989 47 942 1602 1483 119 45 49 154 74 122 1434 1235 1214 755 63 459 169 148 820 692 144 119 93 72 2230 1061 290 45 548 57 2069 779 582 197 562 1725 23588 901 112 89 54 1472 524 161 275 101 77 120 63 57 233
is_linear=0
shrinkage=0.05


Tree=65
num_leaves=63
num_cat=0
split_feature=23 9 36 9 28 7 7 33 34 34 32 31 33 33 33 33 40 33 36 34 40 40 40 40 31 40 6 40 39 31 31 35 40 40 34 6 7 40 32 28 35 32 32 40 40 31 32 25 28 35 32 31 32 31 32 35 31 33 32 33 36 28
split_gain=124889 17047.2 13353.4 10890.8 9459.2 7196.29 6986.69 10714.9 6974.82 21218.5 13443.1 10884.7 7784.1 7745.5 7388.06 7080.86 6780.91 9861.55 6640.39 5910.04 5889.8 5752.75 9215.23 6970.05 5045.36 4717.9 7458.02 5947.38 4667.82 4638.35 4819.88 4572.12 3985.68 6565.94 3964.69 3941.3 3831.95 4059.91 3723.02 3706.22 4527.51 3626.3 8105.42 3606.14 3394.53 3325.91 3317.02 3261.61 3214.93 3909.72 3176.89 3111.21 4369.42 8747.63 6337.93 3231.37 3137.27 2875.78 2839.22 2761.97 2750.5 2700.07
threshold=1.0000000180025095e-35 1.0000000180025095e-35 272.41250000000008 1.0000000180025095e-35 1.0000000180025095e-35 1.0000000180025095e-35 1.0000000180025095e-35 281.25000000000006 26.150000000000002 72.500000000000014 433.05000000000007 476.65000000000003 20.950000000000003 168.35000000000005 162.05000000000004 3.0500000000000003 1.0000000180025095e-35 116.25000000000001 345.05000000000013 209.85000000000005 5.5000000000000009 4.5000000000000009 1.5000000000000002 3.5000000000000004 470.95000000000005 3.5000000000000004 1.0000000180025095e-35 5.5000000000000009 1.0000000180025095e-35 476.65000000000003 486.35000000000008 902.1500000000002 1.5000000000000002 2.5000000000000004 356.90000000000003 1.0000000180025095e-35 1.0000000180025095e-35 4.5000000000000009 263.75000000000006 1.0000000180025095e-35 741.05000000000007 398.85000000000008 366.15000000000003 4.5000000000000009 2.5000000000000004 100.45000000000002 433.05000000000007 1.0000000180025095e-35 1.0000000180025095e-35 1032.6500000000003 433.05000000000007 179.65000000000001 65.250000000000014 271.65000000000003 125.55000000000001 471.95000000000005 357.45000000000005 373.85000000000008 401.15000000000003 157.25000000000003 387.95000000000005 1.0000000180025095e-35
decision_type=2 2 2 2 2 2 2 2 2 2 2 2 2 2 2 2 2 2 2 2 2 2 2 2 2 2 2 2 2 2 2 2 2 2 2 2 2 2 2 2 2 2 2 2 2 2 2 2 2 2 2 2 2 2 2 2 2 2 2 2 2 2
left_child=1 4 6 29 5 -1 8 44 10 -10 11 14 -11 15 39 -12 38 43 28 59 21 22 -6 34 32 -19 27 45 48 35 -31 -22 -7 -34 60 36 50 -38 -14 40 41 42 51 -18 -8 -27 -35 -30 -3 -50 61 55 53 -53 56 -2 -54 -52 -37 -5 -24 -4
right_child=2 18 3 19 20 24 7 -9 9 12 13 -13 16 -15 -16 -17 17 25 -20 -21 31 -23 23 -25 -26 26 -28 -29 47 30 -32 -33 33 46 -36 58 37 -39 -40 -41 -42 -43 -44 -45 -46 -47 -48 -49 49 -51 57 52 54 -55 -56 -57 -58 -59 -60 -61 -62 -63
leaf_value=-0.061626410896398399 0.05617293267836794 -0.013109610748115655 0.28605674504469603 1.0347180621377354 -0.078982827297674238 -0.1100616735523976 0.85968926072120666 1.319252191649543 -1.2165675508789719 0.78475469158031053 0.6412375736236573 1.2969910455786664 -0.69954328958581136 0.27227643770830973 0.42570119383257388 1.915088987350464 0.11788376912474632 0.84082905849492229 0.26285530913508609 1.4534806468110117 0.097392206911672552 -0.14310196677608833 0.23639271538844683 -0.015663648809113348 0.31156850794983421 0.49042439747739719 -0.46771396896801892 0.75783815805254318 0.23299451683136088 1.2188665238293737 0.47293899494504177 0.38507427145337125 0.41445996642415006 -0.0025283613481498152 1.0276404333114624 0.22508449560652177 1.2640681476593019 0.44364780066044712 0.074611074030399335 -0.39718108237721028 0.89428171128034595 -0.4370045203853537 0.9080096019541517 -0.71948901580439673 0.11478998678234907 -0.23148590907072411 0.23413318834831995 -0.013831115667834074 0.12229340038508195 0.85416441207582305 0.70998553719517643 0.18597740165110846 -0.11258306309983537 0.95539770319181339 0.23024346253294856 -0.5950697642564774 -0.88984488308429721 0.11160237360000612 -0.45055399925812428 0.39384056955575941 0.63084303669209751 0.64094921030988128
leaf_weight=21434 400 1486 585 29 607 521 20 36 32 40 20 23 41 28 277 24 20 37 455 36 701 526 266 222 149 27 32 58 484 33 63 172 114 1442 20 48 25 38 25 32 20 27 34 36 65 39 165 185 107 22 102 134 37 51 157 20 20 25 23 40 53 59
leaf_count=21434 400 1486 585 29 607 521 20 36 32 40 20 23 41 28 277 24 20 37 455 36 701 526 266 222 149 27 32 58 484 33 63 172 114 1442 20 48 25 38 25 32 20 27 34 36 65 39 165 185 107 22 102 134 37 51 157 20 20 25 23 40 53 59
internal_value=0.000937479 -0.030301 0.312797 0.449704 -0.0426229 -0.0524485 0.229233 0.596266 0.20297 0.0165686 0.258289 0.21948 0.127725 0.92237 0.198981 1.33607 0.0442921 0.163727 0.0884286 0.93415 0.0485708 -0.00579905 0.0560343 0.202122 0.0298269 0.333223 0.212829 0.388453 0.0536807 0.398888 0.729352 0.154072 0.0111028 0.047783 0.344743 0.363834 0.394278 0.769211 -0.406303 0.131597 0.150398 0.133492 0.15155 -0.420427 0.29006 0.063841 0.0217711 0.164739 0.00767562 0.247109 0.363642 0.120146 0.22013 0.398088 0.0662886 0.0251614 -0.385307 0.592194 0.00621569 0.663195 0.301928 0.31857
internal_weight=32049 29131 2918 1106 26392 23825 1812 121 1691 387 1304 1232 355 72 1209 44 315 249 2739 105 2567 1694 1168 561 2391 193 156 124 2284 1001 96 873 2242 1721 339 905 834 63 66 932 900 880 853 56 85 66 1607 669 1615 129 771 819 399 185 214 420 57 127 71 69 319 644
internal_count=32049 29131 2918 1106 26392 23825 1812 121 1691 387 1304 1232 355 72 1209 44 315 249 2739 105 2567 1694 1168 561 2391 193 156 124 2284 1001 96 873 2242 1721 339 905 834 63 66 932 900 880 853 56 85 66 1607 669 1615 129 771 819 399 185 214 420 57 127 71 69 319 644
is_linear=0
shrinkage=0.05


Tree=66
num_leaves=63
num_cat=0
split_feature=39 9 40 40 40 40 28 36 35 25 2 36 13 31 9 5 33 25 29 31 31 32 34 34 31 31 36 31 11 36 25 32 34 31 12 34 36 18 31 34 33 36 28 21 10 36 36 33 31 24 31 32 32 25 36 33 32 33 35 32 31 31
split_gain=33081.2 23961.2 14558.7 19563.3 26132.5 13139.2 8922.12 7908.57 7882.12 6894.16 6741.63 5954.01 5913.07 6068.62 5814.33 5674.48 5545.91 5250.17 4957.91 4528.42 5011.11 4320.36 4302.93 4140.81 4037.34 3982.95 3838.92 3754.64 3622.05 3437.33 3293.47 3877.67 3842.96 3279.32 3273.01 3042.35 2999.33 2879.12 2841.32 3291.07 5527.57 2737.35 2732 2705.72 3644.1 3450.33 3045.84 3891.42 2593.51 2588.03 2557.29 2534.49 2443.61 2410.87 2421.39 2406.22 2365.72 5008.68 2321.61 4202.13 2819.02 2298.68
threshold=1.0000000180025095e-35 1.0000000180025095e-35 5.5000000000000009 4.5000000000000009 1.5000000000000002 3.5000000000000004 1.0000000180025095e-35 269.82916666666671 400.9500000000001 1.0000000180025095e-35 1.0000000180025095e-35 317.01666666666671 1.0000000180025095e-35 368.25000000000006 1.0000000180025095e-35 1.0000000180025095e-35 172.55000000000004 1.0000000180025095e-35 1.0000000180025095e-35 181.95000000000002 40.000000000000007 13.15 6.4500000000000011 436.05000000000007 492.05000000000007 476.65000000000003 362.04166666666669 488.35000000000008 1.0000000180025095e-35 173.16750000000005 1.0000000180025095e-35 212.85000000000005 314.60000000000008 460.75000000000006 1.0000000180025095e-35 441.85000000000008 323.02500000000003 1.0000000180025095e-35 4.9500000000000011 320.75000000000006 382.80000000000001 428.28333333333336 1.0000000180025095e-35 1.0000000180025095e-35 1.0000000180025095e-35 231.11250000000004 154.65833333333336 51.750000000000007 368.25000000000006 1.0000000180025095e-35 366.05000000000007 378.65000000000003 328.05000000000007 1.0000000180025095e-35 226.32916666666668 465.45000000000005 416.95000000000005 397.55000000000007 552.6500000000002 366.15000000000003 312.25000000000006 462.55000000000007
decision_type=2 2 2 2 2 2 2 2 2 2 2 2 2 2 2 2 2 2 2 2 2 2 2 2 2 2 2 2 2 2 2 2 2 2 2 2 2 2 2 2 2 2 2 2 2 2 2 2 2 2 2 2 2 2 2 2 2 2 2 2 2 2
left_child=14 2 3 4 37 6 9 21 -4 12 28 15 13 38 -1 25 51 56 -15 20 29 -3 24 41 49 43 55 -27 -11 -16 31 32 -23 -18 50 -24 -8 -2 -6 40 -40 42 -21 44 -10 -46 47 -45 -33 53 -17 -7 -47 54 58 61 -13 -58 59 60 -5 -9
right_child=1 7 8 22 5 16 36 26 11 10 -12 17 -14 18 19 34 33 -19 -20 23 -22 30 35 -25 -26 27 -28 -29 -30 -31 -32 48 -34 -35 -36 -37 -38 -39 39 -41 -42 -43 -44 46 45 52 -48 -49 -50 -51 -52 -53 -54 -55 -56 -57 57 -59 -60 -61 -62 -63
leaf_value=-0.050221437778350822 -0.039449003172707803 0.74368371886666873 0.022923405438840045 -0.13192521009125374 0.67883305671038452 -0.063405530687211262 0.53344245492777931 0.40368793263470615 0.12677016191280097 -0.08558537172255655 0.81904987350106251 0.30196607919853363 0.63203556749631062 0.52630886944631738 0.0052699333097299805 -0.078328514899368651 0.16310776887553061 0.030123520662520553 -0.25922043215144769 0.036554700705225096 -0.13566460196240421 0.14659653330192518 -0.28629276781032481 0.74593349521358809 0.51664959798966137 0.90412644768024197 0.7911831305765018 0.16105673372307247 0.5097363478637168 0.50211791446864873 -0.067356784826637636 0.31443948294860979 -0.51264316833019252 0.7560886986255646 0.47146326736547056 0.10450304849738522 1.1229900717735291 -0.22855438499724212 0.14469346505258177 -0.3476055764382886 0.75728584764859619 0.31129213783561305 0.31921416984530548 0.38141306214607679 0.21856180742383002 -0.16508980115939831 0.27449501827651379 -0.24344159682159838 0.90248837297161433 -0.31599725114388599 -0.50817176902836025 0.17433007817828294 -0.74843433957833516 -0.18045824158762833 0.017359722805329356 0.84699859078283668 0.39326373164076361 1.1231703793180399 -0.303073603201371 0.64419640578329573 0.30644639598205692 -0.020844753086566928
leaf_weight=17151 2487 32 1332 441 27 744 94 279 838 292 25 420 110 231 92 162 346 149 22 1058 532 191 450 24 28 34 74 34 28 56 136 175 25 25 22 56 28 219 660 31 39 119 93 39 40 58 510 69 21 117 44 132 26 407 769 27 124 29 130 20 40 36
leaf_count=17151 2487 32 1332 441 27 744 94 279 838 292 25 420 110 231 92 162 346 149 22 1058 532 191 450 24 28 34 74 34 28 56 136 175 25 25 22 56 28 219 660 31 39 119 93 39 40 58 510 69 21 117 44 132 26 407 769 27 124 29 130 20 40 36
internal_value=0.000890605 0.0626859 0.0430129 0.00429129 0.0563792 0.162492 0.257926 0.298289 0.121816 0.223714 0.0282839 0.172518 0.283913 0.245999 -0.0408685 0.12556 0.0410388 0.29453 0.458002 0.040394 -0.0640737 0.178966 -0.113108 0.0952921 -0.0794258 0.157905 0.464652 0.532592 -0.0334947 0.193266 0.14599 0.216415 0.0702956 0.203066 -0.108231 -0.243043 0.668748 -0.0547535 0.175145 0.156515 0.178872 0.0829965 0.0593934 0.141779 0.0893361 -0.163645 0.223414 -0.0177996 0.377445 -0.0881005 -0.17014 -0.0275824 -0.345649 -0.0733446 -0.0422051 0.393998 0.363285 0.531612 -0.114797 -0.0659426 -0.0954702 0.35517
internal_weight=32049 12924 11928 7998 5540 2834 1587 996 3930 1465 345 2598 1120 1010 19125 1876 1247 722 253 1974 680 580 2458 1294 1952 1648 416 68 320 148 548 412 216 371 228 506 122 2706 757 730 699 1270 1151 1580 962 124 618 108 196 1924 206 876 84 1807 1400 342 573 153 631 501 481 315
internal_count=32049 12924 11928 7998 5540 2834 1587 996 3930 1465 345 2598 1120 1010 19125 1876 1247 722 253 1974 680 580 2458 1294 1952 1648 416 68 320 148 548 412 216 371 228 506 122 2706 757 730 699 1270 1151 1580 962 124 618 108 196 1924 206 876 84 1807 1400 342 573 153 631 501 481 315
is_linear=0
shrinkage=0.05


Tree=67
num_leaves=63
num_cat=0
split_feature=23 36 7 7 28 40 32 2 36 33 13 40 31 31 31 33 40 35 32 36 34 34 32 36 36 32 34 32 31 31 32 36 35 33 31 6 32 31 33 31 36 36 40 2 11 24 33 33 36 31 35 40 40 33 32 6 34 32 31 31 33 2
split_gain=109676 11698.2 10239.2 10121.2 8112.9 7544.91 10910.3 7311.15 7645.15 7046.99 6709.37 6725.1 8829.77 5904.39 5866.48 5827.91 5472.06 5647.95 5400.63 5321.6 7930.67 10550.3 9052.28 10401.7 5128.32 11396.1 5079.71 5057.58 4737.1 4649.15 4080.89 3790.97 4284.01 6549.7 8086.45 3813.87 3759.78 10819.1 4791.71 4680.35 3637.06 3607.55 3460.22 4074.19 8149.3 3413.43 5737.48 5223.75 4916.01 3163.17 3162.17 3108.76 4242.09 3097.7 3418.91 2908.63 3453.15 2886.75 3082.71 3729.29 4448.08 2873.45
threshold=1.0000000180025095e-35 147.81250000000003 1.0000000180025095e-35 1.0000000180025095e-35 1.0000000180025095e-35 3.5000000000000004 195.95000000000002 1.0000000180025095e-35 238.91250000000005 363.85000000000008 1.0000000180025095e-35 5.5000000000000009 493.85000000000008 230.15000000000001 40.000000000000007 463.55000000000007 1.0000000180025095e-35 800.35000000000025 364.45000000000005 272.41250000000008 29.350000000000005 123.30000000000003 294.25000000000006 233.41666666666669 334.03333333333336 394.35000000000008 18.200000000000006 448.55000000000007 382.95000000000005 94.050000000000011 203.00000000000003 294.5125000000001 572.75000000000011 187.75000000000003 357.45000000000005 1.0000000180025095e-35 63.150000000000013 300.15000000000003 205.35000000000005 312.25000000000006 196.81666666666669 244.65833333333336 1.0000000180025095e-35 1.0000000180025095e-35 1.0000000180025095e-35 1.0000000180025095e-35 249.45000000000002 1.3500000000000003 340.75000000000006 318.15000000000003 543.55000000000007 3.5000000000000004 5.5000000000000009 28.550000000000004 187.75000000000003 1.0000000180025095e-35 258.25000000000006 125.55000000000001 121.75000000000001 154.75000000000003 79.350000000000009 1.0000000180025095e-35
decision_type=2 2 2 2 2 2 2 2 2 2 2 2 2 2 2 2 2 2 2 2 2 2 2 2 2 2 2 2 2 2 2 2 2 2 2 2 2 2 2 2 2 2 2 2 2 2 2 2 2 2 2 2 2 2 2 2 2 2 2 2 2 2
left_child=3 30 7 4 42 18 -7 10 26 -10 11 12 19 14 -5 28 -6 51 -4 20 29 -22 23 40 25 -8 -9 61 55 -3 50 32 -21 -34 -35 45 37 -31 57 -40 -23 53 -1 -44 49 46 47 -33 -48 -45 -2 -18 -53 -12 -55 56 -13 -38 -59 -60 -61 -15
right_child=1 2 5 13 16 6 24 8 9 -11 41 15 -14 27 -16 -17 17 -19 -20 31 21 22 -24 -25 -26 -27 -28 -29 -30 36 -32 35 33 34 -36 -37 38 -39 39 -41 -42 -43 43 44 -46 -47 48 -49 -50 -51 -52 52 -54 54 -56 -57 -58 58 59 60 -62 -63
leaf_value=-0.086486958820625195 0.037938786232206104 0.62134388595257173 0.81534132164017104 0.22925670209971041 -0.10246034905881501 1.1956261651492432 0.36715431466923448 0.55920564457774169 1.1387178573953478 0.30479518237866854 0.82228681833483286 0.26720980226768359 1.1214827864170074 0.077803254228585653 -0.06775277518878782 1.0556939832625851 0.16610354794707685 0.21351559219318031 1.8175314509868621 0.090469647943973552 -0.98869785428047186 -0.38340656135626361 0.53012690033231469 -1.2320537074752478 0.89253195808047348 -1.016943316459656 -0.30992454557583254 0.41968940469756055 0.57468826007097962 0.12229047454030686 0.40885574436850014 0.24891059455339165 1.3155809688568116 0.8524186808811991 -0.35212224044583063 -0.31142737064510584 -0.49725717504819233 1.2192184578095164 0.11969652111237904 0.98723809339783419 0.34330387301743032 1.2622921156883242 -0.045702066264929002 -0.050950570625870398 0.3631509804255551 -0.25947430382172265 0.93067623674869537 -0.46959528241838727 0.24110608054324986 0.086220878113365068 -0.52282123278688508 -0.11195909588044524 0.081151753672285831 0.67397407889366157 -0.16150650310516357 -0.15518436528540946 0.81513811003777281 -0.5818137237003872 0.59952552406876181 0.097266989965469411 -0.59447000478876055 0.33833279099153435
leaf_weight=4528 365 53 41 198 496 38 58 40 76 38 45 397 25 1328 1037 31 327 588 20 40 35 33 49 23 21 20 29 134 176 114 72 262 30 38 22 32 36 28 53 22 36 20 17256 1151 168 30 56 28 48 662 27 532 611 24 25 37 31 21 27 117 29 115
leaf_count=4528 365 53 41 198 496 38 58 40 76 38 45 397 25 1328 1037 31 327 588 20 40 35 33 49 23 21 20 29 134 176 114 72 262 30 38 22 32 36 28 53 22 36 20 17256 1151 168 30 56 28 48 662 27 532 611 24 25 37 31 21 27 117 29 115
internal_value=0.000846075 0.293096 0.336628 -0.0284281 -0.0380615 0.681377 0.475424 0.30637 0.609318 0.860744 0.279627 0.257928 0.190986 0.0617363 -0.0201351 0.386133 0.0466187 0.0825484 1.14393 0.172553 0.0769573 -0.211698 -0.0188262 -0.311203 0.198982 0.0122575 0.193919 0.125852 0.353752 0.178564 0.0628644 0.28283 0.521011 0.712363 0.410754 0.214928 0.126065 0.338586 0.02712 0.374175 -0.00425329 0.652513 -0.047162 -0.0379057 0.0300068 0.254652 0.293799 0.179538 0.612413 -0.000863699 -0.000684991 0.0301615 -0.00873011 0.522773 0.247708 0.270128 0.306896 -0.0860502 -0.00974377 0.0596982 -0.0401328 0.0985662
internal_weight=32049 2918 2454 29131 26319 198 137 2256 183 114 2073 1959 1287 2812 1235 672 2554 2058 61 1262 676 176 141 92 99 78 69 1577 641 500 464 586 130 90 60 456 447 142 305 75 69 114 23765 19237 1981 424 394 290 104 1813 392 1470 1143 94 49 465 428 230 194 173 146 1443
internal_count=32049 2918 2454 29131 26319 198 137 2256 183 114 2073 1959 1287 2812 1235 672 2554 2058 61 1262 676 176 141 92 99 78 69 1577 641 500 464 586 130 90 60 456 447 142 305 75 69 114 23765 19237 1981 424 394 290 104 1813 392 1470 1143 94 49 465 428 230 194 173 146 1443
is_linear=0
shrinkage=0.05


Tree=68
num_leaves=63
num_cat=0
split_feature=23 9 9 31 2 28 7 32 32 34 32 33 7 2 11 31 31 32 32 31 34 34 40 40 40 34 31 35 31 32 40 32 32 32 40 31 37 35 31 33 33 32 32 33 32 32 32 35 37 33 33 21 7 35 32 33 32 31 33 35 32 32
split_gain=98982.8 13836.7 10650.5 8349.77 8665.77 7660.91 6045.21 6294.29 11225.1 8797.06 5814.68 5203.47 5161.99 5873.92 5443.28 5132.3 6389.26 8492.68 7451.4 5135.51 5117.02 11687.1 4851.4 4861.89 7517.51 6332.76 4686.66 4622.73 4618.83 7400.98 4415.54 6372.1 4267.09 6604.37 4109.77 4042.89 4025.22 3966.82 5219.54 4863.94 5164.2 7455.63 5539.29 8421.11 5676.43 4556.01 3980.69 3822.94 3795.69 3642.57 5209.62 3499.42 3266.25 3934.16 3933.97 4956.42 3200.2 4005.02 3192.07 3164.55 2975.42 2894.62
threshold=1.0000000180025095e-35 1.0000000180025095e-35 1.0000000180025095e-35 476.65000000000003 1.0000000180025095e-35 1.0000000180025095e-35 1.0000000180025095e-35 434.75000000000006 442.25000000000006 29.350000000000005 274.55000000000007 217.75000000000003 1.0000000180025095e-35 1.0000000180025095e-35 1.0000000180025095e-35 40.000000000000007 201.65000000000001 398.85000000000008 337.95000000000005 20.150000000000002 18.200000000000006 370.45000000000005 5.5000000000000009 4.5000000000000009 1.5000000000000002 401.75000000000006 207.85000000000005 506.35000000000008 486.35000000000008 185.55000000000004 3.5000000000000004 366.15000000000003 22.150000000000002 0.95000000000000007 3.5000000000000004 351.75000000000006 3.5000000000000004 1313.1500000000003 464.85000000000008 463.55000000000007 18.550000000000004 65.250000000000014 294.25000000000006 138.65000000000001 71.15000000000002 96.450000000000017 119.30000000000003 1096.7500000000002 3.5000000000000004 281.25000000000006 0.95000000000000007 1.0000000180025095e-35 1.0000000180025095e-35 623.6500000000002 206.95000000000002 283.45000000000005 434.75000000000006 380.65000000000003 98.350000000000009 552.6500000000002 308.35000000000008 158.25000000000003
decision_type=2 2 2 2 2 2 2 2 2 2 2 2 2 2 2 2 2 2 2 2 2 2 2 2 2 2 2 2 2 2 2 2 2 2 2 2 2 2 2 2 2 2 2 2 2 2 2 2 2 2 2 2 2 2 2 2 2 2 2 2 2 2
left_child=1 5 3 4 6 12 7 15 -9 36 35 -11 -1 14 -14 19 17 18 -17 -2 60 26 23 24 -7 34 -22 -4 29 -5 -8 49 33 -18 -26 -3 -10 38 39 40 41 -34 43 51 -45 -43 -46 -24 -47 50 -32 -42 53 -29 55 -55 57 -56 -44 -30 -6 -61
right_child=2 10 27 28 20 22 30 8 9 11 -12 -13 13 -15 -16 16 32 -19 -20 -21 21 -23 47 -25 25 -27 -28 52 59 -31 31 -33 37 -35 -36 -37 -38 -39 -40 -41 42 45 58 44 46 48 -48 -49 -50 -51 -52 -53 -54 54 56 -57 -58 -59 -60 61 -62 -63
leaf_value=-0.054723431536551251 0.28468391759634282 -0.026039309853861083 0.036103142605673884 1.6238610527515414 0.56777122722913143 -0.070486946853071053 0.90157646118326396 1.5682993501424791 0.38469215130605616 -0.89240564301609993 0.17787256344597499 0.19959312553207081 -0.023793029759811006 0.28426702786047903 0.26842854506944475 -0.005672581263560874 0.2423449708462766 -0.70749591367366993 0.5555660869136001 1.0111625453637492 -0.79117495656013492 1.1247702112197877 0.10670734966020992 -0.13160858551724619 0.26193656045368607 1.0149183257059617 0.18451878000050784 1.2513757300647823 0.96226806402206422 0.39461965958277384 0.92228646924098345 -0.27592209661379458 1.1399995099414479 0.78010584384422099 -0.020019595016140576 0.13644171037986291 1.0609086169136894 0.62681488237882921 -0.53198072977604405 0.77673707242522927 -1.0677217191265476 -0.52426049822852727 0.75679476913064725 -0.70951378109554453 0.70890079277257134 0.18599681431004983 -0.00012907991103366413 0.47142119110102138 0.90316581130027773 1.0069374509926501 -0.001166545209430513 -0.26352441497147083 1.2984718483686448 -0.3948012350635095 0.62867797207373843 0.69275606751441954 0.2110315932167901 1.3844749715800087 0.11209768791450188 -0.23993180479322163 1.0920681006210142 0.47355648441748183
leaf_weight=21434 113 1201 31 25 73 607 47 20 119 20 976 24 2021 197 173 569 356 39 66 31 20 25 794 526 324 22 32 22 20 24 24 32 22 68 215 562 27 38 31 28 31 21 24 24 24 238 113 79 20 29 42 24 20 22 65 20 27 24 96 21 43 44
leaf_count=21434 113 1201 31 25 73 607 47 20 119 20 976 24 2021 197 173 569 356 39 66 31 20 25 794 526 324 22 32 22 20 24 24 32 22 68 215 562 27 38 31 28 31 21 24 24 24 238 113 79 20 29 42 24 20 22 65 20 27 24 96 21 43 44
internal_value=0.000803771 -0.0270066 0.278441 0.250433 0.23024 -0.0381078 0.203897 0.181319 0.441576 0.322974 0.0799601 -0.29677 -0.0469502 0.0227323 -0.000750946 0.15366 0.131069 0.00867555 0.0526609 0.441079 0.552366 0.236368 0.0439609 -0.00538386 0.0514605 0.183407 -0.190748 0.604233 0.635154 1.02178 0.487538 0.334311 0.202306 0.32859 0.149468 0.0257555 0.509746 0.129358 0.102198 0.131761 0.10341 0.253824 -0.0313357 -0.182654 -0.000181974 0.183947 0.124081 0.139711 0.241591 0.539864 0.334635 -0.716799 0.692293 0.624939 0.537714 0.123083 0.687839 0.832488 0.241037 0.412274 0.762123 0.243045
internal_weight=32049 29131 2918 2687 2553 26392 2360 2186 210 190 2739 44 23825 2391 2194 1976 1832 674 635 144 193 77 2567 1694 1168 561 52 231 134 49 174 127 1158 424 539 1763 146 734 696 665 637 301 336 216 161 279 137 873 258 95 66 55 200 180 158 42 116 89 120 85 116 65
internal_count=32049 29131 2918 2687 2553 26392 2360 2186 210 190 2739 44 23825 2391 2194 1976 1832 674 635 144 193 77 2567 1694 1168 561 52 231 134 49 174 127 1158 424 539 1763 146 734 696 665 637 301 336 216 161 279 137 873 258 95 66 55 200 180 158 42 116 89 120 85 116 65
is_linear=0
shrinkage=0.05


Tree=69
num_leaves=63
num_cat=0
split_feature=23 9 36 9 28 12 32 2 8 32 34 34 40 13 36 33 33 36 36 25 40 36 34 34 33 32 36 40 33 40 40 34 21 36 32 34 33 32 40 40 40 34 40 2 25 21 36 36 36 33 24 36 36 36 36 36 36 40 33 40 21 36
split_gain=89332 12487.6 9804.4 9404.14 6913.97 5817.36 5247.75 5190 5976.41 6060.26 5752.75 7801.06 4861.41 4996.9 4718.7 4359.39 5771.2 5028.13 8219.85 4014.18 3761.2 3743.83 6810.79 4566.37 3614.74 3547.34 3536.8 4761.64 4289.13 5104.19 6459.02 7153.56 3401.87 3397.43 3535.23 3384.63 6637.18 3339.32 3255.22 3238.54 4698.88 4058.09 3227.52 4654.54 4481.05 3037.54 3034.05 2979.13 4354.71 3007.41 3318.15 2947.1 3582.45 2943.4 6123 2921.56 2913.17 2988.02 2778.61 2747.01 2733.32 2686.99
threshold=1.0000000180025095e-35 1.0000000180025095e-35 147.81250000000003 1.0000000180025095e-35 1.0000000180025095e-35 1.0000000180025095e-35 274.55000000000007 1.0000000180025095e-35 1.0000000180025095e-35 389.15000000000003 4.6500000000000012 340.15000000000003 5.5000000000000009 1.0000000180025095e-35 370.65000000000009 437.75000000000006 339.05000000000007 276.51666666666671 323.02500000000003 1.0000000180025095e-35 5.5000000000000009 269.82916666666671 173.65000000000001 209.85000000000005 84.950000000000017 203.00000000000003 268.21666666666675 3.5000000000000004 51.750000000000007 4.5000000000000009 1.5000000000000002 1.0500000000000003 1.0000000180025095e-35 318.92500000000001 434.75000000000006 18.200000000000006 299.05000000000007 164.25000000000003 4.5000000000000009 4.5000000000000009 1.5000000000000002 401.75000000000006 1.0000000180025095e-35 1.0000000180025095e-35 1.0000000180025095e-35 1.0000000180025095e-35 359.52500000000003 275.04166666666669 286.95833333333343 1.7500000000000002 1.0000000180025095e-35 246.95833333333337 183.88333333333335 325.31250000000006 294.5125000000001 217.45833333333334 357.02500000000003 2.5000000000000004 157.25000000000003 4.5000000000000009 1.0000000180025095e-35 113.11250000000003
decision_type=2 2 2 2 2 2 2 2 2 2 2 2 2 2 2 2 2 2 2 2 2 2 2 2 2 2 2 2 2 2 2 2 2 2 2 2 2 2 2 2 2 2 2 2 2 2 2 2 2 2 2 2 2 2 2 2 2 2 2 2 2 2
left_child=1 4 25 5 42 7 61 8 12 37 -9 38 13 15 20 16 26 -17 -19 33 39 22 -5 58 -11 -2 28 -28 32 30 31 -30 -4 47 -35 -7 -37 -10 -12 40 -6 -42 -1 -44 56 -22 -8 49 -49 -14 51 52 -51 54 -29 -15 -45 -58 -23 -39 -54 -3
right_child=2 6 3 21 14 35 46 10 9 24 11 -13 19 55 -16 17 -18 18 -20 -21 45 23 -24 -25 -26 -27 27 53 29 -31 -32 -33 -34 34 -36 36 -38 59 -40 -41 41 -43 43 44 -46 -47 -48 48 -50 50 -52 -53 60 -55 -56 -57 57 -59 -60 -61 -62 -63
leaf_value=-0.082433800588029557 -0.0055042646438054439 -0.13610031812857953 0.10467019496702762 0.69732690072234949 -0.081939048389635227 0.81349064990093845 0.12705749508786721 0.78920639372215828 -0.28064954407287368 -0.09816049218177797 0.19066740274429322 0.89446260738372807 0.16753890248478059 0.33553926050662997 0.21734797701354253 -0.88135240688920025 0.54598086089739262 0.77993323179808538 -0.51157363887344098 0.80413674210407304 0.048834440172795951 0.96486197789510086 -0.1693850846413304 1.2904958493179746 -1.0269275928085502 0.3763266372804841 0.41700480848712768 0.31271711169254213 0.25329063851863909 -0.48784792194924043 0.42580774632784035 -0.67677068033001642 0.54056775069662499 0.41632449893150358 1.0261925109795162 0.70927119077862921 -0.40365256780669806 0.67883752161456701 -0.66174757934751971 -0.1414098892914534 0.10298624099844463 0.8307280713319779 -0.043956454202472524 -0.010933501197877046 0.29604962130452134 0.28086558615858542 0.35436485341025725 -0.56407736110687257 0.21079150329936636 0.82057299017906193 1.0529569685459137 0.85897578746080405 -0.25493810712359849 0.24380498701849809 -0.51394551675766709 0.97543037851651515 0.70044432866852735 0.11542496851343986 0.33163349846514262 0.036733704474237232 0.35535285223362062 0.048197558685183141
leaf_weight=4559 392 227 223 68 541 76 796 91 33 20 24 25 149 44 333 20 106 22 28 49 574 30 34 36 22 72 230 42 39 62 65 44 56 157 28 37 21 31 21 458 454 20 17291 1556 154 187 180 25 66 22 22 26 32 130 48 30 24 241 41 36 43 1536
leaf_count=4559 392 227 223 68 541 76 796 91 33 20 24 25 149 44 333 20 106 22 28 49 574 30 34 36 22 72 230 42 39 62 65 44 56 157 28 37 21 31 21 458 454 20 17291 1556 154 187 180 25 66 22 22 26 32 130 48 30 24 241 41 36 43 1536
internal_value=0.000763583 -0.0256563 0.264519 0.304372 -0.0362024 0.274507 0.0759621 0.254229 0.231702 -0.0806386 0.527072 0.186298 0.256233 0.197076 0.0417629 0.170669 0.196257 -0.211323 0.0566894 0.369864 0.0155901 0.625167 0.408423 0.831782 -0.584658 0.0537454 0.156779 0.257934 0.0636904 -0.106994 0.0525536 -0.239754 0.192162 0.332532 0.508629 0.593967 0.306316 0.131049 -0.207126 -0.0310417 0.0187599 0.133693 -0.0446027 -0.0356506 0.0370669 0.105851 0.168979 0.247914 -0.00208456 0.325294 0.487401 0.386245 0.259534 0.0916336 -0.12817 0.594955 0.015165 0.168408 0.599195 0.333827 0.094962 0.0244678
internal_weight=32049 29131 2918 2454 26392 2245 2739 2111 1950 142 161 70 1808 1189 2567 1115 1045 70 50 619 2234 209 102 107 42 464 939 450 489 210 148 83 279 570 185 134 58 100 45 1473 1015 474 23825 19266 1975 761 976 385 91 294 145 123 97 220 90 74 1821 265 71 67 75 1763
internal_count=32049 29131 2918 2454 26392 2245 2739 2111 1950 142 161 70 1808 1189 2567 1115 1045 70 50 619 2234 209 102 107 42 464 939 450 489 210 148 83 279 570 185 134 58 100 45 1473 1015 474 23825 19266 1975 761 976 385 91 294 145 123 97 220 90 74 1821 265 71 67 75 1763
is_linear=0
shrinkage=0.05


Tree=70
num_leaves=63
num_cat=0
split_feature=23 9 33 15 31 6 24 31 31 7 2 13 31 31 28 31 37 33 33 7 21 31 31 33 34 29 9 31 33 9 31 10 33 12 33 31 31 37 33 38 31 31 33 24 4 34 31 33 33 31 33 7 28 4 33 31 33 33 31 34 2 31
split_gain=67739.4 13194.9 8129.25 9346.29 6817.41 6746.41 6809.66 9223.72 6396 6366.21 5823.87 5106.03 5051.82 4787.88 4661.84 4424 4342.91 5024.34 8765.22 3956.04 4429.49 3917.54 3842.45 3566.84 5959.63 3322.94 3299.43 3795.98 3194.67 3073.67 3009.73 2981.81 2928.14 3542.7 4180.11 2808.51 3391.9 2793.14 3256.02 4586.8 2903.25 3550.26 2740.1 2667.26 2662.19 3883.94 3109.02 2645.42 2645.22 7326.29 4248.74 2571.07 2562.89 2547.43 2627.63 2482.67 2418.32 5058.83 2359.5 2304.87 2271.35 2270.66
threshold=1.0000000180025095e-35 1.0000000180025095e-35 317.35000000000008 1.0000000180025095e-35 296.45000000000005 1.0000000180025095e-35 1.0000000180025095e-35 100.45000000000002 240.95000000000002 1.0000000180025095e-35 1.0000000180025095e-35 1.0000000180025095e-35 261.45000000000005 414.45000000000005 1.0000000180025095e-35 40.000000000000007 4.5000000000000009 51.750000000000007 77.350000000000009 1.0000000180025095e-35 1.0000000180025095e-35 408.75000000000006 334.05000000000007 121.55000000000001 83.350000000000009 1.0000000180025095e-35 1.0000000180025095e-35 296.45000000000005 192.05000000000004 1.0000000180025095e-35 424.35000000000008 1.0000000180025095e-35 297.15000000000003 1.0000000180025095e-35 23.150000000000002 400.75000000000006 347.85000000000008 4.5000000000000009 129.55000000000004 1.0000000180025095e-35 102.45000000000002 52.150000000000013 87.250000000000014 1.0000000180025095e-35 1.0000000180025095e-35 2.5500000000000003 357.45000000000005 131.65000000000001 168.35000000000005 146.55000000000004 185.65000000000001 1.0000000180025095e-35 1.0000000180025095e-35 1.0000000180025095e-35 420.75000000000006 71.050000000000011 150.15000000000001 15.850000000000003 115.25000000000001 213.65000000000001 1.0000000180025095e-35 40.000000000000007
decision_type=2 2 2 2 2 2 2 2 2 2 2 2 2 2 2 2 2 2 2 2 2 2 2 2 2 2 2 2 2 2 2 2 2 2 2 2 2 2 2 2 2 2 2 2 2 2 2 2 2 2 2 2 2 2 2 2 2 2 2 2 2 2
left_child=1 9 3 4 11 6 7 55 29 14 16 32 15 61 -1 -3 17 19 -19 20 43 44 60 -23 -25 26 27 -10 -18 53 35 51 33 37 -35 36 -29 38 39 40 41 -2 -36 -6 45 -20 -47 -39 49 -40 -50 52 -14 54 -9 -4 57 -13 -17 -7 -16 -11
right_child=2 12 5 -5 10 59 -8 8 25 13 -12 56 31 -15 22 58 28 18 21 -21 -22 23 -24 24 -26 -27 -28 30 -30 -31 -32 -33 -34 34 42 -37 -38 47 48 -41 -42 -43 -44 -45 -46 46 -48 -49 50 -51 -52 -53 -54 -55 -56 -57 -58 -59 -60 -61 -62 -63
leaf_value=-0.050671891643057437 0.35503057354205364 0.22503125164389182 0.80072097984227275 -0.75717926248908052 0.27124990276837102 -0.24521711048483852 -0.054158598707433336 0.36720657091514741 1.0483876607634806 0.17719434452662758 0.81419422436578603 0.31162810407765212 0.12450072614171925 0.18810106437049562 -0.039953302265624074 -0.13481349897479392 1.1775190473957495 -0.75726042780382885 0.43440361189700316 0.87997701982657128 0.72048206155950378 -0.63758986971595077 0.11373477157395261 -0.19968060871650434 0.72381473350524905 0.08817304915958836 1.1586171030308363 0.16295743896202608 0.32542714828794655 0.69542511582374578 0.77616697835425541 -0.094516839665071725 -0.39342780719200771 0.69083814644427211 -0.37394485331716992 -0.2048079647801139 0.85946743344438481 0.11288888774812222 -0.042040872031992138 -0.43457548657189249 0.13328292912811288 -0.18780508711934091 0.31774143132898547 -0.31664484832901513 0.85007111706904004 -0.60502186238765721 0.27659878075122835 -0.66572629461685828 -0.43725350635747118 1.2342309369989064 0.28167369750986149 0.39685132476060014 0.38953852790780363 -0.47343815664450334 -0.20539088005369363 1.3724476739250382 0.069111700304623311 1.1714932951789636 0.020633852277293724 0.37898919568175365 0.17990110428363551 -0.0073483299065925257
leaf_weight=21412 37 208 55 26 546 50 57 51 33 182 51 50 1038 446 1429 346 22 29 84 30 55 22 786 58 25 31 27 44 22 20 48 116 30 54 21 22 29 20 22 46 605 162 45 20 21 20 20 24 24 23 143 114 100 21 33 29 29 26 829 21 128 1981
leaf_count=21412 37 208 55 26 546 50 57 51 33 182 51 50 1038 446 1429 346 22 29 84 30 55 22 786 58 25 31 27 44 22 20 48 116 30 54 21 22 29 20 22 46 605 162 45 20 21 20 20 24 24 23 143 114 100 21 33 29 29 26 829 21 128 1981
internal_value=-0.00107928 -0.0243291 0.225846 0.185686 0.19596 0.395491 0.460255 0.526443 0.416083 -0.0352022 0.29335 0.122614 0.0798725 0.0389365 -0.0433449 0.0124848 0.266078 0.243113 0.0655889 0.319194 0.292103 0.161039 0.0236149 -0.0715532 0.0784806 0.570332 0.643962 0.56501 0.751473 0.127327 0.453461 0.147999 0.0946126 0.106555 0.36459 0.29041 0.439653 0.0785582 0.0947317 0.0510087 0.0787909 -0.0868758 0.0976594 0.250476 0.329469 0.241302 -0.164212 -0.31181 0.270036 0.610276 0.178355 0.170469 0.147791 0.0191184 0.142258 0.998103 0.457566 0.605793 -0.0251404 -0.0605927 -0.0218792 0.00817953
internal_weight=32098 29115 2983 2412 2386 571 500 443 359 26364 1025 1361 2751 2609 23755 1383 974 930 279 651 621 250 2343 105 83 234 203 176 44 125 143 1368 1256 1226 120 95 73 1106 1062 850 804 199 66 566 145 124 40 44 212 45 167 1252 1138 105 84 84 105 76 1175 71 1557 2163
internal_count=32098 29115 2983 2412 2386 571 500 443 359 26364 1025 1361 2751 2609 23755 1383 974 930 279 651 621 250 2343 105 83 234 203 176 44 125 143 1368 1256 1226 120 95 73 1106 1062 850 804 199 66 566 145 124 40 44 212 45 167 1252 1138 105 84 84 105 76 1175 71 1557 2163
is_linear=0
shrinkage=0.05


Tree=71
num_leaves=63
num_cat=0
split_feature=23 9 35 33 36 40 40 40 32 34 40 35 34 36 36 5 40 40 40 11 32 31 34 33 21 35 2 32 36 33 39 31 31 36 33 36 31 35 34 34 21 36 35 33 29 2 32 32 31 31 29 36 35 40 40 40 36 9 35 35 31 32
split_gain=61134.9 11908.4 8317.96 6842.21 6479.08 6351.2 8980.25 15240.2 6976.39 6349.8 6125.74 7608.3 6116.61 5420.71 8110.01 4914.15 4815.67 8484.02 8252.76 5481.63 4810.47 5824.37 4796.98 6887.51 4757.65 4511.1 4416.29 3997.25 3693.67 3649.99 3602.84 3576.66 3741.2 4068.15 3521.3 3406.66 3634.85 3294.03 4878.29 5621.48 8875.07 3435.44 3667.8 7234.83 3127.55 3962.63 3030.92 2963.84 3146.47 4501.32 2911.99 4311.91 3909.52 2904.03 4253.38 5212.27 2855.91 2847.77 4592.78 3539.49 2818.34 4815.27
threshold=1.0000000180025095e-35 1.0000000180025095e-35 1020.4500000000002 465.45000000000005 354.54166666666669 5.5000000000000009 3.5000000000000004 1.5000000000000002 474.15000000000003 384.80000000000001 2.5000000000000004 501.65000000000003 29.350000000000005 220.91250000000005 240.05833333333337 1.0000000180025095e-35 5.5000000000000009 4.5000000000000009 1.0000000180025095e-35 1.0000000180025095e-35 158.25000000000003 450.45000000000005 125.75000000000001 87.250000000000014 1.0000000180025095e-35 777.00000000000011 1.0000000180025095e-35 430.85000000000008 174.31250000000006 87.250000000000014 1.0000000180025095e-35 388.85000000000008 100.45000000000002 362.04166666666669 378.05000000000007 302.3633333333334 432.55000000000007 940.45000000000016 118.65000000000002 2.9500000000000006 1.0000000180025095e-35 229.91666666666669 415.05000000000007 131.65000000000001 1.0000000180025095e-35 1.0000000180025095e-35 143.55000000000004 438.55000000000007 300.15000000000003 203.75000000000003 1.0000000180025095e-35 349.91250000000008 1455.95 5.5000000000000009 4.5000000000000009 1.0000000180025095e-35 185.05833333333337 1.0000000180025095e-35 940.45000000000016 873.85000000000014 347.85000000000008 29.850000000000005
decision_type=2 2 2 2 2 2 2 2 2 2 2 2 2 2 2 2 2 2 2 2 2 2 2 2 2 2 2 2 2 2 2 2 2 2 2 2 2 2 2 2 2 2 2 2 2 2 2 2 2 2 2 2 2 2 2 2 2 2 2 2 2 2
left_child=1 16 3 5 24 6 7 15 12 20 11 -9 27 -4 -15 37 17 18 -1 -18 35 57 -14 -24 53 -20 -21 -8 -26 -13 -19 32 -16 47 -6 36 -7 38 39 40 41 42 -2 -44 45 -27 -25 48 49 -34 51 -33 -53 54 55 -3 -42 58 59 -22 -43 -62
right_child=2 4 13 -5 34 9 8 10 -10 -11 -12 29 22 14 31 -17 19 30 25 26 21 -23 23 46 28 44 -28 -29 -30 -31 -32 50 33 -35 -36 -37 -38 -39 -40 -41 56 60 43 -45 -46 -47 -48 -49 -50 -51 -52 52 -54 -55 -56 -57 -58 -59 -60 -61 61 -63
leaf_value=-0.07401619107641301 0.018924668685361311 -0.12644055585729561 1.2134832743089647 0.86289979517459869 0.20622543014048467 0.094817722805666249 0.039281110441461903 0.35280295688173047 -0.86537481390911608 1.1406702541169667 0.35132993837570153 1.6877644353856642 -1.0141490374292645 -0.54232388890307881 0.9100608229637146 -0.49585271501863332 -0.015646959524027292 -0.070186672643715892 -0.0080036561686535057 0.083440507936787617 0.28772838158644121 1.0387797874789084 -0.84263555398210888 -0.24495048986540902 0.022452650056505694 0.087910827002017508 0.48802428185637742 0.51254306682385509 0.27839079027075364 0.85418114704561643 -0.15495464302277984 0.92780488467798006 0.016799371821038866 0.70660291959842048 0.64854931693810691 0.38134160898987535 -0.60394106388092039 -0.37303101788548865 0.61956293012233488 -0.66074040712167825 0.44179069399833681 0.38260184508875356 -1.1999339263886213 0.070859996477762852 -0.07789614488797382 0.34661275175116635 0.48526707053184509 -0.23646116960793734 -0.0012195504014042842 0.76874557146802547 0.14996536195278168 0.062923221054830045 0.9004603217948568 0.10032043733026744 -0.17425416590064727 0.12649504967735334 1.2081486278772355 0.73036210040251426 1.0140610229969025 -0.27465430613487002 0.35048806231158475 -0.35062457942962649
leaf_weight=5088 103 340 20 36 334 268 633 46 23 21 225 24 21 23 23 37 7590 3618 6170 762 287 31 26 27 245 757 74 48 332 29 1918 82 34 39 52 103 20 34 47 24 31 88 21 24 203 184 30 40 69 48 30 38 22 549 391 508 20 39 20 31 48 50
leaf_count=5088 103 340 20 36 334 268 633 46 23 21 225 24 21 23 23 37 7590 3618 6170 762 287 31 26 27 245 757 74 48 332 29 1918 82 34 39 52 103 20 34 47 24 31 88 21 24 203 184 30 40 69 48 30 38 22 549 391 508 20 39 20 31 48 50
internal_value=-0.00102531 -0.0231127 0.214554 0.178537 0.0758789 0.168599 0.112333 0.225686 -0.00705188 0.282434 0.495543 0.823298 0.0180964 0.408106 0.372152 0.059778 -0.0334421 -0.048088 -0.0251141 -0.00226263 0.259877 0.379979 -0.339051 -0.168243 0.044879 0.00890481 0.119253 0.0726388 0.169717 1.23165 -0.0995553 0.421641 0.302045 0.241243 0.265813 0.134554 0.0462928 0.101734 0.137133 0.0816947 0.127976 0.0341689 -0.1456 -0.522177 0.100098 0.138497 0.139375 0.146222 0.247595 0.456963 0.597559 0.692121 0.37002 0.00459297 -0.0378238 0.0250822 0.742323 0.325807 0.279127 0.232905 0.177211 -0.00722247
internal_weight=32098 29115 2983 2515 2751 2479 1659 851 808 820 324 99 785 468 448 527 26364 17938 12402 8426 799 408 104 83 2365 7314 836 681 577 53 5536 425 253 230 386 391 288 490 456 409 385 334 148 45 1144 941 57 191 151 82 172 142 60 1788 1239 848 51 377 338 318 186 98
internal_count=32098 29115 2983 2515 2751 2479 1659 851 808 820 324 99 785 468 448 527 26364 17938 12402 8426 799 408 104 83 2365 7314 836 681 577 53 5536 425 253 230 386 391 288 490 456 409 385 334 148 45 1144 941 57 191 151 82 172 142 60 1788 1239 848 51 377 338 318 186 98
is_linear=0
shrinkage=0.05


Tree=72
num_leaves=63
num_cat=0
split_feature=39 40 40 40 40 35 35 9 36 8 35 40 9 10 35 35 29 40 40 40 40 31 31 31 6 34 29 35 36 21 36 31 31 9 36 31 36 5 24 34 36 24 6 8 35 34 5 18 36 36 31 35 35 36 18 15 6 31 31 36 36 36
split_gain=14869.5 15129.6 19033.7 22402.5 19757.1 11080.6 8272.21 7827.86 6039.84 5194.16 5605.75 5080.23 4937.93 4829.02 4822.26 4428.92 4244.74 4136.13 5043.5 6075.56 4044.64 4198.81 4011.74 3902.5 3768.07 3805.22 3386.12 3287.29 3226.25 3217.08 3179.88 4321.4 2753.67 2717.46 2651.78 2595.79 2563.81 2555.5 4131.59 3078.51 2580 2429.62 2382.93 2360.85 3278.02 2945.84 2806.14 2328.39 2762.23 2223.61 2682.67 2223.45 2221.45 2216.94 2163.55 2365.15 2101.04 2063.58 3443.49 2014.53 1929.54 1910.71
threshold=1.0000000180025095e-35 5.5000000000000009 4.5000000000000009 1.5000000000000002 2.5000000000000004 958.55000000000007 1279.4000000000003 1.0000000180025095e-35 291.51250000000005 1.0000000180025095e-35 437.25000000000006 3.5000000000000004 1.0000000180025095e-35 1.0000000180025095e-35 1351.1500000000003 1351.1500000000003 1.0000000180025095e-35 5.5000000000000009 4.5000000000000009 1.5000000000000002 2.5000000000000004 224.05000000000004 462.55000000000007 292.25000000000006 1.0000000180025095e-35 423.15000000000003 1.0000000180025095e-35 445.15000000000009 342.98333333333341 1.0000000180025095e-35 210.21250000000001 181.95000000000002 374.55000000000007 1.0000000180025095e-35 286.95833333333343 40.000000000000007 321.08333333333343 1.0000000180025095e-35 1.0000000180025095e-35 206.45000000000002 220.91250000000005 1.0000000180025095e-35 1.0000000180025095e-35 1.0000000180025095e-35 765.35000000000002 382.75000000000006 1.0000000180025095e-35 1.0000000180025095e-35 244.65833333333336 87.737500000000011 62.750000000000007 437.25000000000006 450.4500000000001 153.21000000000004 1.0000000180025095e-35 1.0000000180025095e-35 1.0000000180025095e-35 209.75000000000003 26.850000000000005 192.21666666666673 233.41666666666669 364.8250000000001
decision_type=2 2 2 2 2 2 2 2 2 2 2 2 2 2 2 2 2 2 2 2 2 2 2 2 2 2 2 2 2 2 2 2 2 2 2 2 2 2 2 2 2 2 2 2 2 2 2 2 2 2 2 2 2 2 2 2 2 2 2 2 2 2
left_child=12 2 3 47 7 9 11 8 26 10 49 43 -1 24 17 16 37 18 19 -14 21 -21 28 -9 25 33 29 -10 36 -5 -15 -32 35 34 -12 53 -8 38 39 -7 -41 42 54 45 -45 46 52 -2 -49 -3 -51 -13 -6 -19 55 57 -42 58 60 -31 -4 -29
right_child=1 5 41 4 6 15 22 23 27 -11 13 51 14 30 -16 -17 -18 32 -20 20 -22 -23 -24 -25 -26 -27 -28 61 -30 59 31 -33 -34 -35 -36 -37 -38 -39 -40 40 56 -43 -44 44 -46 -47 -48 48 -50 50 -52 -53 -54 -55 -56 -57 -58 -59 -60 -61 -62 -63
leaf_value=-0.037825816899780505 -0.033703403076936998 -0.1325277165309843 0.0003918514183656437 0.19063861773136151 0.094489527643593724 0.31112873592030477 0.26188107459195731 0.63489402389084848 0.24609972563656896 -0.15093629050093729 0.12645425215010317 -0.084776713781932259 -0.081304283150297391 0.26775002890163002 0.63577429255580209 0.65997523898497612 -0.070040787543569294 0.1160164651274681 -0.15632679881026371 0.14274471162190272 0.10842466212094622 0.84562905242755315 1.0947484438618025 1.5563901855796578 -0.046742177652195099 0.84672583775675825 -0.29475620455212065 0.55725225210189822 -0.12629571470121545 0.3131643492482209 -0.79631565528420312 -0.074210328637969267 0.31497560727094931 0.40648461575029604 0.27639146221314909 0.038183449592315039 0.96877083285995147 0.067803390502886876 0.0065890777911712869 1.0753827738761903 0.61776767614934791 -0.26462450494203305 -0.27372482382418478 -0.48186818599700931 0.15727692148945435 0.74914955894152335 -0.13363315753638746 -0.38319740334732666 -0.030329230911376182 0.30173322290030063 0.029615920386481722 0.050085103091458152 0.24508954755168216 0.81287703810348411 -0.25717034259185312 -0.43814058846661025 0.075508037480441006 -0.018122805237547876 -0.16639801166093199 0.76483718366064934 0.42449225362609416 0.96690157402645471
leaf_weight=17063 2770 191 127 249 462 204 29 27 44 222 886 489 438 45 34 78 84 25 427 43 379 42 24 20 160 23 27 59 24 52 26 102 167 142 442 413 23 87 67 25 95 225 170 35 47 21 80 108 114 98 1195 815 521 21 160 42 22 1249 703 47 34 55
leaf_count=17063 2770 191 127 249 462 204 29 27 44 222 886 489 438 45 34 78 84 25 427 43 379 42 24 20 160 23 27 59 24 52 26 102 167 142 442 413 23 87 67 25 95 225 170 35 47 21 80 108 114 98 1195 815 521 21 160 42 22 1249 703 47 34 55
internal_value=-0.000974046 0.0401514 0.00308857 0.0517899 0.144856 0.118377 0.0853683 0.408445 0.353899 0.0831924 0.0988953 0.0673188 -0.029135 0.157555 0.045421 0.306101 0.258837 0.035154 -0.0147595 0.0522573 0.178335 0.490052 0.531191 1.02702 0.18386 0.208573 0.244647 0.613202 0.353226 0.286497 -0.0937856 -0.220888 0.141121 0.198588 0.176358 0.0778662 0.574544 0.314089 0.36597 0.435561 0.614322 -0.107289 -0.0930435 0.143151 -0.115529 0.162719 0.151134 -0.0461903 -0.201995 0.026717 0.0502404 -0.000488078 0.174309 0.434148 -0.0797753 -0.0666044 0.515804 -0.0592194 -0.118629 0.527595 0.0899534 0.75489
internal_weight=32098 13046 8852 6142 3150 4194 2570 580 533 3532 3310 2470 19052 1826 1989 662 584 1955 1329 902 464 85 100 47 1653 1493 375 158 76 348 173 128 626 1470 1328 459 52 500 413 346 142 2710 2485 1166 82 1084 1063 2992 222 1484 1293 1304 983 46 2315 2155 117 2113 864 99 161 114
internal_count=32098 13046 8852 6142 3150 4194 2570 580 533 3532 3310 2470 19052 1826 1989 662 584 1955 1329 902 464 85 100 47 1653 1493 375 158 76 348 173 128 626 1470 1328 459 52 500 413 346 142 2710 2485 1166 82 1084 1063 2992 222 1484 1293 1304 983 46 2315 2155 117 2113 864 99 161 114
is_linear=0
shrinkage=0.05


Tree=73
num_leaves=63
num_cat=0
split_feature=23 9 35 7 2 15 28 31 35 40 40 40 8 32 0 35 31 35 7 40 31 40 2 32 4 21 40 35 9 35 35 32 40 32 24 35 40 31 31 40 31 35 31 32 31 32 35 12 29 31 5 40 40 35 40 31 31 40 40 40 34 31
split_gain=53827.5 9888.45 7069.17 6867.65 5521.07 6774.88 5429.77 5032.78 5032.46 4961.91 7602.78 9146.24 4702.13 6059.76 5420.69 4632.15 5470.29 4169.98 4126.32 3898.79 4031.02 5016.17 3791.53 3777.98 3733.48 4034.4 3928.62 3856.79 3697.74 4577.52 9504.72 5562.02 3557.45 3433.83 3337.85 3221.25 3077.1 3058.6 2947.1 2943.48 2938.19 6307.82 6817.1 9833.2 9408.24 5365.73 4435.55 3234.86 3665.3 2892.06 4348.02 3782.65 4389.1 3643.71 4594.97 3521.49 3825.72 2773.55 3186.31 4057.88 3171.72 2621.27
threshold=1.0000000180025095e-35 1.0000000180025095e-35 1020.4500000000002 1.0000000180025095e-35 1.0000000180025095e-35 1.0000000180025095e-35 1.0000000180025095e-35 75.15000000000002 800.35000000000025 1.0000000180025095e-35 3.5000000000000004 5.5000000000000009 1.0000000180025095e-35 285.85000000000008 1.0000000180025095e-35 812.6500000000002 370.15000000000003 1279.4000000000003 1.0000000180025095e-35 1.5000000000000002 283.85000000000008 2.5000000000000004 1.0000000180025095e-35 394.35000000000008 1.0000000180025095e-35 1.0000000180025095e-35 5.5000000000000009 940.45000000000016 1.0000000180025095e-35 543.55000000000007 572.75000000000011 386.85000000000008 5.5000000000000009 25.450000000000003 1.0000000180025095e-35 782.6500000000002 4.5000000000000009 408.75000000000006 462.55000000000007 1.5000000000000002 332.05000000000007 517.05000000000007 404.95000000000005 158.25000000000003 450.45000000000005 4.6500000000000012 812.6500000000002 1.0000000180025095e-35 1.0000000180025095e-35 388.85000000000008 1.0000000180025095e-35 5.5000000000000009 4.5000000000000009 1170.4500000000003 1.0000000180025095e-35 83.65000000000002 167.05000000000004 1.0000000180025095e-35 3.5000000000000004 5.5000000000000009 378.85000000000008 349.95000000000005
decision_type=2 2 2 2 2 2 2 2 2 2 2 2 2 2 2 2 2 2 2 2 2 2 2 2 2 2 2 2 2 2 2 2 2 2 2 2 2 2 2 2 2 2 2 2 2 2 2 2 2 2 2 2 2 2 2 2 2 2 2 2 2 2
left_child=1 6 4 49 5 12 18 -6 -8 -3 19 36 13 14 24 61 -17 -13 -1 -11 -21 35 34 -5 25 27 -26 40 29 31 -31 -15 -30 -27 38 -22 -12 -35 -20 -9 46 45 -43 -44 -45 -42 47 48 -2 55 51 52 53 -51 -55 -4 -57 -10 60 -60 -59 -14
right_child=2 9 3 23 7 -7 8 39 57 10 11 17 15 28 -16 16 -18 -19 22 20 21 -23 -24 -25 26 33 -28 -29 32 30 -32 -33 -34 37 -36 -37 -38 -39 -40 -41 41 42 43 44 -46 -47 -48 -49 -50 50 -52 -53 -54 54 -56 56 -58 58 59 -61 -62 -63
leaf_value=-0.045457417335508982 0.036562340178932611 -0.075332616577568512 0.83257468968629844 0.55974773199934702 -0.17739687700970816 -0.70477448222429862 -0.0078817417997609444 0.058407872915267944 -0.034938278690281654 0.029324026872229771 0.069727816043974697 0.14360807527953237 -0.18670037566841424 0.31786986211655849 -0.63585068868554162 -0.13665583712213181 0.88972201886631197 0.71645893255869553 0.0048097801431341222 0.20009926209847131 0.60721879563023973 0.35154647026521468 0.23793255268743163 1.3610536028941473 -0.39829301045786952 0.64975687118676995 0.30675000568916061 -0.57027007540687913 0.31775198142443384 -0.83617409921827779 0.25511811158340425 1.0955701715805952 1.1299663153978494 0.1480809297256484 -0.20974974064212182 1.3983122435483066 -0.12861033013046144 0.70437170225998447 0.22336506236876763 0.69343454269605265 0.28697022551726553 0.4240264181334239 -0.78862423325578379 -0.49903627634048464 0.94725285302037787 0.93211092562288855 0.61372594833374028 0.38522048387676477 -0.56881895898124923 0.87075682257612552 1.023922037256175 0.76109587718278937 -0.42479791537575101 -0.41117797764864839 0.58922073865930247 -0.38539475917816168 0.22111766171044644 0.3101420698705174 -0.017136668401514798 0.27521062073707581 0.99715182304382322 -0.8291678367555142
leaf_weight=21412 652 492 20 38 26 23 1775 22 167 123 293 851 77 71 23 34 21 33 1884 198 31 120 190 24 62 65 29 20 28 21 400 34 26 167 167 22 588 29 168 107 250 52 48 22 23 37 36 64 26 24 29 39 23 22 24 30 195 105 226 250 20 20
leaf_count=21412 652 492 20 38 26 23 1775 22 167 123 293 851 77 71 23 34 21 33 1884 198 31 120 190 24 62 65 29 20 28 21 400 34 26 167 167 22 588 29 168 107 250 52 48 22 23 37 36 64 26 24 29 39 23 22 24 30 195 105 226 250 20 20
internal_value=-0.000925343 -0.0216507 0.20136 0.379793 0.168157 0.149171 -0.0310634 0.457227 0.038385 0.0685555 0.0998936 0.051366 0.157576 0.176282 0.126227 -0.111325 0.255234 0.164993 -0.0384773 0.273277 0.354156 0.530475 0.0235641 0.869931 0.137306 0.156282 -0.173609 0.118395 0.314796 0.274346 0.200683 0.569697 0.708818 0.334829 0.00520899 0.935597 -0.0626477 0.230389 0.0227032 0.585135 0.129778 0.234338 -0.0344591 -0.290817 0.240178 0.370142 0.0717193 0.0454225 0.0133471 0.304944 0.469563 0.347772 0.174443 0.371336 0.110769 0.196766 0.140249 0.145316 0.195404 0.136407 0.420064 -0.319168
internal_weight=32098 29115 2983 468 2515 2360 26364 155 2543 2751 2259 1765 2337 2185 1605 152 55 884 23821 494 371 173 2409 62 1582 1491 91 1230 580 526 421 105 54 261 2219 53 881 196 2052 129 1210 432 145 93 45 287 778 742 678 406 161 132 93 70 46 245 225 768 601 476 125 97
internal_count=32098 29115 2983 468 2515 2360 26364 155 2543 2751 2259 1765 2337 2185 1605 152 55 884 23821 494 371 173 2409 62 1582 1491 91 1230 580 526 421 105 54 261 2219 53 881 196 2052 129 1210 432 145 93 45 287 778 742 678 406 161 132 93 70 46 245 225 768 601 476 125 97
is_linear=0
shrinkage=0.05


Tree=74
num_leaves=63
num_cat=0
split_feature=23 9 36 13 21 36 9 28 36 6 8 31 33 36 32 31 21 32 36 12 31 21 32 40 31 35 33 34 39 34 31 36 36 33 34 25 33 40 40 40 31 31 40 25 34 31 32 35 35 36 32 32 29 40 34 40 33 33 32 32 40 40
split_gain=48579.3 8924.33 6720.04 6690.74 7694.84 5483.3 5079.46 4900.37 4814.52 4313.09 4273.43 7535.75 5178.29 5264.56 4299.65 8792.88 4753.69 6115.95 4194.36 4093.5 4537.31 4045.33 3846.22 3652.44 4180.82 7005.8 3648.78 3482.32 3353.78 3243.4 3140.95 3128.92 3118.33 5479.05 4866.58 2900.85 2874.54 2723.77 3666.67 4828.29 6786.92 4602.09 3556.24 2879.74 2691.17 4463.86 2670.87 4529.82 7390.57 3393.87 2666.58 3072.07 2665.43 2640.33 3749.07 2627.81 2532.52 5156.31 2516.43 4081.59 2487.75 4708.14
threshold=1.0000000180025095e-35 1.0000000180025095e-35 276.51666666666671 1.0000000180025095e-35 1.0000000180025095e-35 354.54166666666669 1.0000000180025095e-35 1.0000000180025095e-35 174.31250000000006 1.0000000180025095e-35 1.0000000180025095e-35 476.65000000000003 102.25000000000001 195.6166666666667 283.95000000000005 460.75000000000006 1.0000000180025095e-35 257.15000000000003 203.41000000000003 1.0000000180025095e-35 4.0500000000000007 1.0000000180025095e-35 478.05000000000007 1.5000000000000002 372.45000000000005 587.85000000000014 323.05000000000007 342.25000000000006 1.0000000180025095e-35 423.15000000000003 322.15000000000003 174.31250000000006 188.61250000000004 19.750000000000004 125.75000000000001 1.0000000180025095e-35 378.05000000000007 5.5000000000000009 3.5000000000000004 1.5000000000000002 292.25000000000006 450.45000000000005 2.5000000000000004 1.0000000180025095e-35 133.15000000000001 191.85000000000005 29.850000000000005 916.25000000000011 1170.4500000000003 352.12500000000006 418.85000000000008 433.05000000000007 1.0000000180025095e-35 3.5000000000000004 2.9500000000000006 3.5000000000000004 446.85000000000008 365.95000000000005 422.85000000000008 362.45000000000005 5.5000000000000009 4.5000000000000009
decision_type=2 2 2 2 2 2 2 2 2 2 2 2 2 2 2 2 2 2 2 2 2 2 2 2 2 2 2 2 2 2 2 2 2 2 2 2 2 2 2 2 2 2 2 2 2 2 2 2 2 2 2 2 2 2 2 2 2 2 2 2 2 2
left_child=1 7 3 10 32 21 9 52 -9 37 11 14 13 -12 15 16 17 23 19 20 -18 -3 35 30 27 -26 53 55 -10 -30 -2 -23 -5 -34 -35 50 -7 38 39 40 -4 42 -41 -40 45 -14 -42 49 -49 -48 -16 -52 60 54 -22 -25 57 -8 59 -11 61 -1
right_child=2 5 6 4 -6 36 56 8 28 58 12 -13 44 -15 22 -17 18 -19 -20 -21 26 31 -24 24 25 -27 -28 -29 29 -31 -32 -33 33 34 -36 -37 -38 -39 43 41 46 -43 -44 -45 -46 -47 47 48 -50 -51 51 -53 -54 -55 -56 -57 -58 -59 -60 -61 -62 -63
leaf_value=-0.023834420994786068 -0.066519866313244552 -0.00053862290930821227 0.77941660712926819 0.030668767725492454 1.0694927495386866 0.18601975123743766 0.50492958600790994 -0.082290560154809803 0.031800360763668926 -0.19982482158556217 -0.1245766854286194 0.95221627288394517 0.38518292307853702 -1.2129363289475441 0.41698041581347883 -0.95267448992956261 0.73623742564864791 -0.49749324119315957 0.63674831312086633 0.78729849639146232 0.71050445370135773 0.016183723293396894 -0.3205285765230656 0.2817595955020949 1.1879640247510828 -0.060079683769832963 -0.61283128478310323 0.66736656030019126 0.14496124930585658 0.62847441273766602 -0.71812017645154691 0.25174465412891145 1.0431175691740853 -0.14083718675139703 0.82274550050497064 -0.1719174392024676 0.58566352005761402 0.40850088041555738 0.15022346316794596 0.9144977415512715 0.28806441485408757 1.216192560363561 0.24351530526556187 -0.40021508585375093 0.3911992305942944 -0.59284675962158617 -0.9664213481403533 0.86503448107025849 -0.39150608885288241 -0.056330068409442907 -0.43738346639133641 0.28543134663177999 -0.088074964891759144 -0.086929990197050167 -0.1675494396686554 0.0010774256525567837 0.13880318224430085 1.4155153675512835 -0.50371683895587915 0.65736871503648309 -0.0062694585192270662 -0.085132859283659448
leaf_weight=10159 155 1788 39 77 36 334 53 639 1313 41 25 27 20 20 255 21 23 53 59 23 31 245 27 102 23 22 22 24 554 37 21 332 28 38 20 30 52 311 276 28 63 24 67 26 35 28 21 22 25 20 21 49 2271 87 20 457 20 22 25 21 6862 4529
leaf_count=10159 155 1788 39 77 36 334 53 639 1313 41 25 27 20 20 255 21 23 53 59 23 31 245 27 102 23 22 22 24 554 37 21 332 28 38 20 30 52 311 276 28 63 24 67 26 35 28 21 22 25 20 21 49 2271 87 20 457 20 22 25 21 6862 4529
internal_value=-0.000879076 -0.0205681 0.191292 0.133768 0.407908 0.0651277 0.289198 -0.0295102 0.0364657 0.256289 0.101296 0.124197 -0.176385 -0.608292 0.109537 0.0610014 0.0799739 0.0227443 0.265053 0.158596 0.0795788 0.0366094 0.254763 0.0570385 0.113456 0.577809 -0.0148159 0.0776135 0.0763214 0.175232 -0.144268 0.151723 0.261791 0.468725 0.191433 0.298517 0.239858 0.288044 0.226732 0.347822 0.191405 0.597564 0.441279 0.102835 0.0577822 -0.185334 0.0395345 -0.13839 0.196662 -0.522474 0.341942 0.0685869 -0.0365535 0.0805199 0.36617 0.0522931 0.638723 0.772035 -0.0802413 0.0905149 -0.031124 -0.0427356
internal_weight=32098 29115 2983 1879 199 2751 1104 26364 2543 1009 1680 1552 128 45 1525 1143 1122 857 265 206 183 2365 382 804 628 45 160 583 1904 591 176 577 163 86 58 355 386 922 611 309 190 119 95 302 83 48 151 88 47 41 325 70 23821 138 51 559 95 75 87 62 21550 14688
internal_count=32098 29115 2983 1879 199 2751 1104 26364 2543 1009 1680 1552 128 45 1525 1143 1122 857 265 206 183 2365 382 804 628 45 160 583 1904 591 176 577 163 86 58 355 386 922 611 309 190 119 95 302 83 48 151 88 47 41 325 70 23821 138 51 559 95 75 87 62 21550 14688
is_linear=0
shrinkage=0.05


Tree=75
num_leaves=63
num_cat=0
split_feature=23 9 9 2 7 35 40 40 40 40 33 6 33 8 5 32 7 35 32 7 32 33 36 33 32 37 35 33 33 5 35 33 32 32 29 21 36 40 28 33 36 21 21 36 36 35 40 40 40 40 36 33 37 37 35 32 32 35 36 32 32 35
split_gain=45673.8 8168.06 7358.98 5537.22 5436.74 5116.36 5031.83 5518.38 7452.54 8761.72 14216.2 6922.16 6721.27 5286.87 4906.87 5047.91 4786.39 4536.08 4485.39 4420.17 6120.34 4273.99 5780.15 5194.85 4244.32 4276.85 4159.85 3766.69 4473.96 3747.16 3621.62 3527.48 3381.81 7783.75 3365.59 3354.88 3454.08 3773.49 3336.18 3282.91 3172.46 3197.57 3169 4061.23 3424.09 3146.79 3118.55 4256.67 4393.92 2995.29 2903.16 3783.61 3594.64 3245.61 2562.33 2980.88 4032.8 4688.33 2549.83 6036.75 2517.39 2470.15
threshold=1.0000000180025095e-35 1.0000000180025095e-35 1.0000000180025095e-35 1.0000000180025095e-35 1.0000000180025095e-35 1531.0000000000002 5.5000000000000009 4.5000000000000009 1.5000000000000002 2.5000000000000004 211.65000000000001 1.0000000180025095e-35 444.85000000000008 1.0000000180025095e-35 1.0000000180025095e-35 464.85000000000008 1.0000000180025095e-35 522.6500000000002 402.85000000000008 1.0000000180025095e-35 378.65000000000003 285.35000000000008 269.82916666666671 26.450000000000003 79.250000000000014 3.5000000000000004 380.65000000000009 109.55000000000001 183.15000000000001 1.0000000180025095e-35 477.25000000000006 309.05000000000007 434.75000000000006 394.35000000000008 1.0000000180025095e-35 1.0000000180025095e-35 219.77083333333334 4.5000000000000009 1.0000000180025095e-35 370.25000000000006 224.28750000000005 1.0000000180025095e-35 1.0000000180025095e-35 250.51000000000002 284.0125000000001 645.45000000000016 5.5000000000000009 4.5000000000000009 1.5000000000000002 3.5000000000000004 229.91666666666669 26.450000000000003 2.5000000000000004 3.5000000000000004 765.35000000000002 396.45000000000005 203.00000000000003 517.05000000000007 263.94166666666672 156.25000000000003 358.65000000000003 987.70000000000016
decision_type=2 2 2 2 2 2 2 2 2 2 2 2 2 2 2 2 2 2 2 2 2 2 2 2 2 2 2 2 2 2 2 2 2 2 2 2 2 2 2 2 2 2 2 2 2 2 2 2 2 2 2 2 2 2 2 2 2 2 2 2 2 2
left_child=2 3 19 4 6 16 7 8 11 10 17 14 31 26 15 18 38 -10 50 -1 34 23 -23 45 25 -9 -8 -25 -29 54 -3 49 33 42 40 36 -5 -38 46 -22 -21 -42 43 -32 -45 -6 47 48 -4 -11 51 52 -2 -53 55 56 57 -26 59 -51 -52 -39
right_child=1 30 5 35 21 -7 13 24 9 12 -12 -13 -14 -15 -16 -17 -18 -19 -20 20 39 22 -24 27 29 -27 -28 28 -30 -31 32 -33 -34 -35 -36 -37 37 61 -40 -41 41 -43 -44 44 -46 -47 -48 -49 -50 58 60 53 -54 -55 -56 -57 -58 -59 -60 -61 -62 -63
leaf_value=-0.034926777445890719 0.0032670998055001964 -0.054873967992848362 -0.070920240383885044 -0.041122275358065966 0.31081649348945234 0.80060095281704613 0.087983882021537785 0.21818566983860554 0.099486612794920812 0.30713439371499274 1.8790342634916308 -0.63425181497819727 -0.72842116666957735 -0.21680453069626338 -0.43605250285026875 0.857842524846395 0.27469987227113674 0.89435248449444771 -0.45462050083044336 -0.049275497529807144 0.14154528867047611 1.2192287229722547 0.2816736443766526 -0.5828273387058921 -0.22618034732969186 -0.55959932923316957 0.343250002075765 0.76811207510530954 -0.20396409856862038 0.26444521782601754 -0.014673085437844631 0.62294492332831686 0.041424405985865102 1.3729677011226786 -0.24407849914497801 0.84298575794374619 0.79747452614258751 0.49388173348025277 0.23155092573024991 0.51243851035833365 0.05079590250679758 0.3806535336421803 0.88523853835132393 1.106648905033415 0.34267760298468852 1.08925654232502 0.10018786175740631 -0.14547043047517158 0.13230340371126903 -0.16378514838499436 0.18957724897297368 -0.81604493802244016 0.66908892576511092 -0.087278887748718267 -0.07903428890598499 -0.91066917129184888 -0.012507069518323989 -1.1078130273818969 -0.22319513725883822 0.52196558877825738 0.78172233939170843 -0.1075459786480473
leaf_weight=23814 92 29 527 48 37 23 236 152 50 179 20 40 20 63 47 21 221 28 38 987 404 31 35 23 38 20 493 20 29 41 46 46 29 29 135 37 49 38 193 70 900 80 36 22 44 20 733 498 537 69 175 22 26 50 123 23 64 25 68 60 20 31
leaf_count=23814 92 29 527 48 37 23 236 152 50 179 20 40 20 63 47 21 221 28 38 987 404 31 35 23 38 20 493 20 29 41 46 46 29 29 135 37 49 38 193 70 900 80 36 22 44 20 733 498 537 69 175 22 26 50 123 23 64 25 68 60 20 31
internal_value=-0.00102567 0.185346 -0.0201096 0.161143 0.14109 0.0580078 0.12003 0.0678373 0.131247 0.262038 0.689764 -0.00176084 0.167203 0.222636 0.0497659 0.101193 0.051703 0.384823 0.0636285 -0.0281966 0.034021 0.394781 0.72204 0.227346 -0.0718987 0.127746 0.260612 -0.0549687 0.192802 -0.181258 0.468271 0.209649 0.541918 0.62392 -0.00257703 0.412445 0.316482 0.461948 0.031895 0.196319 0.0139978 0.0777231 0.477147 0.345974 0.597335 0.583953 0.0151047 -0.0248222 0.0316466 0.159087 0.11478 -0.024316 0.149974 -0.309957 -0.248195 -0.386907 -0.292052 -0.576035 0.0245659 0.155169 0.25031 0.223675
internal_weight=32104 2982 29122 2747 2544 2732 2349 1557 1071 540 98 531 442 792 491 444 2709 78 423 26390 2576 195 66 129 486 172 729 72 49 314 235 422 206 177 2102 203 166 118 2488 474 1967 980 148 112 66 57 2295 1562 1064 376 385 190 118 72 273 150 127 63 197 129 195 69
internal_count=32104 2982 29122 2747 2544 2732 2349 1557 1071 540 98 531 442 792 491 444 2709 78 423 26390 2576 195 66 129 486 172 729 72 49 314 235 422 206 177 2102 203 166 118 2488 474 1967 980 148 112 66 57 2295 1562 1064 376 385 190 118 72 273 150 127 63 197 129 195 69
is_linear=0
shrinkage=0.05


Tree=76
num_leaves=63
num_cat=0
split_feature=23 9 12 9 36 13 36 32 33 33 7 32 40 40 32 40 32 32 32 24 32 6 11 33 34 36 8 36 18 34 36 40 40 40 34 33 36 32 32 21 34 40 33 34 11 25 32 36 36 21 33 36 36 10 36 21 32 33 37 34 11 40
split_gain=41220.6 7371.68 7761.71 6641.48 6079.23 5953.5 5028.83 4823.86 4559.55 4192.76 3989.21 5523.61 3569.3 6556.38 8961.02 8059.81 7337.97 5796.76 5731.34 5409.44 5223.03 5016.93 6274.21 4554.97 4139.79 4223.52 3666.42 3374.57 3267.55 3174.98 3130.65 3109.56 3894.52 4393.05 3267.09 3309.28 3060.13 4509.92 6503.18 3748.06 4340.04 3547.75 2962.83 2911.92 3317.28 2863.49 3374.3 2857.07 2683.47 3326.94 3575.87 2645.56 4109.54 2546.82 2462.36 2412.51 2387.38 3083.36 2647.12 2565.17 2342.32 2311.83
threshold=1.0000000180025095e-35 1.0000000180025095e-35 1.0000000180025095e-35 1.0000000180025095e-35 331.81666666666672 1.0000000180025095e-35 256.81666666666672 274.55000000000007 14.750000000000002 73.350000000000009 1.0000000180025095e-35 378.65000000000003 5.5000000000000009 4.5000000000000009 472.65000000000003 1.5000000000000002 414.85000000000008 410.95000000000005 390.65000000000003 1.0000000180025095e-35 446.55000000000007 1.0000000180025095e-35 1.0000000180025095e-35 257.05000000000007 108.25000000000001 220.91250000000005 1.0000000180025095e-35 138.27083333333334 1.0000000180025095e-35 428.15000000000003 220.91250000000005 1.0000000180025095e-35 3.5000000000000004 5.5000000000000009 243.25000000000003 289.05000000000007 173.16750000000005 434.75000000000006 394.35000000000008 1.0000000180025095e-35 314.60000000000008 2.5000000000000004 370.25000000000006 56.95000000000001 1.0000000180025095e-35 1.0000000180025095e-35 329.95000000000005 194.51250000000002 243.37500000000003 1.0000000180025095e-35 28.550000000000004 180.51666666666668 291.51250000000005 1.0000000180025095e-35 285.45833333333337 1.0000000180025095e-35 236.15000000000001 102.25000000000001 2.5000000000000004 1.0500000000000003 1.0000000180025095e-35 4.5000000000000009
decision_type=2 2 2 2 2 2 2 2 2 2 2 2 2 2 2 2 2 2 2 2 2 2 2 2 2 2 2 2 2 2 2 2 2 2 2 2 2 2 2 2 2 2 2 2 2 2 2 2 2 2 2 2 2 2 2 2 2 2 2 2 2 2
left_child=3 2 4 10 5 12 8 -5 -4 -10 55 29 13 14 15 17 19 21 53 45 24 22 23 56 26 -26 30 -11 -6 43 -14 -9 -33 61 -35 -36 -3 38 39 40 41 -38 60 -12 -45 46 51 -29 49 50 -7 -15 -53 -17 -48 -1 59 58 -58 -2 -13 -34
right_child=1 36 6 7 28 48 -8 31 9 27 11 42 20 16 -16 18 -18 -19 -20 -21 -22 -23 -24 -25 25 -27 -28 47 -30 -31 -32 32 33 34 35 -37 37 -39 -40 -41 -42 -43 -44 44 -46 -47 54 -49 -50 -51 -52 52 -54 -55 -56 -57 57 -59 -60 -61 -62 -63
leaf_value=-0.042977819473546314 0.02060546286766661 0.040373041913008847 0.69436586881056428 0.005337848017462862 0.30743975247969502 0.43306448976783191 1.0745930274327598 -0.048603934205723981 -0.20547749004934146 -0.13693913891202891 0.012099800970088363 0.097972392738872288 0.051000088181425922 -0.25943253285300577 0.9681496130568642 0.19023694083308437 -0.81290996105242996 -0.83748428061604496 0.76954137699767244 -0.74006934124847934 -0.45253550067092435 -0.64003950899297546 0.86482171833515165 -0.39525026270788011 1.0322316379458816 0.27722840066683496 -0.33352442603362237 0.96101720457275719 -0.19191139902387347 0.38338478095829487 0.31376018364271618 0.38784631143420772 0.19690058749131484 0.18801667158802352 0.3028934688337388 1.1278404647484421 1.0708011510697277 -0.062150439194270546 1.3043193262198878 1.0355972483456135 -0.23784115263260902 0.34033218087518918 0.48681658044457432 -0.22982692876793145 0.23679216942853398 -0.57441371083259585 0.7962215022607283 0.28832950905749671 0.91758106917142868 0.83753096759319312 -0.11478481871901819 0.21322553610672124 -0.4622450834938458 -0.31479028474401544 0.029665863811969756 -0.0073300227494458234 0.17901703345364539 -0.15598220516134192 0.88890523463487625 -0.56966319197700144 0.53162633671480064 -0.093842496436612896
leaf_weight=17269 149 39 64 1750 512 68 27 173 46 23 1757 370 235 95 28 331 39 25 42 29 33 33 20 73 27 59 38 27 35 52 219 183 99 255 31 20 22 28 29 25 24 68 70 248 45 22 22 38 20 24 53 115 28 27 20 6545 29 27 24 21 34 221
leaf_count=17269 149 39 64 1750 512 68 27 173 46 23 1757 370 235 95 28 331 39 25 42 29 33 33 20 73 27 59 38 27 35 52 219 183 99 255 31 20 22 28 29 25 24 68 70 248 45 22 22 38 20 24 53 115 28 27 20 6545 29 27 24 21 34 221
internal_value=-0.000974385 0.176079 0.153086 -0.0191041 0.127982 0.0871282 0.43447 0.0551074 0.347181 0.181361 -0.0267868 0.0323199 0.0609177 0.0107951 0.0889068 0.0581717 -0.164217 -0.100235 0.216975 -0.0877853 0.159276 -0.0512158 0.00543485 -0.047778 0.194206 0.514264 0.138261 0.383573 0.275489 -0.00244818 0.17775 0.143801 0.184945 0.125631 0.261081 0.626402 0.444858 0.525342 0.623257 0.481165 0.359579 0.518891 0.186503 -0.0122352 -0.158162 -0.0251488 0.0180078 0.567754 0.374649 0.299762 0.193097 -0.0549076 0.0809656 0.152148 0.431195 -0.0331804 0.0536839 0.278921 0.500476 -0.0523101 0.134468 -0.00389385
internal_weight=32104 2982 2747 29122 2522 1975 225 2732 198 134 26390 2576 1810 1199 829 801 370 401 400 331 611 376 343 323 578 86 492 88 547 2102 454 982 809 626 306 51 235 196 168 139 114 90 474 2050 293 302 280 65 165 145 121 238 143 358 42 23814 250 80 53 170 404 320
internal_count=32104 2982 2747 29122 2522 1975 225 2732 198 134 26390 2576 1810 1199 829 801 370 401 400 331 611 376 343 323 578 86 492 88 547 2102 454 982 809 626 306 51 235 196 168 139 114 90 474 2050 293 302 280 65 165 145 121 238 143 358 42 23814 250 80 53 170 404 320
is_linear=0
shrinkage=0.05


Tree=77
num_leaves=63
num_cat=0
split_feature=23 9 12 9 31 2 31 33 7 31 40 33 31 40 40 40 11 7 34 40 28 33 31 33 31 28 40 39 34 34 34 31 31 34 33 31 33 33 40 7 31 25 31 11 13 7 31 40 31 40 40 31 40 33 31 33 11 31 31 28 33 34
split_gain=37201.6 6652.94 7004.94 5993.93 5353.3 4860.36 5068.44 4376.73 4178.05 3912.9 3843.68 3802.79 3729.46 3658.82 6488.68 6633.75 4582.5 4095.58 3911.91 3646.13 3632.37 3438.43 7158.35 5590.1 6835.97 3434.31 3416.46 3250.07 3228.34 3079.65 2927.47 2921.91 6601.46 4452.84 9943.68 3718 8219.08 3601.37 2840.38 2833.49 2723.56 2680.75 7294.39 3428.38 2829.2 2763.79 4154.15 2676.45 2624.4 2606.32 2432.43 2430.84 2421.99 2351.59 5023.24 4382.96 2351.29 2344.41 2338.06 2326.29 2256.4 2238.79
threshold=1.0000000180025095e-35 1.0000000180025095e-35 1.0000000180025095e-35 1.0000000180025095e-35 412.55000000000007 1.0000000180025095e-35 209.75000000000003 14.750000000000002 1.0000000180025095e-35 376.55000000000007 3.5000000000000004 79.350000000000009 394.65000000000003 5.5000000000000009 4.5000000000000009 1.0000000180025095e-35 1.0000000180025095e-35 1.0000000180025095e-35 329.50000000000006 1.5000000000000002 1.0000000180025095e-35 444.85000000000008 115.25000000000001 381.15000000000003 140.35000000000005 1.0000000180025095e-35 5.5000000000000009 1.0000000180025095e-35 206.45000000000002 29.350000000000005 18.200000000000006 52.150000000000013 110.95000000000002 106.25000000000001 4.8500000000000005 89.550000000000011 114.05000000000001 194.55000000000004 4.5000000000000009 1.0000000180025095e-35 201.65000000000001 1.0000000180025095e-35 400.75000000000006 1.0000000180025095e-35 1.0000000180025095e-35 1.0000000180025095e-35 493.85000000000008 5.5000000000000009 220.05000000000004 2.5000000000000004 5.5000000000000009 486.35000000000008 3.5000000000000004 283.45000000000005 221.95000000000002 138.65000000000001 1.0000000180025095e-35 460.75000000000006 464.85000000000008 1.0000000180025095e-35 397.55000000000007 74.350000000000009
decision_type=2 2 2 2 2 2 2 2 2 2 2 2 2 2 2 2 2 2 2 2 2 2 2 2 2 2 2 2 2 2 2 2 2 2 2 2 2 2 2 2 2 2 2 2 2 2 2 2 2 2 2 2 2 2 2 2 2 2 2 2 2 2
left_child=3 2 5 13 7 6 21 -4 9 59 19 40 53 14 15 -1 20 25 56 -7 39 23 -23 31 -25 -17 41 -16 30 -12 38 33 35 34 -2 37 47 -33 -13 -15 -9 43 -43 44 45 46 51 -37 -18 -45 -11 -8 57 55 -55 -3 60 -27 -22 -5 -19 -14
right_child=1 12 4 8 -6 10 26 11 -10 50 29 28 61 16 27 17 48 18 -20 -21 58 22 -24 24 -26 52 -28 -29 -30 -31 -32 32 -34 -35 -36 36 -38 -39 -40 -41 -42 42 -44 49 -46 -47 -48 -49 -50 -51 -52 -53 -54 54 -56 -57 -58 -59 -60 -61 -62 -63
leaf_value=-0.061998414272972958 0.5138321917217511 0.40433402374530075 0.69153339686940929 -0.019192529290017406 1.1935676538944244 0.33608399349100448 0.046652150766454979 -0.63650643467903145 0.26026274422519247 0.075506706112563354 0.37970305258073872 0.80957853815828773 1.1298745581736931 -0.032925484740068983 -0.055323782494829124 -0.011745859789625975 0.0086836718933564188 0.050342267816481379 0.67516543288384723 1.0992485374212266 0.066778625164944164 0.21890543756030856 -1.0866098505400477 0.97214307762456675 -0.16570179056037557 0.14717056664965442 0.26567705356644722 -0.13564103291914456 0.88748642206192019 -0.17418456262833365 -0.27258099576701289 -0.20852964188726175 0.073748132586479193 0.91221776545047772 -0.59583923834742925 -0.46377337028582888 -1.2983084231615067 0.44842754054069522 0.094698865542357624 0.074210995028456544 0.16968218210068617 0.26920927388442534 -0.77994750882188479 0.91622256725095219 0.52077052546174907 0.39412998339830668 0.74443725517817905 0.18964698860049248 0.18574889892385524 0.25454228821655978 0.28594989919273017 -0.51254450066015123 -0.020431352090504437 0.92773745976961575 0.06715293864409129 -0.23941666744649412 0.46359308409460243 0.57530436950070518 0.39417554978518038 0.18740981522242767 0.39681147781803328 0.44454549821940337
leaf_weight=5049 52 78 61 1716 20 34 687 20 222 448 78 24 26 6230 3640 5871 362 598 31 29 720 21 21 33 22 370 499 1926 22 37 23 126 436 20 33 42 24 25 33 685 22 37 30 22 38 64 21 25 496 46 198 20 225 39 30 40 42 35 59 148 51 22
leaf_count=5049 52 78 61 1716 20 34 687 20 222 448 78 24 26 6230 3640 5871 362 598 31 29 720 21 21 33 22 370 499 1926 22 37 23 126 436 20 33 42 24 25 33 685 22 37 30 22 38 64 21 25 496 46 198 20 225 39 30 40 42 35 59 148 51 22
internal_value=-0.000925666 0.167275 0.145431 -0.0181489 0.412747 0.121583 0.102455 0.336569 0.052352 0.0339631 0.373467 0.186203 0.422615 -0.0254474 -0.0383383 -0.0180293 0.00144068 0.0127059 0.125683 0.687382 -0.0107817 0.00762256 -0.433852 0.029749 0.517005 0.000158709 0.159458 -0.0831159 0.351081 0.201496 0.20357 -0.00447718 -0.0424876 0.240961 0.0830186 -0.251904 -0.504359 -0.0997619 0.395701 -0.0223125 -0.214217 0.104533 -0.200562 0.127296 0.0993324 0.0791119 0.051418 -0.21996 0.111043 0.468615 0.140008 0.0308333 0.111098 0.321699 0.55357 0.186113 0.101032 0.18417 0.0915751 -0.00278848 0.0775687 0.815765
internal_weight=32104 2982 2747 29122 225 2522 2344 205 2732 2510 178 144 235 26390 17838 12272 8552 7223 722 63 7694 880 42 838 55 6501 1464 5566 102 115 80 783 678 105 85 242 91 151 57 6915 42 965 67 898 830 792 728 67 858 68 646 707 630 187 69 118 691 405 779 1864 649 48
internal_count=32104 2982 2747 29122 225 2522 2344 205 2732 2510 178 144 235 26390 17838 12272 8552 7223 722 63 7694 880 42 838 55 6501 1464 5566 102 115 80 783 678 105 85 242 91 151 57 6915 42 965 67 898 830 792 728 67 858 68 646 707 630 187 69 118 691 405 779 1864 649 48
is_linear=0
shrinkage=0.05


Tree=78
num_leaves=63
num_cat=0
split_feature=23 7 34 2 9 35 40 40 35 5 11 33 35 40 25 33 40 25 33 7 33 33 33 34 34 34 32 31 31 35 32 31 11 7 32 31 33 33 32 36 36 31 32 31 32 31 36 31 32 31 40 36 33 33 13 31 35 31 33 35 36 5
split_gain=33574.4 6350.2 6097.91 6056.64 5409.52 4340.38 4269.26 13772.4 11624.6 6380.38 5432.49 6716.62 4631.23 4593.69 4917.42 4216.47 4115.06 4353.39 4104.8 3818.36 3761.89 4341.67 4407.45 3737.37 3654.56 4750.13 7562.39 3529.5 4608.69 3496.53 7894.34 4757.25 4192.89 3318.53 4950.66 3258.47 3234.41 4064.78 3607.6 3156.17 3093.49 3091.37 2965.34 2914.48 2957.98 3731.16 2904.4 3992.09 4814.29 2956.03 2901.65 2896.84 2869.28 4993.57 3287.65 3733.3 5488.84 3162.74 3236.43 3114.5 2773.97 2710.33
threshold=1.0000000180025095e-35 1.0000000180025095e-35 114.55000000000001 1.0000000180025095e-35 1.0000000180025095e-35 1531.0000000000002 1.5000000000000002 2.5000000000000004 522.6500000000002 1.0000000180025095e-35 1.0000000180025095e-35 26.450000000000003 592.85000000000014 5.5000000000000009 1.0000000180025095e-35 109.55000000000001 4.5000000000000009 1.0000000180025095e-35 407.65000000000003 1.0000000180025095e-35 397.55000000000007 26.450000000000003 131.65000000000001 345.80000000000001 308.30000000000001 16.950000000000003 416.95000000000005 62.750000000000007 121.75000000000001 501.65000000000003 143.55000000000004 316.35000000000008 1.0000000180025095e-35 1.0000000180025095e-35 378.65000000000003 230.15000000000001 379.65000000000003 291.45000000000005 394.35000000000008 252.83333333333337 347.52916666666675 458.45000000000005 333.65000000000003 376.55000000000007 205.15000000000001 52.150000000000013 286.95833333333343 408.75000000000006 171.95000000000002 335.95000000000005 4.5000000000000009 235.65833333333336 463.55000000000007 419.15000000000003 1.0000000180025095e-35 102.45000000000002 543.55000000000007 123.85000000000001 353.65000000000003 361.15000000000003 294.5125000000001 1.0000000180025095e-35
decision_type=2 2 2 2 2 2 2 2 2 2 2 2 2 2 2 2 2 2 2 2 2 2 2 2 2 2 2 2 2 2 2 2 2 2 2 2 2 2 2 2 2 2 2 2 2 2 2 2 2 2 2 2 2 2 2 2 2 2 2 2 2 2
left_child=4 3 20 6 33 19 9 8 -8 10 11 27 -13 16 52 -16 46 18 29 43 21 60 -23 36 25 26 -5 -2 -29 31 -31 -18 61 -1 35 -35 37 38 51 -19 -33 -30 -27 44 -6 -46 47 48 49 -9 -4 -14 53 54 55 56 59 -57 -59 -15 -3 -32
right_child=1 2 50 24 5 -7 7 13 -10 -11 -12 12 23 14 15 -17 17 39 -20 -21 -22 22 -24 -25 -26 42 -28 28 41 30 32 40 -34 34 -36 -37 -38 -39 -40 -41 -42 -43 -44 -45 45 -47 -48 -49 -50 -51 -52 -53 -54 -55 -56 57 -58 58 -60 -61 -62 -63
leaf_value=-0.030006549734925926 0.79618668967769268 0.18250532551610377 1.1218510191781179 0.30739761671730292 -0.06159444607051659 0.73369991727497275 0.17211889292482499 0.087156058910848766 1.2097716446356341 -0.51587203090841116 0.72800272202917515 -0.76716798986758927 -0.13577907851764134 -0.10687353780626185 1.0847793834550041 0.27615725523547124 -0.08078724238881492 -0.92985364768816092 0.42360439151525497 0.24310167686322628 0.76180610486439304 -0.69955573146757877 0.13418382543559168 -0.73036243915557864 0.9084778547286988 0.21326579958200456 1.3666380812600256 -0.42951336241694116 0.13144066220660902 -0.84595845404424164 -0.22829977399830162 0.95225916832685487 0.62737768083810819 -0.073065869768039998 0.17570185999460675 0.052273704099795482 -0.38235898122022099 0.67129704058170325 -0.56243608792622879 -0.071026840507984162 0.22054083626896431 0.68510198839779557 -0.57272405765950685 0.11917017637811129 0.33934563218995378 0.024072555400816174 -0.02892009902920499 0.85810939415241594 0.40650943682623519 -0.54756734953040176 0.48250436426864729 0.56097018374846541 0.61962848270640658 -0.49334639968543215 0.59980048405569653 0.7260656450150742 -0.7572110643753639 0.14585117046688451 0.71699615579385023 0.62000554382801054 0.93314625144004815 0.28010383539367467
leaf_weight=23814 21 32 35 107 1034 23 53 145 55 55 28 31 35 56 28 38 133 23 50 221 28 23 51 21 30 30 20 33 193 38 145 20 20 930 474 1172 44 26 24 20 52 29 20 630 108 716 149 24 138 21 36 26 34 29 43 27 26 539 26 20 20 32
leaf_count=23814 21 32 35 107 1034 23 53 145 55 55 28 31 35 56 28 38 133 23 50 221 28 23 51 21 30 30 20 33 193 38 145 20 20 930 474 1172 44 26 24 20 52 29 20 630 108 716 149 24 138 21 36 26 34 29 43 27 26 539 26 20 20 32
internal_value=-0.000879383 0.158911 0.414321 0.138067 -0.0172414 0.0497344 0.116953 0.151508 0.700553 -0.00417368 0.0509015 0.0116492 -0.203649 0.1199 0.204396 0.619209 0.0474507 -0.0480251 -0.00569426 0.0439274 0.23758 0.121085 -0.124951 -0.104393 0.398175 0.311682 0.474207 0.173123 0.121812 -0.0544782 -0.186123 0.0964322 -0.0588456 -0.0241751 0.0297346 -0.00318101 -0.0195844 0.124218 -0.0431236 -0.530399 0.423796 0.203766 -0.10113 0.0262355 -0.00527631 0.0653948 0.154135 0.237292 0.18828 0.00685972 0.797675 0.161196 0.170174 0.150224 0.175548 0.149261 -0.130121 0.197398 0.172134 0.0844104 0.471213 -0.136385
internal_weight=32104 2982 225 2757 29122 2732 2550 1984 108 566 511 483 207 1876 866 66 1010 533 490 2709 154 126 74 176 207 177 127 276 255 440 235 205 197 26390 2576 2102 155 111 85 43 72 222 50 2488 1858 824 477 328 304 166 71 61 800 766 737 694 102 592 565 76 52 177
internal_count=32104 2982 225 2757 29122 2732 2550 1984 108 566 511 483 207 1876 866 66 1010 533 490 2709 154 126 74 176 207 177 127 276 255 440 235 205 197 26390 2576 2102 155 111 85 43 72 222 50 2488 1858 824 477 328 304 166 71 61 800 766 737 694 102 592 565 76 52 177
is_linear=0
shrinkage=0.05


Tree=79
num_leaves=63
num_cat=0
split_feature=23 7 34 2 40 40 40 7 40 7 28 40 40 40 33 6 11 33 36 31 40 25 33 40 25 11 33 32 8 33 33 33 24 31 32 36 32 32 31 34 34 32 32 28 31 36 36 36 31 29 34 33 36 31 2 31 18 31 33 32 36 36
split_gain=30300.9 5731.06 5503.36 5466.12 5294.25 9260.73 10102.7 5762.14 5093.01 4574 4448.16 4293.13 3853 12429.6 9770.44 6020.56 6781.34 6296.32 5077.56 4555.02 4145.8 4437.97 3805.36 3713.84 3928.94 3710.29 3704.59 3500.04 3454.34 3395.11 3918.36 3977.72 3307.77 3595.83 4893.81 3661.74 3347.83 5706.66 6277.02 3298.24 4286.99 6825.06 3223.02 3133.68 3113.61 3088.42 2848.44 2778.75 3170.6 3446.08 3044.94 3384.29 3732.37 3864.03 2745.51 2721.93 4750.9 6832.99 5070.76 2676.22 2662.49 2621.22
threshold=1.0000000180025095e-35 1.0000000180025095e-35 114.55000000000001 1.0000000180025095e-35 5.5000000000000009 4.5000000000000009 1.5000000000000002 1.0000000180025095e-35 2.5000000000000004 1.0000000180025095e-35 1.0000000180025095e-35 3.5000000000000004 1.5000000000000002 2.5000000000000004 8.1500000000000004 1.0000000180025095e-35 1.0000000180025095e-35 26.450000000000003 262.54166666666674 62.750000000000007 5.5000000000000009 1.0000000180025095e-35 109.55000000000001 4.5000000000000009 1.0000000180025095e-35 1.0000000180025095e-35 407.65000000000003 29.850000000000005 1.0000000180025095e-35 397.55000000000007 26.450000000000003 131.65000000000001 1.0000000180025095e-35 121.75000000000001 398.85000000000008 161.38750000000002 384.95000000000005 77.250000000000014 412.55000000000007 308.30000000000001 16.950000000000003 416.95000000000005 366.15000000000003 1.0000000180025095e-35 440.85000000000008 293.01666666666671 252.83333333333337 296.12500000000006 454.25000000000006 1.0000000180025095e-35 258.25000000000006 376.2000000000001 263.94166666666672 332.05000000000007 1.0000000180025095e-35 129.75000000000003 1.0000000180025095e-35 184.05000000000004 116.25000000000001 333.65000000000003 299.32916666666671 286.95833333333343
decision_type=2 2 2 2 2 2 2 2 2 2 2 2 2 2 2 2 2 2 2 2 2 2 2 2 2 2 2 2 2 2 2 2 2 2 2 2 2 2 2 2 2 2 2 2 2 2 2 2 2 2 2 2 2 2 2 2 2 2 2 2 2 2
left_child=4 3 29 12 5 6 -1 10 45 25 -8 -12 15 14 18 16 17 19 -14 -2 23 28 -23 61 26 43 32 -7 47 30 -3 -32 33 34 35 -25 37 -35 -39 40 41 -5 -11 -6 -21 -9 -26 48 49 50 51 52 53 -22 -27 -19 57 -57 -59 -42 -38 -15
right_child=1 2 -4 39 9 27 7 8 -10 42 11 -13 13 20 -16 -17 -18 55 -20 44 21 22 -24 24 46 54 -28 -29 -30 -31 31 -33 -34 36 -36 -37 60 38 -40 -41 59 -43 -44 -45 -46 -47 -48 -49 -50 -51 -52 -53 -54 -55 -56 56 -58 58 -60 -61 -62 -63
leaf_value=-0.050653003805492973 0.88838243007659912 0.44765270855277778 0.75779149028092208 0.29202773016746914 -0.018553309621633648 -0.042542895705049114 0.0063112186587242882 0.29261199840566232 0.10196367079863132 0.074872799660666151 0.27236364883413683 -0.0032363453947007654 -0.13041569586311069 0.22542701742495411 1.2502315657256649 -0.56564526083794509 0.84690728211402888 -0.54847723828120676 0.7560448879996936 0.032505693018742621 0.10870757558068454 1.0305404109614236 0.2623493891013296 -0.3619152953889635 -0.88336096535558295 0.072797979931162243 0.40242419040203092 -0.11815621840364461 -0.19679428608186786 0.72371580132416324 -0.66457794153172045 0.12747463671600118 -0.61030833530426032 0.22231811338048707 -0.98934891939163205 0.41361367702484131 0.87871151328086849 -0.059932669963654095 -0.87507666905721038 0.86305396715799976 0.2026025105516116 1.2983061724901201 0.31321706113505499 0.087539952600047544 0.52279759798395009 0.80432690832673048 -0.067475512027740478 0.33506354446330205 -0.49089293718338017 0.60222419614975276 0.56696834564208987 -0.46647501919004652 -0.30500252698647218 0.63197574391582756 0.37861906939450607 0.60798121747516454 0.46428608611226085 -1.0964325511455537 -0.22776874970822109 -0.54408783659338955 0.14330753693357109 -0.027474102477899331
leaf_weight=6868 20 52 71 107 6908 2925 5445 105 518 714 325 250 35 328 43 44 25 44 30 219 299 28 38 45 23 781 50 3210 62 28 23 51 25 134 20 23 20 111 30 30 30 20 177 774 38 41 20 232 20 39 34 27 47 40 81 21 30 20 105 20 32 149
leaf_count=6868 20 52 71 107 6908 2925 5445 105 518 714 325 250 35 328 43 44 25 44 30 219 299 28 38 45 23 781 50 3210 62 28 23 51 25 134 20 23 20 111 30 30 30 20 177 774 38 41 20 232 20 39 34 27 47 40 81 21 30 20 105 20 32 149
internal_value=-0.000835414 0.150966 0.393605 0.131164 -0.0163794 -0.0311379 -0.00806466 0.0356961 0.17548 0.0144156 0.020278 0.152538 0.111105 0.143932 0.665526 -0.00396499 0.0433797 0.00296081 0.27872 0.161562 0.113905 0.194176 0.588249 0.0450781 -0.0456238 0.00317334 -0.00540955 -0.0821059 0.161665 0.225701 0.115031 -0.118704 -0.0517543 -0.0181065 -0.301819 -0.099604 0.0582443 -0.0113244 -0.233368 0.378266 0.296098 0.450497 0.122221 -0.00786388 0.105 0.436313 -0.503879 0.191779 0.126084 0.151474 0.112147 0.0747038 0.112558 0.17045 0.101535 -0.196733 -0.108796 -0.226553 -0.366755 -0.0960736 0.426155 0.146429
internal_weight=32104 2982 225 2757 29122 19687 13552 6684 664 9435 6020 575 2550 1984 108 566 522 497 65 277 1876 866 66 1010 533 8544 490 6135 800 154 126 74 440 415 88 68 327 275 141 207 177 127 891 7682 257 146 43 738 506 486 447 413 386 339 862 220 176 146 125 50 52 477
internal_count=32104 2982 225 2757 29122 19687 13552 6684 664 9435 6020 575 2550 1984 108 566 522 497 65 277 1876 866 66 1010 533 8544 490 6135 800 154 126 74 440 415 88 68 327 275 141 207 177 127 891 7682 257 146 43 738 506 486 447 413 386 339 862 220 176 146 125 50 52 477
is_linear=0
shrinkage=0.05


Tree=80
num_leaves=63
num_cat=0
split_feature=23 9 6 35 40 37 40 40 34 34 33 4 36 31 31 34 35 33 35 35 31 40 40 40 40 31 35 31 40 28 40 40 31 34 40 31 31 5 34 40 33 11 40 40 36 31 31 36 36 31 36 33 13 36 35 21 10 36 21 36 31 33
split_gain=26669.3 6566.63 5860.06 6487.24 5132.86 8869.09 5781.12 13626.3 5114.17 6113.07 4767.16 4561.27 4483.32 4456.28 4448.58 3981.58 7460.74 4344.88 6870.62 5438.27 3756.1 4345.58 3705.54 10880 5114.68 3704.87 3676.03 3421.15 3401.79 4387.01 3513.27 4348.28 3256.41 3162.21 3109.25 2881.56 6843.5 5121.59 4733.02 3184.07 3027.81 2875.17 3203.73 4043.84 2763.5 2761.65 3250.21 4199.27 4695.58 3571.46 4856.04 4715.55 2708.69 4323.64 6079.55 6349.48 2716.36 2662.14 2531.16 2511.89 2401.41 2236.36
threshold=1.0000000180025095e-35 1.0000000180025095e-35 1.0000000180025095e-35 426.25000000000006 5.5000000000000009 4.5000000000000009 3.5000000000000004 1.5000000000000002 384.80000000000001 61.050000000000004 376.2000000000001 1.0000000180025095e-35 147.81250000000003 481.05000000000007 191.85000000000005 312.75000000000006 1055.7500000000002 355.45000000000005 747.75000000000011 557.30000000000007 366.05000000000007 2.5000000000000004 1.5000000000000002 3.5000000000000004 5.5000000000000009 27.950000000000003 782.6500000000002 255.55000000000004 1.0000000180025095e-35 1.0000000180025095e-35 3.5000000000000004 5.5000000000000009 83.65000000000002 405.75000000000006 2.5000000000000004 136.05000000000004 184.05000000000004 1.0000000180025095e-35 114.55000000000001 1.0000000180025095e-35 226.45000000000002 1.0000000180025095e-35 3.5000000000000004 5.5000000000000009 65.52500000000002 54.150000000000013 198.05000000000004 285.45833333333337 250.51000000000002 452.25000000000006 449.45000000000005 102.25000000000001 1.0000000180025095e-35 223.16250000000005 563.1500000000002 1.0000000180025095e-35 1.0000000180025095e-35 387.95000000000005 1.0000000180025095e-35 133.56250000000003 108.85000000000001 274.45000000000005
decision_type=2 2 2 2 2 2 2 2 2 2 2 2 2 2 2 2 2 2 2 2 2 2 2 2 2 2 2 2 2 2 2 2 2 2 2 2 2 2 2 2 2 2 2 2 2 2 2 2 2 2 2 2 2 2 2 2 2 2 2 2 2 2
left_child=1 28 3 44 6 8 7 11 9 13 -11 35 -8 52 25 16 17 18 19 -4 32 -22 -16 26 -25 59 -24 -17 -1 41 33 -32 -9 57 -28 61 -37 38 39 -38 -40 -30 -43 -44 -2 58 47 48 60 -48 51 -51 53 54 -6 -56 -55 -31 -14 -3 -47 -5
right_child=2 14 15 4 5 -7 12 20 -10 10 -12 -13 45 -15 22 27 -18 -19 -20 -21 21 -23 23 24 -26 -27 34 -29 29 30 31 -33 -34 -35 -36 36 37 -39 40 -41 -42 42 43 -45 -46 46 49 -49 -50 50 -52 -53 -54 56 55 -57 -58 -59 -60 -61 -62 -63
leaf_value=-0.058726160890703344 -0.30201895798449052 -0.10026859460398554 0.14359061198263634 -0.34340468372987665 0.41241924166679383 0.99689588708446386 -0.5027354192733765 0.96689955132163097 0.90548888214172862 0.086563738465309154 -0.79665784442966636 -0.37176844503017187 0.85868305762608854 0.94826309009670062 -0.028623637510905683 -0.98814377046766744 0.75496075153350839 -0.7818946079774336 0.43837587780812215 -0.62983299504015966 1.4230169793833858 0.61467789087591285 0.28427868186477195 -0.028972799288487505 0.18335191228367478 -0.074567086859818749 1.1594171507358551 -0.085614290194852019 -0.026988812594133233 0.10174519506577206 -0.064050183218832463 0.098551840900100829 0.32032353550665027 0.7928068381547928 0.51764241756943918 0.99513368532061586 0.0098921813135785241 -0.44814995303750038 1.095241507481445 0.5209379293943609 0.3173674889679613 0.15347007904155591 -0.082963516585204247 0.082271160893583967 0.073999274512178012 0.28346244049072267 0.19838769855978824 0.43026564354481905 -0.89639051992159624 -0.84516350761536629 0.38922610796160173 0.050000314414501194 0.80166792688162447 0.39455319453556914 0.31552485573291777 -0.68652522071849464 -0.17217122251572817 0.46542296429517971 0.082372356312615538 0.28854853416482612 -0.32306454388147343 0.21724706189385776
leaf_weight=5032 52 60 41 46 49 47 35 23 31 50 22 47 21 26 395 21 28 22 51 51 23 60 147 556 579 786 25 21 17311 380 782 867 127 20 77 26 154 32 22 38 29 454 723 759 810 25 307 23 26 31 27 28 23 262 25 43 23 58 21 135 47 29
leaf_count=5032 52 60 41 46 49 47 35 23 31 50 22 47 21 26 395 21 28 22 51 51 23 60 147 556 579 786 25 21 17311 380 782 867 127 20 77 26 154 32 22 38 29 454 723 759 810 25 307 23 26 31 27 28 23 262 25 43 23 58 21 135 47 29
internal_value=0.000421885 -0.0140671 0.143816 0.164585 0.21742 0.337451 0.15957 0.261755 0.281506 0.24452 -0.18331 0.0926268 0.0461472 0.312821 0.059314 -0.095697 0.000311512 -0.12775 -0.0271126 -0.285155 0.568798 0.838675 0.106452 0.145003 0.0793409 -0.026169 0.444309 -0.536879 -0.0217428 -0.0130278 0.055468 0.0214416 0.419465 0.177978 0.67494 0.150676 0.21977 0.146463 0.224765 0.111037 0.652921 -0.0205261 0.0372606 0.00166072 0.051316 0.0806991 0.0488454 -0.177748 -0.320445 0.118611 -0.166174 -0.42034 0.273947 0.243754 -0.0121703 -0.318124 0.348818 0.149903 0.470528 0.168912 -0.112465 -0.126619
internal_weight=32091 29146 2945 2710 1848 601 1247 656 554 523 72 423 591 451 2760 235 193 165 143 92 233 83 1779 1384 1135 981 249 42 26386 21354 2107 1649 150 458 102 376 301 275 243 192 51 19247 1936 1482 862 556 514 121 98 393 86 59 425 402 117 68 285 438 42 195 72 75
internal_count=32091 29146 2945 2710 1848 601 1247 656 554 523 72 423 591 451 2760 235 193 165 143 92 233 83 1779 1384 1135 981 249 42 26386 21354 2107 1649 150 458 102 376 301 275 243 192 51 19247 1936 1482 862 556 514 121 98 393 86 59 425 402 117 68 285 438 42 195 72 75
is_linear=0
shrinkage=0.05


Tree=81
num_leaves=63
num_cat=0
split_feature=40 40 40 39 39 40 40 9 25 2 36 40 32 13 9 11 34 25 32 34 5 33 36 40 9 32 7 28 28 34 11 2 34 34 4 34 9 32 34 24 34 32 36 4 5 25 33 33 33 32 36 36 36 13 32 4 9 32 36 36 36 36
split_gain=7702.79 10754.4 12322.3 11432.7 8545.56 7851.79 5635.18 5239.27 5936 5975.23 5452.93 6192 5525.18 5286.94 4958.03 4939.03 4312.21 4359.5 5238.64 4150.69 4067.17 3811.58 3667.08 3602.51 3417.6 3310.67 3156.64 2743.5 2656.7 2633.13 2631.49 2400.73 2390.06 2136.81 2126.63 2347.83 2085.78 2048.59 2047.43 1970.9 1923.59 1828.83 1826.64 2144.87 1977.49 1824.72 1824.14 1796.54 1782.09 1775.25 1719.12 1718.23 1595.86 1731.58 1541.37 1530.21 1679.31 2226.54 3109.7 1500.44 3990.36 2426.36
threshold=1.0000000180025095e-35 3.5000000000000004 5.5000000000000009 1.0000000180025095e-35 1.0000000180025095e-35 1.5000000000000002 4.5000000000000009 1.0000000180025095e-35 1.0000000180025095e-35 1.0000000180025095e-35 364.8250000000001 2.5000000000000004 362.45000000000005 1.0000000180025095e-35 1.0000000180025095e-35 1.0000000180025095e-35 430.80000000000001 1.0000000180025095e-35 430.85000000000008 441.85000000000008 1.0000000180025095e-35 205.35000000000005 87.737500000000011 2.5000000000000004 1.0000000180025095e-35 29.850000000000005 1.0000000180025095e-35 1.0000000180025095e-35 1.0000000180025095e-35 465.85000000000008 1.0000000180025095e-35 1.0000000180025095e-35 250.25000000000003 219.65000000000001 1.0000000180025095e-35 130.55000000000004 1.0000000180025095e-35 227.45000000000002 483.45000000000005 1.0000000180025095e-35 18.200000000000006 444.35000000000008 149.39000000000001 1.0000000180025095e-35 1.0000000180025095e-35 1.0000000180025095e-35 201.35000000000005 378.05000000000007 451.15000000000003 324.25000000000006 104.31000000000002 436.42500000000001 376.6375000000001 1.0000000180025095e-35 483.80000000000001 1.0000000180025095e-35 1.0000000180025095e-35 380.65000000000003 255.47083333333339 338.42000000000002 303.91666666666674 282.51250000000005
decision_type=2 2 2 2 2 2 2 2 2 2 2 2 2 2 2 2 2 2 2 2 2 2 2 2 2 2 2 2 2 2 2 2 2 2 2 2 2 2 2 2 2 2 2 2 2 2 2 2 2 2 2 2 2 2 2 2 2 2 2 2 2 2
left_child=40 3 6 14 24 34 21 8 10 15 13 12 -12 27 28 33 17 18 22 -18 41 -3 -6 -9 -4 -8 30 42 -2 -21 31 48 49 -10 35 36 -5 39 -31 -26 54 -20 -7 44 -44 -27 -25 -39 -19 -16 -15 -30 53 55 -1 56 57 -24 -59 60 61 -43
right_child=1 2 4 5 16 7 25 23 9 -11 11 -13 -14 50 32 -17 19 26 20 29 -22 -23 52 46 37 45 -28 -29 51 38 -32 -33 -34 -35 -36 -37 -38 47 -40 -41 -42 59 43 -45 -46 -47 -48 -49 -50 -51 -52 -53 -54 -55 -56 -57 -58 58 -60 -61 -62 -63
leaf_value=-0.041860927500360155 -0.02471849650075544 -0.016186465943206673 -0.016579587088788251 -0.041561876591597796 -0.15377166052379751 -0.0069784597924319658 -0.032466937603569605 0.85116799640624474 -0.070003789911587497 0.71401023524148133 0.51486507905156997 0.26179964980576192 1.4719523415565492 0.10962698940526357 0.083727968186646642 0.5099990987115437 1.008304861458865 -0.076325419425089081 0.61444563917946393 -0.14094561631480854 -0.17142407210861765 0.12270751523789991 0.087696765674327992 0.15030270479619504 0.065555807902652155 -0.089441378834627577 0.3147264426991121 0.44531267933473972 0.094652996074621853 0.68313772065298906 0.25659791842541274 0.24775285340386161 0.59709855426441549 -0.55170716714859014 -0.33002762100762795 0.27794667524285616 0.39604594971390505 0.16675897932478362 0.10950792346681869 -0.37658863729900788 -0.1147255972562241 0.19544111900031569 0.22736876133983486 -0.10186834407575203 -0.065802511572837827 -0.19708553928693132 0.58954942051607828 0.56893061315640814 -0.48314017991402319 0.36544755484959857 0.59871693873892029 0.55174545808271924 0.20714023278018492 0.23504004326945577 0.16251267248645743 -0.061141113188947729 0.23516792507702219 -0.43145070388620976 0.066961302267916412 0.45417524937619558 -0.35045933475097024 0.72982813779796873
leaf_weight=4975 2632 2652 5530 446 151 186 3109 48 291 28 38 100 25 22 239 36 22 698 57 30 41 607 1672 60 379 3196 67 76 314 35 68 56 33 25 45 80 29 210 28 27 976 88 568 66 64 449 39 32 28 73 98 22 305 179 94 193 173 51 81 94 27 28
leaf_count=4975 2632 2652 5530 446 151 186 3109 48 291 28 38 100 25 22 239 36 22 698 57 30 41 607 1672 60 379 3196 67 76 314 35 68 56 33 25 45 80 29 210 28 27 976 88 568 66 64 449 39 32 28 73 98 22 305 179 94 193 173 51 81 94 27 28
internal_value=0.00040079 0.0122021 -0.00477101 0.0730192 0.0334857 0.156867 -0.0443153 0.209854 0.183965 0.0110223 0.236835 0.506403 0.894662 0.196151 0.0130375 -0.0448972 0.0887725 0.0802141 0.108224 0.390699 0.295102 0.00968302 0.0859049 0.495692 -0.0038495 -0.070371 -0.0156964 0.157038 -0.00781659 0.244599 -0.0417415 -0.067684 0.192443 -0.108113 0.000555378 0.0273594 -0.0148448 0.104788 0.428191 0.0361521 -0.0504473 0.360161 0.132254 0.169356 0.197681 -0.102701 0.323339 0.219939 -0.0920152 0.149643 0.50905 0.124582 0.0995413 0.0855704 -0.038071 0.0732409 0.0863596 0.0720892 -0.125607 0.299005 0.197004 0.324431
internal_weight=32091 26046 20363 5683 10350 2370 10013 1770 1623 380 1243 163 63 1080 3313 352 4172 4057 3140 115 335 3259 2805 147 6178 6754 917 960 2968 93 850 782 345 316 600 555 475 648 63 406 6045 294 884 698 632 3645 99 242 726 312 120 336 2654 2349 5069 2170 1977 1804 132 237 143 116
internal_count=32091 26046 20363 5683 10350 2370 10013 1770 1623 380 1243 163 63 1080 3313 352 4172 4057 3140 115 335 3259 2805 147 6178 6754 917 960 2968 93 850 782 345 316 600 555 475 648 63 406 6045 294 884 698 632 3645 99 242 726 312 120 336 2654 2349 5069 2170 1977 1804 132 237 143 116
is_linear=0
shrinkage=0.05


Tree=82
num_leaves=63
num_cat=0
split_feature=23 6 35 40 40 40 2 40 37 40 40 34 34 32 33 40 28 36 4 32 32 32 34 28 7 34 35 33 21 35 35 32 32 21 35 34 40 7 2 32 32 32 33 34 33 36 35 34 32 32 34 35 28 33 13 33 36 36 36 36 36 32
split_gain=23261.7 5268.93 5764.57 4609.53 6200.47 6502.23 5283.43 4316.32 7931.51 4913.43 11452.5 4461.62 5441.54 5176.75 4254.4 4251.85 4112.79 4050.33 4037.12 5417.78 3884 7164.32 4641.01 3869.71 3706.09 3615.31 6701.01 3920.84 6243.48 6162.36 5614.6 3600.51 5461.64 4115.2 3563 3379.55 3362.18 3210.06 3123.32 3114.26 3071.28 2993.65 4109.57 4967.32 7576.69 3704.14 2946.46 2917.94 2885.94 3343.51 4454.53 3403.29 3113.53 2867.78 2769.26 2748.51 2652.54 5176.77 2629.21 2604.33 2602.99 2577.36
threshold=1.0000000180025095e-35 1.0000000180025095e-35 426.25000000000006 1.0000000180025095e-35 3.5000000000000004 5.5000000000000009 1.0000000180025095e-35 5.5000000000000009 4.5000000000000009 3.5000000000000004 1.5000000000000002 384.80000000000001 61.050000000000004 430.85000000000008 376.2000000000001 4.5000000000000009 1.0000000180025095e-35 147.81250000000003 1.0000000180025095e-35 302.35000000000008 257.15000000000003 115.15000000000002 16.950000000000003 1.0000000180025095e-35 1.0000000180025095e-35 312.75000000000006 1055.7500000000002 355.45000000000005 1.0000000180025095e-35 747.75000000000011 557.30000000000007 67.450000000000017 6.2500000000000009 1.0000000180025095e-35 1096.7500000000002 106.25000000000001 2.5000000000000004 1.0000000180025095e-35 1.0000000180025095e-35 346.35000000000008 244.65000000000001 81.350000000000009 455.35000000000008 356.90000000000003 420.75000000000006 251.61250000000004 958.55000000000007 419.85000000000008 139.85000000000005 476.25000000000006 61.050000000000004 909.35000000000014 1.0000000180025095e-35 152.60000000000002 1.0000000180025095e-35 205.35000000000005 224.28750000000005 183.88333333333335 246.95833333333337 249.34500000000003 265.25500000000005 89.65000000000002
decision_type=2 2 2 2 2 2 2 2 2 2 2 2 2 2 2 2 2 2 2 2 2 2 2 2 2 2 2 2 2 2 2 2 2 2 2 2 2 2 2 2 2 2 2 2 2 2 2 2 2 2 2 2 2 2 2 2 2 2 2 2 2 2
left_child=3 2 -2 -1 6 15 16 9 11 10 18 12 13 31 -14 34 37 -11 20 -20 21 22 60 38 59 26 27 28 29 30 -3 32 -9 -33 -6 -22 58 -5 -7 -10 -25 45 43 44 48 -19 -40 -18 -43 50 51 52 -50 -26 -39 -23 57 -35 -12 -8 -4 -38
right_child=1 25 7 4 5 23 24 8 39 17 36 -13 14 -15 -16 -17 47 41 19 -21 35 55 -24 40 53 -27 -28 -29 -30 -31 -32 33 -34 56 -36 -37 61 54 46 -41 -42 42 -44 -45 -46 -47 -48 -49 49 -51 -52 -53 -54 -55 -56 -57 -58 -59 -60 -61 -62 -63
leaf_value=-0.054228448398578016 0.047220875847011831 0.32150755039283208 1.0009911614385518 -0.0024495620639002026 -0.010446874546172359 -0.0088070650863685453 0.04588553370968973 0.22045286469524955 1.3192893466949465 -0.47551962375640877 0.48943749426139727 0.84378052796086966 0.077718616366386425 0.6763333102203396 -0.75665253087539563 -0.07090719029991685 0.14297731900671581 0.73848921466204853 0.15659043931961059 -0.91925130134279076 0.17501812297038286 -0.62294117874569366 -0.14467936738117324 0.033727095240046211 0.22509809860161376 -0.51321053987457643 0.71387042509658005 -0.74409565058621496 -0.74486244106292732 0.61103423365524845 -0.54069686844581522 0.24489119600077147 1.1970117135481402 0.17681255094383075 0.24130633638768986 0.64657713969548547 -0.071210018157958993 0.097543826822973329 0.049525898341407443 0.50361769321289929 0.21753849082611776 -0.48503802617390951 0.68461648872041181 0.41955366981078374 -1.0134582647681236 0.043439410408822508 0.29498361220734343 0.76036857455968865 0.134090978832859 -0.55616425832976468 -0.33747003586696733 0.54429248108973971 -0.49290416298264805 1.0419747307219289 0.51099497960673446 -0.057002165041318754 0.30040516644716264 -0.83556296186787749 1.0784282465279103 0.28485847221704846 0.28985677723202014 0.48245941423105471
leaf_weight=5533 862 35 22 3745 2789 7582 244 41 25 35 36 31 50 73 22 6140 444 36 25 22 149 45 37 561 21 42 28 22 25 42 41 244 22 23 148 51 25 405 703 22 382 30 23 61 20 41 148 20 198 23 56 46 22 22 45 41 20 28 40 214 31 132
leaf_count=5533 862 35 22 3745 2789 7582 244 41 25 35 36 31 50 73 22 6140 444 36 25 22 149 45 37 561 21 42 28 22 25 42 41 244 22 23 148 51 25 405 703 22 382 30 23 61 20 41 148 20 198 23 56 46 22 22 45 41 20 28 40 214 31 132
internal_value=0.000380751 0.134301 0.153995 -0.0131509 -0.00352566 -0.0170744 0.0449267 0.2038 0.313871 0.150751 0.244955 0.260965 0.226419 0.29086 -0.177228 -0.0472395 0.0283356 0.0461854 0.0899034 -0.346995 0.144516 -0.026791 0.285047 0.0121288 0.199214 -0.0928107 -0.00132468 -0.122691 -0.0270904 0.12498 -0.143629 0.216416 0.561473 0.147405 0.00223936 0.295266 0.526443 0.0127119 0.0013873 0.937486 0.108187 0.0790265 0.0325097 -0.000381701 -0.0652325 0.368398 0.0922142 0.169589 -0.0146604 0.026242 0.0678424 0.153171 0.0713915 0.643035 0.138889 -0.353133 -0.187619 -0.379001 0.799433 0.157545 0.585045 0.394295
internal_weight=32091 2945 2710 29146 23613 18453 5160 1848 601 1247 656 554 523 451 72 9077 4659 591 423 47 376 176 90 9376 501 235 193 165 143 118 76 378 63 315 2937 200 233 4195 8433 47 943 556 479 456 395 77 851 464 375 345 322 266 220 43 450 86 71 51 76 458 53 157
internal_count=32091 2945 2710 29146 23613 18453 5160 1848 601 1247 656 554 523 451 72 9077 4659 591 423 47 376 176 90 9376 501 235 193 165 143 118 76 378 63 315 2937 200 233 4195 8433 47 943 556 479 456 395 77 851 464 375 345 322 266 220 43 450 86 71 51 76 458 53 157
is_linear=0
shrinkage=0.05


Tree=83
num_leaves=63
num_cat=0
split_feature=23 9 31 31 7 33 33 35 34 31 9 36 40 4 31 35 0 33 31 29 40 40 31 31 40 2 35 28 35 40 40 31 32 32 33 40 40 40 40 32 34 32 34 36 34 35 40 33 32 32 31 40 35 31 35 33 31 36 31 33 31 31
split_gain=20993.7 5341.55 4884.42 6245.77 5251.91 4929.88 5936.09 5215.66 4146.37 3957.45 3925.35 5464.49 3775.14 3830.71 5871.31 4498.23 3902.24 3670.77 3324.67 3096.53 3094.15 9068.84 2871.26 2792.86 2749.69 4039.52 4474.08 2749.51 2906.53 2732.31 4110.3 2647.17 3081.52 9116.87 5528.89 2580.04 3428.28 2805.44 2549.94 4005.47 6194.42 3807.58 4392.74 3709.81 3515.49 4893.87 3674.44 3487.54 3197.05 3121.08 2742.22 2524.74 2520.04 2501.42 2433.77 2407.35 2376.35 5347.78 3409.25 2361.79 2330.37 3408.9
threshold=1.0000000180025095e-35 1.0000000180025095e-35 165.05000000000004 40.000000000000007 1.0000000180025095e-35 436.05000000000007 183.15000000000001 455.95000000000005 465.85000000000008 191.85000000000005 1.0000000180025095e-35 208.11250000000004 5.5000000000000009 1.0000000180025095e-35 363.85000000000008 741.05000000000007 1.0000000180025095e-35 444.85000000000008 27.950000000000003 1.0000000180025095e-35 1.5000000000000002 2.5000000000000004 4.9500000000000011 424.35000000000008 1.0000000180025095e-35 1.0000000180025095e-35 1155.7500000000002 1.0000000180025095e-35 469.55000000000007 3.5000000000000004 5.5000000000000009 64.65000000000002 428.85000000000008 402.85000000000008 24.450000000000003 3.5000000000000004 5.5000000000000009 1.5000000000000002 4.5000000000000009 240.45000000000002 76.250000000000014 29.850000000000005 89.90000000000002 272.41250000000008 2.5500000000000003 741.05000000000007 1.5000000000000002 194.55000000000004 198.15000000000001 0.95000000000000007 292.25000000000006 1.0000000180025095e-35 782.6500000000002 361.85000000000008 832.35000000000025 8.1500000000000004 332.05000000000007 284.0125000000001 398.85000000000008 190.00000000000003 481.05000000000007 462.55000000000007
decision_type=2 2 2 2 2 2 2 2 2 2 2 2 2 2 2 2 2 2 2 2 2 2 2 2 2 2 2 2 2 2 2 2 2 2 2 2 2 2 2 2 2 2 2 2 2 2 2 2 2 2 2 2 2 2 2 2 2 2 2 2 2 2
left_child=1 19 3 5 8 6 7 55 12 18 17 -12 13 16 15 -15 38 31 -3 24 -11 52 -8 -16 -1 27 35 -26 -29 54 -31 59 33 51 -34 37 -37 -27 39 44 -41 49 50 -44 45 48 53 -42 56 -40 -43 -33 -22 -46 -23 -2 -4 58 -58 -5 61 -14
right_child=2 9 4 10 -6 -7 22 -9 -10 20 11 -13 60 14 23 -17 -18 -19 -20 -21 21 29 -24 -25 25 26 -28 28 -30 30 -32 32 34 -35 -36 36 -38 -39 41 40 47 42 43 -45 46 -47 -48 -49 -50 -51 -52 -53 -54 -55 -56 -57 57 -59 -60 -61 -62 -63
leaf_value=-0.048615272388014545 0.34597126796083938 0.15786404792123881 0.015761145750648357 -0.49067630171775822 0.4487102944475071 0.91286436858085485 -0.68813936695456501 0.89877267728249233 0.78722404277324687 -0.025280702012367075 -0.068693546634731872 0.91131940913200382 0.24621157691794393 -0.47525313809514053 -1.0763218754529953 0.45545278153306729 -0.50256249272823339 -0.68245389262835188 -0.072784186687715038 -0.071852708614950633 0.46037961931100918 0.12684322325224728 0.016806992888450622 -0.27630318825443589 -0.019986769182593456 -0.06292071140884796 0.35189096650481222 -0.02442947984093537 0.10418158990253706 -0.023488438959491421 0.16685066400916157 -0.25109359666705133 -0.27574040492375695 -0.98582866096496591 0.69362437191762427 -0.067886958905244862 0.086381257045012649 0.23677291223283048 0.12012136511991478 0.21183910431477415 1.252449450393518 -0.2460725075668759 -0.94293397837877269 -0.10495173771466529 -0.16020999933992114 0.73190985592928803 0.18002920535302933 0.46030446175824519 -0.41707218055214201 0.77427301743756172 0.16496868618486221 0.050940224686287033 1.0641227960586548 -0.94153221547603616 0.51209915884783574 -0.25708330079265268 0.33556565158069135 0.07319140710275282 1.1239045222600301 0.14083877801895142 0.67115935901800794 -0.32932978073755903
leaf_weight=4586 59 195 187 57 157 26 20 36 25 395 33 25 546 20 20 37 25 24 786 2544 56 97 52 24 15521 107 125 805 967 556 579 85 24 25 38 698 744 289 88 231 24 63 25 28 21 33 31 33 28 23 114 372 25 20 71 23 32 110 24 20 30 27
leaf_count=4586 59 195 187 57 157 26 20 36 25 395 33 25 546 20 20 37 25 24 786 2544 56 97 52 24 15521 107 125 805 967 556 579 85 24 25 38 698 744 289 88 231 24 63 25 28 21 33 31 33 28 23 114 372 25 20 71 23 32 110 24 20 30 27
internal_value=0.000361714 -0.0124934 0.127586 0.0319775 0.170954 0.267134 0.17877 0.397078 0.147622 0.0536896 -0.0402753 0.353726 0.138951 0.0890818 -0.20605 0.128889 0.115229 -0.0757048 -0.0269367 -0.0194162 0.0981497 0.133377 -0.179011 -0.639948 -0.0138211 -0.00553453 0.062437 -0.0132503 0.045755 0.101466 0.0736097 -0.0522556 -0.0134172 -0.0560973 0.318386 0.0427516 0.0117077 0.155795 0.129081 0.17927 0.327027 0.0151637 -0.100905 -0.500226 0.09171 0.14779 -0.230752 0.793839 0.0971973 0.255666 0.0186659 -0.00523674 0.64672 -0.541343 0.28966 0.176822 0.137989 0.27568 0.673425 -0.326646 0.241583 0.219092
internal_weight=32091 29146 2945 919 2026 216 190 118 1869 2760 703 58 1844 1241 101 57 1140 645 981 26386 1779 1384 72 44 23842 19256 1963 17293 1772 1303 1135 621 544 482 62 1838 1442 396 1115 774 288 341 230 53 486 414 72 57 381 111 177 457 81 41 168 82 353 166 56 77 603 573
internal_count=32091 29146 2945 919 2026 216 190 118 1869 2760 703 58 1844 1241 101 57 1140 645 981 26386 1779 1384 72 44 23842 19256 1963 17293 1772 1303 1135 621 544 482 62 1838 1442 396 1115 774 288 341 230 53 486 414 72 57 381 111 177 457 81 41 168 82 353 166 56 77 603 573
is_linear=0
shrinkage=0.05


Tree=84
num_leaves=63
num_cat=0
split_feature=9 32 35 31 4 39 36 31 31 25 12 28 11 25 34 32 32 32 34 24 21 39 36 32 33 33 32 25 32 36 2 32 36 4 36 32 31 32 33 33 35 36 36 32 36 32 32 36 33 31 36 35 8 2 33 36 35 32 35 14 35 33
split_gain=6017.24 5018.68 3739.4 3383.95 2954.54 2716.8 6115.41 5768.77 10394.8 5047.76 3846.14 3213.26 2923.32 2723.72 2671 2572.21 4561.01 3928.71 2791.14 2593.45 2468.79 2824.99 2413.35 2395.8 2680.35 2635.59 2712.62 2450.31 2801.95 2314.49 2240.33 2194.72 2919.29 2156.78 2349.97 2441.58 2093.87 2798.89 2692.3 2636.63 2655.17 2259.77 3057.17 3927.88 2229.14 2171.28 2840.05 2504.79 3393.12 2269.2 2462.32 2376.69 2055.57 2677.57 1997.22 3046.17 1970.1 1958.91 5276.12 2275.63 2136.69 2212.41
threshold=1.0000000180025095e-35 283.95000000000005 1531.0000000000002 115.25000000000001 1.0000000180025095e-35 1.0000000180025095e-35 424.12500000000006 40.000000000000007 165.05000000000004 1.0000000180025095e-35 1.0000000180025095e-35 1.0000000180025095e-35 1.0000000180025095e-35 1.0000000180025095e-35 378.85000000000008 240.45000000000002 29.850000000000005 1.8500000000000003 467.85000000000008 1.0000000180025095e-35 1.0000000180025095e-35 1.0000000180025095e-35 65.52500000000002 69.250000000000014 57.95000000000001 453.55000000000007 460.75000000000006 1.0000000180025095e-35 433.05000000000007 428.28333333333336 1.0000000180025095e-35 150.05000000000004 313.22500000000008 1.0000000180025095e-35 302.3633333333334 60.750000000000007 66.65000000000002 474.15000000000003 442.95000000000005 474.55000000000007 949.45000000000016 258.24166666666673 216.37083333333337 302.35000000000008 271.14166666666677 436.65000000000003 402.85000000000008 212.78750000000005 24.450000000000003 119.55000000000001 254.11000000000004 717.95000000000016 1.0000000180025095e-35 1.0000000180025095e-35 7.1500000000000012 243.37500000000003 471.95000000000005 476.25000000000006 789.1500000000002 1.0000000180025095e-35 998.25000000000011 261.75000000000006
decision_type=2 2 2 2 2 2 2 2 2 2 2 2 2 2 2 2 2 2 2 2 2 2 2 2 2 2 2 2 2 2 2 2 2 2 2 2 2 2 2 2 2 2 2 2 2 2 2 2 2 2 2 2 2 2 2 2 2 2 2 2 2 2
left_child=5 3 4 -2 14 -1 7 22 36 10 11 15 30 56 29 16 17 -10 31 57 -5 -22 -7 -24 27 26 -26 28 -25 -3 -11 32 52 34 35 -13 37 41 45 44 -41 42 43 -9 -40 46 -38 48 -47 50 -48 -51 -18 -54 -19 -56 -8 59 -59 -17 -60 -62
right_child=1 2 -4 20 -6 6 13 8 9 12 -12 33 -14 -15 -16 19 18 54 -20 -21 21 -23 23 24 25 -27 -28 -29 -30 -31 -32 -33 -34 -35 -36 -37 38 -39 39 40 -42 -43 -44 -45 -46 47 49 -49 -50 51 -52 -53 53 -55 55 -57 -58 58 60 -61 61 -63
leaf_value=-0.019293380523051636 -0.11677571919097054 0.13234577232686723 0.80030793926932597 0.023727660265706409 -0.1047088138964198 -0.16067147737071999 0.10914886181039472 -0.20023904920667937 0.019907446847673663 -0.089607892968473019 0.21040610009131125 0.60453715039336164 0.16410718514824976 -0.037919543922180311 0.48749189814252242 0.08572418658067206 -0.087949347401648267 0.38497953343037994 0.5164928305149078 -0.092082064176222014 0.084094321597469324 0.44185317366183563 0.50185826691902347 0.23412744543587977 0.05131683906678363 0.37067726879266272 -0.3679042238828748 -0.034939412669493602 0.67696237144775173 0.57931187296907105 0.12939189545898222 -0.015921661580007868 -0.67126045858860017 -0.16088735670006526 0.35444160512573014 0.06788431420508359 -0.061751582035678924 -0.71750507826606436 -0.30786870676895672 -0.48289227485656738 0.25113334283232691 0.34330260554949443 -0.54952721606538291 0.31805016625495186 -0.99402387261390679 -0.011261666059494019 -0.30275991988532686 -0.0039135311553083318 0.81252501296997071 -0.40821907711029048 -0.94606010885465719 0.26834022215119119 -0.49970160960706311 0.15954400480957703 -0.046681324741558027 0.49897954634257724 0.29830863405966823 -0.32915576421297515 0.83308053756582334 -0.42668931281024758 -0.00017984339903140891 0.62292672587292541
leaf_weight=17212 367 838 22 1300 109 69 268 282 1500 1451 332 23 143 144 62 1432 595 117 20 214 183 79 45 211 376 57 43 65 43 30 127 705 25 48 148 270 1928 24 29 22 28 21 51 42 20 25 51 163 25 25 21 27 67 20 95 35 283 26 29 22 29 28
leaf_count=17212 367 838 22 1300 109 69 268 282 1500 1451 332 23 143 144 62 1432 595 117 20 214 183 79 45 211 376 57 43 65 43 30 127 705 25 48 148 270 1928 24 29 22 28 21 51 42 20 25 51 163 25 25 21 27 67 20 95 35 283 26 29 22 29 28
internal_value=0.000343628 0.067889 0.155234 0.019847 0.141575 -0.00659636 0.0117854 0.00285011 -0.00782073 0.0228026 0.0451839 0.0351153 -0.0523655 0.155702 0.17044 0.0230571 -0.00388867 0.0503339 -0.0700387 0.0711811 0.0519473 0.191968 0.123587 0.146937 0.126847 0.0516888 0.00829415 0.238994 0.309096 0.147794 -0.0719824 -0.0783465 -0.140595 0.157399 0.192042 0.110011 -0.0903298 -0.193205 -0.0720526 -0.327278 -0.0718379 -0.161429 -0.189694 -0.133053 -0.587932 -0.060897 -0.0766693 0.0910501 0.400632 -0.308615 -0.490389 -0.0569287 -0.121142 -0.348151 0.23511 0.100227 0.206304 0.0934916 0.294982 0.077971 0.483675 0.305908
internal_weight=32091 2990 1061 1929 1039 29101 11889 11194 10285 7501 5780 5448 1721 695 930 4959 3179 1747 1432 1780 1562 262 909 840 795 476 419 319 254 868 1578 1412 707 489 441 293 2784 420 2364 99 50 396 375 324 49 2265 2052 213 50 124 72 52 682 87 247 130 551 1566 112 1454 86 57
internal_count=32091 2990 1061 1929 1039 29101 11889 11194 10285 7501 5780 5448 1721 695 930 4959 3179 1747 1432 1780 1562 262 909 840 795 476 419 319 254 868 1578 1412 707 489 441 293 2784 420 2364 99 50 396 375 324 49 2265 2052 213 50 124 72 52 682 87 247 130 551 1566 112 1454 86 57
is_linear=0
shrinkage=0.05


Tree=85
num_leaves=63
num_cat=0
split_feature=23 31 18 32 6 34 34 33 6 40 33 40 9 40 40 31 40 31 33 32 31 33 34 32 40 28 40 40 40 34 40 32 34 34 34 36 31 33 36 32 33 32 34 36 31 36 31 31 31 36 31 24 36 36 33 33 2 31 31 32 32 32
split_gain=25061.6 5838.89 5092.72 4577.06 4893.18 5397.49 12386.9 4627.36 4508.18 4132.67 4184.35 3971.17 5314.48 4382.48 5569.33 3889.69 7298.77 3700.63 3470.24 4282.73 9204.41 3391.54 4470.66 6392.58 4508.85 3297.82 3318.12 3928.3 3111.41 3170.77 3581.44 3088.65 3001.87 2928.04 3360.76 6492.37 13786.5 3340.97 3340.83 2853.76 4834.08 3413.14 4236.26 2999.06 4763.88 3357.76 2736.03 2666.85 2624.83 3153.66 2626.22 2524.7 2441.72 3844.11 2569.01 2387.58 2329.72 2316.69 2180.88 3082.93 2200.86 2150.72
threshold=1.0000000180025095e-35 434.55000000000007 1.0000000180025095e-35 430.85000000000008 1.0000000180025095e-35 335.05000000000001 22.100000000000005 187.75000000000003 1.0000000180025095e-35 5.5000000000000009 187.75000000000003 1.0000000180025095e-35 1.0000000180025095e-35 3.5000000000000004 5.5000000000000009 168.75000000000003 3.5000000000000004 265.85000000000008 385.45000000000005 398.85000000000008 121.75000000000001 395.45000000000005 5.1500000000000012 67.450000000000017 4.5000000000000009 1.0000000180025095e-35 3.5000000000000004 5.5000000000000009 1.5000000000000002 250.25000000000003 2.5000000000000004 404.55000000000007 401.75000000000006 308.30000000000001 19.850000000000005 254.11000000000004 476.65000000000003 405.05000000000007 318.92500000000001 211.05000000000004 361.75000000000006 53.95000000000001 265.15000000000003 226.32916666666668 131.65000000000001 210.21250000000001 162.95000000000002 353.75000000000006 404.95000000000005 325.31250000000006 390.65000000000003 1.0000000180025095e-35 219.77083333333334 273.71250000000003 434.15000000000003 437.75000000000006 1.0000000180025095e-35 104.55000000000001 357.45000000000005 1.0000000180025095e-35 23.250000000000004 1.0000000180025095e-35
decision_type=2 2 2 2 2 2 2 2 2 2 2 2 2 2 2 2 2 2 2 2 2 2 2 2 2 2 2 2 2 2 2 2 2 2 2 2 2 2 2 2 2 2 2 2 2 2 2 2 2 2 2 2 2 2 2 2 2 2 2 2 2 2
left_child=11 3 8 18 5 6 9 -8 33 15 -11 -1 25 28 -15 16 -5 -17 19 39 -21 -20 23 -23 -25 51 32 -28 -14 30 57 -29 -27 34 35 36 -3 38 -37 40 41 42 58 45 -45 -41 -47 -19 50 -50 -46 -13 -24 -54 -55 -26 -43 -30 60 -60 61 -2
right_child=1 2 -4 4 -6 -7 7 -9 -10 10 -12 12 13 14 -16 17 -18 47 21 20 -22 22 52 24 55 26 27 31 29 -31 -32 -33 -34 -35 -36 37 -38 -39 -40 43 -42 56 -44 44 48 46 -48 -49 49 -51 -52 -53 53 54 -56 -57 -58 -59 59 -61 -62 -63
leaf_value=-0.050277427271846642 0.037415399975420559 0.16800232488533548 -0.23399066280674294 1.2330199525906491 -0.35032695612082115 1.0382395444644821 -1.0304715187847615 0.0094299252914345783 1.1118858517706396 1.1261447495535799 0.24669985203515915 -0.011396940280623153 -0.0089587097135014251 -0.057019038800330414 0.12173521769738622 -0.47615414749492296 0.088451954523722343 0.61276013789505801 0.85503806634382773 -0.96576050481488629 0.052721007664998376 1.2176601219177248 0.435303605170477 -0.10436519387305952 0.25766348609557521 0.14007116323632618 -0.066878851641494749 0.05132689743410223 -0.043319982811808593 0.70194109647701952 0.10146415228112822 0.32912604425038244 0.76637026131153108 0.88214021843412649 -0.1299390861392021 -0.20447936164008246 1.8501839512870426 0.80967165698175847 0.28949241820149701 0.12744634774441904 -0.59857535498409431 -0.074270833294956082 0.84451959252357478 0.86581150412559504 0.22399283883246512 -0.68888051986694343 0.019360959492623807 -0.12709302476474219 -0.43804591624967515 0.36727049877867102 0.79171555516394709 -0.07193058451698206 -0.67069040857828588 0.48563689399849291 -0.21189839313314721 0.85097205599149073 0.33281162169418838 0.54769111299099993 0.16101559533848675 0.74108435778782289 -0.38889859989285469 0.31880857083532543
leaf_weight=5546 420 29 37 26 26 27 20 23 20 38 21 17215 130 868 875 22 30 29 22 31 78 20 21 51 39 441 766 728 20 39 210 116 20 23 40 45 21 23 143 260 29 468 20 30 275 25 30 21 31 20 22 1914 26 22 33 30 38 97 109 29 26 81
leaf_count=5546 420 29 37 26 26 27 20 23 20 38 21 17215 130 868 875 22 30 29 22 31 78 20 21 51 39 441 766 728 20 39 210 116 20 23 40 45 21 23 143 260 29 468 20 30 275 25 30 21 31 20 22 1914 26 22 33 30 38 97 109 29 26 81
internal_value=0.00190051 0.140741 0.323401 0.113652 0.303334 0.369463 0.290954 -0.474245 0.383353 0.466909 0.813122 -0.0122303 -0.00322775 0.070033 0.032717 0.307326 0.619859 0.0642458 0.0901695 0.0679096 -0.236939 0.26066 0.206626 0.390062 0.252128 -0.0109651 0.0489687 0.0151027 0.201166 0.2758 0.224976 0.0895078 0.167242 0.338382 0.296833 0.362238 0.874519 0.240845 0.171254 0.0852794 0.0392529 0.0547836 0.127532 0.166307 0.26126 0.0523647 -0.302567 0.302022 0.209143 -0.122236 0.266046 -0.0174538 -0.0451491 -0.169711 0.0671157 0.515624 -0.0436994 0.446664 0.105968 0.282914 0.059633 0.0829101
internal_weight=31935 2950 381 2569 283 257 230 43 344 187 59 28985 23439 2239 1743 128 56 72 2286 2022 109 264 242 140 120 21200 2071 1610 496 366 327 844 461 324 301 261 50 211 188 1913 1220 1191 685 693 378 315 55 50 348 51 297 19129 102 81 55 69 506 117 665 138 527 501
internal_count=31935 2950 381 2569 283 257 230 43 344 187 59 28985 23439 2239 1743 128 56 72 2286 2022 109 264 242 140 120 21200 2071 1610 496 366 327 844 461 324 301 261 50 211 188 1913 1220 1191 685 693 378 315 55 50 348 51 297 19129 102 81 55 69 506 117 665 138 527 501
is_linear=0
shrinkage=0.05


Tree=86
num_leaves=63
num_cat=0
split_feature=23 31 32 35 6 34 34 33 21 36 35 35 14 11 5 35 32 34 33 33 32 10 11 24 33 34 31 34 32 34 36 31 9 2 9 36 34 33 40 40 31 35 33 33 32 29 35 33 32 36 4 31 36 12 24 36 35 36 2 40 33 35
split_gain=22618.1 5269.6 4130.8 6974.7 4727.68 5963.07 10548.7 6960.28 3777.88 4341.26 3575.38 3423.44 3191.71 3123.37 3055.74 3650.39 10390 6355.22 6254.48 6198.78 4155.13 3259.45 3165.94 3075.36 3094.07 5857.77 4391.87 5004.81 10714.7 2884.71 3830.03 11377.8 2853.43 2616.67 2584.6 2868.68 2566.03 3503.44 2487.68 4820.05 11260.6 6879.24 2624.93 2471.46 2416.03 2345.66 2460.23 2331.06 4389.48 2247.59 2411.08 2483.46 2193.18 2168.41 2104.86 2314.48 3150.57 2952.07 2071.9 2024.39 1968.74 1966.56
threshold=1.0000000180025095e-35 434.55000000000007 430.85000000000008 548.05000000000007 1.0000000180025095e-35 335.05000000000001 19.850000000000005 183.15000000000001 1.0000000180025095e-35 354.54166666666669 1279.4000000000003 1397.9500000000003 1.0000000180025095e-35 1.0000000180025095e-35 1.0000000180025095e-35 651.1500000000002 398.85000000000008 411.7000000000001 412.15000000000003 285.35000000000008 364.45000000000005 1.0000000180025095e-35 1.0000000180025095e-35 1.0000000180025095e-35 125.55000000000001 146.95000000000002 402.75000000000006 29.350000000000005 380.65000000000003 97.300000000000026 254.11000000000004 476.65000000000003 1.0000000180025095e-35 1.0000000180025095e-35 1.0000000180025095e-35 193.32500000000002 125.75000000000001 283.45000000000005 5.5000000000000009 3.5000000000000004 168.75000000000003 765.35000000000002 187.75000000000003 19.750000000000004 386.85000000000008 1.0000000180025095e-35 489.9500000000001 104.05000000000001 135.75000000000003 57.258333333333333 1.0000000180025095e-35 5.9500000000000011 226.32916666666668 1.0000000180025095e-35 1.0000000180025095e-35 311.45833333333337 818.95000000000016 354.54166666666669 1.0000000180025095e-35 1.5000000000000002 51.750000000000007 967.45000000000016
decision_type=2 2 2 2 2 2 2 2 2 2 2 2 2 2 2 2 2 2 2 2 2 2 2 2 2 2 2 2 2 2 2 2 2 2 2 2 2 2 2 2 2 2 2 2 2 2 2 2 2 2 2 2 2 2 2 2 2 2 2 2 2 2
left_child=8 2 12 -4 5 6 38 -8 9 53 29 -12 14 32 15 16 18 22 20 -19 21 45 23 24 25 52 27 44 36 30 31 -3 33 -11 -10 -36 -29 -38 39 40 -5 -41 -40 -16 -26 49 -47 -45 -49 -2 51 -51 -17 60 55 56 -32 -57 -55 -37 -1 -50
right_child=1 10 3 4 -6 -7 7 -9 34 13 11 -13 -14 -15 43 17 -18 19 -20 -21 -22 -23 -24 -25 26 -27 -28 28 -30 -31 54 -33 -34 -35 35 59 37 -39 42 41 -42 -43 -44 47 -46 46 -48 48 61 50 -52 -53 -54 58 -56 57 -58 -59 -60 -61 -62 -63
leaf_value=-0.03004973411519149 -0.28405340451111155 0.087071798576249027 1.1649263733909245 1.5271595692634583 -0.43606210613250734 0.98632755577564246 -1.180257190167904 0.082701502181589615 0.010403783611707296 -0.020662176576022085 1.2123821997642519 0.342262678536085 -0.51367480687119749 0.15051188798380308 -0.50157743963328272 -0.17356177749841109 -0.93057345747947695 -0.87436334420568673 0.95618792057037361 0.1330458225833403 0.56706006795167929 -0.32346242833882571 0.54197057409164229 -0.12140799906964486 0.28516792336054014 1.0039084355905652 -0.36454953295843945 -0.30529782555320045 -1.0254139902916821 -0.15971614765493494 0.20882690319648156 1.4755635118484498 0.14019897789154653 0.1163051319041299 0.020168154912446685 -0.023433835370974109 -0.14776198824246725 0.5104333972738635 0.95836776956435177 -0.74765399020651113 0.067907971764604252 0.38600527793169026 0.23436486380440846 0.40653171264208282 0.6933689893263838 -0.70197150647640238 0.072891461423465184 -0.76987433660598037 0.24552022867969106 0.57271191605499816 -0.25785202460086093 0.095642633367031105 0.37679653784807993 -0.0013226066271394359 -0.27905402064323426 -0.23723593507494245 1.0435482239723206 0.27805993160301889 0.18044907127561816 0.31890585302833974 -0.072079271615254611 -0.23029127082763573
leaf_weight=11181 41 36 21 20 25 27 20 24 6989 3157 20 26 22 428 33 23 26 26 20 37 40 56 78 65 171 35 35 22 22 38 26 25 371 392 316 55 30 62 31 23 39 32 21 26 46 20 21 21 49 28 47 1060 85 2014 20 35 20 135 170 201 3711 39
leaf_count=11181 41 36 21 20 25 27 20 24 6989 3157 20 26 22 428 33 23 26 26 20 37 40 56 78 65 171 35 35 22 22 38 26 25 371 392 316 55 30 62 31 23 39 32 21 26 46 20 21 21 49 28 47 1060 85 2014 20 35 20 135 170 201 3711 39
internal_value=0.00180549 0.133704 0.107969 0.288167 0.217892 0.286875 0.196945 -0.491371 -0.0116187 -0.0223425 0.307231 0.720576 0.085661 0.0222617 0.0914849 0.107931 0.0593381 0.197533 0.0786462 -0.28271 0.0652793 0.0495124 0.242422 0.20322 0.242957 0.441766 0.169685 0.222655 -0.0151592 0.250474 0.302956 0.656126 0.00825891 -0.00553364 0.0187669 0.120952 0.179802 0.295804 0.37939 0.248664 0.56257 -0.0880704 0.665982 -0.113693 0.371699 0.0666748 -0.30509 -0.0188771 -0.120351 0.079636 0.0927736 0.10792 0.259591 -0.0336999 0.21167 0.257108 0.571749 0.17197 0.0128263 0.245356 -0.0405233 0.0346492
internal_weight=31935 2950 2569 283 262 237 210 44 28985 21424 381 46 2286 4348 2264 2096 1359 737 1333 63 1313 1273 674 596 531 143 388 353 136 335 297 61 3920 3549 7561 572 114 92 166 114 59 55 52 168 217 1217 41 135 109 1176 1135 1088 108 17076 236 216 46 170 2184 256 14892 88
internal_count=31935 2950 2569 283 262 237 210 44 28985 21424 381 46 2286 4348 2264 2096 1359 737 1333 63 1313 1273 674 596 531 143 388 353 136 335 297 61 3920 3549 7561 572 114 92 166 114 59 55 52 168 217 1217 41 135 109 1176 1135 1088 108 17076 236 216 46 170 2184 256 14892 88
is_linear=0
shrinkage=0.05


Tree=87
num_leaves=63
num_cat=0
split_feature=23 31 7 32 35 18 35 40 35 40 40 9 28 34 34 33 33 33 38 34 9 31 32 33 40 35 35 33 40 40 31 34 35 33 31 2 34 29 35 36 33 34 32 36 31 33 32 31 35 33 31 33 40 40 40 32 32 36 29 28 35 40
split_gain=20412.9 4755.81 5071.5 5693.24 5907.16 4541.1 4864.52 3535.85 5515.7 3829.27 5167.6 4246.97 3435.03 3351.36 10957.3 4017.15 3405.05 8160.65 3104.57 5112.53 3092.48 2964.92 4366.37 3676.31 2928.62 2887.69 5100.93 2846.33 2786.88 4108.06 4201.14 3717.5 3452.99 3283.49 3261.74 2941 3180.98 2975.55 3115.73 4209.15 2760.82 2643.67 3210.55 4132.83 3830.64 2799.76 4747.74 3498.09 3992.15 4562.19 2675.88 2615.45 2602.01 2400 3015.66 2382.19 2373.39 2322.51 2249.84 2839.76 2440.69 2245.61
threshold=1.0000000180025095e-35 434.55000000000007 1.0000000180025095e-35 430.85000000000008 548.05000000000007 1.0000000180025095e-35 978.05000000000007 1.0000000180025095e-35 1313.1500000000003 3.5000000000000004 5.5000000000000009 1.0000000180025095e-35 1.0000000180025095e-35 325.65000000000003 19.850000000000005 183.15000000000001 105.95000000000002 190.00000000000003 1.0000000180025095e-35 216.55000000000004 1.0000000180025095e-35 265.85000000000008 394.35000000000008 285.35000000000008 4.5000000000000009 662.50000000000011 759.00000000000011 271.80000000000001 1.5000000000000002 3.5000000000000004 29.050000000000004 393.85000000000008 673.95000000000016 423.05000000000007 75.15000000000002 1.0000000180025095e-35 413.35000000000008 1.0000000180025095e-35 1032.6500000000003 291.51250000000005 488.85000000000008 297.05000000000007 25.450000000000003 288.61000000000007 363.85000000000008 409.65000000000003 83.450000000000017 167.05000000000004 377.55000000000007 205.35000000000005 226.05000000000004 12.750000000000002 5.5000000000000009 1.5000000000000002 2.5000000000000004 75.15000000000002 1.4500000000000002 291.51250000000005 1.0000000180025095e-35 1.0000000180025095e-35 455.95000000000005 5.5000000000000009
decision_type=2 2 2 2 2 2 2 2 2 2 2 2 2 2 2 2 2 2 2 2 2 2 2 2 2 2 2 2 2 2 2 2 2 2 2 2 2 2 2 2 2 2 2 2 2 2 2 2 2 2 2 2 2 2 2 2 2 2 2 2 2 2
left_child=7 2 3 28 -5 6 -3 -1 9 11 24 12 -9 14 16 -16 25 -18 19 57 58 22 23 -4 -11 -6 -27 -19 31 32 33 41 -30 -31 52 36 37 38 -36 -40 -10 42 56 44 45 46 -44 48 -48 -50 -49 -26 -32 -13 55 -55 -2 -8 59 -12 -61 -37
right_child=1 5 21 4 13 -7 18 8 40 10 20 53 -14 -15 15 -17 17 27 -20 -21 -22 -23 -24 -25 51 26 -28 -29 29 30 34 -33 -34 -35 35 61 -38 -39 39 -41 -42 -43 43 -45 -46 -47 47 50 49 -51 -52 -53 -54 54 -56 -57 -58 -59 -60 60 -62 -63
leaf_value=-0.046939089627793973 0.057432346024770077 0.22726356905612929 0.060384426996404054 1.1066800548916771 0.56404551664988201 -0.23447007617434942 0.13927956331859936 0.0037719266488386912 0.15464420776469745 -0.002249435850153348 -0.001159505419873307 -0.015589771846051865 0.14972056657423827 0.71760647354587437 -1.0506568576608386 -0.072667365556671512 1.4159292686553231 -0.19600579625084288 0.14359084231158098 1.4390785310078753 0.10121780357867044 0.56765650531309553 -0.47299752866938 0.72581992081233437 -0.042382477524223652 -0.68471963405609138 0.29237783375908349 0.50651839790136921 0.15340724179829704 0.21685494637673663 -0.51735154089207458 -0.68495524986223744 0.54932092160084534 0.92046186864376078 0.03673123408403025 0.60364810228347787 -0.49190963635156892 -0.28578675028049583 0.75790418618255195 -0.036922582791697599 0.7205689317506293 0.5028350850810176 -0.75347994989327471 0.26218332997881449 -0.75794660210609432 -0.71728384137153633 0.31928598492041882 0.62099380695394113 -0.8317477345466614 0.068631763135393473 0.027442565004704364 -0.11521736056560708 0.014967282912270589 0.18652248905393587 0.12721925740598014 0.61201308771575758 0.61080141274825395 0.8025054328369372 -0.079886055199194492 -0.0048929563444107781 0.17768134681819098 0.077076294000555837
leaf_weight=5546 123 243 51 21 24 37 22 4110 342 2871 6842 123 447 31 21 21 21 21 24 22 841 86 21 35 4203 22 34 46 200 97 48 22 76 20 901 40 29 66 36 31 23 23 24 52 30 20 23 28 34 24 59 1744 44 58 221 76 23 33 786 315 437 41
leaf_count=5546 123 243 51 21 24 37 22 4110 342 2871 6842 123 447 31 21 21 21 21 24 22 841 86 21 35 4203 22 34 46 200 97 48 22 76 20 901 40 29 66 36 31 23 23 24 52 30 20 23 28 34 24 59 1744 44 58 221 76 23 33 786 315 437 41
internal_value=0.00171521 0.127019 0.102571 0.0825483 0.302399 0.29187 0.348482 -0.0110378 -0.00254305 -0.00559365 -0.0163548 0.0329607 0.0180882 0.232317 0.160679 -0.561662 0.341264 0.555889 0.640126 0.79489 0.00981519 0.349061 0.173368 0.331201 -0.0437209 0.105176 -0.0914819 0.286324 0.055301 0.0866257 0.0507638 -0.0499113 0.262427 0.33713 0.0236563 0.0466902 0.0245602 0.0390453 0.061193 0.390149 0.190305 -0.0197365 -0.0470527 -0.142231 -0.229129 -0.154297 -0.0956524 -0.00167705 -0.238132 -0.459177 0.218471 -0.0637418 -0.262764 0.174747 0.240695 0.427846 0.144607 0.537215 0.000642207 0.0089771 0.101204 0.337112
internal_weight=31935 2950 2569 2376 262 381 344 28985 23439 23074 18039 5035 4557 241 210 42 168 88 101 77 9221 193 107 86 8818 80 56 67 2114 1629 1353 485 276 117 1236 1144 1063 1034 968 67 365 463 440 294 242 212 192 168 81 58 87 5947 92 478 355 134 146 55 8380 7594 752 81
internal_count=31935 2950 2569 2376 262 381 344 28985 23439 23074 18039 5035 4557 241 210 42 168 88 101 77 9221 193 107 86 8818 80 56 67 2114 1629 1353 485 276 117 1236 1144 1063 1034 968 67 365 463 440 294 242 212 192 168 81 58 87 5947 92 478 355 134 146 55 8380 7594 752 81
is_linear=0
shrinkage=0.05


Tree=88
num_leaves=63
num_cat=0
split_feature=23 40 40 35 36 31 36 36 31 32 34 31 10 21 36 28 21 32 11 11 32 32 32 32 31 35 36 32 32 12 32 40 32 34 31 2 9 31 32 31 9 36 40 34 13 36 36 31 36 32 32 12 36 13 36 31 31 35 35 36 31 34
split_gain=18422.6 4300.66 12736.8 8582.47 5003.24 4160.4 6305.61 4127.64 4926.8 4081.78 4090.43 6777.92 4392.78 3420.83 3857.04 3836.99 3420.69 3036.46 2767.82 2763.72 2614.64 3801.07 2810.73 4196.27 5303.41 2507.05 4224.27 2410.5 2565.89 2341.43 2318.49 4319.77 4022.02 4584.33 2272.14 2266.19 2558.46 2242.71 2203.16 3771.75 2192.07 2598.58 2044.7 2022.28 3091.77 2008.18 4835.98 3767.99 8491.38 4146.19 2094.89 1974.04 1874.88 1847.72 2316.27 1834.91 7661.94 4407.61 3485.45 2473.95 2193.51 2107.18
threshold=1.0000000180025095e-35 1.5000000000000002 2.5000000000000004 522.6500000000002 299.32916666666671 478.75000000000006 254.11000000000004 225.27083333333334 428.45000000000005 460.75000000000006 114.55000000000001 275.75000000000006 1.0000000180025095e-35 1.0000000180025095e-35 354.54166666666669 1.0000000180025095e-35 1.0000000180025095e-35 406.45000000000005 1.0000000180025095e-35 1.0000000180025095e-35 28.750000000000004 83.450000000000017 109.25000000000001 166.25000000000003 337.75000000000006 1140.1000000000001 413.25000000000006 470.75000000000006 444.35000000000008 1.0000000180025095e-35 480.05000000000007 5.5000000000000009 466.85000000000008 424.75000000000006 54.150000000000013 1.0000000180025095e-35 1.0000000180025095e-35 177.25000000000003 225.25000000000003 201.65000000000001 1.0000000180025095e-35 193.32500000000002 3.5000000000000004 29.350000000000005 1.0000000180025095e-35 275.04166666666669 284.0125000000001 343.95000000000005 255.47083333333339 406.45000000000005 348.35000000000008 1.0000000180025095e-35 165.15833333333336 1.0000000180025095e-35 238.91250000000005 167.05000000000004 224.05000000000004 894.95000000000016 651.1500000000002 162.61250000000004 253.25000000000003 283.35000000000008
decision_type=2 2 2 2 2 2 2 2 2 2 2 2 2 2 2 2 2 2 2 2 2 2 2 2 2 2 2 2 2 2 2 2 2 2 2 2 2 2 2 2 2 2 2 2 2 2 2 2 2 2 2 2 2 2 2 2 2 2 2 2 2 2
left_child=13 19 3 -3 -5 7 -7 8 9 10 12 34 17 14 51 18 29 43 35 20 -2 -22 -23 24 -24 26 -8 28 55 30 32 -32 33 42 -12 36 -16 -36 -18 -40 -15 -42 -9 44 -4 47 -47 49 -49 50 -44 53 -53 -1 -55 57 -57 58 59 -25 -58 -62
right_child=1 2 5 4 -6 6 25 16 -10 -11 11 -13 -14 40 15 -17 38 -19 -20 -21 21 22 23 27 -26 -27 -28 -29 -30 -31 31 -33 -34 -35 37 -37 -38 -39 39 -41 41 -43 45 -45 -46 46 -48 48 -50 -51 -52 52 -54 54 -56 56 60 -59 -60 -61 61 -63
leaf_value=-0.044994403273766526 0.14445752910927653 0.13604602707693211 0.013881456515532926 0.6983548806773292 1.5659966369469962 1.1287320959568026 -0.48511967348015833 0.35981801072350494 -0.67460439999898281 -0.59260905931393315 0.55618270438302442 1.083827434728543 -0.45582103119956124 0.010726297280883026 -0.038198188951409535 0.16240703429128711 0.07176015386978786 0.58384922421895546 0.12829724301212533 0.42151682282748981 -0.59921085364890825 0.43312171862043186 -0.039782468919400821 0.16437262684106826 -1.0855920420451599 0.66383051531655457 0.43699522404759022 0.4691056164602439 -0.57146973718296401 0.58037560169895497 -0.69437312367169757 0.31037149310112 0.81649592464620424 -0.52205564471391541 -0.16866849998258196 0.10674910710493009 0.10961157187900653 0.3667306834651578 1.1692196321487427 0.37798710191836127 0.016612698879281556 0.23093735844886398 0.11634147079445906 -0.32618115689303423 0.3471965594193604 0.68550014234212941 0.13296657671943723 0.31151608176853346 -1.0073682794204124 -0.49506026816368104 0.59879894863676142 -0.022958137729969706 0.072687055604385181 -0.015085675520119957 0.13906411585985876 0.8408053325755257 -0.5067082753647929 -0.85194724261760713 0.49405158188032072 -0.56932580912554709 -0.060599751708921325 0.48197917838891347
leaf_weight=12816 177 52 583 54 24 25 23 104 24 24 27 24 45 6989 2796 434 30 26 412 38 33 29 27 20 22 21 27 24 22 30 23 20 22 26 53 379 327 31 20 61 316 256 135 37 79 43 501 23 26 25 27 1363 821 1794 282 28 23 20 23 27 121 21
leaf_count=12816 177 52 583 54 24 25 23 104 24 24 27 24 45 6989 2796 434 30 26 412 38 33 29 27 20 22 21 27 24 22 30 23 20 22 26 53 379 327 31 20 61 316 256 135 37 79 43 501 23 26 25 27 1363 821 1794 282 28 23 20 23 27 121 21
internal_value=0.00162945 0.120668 0.15292 0.633611 0.965322 0.124056 0.445832 0.109126 0.0327028 0.0509755 0.0680429 0.321911 0.0235336 -0.0104859 -0.0206903 0.0213528 0.174387 0.0532866 0.00571212 0.00766319 -0.0178254 -0.0831073 -0.0412611 -0.0776556 -0.50933 0.205374 0.0128224 -0.0133637 -0.0513285 0.145295 0.131908 -0.22705 0.14847 0.13232 0.157173 -0.00870966 -0.0227215 0.0289193 0.437787 0.573353 0.0184282 0.112534 0.151566 0.0335518 0.0536577 0.123799 0.176641 0.00199347 -0.3883 0.104263 0.196751 -0.0313956 0.0129964 -0.037906 0.00585375 -0.0108935 0.0760479 -0.197334 -0.0103023 -0.257114 -0.0537291 0.0196408
internal_weight=31935 2950 2295 130 78 2165 96 2069 953 929 905 135 770 28985 21424 4348 1116 725 3914 655 617 440 407 378 49 71 50 329 305 1005 975 43 932 910 111 3502 3123 84 111 81 7561 572 884 699 662 780 544 236 49 187 162 17076 2184 14892 2076 283 193 90 70 47 165 142
internal_count=31935 2950 2295 130 78 2165 96 2069 953 929 905 135 770 28985 21424 4348 1116 725 3914 655 617 440 407 378 49 71 50 329 305 1005 975 43 932 910 111 3502 3123 84 111 81 7561 572 884 699 662 780 544 236 49 187 162 17076 2184 14892 2076 283 193 90 70 47 165 142
is_linear=0
shrinkage=0.05


Tree=89
num_leaves=63
num_cat=0
split_feature=23 31 18 6 32 6 34 34 40 33 40 40 40 9 32 2 36 33 40 31 40 40 14 28 33 5 33 18 32 34 32 31 33 33 31 32 34 36 31 32 2 34 29 34 34 36 31 36 33 21 32 40 34 40 33 5 32 9 36 36 34 36
split_gain=16626.4 4135.52 4093.7 3819.12 3239.47 3884.09 4030.33 8667.58 3245.96 3375.03 3177.46 4035.28 5309.96 4452.53 3690.76 3595.39 3334.27 3172.7 3122.09 2965.02 5653.05 3260.17 2778.88 2773.12 2721.34 2700.17 2943.24 3961.29 5207.88 6891.92 3454.52 5202.95 2964.11 6050.6 2651.83 4002.22 3009.54 4731.57 6010.14 2725.38 2644.94 2808.72 2561.02 4388.73 4717.88 7433.77 8274.05 3276.96 2561 2700.51 2539.66 2539.04 2815.42 3271.77 2487.67 2468.98 2511.88 2268.29 2223.32 3259.94 2511.82 4676.68
threshold=1.0000000180025095e-35 434.55000000000007 1.0000000180025095e-35 1.0000000180025095e-35 430.85000000000008 1.0000000180025095e-35 335.05000000000001 22.100000000000005 5.5000000000000009 187.75000000000003 1.0000000180025095e-35 3.5000000000000004 5.5000000000000009 1.0000000180025095e-35 424.95000000000005 1.0000000180025095e-35 259.61250000000007 187.75000000000003 4.5000000000000009 168.75000000000003 3.5000000000000004 1.5000000000000002 1.0000000180025095e-35 1.0000000180025095e-35 409.65000000000003 1.0000000180025095e-35 385.45000000000005 1.0000000180025095e-35 121.45000000000002 18.200000000000006 328.05000000000007 302.05000000000007 420.75000000000006 465.45000000000005 102.45000000000002 394.35000000000008 114.55000000000001 298.01666666666671 357.45000000000005 342.75000000000006 1.0000000180025095e-35 29.350000000000005 1.0000000180025095e-35 199.35000000000005 12.15 254.11000000000004 476.65000000000003 318.92500000000001 127.75000000000001 1.0000000180025095e-35 161.90000000000003 1.5000000000000002 338.65000000000003 2.5000000000000004 12.750000000000002 1.0000000180025095e-35 404.55000000000007 1.0000000180025095e-35 182.71250000000003 211.48750000000004 209.85000000000005 276.51666666666671
decision_type=2 2 2 2 2 2 2 2 2 2 2 2 2 2 2 2 2 2 2 2 2 2 2 2 2 2 2 2 2 2 2 2 2 2 2 2 2 2 2 2 2 2 2 2 2 2 2 2 2 2 2 2 2 2 2 2 2 2 2 2 2 2
left_child=10 4 3 42 22 6 7 8 19 -10 -1 13 18 15 57 23 -17 -9 -13 20 -6 -21 25 -12 -16 26 34 28 29 -28 31 32 -30 -34 35 39 40 38 48 -2 41 -36 43 44 45 46 -3 50 -38 -50 -47 -15 53 -53 -20 56 -18 -14 -27 -60 61 -61
right_child=1 2 -4 -5 5 -7 -8 17 9 -11 11 12 14 51 24 16 55 -19 54 21 -22 -23 -24 -25 -26 58 27 -29 30 -31 -32 -33 33 -35 36 -37 37 -39 -40 -41 -42 -43 -44 -45 -46 47 -48 -49 49 -51 -52 52 -54 -55 -56 -57 -58 -59 59 60 -62 -63
leaf_value=-0.043994816363225053 -0.050425070789125226 0.25322899209416433 -0.23138069204381995 0.99265815973281857 1.0607371440300575 -0.33096032472184073 0.88823403186268279 -0.85817537985742087 0.97763343171069494 0.18780340978077481 -0.0061634325379048716 0.0021950397575546598 -0.0039342521967503374 -0.010085764140463792 0.088298785059324217 0.032401525354906313 0.25582464202581084 0.0028976151476735653 -0.039425220936304219 -0.47120539017698981 0.053438761234283455 0.25919302988052367 -0.48715290440754455 0.12875917687186234 0.41122301521116039 -0.47645792790195518 1.2809961294305736 -0.26914817786985828 0.67893363329080447 0.091627623069854017 0.52042831050025096 -0.54122943241020727 -0.4627258700983865 0.66001294453938808 0.070060924614438094 -0.63253206323694311 0.48314867998455091 -0.36163281475504244 0.93052404385346643 0.38771422587218696 0.37885362187345678 -0.4365404718688557 -0.17633907411779678 0.88685941609644114 -0.46102261614231832 0.16019100348154705 1.6259486161527179 0.30584194656794539 0.22505379503077649 -0.45695332459041049 -0.56351532827724105 0.4141769362926484 0.77064082001646361 0.093040655080812731 -0.1088212366363781 -0.20768818413572654 0.67983500348760728 0.086121936547715452 0.44553128604231218 -0.64563475154167005 0.27294107013596941 0.12680896040466097
leaf_weight=5546 315 23 37 20 26 26 27 20 38 21 3741 2918 7807 130 695 246 136 23 4204 22 30 50 22 424 72 34 29 31 26 21 54 29 28 21 1197 27 51 24 39 40 68 28 28 31 21 27 21 151 47 21 22 125 24 217 1864 21 47 768 29 43 26 36
leaf_count=5546 315 23 37 20 26 26 27 20 38 21 3741 2918 7807 130 695 246 136 23 4204 22 30 50 22 424 72 34 29 31 26 21 54 29 28 21 1197 27 51 24 39 40 68 28 28 31 21 27 21 151 47 21 22 125 24 217 1864 21 47 768 29 43 26 36
internal_value=0.00154798 0.114635 0.268359 0.32211 0.0918362 0.251413 0.31033 0.242489 0.389676 0.696507 -0.00996162 -0.00190888 -0.0128644 0.0373775 0.0135306 0.0220781 0.156342 -0.397601 -0.0403051 0.248246 0.521113 0.0360157 0.0720811 0.00757179 0.118612 0.0775154 0.0929746 0.25813 0.336715 0.781461 0.195973 0.0275055 0.247416 0.0184479 0.0717186 -0.0456903 0.102126 0.292491 0.391851 -0.00105726 0.0753301 0.0584815 0.280719 0.323954 0.258104 0.319996 0.908391 0.19055 0.215312 0.0144339 -0.164738 0.17973 0.247151 0.210415 -0.0607427 0.305799 0.364723 0.00413142 -0.115356 -0.0237336 -0.15334 -0.293635
internal_weight=31935 2950 381 344 2569 283 257 230 187 59 28985 23439 18328 5111 9342 4615 450 43 8986 128 56 72 2286 4165 767 2264 2096 239 208 50 158 104 75 49 1857 382 1475 182 158 355 1293 1225 324 296 265 244 44 200 119 68 49 496 366 342 6068 204 183 8575 168 134 105 79
internal_count=31935 2950 381 344 2569 283 257 230 187 59 28985 23439 18328 5111 9342 4615 450 43 8986 128 56 72 2286 4165 767 2264 2096 239 208 50 158 104 75 49 1857 382 1475 182 158 355 1293 1225 324 296 265 244 44 200 119 68 49 496 366 342 6068 204 183 8575 168 134 105 79
is_linear=0
shrinkage=0.05


Tree=90
num_leaves=63
num_cat=0
split_feature=23 7 7 36 13 36 36 36 33 31 34 28 38 31 31 32 32 33 36 6 11 36 21 11 34 36 34 32 32 32 31 10 32 32 36 31 34 33 32 32 36 9 29 34 4 32 36 32 24 21 28 32 12 33 40 33 33 33 32 32 32 36
split_gain=13103.6 5780.24 4017.05 4025.84 3437.99 4034.34 3701.34 2985.9 3879.89 3781.93 4169.82 2875.99 5110.57 4201.93 3235.62 3000.84 2898.96 2696.35 2868.54 3004.75 2943.99 2594.08 2500.17 2468.55 2467.45 6495.12 2927.17 2712.98 2441.69 3944.05 2422.83 2339.74 3211.85 5831.88 2474.68 6098.27 3648.74 2307.14 2249.04 2106.45 2087.14 2434.77 2067.65 2609.17 2265.12 2055.03 2009.93 1994.68 1929.79 2071.11 1914.01 1897.88 1895.54 3732.87 2245.23 2159.45 3406.16 3446.59 2414.57 2810.23 3522.6 2397.62
threshold=1.0000000180025095e-35 1.0000000180025095e-35 1.0000000180025095e-35 345.05000000000013 1.0000000180025095e-35 269.82916666666671 263.94166666666672 153.21000000000004 146.25000000000003 22.450000000000003 9.2000000000000011 1.0000000180025095e-35 1.0000000180025095e-35 259.35000000000008 442.85000000000008 354.35000000000008 440.45000000000005 449.00000000000006 259.61250000000007 1.0000000180025095e-35 1.0000000180025095e-35 94.216666666666683 1.0000000180025095e-35 1.0000000180025095e-35 301.60000000000008 234.53750000000005 248.55000000000004 161.90000000000003 242.55000000000004 352.45000000000005 211.85000000000005 1.0000000180025095e-35 193.95000000000002 115.15000000000002 321.08333333333343 248.95000000000002 224.05000000000004 279.65000000000003 448.55000000000007 274.55000000000007 432.35000000000008 1.0000000180025095e-35 1.0000000180025095e-35 428.15000000000003 1.0000000180025095e-35 440.45000000000005 73.516666666666694 456.35000000000008 1.0000000180025095e-35 1.0000000180025095e-35 1.0000000180025095e-35 227.45000000000002 1.0000000180025095e-35 23.150000000000002 3.5000000000000004 207.65000000000001 168.35000000000005 136.15000000000001 408.75000000000006 376.75000000000006 300.25000000000006 193.32500000000002
decision_type=2 2 2 2 2 2 2 2 2 2 2 2 2 2 2 2 2 2 2 2 2 2 2 2 2 2 2 2 2 2 2 2 2 2 2 2 2 2 2 2 2 2 2 2 2 2 2 2 2 2 2 2 2 2 2 2 2 2 2 2 2 2
left_child=2 4 22 23 5 6 17 8 21 -9 30 12 14 -14 31 -13 -16 18 19 20 24 -6 40 42 26 27 52 -26 -21 -30 -11 32 33 -7 36 -36 -34 -33 -5 -8 -1 -42 43 44 46 -3 -4 -37 49 -48 -24 -20 55 -54 -55 56 57 58 59 60 -2 -62
right_child=1 45 3 38 7 11 39 9 -10 10 -12 15 13 -15 16 -17 -18 -19 51 28 -22 -23 50 -25 25 -27 -28 -29 29 -31 -32 37 34 -35 35 47 -38 -39 -40 -41 41 -43 -44 -45 -46 -47 48 -49 -50 -51 -52 -53 53 54 -56 -57 -58 -59 -60 -61 61 -63
leaf_value=-0.029947025380045074 -0.0027963494599731477 0.40213714013087387 -0.23456740322667111 0.12736056825201431 -0.12573777621146293 0.072750447181396879 -0.80117164140655894 -0.081177479028701788 -0.50883691725523572 1.2814937398582698 0.15174419482549031 0.65762883705588493 -0.75211356171855226 -0.031865510703236975 0.26599713985002443 0.1301468003009047 0.90088693022727961 -0.40183340873983175 0.10931251525878907 -0.42204886849109946 0.33563769737758292 0.56666081816919389 0.0021840584608042424 0.20325788841528053 1.0791364073753358 -0.40301434668627656 -0.57822074377465815 0.32216923812340048 0.52905934974551205 -0.44109148085117345 0.61023511334163394 -0.54293610614000098 0.27562739136628805 -0.74321904368698599 -0.60520842533845176 0.13538729437057256 0.95656391926433726 0.14684580347754739 0.40611457051918587 -0.11546776294708253 0.013076131283395274 0.24837897888850421 -0.16529367672000506 0.39160928884926055 -0.17739264687674272 -0.10777258461933921 0.01919821692677573 0.62550074740384642 -0.13831142924415571 0.1503710112196428 0.10188960152293125 0.79812980085611351 0.47677645683288578 0.37875897407531744 -0.25580897182226181 0.16005103350060543 -0.53948580785231159 0.48724751267582178 -0.45440950113184314 0.54680967022265703 -0.056138213034029362 -0.69146489284255297
leaf_weight=17875 570 194 71 387 24 250 21 28 23 20 36 52 27 81 178 56 20 36 20 65 82 31 6473 170 20 22 21 29 22 20 41 27 136 24 26 103 23 22 89 24 1311 120 164 46 148 22 1171 26 144 405 520 20 62 20 46 159 33 32 34 21 27 33
leaf_count=17875 570 194 71 387 24 250 21 28 23 20 36 52 27 81 178 56 20 36 20 65 82 31 6473 170 20 22 21 29 22 20 41 27 136 24 26 103 23 22 89 24 1311 120 164 46 148 22 1171 26 144 405 520 20 62 20 46 159 33 32 34 21 27 33
internal_value=0.000156398 0.101338 -0.00996034 0.0470299 0.0813768 0.0652462 0.0108551 0.279236 0.0364811 0.430715 0.578477 0.139717 0.111726 -0.211928 0.153588 0.38412 0.330127 0.0252628 0.0365849 0.0239252 0.046366 0.264523 -0.0160171 0.019843 0.025356 0.310695 0.00620753 0.631135 -0.230053 0.0670828 0.83032 0.0987135 0.126376 0.00127867 0.235538 0.0933709 0.374128 -0.233238 0.179481 -0.435463 -0.0252955 0.032808 0.00533364 0.0194308 0.0106014 0.350202 0.0261364 0.23417 0.036898 0.052907 0.00959817 0.453721 0.0180426 0.198188 -0.0635157 -0.00732443 -0.042808 -0.0199484 -0.0436422 -0.0221889 -0.0411555 -0.405568
internal_weight=32003 2909 29094 2795 2693 2490 1439 203 78 125 97 1051 943 108 835 108 198 1394 1358 1318 1211 55 26299 2319 1129 71 1058 49 107 42 61 637 588 274 314 155 159 49 476 45 19306 1431 2149 1985 1939 216 1791 129 1720 1576 6993 40 1037 128 66 909 750 717 685 651 630 60
internal_count=32003 2909 29094 2795 2693 2490 1439 203 78 125 97 1051 943 108 835 108 198 1394 1358 1318 1211 55 26299 2319 1129 71 1058 49 107 42 61 637 588 274 314 155 159 49 476 45 19306 1431 2149 1985 1939 216 1791 129 1720 1576 6993 40 1037 128 66 909 750 717 685 651 630 60
is_linear=0
shrinkage=0.05


Tree=91
num_leaves=63
num_cat=0
split_feature=23 7 7 25 36 13 36 36 36 31 36 32 32 28 38 31 31 32 32 33 36 33 32 32 32 36 32 32 5 11 35 9 10 33 32 32 35 36 35 13 29 32 33 28 32 36 32 35 32 36 33 33 36 33 31 32 36 24 36 36 32 38
split_gain=11826 5216.67 3625.39 3718.71 3858.82 3102.79 3640.99 3340.46 2721.15 2887.34 2930.38 2703.43 3798.4 2595.58 4612.29 3792.25 2920.15 2708.26 2616.31 2433.46 2588.85 2463.1 5647.64 2659.08 7703.23 3352.78 3021.86 5613.42 2429.97 2294.78 2261.72 2242.75 2800.89 2490.07 2354.02 5732.19 2098.28 2166.12 2456.77 1940.31 2148.45 1901.07 1894.8 1863.02 3189.82 1886.41 1854.66 1761.73 1712.83 1697.09 2219.02 2903.85 4402.73 2005.49 1625.7 1624.99 1610.78 1540.97 1488.99 1463.51 1438.66 1429.68
threshold=1.0000000180025095e-35 1.0000000180025095e-35 1.0000000180025095e-35 1.0000000180025095e-35 345.05000000000013 1.0000000180025095e-35 269.82916666666671 263.94166666666672 170.31000000000003 22.450000000000003 194.51250000000002 17.550000000000004 81.350000000000009 1.0000000180025095e-35 1.0000000180025095e-35 259.35000000000008 442.85000000000008 354.35000000000008 440.45000000000005 449.00000000000006 259.61250000000007 378.05000000000007 185.55000000000004 396.45000000000005 378.65000000000003 244.65833333333336 436.65000000000003 460.75000000000006 1.0000000180025095e-35 1.0000000180025095e-35 445.15000000000009 1.0000000180025095e-35 1.0000000180025095e-35 420.75000000000006 456.35000000000008 480.05000000000007 902.1500000000002 281.01000000000005 800.35000000000025 1.0000000180025095e-35 1.0000000180025095e-35 274.55000000000007 228.45000000000002 1.0000000180025095e-35 298.45000000000005 118.31250000000001 440.45000000000005 1096.7500000000002 227.45000000000002 168.93750000000003 166.15000000000001 285.35000000000008 288.61000000000007 89.350000000000009 221.95000000000002 259.05000000000007 250.51000000000002 1.0000000180025095e-35 302.3633333333334 327.63333333333338 215.05000000000004 1.0000000180025095e-35
decision_type=2 2 2 2 2 2 2 2 2 2 2 2 2 2 2 2 2 2 2 2 2 2 2 2 2 2 2 2 2 2 2 2 2 2 2 2 2 2 2 2 2 2 2 2 2 2 2 2 2 2 2 2 2 2 2 2 2 2 2 2 2 2
left_child=2 5 28 4 29 6 7 19 11 -10 -11 -7 -13 14 16 -16 31 55 58 20 21 23 -23 24 -2 26 -25 -28 43 39 -6 32 33 34 36 -36 37 -8 -39 40 54 -9 -12 57 45 -45 49 -38 -22 -3 53 -52 -53 56 -4 -15 -51 -1 -18 -60 -42 -41
right_child=1 46 3 -5 30 8 13 41 9 10 42 12 -14 17 15 -17 18 -19 -20 -21 48 22 -24 25 -26 -27 27 -29 -30 -31 -32 -33 -34 -35 35 -37 47 38 -40 61 60 -43 -44 44 -46 -47 -48 -49 -50 50 51 52 -54 -55 -56 -57 -58 -59 59 -61 -62 -63
leaf_value=-0.010312388239725469 0.010996811636569882 -0.054165166616439823 -0.063521333972183056 0.25469345372189217 -0.018310754565800738 0.47097271233797078 0.45202443263223097 -0.76111305668240503 -0.043302911281585699 0.9876024075916835 0.62674164082854988 -0.66855265540736064 0.15502829544600988 0.33427465295791631 -0.71450788533246079 -0.030272223818817258 0.56760548987696247 0.12363947076456888 0.85584255814552312 -0.3817417457699776 0.10384689334779978 -0.12357165252676967 0.82431456764539091 -0.72726076725456457 0.91631369572132826 0.26877062160235188 0.46655443771318955 -0.61863748843853295 -0.060917089060805035 0.18475845574525893 0.23010093840320331 0.37209012783490697 -0.32112339965321801 -0.30732096210122112 1.0469820748675953 -0.070375311374664309 0.75903912901878368 0.052495637198529815 -0.45172565625264094 0.18074240881908041 -0.42523581384206716 -0.1096943626801173 0.057991720791216256 -0.13540540958412206 0.11929678179835644 0.015490512005536299 -0.10238396251066165 0.14461763469236238 0.75822330027818685 0.210588006904492 -0.10097132632226656 0.83527449792937236 0.052086513796273409 1.0743612396717073 0.035785048687399401 0.89370363045621815 0.78501509337321584 -0.054559032216663562 -0.18976789496161722 0.25247392257452012 -0.090985965628812948 -0.23802726974953778
leaf_weight=19083 1121 20 839 196 127 28 31 21 25 28 32 21 42 25 27 81 31 56 20 36 20 33 30 36 24 26 22 26 2619 157 329 65 44 36 22 24 20 341 26 179 53 24 27 242 724 1437 22 28 20 26 33 38 34 20 810 27 23 2194 22 125 82 23
leaf_count=19083 1121 20 839 196 127 28 31 21 25 28 32 21 42 25 27 81 31 56 20 36 20 33 30 36 24 26 22 26 2619 157 329 65 44 36 22 24 20 341 26 179 53 24 27 242 724 1437 22 28 20 26 33 38 34 20 810 27 23 2194 22 125 82 23
internal_value=0.000148578 0.0962708 -0.00946233 0.0446784 0.0288404 0.077308 0.0619839 0.0103123 0.265274 0.430284 0.566372 0.0621848 -0.119499 0.132731 0.10614 -0.201331 0.145908 0.364914 0.313621 0.0239996 0.0347557 0.022729 0.327803 0.00741452 0.0299729 -0.227398 -0.380973 -0.121258 -0.0152163 0.000736577 0.160916 0.0937778 0.0621514 0.094091 0.123463 0.464013 0.0883385 0.0506756 0.0167742 -0.013811 -0.0304411 -0.41369 0.366466 -0.0101618 0.03157 -0.00625863 0.332692 0.400627 0.431035 0.38203 0.432168 0.287422 0.465436 0.652433 -0.0147414 0.624747 0.480217 -0.0148749 0.252697 0.186288 -0.22221 0.133061
internal_weight=32003 2909 29094 2795 2599 2693 2490 1439 203 112 87 91 63 1051 943 108 835 108 198 1394 1358 1318 63 1255 1145 110 84 48 26299 2143 456 637 572 528 492 46 446 398 367 1986 1784 45 59 23680 2403 1679 216 48 40 194 174 105 72 69 1649 52 49 21277 178 147 135 202
internal_count=32003 2909 29094 2795 2599 2693 2490 1439 203 112 87 91 63 1051 943 108 835 108 198 1394 1358 1318 63 1255 1145 110 84 48 26299 2143 456 637 572 528 492 46 446 398 367 1986 1784 45 59 23680 2403 1679 216 48 40 194 174 105 72 69 1649 52 49 21277 178 147 135 202
is_linear=0
shrinkage=0.05


Tree=92
num_leaves=63
num_cat=0
split_feature=23 5 36 34 35 32 35 36 32 32 10 32 33 6 40 35 5 15 4 32 36 33 40 13 36 33 35 32 40 29 32 38 33 34 32 34 35 35 32 32 36 32 32 33 25 40 10 35 40 40 40 40 34 4 40 35 39 40 36 32 28 34
split_gain=10673 3290.53 3115.44 3777.88 6070.41 4396.05 4858.31 6500.78 2719.99 2430.98 3427.54 4791.5 3499.1 3408.71 4636.45 2764.1 4103.53 2535.74 2346.47 2155.6 2742.39 5010.24 2580.44 2909.43 2543.04 2606.65 2624.31 2188.89 2410.61 2104.49 2064.21 4494.18 2534.05 1992.88 3311.88 3212.59 2985.57 2965.26 2943.01 3643.73 3400.87 3223.61 2630.11 2227.9 1935.73 3151.18 1897.13 3103.26 3234.34 5726.46 4382.53 3606.35 2865.34 2442.03 2719.97 2035.84 1877.04 2025 1877.76 1857.83 1851.41 1811.88
threshold=1.0000000180025095e-35 1.0000000180025095e-35 362.04166666666669 405.75000000000006 1351.1500000000003 378.65000000000003 940.45000000000016 261.05833333333339 416.95000000000005 166.25000000000003 1.0000000180025095e-35 296.25000000000006 125.55000000000001 1.0000000180025095e-35 3.5000000000000004 1020.4500000000002 1.0000000180025095e-35 1.0000000180025095e-35 1.0000000180025095e-35 189.75000000000003 188.61250000000004 109.55000000000001 3.5000000000000004 1.0000000180025095e-35 299.32916666666671 111.75000000000001 1044.7500000000002 450.65000000000003 1.5000000000000002 1.0000000180025095e-35 396.45000000000005 1.0000000180025095e-35 79.350000000000009 114.55000000000001 102.85000000000001 16.950000000000003 770.85000000000025 838.80000000000018 65.250000000000014 1.8500000000000003 118.31250000000001 53.95000000000001 15.450000000000001 155.05000000000004 1.0000000180025095e-35 5.5000000000000009 1.0000000180025095e-35 458.85000000000008 1.0000000180025095e-35 3.5000000000000004 5.5000000000000009 4.5000000000000009 378.85000000000008 1.0000000180025095e-35 1.5000000000000002 958.55000000000007 1.0000000180025095e-35 2.5000000000000004 317.01666666666671 81.350000000000009 1.0000000180025095e-35 146.95000000000002
decision_type=2 2 2 2 2 2 2 2 2 2 2 2 2 2 2 2 2 2 2 2 2 2 2 2 2 2 2 2 2 2 2 2 2 2 2 2 2 2 2 2 2 2 2 2 2 2 2 2 2 2 2 2 2 2 2 2 2 2 2 2 2 2
left_child=1 8 3 4 9 6 -5 -8 29 13 17 61 -13 15 -15 16 33 19 -4 20 -11 -22 23 24 27 -26 -27 28 30 46 31 32 -21 35 36 37 -35 38 39 -2 42 43 -41 -42 -24 -46 47 -1 -49 52 51 -51 53 54 -50 -52 -56 58 -58 -40 -10 -12
right_child=2 -3 18 5 -6 -7 7 -9 60 10 11 12 -14 14 -16 -17 -18 -19 -20 22 21 -23 44 -25 25 26 -28 -29 -30 -31 -32 -33 -34 34 -36 -37 -38 -39 59 40 41 -43 -44 -45 45 -47 -48 48 49 50 55 -53 -54 -55 56 -57 57 -59 -60 -61 -62 -63
leaf_value=-0.013185853809223842 0.010908821398164905 -0.060204934030781948 0.19340799468561631 0.89498613238334657 -0.63675154063009454 1.0291829451918602 -0.6994234675710852 0.34197550117969516 0.030057242823125094 0.089984832704067236 -0.70200160852500382 -0.23955418416431973 0.44110381646854124 -0.97903247624635703 -0.024709864567433085 0.54128781557083128 -0.43195345224812631 -0.39183947958729487 0.71444860333981719 0.22758512773164888 1.2224513597076847 0.19270922674073115 0.10153449741341687 0.71196486075719201 0.11738585406734098 1.1332221603393555 0.32323565065395088 -0.34223928710688717 0.37669631953982785 -0.05498156260678784 -0.36020085270015095 0.6480590189656904 -0.31876258718019185 0.41979077187451452 0.71987513729504182 -0.46253141860167191 -0.42428585559129717 0.54629195428320343 -0.49246650040149692 0.38435804218053821 0.56563381435615678 1.0161497561704544 -0.37214220773290707 0.029604061279031969 -0.54857386350631721 0.15346081085277327 -0.04929102104357494 -0.035626556315181621 0.016157912635086195 0.067322845293903019 0.054552223887490009 -0.071647842367196471 0.49529428070989151 -0.032021582649907523 0.12610047297175264 0.19889349214687058 0.37343090338797513 0.22167861857537732 0.87842930530508367 -0.071703386616015261 0.1584591362025429 -0.10542462432757022
leaf_weight=12993 430 2831 357 20 31 20 22 47 2022 42 35 35 41 20 35 26 48 22 23 41 21 27 654 30 31 20 20 23 87 2211 26 31 44 22 28 33 20 28 30 20 42 21 27 36 31 33 2071 1505 206 683 1675 1475 58 181 252 286 79 216 24 209 326 20
leaf_count=12993 430 2831 357 20 31 20 22 47 2022 42 35 35 41 20 35 26 48 22 23 41 21 27 654 30 31 20 20 23 87 2211 26 31 44 22 28 33 20 28 30 20 42 21 27 36 31 33 2071 1505 206 683 1675 1475 58 181 252 286 79 216 24 209 326 20
internal_value=0.000141149 -0.00898921 0.0914573 0.0713999 0.0584303 0.359348 0.208823 0.00993525 -0.00346845 0.0674511 0.113072 -0.129601 0.127643 0.0116881 -0.371736 0.0323629 0.019051 0.139944 0.224945 0.150021 0.385044 0.643221 0.130271 0.240958 0.197211 0.461523 0.728229 0.122743 0.169444 -0.00851036 0.0424651 0.132718 -0.0552302 0.0419349 0.29866 0.0214204 0.0178495 0.0403651 0.0229836 0.0841869 0.300006 0.466278 -0.0502272 0.318235 0.0758523 -0.186587 -0.00377631 0.00102484 0.028832 0.0477239 0.0215002 -0.0276641 0.154038 0.133378 0.171907 0.0756035 0.228097 0.308671 0.4911 -0.124519 0.0478848 -0.485065
internal_weight=32003 29094 2909 2529 2420 109 89 69 26263 2389 1314 131 76 1075 55 1020 994 1183 380 1161 90 48 1071 353 323 71 40 252 229 23915 142 116 85 946 70 876 42 843 815 576 146 99 47 78 718 64 21704 19633 6640 5135 4119 2158 1016 958 777 1961 571 319 103 239 2348 55
internal_count=32003 29094 2909 2529 2420 109 89 69 26263 2389 1314 131 76 1075 55 1020 994 1183 380 1161 90 48 1071 353 323 71 40 252 229 23915 142 116 85 946 70 876 42 843 815 576 146 99 47 78 718 64 21704 19633 6640 5135 4119 2158 1016 958 777 1961 571 319 103 239 2348 55
is_linear=0
shrinkage=0.05


Tree=93
num_leaves=63
num_cat=0
split_feature=23 31 36 32 31 31 36 32 40 40 31 5 2 35 11 25 40 40 34 31 32 33 33 31 31 36 32 36 6 36 28 32 35 31 9 35 35 31 32 32 33 32 32 32 21 36 31 35 35 9 25 31 28 34 32 32 36 31 35 31 32 33
split_gain=9632.37 3332.96 6120.49 4097.01 4229.19 4643.81 9343 5363.11 3888.31 4288.97 3407.23 2969.7 3397.42 4233.9 2938.51 3518.54 2797.96 3993.43 2977.94 3964.2 2797.22 2958.06 2584.33 2511.89 3448.52 3195.48 2937.92 5196.15 2426.51 3930.01 2683.49 3288.17 2218.46 6094.15 2241.92 3114.24 7686.09 3717.94 8883.88 3187.64 2689.75 3271.83 2373.69 2272.85 2213.68 2188.56 2133.28 2454.91 2063.77 2016.86 2001.5 3375.89 1933.4 1859.6 1824.01 1714.09 1655.69 4524 6562.06 6269.41 3303.93 3177.16
threshold=1.0000000180025095e-35 248.95000000000002 325.31250000000006 382.75000000000006 476.65000000000003 454.25000000000006 315.18333333333339 139.85000000000005 3.5000000000000004 5.5000000000000009 448.25000000000006 1.0000000180025095e-35 1.0000000180025095e-35 548.05000000000007 1.0000000180025095e-35 1.0000000180025095e-35 1.0000000180025095e-35 3.5000000000000004 401.75000000000006 125.85000000000001 426.95000000000005 318.95000000000005 416.75000000000006 129.75000000000003 75.15000000000002 139.48333333333338 191.75000000000003 248.08750000000001 1.0000000180025095e-35 265.25500000000005 1.0000000180025095e-35 324.25000000000006 916.25000000000011 170.95000000000002 1.0000000180025095e-35 552.6500000000002 517.05000000000007 113.05000000000001 418.85000000000008 433.05000000000007 87.250000000000014 181.65000000000001 236.15000000000001 352.45000000000005 1.0000000180025095e-35 428.28333333333336 14.950000000000001 471.95000000000005 673.95000000000016 1.0000000180025095e-35 1.0000000180025095e-35 398.85000000000008 1.0000000180025095e-35 1.5500000000000003 23.250000000000004 283.95000000000005 276.51666666666671 398.85000000000008 634.05000000000007 420.25000000000006 217.05000000000004 336.85000000000008
decision_type=2 2 2 2 2 2 2 2 2 2 2 2 2 2 2 2 2 2 2 2 2 2 2 2 2 2 2 2 2 2 2 2 2 2 2 2 2 2 2 2 2 2 2 2 2 2 2 2 2 2 2 2 2 2 2 2 2 2 2 2 2 2
left_child=11 2 16 4 5 10 7 -7 -6 -10 28 12 44 -14 15 -15 23 20 32 -20 21 -18 -4 24 55 -26 54 -28 30 -30 50 53 34 -34 35 36 46 38 42 40 -39 -42 -37 -44 45 -1 -19 -48 -8 -47 56 -52 -46 -32 -25 -2 57 60 -59 -60 61 -3
right_child=1 3 22 -5 8 6 48 -9 9 -11 -12 -13 13 14 -16 -17 17 18 19 -21 -22 -23 -24 26 25 -27 27 -29 29 -31 31 -33 33 -35 -36 37 -38 39 -40 -41 41 -43 43 -45 52 49 47 -49 -50 -51 51 -53 -54 -55 -56 -57 -58 58 59 -61 -62 -63
leaf_value=-0.023847426787261986 -0.25848076211081611 -0.063220245745805106 -0.19407115500906241 0.30765817987700478 0.85154670187921233 -1.2724146263053022 0.46093579580950916 -0.25383418074675967 -0.15733957733863441 0.62369154468178756 0.6795571992397309 -0.057194687421572521 -0.016914445138057378 0.055126134955199649 0.31604806550611286 0.32692181473431081 0.12412084640641224 0.29869669688508865 0.95371590390801431 -0.0087887543699015757 0.78474654451660486 0.6080170322797801 -0.97121194064617156 0.059648958211619175 -0.15077002512460405 -0.96255861123402919 0.69683242580469917 -0.19821774560597638 -0.65292887291205792 0.14698673302636428 0.32952380922847779 -0.13539191292864936 0.64019282962299062 -0.2798121432463328 0.27101196600124239 -0.54862232894565055 0.76008307057268487 -0.50866590918916643 -1.3082580829208548 0.53021431727842849 -0.38845384736214916 0.25386716734279285 0.36105308120067303 -0.3294701457023621 0.0079774664014331514 0.022624302317909059 -0.018935630377125479 -0.45740737915039065 -0.1642560037699613 0.23312490984201434 0.076669738167210635 -0.72587907165288934 0.11197571354584604 0.91797188901901239 -0.47420701319351793 0.35223514676094059 0.038013275400988041 1.2173711448907854 0.82166110217571264 -0.40149402943524448 0.39932367948518288 0.57096930308775462
leaf_weight=15845 27 193 23 290 33 24 33 28 39 32 25 2831 1203 1069 156 134 187 47 20 23 23 38 20 32 22 27 34 31 28 34 29 21 45 30 64 26 34 33 22 22 31 55 26 22 5979 1269 363 35 22 125 38 20 483 25 32 20 424 24 20 22 69 22
leaf_count=15845 27 193 23 290 33 24 33 28 39 32 25 2831 1203 1069 156 134 187 47 20 23 23 38 20 32 22 27 34 31 28 34 29 21 45 30 64 26 34 33 22 22 31 55 26 22 5979 1269 363 35 22 125 38 20 483 25 32 20 424 24 20 22 69 22
internal_value=0.000134091 0.0868844 0.0318532 0.138934 0.0983282 0.0695391 -0.24344 -0.723948 0.403105 0.194674 0.10323 -0.00853975 -0.00329503 0.0514023 0.111877 0.085401 0.0502759 0.0819257 0.0328758 0.438888 0.259534 0.205846 -0.555532 -0.110927 -0.304586 -0.598082 0.0331914 0.269962 0.0883609 -0.214265 0.109048 0.395497 0.0124565 0.272191 -0.012518 -0.0378614 0.0354878 -0.186107 -0.426113 -0.0226995 -0.124919 0.0223328 -0.163853 0.0445633 -0.00920763 -0.0185632 -0.0198745 -0.0574947 0.210859 0.0414999 0.0832259 -0.200071 0.0157508 0.601953 -0.207279 0.00139835 0.104455 0.184944 0.557837 0.180961 0.0982857 0.00167357
internal_weight=32003 2909 1414 1495 1205 1101 107 52 104 71 994 29094 26263 2562 1359 1203 1371 1146 898 43 248 225 43 225 96 49 129 65 969 62 907 75 855 75 780 716 479 237 96 141 119 86 74 48 23701 17239 445 398 55 1394 832 58 6462 54 64 47 774 350 66 42 284 215
internal_count=32003 2909 1414 1495 1205 1101 107 52 104 71 994 29094 26263 2562 1359 1203 1371 1146 898 43 248 225 43 225 96 49 129 65 969 62 907 75 855 75 780 716 479 237 96 141 119 86 74 48 23701 17239 445 398 55 1394 832 58 6462 54 64 47 774 350 66 42 284 215
is_linear=0
shrinkage=0.05


Tree=94
num_leaves=63
num_cat=0
split_feature=7 35 5 8 6 32 2 31 33 40 40 40 40 36 36 4 6 33 35 32 32 21 36 32 39 35 5 35 40 9 38 31 35 4 9 31 32 35 5 36 33 28 33 33 31 36 39 39 36 31 38 18 31 5 35 36 31 36 2 36 33 33
split_gain=4974.98 3695.97 3440.89 2915.26 2487.93 2514.69 3050.59 2345.01 2201.9 2205.51 2259.65 2826.4 5633.09 3009.68 2070.58 2253.17 2028.75 2019.83 1949.28 1909.32 2561.44 1836.75 2777.01 2603.1 1699.84 1699.35 1555.73 1523.22 1486.58 3420.05 1460.06 1767.3 1658.6 1458.39 1464.99 2065.83 1527.76 1413.19 1364.96 1362.81 1653.53 1453.06 1316.58 1972.73 1277.45 1902.74 2676.76 1273.3 1252.49 2173.11 1257.69 1221.23 1147.07 1124.63 1111.75 1100.75 1086.63 1068.46 1094.28 1483.01 1461.66 1060.19
threshold=1.0000000180025095e-35 832.35000000000025 1.0000000180025095e-35 1.0000000180025095e-35 1.0000000180025095e-35 430.85000000000008 1.0000000180025095e-35 498.05000000000007 123.75000000000001 5.5000000000000009 4.5000000000000009 1.5000000000000002 2.5000000000000004 258.24166666666673 104.31000000000002 1.0000000180025095e-35 1.0000000180025095e-35 370.25000000000006 1313.1500000000003 448.55000000000007 290.45000000000005 1.0000000180025095e-35 288.61000000000007 304.35000000000008 1.0000000180025095e-35 998.25000000000011 1.0000000180025095e-35 1008.7500000000001 5.5000000000000009 1.0000000180025095e-35 1.0000000180025095e-35 20.150000000000002 466.75000000000006 1.0000000180025095e-35 1.0000000180025095e-35 351.75000000000006 19.950000000000003 1170.4500000000003 1.0000000180025095e-35 376.6375000000001 482.15000000000003 1.0000000180025095e-35 429.05000000000007 387.50000000000006 454.25000000000006 235.65833333333336 1.0000000180025095e-35 1.0000000180025095e-35 233.41666666666669 98.15000000000002 1.0000000180025095e-35 1.0000000180025095e-35 79.350000000000009 1.0000000180025095e-35 894.95000000000016 221.96250000000003 104.55000000000001 226.32916666666668 1.0000000180025095e-35 352.12500000000006 414.65000000000003 209.95000000000002
decision_type=2 2 2 2 2 2 2 2 2 2 2 2 2 2 2 2 2 2 2 2 2 2 2 2 2 2 2 2 2 2 2 2 2 2 2 2 2 2 2 2 2 2 2 2 2 2 2 2 2 2 2 2 2 2 2 2 2 2 2 2 2 2
left_child=4 3 8 14 5 7 28 21 54 10 11 17 -13 -14 -2 16 30 -10 26 20 -4 39 33 -24 -9 -22 48 -15 -7 53 31 -16 -33 34 -23 42 -37 -12 52 40 44 47 43 -36 -1 46 -46 -41 49 -8 56 -6 -34 -30 -3 -17 -50 -11 59 60 -59 -31
right_child=1 2 19 -5 51 6 18 24 9 57 37 12 13 27 15 55 -18 -19 -20 -21 25 22 23 -25 -26 -27 -28 -29 29 61 -32 32 38 -35 35 36 -38 -39 -40 41 -42 -43 -44 -45 45 -47 -48 -49 50 -51 -52 -53 -54 -55 -56 -57 -58 58 -60 -61 -62 -63
leaf_value=-0.01656110030724172 -0.12426586134496045 0.20218593597412113 0.077638661891788904 -0.23105809416799317 -0.042374568688297656 -0.0038801418344050122 0.30575909275900237 0.092661494675601988 -0.151136169864168 0.53052121132612229 0.027478577870015914 0.95466575622558603 -0.23902956387310317 -0.002645667869111766 0.32581207072123508 -0.036480199035845311 -0.16764536309002462 0.21352070859249903 0.57855987961013466 0.34192715793848039 -0.14873577737822558 0.012472142371447925 0.76566860549289484 0.13882105095006192 0.56881199592146381 -0.72039846525742457 -0.26468838930130006 0.48749138596011143 0.083590099144760344 0.27350001543067226 -0.076994280045961636 0.029041442816315623 -0.087847638976844888 -0.072193152280772069 0.048572365105508331 0.69926210552453993 0.21067967492854223 -0.32690776608545674 -0.073879661262035365 -0.01989035110745685 -0.20261404315223769 0.13433843439873913 0.34961353652179245 -0.46741249427199372 -0.044653942615821451 -0.063502804702713217 -0.7433211766756499 0.055487336433093774 0.60511811923980718 -0.39701240116899666 -0.072663109577619109 -0.17344031695383774 0.17662484006888038 -0.12909030705193678 0.49732113090392788 -0.37618216595998627 0.24705905033637296 0.19487791396258924 0.49372441698797048 0.49188944265760226 -0.20868539290813107 0.6779497641783494
leaf_weight=14564 177 55 46 105 2558 1163 22 53 86 35 78 28 33 23 78 57 87 68 31 20 26 5330 22 67 29 26 20 51 363 43 136 740 44 470 251 20 80 44 70 1618 124 243 32 20 29 453 26 857 25 22 26 191 601 75 76 41 139 89 32 29 30 26
leaf_count=14564 177 55 46 105 2558 1163 22 53 86 35 78 28 33 23 78 57 87 68 31 20 26 5330 22 67 29 26 20 51 363 43 136 740 44 470 251 20 80 44 70 1618 124 243 32 20 29 453 26 857 25 22 26 191 601 75 76 41 139 89 32 29 30 26
internal_value=0.000127387 0.0612996 0.147851 0.0258442 -0.00622573 -0.00148516 0.053069 -0.00587636 0.186998 0.147988 0.0801094 0.156282 0.323288 0.158068 0.0391258 0.0547246 0.0677462 0.00988115 0.204259 -0.103284 -0.194144 -0.00678062 0.0164593 0.293772 0.261056 -0.434567 0.158577 0.335151 0.0272671 0.0987152 0.0800164 0.0939456 0.0815157 0.0124805 0.0194221 0.111342 0.308396 -0.100333 0.135825 -0.0149433 -0.0207757 0.0176653 0.0463071 0.0104923 -0.0192797 -0.0972206 -0.374933 0.00621012 0.194754 -0.0456267 0.250421 -0.051481 0.158583 0.0471722 0.373409 -0.1786 0.301641 0.277748 0.228597 0.171273 0.0931393 0.425901
internal_weight=32003 3011 875 2136 28992 26243 1955 24288 757 626 411 289 135 107 2031 1854 1756 154 285 118 98 24206 6292 89 82 52 254 74 1670 507 1669 1533 1455 6203 5733 403 100 122 715 17914 15196 2718 303 271 15072 508 55 2475 234 44 190 2749 645 438 131 98 164 215 180 148 119 69
internal_count=32003 3011 875 2136 28992 26243 1955 24288 757 626 411 289 135 107 2031 1854 1756 154 285 118 98 24206 6292 89 82 52 254 74 1670 507 1669 1533 1455 6203 5733 403 100 122 715 17914 15196 2718 303 271 15072 508 55 2475 234 44 190 2749 645 438 131 98 164 215 180 148 119 69
is_linear=0
shrinkage=0.05


Tree=95
num_leaves=63
num_cat=0
split_feature=23 14 34 12 9 32 32 32 21 34 34 21 40 36 35 13 33 32 34 40 40 40 9 35 40 28 2 25 32 35 32 36 32 40 7 28 34 35 35 36 32 36 35 40 33 36 35 36 35 33 33 25 35 35 36 33 33 32 35 35 36 32
split_gain=6618.92 3438.15 3710.9 3117.12 2950.43 3041.81 5425.21 2911.44 5576.6 2814.06 2648.66 3599.87 3679.85 2583.32 5207.42 3442.13 3425.08 2855.3 2621.68 2340.22 3484.67 4099.91 3939.9 3787.26 2749.64 2698.42 2472.45 3257.55 2368.95 2345.76 2166.79 8133.56 3110.61 2629.35 1936.7 1915.64 2522.83 1894.86 1875.42 1875.09 1762.46 1747.29 1942.2 1744.56 1741.77 1723.27 2813.95 3445.37 2548.1 3962.1 3495.06 3684.7 3261.73 4980.64 3121.47 2961.5 2621.5 6285.61 2625.04 4031.7 2316.11 3001.12
threshold=1.0000000180025095e-35 1.0000000180025095e-35 472.75000000000006 1.0000000180025095e-35 1.0000000180025095e-35 434.75000000000006 362.45000000000005 382.75000000000006 1.0000000180025095e-35 5.1500000000000012 314.60000000000008 1.0000000180025095e-35 4.5000000000000009 190.97750000000005 735.20000000000016 1.0000000180025095e-35 205.35000000000005 489.55000000000007 19.850000000000005 1.0000000180025095e-35 3.5000000000000004 5.5000000000000009 1.0000000180025095e-35 1531.0000000000002 4.5000000000000009 1.0000000180025095e-35 1.0000000180025095e-35 1.0000000180025095e-35 29.850000000000005 517.05000000000007 315.85000000000008 170.31000000000003 238.15000000000001 4.5000000000000009 1.0000000180025095e-35 1.0000000180025095e-35 370.45000000000005 933.35000000000025 933.35000000000025 238.91250000000005 346.35000000000008 256.81666666666672 902.1500000000002 1.5000000000000002 28.550000000000004 342.98333333333341 1249.5000000000002 318.92500000000001 800.35000000000025 140.75000000000003 378.05000000000007 1.0000000180025095e-35 527.55000000000007 552.6500000000002 285.45833333333337 183.15000000000001 224.15000000000001 164.25000000000003 673.95000000000016 696.75000000000011 209.12916666666669 1.4500000000000002
decision_type=2 2 2 2 2 2 2 2 2 2 2 2 2 2 2 2 2 2 2 2 2 2 2 2 2 2 2 2 2 2 2 2 2 2 2 2 2 2 2 2 2 2 2 2 2 2 2 2 2 2 2 2 2 2 2 2 2 2 2 2 2 2
left_child=19 2 3 4 13 6 10 8 9 -5 11 12 39 14 30 17 -16 45 -17 44 22 24 26 25 37 34 35 41 -26 -27 32 -32 -2 -34 -23 -21 -37 -22 -24 -6 -36 42 -28 -40 -1 46 48 -48 50 54 51 52 60 -54 -50 -51 57 -55 -59 -60 61 -15
right_child=1 -3 -4 7 5 -7 -8 -9 -10 -11 -12 -13 -14 15 16 18 -18 -19 -20 20 21 23 38 -25 28 29 27 -29 -30 -31 31 -33 33 -35 40 36 -38 -39 43 -41 -42 -43 -44 -45 -46 -47 47 -49 49 55 -52 -53 53 56 -56 -57 -58 58 59 -61 -62 -63
leaf_value=-0.017764576382473345 -0.017868995248850685 -0.46194233370323978 0.58057308304640987 0.17482800449454977 0.15113416385082973 -0.19631549460547312 0.87225645627294268 0.58847509634738071 0.70088089736732284 -0.29030629879236225 -0.3401247167871112 0.84761762835762733 -0.10718619813684559 0.006078129164550616 -1.0106187619946219 0.59293424404876416 -0.12833314971490339 -0.45377494365804733 -0.05635946772315286 -0.0028659897840851082 -0.0090734890727738604 -0.006227570209626037 0.11785757276757883 0.6993505376577378 -0.021895291937352436 0.0028042474668587142 0.043923449893039548 0.56763242085774734 -0.084048818003649606 0.16379386987720479 -0.96660038729508724 0.39866164132952692 0.70362257906075187 -0.0038797994454701744 0.035849748297031199 0.08220689607232258 0.65746884066611533 0.12230561360948129 0.027202160259087883 0.80461592777915625 0.21188714104287781 0.20459692814248676 -0.47061045397073031 0.47430165406316527 -0.077631346979463056 0.14878734999350984 -0.67374956571807465 0.1612818085721561 0.67050093022259805 -0.36058695316314698 -0.64354559126354405 0.53522117538377645 -0.81811220943927765 -0.73232424939541441 -0.05892905473709107 0.12369499809646643 0.23589262638175701 0.068131953479023663 -0.85702819322997881 0.011646704901667203 0.042742872937255733 0.79748254029452803
leaf_weight=3738 549 30 36 93 21 35 35 49 37 50 21 22 61 23 22 53 22 27 22 3662 2662 7612 379 20 2955 408 221 39 3186 508 24 20 29 24 663 405 20 306 30 23 181 188 20 80 1800 444 30 21 55 35 21 32 24 38 20 322 57 160 22 34 284 25
leaf_count=3738 549 30 36 93 21 35 35 49 37 50 21 22 61 23 22 53 22 27 22 3662 2662 7612 379 20 2955 408 221 39 3186 508 24 20 29 24 663 405 20 306 30 23 181 188 20 80 1800 444 30 21 55 35 21 32 24 38 20 322 57 160 22 34 284 25
internal_value=-0.00073706 0.0705996 0.0760671 0.0697739 0.0545186 0.230755 0.312435 0.246775 0.153757 0.0121936 0.180045 0.266057 0.144206 0.0387665 -0.0431598 0.0710873 -0.569476 0.0562402 0.402475 -0.00797791 -0.00109922 -0.0111429 0.0357401 0.0120373 -0.0350432 0.0105705 0.0212612 0.130121 -0.054141 0.0920867 -0.00731163 -0.346027 0.017445 0.383244 0.00174027 0.00879567 0.109278 0.00447166 0.17061 0.492727 0.0736018 0.0903475 0.00122354 0.352365 -0.0372229 0.0646011 0.0335299 -0.329913 0.0496198 0.145621 -0.00798083 0.0111134 -0.0140312 -0.124103 0.475986 0.0762164 -0.0705465 -0.139314 -0.0349885 -0.329618 0.0970357 0.418268
internal_weight=32035 2952 2922 2886 2657 218 183 229 180 143 148 127 105 2439 690 1749 44 1674 75 29083 23545 18501 5044 9392 9109 9372 4555 468 6141 916 646 44 602 53 8456 4087 425 2968 489 44 844 429 241 110 5538 1647 1203 51 1152 432 720 699 667 335 75 357 311 254 216 56 332 48
internal_count=32035 2952 2922 2886 2657 218 183 229 180 143 148 127 105 2439 690 1749 44 1674 75 29083 23545 18501 5044 9392 9109 9372 4555 468 6141 916 646 44 602 53 8456 4087 425 2968 489 44 844 429 241 110 5538 1647 1203 51 1152 432 720 699 667 335 75 357 311 254 216 56 332 48
is_linear=0
shrinkage=0.05


Tree=96
num_leaves=63
num_cat=0
split_feature=23 31 40 34 31 36 34 32 31 36 29 32 37 35 35 31 40 35 40 40 35 40 7 2 9 11 32 35 36 40 40 5 32 31 35 28 32 12 36 35 35 32 32 32 35 35 40 32 31 31 31 34 36 36 34 34 34 9 11 32 32 32
split_gain=5973.57 3477.74 3663.94 3226.11 4463.22 4155.43 3783.72 3376.02 2950.38 2941.39 2924.85 2540.02 3440.5 6768.94 3217.62 2518.27 2391.88 4397.04 4171.13 5396.69 3899.63 2940.67 3240 3317.68 2846.4 2423.43 2372.65 2341.86 2256.63 2464.14 5126.64 2677.82 2386.35 2773.91 2341.31 2165.31 2129.6 2081.89 4405.56 1964.99 1887.48 1872.08 1855.79 1847.59 2176.81 2340.81 3694.02 2573.76 2208.37 1740.63 1809.49 1731.55 3568.8 1889.95 1695.37 4562.3 2680.99 2886.73 2216.29 2988.88 2674.05 3741.36
threshold=1.0000000180025095e-35 242.85000000000005 5.5000000000000009 206.45000000000002 390.65000000000003 284.0125000000001 61.050000000000004 356.45000000000005 40.000000000000007 325.31250000000006 1.0000000180025095e-35 77.250000000000014 2.5000000000000004 651.1500000000002 517.05000000000007 481.05000000000007 5.5000000000000009 1279.4000000000003 4.5000000000000009 1.5000000000000002 469.55000000000007 2.5000000000000004 1.0000000180025095e-35 1.0000000180025095e-35 1.0000000180025095e-35 1.0000000180025095e-35 422.85000000000008 812.6500000000002 311.45833333333337 3.5000000000000004 1.5000000000000002 1.0000000180025095e-35 185.55000000000004 146.55000000000004 645.45000000000016 1.0000000180025095e-35 278.65000000000003 1.0000000180025095e-35 155.98750000000004 522.6500000000002 712.95000000000016 29.850000000000005 25.450000000000003 478.05000000000007 1083.5500000000002 679.95000000000016 4.5000000000000009 414.85000000000008 66.65000000000002 462.55000000000007 446.65000000000003 295.2000000000001 206.78750000000005 241.15833333333336 320.75000000000006 384.80000000000001 241.35000000000005 1.0000000180025095e-35 1.0000000180025095e-35 200.75000000000003 119.30000000000003 94.050000000000011
decision_type=2 2 2 2 2 2 2 2 2 2 2 2 2 2 2 2 2 2 2 2 2 2 2 2 2 2 2 2 2 2 2 2 2 2 2 2 2 2 2 2 2 2 2 2 2 2 2 2 2 2 2 2 2 2 2 2 2 2 2 2 2 2
left_child=10 8 37 6 5 -5 7 15 11 28 16 -2 -13 14 -14 49 18 25 19 -1 -21 22 23 24 -22 35 27 -15 29 30 -10 43 -32 -34 -35 -18 -19 38 -3 -37 -27 -20 -39 44 45 47 -47 48 -31 50 -4 52 -48 -54 56 -56 57 58 60 -60 61 -40
right_child=1 2 3 4 -6 -7 -8 -9 9 -11 -12 12 13 26 -16 -17 17 36 41 20 21 -23 -24 -25 -26 40 -28 -29 -30 31 32 -33 33 34 -36 39 -38 42 54 -41 -42 -43 -44 -45 -46 46 51 -49 -50 -51 -52 -53 53 -55 55 -57 -58 -59 59 -61 -62 -63
leaf_value=-0.029206342922266582 0.67538890942283303 -0.62252008020877847 0.10300760530643976 0.76754175083977838 1.1777094304561615 -0.22713844832919894 -0.33699876106146615 0.47035344187535499 -0.061580720984892659 -0.45518148227741845 -0.056973592134904154 0.43382492773234849 -0.11773005488671756 0.92767955005168923 -0.85722628297905124 0.64772213179132221 -0.0025267891579214604 -0.092481375841990773 -0.019649929488955269 0.0046111817076512551 -0.0027776213204428204 0.061245872167398609 0.49566638578153865 0.48781509177203769 0.42005859787265465 0.042569338843033988 -0.093429213265577959 0.21383653305194997 0.51846062690019612 -0.3719012046005668 0.1192059428235631 -0.42620156018435956 0.85320260181571506 -0.13139298955599468 0.62451102286577231 0.0078399939422937326 0.44916974455551356 0.72002593035047713 0.069697503573311267 0.16878146920077042 0.20281870840854355 -0.077551785648105276 0.11543173537279168 -0.50802379222143268 0.41669697394737837 -0.81001801542613827 0.36682415746507191 0.55762163400650022 0.012965311755130932 -0.33398015328816011 0.58446992664110098 0.29460173561459496 -0.67740645676851274 -0.16032161075015403 0.72678936307921127 -0.0074701623725039624 -0.36874373453228099 0.41077902988954024 -0.1094800327135169 0.62425665531839647 -0.070836165144697635 0.68609594239128968
leaf_weight=6240 23 24 276 21 20 21 33 102 242 38 2717 60 38 20 24 23 6808 23 2782 3656 233 1973 79 57 48 542 24 27 20 41 81 50 33 21 20 388 86 22 279 371 278 2802 30 21 26 23 21 20 410 21 21 21 30 43 34 56 38 55 23 35 414 27
leaf_count=6240 23 24 276 21 20 21 33 102 242 38 2717 60 38 20 24 23 6808 23 2782 3656 233 1973 79 57 48 542 24 27 20 41 81 50 33 21 20 388 86 22 279 371 278 2802 30 21 26 23 21 20 410 21 21 21 30 43 34 56 38 55 23 35 414 27
internal_value=-0.000700207 0.0670696 0.117814 0.223691 0.562946 0.270202 0.179502 0.217978 0.00902874 -0.0225397 -0.00757902 0.178709 0.119519 -0.0222729 -0.403987 0.142487 -0.00248894 0.0193521 -0.0128729 0.00341264 0.0370783 0.0867434 0.207383 0.140003 0.0694506 0.0152514 0.311055 0.5176 -0.00789998 -0.0174441 0.0822161 -0.0734854 0.306725 0.511982 0.237341 0.00640379 0.334876 0.0628844 0.0466067 0.0865084 0.0968978 -0.0487046 0.371222 -0.0466015 -0.0313419 -0.05047 -0.231569 0.00259079 -0.0220226 0.105945 0.13705 -0.115879 -0.207582 -0.372822 0.0633174 0.269917 0.0419696 0.0607057 0.0359575 0.333292 0.0120056 0.124086
internal_weight=32035 2952 1575 538 62 42 476 443 1377 1161 29083 216 193 133 62 341 26366 8496 17870 12286 6046 2390 417 338 281 8387 71 47 1123 1103 397 706 155 74 41 7567 109 1037 985 759 820 5584 52 656 635 609 138 471 451 318 297 115 94 73 961 90 871 833 778 58 720 306
internal_count=32035 2952 1575 538 62 42 476 443 1377 1161 29083 216 193 133 62 341 26366 8496 17870 12286 6046 2390 417 338 281 8387 71 47 1123 1103 397 706 155 74 41 7567 109 1037 985 759 820 5584 52 656 635 609 138 471 451 318 297 115 94 73 961 90 871 833 778 58 720 306
is_linear=0
shrinkage=0.05


Tree=97
num_leaves=63
num_cat=0
split_feature=23 14 34 29 12 32 21 8 34 34 32 33 33 34 10 9 35 33 35 33 35 35 35 35 35 33 20 35 35 6 35 32 34 38 32 32 35 33 33 33 32 32 33 34 34 38 33 35 33 37 32 33 34 33 32 24 11 35 40 33 33 34
split_gain=5391.15 2999.8 3314.85 2639.67 2590.69 2678.74 4962.52 2633.78 4027.75 5930.94 2968.44 4195.28 2767.61 2420.11 2287.23 2379.3 2992.25 2238.64 6368.37 5518.31 4420.51 3423.67 3560.33 2684.44 2093.38 2061.59 2209.78 2137.58 2728.43 2525.24 3258.38 2044.86 2582.67 2183.87 1928.28 6868.61 1923.81 2730.53 2484.63 3378.14 6157.23 8488.21 11574.3 4332.34 4151.49 3593.58 3574.3 3046.91 2781.25 3224.5 2443.58 2078.01 2183.62 1894.92 1688.08 1665.49 2122.74 3811.91 2030.78 1659.55 1639.78 1529.49
threshold=1.0000000180025095e-35 1.0000000180025095e-35 472.75000000000006 1.0000000180025095e-35 1.0000000180025095e-35 382.75000000000006 1.0000000180025095e-35 1.0000000180025095e-35 112.60000000000001 381.05000000000007 268.35000000000008 102.25000000000001 65.950000000000017 5.1500000000000012 1.0000000180025095e-35 1.0000000180025095e-35 125.75000000000001 449.00000000000006 1397.9500000000003 436.05000000000007 909.35000000000014 1069.4000000000003 1187.8500000000001 1455.95 1096.7500000000002 420.75000000000006 1.0000000180025095e-35 602.95000000000016 587.85000000000014 1.0000000180025095e-35 880.85000000000002 446.55000000000007 178.45000000000002 1.0000000180025095e-35 398.85000000000008 430.85000000000008 629.1500000000002 27.550000000000004 317.35000000000008 146.25000000000003 150.05000000000004 198.15000000000001 114.05000000000001 215.05000000000004 2.5500000000000003 1.0000000180025095e-35 181.15000000000001 998.25000000000011 399.55000000000007 3.5000000000000004 247.15000000000001 382.80000000000001 26.150000000000002 361.75000000000006 480.05000000000007 1.0000000180025095e-35 1.0000000180025095e-35 707.6500000000002 5.5000000000000009 220.05000000000004 57.95000000000001 182.75000000000003
decision_type=2 2 2 2 2 2 2 2 2 2 2 2 2 2 2 2 2 2 2 2 2 2 2 2 2 2 2 2 2 2 2 2 2 2 2 2 2 2 2 2 2 2 2 2 2 2 2 2 2 2 2 2 2 2 2 2 2 2 2 2 2 2
left_child=3 2 4 14 7 6 13 17 10 24 11 -9 -12 -6 15 55 -17 19 20 23 -19 -22 -23 25 -10 26 27 28 34 36 59 33 -33 -18 -2 -36 37 -29 39 40 -38 -42 43 44 50 46 -41 -47 51 -50 -43 52 53 -40 -52 56 -1 -58 -59 -31 -7 -48
right_child=1 -3 -4 -5 5 60 -8 8 9 -11 12 -13 -14 -15 -16 16 31 18 -20 -21 21 22 -24 -25 -26 -27 -28 29 -30 30 -32 32 -34 -35 35 -37 38 -39 48 45 41 42 -44 -45 -46 47 61 -49 49 -51 54 -53 -54 -55 -56 -57 57 58 -60 -61 -62 -63
leaf_value=-0.0036712727295143931 0.053555897299118006 -0.43372022817532224 0.54564830693933697 -0.054124912427057859 0.15229589042068531 0.83540009849518548 0.65113823703817419 -1.0981814078986645 0.19802884170413018 -0.51457339809054425 0.33599222451448441 -0.24585766767462097 -0.38040437251329423 -0.27905373370647429 -0.046568512881088917 -0.20293205680141041 0.068596409567135891 -0.63277864002046136 -0.96209567487239844 0.77112145572900781 0.71361565887928013 -0.35028015094644882 0.43573692846298223 0.55158717738730567 0.88433099597692488 -0.35273199021816254 -0.34167318152207321 0.095131477355957034 -0.38955033531314448 -0.1615863295538085 0.18363911795119447 0.12872953984607646 0.59609214339304617 -0.085512560143251912 -0.9812137401103973 0.2150139077504476 -0.56331212806701669 0.84177979528903968 0.31574134236720747 -0.67487935716355296 1.2487955695390702 -0.35806895406157885 1.1931508137629583 0.74607809276684467 -0.66197574019432071 0.61902285586816808 0.023661859523799782 -0.15140183000337512 0.4081983572244644 -0.45987513246743578 0.19810258996683164 0.87496425271034239 0.6146332516226658 -0.23493648386072544 -0.26559451439163906 -0.044045331795959486 0.0057982649981727736 0.094527106314049647 0.2934951503130217 -0.71496398784220228 0.25679023712873461 -0.30895383915175567
leaf_weight=17196 1177 30 36 2717 93 25 37 22 25 21 26 42 28 50 2634 111 1779 21 20 28 22 34 25 28 20 30 33 25 38 42 57 147 37 264 20 30 25 24 61 27 20 27 26 23 20 33 139 21 20 23 182 20 43 21 22 2186 1413 413 186 20 24 46
leaf_count=17196 1177 30 36 2717 93 25 37 22 25 21 26 42 28 50 2634 111 1779 21 20 28 22 34 25 28 20 30 33 25 38 42 57 147 37 264 20 30 25 24 61 27 20 27 26 23 20 33 139 21 20 23 182 20 43 21 22 2186 1413 413 186 20 24 46
internal_value=-0.000665197 0.0637161 0.0688233 -0.00720007 0.0628753 0.22424 0.135016 0.0489677 -0.133534 0.179262 -0.308488 -0.538844 -0.0354727 0.00147434 -0.00236449 0.00254169 0.0504324 0.0625465 -0.146285 0.0733834 0.0136774 0.181277 -0.0172221 0.0649733 0.503052 0.0590364 0.0644903 0.0704954 0.0277142 0.12646 -0.0892309 0.0630608 0.22271 0.0486822 0.0406369 -0.263477 0.156728 0.460837 0.138078 0.0891698 0.192403 0.251443 0.184953 0.0892847 0.0291005 -0.044723 -0.137475 0.319413 0.297031 -0.05612 0.0889339 0.401759 0.326046 0.174714 0.148096 -0.00269195 0.00201434 0.0506077 0.15631 -0.340095 0.551999 -0.0590426
internal_weight=32035 2952 2922 29083 2886 229 180 2657 184 66 118 64 54 143 26366 23732 2338 2473 122 2351 102 81 59 2323 45 2295 2265 2232 1265 967 119 2227 184 2043 1227 50 848 49 799 611 345 320 300 274 251 266 212 54 188 43 231 145 125 82 204 21394 19208 2012 599 62 49 185
internal_count=32035 2952 2922 29083 2886 229 180 2657 184 66 118 64 54 143 26366 23732 2338 2473 122 2351 102 81 59 2323 45 2295 2265 2232 1265 967 119 2227 184 2043 1227 50 848 49 799 611 345 320 300 274 251 266 212 54 188 43 231 145 125 82 204 21394 19208 2012 599 62 49 185
is_linear=0
shrinkage=0.05


Tree=98
num_leaves=63
num_cat=0
split_feature=24 35 31 31 12 36 32 40 39 5 29 18 35 40 34 35 40 40 40 9 36 4 35 32 9 36 34 39 11 39 18 32 36 33 32 25 36 31 35 39 35 38 40 40 40 4 32 32 38 31 32 39 33 34 40 36 32 22 10 32 31 35
split_gain=3415.93 3576.38 2907.36 4159.87 3928.99 3175.3 2738.01 3150.71 2572.38 2547.27 2373.83 2362.05 2518.79 3365.06 2238.78 2718.23 2209.39 4496.04 5234.66 4199.89 2604.88 2257.44 2417.16 2195.64 2149.44 2094.55 2004.8 1754.95 1625.87 1597.38 2394.93 1743.39 1934.85 2411.03 2141.24 1841.9 1736.2 1511.64 1926.36 2531.21 2091.47 2694.47 1503.26 4398.43 3515.93 1689.96 1442.4 2154.44 1410.43 1383.99 1927.49 1377.47 1989.95 1686.87 1350.71 1343.71 4173.62 1341.59 1856.4 1332.86 1423.76 1458.66
threshold=1.0000000180025095e-35 1279.4000000000003 209.75000000000003 40.000000000000007 1.0000000180025095e-35 122.24166666666669 472.65000000000003 1.5000000000000002 1.0000000180025095e-35 1.0000000180025095e-35 1.0000000180025095e-35 1.0000000180025095e-35 452.85000000000008 5.5000000000000009 457.65000000000003 1455.95 4.5000000000000009 1.5000000000000002 2.5000000000000004 1.0000000180025095e-35 243.37500000000003 1.0000000180025095e-35 735.20000000000016 212.85000000000005 1.0000000180025095e-35 246.95833333333337 5.1500000000000012 1.0000000180025095e-35 1.0000000180025095e-35 1.0000000180025095e-35 1.0000000180025095e-35 79.250000000000014 193.32500000000002 29.750000000000004 396.45000000000005 1.0000000180025095e-35 213.91250000000005 85.750000000000014 967.45000000000016 1.0000000180025095e-35 702.05000000000007 1.0000000180025095e-35 4.5000000000000009 5.5000000000000009 1.0000000180025095e-35 1.0000000180025095e-35 63.150000000000013 1.0000000180025095e-35 1.0000000180025095e-35 18.150000000000002 181.65000000000001 1.0000000180025095e-35 293.25000000000006 224.05000000000004 3.5000000000000004 272.41250000000008 458.65000000000003 1.0000000180025095e-35 1.0000000180025095e-35 222.95000000000002 77.15000000000002 806.05000000000007
decision_type=2 2 2 2 2 2 2 2 2 2 2 2 2 2 2 2 2 2 2 2 2 2 2 2 2 2 2 2 2 2 2 2 2 2 2 2 2 2 2 2 2 2 2 2 2 2 2 2 2 2 2 2 2 2 2 2 2 2 2 2 2 2
left_child=1 2 3 5 9 -1 42 -8 -6 10 11 12 46 16 15 -2 17 -14 19 20 -19 22 -20 -16 29 -10 -11 -22 57 -7 31 -31 33 -33 49 -34 -32 38 40 -40 55 59 44 -44 -3 -45 47 -4 -9 50 -35 -28 53 -53 -24 56 -5 58 -15 -42 61 -61
right_child=14 6 4 37 8 24 7 48 25 26 -12 -13 13 28 23 -17 -18 18 21 -21 27 -23 54 -25 -26 -27 51 -29 -30 30 36 32 35 34 -36 -37 -38 -39 39 -41 41 -43 43 45 -46 -47 -48 -49 -50 -51 -52 52 -54 -55 -56 -57 -58 -59 -60 60 -62 -63
leaf_value=-0.0065262466598097688 -0.050389286914692272 -0.029529068927366692 0.0063324892565732663 -0.072286122125199179 0.042240214292850756 0.011825422065713374 -0.044457126328987739 0.69865147736161326 0.16179920763113642 -0.025872783364549984 -0.046503329441275047 -0.038233970537133247 -0.005003239075360523 0.13981743074268965 -0.61115173982722426 0.39932109622065637 -0.026588846969889935 -0.040684868329359844 0.045887618557825478 0.93195442727633893 0.14497041008937891 -0.092201508827519374 0.35473765122626599 -0.038119578687474134 0.26545028289830364 0.45844725827376048 -0.032963423562519578 0.54272886900107065 0.23080370982078779 0.50961666369112213 0.034482926508832362 0.20456794762599562 0.30367158097638325 -0.44726454451166353 -0.49352871211314647 -0.0048819747971720062 -0.55433479540404818 -0.023864598909269244 -0.20982583050305645 0.43968851886689664 -0.06994975397120351 0.0073008118197321892 -0.21941309455335142 0.32036086934250457 0.35402335163981968 -0.12101586574110493 -0.086855456037289544 0.13416725614966504 0.25983620730539164 0.25001583398123717 0.039589574779657757 -0.60992312422394757 -0.0041881842745674983 -0.19920765420794487 0.14235022449257537 -0.44604656669189757 0.49553106824556992 -0.055652606491344327 -0.02396167801630697 -0.6438527803868056 -0.85574944963057842 -0.15319810962572583
leaf_weight=2706 2868 119 4605 1674 429 689 35 47 288 1269 1294 1322 1357 1005 35 34 1155 48 497 28 44 157 120 32 148 75 92 75 264 32 31 126 198 29 27 64 21 6801 24 40 23 63 125 86 120 29 370 355 30 38 68 50 45 50 199 23 33 133 209 28 21 33
leaf_count=2706 2868 119 4605 1674 429 689 35 47 288 1269 1294 1322 1357 1005 35 34 1155 48 497 28 44 157 120 32 148 75 92 75 264 32 31 126 198 29 27 64 21 6801 24 40 23 63 125 86 120 29 370 355 30 38 68 50 45 50 199 23 33 133 209 28 21 33
internal_value=-0.000631937 0.00458631 0.00205956 -0.015446 0.016641 0.0256157 0.126327 0.34889 0.12513 0.0108129 0.0178231 0.0247928 0.0326377 0.0570764 -0.0517176 -0.0451205 0.0306936 0.0568961 0.128812 0.365258 0.270242 0.0814252 0.114831 -0.337465 0.0847429 0.22309 -0.0508036 0.395659 0.117343 0.0645278 0.121802 0.15085 0.129976 0.0405288 -0.0870571 0.2283 -0.203309 -0.0350186 -0.0736824 0.196121 -0.0827801 -0.251209 0.0742876 -0.0141044 0.16305 0.209057 0.00837786 0.015482 0.527684 -0.00576281 -0.105965 -0.184294 -0.28031 -0.404565 0.222245 -0.066424 -0.061309 0.0951052 0.111622 -0.406314 -0.50066 -0.378417
internal_weight=32035 29066 28475 12940 15535 4177 591 112 792 14743 13237 11943 10621 5291 2969 2902 3680 2525 1168 195 167 973 816 67 1471 363 1506 119 1611 1323 634 582 550 288 162 262 52 8763 1962 64 1898 168 479 240 239 115 5330 4960 77 135 97 237 145 100 319 1730 1707 1347 1214 105 82 61
internal_count=32035 29066 28475 12940 15535 4177 591 112 792 14743 13237 11943 10621 5291 2969 2902 3680 2525 1168 195 167 973 816 67 1471 363 1506 119 1611 1323 634 582 550 288 162 262 52 8763 1962 64 1898 168 479 240 239 115 5330 4960 77 135 97 237 145 100 319 1730 1707 1347 1214 105 82 61
is_linear=0
shrinkage=0.05


Tree=99
num_leaves=63
num_cat=0
split_feature=23 31 40 31 31 33 33 32 36 36 29 8 33 36 36 6 2 11 25 7 25 7 11 40 40 36 32 36 32 32 31 40 32 31 32 33 5 32 32 31 6 31 40 40 36 33 32 33 32 36 31 25 31 21 32 36 40 36 40 32 31 31
split_gain=4737.16 2993.48 3096.94 2744.82 2391 3681.49 2968.84 5206.46 2748.1 2440.92 2237.53 2186.04 5451.32 2130.78 2989.97 2059.02 2443.1 3703.5 2535.72 2224.21 2064.75 3650.4 2230.06 1936.64 4082.76 2892.7 2434.1 2184.82 3798.1 4199.15 2174.47 1927.18 1906.21 2742.14 1832.1 4364.72 2876.44 2276.26 2859.98 1827.03 1826.85 2678.45 1848.06 1763.98 1759.97 3947.06 1657.59 1623.99 1598.1 1589.29 1584.16 7260.4 3375.36 3245.97 3119.75 2414.89 2137.38 3281.03 2456.37 2192.61 1733.47 4677.59
threshold=1.0000000180025095e-35 242.85000000000005 5.5000000000000009 482.95000000000005 40.000000000000007 436.05000000000007 4.8500000000000005 335.75000000000006 325.31250000000006 221.96250000000003 1.0000000180025095e-35 1.0000000180025095e-35 102.25000000000001 165.15833333333336 202.21666666666673 1.0000000180025095e-35 1.0000000180025095e-35 1.0000000180025095e-35 1.0000000180025095e-35 1.0000000180025095e-35 1.0000000180025095e-35 1.0000000180025095e-35 1.0000000180025095e-35 3.5000000000000004 1.5000000000000002 305.71666666666675 478.05000000000007 293.01666666666671 436.65000000000003 406.45000000000005 66.65000000000002 5.5000000000000009 185.55000000000004 146.55000000000004 174.05000000000004 444.85000000000008 1.0000000180025095e-35 81.350000000000009 1.0000000180025095e-35 380.65000000000003 1.0000000180025095e-35 430.35000000000008 4.5000000000000009 5.5000000000000009 271.14166666666677 416.75000000000006 238.15000000000001 300.85000000000008 145.65000000000001 444.47500000000008 400.75000000000006 1.0000000180025095e-35 394.65000000000003 1.0000000180025095e-35 203.00000000000003 231.11250000000004 3.5000000000000004 294.5125000000001 1.5000000000000002 211.05000000000004 436.65000000000003 460.75000000000006
decision_type=2 2 2 2 2 2 2 2 2 2 2 2 2 2 2 2 2 2 2 2 2 2 2 2 2 2 2 2 2 2 2 2 2 2 2 2 2 2 2 2 2 2 2 2 2 2 2 2 2 2 2 2 2 2 2 2 2 2 2 2 2 2
left_child=10 4 11 13 5 6 -2 -8 23 -9 15 40 -13 -4 48 16 20 18 19 49 39 22 -22 24 -6 26 27 28 29 30 43 -20 -26 -34 37 36 46 38 -16 -1 50 42 -42 -25 45 -32 -36 -23 -15 -18 52 53 -3 55 -55 -52 57 -57 59 -59 -58 -62
right_child=1 2 3 -5 8 -7 7 9 -10 -11 -12 12 -14 14 34 -17 17 -19 31 -21 21 47 -24 25 32 -27 -28 -29 -30 -31 44 -33 33 -35 35 -37 -38 -39 -40 -41 41 -43 -44 -45 -46 -47 -48 -49 -50 -51 51 -53 -54 54 -56 56 60 58 -60 -61 61 -63
leaf_value=-0.0059394627235953186 0.34609202159487684 0.12580095485461587 0.63761102681358661 0.68616407726492201 -0.047078470690816887 0.72921234548091896 0.16385323423437959 -0.92253277122974398 -0.44070187054182358 -0.14136008560657501 -0.049928878127544533 -0.7010102451313287 0.13472329711914063 -0.53790433298457752 0.079953785616453388 -0.045246505766342718 -0.0099181878236479851 0.25760638252619261 0.10590618465736523 0.19149099083909071 -0.081206891950267937 0.084754717143455352 0.11374790644823757 -0.61845735481807163 0.11146831240384254 0.5354203689098358 -0.59203025874766435 -0.53661807516346804 0.563595248579979 -0.72794989813929023 -0.001327243347913616 0.46987096948119311 0.80236485058611096 0.19330014668050266 0.7616748634974162 -0.42638254582881929 -0.061032746792645066 -0.25827174909412859 0.72288182675838475 0.031586055385596661 -0.12158241419023591 0.34467280089855196 -0.71537549644708642 -0.03429380321564774 0.39091549673332621 -0.6710505526998769 0.35782264032322603 0.45165454086869261 0.058173443182655007 0.19992280069934695 -0.50542139325823099 -0.72664885799090073 0.72147513294219978 0.72329127175467356 0.022019081280149264 0.74479954622008593 0.12221835913493279 0.1902935953032816 0.44260351287596156 -0.32680598337475852 -0.89033817247975444 0.016650558263063431
leaf_weight=15087 69 488 24 28 247 25 82 20 38 20 2717 32 50 22 128 2521 1798 197 121 166 1894 101 159 28 81 20 22 23 25 23 506 52 33 42 30 20 37 40 20 4132 38 20 20 24 26 23 166 43 23 95 21 30 25 35 29 22 47 41 33 41 21 44
leaf_count=15087 69 488 24 28 247 25 82 20 38 20 2717 32 50 22 128 2521 1798 197 121 166 1894 101 159 28 81 20 22 23 25 23 506 52 33 42 30 20 37 40 20 4132 38 20 20 24 26 23 166 43 23 95 21 30 25 35 29 22 47 41 33 41 21 44
internal_value=-0.00060034 0.0597498 0.106829 0.204169 0.00590127 0.158652 0.083971 -0.0642778 -0.0225174 -0.531946 -0.00672603 0.056328 -0.191417 0.177707 0.154996 -0.00227401 0.00226924 0.0497915 0.0314495 0.0160016 -0.00312073 -0.0490389 -0.0661081 -0.00836691 0.0793975 -0.0574906 -0.0744309 -0.0576357 -0.0408164 -0.064801 -0.0396735 0.215306 0.279651 0.461289 0.194612 0.282462 0.343307 0.0763875 0.166836 0.00212836 0.0776003 -0.154284 -0.326339 -0.348843 -0.0107062 -0.0304456 0.419637 0.194315 -0.233242 0.000612659 0.098224 0.018447 0.15483 0.0853718 0.405527 0.00948309 0.0529088 0.185361 0.0783383 -0.0682562 -0.109109 -0.276377
internal_weight=32035 2952 1575 538 1377 216 191 122 1161 40 29083 1037 82 510 486 26366 23845 2429 2232 2059 21416 2197 2053 1123 403 720 700 678 655 630 607 173 156 75 441 253 233 188 148 19219 955 78 58 52 555 529 196 144 45 1893 877 364 513 334 64 270 249 137 115 82 112 65
internal_count=32035 2952 1575 538 1377 216 191 122 1161 40 29083 1037 82 510 486 26366 23845 2429 2232 2059 21416 2197 2053 1123 403 720 700 678 655 630 607 173 156 75 441 253 233 188 148 19219 955 78 58 52 555 529 196 144 45 1893 877 364 513 334 64 270 249 137 115 82 112 65
is_linear=0
shrinkage=0.05


Tree=100
num_leaves=63
num_cat=0
split_feature=23 18 33 40 31 12 22 30 33 33 31 33 33 32 32 13 33 33 35 11 2 24 40 33 40 33 33 33 34 34 8 34 34 9 33 33 34 35 31 7 31 33 40 11 34 32 31 31 31 40 9 21 35 40 7 33 31 33 31 31 35 34
split_gain=5348.31 3133.51 3828.15 3765.71 3044 3556.29 2989.4 3699.03 2240.42 2476.83 2211.91 3261.21 5061.76 2528.2 3859.27 1993.43 1948.72 3165.13 3043.6 2326.66 2711.17 1937.97 3423.07 3063.28 2815.42 2083.18 10641.9 2659.14 3019.3 9481.93 5130.77 2738.22 2411.01 2366.63 3779.27 2201.74 3729.34 4594.51 2576.57 2114.08 2014.4 2834.09 1929.77 1847.23 1711.68 1709.03 1808.96 2233.27 1660.89 1620.91 1615.7 1564.41 1533.02 1509.58 1457.27 1425.5 1408.54 2069.71 1677.83 2613.29 3467.43 1814.48
threshold=1.0000000180025095e-35 1.0000000180025095e-35 488.85000000000008 5.5000000000000009 248.95000000000002 1.0000000180025095e-35 1.0000000180025095e-35 1.0000000180025095e-35 241.55000000000004 93.200000000000003 96.15000000000002 291.45000000000005 419.15000000000003 331.75000000000006 251.15000000000001 1.0000000180025095e-35 51.750000000000007 134.25000000000003 777.00000000000011 1.0000000180025095e-35 1.0000000180025095e-35 1.0000000180025095e-35 4.5000000000000009 196.95000000000002 1.5000000000000002 111.75000000000001 81.050000000000011 263.65000000000003 305.15000000000003 53.050000000000004 1.0000000180025095e-35 403.55000000000007 199.35000000000005 1.0000000180025095e-35 57.95000000000001 237.25000000000003 199.35000000000005 825.05000000000007 390.65000000000003 1.0000000180025095e-35 339.55000000000007 436.05000000000007 1.0000000180025095e-35 1.0000000180025095e-35 1.5500000000000003 28.750000000000004 54.150000000000013 100.45000000000002 426.45000000000005 3.5000000000000004 1.0000000180025095e-35 1.0000000180025095e-35 1351.1500000000003 5.5000000000000009 1.0000000180025095e-35 274.45000000000005 4.0500000000000007 451.15000000000003 64.65000000000002 56.250000000000007 426.25000000000006 102.65000000000002
decision_type=2 2 2 2 2 2 2 2 2 2 2 2 2 2 2 2 2 2 2 2 2 2 2 2 2 2 2 2 2 2 2 2 2 2 2 2 2 2 2 2 2 2 2 2 2 2 2 2 2 2 2 2 2 2 2 2 2 2 2 2 2 2
left_child=16 2 4 10 15 6 7 21 9 -5 -3 13 -13 14 -12 56 18 -18 51 45 -21 25 24 -24 -23 26 33 35 29 30 40 -30 -31 34 39 36 37 -27 -39 48 -29 49 -17 50 -7 54 -47 55 -6 -42 -20 -1 -49 -54 -19 -48 -2 58 59 61 -61 -58
right_child=1 3 -4 8 5 44 -8 -9 -10 -11 11 12 -14 -15 -16 42 17 19 43 20 -22 22 23 -25 -26 27 -28 28 31 32 -32 -33 -34 -35 -36 -37 -38 38 -40 -41 41 -43 -44 -45 -46 46 47 52 -50 -51 -52 -53 53 -55 -56 -57 57 -59 -60 60 -62 -63
leaf_value=-0.010745690985462891 0.23102014006161298 -0.73797906892640253 0.73510289300571796 0.23753882229328155 0.043391376089902574 0.23732749783631527 0.56940533466198873 -0.58024736016988754 0.48597863242030148 -0.48079659819602966 -0.46376425684674794 0.75282173171639455 -0.37209583621472125 -0.72689385811487839 0.38082792418343681 -0.17916630782462933 -0.094445967353104898 0.016028748806342918 0.033383970671177168 0.024046903148548866 0.26321711539678333 -0.18610816938536509 -0.78827741849422461 0.0025572232902050019 0.64280467391014096 0.0058902084827423097 -0.86582028398226063 0.094409046900303425 0.86929419092510063 -0.81210063537582755 -0.4126107003826362 0.069350325465202339 -0.13214571286331525 0.4843763145804405 -0.54136832797009016 0.8067652859687805 -0.22844486413178622 0.36106327240665759 1.0013045549392701 0.53568285980394914 0.66471339700122678 1.0038132957049779 0.29300173238398286 0.26149486127749894 0.75473514814530651 0.03471105032942113 -0.041011851846188718 -0.048432961471650854 0.21807155650572252 0.1496140018305076 0.23178580638842058 0.023083079239937115 0.01114400587380613 0.28887875568535598 0.2182588877926509 -0.23984754942183645 -0.13933849466964604 -0.37839213811645384 0.021387687394100387 -0.040069566965103151 -0.97112116336822507 0.37339339473030786
leaf_weight=15877 61 21 22 30 486 33 34 20 32 20 38 20 20 30 21 27 1472 621 787 877 137 21 25 24 20 39 29 48 23 32 26 20 22 40 23 25 27 30 33 28 24 21 109 129 31 728 144 3189 189 42 118 4355 219 63 104 241 80 38 935 20 20 22
leaf_count=15877 61 21 22 30 486 33 34 20 32 20 38 20 20 30 21 27 1472 621 787 877 137 21 25 24 20 39 29 48 23 32 26 20 22 40 23 25 27 30 33 28 24 21 109 129 31 728 144 3189 189 42 118 4355 219 63 104 241 80 38 935 20 20 22
internal_value=-0.000484081 0.0632971 0.0781894 -0.113164 0.0728898 0.123757 0.106505 0.0945542 0.159287 -0.0497953 -0.262103 -0.184635 0.190363 -0.353174 -0.163147 0.0180292 -0.00702659 -0.0284123 0.000812293 -0.0130396 0.0563608 0.10496 -0.118864 -0.40093 0.21824 0.121649 0.0743618 0.212895 0.114756 0.0382619 0.230564 0.497227 -0.535082 0.109956 0.089327 0.37731 0.294083 0.432399 0.696428 0.109961 0.354434 0.497896 0.199262 0.0844843 0.487947 -0.0262949 -0.0375768 -0.0512245 0.0923018 0.336923 0.0592529 -0.00346394 -0.0385517 0.0731911 0.0450383 -0.165478 -0.00292978 -0.0157288 -0.00293292 -0.163072 -0.505595 -0.0287493
internal_weight=32042 2981 2749 232 2727 1415 1351 1317 82 50 150 129 40 89 59 1312 29061 7795 21266 6323 1014 1297 90 49 41 1207 795 412 258 215 161 43 54 766 726 154 129 102 63 703 135 87 136 1034 64 5309 4584 3856 675 66 905 20232 3471 282 725 385 1176 1115 1077 142 40 102
internal_count=32042 2981 2749 232 2727 1415 1351 1317 82 50 150 129 40 89 59 1312 29061 7795 21266 6323 1014 1297 90 49 41 1207 795 412 258 215 161 43 54 766 726 154 129 102 63 703 135 87 136 1034 64 5309 4584 3856 675 66 905 20232 3471 282 725 385 1176 1115 1077 142 40 102
is_linear=0
shrinkage=0.05


Tree=101
num_leaves=63
num_cat=0
split_feature=24 6 35 31 31 36 7 25 39 14 31 38 35 8 40 40 40 36 10 33 31 31 38 8 36 35 33 33 33 33 33 33 32 32 40 31 32 28 36 10 35 35 36 36 36 36 33 32 33 35 36 21 5 40 35 36 32 31 32 32 33 32
split_gain=2804.22 2902.96 4075.23 2727.4 2893.96 3570.94 2680.56 2185.03 2227.83 2285.41 2137.71 1853.57 2206.58 2055.38 1783.14 3060.17 3159.14 1904.2 1693.93 2338.47 1622.66 1622.15 1517.07 1523.4 1388.1 1381.41 1357.34 1644.2 3706.69 2985.55 3055.21 2047.31 1574.22 1458.63 1369.82 1301.65 1275.64 1262.98 1259.76 1244.96 1479.94 1322.96 1232.05 1869.26 2863.56 1550.78 2171.75 1301.05 1289.94 1223.99 1220.13 3059.45 1217.97 1197.04 1187.33 2035.83 1290.43 2574.86 1457.72 1264.33 1128.8 1357.33
threshold=1.0000000180025095e-35 1.0000000180025095e-35 1279.4000000000003 209.75000000000003 40.000000000000007 133.56250000000003 1.0000000180025095e-35 1.0000000180025095e-35 1.0000000180025095e-35 1.0000000180025095e-35 127.75000000000001 1.0000000180025095e-35 894.95000000000016 1.0000000180025095e-35 5.5000000000000009 4.5000000000000009 1.5000000000000002 379.48750000000007 1.0000000180025095e-35 453.55000000000007 422.05000000000007 62.750000000000007 1.0000000180025095e-35 1.0000000180025095e-35 345.05000000000013 592.85000000000014 463.55000000000007 28.550000000000004 73.350000000000009 81.050000000000011 109.55000000000001 1.7500000000000002 238.15000000000001 152.35000000000005 5.5000000000000009 446.65000000000003 244.65000000000001 1.0000000180025095e-35 175.51666666666668 1.0000000180025095e-35 1187.8500000000001 1531.0000000000002 385.0750000000001 334.03333333333336 318.92500000000001 296.12500000000006 211.65000000000001 91.950000000000017 343.35000000000008 818.95000000000016 213.91250000000005 1.0000000180025095e-35 1.0000000180025095e-35 1.0000000180025095e-35 452.85000000000008 168.93750000000003 102.85000000000001 448.25000000000006 125.55000000000001 137.85000000000005 67.950000000000017 221.05000000000004
decision_type=2 2 2 2 2 2 2 2 2 2 2 2 2 2 2 2 2 2 2 2 2 2 2 2 2 2 2 2 2 2 2 2 2 2 2 2 2 2 2 2 2 2 2 2 2 2 2 2 2 2 2 2 2 2 2 2 2 2 2 2 2 2
left_child=1 2 3 4 5 -1 7 8 -5 26 -4 12 13 -8 15 16 -12 35 19 22 -17 37 23 -7 36 -3 27 31 33 -30 49 54 -28 -29 50 -18 -16 -6 -39 41 -41 -2 43 44 45 47 -47 48 -32 -31 51 -33 53 -9 -10 -56 57 -57 -58 -60 -14 -62
right_child=39 25 10 6 21 18 11 52 9 -11 14 -13 60 -15 24 20 17 -19 -20 -21 -22 -23 -24 -25 -26 -27 32 28 29 30 42 34 -34 -35 -36 -37 -38 38 -40 40 -42 -43 -44 -45 -46 46 -48 -49 -50 -51 -52 -53 -54 -55 55 56 58 -59 59 -61 61 -63
leaf_value=-0.0078564819162152515 -0.041506882391092084 -0.0094939728196068024 0.59815950226038694 0.0061545970230243467 -0.083142366925009079 0.14572706655518727 0.089619786048011074 -0.1341063475729582 0.029454731985440713 -0.36603020825423305 0.02872772227084033 -0.084688963081483562 0.46937936106046974 -0.19613898018402842 0.45397231060525645 -0.018993418193017336 0.14497684689371712 0.78932744275940503 -0.075046711798245458 0.36237305373122752 -0.41899128964170818 -0.02195019940083574 -0.044030294734650033 -0.0631513068593587 0.4897406153819141 -0.081342480544237011 0.43083084020018581 -0.67465396925159127 0.62989060185849677 -0.53310928308602534 0.054294969267662502 -0.37406191298338987 -0.055104523420333867 -0.19353278256952763 0.4916469199539617 0.60656938865071253 0.0010976952034980059 -0.1546891766159158 -0.6372350749515352 -0.11350132058529805 -0.51047261238650044 0.31686832198443327 -0.32098236049970857 0.2926222264999524 -0.48995410272708306 0.67140948860482741 0.095542234688764438 -0.035096555939159696 0.38398508355021477 -0.091831150203943265 0.35895829276906122 0.31867522178469482 -0.2131641180319066 -0.0091022218866797407 -0.37407941239441489 0.75449119761586192 -0.31183864888937579 0.16341885054328789 0.48446891069412229 0.081623689312512848 0.36417815530051789 0.096374767557110483
leaf_weight=2748 2699 1339 25 7671 556 738 1035 236 1207 32 153 146 43 67 23 92 56 23 131 88 35 7350 167 99 51 1337 50 23 20 33 124 28 25 50 43 21 48 38 21 180 27 26 23 72 26 22 64 389 39 30 45 37 101 1016 22 20 23 234 20 745 72 138
leaf_count=2748 2699 1339 25 7671 556 738 1035 236 1207 32 153 146 43 67 23 92 56 23 131 88 35 7350 167 99 51 1337 50 23 20 33 124 28 25 50 43 21 48 38 21 180 27 26 23 72 26 22 64 389 39 30 45 37 101 1016 22 20 23 234 20 745 72 138
internal_value=-0.000459877 0.00423449 0.00925828 0.00645826 -0.0110935 0.0237748 0.0214534 0.013855 0.0211566 0.0545519 0.146906 0.0845799 0.102818 0.0722461 0.124433 0.071038 0.171567 0.390112 0.0948481 0.115229 -0.129229 -0.0284772 0.0935673 0.121021 0.290744 -0.0453914 0.0584941 0.0537691 -0.00333865 0.0262931 0.0116071 0.0753259 0.268852 -0.345119 0.252361 0.270866 0.147804 -0.106483 -0.326443 -0.0470674 -0.16528 -0.0380875 0.0393788 0.0506401 0.0244011 0.0453623 0.242857 0.0145932 0.133178 -0.322977 0.158822 0.0202654 -0.0461393 -0.0326653 0.0633988 0.101905 0.111954 0.20996 0.0803639 0.0921556 0.235984 0.188193
internal_weight=32042 29110 26434 25907 11936 3971 13971 12470 11117 3446 527 1501 1355 1102 502 380 253 100 1223 1092 127 7965 1004 837 122 2676 3414 3339 915 842 822 2424 75 73 153 77 71 615 59 2932 207 2725 759 736 664 638 86 552 163 63 110 65 1353 1252 2271 1064 1042 254 788 765 253 210
internal_count=32042 29110 26434 25907 11936 3971 13971 12470 11117 3446 527 1501 1355 1102 502 380 253 100 1223 1092 127 7965 1004 837 122 2676 3414 3339 915 842 822 2424 75 73 153 77 71 615 59 2932 207 2725 759 736 664 638 86 552 163 63 110 65 1353 1252 2271 1064 1042 254 788 765 253 210
is_linear=0
shrinkage=0.05


Tree=102
num_leaves=63
num_cat=0
split_feature=23 18 33 40 31 12 36 31 24 33 40 36 31 34 36 31 31 22 32 34 36 13 40 36 36 4 31 2 25 33 34 31 31 36 36 36 36 32 40 36 31 36 36 31 32 32 32 35 33 31 32 36 36 32 34 31 32 31 33 37 32 36
split_gain=4654.65 2830.4 3383.97 3365.93 2607.56 3104.81 3424.91 5129.52 2670.06 3429.64 3849.07 2546.45 2462.56 2077.04 2144.13 1999.4 3072.48 1968.16 1964.43 1866.83 1838.19 2030.73 1888.46 3088.89 2216.88 1837.86 1819.86 3070.26 1995.19 1922.15 1525.39 1391.83 2255.58 1954.7 1261.91 4464.17 3958.41 3943.83 3602.49 2295.39 5222.18 2529.18 4521.85 3237.94 2497.59 3900.59 2404.56 2161.7 1845.06 1509.93 1456.04 3103.85 1492.79 1433.33 1343.81 1718.28 1250.22 1220.16 1737.05 4554.39 2386.71 4202.59
threshold=1.0000000180025095e-35 1.0000000180025095e-35 488.85000000000008 5.5000000000000009 248.95000000000002 1.0000000180025095e-35 180.51666666666668 380.65000000000003 1.0000000180025095e-35 357.45000000000005 4.5000000000000009 327.63333333333338 294.25000000000006 110.2 282.51250000000005 96.15000000000002 330.25000000000006 1.0000000180025095e-35 259.05000000000007 72.500000000000014 62.716666666666676 1.0000000180025095e-35 1.0000000180025095e-35 219.77083333333334 153.21000000000004 1.0000000180025095e-35 374.55000000000007 1.0000000180025095e-35 1.0000000180025095e-35 367.75000000000006 1.5500000000000003 40.000000000000007 100.45000000000002 133.56250000000003 215.17083333333335 220.91250000000005 226.32916666666668 75.15000000000002 5.5000000000000009 275.04166666666669 458.45000000000005 311.45833333333337 327.63333333333338 414.45000000000005 102.85000000000001 9.9500000000000011 170.05000000000004 958.55000000000007 71.65000000000002 450.45000000000005 195.95000000000002 241.15833333333336 251.61250000000004 137.85000000000005 62.750000000000007 363.85000000000008 257.15000000000003 4.0500000000000007 293.25000000000006 4.5000000000000009 412.85000000000008 219.77083333333334
decision_type=2 2 2 2 2 2 2 2 2 2 2 2 2 2 2 2 2 2 2 2 2 2 2 2 2 2 2 2 2 2 2 2 2 2 2 2 2 2 2 2 2 2 2 2 2 2 2 2 2 2 2 2 2 2 2 2 2 2 2 2 2 2
left_child=25 2 4 15 11 6 7 12 17 10 -10 20 -6 14 -5 -3 19 34 -18 56 -2 57 -23 24 -24 26 31 28 -28 -29 -7 33 -33 -1 37 -36 -37 -8 48 40 44 43 47 46 45 -38 -41 -43 -39 -45 53 -52 -53 -46 55 -48 -17 -22 -59 60 61 -60
right_child=1 3 -4 13 5 30 8 -9 9 -11 -12 -13 -14 -15 -16 16 18 -19 -20 -21 21 22 23 -25 -26 -27 27 29 -30 -31 -32 32 -34 -35 35 36 39 38 -40 41 -42 42 -44 49 50 -47 54 -49 -50 -51 51 52 -54 -55 -56 -57 -58 58 59 -61 -62 -63
leaf_value=-0.0068860500922040954 -0.30091115388928391 -0.70189520688284013 0.69084667942740707 -0.21479007408022879 -0.40458990498022596 0.21901447502049534 0.88878732459111642 -0.91225016951560978 0.12860918685241982 0.42089329093694688 -0.65217445104529981 -0.42309593483805658 0.26341079183526944 0.56451371257955374 0.4192633464932442 0.13748698058453473 -0.76264901527991658 0.51915351333040183 -0.1888865492812225 0.42175862296767863 0.24538087746394532 -0.15821868276596071 0.22243032348883707 -0.22813886120915414 0.75033008568995718 -0.045048122402530033 0.019681325984579091 0.091081169702085921 -0.078382205441112407 0.34634798160370661 0.70745623106918032 -0.059693185820585276 -0.0081929183252730728 0.068628290112965035 -0.57727474388868916 0.7905314017425884 0.025320776630389064 0.63366136955363417 -0.39359236385511315 -0.057755860735158454 -0.72599689861138661 -0.061335985788277217 0.15606641443152303 0.94574992766846777 0.033686935901641846 0.87442268189929784 0.29888624405128911 -0.5994006557124002 0.036223497241735458 0.40326601164094333 0.55796432365541881 -0.44162829181422358 0.05171685141065846 -0.52477627291723539 -0.012431826477959044 0.83754039764404298 -0.38973483930787317 0.035481285177009159 -0.49866638603033842 0.49504633331298831 -0.71421969952908437 0.065399325507528638
leaf_weight=2735 41 21 22 40 22 33 22 20 27 20 38 32 37 22 20 22 26 33 35 23 56 25 43 20 37 2800 4907 557 580 85 31 2519 13630 1248 23 22 38 28 23 61 24 56 495 23 20 21 57 28 24 29 23 23 46 27 21 20 23 872 54 25 22 85
leaf_count=2735 41 21 22 40 22 33 22 20 27 20 38 32 37 22 20 22 26 33 35 23 56 25 43 20 37 2800 4907 557 580 85 31 2519 13630 1248 23 22 38 28 23 61 24 56 495 23 20 21 57 28 24 29 23 23 46 27 21 20 23 872 54 25 22 85
internal_value=-0.000436883 0.0590646 0.0732183 -0.108644 0.0682356 0.115315 0.099195 -0.22025 0.119035 -0.151674 -0.327849 0.0174599 0.0143258 0.148939 -0.00343893 -0.249456 -0.175803 0.13842 -0.433441 0.0553127 0.0284738 0.0393735 0.230468 0.327639 0.466584 -0.00654039 -0.00243462 0.0214205 0.00931558 0.124878 0.455603 -0.00969709 -0.0162262 0.016775 0.127533 0.111693 0.127019 0.30013 0.127457 0.112594 -0.0294567 0.152513 0.0985058 0.300711 0.0549725 0.327543 0.188699 -0.240691 0.357921 0.643211 -0.0607231 0.0549424 -0.112732 -0.287132 0.342105 0.438796 -0.131982 0.0179311 0.00589221 -0.132826 -0.230322 -0.153734
internal_weight=32042 2981 2749 232 2727 1415 1351 79 1272 85 65 1312 59 82 60 150 129 1187 61 68 1280 1239 125 100 80 29061 26261 6129 5487 642 64 20132 16149 3983 1154 1057 1034 97 75 1012 222 790 579 211 198 59 159 84 52 52 139 92 69 47 98 77 45 1114 1058 186 161 139
internal_count=32042 2981 2749 232 2727 1415 1351 79 1272 85 65 1312 59 82 60 150 129 1187 61 68 1280 1239 125 100 80 29061 26261 6129 5487 642 64 20132 16149 3983 1154 1057 1034 97 75 1012 222 790 579 211 198 59 159 84 52 52 139 92 69 47 98 77 45 1114 1058 186 161 139
is_linear=0
shrinkage=0.05


Tree=103
num_leaves=63
num_cat=0
split_feature=23 36 34 34 7 33 32 34 34 32 33 33 35 34 33 32 25 34 33 35 35 31 36 32 36 32 32 35 10 36 32 31 31 31 36 33 33 35 11 36 31 7 32 32 36 36 31 31 31 36 32 32 35 35 35 32 32 33 36 35 36 21
split_gain=4200.82 1995.1 2033.03 6375.41 1781.38 5834 4311.26 2417.68 6024.42 10874.5 6776.61 7441.67 4290.02 4219.73 2786.78 4171.92 3543.38 3293.8 2603.47 2273.82 2107.08 2192.39 2099.5 1912.09 4193.8 3069.5 2763.57 5427.57 2182.2 3906.02 5741.36 1853.1 1840.68 2421.12 4702.97 1745.24 2708.45 2652.05 2042.71 2050.37 1637.58 1601.82 1505.08 1513.46 1484.24 3442.69 1462.65 3932.12 3517.65 4832.3 2026.13 3026.28 1737.89 4124.61 3497.27 1429.29 2943.12 1601.84 1407.91 2245.79 1404.04 1393.07
threshold=1.0000000180025095e-35 62.716666666666676 488.60000000000008 472.75000000000006 1.0000000180025095e-35 353.65000000000003 440.45000000000005 18.200000000000006 102.65000000000002 390.65000000000003 18.550000000000004 205.35000000000005 612.95000000000016 4.1500000000000012 451.15000000000003 362.45000000000005 1.0000000180025095e-35 370.45000000000005 71.65000000000002 747.75000000000011 845.95000000000016 355.65000000000003 261.05833333333339 430.85000000000008 218.61250000000004 442.25000000000006 401.15000000000003 662.50000000000011 1.0000000180025095e-35 196.81666666666669 227.45000000000002 165.05000000000004 230.15000000000001 168.75000000000003 282.51250000000005 51.750000000000007 134.25000000000003 777.00000000000011 1.0000000180025095e-35 307.47500000000008 484.75000000000006 1.0000000180025095e-35 28.750000000000004 119.30000000000003 298.01666666666671 364.8250000000001 464.85000000000008 470.95000000000005 442.85000000000008 357.02500000000003 384.95000000000005 376.75000000000006 958.55000000000007 902.1500000000002 1020.4500000000002 456.35000000000008 470.75000000000006 159.55000000000004 227.72500000000002 853.25000000000011 272.41250000000008 1.0000000180025095e-35
decision_type=2 2 2 2 2 2 2 2 2 2 2 2 2 2 2 2 2 2 2 2 2 2 2 2 2 2 2 2 2 2 2 2 2 2 2 2 2 2 2 2 2 2 2 2 2 2 2 2 2 2 2 2 2 2 2 2 2 2 2 2 2 2
left_child=35 -2 3 4 7 6 31 13 9 19 -10 12 -12 23 15 16 17 20 -14 -9 -13 -22 58 26 -25 -26 28 -28 40 -30 -31 -6 33 34 -27 37 -37 61 42 -40 46 -39 -38 -44 -17 -46 48 -48 50 60 51 52 53 -3 -54 -34 -57 -58 59 -20 -50 -1
right_child=1 2 -4 -5 5 -7 -8 8 10 -11 11 14 18 -15 -16 44 -18 -19 22 -21 21 -23 -24 24 25 32 27 -29 29 30 -32 -33 55 -35 -36 36 38 41 39 -41 -42 -43 43 -45 45 -47 47 -49 49 -51 -52 -53 54 -55 -56 56 57 -59 -60 -61 -62 -63
leaf_value=-0.0096581502458046205 -0.28606230872017996 0.05671468690621944 -0.42920118059430812 0.93258140328384587 -0.19544334142438827 0.64641422916341718 -0.64199874568730597 -0.35374138522893195 0.73954137102250128 -1.2843197254034191 0.32907798445743064 0.44472831271588809 -0.77360416665259335 0.76015541824427524 -0.27842584782176549 0.79778876214155137 -0.50537998030583065 0.505048231896427 -0.0091223266816908323 0.25753755117284843 -0.35031073712136435 0.19370838538292917 -0.69296031265479074 0.87604088556198845 0.56488999259822514 -0.3998833320758961 -0.75779014710457104 0.046236914304586561 -0.63159352877447683 0.6667299362520378 -0.29859832497530209 0.24451679133943149 -0.1908012056350708 -0.61818742275238048 0.59778242622103006 -0.087536131011256665 0.04229025808167805 0.055296626437329299 0.015805749487415432 0.18945648210657831 0.35701787155866627 0.24059145620732167 -0.10109070897646158 -0.022704515654427493 -0.10709013877944513 0.7879286734830766 -0.7297042486213503 0.07456119506196543 0.47784071803092965 -0.016207235472069849 0.38311885448687888 -0.54630750715732579 -0.74300048083066939 0.6924653314627135 0.11644511082819825 0.7278677216172218 -0.16763577153285347 0.41004585862159737 0.20044553350834621 -0.66966356364163493 1.0632059846605573 0.022264354830595093
leaf_weight=15877 42 1360 21 21 31 54 20 32 31 26 23 20 36 22 36 28 24 45 31 29 46 31 23 21 34 27 31 65 31 24 43 105 20 20 21 1472 725 900 798 216 50 134 733 3851 22 21 21 55 20 36 47 21 20 26 29 25 30 20 21 22 21 4355
leaf_count=15877 42 1360 21 21 31 54 20 32 31 26 23 20 36 22 36 28 24 45 31 29 46 31 23 21 34 27 31 65 31 24 43 105 20 20 21 1472 725 900 798 216 50 134 733 3851 22 21 21 55 20 36 47 21 20 26 29 25 30 20 21 22 21 4355
internal_value=-0.000415039 0.0561114 0.0610012 0.0645291 0.0582367 0.198485 0.043433 0.0472757 -0.0465342 -0.428086 0.0256288 -0.0259593 -0.301443 0.0712542 0.13146 0.193721 0.0565258 0.151496 -0.41048 -0.0631334 -0.0125234 -0.13129 -0.275713 0.0640984 0.204351 0.132749 0.0480063 -0.213397 0.0619169 -0.167527 0.0471909 0.144232 0.0426095 -0.155988 0.0365954 -0.00621337 -0.0264518 0.00120498 -0.0122313 0.0527964 0.0750972 0.0793097 -0.0246514 -0.0352388 0.514487 0.330012 0.0665851 -0.14767 0.076891 0.406502 0.0600047 0.0495745 0.0582948 0.0686407 -0.234349 0.184763 0.284914 0.0634369 -0.146027 -0.283309 0.777662 -0.00278673
internal_weight=32042 2981 2939 2918 2897 210 156 2687 547 87 460 429 156 2140 273 237 166 142 133 61 97 77 97 2118 218 197 1900 96 1804 98 67 136 163 68 48 29061 7795 21266 6323 1014 1706 1034 5309 4584 71 43 1656 76 1580 77 1503 1456 1435 1386 49 95 75 50 74 53 41 20232
internal_count=32042 2981 2939 2918 2897 210 156 2687 547 87 460 429 156 2140 273 237 166 142 133 61 97 77 97 2118 218 197 1900 96 1804 98 67 136 163 68 48 29061 7795 21266 6323 1014 1706 1034 5309 4584 71 43 1656 76 1580 77 1503 1456 1435 1386 49 95 75 50 74 53 41 20232
is_linear=0
shrinkage=0.05


Tree=104
num_leaves=63
num_cat=0
split_feature=23 18 33 33 33 32 35 13 5 2 33 4 30 33 32 32 35 32 32 32 32 7 35 33 32 35 34 33 35 34 34 35 33 34 35 32 33 13 32 33 35 33 37 35 35 33 32 33 35 32 9 35 9 28 7 37 35 9 28 34 12 33
split_gain=3791.24 2553.54 3377.96 7105.43 2987.97 2786.49 2263.83 1966.4 1668.73 2039.56 2408.66 1667.38 2995.35 2655.56 2439.02 2315.74 2856.39 2517.62 3063.13 2654.04 2084.52 1937.57 2252.06 1896.73 1836.61 1736.4 4505.09 1615.94 2390.91 1609.08 2636.75 2031.71 1580.38 1482.57 2081.67 3880.63 1561.59 1454.95 1433.49 1373.74 4151.91 3069.44 2695.65 1638.21 1658.14 1368.76 1608.61 1338.92 1333.49 1483.38 1302.76 1295.6 1261.73 1520.76 1248.03 1223.55 2734.1 1808.31 3927.5 2487.66 2114.49 2466.53
threshold=1.0000000180025095e-35 1.0000000180025095e-35 414.65000000000003 291.45000000000005 488.85000000000008 335.75000000000006 1531.0000000000002 1.0000000180025095e-35 1.0000000180025095e-35 1.0000000180025095e-35 392.15000000000003 1.0000000180025095e-35 1.0000000180025095e-35 23.150000000000002 398.85000000000008 485.65000000000003 789.1500000000002 448.55000000000007 424.95000000000005 408.75000000000006 329.95000000000005 1.0000000180025095e-35 818.95000000000016 159.55000000000004 416.95000000000005 998.25000000000011 61.050000000000004 51.750000000000007 880.85000000000002 12.15 114.55000000000001 442.35000000000008 157.25000000000003 337.15000000000003 563.1500000000002 259.05000000000007 138.65000000000001 1.0000000180025095e-35 472.65000000000003 419.15000000000003 1110.2000000000003 434.15000000000003 3.5000000000000004 428.85000000000008 420.45000000000005 2.2500000000000004 466.85000000000008 136.15000000000001 471.95000000000005 71.15000000000002 1.0000000180025095e-35 741.05000000000007 1.0000000180025095e-35 1.0000000180025095e-35 1.0000000180025095e-35 3.5000000000000004 532.95000000000016 1.0000000180025095e-35 1.0000000180025095e-35 335.05000000000001 1.0000000180025095e-35 107.75000000000001
decision_type=2 2 2 2 2 2 2 2 2 2 2 2 2 2 2 2 2 2 2 2 2 2 2 2 2 2 2 2 2 2 2 2 2 2 2 2 2 2 2 2 2 2 2 2 2 2 2 2 2 2 2 2 2 2 2 2 2 2 2 2 2 2
left_child=8 4 3 5 6 33 7 11 9 27 48 12 15 -13 20 17 -17 18 19 21 25 39 -23 45 -21 26 51 28 -1 31 -31 -9 -29 34 -3 36 -36 -34 -25 43 41 -41 -43 44 -2 46 -19 -7 -11 -50 54 -15 53 -30 -12 -45 -57 58 60 -59 61 -58
right_child=1 2 -4 -5 -6 47 -8 29 -10 10 50 13 -14 14 -16 16 -18 23 -20 24 -22 22 -24 38 -26 -27 -28 32 52 30 -32 -33 37 -35 35 -37 -38 -39 -40 40 -42 42 -44 55 -46 -47 -48 -49 49 -51 -52 -53 -54 -55 -56 56 57 59 -60 -61 -62 -63
leaf_value=-0.0016993228617115147 0.023248464665474464 0.25001702327971109 -0.58296185384970156 0.58566709992132693 0.64711572494019165 -0.74362489233414342 0.57920149422827227 0.090948713464855127 -0.04271958052352047 -0.019942132456607503 0.087823012788538588 0.25251985702577023 -0.46569224441493007 -0.36097447097301488 -0.57287063670880867 -0.041507687568664554 0.74686291217803957 -0.51918393015861519 0.35615964644860604 -0.57767028661651743 0.27338310874067251 0.091343460869457993 0.50218002728696143 -0.16630529573670141 -0.017722388170659544 0.14480708408355714 -0.96880540251731873 -0.077913847775383169 0.039989930584952975 -0.40971813797950746 0.23924015641212462 0.48737355258366838 -0.026306288772640449 0.36283602297306061 -0.87538885474205019 0.29002614364027979 -0.25057061374187473 0.063472620906371596 0.39218964926898481 -0.82533942718397491 0.35891571275649536 0.18313072383403781 -0.56626541912555695 0.14761557272753664 -0.37553648591317512 -0.66618463532491168 0.082428915977478034 -0.24618370585864591 0.21577411555033876 0.039359896270757519 0.46366329946451723 0.18391804397106171 0.41951558735842509 0.33654792586510834 0.40536811152422758 -0.45400830838415357 -0.24945803303271533 0.090828059459554744 -0.33865693125285601 -0.63402408659458165 0.59526134614021553 0.23678318510452906
leaf_weight=17985 754 27 32 38 22 24 21 58 2783 974 189 43 27 20 33 20 27 20 89 27 30 90 53 27 32 25 20 1324 202 24 45 73 3647 20 20 20 20 515 20 22 31 30 20 630 27 22 25 31 133 1145 36 24 36 55 37 27 32 29 38 20 31 141
leaf_count=17985 754 27 32 38 22 24 21 58 2783 974 189 43 27 20 33 20 27 20 89 27 30 90 53 27 32 25 20 1324 202 24 45 73 3647 20 20 20 20 515 20 22 31 30 20 630 27 22 25 31 133 1145 36 24 36 55 37 27 32 29 38 20 31 141
internal_value=-0.000394287 0.0533058 -0.10599 -0.0296741 0.0667494 -0.174013 0.0620674 0.0580541 -0.0059027 -0.00200357 0.0408236 0.046013 0.0578602 -0.0943911 -0.19253 0.0640493 0.411386 0.0567516 0.0690433 0.0564802 -0.0870579 0.0663518 0.243612 -0.172153 -0.27397 -0.208555 -0.346587 -0.00653426 0.000608838 0.208929 0.0135155 0.311857 -0.0303333 -0.025341 -0.114577 -0.278644 -0.56298 -0.0151972 0.0713521 0.0525155 -0.124878 -0.333179 -0.116628 0.0630832 0.00946205 -0.34297 -0.184955 -0.463249 0.0241303 0.0577191 0.184309 -0.0637604 0.142289 0.103456 0.13981 0.107258 0.0273057 0.0719637 0.128049 -0.20503 0.214985 0.146843
internal_weight=32042 2981 232 200 2749 162 2727 2706 29061 26278 2514 2506 2311 195 152 2284 47 2237 2123 2034 119 1975 143 114 59 89 64 23764 18278 200 69 131 5486 107 87 60 40 4162 47 1832 103 72 50 1729 781 67 45 55 2252 1278 262 44 293 257 226 948 318 291 242 49 204 173
internal_count=32042 2981 232 200 2749 162 2727 2706 29061 26278 2514 2506 2311 195 152 2284 47 2237 2123 2034 119 1975 143 114 59 89 64 23764 18278 200 69 131 5486 107 87 60 40 4162 47 1832 103 72 50 1729 781 67 45 55 2252 1278 262 44 293 257 226 948 318 291 242 49 204 173
is_linear=0
shrinkage=0.05


Tree=105
num_leaves=63
num_cat=0
split_feature=23 2 32 35 36 35 8 36 31 37 33 35 33 32 33 34 32 34 36 32 36 35 28 36 33 21 7 36 24 34 35 36 36 35 35 35 32 32 6 36 13 38 32 32 22 34 35 31 35 31 31 35 31 33 7 35 8 35 31 31 36 32
split_gain=7993.58 4507.56 3104.38 3163 4684.46 4228.28 2609.97 2461.52 5077.13 2226.81 4053 3785.07 3589.99 3043.11 2692.98 3536.09 2606.75 2152.84 3040.24 2116.44 2046.67 2042.46 1991.56 3180.23 1987.12 1504.7 1759.15 1766.85 2140.38 1660.04 1491.78 1482.58 1432.95 2427.66 1894.04 3147.87 1415.38 1423.79 1706.98 3586.8 1379.1 1353.84 3169.79 4285.9 2320.69 2413.24 1672.8 1347.53 4800.48 3573.16 3701.66 3013.2 4913.3 2217.19 1762.47 2915.73 2209.89 3721.11 2647.91 2443.68 4221.16 2255.06
threshold=1.0000000180025095e-35 1.0000000180025095e-35 288.55000000000007 1397.9500000000003 362.04166666666669 1313.1500000000003 1.0000000180025095e-35 229.91666666666669 320.15000000000003 3.5000000000000004 28.550000000000004 723.1500000000002 166.15000000000001 485.65000000000003 341.05000000000007 78.600000000000009 386.85000000000008 432.10000000000008 248.08750000000001 474.15000000000003 336.48750000000007 1083.5500000000002 1.0000000180025095e-35 171.71250000000003 471.15000000000003 1.0000000180025095e-35 1.0000000180025095e-35 171.71250000000003 1.0000000180025095e-35 15.750000000000002 1096.7500000000002 150.51250000000002 219.77083333333334 634.05000000000007 651.1500000000002 967.45000000000016 300.25000000000006 462.85000000000008 1.0000000180025095e-35 302.3633333333334 1.0000000180025095e-35 1.0000000180025095e-35 238.15000000000001 87.750000000000014 1.0000000180025095e-35 12.15 548.05000000000007 181.95000000000002 552.6500000000002 83.65000000000002 19.150000000000002 412.35000000000008 104.55000000000001 361.75000000000006 1.0000000180025095e-35 812.6500000000002 1.0000000180025095e-35 753.45000000000016 484.75000000000006 464.85000000000008 342.98333333333341 115.15000000000002
decision_type=2 2 2 2 2 2 2 2 2 2 2 2 2 2 2 2 2 2 2 2 2 2 2 2 2 2 2 2 2 2 2 2 2 2 2 2 2 2 2 2 2 2 2 2 2 2 2 2 2 2 2 2 2 2 2 2 2 2 2 2 2 2
left_child=22 2 17 5 -5 6 9 -8 -9 13 -11 -12 -13 19 16 21 -14 41 -19 36 31 -16 25 -24 40 29 -27 -28 -29 -1 -18 -3 33 -33 -34 -36 -4 38 -38 -40 -25 47 43 -43 45 46 -45 48 51 50 -50 -2 -53 -51 56 -56 58 -58 59 -49 61 -61
right_child=1 20 3 4 -6 -7 7 8 -10 10 11 12 14 -15 15 -17 30 18 -20 -21 -22 -23 23 24 -26 26 27 28 -30 -31 -32 32 34 -35 35 -37 37 -39 39 -41 -42 42 -44 44 -46 -47 -48 54 49 53 -52 52 -54 -55 55 -57 57 -59 -60 60 -62 -63
leaf_value=-0.010174314054352998 -0.0072608956462159304 0.5881248708527822 0.43117498321966691 -0.7928105343471874 0.17474144245016165 0.83137164841527533 0.35842024803161626 -0.66402182430028922 0.25291005808573502 0.84091241608063383 -0.40079035515134986 0.72040542157796716 -0.29878935031592846 0.64259864917168263 0.51646741390228268 0.86363927898583592 0.50353322820021551 0.80903405916123161 -0.023068460830203866 -0.29306111884686875 0.67211048088290481 -0.1614367849826813 -0.057906688869133333 0.047557560443735124 0.33114785847618533 0.0051376819807297915 -0.0041398861978774997 0.21643371928340469 -0.24155098934258734 -0.064004700742073151 -0.063064874424820852 0.33299680378126062 -0.13690256237983706 -0.37220136844194851 0.77252393256534235 0.10900143390664688 0.033024701420571102 0.44354033668835957 0.83776681196121938 -0.048619679421186446 0.21465219923041087 -0.61551923776666329 -0.59217813549370601 -0.095043140649795535 0.59530610016414098 -0.29367262704952346 0.5131889091088222 0.071576327331105277 -0.41653598745663961 -0.33954692962693006 0.4813690608197993 0.87230577791730557 -0.064975523229303042 -0.94465177059173588 0.09657944522511501 0.78324708125808029 -0.63942271185417976 0.15485597150079136 0.43640732755479611 -0.20721679329872134 0.2126633279746579 -0.94079728841781618
leaf_weight=17737 361 26 33 22 29 23 20 36 26 30 22 39 40 26 20 27 26 21 23 34 33 25 668 1914 69 6571 241 287 28 1558 21 23 20 26 33 39 369 27 21 25 132 24 29 20 21 37 26 849 24 41 22 27 29 24 52 22 30 29 46 22 31 20
leaf_count=17737 361 26 33 22 29 23 20 36 26 30 22 39 40 26 20 27 26 21 23 34 33 25 668 1914 69 6571 241 287 28 1558 21 23 20 26 33 39 369 27 21 25 132 24 29 20 21 37 26 849 24 41 22 27 29 24 52 22 30 29 46 22 31 20
internal_value=0.00491707 0.0830532 0.0665075 0.14031 -0.242634 0.162254 0.144503 -0.123911 -0.279502 0.172541 0.295734 0.221391 0.290522 0.114975 0.185079 0.411273 -0.00211578 0.0285577 0.374071 0.0880236 0.312294 0.139854 -0.00303165 0.0371997 0.067238 -0.00726917 0.0123636 0.0977614 0.175724 -0.0145209 0.250372 0.241193 0.17722 -0.04119 0.293547 0.413116 0.115301 0.0917179 0.0688283 0.356035 0.0583379 0.0200456 -0.120179 -0.0132412 0.125746 0.00694171 0.24874 0.0335602 -0.032108 -0.324323 0.0128969 0.0456757 0.386928 -0.56297 0.0650523 0.300724 0.0480711 -0.249015 0.0661786 0.0477073 -0.229892 -0.556541
internal_weight=32176 2971 2771 941 51 890 867 82 62 785 250 220 198 535 159 72 87 1830 44 509 200 45 29205 2783 2115 26422 7127 556 315 19295 47 167 141 49 92 72 475 442 415 46 2046 1786 157 128 104 83 46 1629 528 111 46 417 56 65 1101 74 1027 59 968 922 73 42
internal_count=32176 2971 2771 941 51 890 867 82 62 785 250 220 198 535 159 72 87 1830 44 509 200 45 29205 2783 2115 26422 7127 556 315 19295 47 167 141 49 92 72 475 442 415 46 2046 1786 157 128 104 83 46 1629 528 111 46 417 56 65 1101 74 1027 59 968 922 73 42
is_linear=0
shrinkage=0.05


Tree=106
num_leaves=63
num_cat=0
split_feature=23 2 32 35 33 35 33 31 36 32 33 31 31 12 11 35 31 31 32 18 36 36 32 33 35 33 40 40 40 7 40 2 35 11 40 11 40 39 36 34 36 4 36 2 32 39 35 31 7 40 32 33 34 31 31 32 40 32 35 37 36 31
split_gain=7214.2 4068.07 2801.7 2854.61 4424.5 3816.03 2436.85 2869.44 5658.33 4567.96 4121.54 4542.93 2704.87 3189.34 2558.61 3538.65 3103.23 2542.81 4138.08 2829.8 2851.39 2256.07 2540.89 2197.02 5761.68 2415.89 1987.36 3396.45 3436.99 3081.31 2934.91 3180.34 2851.96 2338.46 2230.29 2078.63 2023.83 2091.07 1973.28 1942.94 2743.82 1862.92 1847.12 1767.37 1707.81 1633.75 1554.02 1489.57 1489.53 1484.63 1950.92 2278.1 1424.73 1376.7 2189.74 1438.48 1369.2 2800.34 2829.97 2449.75 1312.27 1247.35
threshold=1.0000000180025095e-35 1.0000000180025095e-35 288.55000000000007 1397.9500000000003 427.15000000000003 1313.1500000000003 461.35000000000008 110.95000000000002 309.52500000000003 478.05000000000007 335.05000000000007 96.15000000000002 434.55000000000007 1.0000000180025095e-35 1.0000000180025095e-35 1122.0000000000002 244.95000000000002 184.05000000000004 319.65000000000003 1.0000000180025095e-35 256.81666666666672 327.63333333333338 458.65000000000003 166.15000000000001 812.6500000000002 335.05000000000007 1.0000000180025095e-35 3.5000000000000004 5.5000000000000009 1.0000000180025095e-35 1.5000000000000002 1.0000000180025095e-35 1279.4000000000003 1.0000000180025095e-35 2.5000000000000004 1.0000000180025095e-35 4.5000000000000009 1.0000000180025095e-35 238.91250000000005 432.10000000000008 248.08750000000001 1.0000000180025095e-35 336.48750000000007 1.0000000180025095e-35 272.55000000000007 1.0000000180025095e-35 1096.7500000000002 306.25000000000006 1.0000000180025095e-35 1.0000000180025095e-35 94.050000000000011 345.40000000000003 337.15000000000003 138.15000000000001 56.250000000000007 446.55000000000007 1.0000000180025095e-35 436.65000000000003 651.1500000000002 2.5000000000000004 376.6375000000001 165.05000000000004
decision_type=2 2 2 2 2 2 2 2 2 2 2 2 2 2 2 2 2 2 2 2 2 2 2 2 2 2 2 2 2 2 2 2 2 2 2 2 2 2 2 2 2 2 2 2 2 2 2 2 2 2 2 2 2 2 2 2 2 2 2 2 2 2
left_child=26 2 39 5 -5 6 7 9 12 10 11 56 13 17 15 16 -10 18 -9 20 38 -18 -23 24 -22 -25 45 29 36 33 -31 34 35 -28 -32 48 46 -38 47 -2 -41 -34 49 60 -37 -1 -29 -19 -30 -3 -51 -52 -50 54 -36 -55 -4 58 59 -58 -35 -20
right_child=1 42 3 4 -6 -7 -8 8 14 -11 -12 -13 -14 -15 -16 -17 21 19 61 -21 23 22 -24 25 -26 -27 27 28 32 30 31 -33 41 43 53 44 37 -39 -40 40 -42 -43 -44 -45 -46 -47 -48 -49 52 50 51 -53 -54 55 -56 -57 57 -59 -60 -61 -62 -63
leaf_value=-0.010742167232251899 0.019043366281227006 -0.15359758463772863 -0.29175158987442651 0.14356641283919733 -0.81030863285064703 0.78980307786361037 0.57258613051906715 -0.25934312030673029 -0.53957825357263745 -0.72645872018554003 0.61860716606561961 -0.76467593705281622 0.85456263313069947 0.79238915053697734 0.51029870070162275 -0.52870261009250374 -0.37964091267098082 -0.046959446015812104 0.43157019710835115 -0.43382118770054412 0.15656150189729839 0.052363459096677535 0.55706317098811275 -0.19143348534901938 1.1289333252310754 0.50780254772731237 0.014199010295933751 -0.0024206953787418678 -0.0034138969619440687 -0.054573528697406219 0.34303303056517409 0.68400844435262331 0.33408463898140495 0.070302955862757185 0.23962658817569416 0.035825293253430195 -0.024059842098714059 -0.085847417384549179 -0.37345675795242705 0.76858237925029949 -0.021915039355340213 -0.12983349890068727 0.63850495241808169 0.45790703010402228 0.18294396605470206 -0.068219020104684322 0.16771326610844928 0.46878767183848791 0.052485590288583531 0.7457100889086723 0.3258809784921457 -0.19281928980792012 0.36199775942159484 0.10331825286734338 -0.38415891999269236 0.55422246724367141 0.11855635758489372 0.65797111749649051 0.46464831297812259 -0.53793002344943863 0.33122914232853379 0.84197306372225289
leaf_weight=3756 1786 22 24 31 20 23 31 20 22 22 26 20 20 26 21 35 22 42 81 21 39 113 32 30 25 21 4093 2791 7551 127 131 34 109 389 24 608 4096 2057 29 21 23 27 33 38 292 1843 141 21 797 20 98 27 39 153 34 20 30 20 23 27 55 24
leaf_count=3756 1786 22 24 31 20 23 31 20 22 22 26 20 20 26 21 35 22 42 81 21 39 113 32 30 25 21 4093 2791 7551 127 131 34 109 389 24 608 4096 2057 29 21 23 27 33 38 292 1843 141 21 797 20 98 27 39 153 34 20 30 20 23 27 55 24
internal_value=0.00467122 0.0789005 0.0631821 0.133294 -0.230502 0.154141 0.137278 0.121136 0.171716 -0.0485154 0.0392185 -0.0653934 0.287852 0.257946 -0.0174206 -0.0668943 0.0186258 0.218582 0.399821 0.119219 0.175324 0.0921616 0.163745 0.341305 0.536394 0.0964872 -0.00288007 0.00347212 -0.00648174 0.0396091 0.154578 0.221655 0.0146749 0.0264661 0.17823 0.0113462 -0.0284255 -0.044716 -0.0321522 0.0271299 0.355368 0.241983 0.29668 0.130635 0.0835571 -0.0296616 0.00576105 0.124956 0.0035973 0.229133 0.287203 0.213842 0.0669246 0.0847696 -0.126041 0.155446 0.0473942 0.128789 -0.00350636 -0.192411 0.102625 0.525377
internal_weight=32176 2971 2771 941 51 890 867 836 644 192 170 144 399 379 245 224 189 353 125 228 207 167 145 115 64 51 29205 23606 18508 5098 523 396 9423 4575 362 9287 9085 6153 92 1830 44 136 200 482 900 5599 2932 63 8387 167 145 125 836 231 58 173 124 100 80 57 444 105
internal_count=32176 2971 2771 941 51 890 867 836 644 192 170 144 399 379 245 224 189 353 125 228 207 167 145 115 64 51 29205 23606 18508 5098 523 396 9423 4575 362 9287 9085 6153 92 1830 44 136 200 482 900 5599 2932 63 8387 167 145 125 836 231 58 173 124 100 80 57 444 105
is_linear=0
shrinkage=0.05


Tree=107
num_leaves=63
num_cat=0
split_feature=23 2 7 34 31 8 33 31 40 31 16 31 31 13 31 31 31 33 33 33 4 7 25 31 31 33 35 35 35 31 34 25 2 33 40 33 33 33 36 36 36 33 35 36 35 31 40 40 36 40 31 31 36 31 33 31 31 34 31 34 33 31
split_gain=6510.82 3671.44 2274.53 2468.82 2486.87 2376.3 3295.24 4581.93 4142.89 3322.09 2516.98 2332.33 2769.86 2059.59 2351.91 2997.16 2249.81 2110.01 2236.94 1936.34 1924.97 1997.84 3127.21 2824.31 3297.12 1835.76 2610.94 2989.3 2430.92 2151.31 1796.63 1764.44 2556.4 2032.8 1758 2098.33 1737.04 2016.77 1675.42 1667.03 1652.62 1800.43 1667.5 1648.26 1603.86 1497.27 1490.43 2313.75 1346.7 1339.88 1741.85 2681.96 1504.27 1346.34 1297.28 6059.2 10118.9 5153.55 3716.32 2951.94 2481.29 2746.15
threshold=1.0000000180025095e-35 1.0000000180025095e-35 1.0000000180025095e-35 87.350000000000009 388.85000000000008 1.0000000180025095e-35 144.40000000000003 404.95000000000005 1.5000000000000002 349.95000000000005 1.0000000180025095e-35 400.75000000000006 156.65000000000001 1.0000000180025095e-35 10.350000000000003 269.85000000000008 493.85000000000008 482.15000000000003 471.15000000000003 281.25000000000006 1.0000000180025095e-35 1.0000000180025095e-35 1.0000000180025095e-35 230.15000000000001 40.000000000000007 444.85000000000008 1020.4500000000002 1096.7500000000002 1187.8500000000001 201.65000000000001 323.15000000000003 1.0000000180025095e-35 1.0000000180025095e-35 323.05000000000007 1.5000000000000002 107.75000000000001 295.15000000000003 274.45000000000005 204.51666666666668 336.48750000000007 275.04166666666669 257.05000000000007 1279.4000000000003 195.6166666666667 634.05000000000007 275.75000000000006 1.5000000000000002 3.5000000000000004 416.75000000000006 1.0000000180025095e-35 75.15000000000002 138.15000000000001 305.71666666666675 359.55000000000007 19.750000000000004 400.75000000000006 444.75000000000006 23.150000000000002 332.05000000000007 363.2000000000001 336.85000000000008 138.15000000000001
decision_type=2 2 2 2 2 2 2 2 2 2 2 2 2 2 2 2 2 2 2 2 2 2 2 2 2 2 2 2 2 2 2 2 2 2 2 2 2 2 2 2 2 2 2 2 2 2 2 2 2 2 2 2 2 2 2 2 2 2 2 2 2 2
left_child=20 2 5 11 19 10 9 8 -8 38 13 12 -4 16 -15 34 17 18 25 -5 21 31 23 24 -23 26 54 45 -27 -29 -24 -1 44 -34 -16 -36 37 48 -7 49 -31 -42 -43 -37 -33 -28 -38 -48 -25 -3 -51 -52 53 -53 57 58 -57 -2 59 60 -56 -62
right_child=1 39 3 4 -6 6 7 -9 -10 -11 -12 -13 -14 14 15 -17 -18 -19 -20 -21 -22 22 30 36 -26 28 27 29 -30 40 -32 32 33 -35 35 43 46 -39 -40 -41 41 42 -44 -45 -46 -47 47 -49 -50 50 51 52 -54 -55 55 56 -58 -59 -60 -61 61 -63
leaf_value=0.0013631318225965751 0.0396657755852576 -0.14591771201653914 -0.176304110458919 0.0085175722837448117 0.92748173832893377 0.13545529888226435 -0.69850038669326098 0.69925028668208566 0.1154923462205463 -0.86101485416293144 0.60497877370743525 -0.31418294985747447 0.35699260126799348 0.70144953294233847 -0.42416334691501806 0.42945343360304833 0.47908201502587905 -0.36725186347030103 0.53222799986681868 0.61829883533975361 -0.042367799921207108 0.16095344682152457 0.1775666882683124 0.03679693180463077 -0.072565162975468722 0.025127562705208273 0.17106135219335558 0.54361892290737324 -0.64043581226597668 -0.39902695871889593 0.62550777669709468 -0.025382958828764943 0.02176672997842501 0.39349725831638688 0.37216800277431811 0.17160476240373793 0.0020678319262735774 -0.42381850873882121 -0.4172923587519547 0.60657970706621811 -0.2387540739277999 0.005098101223508518 0.45178558920922046 -0.44768774279139256 -0.11377537329879493 0.70802126348622751 0.66473249581176796 0.18938848534307909 0.19149007977748461 -0.13692018010399559 0.80839404839277273 0.19307161683386023 -0.1586490148305893 0.6486360943835715 -0.047816722453744326 -1.0786901480810982 0.066335163663986119 0.82951793159757337 0.38243812792934478 -0.54277945481813872 0.63019709442892391 -0.035330300369570335
leaf_weight=21449 1245 22 35 30 20 26 22 22 54 24 21 28 80 22 21 60 29 32 23 23 2773 182 161 955 892 34 20 23 23 20 26 1366 111 55 36 21 66 22 29 33 30 45 39 22 822 37 32 128 165 22 25 55 20 23 324 35 43 21 64 26 31 31
leaf_count=21449 1245 22 35 30 20 26 22 22 54 24 21 28 80 22 21 60 29 32 23 23 2773 182 161 955 892 34 20 23 23 20 26 1366 111 55 36 21 66 22 29 33 30 45 39 22 822 37 32 128 165 22 25 55 20 23 324 35 43 21 64 26 31 31
internal_value=0.00443766 0.0749555 0.060023 0.215823 0.452411 0.0468517 -0.129892 0.063807 -0.120137 -0.370177 0.0600071 0.0950464 0.194685 0.0551516 0.216727 0.150077 0.0416313 0.0357198 0.0418197 0.27314 -0.00273606 0.00142173 0.0427841 0.0276937 -0.0329931 0.0364254 0.044268 0.209473 -0.243433 0.0968734 0.239847 -0.00314667 -0.0442388 0.14493 -0.0175481 0.0905395 0.0753381 0.050274 -0.155993 0.281846 0.0201932 0.0937406 0.212489 -0.145243 -0.0585907 0.519614 0.20199 0.284457 0.0595865 0.217677 0.272843 0.346134 0.22821 0.327405 0.0248429 -0.0389706 -0.447458 0.0527676 0.0279664 -0.0270971 0.00763796 0.297433
internal_weight=32176 2971 2771 216 73 2555 177 98 76 79 2378 143 115 2357 182 160 2175 2146 2114 53 29205 26432 2629 2442 1074 2091 2034 214 57 157 187 23803 2354 166 100 79 1368 1142 55 200 134 114 84 43 2188 57 226 160 1120 167 145 123 98 78 1820 554 78 1266 476 412 386 62
internal_count=32176 2971 2771 216 73 2555 177 98 76 79 2378 143 115 2357 182 160 2175 2146 2114 53 29205 26432 2629 2442 1074 2091 2034 214 57 157 187 23803 2354 166 100 79 1368 1142 55 200 134 114 84 43 2188 57 226 160 1120 167 145 123 98 78 1820 554 78 1266 476 412 386 62
is_linear=0
shrinkage=0.05


Tree=108
num_leaves=63
num_cat=0
split_feature=23 2 32 35 36 35 33 31 36 32 33 31 31 31 32 31 36 33 11 35 31 10 36 32 32 21 32 7 25 11 2 36 33 33 34 36 36 31 31 36 36 33 25 2 11 35 36 31 34 34 36 36 35 33 40 32 32 32 35 32 35 35
split_gain=5876.01 3313.47 2530.55 2693.35 4143.4 3288.46 2268.71 2598.31 5044.54 4048.23 3557.89 4078.86 2478.55 2367.32 4406.58 2603.45 2442.28 7321.22 2234.57 3126.86 2782.58 2183.48 1981.49 2271.36 1958.74 2939.66 2106.2 1935.86 2945.79 2467.35 1933.5 1932.83 1849.73 2416.71 1786.36 2531.57 1685.39 1830.55 1844.75 1750.45 1504.49 1449.81 1344.91 3077.26 3082.03 3025.27 2891.89 1369.17 1316.69 2534.26 1894.2 1789.28 1287.94 1272.84 3296.37 4627.74 5320.37 4252.4 3072.44 2629.81 1704.26 2409.56
threshold=1.0000000180025095e-35 1.0000000180025095e-35 288.55000000000007 1397.9500000000003 362.04166666666669 1313.1500000000003 461.35000000000008 110.95000000000002 309.52500000000003 478.05000000000007 335.05000000000007 96.15000000000002 434.55000000000007 215.95000000000002 310.15000000000003 248.95000000000002 237.71000000000006 118.05000000000001 1.0000000180025095e-35 1122.0000000000002 244.95000000000002 1.0000000180025095e-35 327.63333333333338 458.65000000000003 448.55000000000007 1.0000000180025095e-35 362.45000000000005 1.0000000180025095e-35 1.0000000180025095e-35 1.0000000180025095e-35 1.0000000180025095e-35 258.24166666666673 83.050000000000011 303.30000000000001 432.10000000000008 248.08750000000001 440.65000000000003 40.000000000000007 221.95000000000002 237.71000000000006 336.48750000000007 10.65 1.0000000180025095e-35 1.0000000180025095e-35 1.0000000180025095e-35 958.55000000000007 323.02500000000003 430.35000000000008 350.25000000000006 16.950000000000003 215.17083333333335 235.65833333333336 607.45000000000016 361.75000000000006 3.5000000000000004 139.85000000000005 58.45000000000001 133.75000000000003 902.1500000000002 212.85000000000005 987.70000000000016 924.45000000000016
decision_type=2 2 2 2 2 2 2 2 2 2 2 2 2 2 2 2 2 2 2 2 2 2 2 2 2 2 2 2 2 2 2 2 2 2 2 2 2 2 2 2 2 2 2 2 2 2 2 2 2 2 2 2 2 2 2 2 2 2 2 2 2 2
left_child=21 2 34 5 -5 6 7 9 12 10 11 -4 13 14 -9 -15 17 41 19 20 -10 27 -22 -24 25 26 -17 42 29 30 36 -32 -18 -34 53 -36 37 -29 39 -39 48 -16 -1 44 45 -44 -46 -45 49 51 -51 -3 -23 60 57 56 -56 -55 -57 -60 61 -2
right_child=1 40 3 4 -6 -7 -8 8 18 -11 -12 -13 -14 15 16 24 32 -19 -20 -21 22 52 23 -25 -26 -27 -28 28 -30 -31 31 -33 33 -35 35 -37 -38 38 -40 -41 -42 -43 43 47 46 -47 -48 -49 -50 50 -52 -53 -54 54 55 58 -58 -59 59 -61 -62 -63
leaf_value=0.0012510930150343685 0.027887097267632367 0.48269951471260619 0.043505732811266379 -0.74714528850533757 0.16281609679090567 0.73399261495341428 0.54827230423839113 -0.29971052947498505 -0.51220154003663498 -0.68697417762807822 0.57214439729085331 -0.72596945464611062 0.81294588953256608 -0.19924175891470403 -0.031977055072784422 0.19261776848058954 0.53979781568050389 1.3346265907640813 0.47539452711741137 -0.49812012995992394 -0.35614993909204551 -0.012433362222828388 0.047788460559285852 0.52496889173053207 -0.19241714167098206 -0.012226804117767179 0.68862728233240089 0.14905598916385959 0.23325427515689842 0.2081523448969661 0.007073009338067926 0.33117986731332444 -0.31779881928648268 0.42408323365709055 0.73440295684905288 -0.024904888026092364 0.18690641940685743 -0.051807032728890069 0.016989445663145461 -0.25902590974592837 0.57625071860172539 0.57006395995616921 -0.049889823573660882 0.10603140723577004 0.059822399150580165 -0.24107352820837979 0.62193027660250666 0.5055130479931832 0.58741749331355098 -0.44770027208328256 0.20513521105051044 0.061840992275139561 -0.081259104229991649 -0.87634862065315255 -0.17495339870452883 -0.68061011252195946 0.90976786796863274 -0.051081610692513962 0.46098283439874649 -0.28429123666779749 0.30019715343202868 -0.44019637980631421
leaf_weight=21482 1520 56 124 22 29 23 31 21 22 22 26 20 20 47 20 38 40 27 21 35 22 1427 113 32 24 49 49 164 188 176 92 92 21 23 21 23 114 619 1056 122 33 20 1788 151 150 234 27 25 20 25 20 46 1298 27 20 23 26 37 20 29 56 28
leaf_count=21482 1520 56 124 22 29 23 31 21 22 22 26 20 20 47 20 38 40 27 21 35 22 1427 113 32 24 49 49 164 188 176 92 92 21 23 21 23 114 619 1056 122 33 20 1788 151 150 234 27 25 20 25 20 46 1298 27 20 23 26 37 20 29 56 28
internal_value=0.00421578 0.0712077 0.0570218 0.123655 -0.229716 0.143904 0.12825 0.112675 0.160806 -0.0487623 0.0338299 -0.0633658 0.270462 0.241835 0.378923 0.127926 0.473303 0.698458 -0.0177778 -0.0640127 0.0163776 -0.00259926 0.0860108 0.153097 0.224032 0.297523 0.471979 0.00178646 0.042558 0.0278348 0.0137862 0.169126 0.293715 0.0700032 0.0227586 0.337492 1.13997e-05 -0.0108535 -0.0254473 -0.085924 0.267753 0.269043 -0.00269624 -0.0384001 -0.0545015 -0.0720149 0.145568 0.162776 0.206793 0.155007 -0.157551 0.292901 -0.0452171 0.0150048 -0.110304 0.0464074 0.43815 -0.399241 -0.203873 0.0199023 0.0292231 0.0194205
internal_weight=32176 2971 2771 941 51 890 867 836 644 192 170 144 399 379 172 207 151 67 245 224 189 29205 167 145 160 136 87 26480 2623 2435 2259 184 84 44 1830 44 2075 1961 1797 741 200 40 23857 2375 2199 2022 177 176 167 147 45 102 2725 1786 182 118 46 64 72 49 1604 1548
internal_count=32176 2971 2771 941 51 890 867 836 644 192 170 144 399 379 172 207 151 67 245 224 189 29205 167 145 160 136 87 26480 2623 2435 2259 184 84 44 1830 44 2075 1961 1797 741 200 40 23857 2375 2199 2022 177 176 167 147 45 102 2725 1786 182 118 46 64 72 49 1604 1548
is_linear=0
shrinkage=0.05


Tree=109
num_leaves=63
num_cat=0
split_feature=23 2 32 9 8 34 33 35 33 33 31 31 35 32 31 35 35 34 32 31 35 10 28 35 31 32 32 35 35 34 40 32 34 34 35 31 31 40 21 7 8 34 34 34 35 32 33 38 32 32 22 34 35 40 39 31 40 40 31 35 31 31
split_gain=5303.1 2990.41 2283.82 2529.58 3063.57 2542 5430.27 2262.81 5643.83 2510.84 4042.01 5574.05 3515.26 3241.06 5608.59 2875.45 4757.36 2815.68 2967.96 3323.97 2266.54 1970.59 1994.27 3596.41 1900.81 1868.8 1969.34 2252.12 1829.54 5261.17 1816.38 3828.23 1699.88 1612.19 1585.78 1543.59 3189.02 1413.19 1296.68 1668.54 1691.42 1282.55 1231.46 3488.66 1339.51 2052.13 1975.1 1223.79 2857.36 3783.63 2029.51 2239.71 1522.98 1201.56 1194.59 1330.22 1194.22 1558.57 1171.24 4133.5 3180.22 3329.43
threshold=1.0000000180025095e-35 1.0000000180025095e-35 288.55000000000007 1.0000000180025095e-35 1.0000000180025095e-35 69.550000000000011 178.45000000000002 1397.9500000000003 395.45000000000005 341.05000000000007 113.05000000000001 89.550000000000011 1170.4500000000003 434.75000000000006 175.35000000000005 987.70000000000016 1140.1000000000001 7.6500000000000012 402.85000000000008 300.15000000000003 557.30000000000007 1.0000000180025095e-35 1.0000000180025095e-35 685.05000000000007 269.85000000000008 450.65000000000003 466.85000000000008 909.35000000000014 747.75000000000011 19.850000000000005 3.5000000000000004 460.75000000000006 401.75000000000006 432.10000000000008 112.95000000000002 446.65000000000003 408.75000000000006 5.5000000000000009 1.0000000180025095e-35 1.0000000180025095e-35 1.0000000180025095e-35 28.350000000000005 5.1500000000000012 308.30000000000001 667.90000000000009 131.45000000000002 277.85000000000008 1.0000000180025095e-35 238.15000000000001 87.750000000000014 1.0000000180025095e-35 12.15 548.05000000000007 5.5000000000000009 1.0000000180025095e-35 150.65000000000001 1.5000000000000002 4.5000000000000009 181.95000000000002 552.6500000000002 83.65000000000002 19.150000000000002
decision_type=2 2 2 2 2 2 2 2 2 2 2 2 2 2 2 2 2 2 2 2 2 2 2 2 2 2 2 2 2 2 2 2 2 2 2 2 2 2 2 2 2 2 2 2 2 2 2 2 2 2 2 2 2 2 2 2 2 2 2 2 2 2
left_child=21 2 33 4 7 6 -5 9 -9 10 11 30 13 17 -15 -11 -17 18 20 -20 -12 22 38 34 -19 -16 -27 -28 -6 -30 -4 37 53 47 -24 36 -22 -32 41 -40 -41 -1 44 -44 45 -3 -46 58 49 -49 51 52 -51 -25 -23 -56 -34 -58 59 -2 61 -61
right_child=1 42 3 5 28 -7 -8 8 -10 15 12 -13 -14 14 25 16 -18 24 19 -21 35 54 23 32 -26 26 27 -29 29 -31 31 -33 56 -35 -36 -37 -38 -39 39 40 -42 -43 43 -45 46 -47 -48 48 -50 50 -52 -53 -54 -55 55 -57 57 -59 -60 60 -62 -63
leaf_value=-0.0062931617847298924 0.038059643869303904 0.56981700181961059 0.31193649156226055 0.65018008471067468 -0.55732710933685303 0.67143136736674192 -0.31799742857615154 0.34878603838384153 -0.83905174911022196 0.74704412285125621 0.49643850922584537 -0.78081091841061911 -0.35212816377480827 1.0968316230773927 0.67820791453123097 -0.24208309770458275 0.50564137794650521 0.19513296919564407 -0.67515225868958695 0.11692617634932201 0.11360759299110484 -0.022499370974732577 -0.18819498961622066 0.055825015014955862 0.85513403594493875 -0.20512843970899231 0.71167451654161729 -0.0044990934755491175 0.39562606523113869 -0.56882723065523011 0.36243520743317076 -0.67629160420461143 0.01480044724047184 0.32061743417924105 0.0088148765372867682 0.48526137322187424 -0.51188906431198122 -0.14023590180380593 0.0087869895234261135 0.12905687448073258 -0.21774943251358836 -0.059916765302072163 -0.15334609703719615 0.52867636645833649 0.90654139789668009 0.0001480996608734131 0.28281518692771596 -0.58342254464514554 -0.56719949862052654 -0.09313012719154358 0.55217049121856687 -0.28765076664653988 0.48722479939460756 0.1763408867311419 -0.20779252373143053 -0.056836413799340395 0.7453140330811342 0.25351107290812902 0.056463576055095478 -0.39440623447299006 -0.53041772966201495 0.45715728673067962
leaf_weight=16108 417 25 36 28 25 39 30 20 20 33 38 27 30 25 20 36 52 24 26 27 135 1972 110 647 20 27 21 23 31 26 27 22 25 44 1430 20 24 29 6077 470 38 1198 50 30 22 43 30 24 29 20 21 37 26 304 198 555 24 49 1101 24 65 22
leaf_count=16108 417 25 36 28 25 39 30 20 20 33 38 27 30 25 20 36 52 24 26 27 135 1972 110 647 20 27 21 23 31 26 27 22 25 44 1430 20 24 29 6077 470 38 1198 50 30 22 43 30 24 29 20 21 37 26 304 198 555 24 49 1101 24 65 22
internal_value=0.00400499 0.0676473 0.0541707 0.117472 0.0896805 0.359288 0.149399 0.12093 -0.245133 0.14121 0.0993729 -0.134835 0.171163 0.207671 0.433519 0.349015 0.199754 0.124237 0.0637949 -0.271641 0.145722 -0.0024693 0.00169713 0.0433796 0.495133 0.25129 0.131031 0.337311 -0.200711 -0.0443 0.0181597 -0.11743 0.114782 0.0216207 -0.00525726 0.0712677 0.019193 0.102123 -0.00281988 0.0160639 0.103115 -0.0100052 0.254366 0.102412 0.355668 0.209585 0.546699 0.0142546 -0.119065 -0.0175344 0.113055 0.00195378 0.234897 0.0943495 -0.0429563 -0.0965301 0.313057 0.4152 0.0271036 -0.0341185 -0.305274 0.0128633
internal_weight=32176 2971 2771 941 844 97 58 762 40 722 601 141 460 430 116 121 88 314 270 53 217 29205 26480 2589 44 91 71 44 82 57 114 78 1049 1830 1540 179 159 56 23891 6585 508 17306 200 80 120 68 52 1786 157 128 104 83 46 951 2725 753 98 73 1629 528 111 46
internal_count=32176 2971 2771 941 844 97 58 762 40 722 601 141 460 430 116 121 88 314 270 53 217 29205 26480 2589 44 91 71 44 82 57 114 78 1049 1830 1540 179 159 56 23891 6585 508 17306 200 80 120 68 52 1786 157 128 104 83 46 951 2725 753 98 73 1629 528 111 46
is_linear=0
shrinkage=0.05


Tree=110
num_leaves=63
num_cat=0
split_feature=40 40 40 40 39 36 35 31 35 9 35 9 31 35 10 31 11 36 21 25 36 31 36 33 33 35 18 33 33 13 36 33 23 23 35 31 33 36 33 33 9 35 29 31 40 33 23 31 36 31 15 4 36 4 39 33 23 36 36 23 31 31
split_gain=2419.63 4946.71 5440.94 5578.64 6445.77 4071.9 4057.3 3249.57 2732.85 2678.44 2059.53 2040.22 2750.44 2031.57 2050.58 1920.71 1681.21 1839.29 2538.08 1645.06 1744.06 1824.23 1861.51 1565.95 2151.98 1544.89 3464.13 1784.38 1540.9 1532.92 1625.5 1507.13 2296.43 1491.4 4676.86 2452.91 1694.02 1851.44 1394.46 1369.76 1339.37 1279 1263.83 3360.14 1466.58 1760.47 2562.94 4243.97 4296.13 1598.48 1257.23 1255.18 1518.8 1219.57 1210.97 1575.79 1933.83 1134.42 1122.66 2215.01 4672.87 3343.39
threshold=5.5000000000000009 4.5000000000000009 1.5000000000000002 2.5000000000000004 1.0000000180025095e-35 364.8250000000001 765.35000000000002 378.65000000000003 548.05000000000007 1.0000000180025095e-35 1122.0000000000002 1.0000000180025095e-35 224.05000000000004 474.4500000000001 1.0000000180025095e-35 345.95000000000005 1.0000000180025095e-35 305.71666666666675 1.0000000180025095e-35 1.0000000180025095e-35 106.21250000000002 83.65000000000002 179.28000000000003 65.950000000000017 140.75000000000003 1279.4000000000003 1.0000000180025095e-35 482.15000000000003 185.65000000000001 1.0000000180025095e-35 160.0291666666667 365.95000000000005 1.0000000180025095e-35 1.0000000180025095e-35 415.05000000000007 113.05000000000001 7.1500000000000012 245.81250000000003 409.65000000000003 446.85000000000008 1.0000000180025095e-35 639.85000000000014 1.0000000180025095e-35 458.45000000000005 3.5000000000000004 449.00000000000006 1.0000000180025095e-35 384.75000000000006 256.81666666666672 156.65000000000001 1.0000000180025095e-35 1.0000000180025095e-35 296.12500000000006 1.0000000180025095e-35 1.0000000180025095e-35 434.15000000000003 1.0000000180025095e-35 166.41000000000003 303.91666666666674 1.0000000180025095e-35 450.45000000000005 213.95000000000002
decision_type=2 2 2 2 2 2 2 2 2 2 2 2 2 2 2 2 2 2 2 2 2 2 2 2 2 2 2 2 2 2 2 2 2 2 2 2 2 2 2 2 2 2 2 2 2 2 2 2 2 2 2 2 2 2 2 2 2 2 2 2 2 2
left_child=1 2 -1 4 11 7 -7 15 33 16 29 -4 -13 -5 25 19 50 18 -18 20 -6 22 -22 -16 -25 27 40 42 -9 31 -31 32 -11 -3 -35 -36 37 -37 -33 -40 -27 -34 44 -44 45 46 -15 48 49 -48 -2 52 -12 -23 -10 58 -57 -20 59 -56 61 -61
right_child=9 8 3 13 5 6 -8 28 54 10 51 12 -14 14 23 -17 17 -19 57 -21 21 53 -24 24 -26 26 -28 -29 -30 30 -32 38 41 34 35 36 -38 -39 39 -41 -42 -43 43 -45 -46 -47 47 -49 -50 -51 -52 -53 -54 -55 55 56 -58 -59 -60 60 -62 -63
leaf_value=-0.02251751441984267 0.0040360696955430526 -0.026519239505134608 0.0085310261682675533 -0.007999647679322831 -0.051918077104621464 0.28499334901571277 0.98689962731940417 0.68468414389973753 -0.045514509383737953 0.052932659524613138 0.11343440759228543 -0.031073142960667613 0.54179505221545698 0.099311147923581311 0.074864408043451111 -0.23799373460312687 -0.02370301404773955 0.19674760027417629 -0.0068343157659877434 0.0010754519626498223 0.25798663753271106 0.18097940969236076 0.87447535457710424 -0.53360698136190576 -0.079331568170376315 0.29756843056224408 -0.2593102077245712 0.38215985175310857 0.20311551415003262 0.038244867824983819 0.568902394271666 -0.39903637784900092 0.065566555857658387 -0.074674747168502351 0.82471372430974788 0.69475533485412599 -0.15723607256298974 0.13776230530158892 0.25874168166407835 -0.27967922573997861 0.76906944572925573 0.56425957530736925 0.0084833307329090814 -0.59800986194610595 0.028923548956052522 -0.30989800808222401 0.82194263696670533 0.95289757500092187 -0.3102154752722493 0.19735906180881321 0.25550311125814912 -0.026615489824958472 0.54524439647793776 0.59177212566137316 -0.11733432988810055 -0.054851203304181084 0.37657654836322324 0.25985552557487174 -0.062509226381742208 -0.45466428838463302 -1.0077247823987689 -0.05005758349168099
leaf_weight=7502 8405 3836 716 3451 45 50 35 46 1155 674 32 40 44 650 137 30 509 236 55 100 25 187 24 30 199 61 25 42 26 27 31 33 20 159 22 25 21 37 27 21 20 36 264 25 999 23 20 24 27 21 50 23 56 20 687 122 33 145 408 90 21 118
leaf_count=7502 8405 3836 716 3451 45 50 35 46 1155 674 32 40 44 650 137 30 509 236 55 100 25 187 24 30 199 61 25 42 26 27 31 33 20 159 22 25 21 37 27 21 20 36 264 25 999 23 20 24 27 21 50 23 56 20 687 122 33 145 408 90 21 118
internal_value=0.000947477 -0.00857106 0.00749489 0.0378963 0.128256 0.253937 0.574014 0.199848 -0.0441385 0.0207933 0.099455 0.0358803 0.269001 0.0170557 0.0507394 0.147905 0.0125925 0.0758421 0.0355971 0.176775 0.235147 0.285608 0.55994 -0.0588491 -0.138844 0.0689626 0.255192 0.05954 0.510784 0.0735494 0.321872 0.0557902 0.0784949 -0.0186081 0.096343 0.355313 0.230893 0.362356 -0.148833 0.0231825 0.413988 0.386155 0.0529399 -0.0439815 0.0688188 0.120917 0.134271 0.381273 0.179523 0.502034 0.00552316 0.302265 0.388223 0.22067 -0.0838783 -0.113838 0.0370012 0.186516 -0.131496 -0.162224 -0.296894 -0.225128
internal_weight=32022 21642 14908 7406 1388 588 85 503 6734 10380 980 800 84 6018 2567 431 9400 945 709 401 301 256 49 366 229 2201 106 2095 72 869 58 811 730 4100 264 105 83 62 81 48 81 56 2053 289 1764 765 742 92 68 41 8455 111 88 207 2634 1479 155 200 1324 916 229 208
internal_count=32022 21642 14908 7406 1388 588 85 503 6734 10380 980 800 84 6018 2567 431 9400 945 709 401 301 256 49 366 229 2201 106 2095 72 869 58 811 730 4100 264 105 83 62 81 48 81 56 2053 289 1764 765 742 92 68 41 8455 111 88 207 2634 1479 155 200 1324 916 229 208
is_linear=0
shrinkage=0.05


Tree=111
num_leaves=63
num_cat=0
split_feature=6 32 9 35 11 31 39 31 32 32 32 31 35 35 32 7 36 4 35 31 2 36 25 32 33 32 35 4 33 36 8 35 32 33 31 33 33 28 38 39 28 32 32 33 32 32 35 2 35 32 36 36 31 32 33 33 35 33 36 7 33 33
split_gain=2369.64 2349.63 4019.49 3896.48 2865.76 1876.69 1936.65 1708.24 1624.19 3539.53 2998.3 1909.83 2437.22 3282.74 2061.06 1823.15 1941.37 1577.15 2082.99 1364.4 1340.64 2476.89 1310.92 1445.11 1913.61 1865.93 1479.5 1309.28 1638.5 1366.19 1273.65 1749.94 1259.54 1203.64 1185.93 1758.47 1535.68 1108.15 1100.44 1088.84 1753.77 1748.9 1411.48 1592.05 1056.97 1208.68 1350.27 1750.23 1314.55 1076.1 1041.52 1026.13 1019.89 1430.15 1004.86 1363.54 995.006 992.89 988.932 1202.14 985.791 1274.46
threshold=1.0000000180025095e-35 283.95000000000005 1.0000000180025095e-35 1531.0000000000002 1.0000000180025095e-35 54.150000000000013 1.0000000180025095e-35 378.65000000000003 29.850000000000005 1.0000000180025095e-35 131.45000000000002 454.25000000000006 832.35000000000025 598.1500000000002 85.750000000000014 1.0000000180025095e-35 219.77083333333334 1.0000000180025095e-35 1187.8500000000001 460.75000000000006 1.0000000180025095e-35 233.41666666666669 1.0000000180025095e-35 394.35000000000008 64.050000000000011 434.75000000000006 477.25000000000006 1.0000000180025095e-35 461.35000000000008 263.94166666666672 1.0000000180025095e-35 1279.4000000000003 102.85000000000001 230.95000000000002 40.000000000000007 465.45000000000005 420.75000000000006 1.0000000180025095e-35 1.0000000180025095e-35 1.0000000180025095e-35 1.0000000180025095e-35 317.55000000000007 456.35000000000008 183.15000000000001 442.25000000000006 422.85000000000008 1170.4500000000003 1.0000000180025095e-35 1110.2000000000003 335.75000000000006 318.92500000000001 195.6166666666667 175.35000000000005 392.85000000000008 55.850000000000001 77.350000000000009 880.85000000000002 349.40000000000003 241.15833333333336 1.0000000180025095e-35 23.150000000000002 134.25000000000003
decision_type=2 2 2 2 2 2 2 2 2 2 2 2 2 2 2 2 2 2 2 2 2 2 2 2 2 2 2 2 2 2 2 2 2 2 2 2 2 2 2 2 2 2 2 2 2 2 2 2 2 2 2 2 2 2 2 2 2 2 2 2 2 2
left_child=1 8 4 17 5 6 37 34 9 19 11 -10 13 14 -13 -11 60 30 -19 -1 -7 52 23 51 26 -26 -25 -12 29 -29 31 54 -16 -27 -6 36 -36 -3 -31 -2 42 -42 44 -44 45 46 48 49 -41 -48 -9 -8 -22 -54 56 -56 -4 -32 -23 -60 -17 -62
right_child=39 2 3 -5 7 20 22 50 10 15 27 12 -14 -15 32 16 -18 18 -20 -21 21 58 -24 24 25 33 -28 28 -30 38 57 -33 -34 -35 35 -37 -38 -39 -40 40 41 -43 43 -45 -46 -47 47 -49 -50 -51 -52 -53 53 -55 55 -57 -58 -59 59 -61 61 -63
leaf_value=-0.0084271557437004298 -0.021050337512404899 -0.015631897946384532 0.16566224429950072 0.81630536139011378 0.21796286667883399 -0.023912679368420287 0.22153228637133099 0.35692940790249017 -0.051151178009711029 0.049610887777038294 0.011759828418557746 -0.37757979876433434 0.023684447342529894 -0.64471844497556785 0.31367143673392445 0.27979908737269316 0.45009296382295672 0.041586417346805724 -0.5201998402142809 0.056628774426409123 -0.23479308278373121 0.42166709446388745 -0.012264540568484288 0.3359956012448917 0.56044596202671526 -0.29399733358905433 0.86268868036568169 -0.032859210975732564 0.36116572875868191 -0.24781848252750935 -0.14017603253083888 0.46014466429637235 -0.17848613351010359 0.24133433209998267 0.030343837123977299 -0.40737901926040654 0.44842108818499943 0.19763774756874358 0.093287248279999152 -0.073609234868887471 -0.063500097757432525 0.43417532823739519 -0.51842818743593644 -0.077670233249664322 0.22200280328591668 -0.3922966329437314 -0.61353825317187749 0.072592032104730614 0.2828351920746543 -0.16801554638406505 0.13088102177754651 -0.077211667533884656 0.16527525690365949 -0.30278342105448247 -0.31659041625403228 0.099237175350603848 0.44261838177012075 0.26127064362168312 0.058372973499775951 0.28332696767414317 -0.31029575207959054 0.1151577017903328
leaf_weight=11274 2002 469 327 20 100 3654 74 87 2421 2108 4263 52 80 51 26 55 58 77 21 868 89 23 76 30 20 21 24 472 22 152 67 44 26 21 488 22 23 70 28 616 41 31 42 40 27 33 33 25 27 23 123 47 51 24 21 322 36 20 469 68 23 75
leaf_count=11274 2002 469 327 20 100 3654 74 87 2421 2108 4263 52 80 51 26 55 58 77 21 868 89 23 76 30 20 21 24 472 22 152 67 44 26 21 488 22 23 70 28 616 41 31 42 40 27 33 33 25 27 23 123 47 51 24 21 322 36 20 469 68 23 75
internal_value=0.000900103 0.00522473 0.0304006 0.125755 0.0154059 0.0016163 0.0695106 0.100957 -0.00279814 0.0070341 -0.0215238 -0.0643608 -0.200448 -0.316129 -0.154994 0.063637 0.203765 0.110984 -0.0787964 -0.00377648 -0.0115966 0.0505624 0.168434 0.226379 0.352478 0.162952 0.570081 0.00152155 -0.0632348 -0.0775551 0.133204 0.154211 0.0675927 -0.0263315 0.0599612 0.0303173 0.0491614 0.0120655 -0.194758 -0.0418784 -0.0863322 0.150777 -0.106046 -0.303424 -0.0854015 -0.0963657 -0.0828772 -0.275263 -0.0586419 -0.430556 0.22453 0.105491 -0.120331 0.0154965 0.135144 0.0737783 0.193129 -0.0478894 0.10061 0.0868588 0.110385 0.0153064
internal_weight=32022 29082 7028 955 6073 5230 852 843 22054 14461 7593 2656 235 155 104 2319 211 935 98 12142 4378 724 313 237 116 62 54 4937 674 652 837 750 52 42 633 533 511 539 180 2940 938 72 866 82 784 757 724 81 643 56 210 121 164 75 706 343 363 87 560 537 153 98
internal_count=32022 29082 7028 955 6073 5230 852 843 22054 14461 7593 2656 235 155 104 2319 211 935 98 12142 4378 724 313 237 116 62 54 4937 674 652 837 750 52 42 633 533 511 539 180 2940 938 72 866 82 784 757 724 81 643 56 210 121 164 75 706 343 363 87 560 537 153 98
is_linear=0
shrinkage=0.05


Tree=112
num_leaves=63
num_cat=0
split_feature=23 34 20 35 35 32 32 32 35 6 32 34 34 32 34 8 36 28 32 32 35 10 35 36 36 36 36 36 33 36 35 35 36 35 32 35 35 33 36 33 33 34 33 0 4 34 32 24 11 32 32 32 35 35 33 25 33 35 36 35 36 32
split_gain=2255.91 2539.83 2509.98 2284.14 1869.13 1852.69 3326.38 2439.9 2168.24 1750.26 4168.38 2341 4808.64 4486.63 4701.15 2044.1 3931.22 2228.82 4874.37 2877.63 4288.81 3516.04 2560.34 4757.72 2204.3 2662.52 7252.3 4268.15 2096.53 2038.11 2775.15 2679.34 2033.69 2010.58 2562.17 3718.45 2324.97 2224.77 2004.88 3248.95 1893.01 1705.71 2170.25 1673.01 2657.26 2310.87 1774.07 1609.4 1941.66 2543.06 1553.37 1986.52 1478.7 3312.74 1596.9 1427.54 1411.72 1383 3888.25 2332.44 1278.13 1273.71
threshold=1.0000000180025095e-35 488.60000000000008 1.0000000180025095e-35 987.70000000000016 428.85000000000008 23.250000000000004 94.050000000000011 1.4500000000000002 307.85000000000008 1.0000000180025095e-35 456.35000000000008 297.05000000000007 265.15000000000003 81.350000000000009 363.2000000000001 1.0000000180025095e-35 204.51666666666668 1.0000000180025095e-35 444.35000000000008 433.05000000000007 607.45000000000016 1.0000000180025095e-35 838.80000000000018 194.51250000000002 158.61000000000001 203.41000000000003 209.12916666666669 198.01000000000002 79.350000000000009 331.81666666666672 933.35000000000025 747.75000000000011 200.11000000000004 685.05000000000007 456.35000000000008 812.6500000000002 978.05000000000007 251.35000000000005 212.78750000000005 370.25000000000006 351.35000000000008 2.5500000000000003 118.05000000000001 1.0000000180025095e-35 1.0000000180025095e-35 27.400000000000002 274.55000000000007 1.0000000180025095e-35 1.0000000180025095e-35 292.45000000000005 195.95000000000002 366.15000000000003 753.45000000000016 587.85000000000014 12.750000000000002 1.0000000180025095e-35 451.15000000000003 998.25000000000011 284.0125000000001 1279.4000000000003 349.91250000000008 263.75000000000006
decision_type=2 2 2 2 2 2 2 2 2 2 2 2 2 2 2 2 2 2 2 2 2 2 2 2 2 2 2 2 2 2 2 2 2 2 2 2 2 2 2 2 2 2 2 2 2 2 2 2 2 2 2 2 2 2 2 2 2 2 2 2 2 2
left_child=47 2 4 -4 5 7 8 -2 -7 11 38 12 15 -13 40 17 -17 19 22 21 -21 24 23 -19 41 27 -27 52 -25 30 31 -18 -23 -22 37 -36 -37 -35 -11 -40 -15 42 -6 44 45 -28 -46 48 55 56 -34 -52 53 54 -26 -1 -50 -16 -59 -60 -61 -24
right_child=1 -3 3 -5 9 6 -8 -9 -10 10 -12 13 -14 14 57 16 29 18 -20 20 33 32 61 28 25 26 43 -29 -30 -31 -32 -33 50 34 35 36 -38 -39 39 -41 -42 -43 -44 -45 46 -47 -48 -49 49 -51 51 -53 -54 -55 -56 -57 -58 58 59 60 -62 -63
leaf_value=5.6639221848026885e-05 0.0096233441611483297 -0.51913174390792849 -0.72193164229393014 -0.011194453245172134 0.19875170433962788 -0.16197442264854911 -0.0061130745146009656 0.34364517282267087 -0.67508902200630738 -0.2325560428594288 -0.74476822728291159 0.8038622871521981 -0.50637116909027102 0.32219617155690994 -0.28986888911042896 0.4282336067822245 -0.48544827988371253 0.4097132973048998 -0.80765077829360965 0.84075868591185543 -0.23399473480556324 -0.53923462927341459 -0.031015905737876895 -0.16261339510480566 -0.18728937015489297 1.0561621387799582 0.13866504279795019 -0.74622611687296914 -0.85576231777667999 0.19847356587648393 -0.84356553066860551 0.20538953971862794 0.31871589819590251 -0.35481590747833258 0.95652926762898771 -0.06185733016772086 0.51089593836584613 0.34327518031710674 0.28374134627697262 -0.26583401591173911 0.90117775134742262 0.088002360833657756 0.81665467500686661 -0.33783465325832368 -0.43626178512349728 0.58235922032786958 0.057902285598573237 -0.039611002893543183 -0.00019417664602664191 0.11635883466399546 -0.43952972292900089 0.17767127246003261 0.27970034189713305 -0.45028826793034871 0.29520638547045119 -0.040770354868703285 0.23208468772397339 0.61206295004487044 -0.57082153916358946 0.34085079554630365 -0.1756172013282776 0.46917680489165448
leaf_weight=21328 527 20 20 26 27 50 225 61 35 57 20 31 35 48 35 27 32 23 20 31 23 29 20 24 27 21 550 21 20 20 22 25 21 25 24 34 37 21 92 38 20 37 30 20 32 31 42 2773 1720 790 32 22 39 39 47 2380 68 25 20 23 25 35
leaf_count=21328 527 20 20 26 27 50 225 61 35 57 20 31 35 48 35 27 32 23 20 31 23 29 20 24 27 21 550 21 20 20 22 25 21 25 24 34 37 21 92 38 20 37 30 20 32 31 42 2773 1720 790 32 22 39 39 47 2380 68 25 20 23 25 35
internal_value=0.000855098 0.0424156 0.0462318 -0.320211 0.0520503 -0.00787129 -0.106782 0.0442753 -0.373257 0.0789686 -0.0586886 0.0948698 0.0731049 0.244923 0.15652 0.0863609 -0.106558 0.103674 -0.0841317 0.124806 0.301419 0.092529 0.0344779 -0.173053 0.122357 0.0974768 0.141111 -0.0780682 -0.477681 -0.25241 -0.366558 -0.182449 -0.183663 0.199471 0.270178 0.418492 0.23662 -0.0361222 0.0146889 0.123096 0.492485 0.352362 0.523964 0.112643 0.126398 0.162339 -0.15579 -0.00338262 0.000439238 0.0416491 -0.0461753 -0.188077 0.0142431 -0.0773748 0.119161 -0.0040419 0.0086397 -0.021962 0.0788632 -0.117166 0.071857 0.287289
internal_weight=32022 2963 2943 46 2897 898 310 588 85 1999 207 1792 1565 227 196 1530 126 1404 142 1262 195 1067 122 67 963 869 696 173 44 99 79 57 104 164 141 95 71 46 187 130 68 94 57 675 655 581 74 29059 26286 2578 75 54 152 113 74 23708 1788 128 93 68 48 55
internal_count=32022 2963 2943 46 2897 898 310 588 85 1999 207 1792 1565 227 196 1530 126 1404 142 1262 195 1067 122 67 963 869 696 173 44 99 79 57 104 164 141 95 71 46 187 130 68 94 57 675 655 581 74 29059 26286 2578 75 54 152 113 74 23708 1788 128 93 68 48 55
is_linear=0
shrinkage=0.05


Tree=113
num_leaves=63
num_cat=0
split_feature=21 36 32 33 7 40 40 40 34 33 36 7 31 39 10 34 32 23 32 31 33 33 20 31 31 31 34 33 31 5 34 31 34 32 32 32 32 31 36 36 36 36 12 36 7 32 31 2 32 33 33 32 32 36 34 32 31 36 31 7 13 31
split_gain=2257.21 2120.32 2294.45 2904.31 2246.77 1792.04 2413.77 2800.62 2904.11 3199.33 2083.14 2370.23 1818.48 2320.63 1509.5 1821.5 1487.85 1346.06 3348.61 7675.59 4950.5 3363.72 4257.62 2762.92 3209.5 2613.19 2564.5 2208.29 2207.61 2282.18 3566.29 2034.78 4040.02 4253.31 2902.31 5029.47 2339.99 2295.05 2644.96 2789 1751.87 1484.38 1440.78 1487.81 1404.08 1318.93 1285.41 1272.56 1262.27 1207.35 1203.66 1654.71 3592.24 3105.04 1590.05 1201.92 1197.8 1162.2 1566.74 1159.71 1139.68 1410.19
threshold=1.0000000180025095e-35 362.04166666666669 496.55000000000007 53.650000000000013 1.0000000180025095e-35 5.5000000000000009 4.5000000000000009 1.5000000000000002 372.90000000000003 53.650000000000013 174.31250000000006 1.0000000180025095e-35 456.45000000000005 1.0000000180025095e-35 1.0000000180025095e-35 419.85000000000008 145.65000000000001 1.0000000180025095e-35 158.25000000000003 466.85000000000008 463.55000000000007 420.75000000000006 1.0000000180025095e-35 450.45000000000005 428.45000000000005 436.65000000000003 419.85000000000008 98.350000000000009 404.95000000000005 1.0000000180025095e-35 297.05000000000007 160.85000000000005 19.850000000000005 333.65000000000003 420.85000000000008 446.55000000000007 396.45000000000005 142.45000000000002 275.04166666666669 215.17083333333335 151.95833333333337 178.11250000000004 1.0000000180025095e-35 162.61250000000004 1.0000000180025095e-35 464.85000000000008 300.15000000000003 1.0000000180025095e-35 322.25000000000006 283.45000000000005 196.95000000000002 63.150000000000013 94.050000000000011 139.48333333333338 16.950000000000003 304.35000000000008 326.15000000000003 192.21666666666673 230.15000000000001 1.0000000180025095e-35 1.0000000180025095e-35 430.35000000000008
decision_type=2 2 2 2 2 2 2 2 2 2 2 2 2 2 2 2 2 2 2 2 2 2 2 2 2 2 2 2 2 2 2 2 2 2 2 2 2 2 2 2 2 2 2 2 2 2 2 2 2 2 2 2 2 2 2 2 2 2 2 2 2 2
left_child=1 2 14 -4 47 6 7 -2 12 -10 -7 -12 59 -14 17 16 -16 42 19 25 21 22 23 24 26 28 31 -25 29 30 50 32 37 -34 36 -36 -33 38 39 40 -20 -42 60 -44 -45 -37 -11 -3 -6 -17 51 -19 53 -53 57 -43 -54 -52 -59 -9 61 -1
right_child=5 4 3 -5 48 10 -8 8 9 46 11 -13 13 -15 15 49 -18 18 20 -21 -22 -23 -24 27 -26 -27 -28 -29 -30 -31 -32 34 33 -35 35 45 -38 -39 -40 -41 41 55 43 44 -46 -47 -48 -49 -50 -51 54 52 56 -55 -56 -57 -58 58 -60 -61 -62 -63
leaf_value=-0.021014128062783993 -0.013551352850996873 0.0039826562795613014 0.020971926452162174 -0.7338076856061817 0.058208498358726504 0.017522585978038383 -0.042791468291103939 0.031548452539764668 0.84682802826814041 0.045052015049415722 0.081481734165569877 0.30977834507119001 0.095402673519167466 0.58273317135042613 0.0012522768233367036 -0.48979631700576881 -0.086080524049227933 0.0073801954495854158 0.33465440494673593 -0.78649149374528371 0.79231295740604413 -0.37517526317865424 -0.55719359361877041 0.21362980380654337 -0.5303573584556579 0.51666316999041517 0.58094147997243073 0.88337562561035166 -0.4308032893110067 -0.45002246094601495 0.60937420626481376 0.14128000637400281 -0.012330066680908204 -0.9905906504206361 1.0614955192026885 -0.12507247315211731 -0.31790729701519016 -0.30318293060575213 -0.36838308624599292 0.45260125183883837 -0.43889609168876298 0.35466798841953279 -0.0069965885099452715 0.054630922434180877 0.25396010277829334 0.42890669220969796 0.45393999475857305 0.10002768845994055 0.2376769415991889 -0.01197459951043129 0.59107072407549077 -0.13270866862010389 -0.11852756278479802 -0.98270439017902733 -0.14962781667709352 -0.14249282782116243 0.29888425080672554 -0.16291711103348505 0.44784657330740069 0.18659459065560624 0.017004622761270124 -0.10261808308207575
leaf_weight=11072 1905 3638 26 25 221 1520 1688 1520 23 57 1085 127 76 36 904 39 1059 488 35 33 25 39 24 32 20 23 28 20 32 28 24 369 25 20 23 22 30 35 23 68 22 20 1275 660 102 21 29 381 176 20 22 21 68 22 29 31 23 21 21 131 1884 556
leaf_count=11072 1905 3638 26 25 221 1520 1688 1520 23 57 1085 127 76 36 904 39 1059 488 35 33 25 39 24 32 20 23 28 20 32 28 24 369 25 20 23 22 30 35 23 68 22 20 1275 660 102 21 29 381 176 20 22 21 68 22 29 31 23 21 21 131 1884 556
internal_value=0.000812343 -0.00697416 -0.014089 -0.349018 0.0242968 0.0234442 0.00691464 0.0291291 0.0725619 0.323021 0.0565095 0.105404 0.0570769 0.252045 -0.0132066 -0.0540894 -0.0458621 -0.00843825 0.0326593 -0.038801 0.0982157 0.079084 0.0994943 0.118168 0.0949874 -0.0087842 0.111188 0.471224 -0.0239097 -0.00693372 0.00985449 0.0935092 -0.0132406 -0.447113 0.157559 0.464695 0.106755 0.0701963 0.135866 0.201762 0.0438266 -0.0956114 -0.0131615 0.0260381 0.0813128 0.145475 0.182933 0.0130877 0.137771 -0.327823 -0.0102692 -0.0353543 -0.190984 -0.56759 0.157504 0.0524722 -0.0130279 0.296673 0.142465 0.0438507 -0.019071 -0.0249161
internal_weight=32022 23825 19409 51 4416 8197 5465 3777 1872 109 2732 1212 1763 112 19358 2022 1963 17336 1787 855 932 907 868 844 792 822 772 52 799 767 739 744 279 45 465 66 399 234 199 176 108 73 15549 2037 762 43 86 4019 397 59 715 622 134 43 93 51 91 64 42 1651 13512 11628
internal_count=32022 23825 19409 51 4416 8197 5465 3777 1872 109 2732 1212 1763 112 19358 2022 1963 17336 1787 855 932 907 868 844 792 822 772 52 799 767 739 744 279 45 465 66 399 234 199 176 108 73 15549 2037 762 43 86 4019 397 59 715 622 134 43 93 51 91 64 42 1651 13512 11628
is_linear=0
shrinkage=0.05


Tree=114
num_leaves=63
num_cat=0
split_feature=6 23 7 33 34 31 33 32 36 20 13 30 4 31 32 32 36 32 33 31 31 0 32 34 32 34 12 33 33 31 31 32 32 32 31 32 32 32 33 31 36 36 36 31 33 33 33 31 36 29 32 28 11 7 28 31 31 37 32 36 31 31
split_gain=2064.58 2324.17 2227.36 2030.64 2198.85 3170.23 2530.51 2339.28 2039.13 1873.52 1885.03 1896.72 2058.11 5844.87 2656.22 2518.31 2508.73 2694.48 2116.22 1838.88 1815.23 1718.96 1667.31 1559.55 2956.49 4795.42 5453.49 3262.89 2625.86 2186.39 2020.37 2757.92 3483.68 2316.18 1591.76 1546.75 4345.28 4066.41 5673.8 1678.58 1606.54 2514.57 1689.54 1542.99 1541.42 3388.98 2870.66 1665.59 1520.31 1501.88 1711.06 2714.08 2717.45 1722.38 1461.67 1436.48 2686.06 1574.53 1432.85 1417.94 5581.35 4282.28
threshold=1.0000000180025095e-35 1.0000000180025095e-35 1.0000000180025095e-35 401.35000000000008 87.350000000000009 359.55000000000007 26.450000000000003 251.15000000000001 252.83333333333337 1.0000000180025095e-35 1.0000000180025095e-35 1.0000000180025095e-35 1.0000000180025095e-35 337.75000000000006 485.65000000000003 350.45000000000005 242.21250000000003 137.85000000000005 311.35000000000008 495.85000000000008 306.25000000000006 1.0000000180025095e-35 428.85000000000008 67.40000000000002 350.45000000000005 428.15000000000003 1.0000000180025095e-35 207.65000000000001 159.55000000000004 300.15000000000003 316.35000000000008 452.55000000000007 433.05000000000007 466.85000000000008 189.65000000000001 131.45000000000002 181.65000000000001 102.85000000000001 1.0000000180025095e-35 440.85000000000008 241.15833333333336 269.82916666666671 385.0750000000001 177.25000000000003 465.45000000000005 423.05000000000007 321.25000000000006 207.85000000000005 403.42500000000001 1.0000000180025095e-35 268.35000000000008 1.0000000180025095e-35 1.0000000180025095e-35 1.0000000180025095e-35 1.0000000180025095e-35 87.350000000000009 186.05000000000004 3.5000000000000004 23.250000000000004 327.63333333333338 422.05000000000007 424.35000000000008
decision_type=2 2 2 2 2 2 2 2 2 2 2 2 2 2 2 2 2 2 2 2 2 2 2 2 2 2 2 2 2 2 2 2 2 2 2 2 2 2 2 2 2 2 2 2 2 2 2 2 2 2 2 2 2 2 2 2 2 2 2 2 2 2
left_child=1 49 9 4 6 -6 7 -4 -8 10 11 12 14 16 19 -15 17 -14 -18 21 -11 23 55 30 25 26 28 -26 -25 -29 31 32 44 -33 -30 37 39 -32 -39 -37 -38 -42 59 -16 45 46 54 -48 -44 50 -1 52 -52 -54 -3 57 -57 -12 -58 60 -43 -61
right_child=-2 2 3 -5 5 -7 8 -9 -10 20 22 -13 13 15 43 -17 18 -19 -20 -21 -22 -23 -24 24 27 -27 -28 29 34 -31 35 33 -34 -35 -36 36 40 38 -40 -41 41 42 48 -45 -46 -47 47 -49 -50 -51 51 -53 53 -55 -56 56 58 -59 -60 61 -62 -63
leaf_value=-0.0033609261551112244 -0.03915832284720519 -0.023315319361586609 -0.025223304368913749 0.57261363770812757 0.10963358034690221 0.88265610138575235 -0.0048177351746708161 0.67531768191944475 -0.60218473672866824 -0.63943065136671073 0.12173601355817583 -0.3655690177281698 0.32256981893019243 -0.28905001143191722 0.14747659251803444 -0.94764821018491474 0.70245213160912201 -0.37617914696802968 0.031286080246386322 0.51747731044888501 0.0055430139104525253 -0.31168766413416182 0.59554059505462653 0.66187509250723664 0.056878442591742462 -0.47587985164589353 -0.50741155290603634 1.0590834895769754 0.45233803638567532 0.36704092872142796 0.080609713943012376 -0.78720073919920697 0.51097413301467898 -0.04458874691100348 0.0050189870899006476 0.33350493466412584 0.45703681839836974 -1.0490512561798095 0.14193593896925449 0.91477785836095404 -0.47227695782979329 0.30946373721318587 -0.46419482458205458 0.76112399728968738 0.40461735480598043 -0.65660881343342015 0.56107232498400139 -0.0085463853109450563 0.058959886213628257 -0.036775869738705828 -0.0019474505520694259 0.11295644994839533 0.073286277269631259 0.30434427177128587 -0.36245641130389594 -0.49648086978122596 0.34419380565022317 0.64456969747940707 -0.097673147916793823 0.035397463274556534 -0.63043569380586806 0.82161127452192639
leaf_weight=18207 2940 853 26 32 36 21 50 22 20 20 36 30 22 47 21 21 24 37 23 20 24 35 23 36 38 36 25 21 30 25 326 21 32 21 59 27 27 20 20 23 21 56 21 20 21 21 33 21 41 2480 4110 808 654 92 33 20 43 24 32 43 22 29
leaf_count=18207 2940 853 26 32 36 21 50 22 20 20 36 30 22 47 21 21 24 37 23 20 24 35 23 36 38 36 25 21 30 25 326 21 32 21 59 27 27 20 20 23 21 56 21 20 21 21 33 21 41 2480 4110 808 654 92 33 20 43 24 32 43 22 29
internal_value=0.000771726 0.00480839 0.048715 0.20639 0.139424 0.394431 0.0162424 0.295858 -0.175494 0.0357836 0.0415215 0.0293999 0.0346151 -0.13063 0.0483199 -0.492441 0.101475 -0.115629 0.374009 0.0403771 -0.287627 0.0356928 0.198285 0.0417659 0.153537 0.0423484 0.166723 0.39974 0.30155 0.682973 0.024342 -0.0188649 -0.00241989 -0.415895 0.155801 0.0918367 0.174017 0.0222308 -0.453558 0.60089 0.0919256 0.0496165 0.101314 0.446817 -0.0191496 -0.0284099 -0.0143757 0.339554 -0.118238 0.000257947 0.00410545 0.0281062 0.0139878 0.101781 -0.035947 0.139338 0.0183703 0.330869 0.155664 0.192061 0.0443639 0.352067
internal_weight=32022 29082 2731 207 175 57 118 48 70 2524 2480 2302 2272 174 2098 68 106 59 47 2057 44 2037 178 2002 270 186 150 84 125 46 1732 1056 1014 42 89 676 310 366 40 50 260 233 212 41 982 961 940 54 62 26351 23871 5664 4856 746 886 155 95 60 75 150 78 72
internal_count=32022 29082 2731 207 175 57 118 48 70 2524 2480 2302 2272 174 2098 68 106 59 47 2057 44 2037 178 2002 270 186 150 84 125 46 1732 1056 1014 42 89 676 310 366 40 50 260 233 212 41 982 961 940 54 62 26351 23871 5664 4856 746 886 155 95 60 75 150 78 72
is_linear=0
shrinkage=0.05


Tree=115
num_leaves=63
num_cat=0
split_feature=24 23 34 6 31 32 34 34 34 31 31 32 32 34 37 0 33 33 34 21 4 34 31 39 5 33 37 34 1 33 31 34 31 31 32 31 21 2 33 31 32 32 31 37 31 32 31 32 32 32 38 32 39 33 34 25 32 32 33 31 11 32
split_gain=2466.96 2895.31 3284.09 2770.45 3898.01 3716.64 2943.38 5501.23 3133.63 2583.16 3592.75 2214.17 5530.38 2130.63 4727.81 2199.07 1966.27 1910.51 1925.06 1908.88 1853.24 1794.9 2858.28 2304.46 1791.9 2696.97 3835.62 2691.96 2562.03 1636 1619.93 1665.29 1549.41 1498.11 1478.93 1411.92 1356 1327.65 1302.4 1178.53 3309.84 4404.66 1676.87 6447.5 1864.73 1450.58 1912.65 1429.92 4525.8 1737.94 1483.15 1291.32 1154.28 2293.84 1354.3 1024.68 995.928 1676.21 940.425 1297.07 890.318 859.52
threshold=1.0000000180025095e-35 1.0000000180025095e-35 423.15000000000003 1.0000000180025095e-35 493.85000000000008 452.55000000000007 297.05000000000007 363.2000000000001 254.60000000000002 123.85000000000001 187.85000000000005 174.05000000000004 342.75000000000006 164.65000000000001 4.5000000000000009 1.0000000180025095e-35 281.25000000000006 116.25000000000001 120.50000000000001 1.0000000180025095e-35 1.0000000180025095e-35 457.65000000000003 388.85000000000008 1.0000000180025095e-35 1.0000000180025095e-35 25.550000000000004 3.5000000000000004 114.55000000000001 1.0000000180025095e-35 330.95000000000005 152.75000000000003 192.25000000000003 442.85000000000008 79.350000000000009 270.75000000000006 273.55000000000007 1.0000000180025095e-35 1.0000000180025095e-35 261.75000000000006 470.95000000000005 187.75000000000003 7.3500000000000005 456.45000000000005 2.5000000000000004 450.45000000000005 175.95000000000002 432.55000000000007 67.450000000000017 56.050000000000004 96.450000000000017 1.0000000180025095e-35 187.75000000000003 1.0000000180025095e-35 453.55000000000007 62.750000000000007 1.0000000180025095e-35 222.95000000000002 392.85000000000008 25.550000000000004 207.85000000000005 1.0000000180025095e-35 211.05000000000004
decision_type=2 2 2 2 2 2 2 2 2 2 2 2 2 2 2 2 2 2 2 2 2 2 2 2 2 2 2 2 2 2 2 2 2 2 2 2 2 2 2 2 2 2 2 2 2 2 2 2 2 2 2 2 2 2 2 2 2 2 2 2 2 2
left_child=1 20 3 4 6 9 8 56 13 33 -11 -4 -13 14 15 24 19 -12 29 -9 32 -2 23 -23 27 35 34 28 39 -19 -15 -32 36 -5 -27 -26 -1 60 -33 42 41 -41 44 -44 45 47 51 48 -3 -49 58 -47 -22 -54 -55 -39 -8 -58 -51 -60 -34 -53
right_child=21 2 11 5 -6 -7 7 16 -10 10 17 12 -14 30 -16 -17 -18 18 -20 -21 52 22 -24 -25 25 26 -28 -29 -30 -31 31 38 37 -35 -36 -37 -38 55 -40 40 -42 -43 43 -45 -46 46 -48 49 -50 50 -52 61 53 54 -56 -57 57 -59 59 -61 -62 -63
leaf_value=-0.0081701259942024498 -0.037292382102958363 0.027823205318614638 0.68006015031626732 -0.12289946208829466 0.63510395206254111 -0.74602024568752812 0.79405299175170163 -0.59804115479900721 -0.38983679548615502 0.60189724465211236 -0.3398295880073593 -0.3209603929093906 0.71338237797220549 -0.033391722930329187 -0.52427067732488786 -0.42025624752044682 0.26260188164249548 0.50521329929088732 -0.26859710399921122 0.084497318267822266 -0.018791687917378175 -0.13361391912081413 0.18425168054444452 -0.84409744694829003 -0.75850095391273509 0.6142089402675629 -0.40744803313053019 0.59011251591145997 -0.50568200111389161 -0.074266891713653291 0.77461845034902754 -0.053385292887687688 0.016037975355827957 -0.71459391429089014 0.089761308162677578 -0.18408050070638243 0.019985874419908109 0.11320731479850044 0.51039342709950042 0.066692270970705778 -0.18902273734410605 0.92781101708058955 0.29291885688349056 -0.84629370848769736 0.46730321371994377 0.45555349928992134 -0.27231522165238858 -0.37143780069218746 0.77305868807293132 0.016862732000075854 0.3504106684871342 -0.099655545405719595 -0.11760675058716064 -0.013049300154671074 0.46778599931686016 0.46056894945061733 0.090900211334228528 0.73048923185893466 -0.019191598892211916 -0.46041333944566792 0.11238596808184929 0.12369849642840498
leaf_weight=15380 2869 682 33 23 29 22 31 21 42 24 42 28 24 28 37 25 31 29 26 20 1768 21 21 25 20 20 33 24 20 21 22 20 1970 20 41 23 5923 276 21 33 30 27 27 23 28 28 32 45 21 104 23 46 702 32 27 23 20 21 36 31 273 677
leaf_count=15380 2869 682 33 23 29 22 31 21 42 24 42 28 24 28 37 25 31 29 26 20 1768 21 21 25 20 20 33 24 20 21 22 20 1970 20 41 23 5923 276 21 33 30 27 27 23 28 28 32 45 21 104 23 46 702 32 27 23 20 21 36 31 273 677
internal_value=0.000415699 0.00482175 0.0537997 0.0439834 0.0588707 -0.131644 0.0519454 0.27115 0.0380338 -0.0585828 0.0442306 0.359721 0.156429 0.0461032 0.0360087 0.045885 -0.0378925 -0.0691931 0.0803692 -0.265096 -0.00025543 -0.0432667 -0.29909 -0.519746 0.0515038 -0.12325 0.0267937 0.0638638 0.0572616 0.261832 0.283046 0.423685 0.00406099 -0.398106 0.261711 -0.451253 -0.000341745 0.0409577 0.235379 0.0632093 0.23979 0.454196 0.054395 -0.231119 0.0625385 0.0559684 0.106259 0.014166 0.0500849 -0.0914864 -0.0265492 0.12239 -0.0409533 -0.0924406 0.206994 0.139927 0.580193 0.418495 -0.0772514 -0.223339 0.0277647 0.109488
internal_weight=32044 29108 2734 2649 2442 207 2413 144 2269 185 142 85 52 2227 2136 2099 72 118 76 41 26374 2936 67 46 2074 137 94 1937 1913 50 91 63 23845 43 61 43 21303 2542 41 1893 90 60 1803 50 1753 1725 783 942 703 239 194 751 2529 761 59 299 72 41 171 67 2243 723
internal_count=32044 29108 2734 2649 2442 207 2413 144 2269 185 142 85 52 2227 2136 2099 72 118 76 41 26374 2936 67 46 2074 137 94 1937 1913 50 91 63 23845 43 61 43 21303 2542 41 1893 90 60 1803 50 1753 1725 783 942 703 239 194 751 2529 761 59 299 72 41 171 67 2243 723
is_linear=0
shrinkage=0.05


Tree=116
num_leaves=63
num_cat=0
split_feature=24 23 34 35 35 5 31 37 31 31 32 31 32 32 34 34 31 8 32 32 32 4 9 35 34 31 39 31 21 30 31 37 28 35 35 32 35 31 31 34 32 32 37 35 35 39 29 31 28 39 6 31 37 31 32 32 32 32 32 31 35 35
split_gain=2226.43 2613.02 2963.89 2614.73 4105.73 2814.34 3751.11 2576.17 2063.14 3879.66 3174.93 2233.02 1998.28 4991.17 1753.23 7572.4 4165.46 2868.94 1982.17 3665.5 2726.75 1672.55 1793.01 2614.28 1619.9 2583.53 1965.08 1552.27 1453.49 1693 1432.46 1431.82 1407.22 1550.23 1389.08 2394.96 1910.05 1373.12 1336.42 1653.51 2413.05 1409.92 1307.19 1169.15 1585.55 1041.74 1004.47 1209.11 1127.39 1080.53 1099.96 1002.92 5983.95 1148.07 1426.51 1955.13 1120.19 1874.36 3862.96 2290.21 3264.77 1864.21
threshold=1.0000000180025095e-35 1.0000000180025095e-35 423.15000000000003 1397.9500000000003 1279.4000000000003 1.0000000180025095e-35 470.95000000000005 3.5000000000000004 263.65000000000003 81.550000000000011 278.65000000000003 332.05000000000007 174.05000000000004 342.75000000000006 102.65000000000002 29.350000000000005 211.85000000000005 1.0000000180025095e-35 154.35000000000005 69.250000000000014 183.45000000000002 1.0000000180025095e-35 1.0000000180025095e-35 104.55000000000003 457.65000000000003 390.65000000000003 1.0000000180025095e-35 418.05000000000007 1.0000000180025095e-35 1.0000000180025095e-35 438.65000000000003 3.5000000000000004 1.0000000180025095e-35 940.45000000000016 696.75000000000011 294.25000000000006 578.35000000000025 314.25000000000006 275.75000000000006 266.65000000000003 342.75000000000006 296.25000000000006 3.5000000000000004 1455.95 1225.1500000000003 1.0000000180025095e-35 1.0000000180025095e-35 442.85000000000008 1.0000000180025095e-35 1.0000000180025095e-35 1.0000000180025095e-35 456.45000000000005 2.5000000000000004 442.85000000000008 9.9500000000000011 229.65000000000001 211.05000000000004 67.450000000000017 56.050000000000004 410.45000000000005 690.95000000000016 563.1500000000002
decision_type=2 2 2 2 2 2 2 2 2 2 2 2 2 2 2 2 2 2 2 2 2 2 2 2 2 2 2 2 2 2 2 2 2 2 2 2 2 2 2 2 2 2 2 2 2 2 2 2 2 2 2 2 2 2 2 2 2 2 2 2 2 2
left_child=1 21 3 4 5 6 14 34 9 -7 -11 -10 -4 -14 15 51 -17 18 19 -16 -20 22 46 -24 43 26 -26 -6 29 32 -5 -13 -25 -34 36 -36 -8 -30 39 41 -41 -22 -12 44 -2 -23 47 -1 49 -49 -51 53 -53 56 -55 -56 57 58 -3 60 61 -59
right_child=24 2 12 30 27 8 7 -9 11 10 42 31 13 -15 17 16 -18 -19 20 -21 38 45 23 28 25 -27 -28 -29 37 -31 -32 -33 33 -35 35 -37 -38 -39 -40 40 -42 -43 -44 -45 -46 -47 -48 48 -50 50 -52 52 -54 54 55 -57 -58 59 -60 -61 -62 -63
leaf_value=-0.001384588192099246 -0.031481837525075065 0.029385754390995007 0.64605713924675279 -0.072216541692614558 0.25610312471787133 0.24956300621447355 0.2639339964836836 0.79932348974373035 0.41259521750303413 -0.0015529057180339641 -0.94743673141513551 0.041559126778017909 -0.30491237342357635 0.67771325279027228 -0.087331642769277101 -1.163062933087349 -0.16605263352394106 0.5330723004285679 -0.53224046230316169 0.58956391316321166 0.079243955612182615 -0.017852103227895447 -0.24913652135084755 0.026102092631835917 -0.12693322970576229 0.19182739406824112 -0.77723237224496333 0.85253244876861578 0.072265277446764392 -0.38295362529655302 -0.63767678340276079 -0.44256414969762164 0.07878082773982073 0.42377553347577446 0.83013652324676512 0.056353695690631866 -0.32245676403953916 0.25175401823362337 -0.16313872233565366 0.31490533351898198 -0.42641522118023467 0.64247648770362142 -0.4181809401512146 0.25603084648575852 -0.22681787589185493 -0.087818567718669249 -0.03329400315458373 -0.008649522881035078 0.13963940096829783 0.085659834766558737 -0.14423500130485212 0.30990023788596904 -0.77854408699533217 -0.10113424934446812 0.77484708786010748 0.11159474349021913 0.081959479703853477 -0.056922664557184491 0.71807288697787697 -0.6111510621011258 0.39648630448750088 -0.3891953550133051
leaf_weight=17326 2727 670 33 24 24 23 41 23 26 22 28 42 28 24 36 20 22 43 22 45 20 1768 73 1615 21 20 26 20 319 24 21 24 106 47 20 20 21 160 42 23 21 25 20 34 108 761 2126 1013 246 734 56 28 23 20 20 25 773 245 21 20 35 51
leaf_count=17326 2727 670 33 24 24 23 41 23 26 22 28 42 28 24 36 20 22 43 22 45 20 1768 73 1615 21 20 26 20 319 24 21 24 106 47 20 20 21 160 42 23 21 25 20 34 108 761 2126 1013 246 734 56 28 23 20 20 25 773 245 21 20 35 51
internal_value=0.000394914 0.00458066 0.0511097 0.0417842 0.0483144 0.0400835 0.0547151 0.321312 -0.147755 -0.313829 -0.498943 0.0201241 0.341735 0.148607 0.0399042 0.0233665 -0.640819 0.157698 0.0887189 0.288721 -0.0171649 -0.000242659 0.00385794 0.0453833 -0.0411033 -0.284136 -0.486673 0.527207 0.0548505 0.0341698 -0.336098 -0.134486 0.0398321 0.18476 0.213525 0.443245 0.0653178 0.13222 0.0693364 0.179044 -0.0389067 0.392151 -0.726913 -0.0354278 -0.0389232 -0.0389057 -0.000669082 0.00291082 0.0392321 0.0255326 0.0693635 0.0378128 -0.180967 0.0437478 0.250217 0.406374 0.0363535 0.00252108 0.0503155 -0.0915698 -0.0601752 -0.114172
internal_weight=32044 29108 2734 2649 2604 2560 2375 125 185 93 70 92 85 52 2250 1973 42 277 234 81 153 26374 23845 2344 2936 67 47 44 2271 1792 45 66 1768 153 102 40 62 479 131 89 44 45 48 2869 2835 2529 21501 19375 2049 1803 790 1931 51 1880 65 45 1815 1042 691 351 331 296
internal_count=32044 29108 2734 2649 2604 2560 2375 125 185 93 70 92 85 52 2250 1973 42 277 234 81 153 26374 23845 2344 2936 67 47 44 2271 1792 45 66 1768 153 102 40 62 479 131 89 44 45 48 2869 2835 2529 21501 19375 2049 1803 790 1931 51 1880 65 45 1815 1042 691 351 331 296
is_linear=0
shrinkage=0.05


Tree=117
num_leaves=63
num_cat=0
split_feature=6 24 34 34 35 5 35 18 40 40 40 40 36 33 21 33 20 33 25 32 39 35 33 32 35 2 35 32 40 39 35 33 36 33 33 33 9 36 35 39 28 33 39 32 32 39 2 32 40 32 33 33 18 32 33 35 33 34 33 35 33 12
split_gain=2142.52 1971.7 2637.49 2128.41 1963.3 1658.7 2769.96 3394.39 2342.33 4302.95 4505.78 4012.27 1902.52 1658.4 2140.12 1679.45 1649.69 1628.99 1523.76 1507.97 1478.4 2096.14 1373.8 1339.65 1324.33 1308.39 1311.37 1837.24 1274.8 2052.09 1264.55 1209.55 1175.29 2096.89 1208.37 1103.97 1305.73 1193.42 1091.63 1083.3 1130.18 1072.45 1146.79 1040.06 2336.78 1368.28 1039.87 1024.7 1367.22 948.316 1109.21 1269.12 1072.62 931.253 2055.89 1010.21 980.908 931.166 1989.25 1147.88 915.159 1374.04
threshold=1.0000000180025095e-35 1.0000000180025095e-35 297.05000000000007 457.65000000000003 1455.95 1.0000000180025095e-35 455.95000000000005 1.0000000180025095e-35 5.5000000000000009 4.5000000000000009 1.5000000000000002 2.5000000000000004 259.61250000000007 427.15000000000003 1.0000000180025095e-35 28.550000000000004 1.0000000180025095e-35 277.85000000000008 1.0000000180025095e-35 394.35000000000008 1.0000000180025095e-35 696.75000000000011 307.15000000000003 412.85000000000008 1225.1500000000003 1.0000000180025095e-35 887.1500000000002 410.95000000000005 3.5000000000000004 1.0000000180025095e-35 894.95000000000016 157.25000000000003 394.05000000000007 372.05000000000007 129.55000000000004 65.950000000000017 1.0000000180025095e-35 282.51250000000005 1055.7500000000002 1.0000000180025095e-35 1.0000000180025095e-35 315.35000000000008 1.0000000180025095e-35 175.95000000000002 79.250000000000014 1.0000000180025095e-35 1.0000000180025095e-35 28.750000000000004 5.5000000000000009 141.75000000000003 105.95000000000002 385.45000000000005 1.0000000180025095e-35 418.85000000000008 134.25000000000003 557.30000000000007 339.05000000000007 5.1500000000000012 289.05000000000007 1069.4000000000003 71.65000000000002 1.0000000180025095e-35
decision_type=2 2 2 2 2 2 2 2 2 2 2 2 2 2 2 2 2 2 2 2 2 2 2 2 2 2 2 2 2 2 2 2 2 2 2 2 2 2 2 2 2 2 2 2 2 2 2 2 2 2 2 2 2 2 2 2 2 2 2 2 2 2
left_child=1 2 5 4 24 6 -1 8 9 10 -8 12 43 15 46 28 30 -5 -11 -2 -21 -22 -13 -23 -3 26 27 -14 29 -4 35 -32 33 34 -25 36 39 53 -20 40 -10 -26 -43 44 -12 -45 -15 48 -17 50 -49 52 -52 54 -37 56 -56 -7 59 -59 -51 -62
right_child=19 3 13 17 -6 57 7 -9 16 18 11 22 25 14 -16 47 -18 -19 38 20 21 23 -24 32 41 -27 -28 -29 -30 -31 31 -33 -34 -35 -36 37 -38 -39 -40 -41 -42 42 -44 45 -46 -47 -48 49 -50 60 51 -53 -54 -55 55 -57 -58 58 -60 -61 61 -63
leaf_value=-0.0045607040322254112 -0.024116017775919985 -0.027404877243722665 0.074000072395128597 -0.072432530643763371 0.41103832331299783 -0.021879147401285284 0.0057315133039708178 -0.043674772208527453 -0.017605410771392421 -0.021335522008439099 0.30401952973008162 0.056037006010365792 0.3800176460455571 -0.021884895401866472 0.43570786732393252 0.060302463859864854 -0.217066348239843 -0.62167292088270187 -0.11958587263284673 -0.044370536240224377 -0.59835951078322624 -0.46648720613969807 0.17922037905130953 -0.32881313288404096 0.035911752932172802 0.7109563752015432 0.69530530430021742 -0.1532132250922067 0.085474985374299733 0.62897526073373022 0.38387834856864711 0.13688918212401377 0.21047621575685649 -0.59102299968185634 0.040892620055706472 -0.23616441334597768 0.23468744221726975 -0.26261475342843266 -0.45715013654143721 0.1221272840695288 0.17352295168010254 -0.10500651220309323 -0.53300710767507553 0.003339068320415476 -0.39431879241829337 0.40156864571874423 0.33652494850435427 -0.43133065930821685 0.44565649814903741 -0.21862961073039155 -0.064298637844954751 -0.38583531075197719 0.3032065475861041 0.2473356086394175 0.109167123330838 0.022405125977769055 0.52859983555972578 -0.16624405726622574 0.035311359635499473 -0.52269567188162069 0.034284914119416497 0.40025627464056018
leaf_weight=13966 2411 2521 31 27 25 2046 2013 1297 367 1431 25 1085 70 73 71 82 44 27 212 284 31 29 286 31 28 30 21 21 92 36 58 341 26 23 77 70 158 36 27 666 98 29 34 34 23 59 28 22 32 33 84 23 26 47 46 338 20 172 136 26 512 27
leaf_count=13966 2411 2521 31 27 25 2046 2013 1297 367 1431 25 1085 70 73 71 82 44 27 212 284 31 29 286 31 28 30 21 21 92 36 58 341 26 23 77 70 158 36 27 666 98 29 34 34 23 59 28 22 32 33 84 23 26 47 46 338 20 172 136 26 512 27
internal_value=0.000375168 0.00446278 0.00861254 -0.0363116 -0.0299483 0.00521162 0.00934243 0.0311032 0.0438211 0.0256735 0.055971 0.117115 0.28852 0.0819384 0.225351 0.0572714 0.0861339 -0.347053 -0.0408541 -0.0405178 -0.119449 -0.217709 0.0817339 -0.154267 -0.0341691 0.417703 0.339153 0.256964 0.206294 0.372196 0.0920763 0.172792 -0.0965963 -0.157542 -0.0652266 0.0746301 0.100048 0.0158092 -0.157721 0.0812386 0.0226754 -0.221559 -0.335991 0.15842 -0.0306009 0.255979 0.0774762 0.0290971 0.168472 0.00724184 -0.102459 -0.0480596 0.0225662 0.0350478 0.0139981 0.0573431 0.236268 -0.0345153 -0.111921 -0.213051 0.0369686 0.0526174
internal_weight=32044 29132 26441 2691 2637 25269 22889 8923 7626 5337 3667 1654 283 1172 172 1000 2289 54 1670 2912 501 217 1371 186 2612 142 112 91 159 67 2245 399 157 131 108 1846 1289 557 239 1131 465 91 63 141 48 93 101 841 114 727 155 133 110 521 474 404 66 2380 334 198 572 539
internal_count=32044 29132 26441 2691 2637 25269 22889 8923 7626 5337 3667 1654 283 1172 172 1000 2289 54 1670 2912 501 217 1371 186 2612 142 112 91 159 67 2245 399 157 131 108 1846 1289 557 239 1131 465 91 63 141 48 93 101 841 114 727 155 133 110 521 474 404 66 2380 334 198 572 539
is_linear=0
shrinkage=0.05


Tree=118
num_leaves=63
num_cat=0
split_feature=6 31 34 32 12 39 31 33 40 40 39 34 9 31 32 37 25 40 40 34 33 32 32 5 33 34 31 36 33 37 36 36 9 34 37 20 28 34 32 36 5 32 40 34 10 29 2 5 36 38 9 33 34 31 11 40 33 33 33 36 36 28
split_gain=1933.63 2037.34 2476.17 1360.94 1347.38 1334.25 1975.8 2253.23 1286.92 5374.96 5063.6 2910.2 1794.3 1861.19 1671.37 2318.44 2040.28 1544.69 3117.5 2339.45 1977.88 1839.3 1624.66 2181.51 1913.57 1515.95 1505.91 1686.39 1467.4 1391.14 1381.49 2140.05 1276.08 1322.45 1404.95 1274.84 1259.77 1216.25 1205.46 1187.81 1679.33 1146.87 1120.7 1158.39 1103.1 1102.85 1268.88 1092.47 1067.76 1055.95 1753.31 1289.36 1030.95 1018.65 1013.54 1095.97 1077.49 1309.85 1011.65 1005.66 1346.84 942.307
threshold=1.0000000180025095e-35 470.95000000000005 433.65000000000003 394.35000000000008 1.0000000180025095e-35 1.0000000180025095e-35 177.25000000000003 87.250000000000014 1.5000000000000002 2.5000000000000004 1.0000000180025095e-35 271.35000000000008 1.0000000180025095e-35 224.05000000000004 185.55000000000004 3.5000000000000004 1.0000000180025095e-35 5.5000000000000009 4.5000000000000009 384.80000000000001 3.9500000000000006 175.95000000000002 150.05000000000004 1.0000000180025095e-35 483.85000000000008 483.45000000000005 438.65000000000003 311.45833333333337 136.15000000000001 3.5000000000000004 249.34500000000003 286.95833333333343 1.0000000180025095e-35 262.45000000000005 4.5000000000000009 1.0000000180025095e-35 1.0000000180025095e-35 354.95000000000005 412.85000000000008 325.31250000000006 1.0000000180025095e-35 444.35000000000008 5.5000000000000009 157.35000000000005 1.0000000180025095e-35 1.0000000180025095e-35 1.0000000180025095e-35 1.0000000180025095e-35 262.54166666666674 1.0000000180025095e-35 1.0000000180025095e-35 427.15000000000003 1.0000000180025095e-35 52.150000000000013 1.0000000180025095e-35 3.5000000000000004 409.65000000000003 217.75000000000003 469.35000000000008 244.65833333333336 294.5125000000001 1.0000000180025095e-35
decision_type=2 2 2 2 2 2 2 2 2 2 2 2 2 2 2 2 2 2 2 2 2 2 2 2 2 2 2 2 2 2 2 2 2 2 2 2 2 2 2 2 2 2 2 2 2 2 2 2 2 2 2 2 2 2 2 2 2 2 2 2 2 2
left_child=1 8 4 -2 39 -5 7 -7 -1 10 12 14 -10 -14 15 28 30 18 21 22 -20 -11 24 32 58 47 49 -28 48 54 -16 -32 35 34 53 44 -31 -13 -8 40 -3 61 43 -40 45 46 -24 -21 -12 51 -51 -22 -9 -34 56 -56 57 -23 -19 -59 -61 -41
right_child=3 2 -4 5 -6 6 38 52 9 17 11 37 13 -15 16 -17 -18 19 20 25 26 29 23 -25 -26 -27 27 -29 -30 36 31 -33 33 -35 -36 -37 -38 -39 42 41 -42 -43 -44 -45 -46 -47 -48 -49 -50 50 -52 -53 -54 -55 55 -57 -58 59 -60 60 -62 -63
leaf_value=-0.018387509182062715 -0.022910217098256885 0.011301947341857554 0.50980655719836554 -0.042152009362315529 0.26698522511329775 -0.86991115611977876 -0.39919353215782732 -0.50228065252304077 -0.0035956911152683528 -0.0050483858187425172 0.02144358994960785 0.87253419967449242 -0.0065889004850760106 0.52099784799984528 0.55124519517024362 -0.38245573856613857 0.018426198776190481 -0.0036217607964842491 -0.016460231407024975 0.28432940204844537 -0.1185169297629283 0.018180870971275184 0.057871841202991006 -0.060291091879136449 -0.40948313361611866 -0.13658275385113325 -0.12683316748813694 -0.53659522541695182 0.49402104658739909 0.090097284129832325 -0.12333800072799653 0.42879487723112109 0.38476598998041533 0.50713170611340075 -0.28082577222514721 -0.24811978338135257 0.29342490931082033 0.35252245610410515 -0.023981792741177375 0.040519668628998882 -0.28073412908071821 0.2790233319741674 0.19011886975704095 -0.46625461637973786 -0.035206914530833501 -0.029507739137295066 0.17370738678535572 -0.0023853113786095666 0.27388473619071263 0.014617182108971803 -0.24915813229663272 0.029030450302575318 -0.060465470965831519 0.11121870067136282 0.2448532230919227 0.0079411862256086388 0.22778161982143366 0.047952151258249545 0.33612962961196902 -0.56962228870391851 -0.11703929472714664 0.20163772681511
leaf_weight=6480 2411 469 30 284 69 20 27 23 609 3382 125 23 32 35 72 22 48 5371 3977 159 962 918 1411 461 29 34 83 36 28 443 26 54 38 23 21 37 92 22 57 763 55 64 39 20 342 282 284 42 63 559 71 175 31 326 104 92 54 37 22 25 48 103
leaf_count=6480 2411 469 30 284 69 20 27 23 609 3382 125 23 32 35 72 22 48 5371 3977 159 962 918 1411 461 29 34 83 36 28 443 26 54 38 23 21 37 92 22 57 763 55 64 39 20 342 282 284 42 63 559 71 175 31 326 104 92 54 37 22 25 48 103
internal_value=0.00035641 0.00423964 0.0599608 -0.0384919 0.0510997 -0.113477 -0.206824 -0.416556 0.00110193 0.0070876 0.111764 0.235403 0.0234235 0.269016 0.196064 0.106528 0.302611 0.00100337 -0.0114689 0.0165312 -0.036459 0.0167345 0.0123009 0.0404027 -0.00441399 0.172189 -0.0786303 -0.250795 0.156332 0.0573688 0.392354 0.249352 0.0571971 0.138836 0.116834 0.0430593 0.125062 0.618306 -0.0982912 0.0408548 -0.0193507 0.0747771 -0.0282536 -0.138858 0.0477051 0.062048 0.0772803 0.224419 0.106038 -0.0670358 -0.0151099 -0.0958074 -0.248646 0.139776 0.0290308 0.13365 0.0100795 -0.0013562 -0.00223579 -0.164402 -0.272033 0.0596827
internal_weight=32044 29132 1553 2912 1523 501 217 74 27579 21099 1159 483 676 67 438 238 200 19940 11058 8882 5863 5195 8647 3225 5422 235 1886 119 216 1813 152 80 2764 408 385 2356 535 45 143 1454 524 930 116 77 2319 1977 1695 201 188 1767 630 1137 54 364 1278 196 1082 1028 5393 110 73 866
internal_count=32044 29132 1553 2912 1523 501 217 74 27579 21099 1159 483 676 67 438 238 200 19940 11058 8882 5863 5195 8647 3225 5422 235 1886 119 216 1813 152 80 2764 408 385 2356 535 45 143 1454 524 930 116 77 2319 1977 1695 201 188 1767 630 1137 54 364 1278 196 1082 1028 5393 110 73 866
is_linear=0
shrinkage=0.05


Tree=119
num_leaves=63
num_cat=0
split_feature=24 31 5 36 39 35 37 31 35 34 31 39 18 21 34 34 32 7 36 35 35 39 34 33 33 36 34 36 7 36 31 36 36 31 32 36 31 11 36 35 35 9 33 4 31 34 32 34 32 4 31 34 31 33 33 32 22 36 39 12 9 4
split_gain=1835.34 1775.67 1940.99 1575.5 1475.58 2072.85 1794.92 1630.29 1377.28 1323.59 2269.67 1815.92 1187.38 1156.9 1469.32 1574.1 1533.86 1288.88 3816.84 1466.05 2029.75 1534.06 1221.31 1149.46 2856.63 2013.61 1132.63 1613.48 1107.76 1089.94 1082.11 995.864 1833.18 1027.64 982.871 1063.97 981.507 961.294 953.588 1073.04 1041.63 934.744 4327.24 1901.35 1613.58 916.34 898.786 880.493 853.357 1901.77 1457.57 1039.41 830.8 823.779 807.392 772.574 713.974 818.069 1184.67 1060.56 1030.92 945.245
threshold=1.0000000180025095e-35 470.95000000000005 1.0000000180025095e-35 242.21250000000003 1.0000000180025095e-35 1397.9500000000003 3.5000000000000004 482.95000000000005 1279.4000000000003 457.65000000000003 388.85000000000008 1.0000000180025095e-35 1.0000000180025095e-35 1.0000000180025095e-35 486.75000000000006 433.65000000000003 356.45000000000005 1.0000000180025095e-35 178.11250000000004 1096.7500000000002 1140.1000000000001 1.0000000180025095e-35 12.15 93.200000000000003 7.1500000000000012 311.45833333333337 375.45000000000005 188.61250000000004 1.0000000180025095e-35 385.0750000000001 138.15000000000001 254.11000000000004 325.31250000000006 486.35000000000008 29.850000000000005 209.12916666666669 492.05000000000007 1.0000000180025095e-35 185.05833333333337 1455.95 1225.1500000000003 1.0000000180025095e-35 446.85000000000008 1.0000000180025095e-35 378.65000000000003 211.65000000000001 367.85000000000008 141.60000000000002 384.95000000000005 1.0000000180025095e-35 366.05000000000007 146.95000000000002 332.05000000000007 434.15000000000003 437.75000000000006 187.75000000000003 1.0000000180025095e-35 113.11250000000003 1.0000000180025095e-35 1.0000000180025095e-35 1.0000000180025095e-35 1.0000000180025095e-35
decision_type=2 2 2 2 2 2 2 2 2 2 2 2 2 2 2 2 2 2 2 2 2 2 2 2 2 2 2 2 2 2 2 2 2 2 2 2 2 2 2 2 2 2 2 2 2 2 2 2 2 2 2 2 2 2 2 2 2 2 2 2 2 2
left_child=1 8 4 -4 -3 6 12 47 13 38 11 -11 23 56 15 17 34 19 22 26 21 -21 -19 24 31 -25 41 -28 29 30 -10 -6 33 -33 -17 -36 -9 -20 52 40 -40 -15 43 44 45 -43 -30 -8 50 51 -32 -50 -2 -42 -48 -24 57 58 60 61 -1 -59
right_child=9 2 3 -5 5 -7 7 36 28 10 -12 -13 -14 14 -16 16 -18 18 37 20 -22 -23 55 25 -26 -27 27 -29 46 -31 48 32 -34 -35 35 -37 -38 -39 39 -41 53 42 -44 -45 -46 -47 54 -49 49 -51 -52 -53 -54 -55 -56 -57 -58 59 -60 -61 -62 -63
leaf_value=-0.0032432905549963013 0.00069141674111317477 0.026415533672841593 -0.50109481025825853 -0.045715314515685439 0.37113355261248515 -0.26254583783447744 0.77254268928714431 -0.0067233055427267756 0.30651085844327669 -0.11088175894249053 0.17368664798282443 -0.7415748268961907 -0.24251466004744821 0.0061514322549699428 -0.38197866850735052 0.39253390009204547 0.60158202948514372 0.0215484120292323 0.19441598406797198 -0.05505164028317841 -0.019642390556656189 -0.54282405346632012 -0.34968928549024797 0.70911714488809763 -0.47430836171621371 0.12752002079783858 -0.035248079744020576 0.41440731028006195 0.044750127790344735 0.25201761570892167 0.24595598817955869 0.049407599050374257 0.14147461352803561 -0.43436628327421523 0.1884587147583564 -0.21552208260899142 0.35998946026795442 0.52642870893081029 -0.046332504526299896 0.2284234231885742 -0.11230434809081458 -0.0016049027900939814 0.72106634736061093 -0.38842930023868882 0.30376219986787728 0.29796627834439277 0.21959576717502363 0.34387597325444225 -0.35698956413194538 -0.52758984586054625 -0.057926216554672776 0.034591902651496836 0.20736827160088489 -0.40962970655630615 0.60776016996020366 -0.007334639189335016 -0.058551525637812463 0.00092766386354366725 -0.080969446216950403 0.048353035723269412 -0.1422814842194223 -0.039674028845863386
leaf_weight=2448 749 726 22 139 37 32 23 37 29 21 21 25 23 5737 23 24 20 175 238 27 164 40 45 22 21 46 38 42 37 56 67 21 309 23 39 28 36 24 1926 34 74 289 25 24 62 28 37 25 20 22 96 111 52 34 21 26 637 13277 784 1058 141 1607
leaf_count=2448 749 726 22 139 37 32 23 37 29 21 21 25 23 5737 23 24 20 175 238 27 164 40 45 22 21 46 38 42 37 56 67 21 309 23 39 28 36 24 1926 34 74 289 25 24 62 28 37 25 20 22 96 111 52 34 21 26 637 13277 784 1058 141 1607
internal_value=0.000338589 0.00413897 0.0563533 -0.107941 0.0755071 0.12992 0.150079 0.322944 0.00121818 -0.037339 -0.257022 -0.45365 0.108412 -0.000294656 0.017011 0.0183044 0.205115 0.0153354 0.0920267 0.00931942 -0.114375 -0.346259 -0.0494136 0.125263 0.0937573 0.315684 0.0138948 0.200821 0.0837835 0.0474136 0.0142026 0.124345 0.0984782 -0.203474 0.117979 0.0196309 0.174121 0.224829 -0.0322088 -0.0501489 -0.0548055 0.0114692 0.0827497 0.0431518 0.0704815 0.0248556 0.237303 0.549279 -0.0126232 -0.0974318 0.0669824 -0.0251915 0.0141086 -0.205907 0.360138 -0.22432 -0.00646856 -0.00475089 -0.0271216 -1.76929e-05 -0.0108155 -0.00345603
internal_weight=32044 29108 1542 161 1381 655 623 121 27566 2936 67 46 502 27070 7118 7095 111 6984 508 6476 231 67 246 479 411 68 6245 80 496 401 345 390 353 44 91 67 73 262 2869 2068 2034 6165 428 403 379 317 95 48 316 153 163 131 801 108 58 71 19952 19315 3373 15942 2589 14884
internal_count=32044 29108 1542 161 1381 655 623 121 27566 2936 67 46 502 27070 7118 7095 111 6984 508 6476 231 67 246 479 411 68 6245 80 496 401 345 390 353 44 91 67 73 262 2869 2068 2034 6165 428 403 379 317 95 48 316 153 163 131 801 108 58 71 19952 19315 3373 15942 2589 14884
is_linear=0
shrinkage=0.05


Tree=120
num_leaves=63
num_cat=0
split_feature=40 40 39 36 34 34 34 23 9 40 40 35 37 32 34 36 32 23 36 35 34 32 35 25 21 40 32 21 28 7 23 40 34 35 35 32 32 32 32 11 35 34 9 2 39 32 23 34 32 23 35 32 34 28 32 32 32 36 32 25 35 13
split_gain=2104.34 6045.98 4451.98 4483.9 2487.26 1986.47 2272.87 4827.51 1926.98 1900.13 3662.4 1978.31 1884.6 1863.38 1736.52 1701.81 1686.21 3626.88 1796.14 1705.49 1564.28 1977.72 1664.79 1548.97 1523.51 1393.28 1363.99 1349.28 1328.93 1432.74 1254.64 1466.39 1763.73 2909.3 2263.37 2220.96 1259.78 2307.42 3420.43 1259.35 1250.47 1099.74 1091.49 2283.76 1670.31 2107.15 1705.44 1516.25 1494.09 3366.97 1239.06 1181.93 1147.74 1025.63 1441.16 1018.15 1690.14 1010.3 1306.78 1000.43 997.234 968.222
threshold=1.5000000000000002 2.5000000000000004 1.0000000180025095e-35 293.01666666666671 275.80000000000001 28.350000000000005 97.300000000000026 1.0000000180025095e-35 1.0000000180025095e-35 5.5000000000000009 4.5000000000000009 1531.0000000000002 2.5000000000000004 154.35000000000005 450.80000000000001 282.51250000000005 60.750000000000007 1.0000000180025095e-35 196.81666666666669 639.85000000000014 271.35000000000008 416.95000000000005 794.6500000000002 1.0000000180025095e-35 1.0000000180025095e-35 1.0000000180025095e-35 438.55000000000007 1.0000000180025095e-35 1.0000000180025095e-35 1.0000000180025095e-35 1.0000000180025095e-35 3.5000000000000004 93.850000000000009 634.05000000000007 690.95000000000016 298.45000000000005 444.35000000000008 390.65000000000003 329.95000000000005 1.0000000180025095e-35 958.55000000000007 323.15000000000003 1.0000000180025095e-35 1.0000000180025095e-35 1.0000000180025095e-35 444.35000000000008 1.0000000180025095e-35 5.1500000000000012 376.75000000000006 1.0000000180025095e-35 1032.6500000000003 472.65000000000003 123.30000000000003 1.0000000180025095e-35 89.65000000000002 63.150000000000013 198.15000000000001 157.21000000000004 89.65000000000002 1.0000000180025095e-35 532.95000000000016 1.0000000180025095e-35
decision_type=2 2 2 2 2 2 2 2 2 2 2 2 2 2 2 2 2 2 2 2 2 2 2 2 2 2 2 2 2 2 2 2 2 2 2 2 2 2 2 2 2 2 2 2 2 2 2 2 2 2 2 2 2 2 2 2 2 2 2 2 2 2
left_child=5 2 8 15 23 -1 7 -7 53 10 13 24 -12 16 30 20 19 41 -19 -3 21 22 61 26 -11 -8 -5 -16 29 -26 39 36 33 -33 -35 -34 37 38 -32 -15 -36 -18 44 47 -14 48 -47 60 -46 -50 -51 -48 -49 -2 -55 -30 -57 -31 -59 -41 -44 -4
right_child=1 9 3 4 -6 6 25 -9 -10 11 12 -13 42 14 27 -17 17 18 -20 -21 -22 -23 -24 -25 28 -27 -28 -29 55 57 31 32 35 34 40 -37 -38 -39 -40 59 -42 -43 43 -45 45 46 51 52 49 50 -52 -53 -54 54 -56 56 -58 58 -60 -61 -62 -63
leaf_value=-0.012514862851005899 -0.01643023595828284 0.0012947623947929486 0.089105472772491978 0.35756577873745793 0.95352947980165481 -0.15067751379758121 -0.08163428571449334 -0.96997866204806749 0.25128548255064681 0.004050638369780684 -0.015983093139840057 0.4523697417515975 -0.011973878121158729 0.01479337126966513 0.098999787528406491 -0.26698348315862508 -0.012941155888704807 -0.17182434108108283 -0.62548410475254057 0.18310496891529682 0.48014019962513088 0.5398743065503927 -0.27485766159049396 0.00065104401111602784 0.027010210333800092 0.087169690336380806 0.79934430122375488 0.66643847942352297 0.42511293971628855 -0.0090895831780998335 0.40567998089553686 0.24295454649971082 -0.040715882033109663 -0.69831250578165061 0.094673481986329369 0.70442775249481204 -0.10592312216758729 0.78489795164628473 -0.25949506064256034 0.091892441493799409 -0.38134093622423038 -0.28835984198854137 -0.32946776359891283 0.21580776834958482 -0.095897885490076495 -0.023981672289470832 0.6314705190062524 -0.62930770283937454 -0.12120455199137058 -0.88212378465611008 -0.36312433144320616 0.087887575030326848 -0.25302267743744583 0.41377327476228987 -0.020649301438104541 -0.12942306535939377 0.221632011057809 0.54610221109219959 0.16351072999225424 0.37053436420203467 -0.046047320947247117 0.36903817415237428
leaf_weight=6376 634 2897 263 104 20 125 842 21 89 7559 4086 26 1080 1755 22 26 513 48 40 135 33 26 29 25 2375 143 21 20 33 57 68 52 20 20 37 20 20 22 27 249 22 39 39 38 917 105 20 25 123 23 23 20 107 35 42 48 120 28 110 37 152 35
leaf_count=6376 634 2897 263 104 20 125 842 21 89 7559 4086 26 1080 1755 22 26 513 48 40 135 33 26 29 25 2375 143 21 20 33 57 68 52 20 20 37 20 20 22 27 249 22 39 39 38 917 105 20 25 123 23 23 20 107 35 42 48 120 28 110 37 152 35
internal_value=-0.000180087 0.00690155 0.108497 0.213711 0.429764 -0.0233475 -0.0844165 -0.268522 0.031953 0.000843628 -0.0120231 0.016773 -0.0373351 0.0161904 0.0505413 0.124563 -0.00617693 -0.0799247 -0.378033 0.00938987 0.150937 0.120161 0.0867896 0.359929 0.0156766 -0.0571277 0.431785 0.369209 0.047391 0.0377075 0.0448436 0.13891 0.0412576 -0.0474748 -0.238643 0.331856 0.260797 0.323484 0.21663 0.0306484 -0.0828234 -0.0324001 -0.0699864 -0.150842 -0.0573561 -0.0971715 0.0818558 -0.193977 -0.121075 -0.257686 -0.622624 0.359679 -0.324289 0.00449792 0.176816 0.171205 0.121331 0.167995 0.241138 0.127941 -0.103919 0.121983
internal_weight=32066 24559 1382 582 170 7507 1131 146 800 23177 12821 10356 6758 6063 2391 412 3672 640 88 3032 386 353 327 150 10330 985 125 42 2771 2570 2349 308 171 131 79 40 137 117 95 2041 59 552 2672 361 2311 1231 145 323 1086 169 46 40 132 711 77 201 168 195 138 286 191 298
internal_count=32066 24559 1382 582 170 7507 1131 146 800 23177 12821 10356 6758 6063 2391 412 3672 640 88 3032 386 353 327 150 10330 985 125 42 2771 2570 2349 308 171 131 79 40 137 117 95 2041 59 552 2672 361 2311 1231 145 323 1086 169 46 40 132 711 77 201 168 195 138 286 191 298
is_linear=0
shrinkage=0.05


Tree=121
num_leaves=63
num_cat=0
split_feature=40 40 7 34 9 23 2 33 34 34 23 40 40 33 9 36 23 34 36 29 28 28 36 40 33 33 37 33 23 33 33 7 7 34 10 36 36 28 36 34 24 36 5 34 33 36 36 2 25 11 33 34 36 25 11 36 38 34 34 38 33 34
split_gain=1899.17 5456.5 3502.3 4220.41 2537.29 2541.61 2744.74 2189.21 1792.79 2051.26 4356.83 1714.87 3305.32 1854.81 1666.97 1528.04 1376.4 3064.81 3366.52 1425.83 1655.06 1348.26 1287.99 1257.43 1117.09 1711.68 1652.15 1113.44 4797.96 1516.49 1094.53 1099.59 1093.4 1233.55 1263.76 1082.72 1314.48 1077.25 1070.52 1919.53 1458.25 1064.89 1063.02 1518.38 1403.15 1050.6 1032.21 1002.1 2330.29 2029.26 1369 1051.22 968.459 933.258 1642.21 932.452 912.432 906.291 880.086 865.315 1257.95 951.661
threshold=1.5000000000000002 2.5000000000000004 1.0000000180025095e-35 275.80000000000001 1.0000000180025095e-35 1.0000000180025095e-35 1.0000000180025095e-35 13.65 28.350000000000005 97.300000000000026 1.0000000180025095e-35 5.5000000000000009 4.5000000000000009 3.9500000000000006 1.0000000180025095e-35 271.14166666666677 1.0000000180025095e-35 206.45000000000002 293.01666666666671 1.0000000180025095e-35 1.0000000180025095e-35 1.0000000180025095e-35 387.95000000000005 1.0000000180025095e-35 442.95000000000005 372.05000000000007 3.5000000000000004 100.25000000000001 1.0000000180025095e-35 59.95000000000001 482.15000000000003 1.0000000180025095e-35 1.0000000180025095e-35 215.05000000000004 1.0000000180025095e-35 307.47500000000008 238.91250000000005 1.0000000180025095e-35 258.24166666666673 4.1500000000000012 1.0000000180025095e-35 149.39000000000001 1.0000000180025095e-35 3.8500000000000001 192.05000000000004 289.95500000000004 133.56250000000003 1.0000000180025095e-35 1.0000000180025095e-35 1.0000000180025095e-35 395.45000000000005 153.90000000000003 68.375000000000014 1.0000000180025095e-35 1.0000000180025095e-35 241.15833333333336 1.0000000180025095e-35 248.55000000000004 135.15000000000001 1.0000000180025095e-35 81.050000000000011 340.15000000000003
decision_type=2 2 2 2 2 2 2 2 2 2 2 2 2 2 2 2 2 2 2 2 2 2 2 2 2 2 2 2 2 2 2 2 2 2 2 2 2 2 2 2 2 2 2 2 2 2 2 2 2 2 2 2 2 2 2 2 2 2 2 2 2 2
left_child=8 2 4 -4 5 6 21 15 -1 10 -10 12 30 -14 16 -7 19 24 -19 20 32 58 -23 59 25 42 -26 28 -15 -30 31 -3 47 34 -34 36 41 52 40 -40 -33 -6 43 -18 -45 -8 -22 53 49 50 51 -49 -16 -13 -55 -27 -48 -25 -2 60 -11 -62
right_child=1 11 3 -5 35 7 45 -9 9 23 -12 14 13 27 37 -17 17 18 -20 -21 46 22 -24 57 26 55 -28 -29 29 -31 -32 38 33 -35 -36 -37 -38 -39 39 -41 -42 -43 -44 44 -46 -47 56 48 -50 -51 -52 -53 -54 54 -56 -57 -58 -59 -60 -61 61 -63
leaf_value=-0.011889119911480166 -0.014851650326816006 0.0062354537495390473 0.22083420235830459 0.96804962429133345 0.092558557588246562 -0.11155589318701201 0.13865757175329804 0.58921273711480593 -0.14314363605380059 0.045046693129815921 -0.92147973009518214 -0.0045888684538375529 -0.016671970301313923 -0.07421319599162457 -0.28120988592039792 0.38400247426969664 0.038557491782903901 0.55728968391652967 -0.082605465381376211 -0.060396071834666623 -0.06681016694121765 0.075776287431226053 0.52375533850420097 0.2544803896248341 0.61664159178733824 -0.50942325592041016 -0.0183408674739656 -0.05478992816435177 -0.29139432979352548 -0.76720147150404316 0.22270287475437814 0.055689832365251338 0.060618190882061197 0.30299183322610906 -0.2294198179244995 0.52889799309127472 -0.12854459227427192 0.25886256140901853 0.10112611868850341 0.5017737143380302 -0.2943747847369223 0.48983796778562905 -0.18542107990166795 0.079257216660872765 0.65189183801412587 0.45353373857431634 0.11564254886586788 0.032020917052250297 0.38822883851826195 0.29169450391943641 -0.32088045617565514 -0.28260934070817062 0.070650207841870358 -0.094511852182414646 0.20734478194190534 -0.049074579470536929 -0.12490785785374188 -0.0094840542042768147 -0.33554076904600322 -0.038563267209174093 -0.12778543612647167 -0.33813382811145859
leaf_weight=6376 777 5425 134 22 31 35 69 38 125 69 21 4892 4461 383 20 28 633 61 31 798 106 68 21 50 20 22 21 1847 33 34 63 302 615 49 40 34 23 76 205 35 33 37 48 23 20 43 642 512 48 65 32 28 881 560 49 22 42 93 22 529 164 80
leaf_count=6376 777 5425 134 22 31 35 69 38 125 69 21 4892 4461 383 20 28 633 61 31 798 106 68 21 50 20 22 21 1847 33 34 63 302 615 49 40 34 23 76 205 35 33 37 48 23 20 43 642 512 48 65 32 28 881 560 49 22 42 93 22 529 164 80
internal_value=-0.000171083 0.00655647 0.103072 0.326211 0.0746789 0.0504424 0.0262993 0.289482 -0.0221801 -0.0801957 -0.255096 0.000801447 -0.0114219 -0.0354684 0.0159343 0.108692 0.00945982 0.0682154 0.341673 0.00321556 0.00982521 -0.00311935 0.181479 -0.0542713 0.0371176 0.0235423 0.291407 -0.0719728 -0.142499 -0.532849 0.0153809 0.013204 0.00196562 0.0610085 0.0429059 0.288155 0.198207 0.0780882 0.0789511 0.159554 0.0212059 0.308725 0.041944 0.0580882 0.345599 0.259548 0.0783728 -0.00475378 0.0522753 0.0269602 -0.0031233 0.0157068 0.0628398 -0.0118552 -0.0702245 -0.279249 0.100872 0.0828112 -0.0236816 -0.0775526 -0.143448 -0.196752
internal_weight=32066 24559 1382 156 1226 1101 1000 101 7507 1131 146 23177 12821 6758 10356 63 9379 901 92 8478 7680 888 89 985 809 768 41 2297 450 67 6063 6000 6890 704 655 125 91 977 575 240 335 68 724 676 43 112 790 6186 685 637 572 540 901 5501 609 44 684 143 799 842 313 244
internal_count=32066 24559 1382 156 1226 1101 1000 101 7507 1131 146 23177 12821 6758 10356 63 9379 901 92 8478 7680 888 89 985 809 768 41 2297 450 67 6063 6000 6890 704 655 125 91 977 575 240 335 68 724 676 43 112 790 6186 685 637 572 540 901 5501 609 44 684 143 799 842 313 244
is_linear=0
shrinkage=0.05


Tree=122
num_leaves=63
num_cat=0
split_feature=40 40 39 32 21 34 34 40 40 33 32 33 32 31 34 33 34 9 31 9 32 34 31 31 33 21 32 34 32 34 31 37 21 31 39 21 28 7 15 9 39 32 32 33 31 12 31 32 32 32 31 40 31 33 33 11 25 34 34 33 32 34
split_gain=1714 4924.49 3652.11 2674.56 1924.21 1617.99 1921.35 1547.67 2983.05 1673.96 1645.28 1827.28 1812.73 2661.42 2253.41 1549.94 1545.93 1530.79 1522.5 1504.44 1643.77 2110.83 1467.29 1359.57 1376.66 1353.74 2112.99 2352.57 1823.9 1330.39 1312.27 1287.13 1216.48 1163.72 1167.72 1146.22 1124.42 1120.09 1088.15 1073.33 1300.62 1321.93 1931.24 1804.89 1511 1354.91 1993.7 1370.1 1148.71 1377.77 1056.4 1052.21 1024.98 1236.9 2010.95 958.223 1176.22 1049.24 997.388 955.149 950.818 1049.81
threshold=1.5000000000000002 2.5000000000000004 1.0000000180025095e-35 412.85000000000008 1.0000000180025095e-35 28.350000000000005 61.050000000000004 5.5000000000000009 4.5000000000000009 3.9500000000000006 154.35000000000005 477.95000000000005 60.750000000000007 474.75000000000006 323.15000000000003 194.55000000000004 450.80000000000001 1.0000000180025095e-35 224.05000000000004 1.0000000180025095e-35 283.95000000000005 305.15000000000003 376.55000000000007 460.75000000000006 13.65 1.0000000180025095e-35 331.75000000000006 201.65000000000003 263.75000000000006 1.0500000000000003 68.950000000000017 2.5000000000000004 1.0000000180025095e-35 488.35000000000008 1.0000000180025095e-35 1.0000000180025095e-35 1.0000000180025095e-35 1.0000000180025095e-35 1.0000000180025095e-35 1.0000000180025095e-35 1.0000000180025095e-35 444.35000000000008 372.55000000000007 100.25000000000001 481.05000000000007 1.0000000180025095e-35 248.95000000000002 205.15000000000001 29.850000000000005 109.25000000000001 438.65000000000003 1.0000000180025095e-35 363.85000000000008 146.25000000000003 203.35000000000005 1.0000000180025095e-35 1.0000000180025095e-35 338.65000000000003 377.10000000000008 136.15000000000001 382.75000000000006 1.5500000000000003
decision_type=2 2 2 2 2 2 2 2 2 2 2 2 2 2 2 2 2 2 2 2 2 2 2 2 2 2 2 2 2 2 2 2 2 2 2 2 2 2 2 2 2 2 2 2 2 2 2 2 2 2 2 2 2 2 2 2 2 2 2 2 2 2
left_child=5 2 17 22 59 -1 -7 8 10 -10 11 12 15 14 -14 -3 33 -2 -19 35 -21 30 25 24 -24 26 27 -4 29 -27 -22 -25 -18 55 -35 38 37 -37 -9 40 -11 42 43 45 50 46 -42 -48 -41 -50 -45 -8 53 -32 -55 57 -57 -12 -59 -5 -44 -62
right_child=1 7 3 4 -6 6 51 19 9 39 16 -13 13 -15 -16 -17 32 18 -20 20 21 -23 23 31 -26 28 -28 -29 -30 -31 52 -33 -34 34 -36 36 -38 -39 -40 48 41 -43 60 44 -46 -47 47 -49 49 -51 -52 -53 -54 54 -56 56 -58 58 -60 -61 61 -63
leaf_value=-0.0112946636617381 0.0041203198827241194 -0.001668936570159823 0.048380366624294485 0.47182761238467308 0.10270880634586017 -0.45209819794717165 -0.084806484831155993 -0.0032920272249653383 -0.015838371691037502 -0.0067405844113581914 0.015059763248349029 0.4378615599287593 -0.036806346888604041 -0.54583157166838647 -0.41653215374265407 0.15639844864525934 0.090993616797707302 0.010186359589529593 0.42402458508377494 0.026908703856509571 0.47785162404179576 0.54960404280573127 0.25064391544524661 0.34778924143832662 0.67197437494090106 0.26081322318798789 0.40788110224781815 -0.50331814629690985 -0.081190676211069027 0.76696539789438256 0.14764962210875313 -0.18118233110593715 0.6297859168052673 0.042562146804162433 0.50341199526080382 0.018250221476606591 0.15451943954354841 0.14766108062715164 0.25507287524822281 0.13847240767171307 -0.1196643168072809 0.05652079804644098 -0.58098906633399783 -0.039707495533015086 0.3856863570213318 -0.023806983863727916 -0.78960649264710292 -0.28035093984007836 -0.45058474107304725 -0.13880424431714289 -0.31135904170376694 0.055389244281328645 0.24434916641097515 -0.51823950491168291 0.02796647157520056 0.081784734888983676 0.38180780054346936 0.45714764022827153 0.08781381359816913 0.91502265557646756 -0.090544537213203075 -0.36374481459384533
leaf_weight=6376 711 2853 242 31 24 33 942 6773 4461 830 1885 23 560 30 42 164 22 43 46 638 24 32 47 23 33 37 37 21 24 20 109 23 20 28 27 2194 190 181 41 31 55 137 21 615 20 54 28 25 41 261 38 156 80 22 72 279 37 25 68 20 74 67
leaf_count=6376 711 2853 242 31 24 33 942 6773 4461 830 1885 23 560 30 42 164 22 43 46 638 24 32 47 23 33 37 37 21 24 20 109 23 20 28 27 2194 190 181 41 31 55 137 21 615 20 54 28 25 41 261 38 156 80 22 72 279 37 25 68 20 74 67
internal_value=-0.000162529 0.00622865 0.0979182 0.193214 0.471895 -0.0210711 -0.0761859 0.000761375 -0.0108508 -0.0336949 0.0146119 -0.00640582 -0.00920608 -0.0862039 -0.0632988 0.00692339 0.04689 0.0285909 0.22408 0.0151376 0.0741838 0.163156 0.151988 0.2999 0.424443 0.103073 0.0540999 0.00432839 0.284455 0.43841 0.122875 0.0833035 0.347561 0.041514 0.268798 0.00898682 0.0374762 0.0281127 -0.00173744 -0.0683742 -0.0543005 -0.0891107 -0.109122 -0.0784705 -0.0424042 -0.228302 -0.330549 -0.549392 -0.151379 -0.181132 -0.0555157 -0.064888 0.0927705 0.0330351 -0.099869 0.0360647 0.116914 0.0231485 0.187097 0.64563 -0.267111 -0.220363
internal_weight=32066 24559 1382 582 75 7507 1131 23177 12821 6758 6063 3672 3649 632 602 3017 2391 800 89 10356 977 339 507 126 80 381 300 263 81 57 307 46 42 2349 55 9379 2565 2375 6814 2297 1964 1134 997 835 673 162 108 53 333 302 653 1098 283 203 94 2294 316 1978 93 51 162 141
internal_count=32066 24559 1382 582 75 7507 1131 23177 12821 6758 6063 3672 3649 632 602 3017 2391 800 89 10356 977 339 507 126 80 381 300 263 81 57 307 46 42 2349 55 9379 2565 2375 6814 2297 1964 1134 997 835 673 162 108 53 333 302 653 1098 283 203 94 2294 316 1978 93 51 162 141
is_linear=0
shrinkage=0.05


Tree=123
num_leaves=63
num_cat=0
split_feature=8 39 2 29 10 35 6 7 11 36 12 9 32 31 31 25 2 31 31 39 35 21 32 33 31 4 35 39 21 31 31 33 33 35 24 31 31 18 4 33 31 32 35 32 39 24 36 35 36 31 33 31 32 36 24 36 31 4 36 33 33 35
split_gain=1729.95 1613.27 2087.53 1448.35 1550.81 2654.62 3194.27 2424.65 1947.25 1929.94 1982.53 1523.26 1593.16 1480.99 1368.18 1300.24 1772.06 1317.41 1378.99 2122.99 2685.03 4246.25 3080.55 2500.96 1697.38 1292.55 1822.27 1585.58 1270.48 1967.41 1836.45 1708.27 1632.45 1269.89 1305.76 1217.67 1208.87 1198.59 1182.76 1169.63 1807.61 1456.8 1185.44 1903.52 1207.45 1156.59 1137.8 1129.05 1030.23 1023.15 991.643 2387.93 960.458 954.933 914.961 1670.3 1716.23 901.097 896.516 861.26 943.215 839.389
threshold=1.0000000180025095e-35 1.0000000180025095e-35 1.0000000180025095e-35 1.0000000180025095e-35 1.0000000180025095e-35 442.35000000000008 1.0000000180025095e-35 1.0000000180025095e-35 1.0000000180025095e-35 359.52500000000003 1.0000000180025095e-35 1.0000000180025095e-35 426.95000000000005 498.05000000000007 404.95000000000005 1.0000000180025095e-35 1.0000000180025095e-35 0.95000000000000007 89.550000000000011 1.0000000180025095e-35 572.75000000000011 1.0000000180025095e-35 227.45000000000002 55.850000000000001 58.45000000000001 1.0000000180025095e-35 753.45000000000016 1.0000000180025095e-35 1.0000000180025095e-35 129.75000000000003 56.250000000000007 373.85000000000008 332.7000000000001 1155.7500000000002 1.0000000180025095e-35 370.15000000000003 392.85000000000008 1.0000000180025095e-35 1.0000000180025095e-35 51.750000000000007 478.75000000000006 476.25000000000006 998.25000000000011 444.35000000000008 1.0000000180025095e-35 1.0000000180025095e-35 170.31000000000003 1351.1500000000003 305.71666666666675 96.15000000000002 482.15000000000003 269.85000000000008 384.95000000000005 229.91666666666669 1.0000000180025095e-35 171.71250000000003 460.75000000000006 1.0000000180025095e-35 238.91250000000005 392.15000000000003 67.950000000000017 1187.8500000000001
decision_type=2 2 2 2 2 2 2 2 2 2 2 2 2 2 2 2 2 2 2 2 2 2 2 2 2 2 2 2 2 2 2 2 2 2 2 2 2 2 2 2 2 2 2 2 2 2 2 2 2 2 2 2 2 2 2 2 2 2 2 2 2 2
left_child=3 -2 14 4 5 52 7 8 13 10 11 28 -13 15 36 17 47 -7 19 -19 21 23 -22 -21 -24 -5 -27 -28 29 30 -9 -31 -32 34 53 -29 38 -35 -3 -6 41 42 43 44 -41 -44 -12 -17 -15 -20 -51 -52 -1 -10 55 -30 -57 -46 -4 60 -18 -47
right_child=1 2 58 25 39 6 -8 9 33 -11 46 12 -14 48 -16 16 59 18 49 20 22 -23 24 -25 -26 26 27 35 54 31 32 -33 -34 37 -36 -37 -38 -39 -40 40 -42 -43 45 -45 57 61 -48 -49 -50 50 51 -53 -54 -55 -56 56 -58 -59 -60 -61 -62 -63
leaf_value=-0.004626854838154483 -0.010189848039248876 -0.12420630345557163 -0.070927644526699973 -0.020773456699236543 -0.00046897153951762751 -0.37787600310519337 -0.039487853643948849 0.12778132060362446 0.027337700355765895 0.23063748184464533 0.0022638465823798348 0.13317194039580124 0.59725845835425639 0.55225309506058695 0.0072216491391456214 -0.049259688430699652 0.26842047850552359 0.033465502236314157 -0.25012714156614885 0.43743624571439188 -0.36149977227052055 0.86676970848015378 0.11165236585422772 -0.2843899762630463 0.6286452400684357 0.047558610980646523 -0.092416226422708289 -0.24164275094866752 -0.043910898034309233 -0.00033442852672853389 -0.19928636024269508 0.3383890296605121 -0.71680264413356787 0.32014292339919154 -0.081536918738093545 -0.66304212992389999 -0.49333730895931904 -0.088630174235864126 -0.38053007399549288 -0.018522440617156674 -0.37894979538189044 0.19516541761092165 0.056947428563542936 -0.56212856037203562 -0.12690549641938506 -0.020020890276413413 0.36496325273724167 -0.37179639280906751 0.10927052216072169 0.024246875960708521 -0.47780096343520917 0.087651673375174058 0.15492072643418062 0.13248432147380471 -0.12847836299075022 0.27586777953540581 -0.18433325860811317 -0.40082139399918648 0.12806062842927762 0.37640607357025146 -0.042595097082940972 -0.44881696991977238
leaf_weight=13323 1999 552 98 2504 1469 20 1418 31 348 242 29 116 22 21 153 876 38 429 35 30 30 35 77 20 20 79 76 40 86 404 64 41 20 97 122 30 26 22 49 319 45 55 251 22 333 25 85 28 35 4523 33 43 95 569 36 170 23 33 134 29 68 21
leaf_count=13323 1999 552 98 2504 1469 20 1418 31 348 242 29 116 22 21 153 876 38 429 35 30 30 35 77 20 20 79 76 40 86 404 64 41 20 97 122 30 26 22 49 319 45 55 251 22 333 25 85 28 35 4523 33 43 95 569 36 170 23 33 134 29 68 21
internal_value=-0.000154402 -0.0362305 -0.0876685 0.0035842 0.00717842 0.0111725 0.0302184 0.0413032 0.0301994 0.102524 0.0750143 0.0527676 0.207157 0.0193884 -0.126833 0.017125 -0.0340159 0.02716 0.0286957 0.0974322 0.226874 0.444379 0.0813003 0.148706 0.218249 -0.0310884 -0.145882 -0.250552 0.0284183 -0.0167684 -0.201123 0.0308738 -0.322505 0.0898563 0.0721363 -0.422242 -0.159545 0.244571 -0.145105 -0.0296936 -0.0685803 -0.0553918 -0.0691175 -0.104331 -0.0896282 0.0147075 0.272698 -0.0592498 0.275389 0.0191877 0.0212373 -0.157874 -0.00349725 0.0925814 0.10875 0.13936 0.221025 -0.151603 0.0440052 0.134958 0.0689011 -0.215776
internal_weight=32066 3011 1012 29055 26326 23753 10335 8917 7548 1369 1127 1013 138 6390 780 6334 1039 5295 5275 641 212 85 127 50 97 2729 225 146 875 560 115 445 84 1158 1039 70 627 119 601 2573 1104 1059 1004 707 685 297 114 904 56 4634 4599 76 13418 917 315 279 193 366 232 135 106 46
internal_count=32066 3011 1012 29055 26326 23753 10335 8917 7548 1369 1127 1013 138 6390 780 6334 1039 5295 5275 641 212 85 127 50 97 2729 225 146 875 560 115 445 84 1158 1039 70 627 119 601 2573 1104 1059 1004 707 685 297 114 904 56 4634 4599 76 13418 917 315 279 193 366 232 135 106 46
is_linear=0
shrinkage=0.05


Tree=124
num_leaves=63
num_cat=0
split_feature=8 23 33 33 15 32 35 31 32 33 35 32 40 31 33 40 39 2 11 33 33 33 32 31 32 4 31 40 35 31 35 40 31 31 29 35 35 33 31 31 35 35 35 40 35 32 31 35 32 32 31 35 31 31 10 32 28 35 35 33 33 35
split_gain=1561.28 1733.95 3367.9 3770.6 2872.96 2079.73 9458.31 3838.22 2096.77 1680.36 5549.95 2726.79 1968.82 4849.58 3384.58 1515.12 1455.97 1883.99 1273.92 2550.91 7220.13 2362.19 1495.05 1234.78 1234.15 1164.7 1274.48 1994.39 1599.12 1270.83 2357.02 2145.72 3774.22 2488.92 1968.86 1950.9 4760.49 1874.48 4470.65 1440.31 2502.72 2857.16 1532.51 1395.82 1714.27 2892.54 1670.93 2016.3 1544.63 3289.64 2408.47 2180.87 1509.62 1892.52 1508.82 1241.04 1159.61 2229.61 1378.76 1227.45 2064.4 1143.29
threshold=1.0000000180025095e-35 1.0000000180025095e-35 482.15000000000003 469.35000000000008 1.0000000180025095e-35 424.95000000000005 543.55000000000007 68.950000000000017 418.85000000000008 12.750000000000002 873.85000000000014 474.15000000000003 1.5000000000000002 406.85000000000008 183.15000000000001 5.5000000000000009 1.0000000180025095e-35 1.0000000180025095e-35 1.0000000180025095e-35 107.75000000000001 8.1500000000000004 321.25000000000006 270.75000000000006 404.95000000000005 253.05000000000004 1.0000000180025095e-35 404.95000000000005 2.5000000000000004 741.05000000000007 332.05000000000007 1225.1500000000003 3.5000000000000004 476.65000000000003 489.95000000000005 1.0000000180025095e-35 1187.8500000000001 978.05000000000007 2.2500000000000004 400.75000000000006 398.85000000000008 651.1500000000002 838.80000000000018 466.75000000000006 5.5000000000000009 789.1500000000002 171.95000000000002 11.550000000000002 458.85000000000008 27.850000000000005 94.050000000000011 144.45000000000002 489.9500000000001 228.25000000000003 127.75000000000001 1.0000000180025095e-35 73.200000000000003 1.0000000180025095e-35 707.6500000000002 137.55000000000004 51.750000000000007 291.45000000000005 426.25000000000006
decision_type=2 2 2 2 2 2 2 2 2 2 2 2 2 2 2 2 2 2 2 2 2 2 2 2 2 2 2 2 2 2 2 2 2 2 2 2 2 2 2 2 2 2 2 2 2 2 2 2 2 2 2 2 2 2 2 2 2 2 2 2 2 2
left_child=1 56 3 4 5 8 -7 -8 18 11 -11 -9 -12 14 -14 -16 -2 23 25 20 24 22 -21 -18 -20 29 27 -27 -29 30 43 32 39 34 35 36 37 -33 -39 55 42 -42 -41 44 46 -46 47 -3 51 50 -50 -48 53 -47 -51 -31 -1 58 -58 -59 -61 -45
right_child=16 2 -4 -5 -6 6 7 9 -10 10 12 -13 13 -15 15 -17 17 -19 19 21 -22 -23 -24 -25 -26 26 -28 28 -30 31 -32 33 -34 -35 -36 -37 -38 38 -40 40 41 -43 -44 61 45 52 48 -49 49 54 -52 -53 -54 -55 -56 -57 57 59 -60 60 -62 -63
leaf_value=-0.0040088504229389412 -0.0096803555378237646 -0.0034340309444814924 -0.4393771969609791 0.54199755790790449 -0.43050486881984401 1.1676843160932715 -0.55903628213065015 0.20612558360193289 -0.45563577251000842 0.81776766560294412 -0.29582997778287301 -0.35339252019399092 -0.57005746006965641 0.7574408986738751 0.364592927210033 -0.13159988772869111 -0.15156761100229793 0.041804976670617437 0.62510521203279501 0.3486970377274049 -0.70897901919153006 0.053815603176964093 0.88040885806083691 0.0068605701859090849 0.076296795106359894 -0.36080833075239377 -0.40182837009429928 -0.10739209440577289 0.32782832189248157 0.088529566217006916 0.54437596321105963 0.061937219525376952 0.74680883064866066 -0.43034960255026822 0.52836254239082336 -0.42604106989773838 0.63218134219447775 0.17213724170412337 -0.62702724388667519 0.047989633216550857 -0.66553718610243362 0.070076882839202881 0.60266374140977863 -0.0045430959706815582 -0.76593427777290346 -0.24948311555385591 0.014730716830589952 0.61031316248295109 -0.014758443427272143 -0.0012993387105624851 -0.69909307940138721 0.55449417769908915 -0.33309745875800534 0.344150214590903 -0.34469729810953142 0.45046631237864498 -0.15963518066065652 0.19809656461987357 0.0086115451731128764 -0.036205580340465532 0.12894587258709753 0.15645403068731814
leaf_weight=23725 1999 32 36 38 32 22 21 51 22 33 26 38 20 28 40 25 627 232 20 39 27 47 20 153 21 34 30 46 39 45 20 279 29 28 21 22 33 35 35 33 22 33 20 240 20 25 291 23 20 287 36 20 41 29 36 50 133 208 1442 320 463 204
leaf_count=23725 1999 32 36 38 32 22 21 51 22 33 26 38 20 28 40 25 627 232 20 39 27 47 20 153 21 34 30 46 39 45 20 279 29 28 21 22 33 35 35 33 22 33 20 240 20 25 291 23 20 287 36 20 41 29 36 50 133 208 1442 320 463 204
internal_value=-0.000146682 0.00340499 0.0410765 0.0474168 0.0404301 0.0460998 0.169173 0.0912745 0.0302059 0.143598 0.234859 -0.0327698 0.09647 0.186734 -0.00126387 0.17375 -0.034419 -0.083285 0.0347893 0.164934 -0.0740897 0.318271 0.528938 -0.120491 0.344008 0.0242957 -0.110584 -0.0371615 0.0922973 0.0342992 0.00569539 0.0895861 0.213242 0.0262566 0.0563389 0.031803 0.058171 0.00389494 -0.227445 0.137019 0.0121079 -0.224169 0.257301 -0.00256658 -0.0397362 -0.219412 -0.0120009 0.253224 -0.033142 -0.100909 -0.454688 0.0494422 -0.104355 0.06932 -0.0395728 0.279023 -0.000555451 0.0313744 -0.00559596 0.0901314 0.061451 0.0694286
internal_weight=32066 29055 2764 2728 2690 2658 304 282 2354 261 172 89 139 113 85 65 3011 1012 2332 174 68 106 59 780 41 2158 149 119 85 2009 1324 685 232 453 425 404 382 349 70 203 108 55 53 1304 860 115 745 55 690 379 56 311 95 54 323 95 26291 2566 1575 991 783 444
internal_count=32066 29055 2764 2728 2690 2658 304 282 2354 261 172 89 139 113 85 65 3011 1012 2332 174 68 106 59 780 41 2158 149 119 85 2009 1324 685 232 453 425 404 382 349 70 203 108 55 53 1304 860 115 745 55 690 379 56 311 95 54 323 95 26291 2566 1575 991 783 444
is_linear=0
shrinkage=0.05


Tree=125
num_leaves=63
num_cat=0
split_feature=5 10 13 36 2 31 34 34 32 32 23 33 33 31 36 36 40 33 31 33 33 21 31 31 31 32 31 31 36 31 32 32 32 31 36 31 31 33 34 39 31 31 36 23 32 31 34 29 33 39 31 31 32 32 33 21 23 31 32 40 33 28
split_gain=1803.7 1819.54 1492.46 2293.38 1434.74 2422.2 1594.04 2475.27 3699.58 2256.15 1703.13 2502.67 3308.63 2129.78 5449.91 6574.27 2596.3 2132.83 1951.75 2047.75 6339.98 4751.4 2857.85 3345.98 3840.15 5490.94 2090.81 1956.21 3689.25 1903.22 2176.6 1840.3 2118.63 1801.6 1744.49 1637.46 1626.7 1473.36 1444.48 1303.05 2469.14 1882.08 2168.65 2210.02 1363.08 1267.69 1457.32 1341.3 1243.28 1305.98 1665.74 1953.15 1312 1228.6 1207.63 1174.14 3296.36 1153.34 1129.37 1162.38 1068.04 1058.72
threshold=1.0000000180025095e-35 1.0000000180025095e-35 1.0000000180025095e-35 251.61250000000004 1.0000000180025095e-35 372.45000000000005 19.850000000000005 72.500000000000014 396.45000000000005 109.25000000000001 1.0000000180025095e-35 466.95000000000005 434.15000000000003 442.85000000000008 311.45833333333337 272.41250000000008 4.5000000000000009 29.750000000000004 432.55000000000007 131.65000000000001 19.750000000000004 1.0000000180025095e-35 390.65000000000003 22.450000000000003 165.05000000000004 414.85000000000008 89.550000000000011 384.75000000000006 349.91250000000008 40.000000000000007 476.25000000000006 430.85000000000008 412.85000000000008 85.750000000000014 192.21666666666673 374.55000000000007 332.05000000000007 492.55000000000007 370.45000000000005 1.0000000180025095e-35 54.150000000000013 167.05000000000004 281.01000000000005 1.0000000180025095e-35 386.85000000000008 189.65000000000001 62.750000000000007 1.0000000180025095e-35 492.55000000000007 1.0000000180025095e-35 66.65000000000002 40.000000000000007 483.80000000000001 240.45000000000002 482.15000000000003 1.0000000180025095e-35 1.0000000180025095e-35 2.3500000000000001 177.55000000000004 4.5000000000000009 269.40000000000003 1.0000000180025095e-35
decision_type=2 2 2 2 2 2 2 2 2 2 2 2 2 2 2 2 2 2 2 2 2 2 2 2 2 2 2 2 2 2 2 2 2 2 2 2 2 2 2 2 2 2 2 2 2 2 2 2 2 2 2 2 2 2 2 2 2 2 2 2 2 2
left_child=1 2 4 55 6 38 10 8 9 -8 -1 12 13 18 15 16 -15 58 19 20 27 -22 23 -21 25 26 -25 29 -29 -12 31 32 33 -31 -28 53 -26 54 57 -2 44 42 43 -42 60 -43 47 -47 49 -3 51 -51 -52 -35 -9 -4 61 -6 -16 -60 -41 -57
right_child=39 48 3 -5 5 -7 7 37 -10 -11 11 -13 -14 14 17 -17 -18 -19 -20 22 21 -23 -24 24 36 -27 34 28 -30 30 -32 -33 -34 35 -36 -37 -38 -39 -40 40 41 45 -44 -45 -46 46 -48 -49 -50 50 52 -53 -54 -55 -56 56 -58 -59 59 -61 -62 -63
leaf_value=-0.0010599641844019254 -0.013372014013904424 -0.013744599334612541 0.013189012703435725 0.23779588593601517 0.36759533442202069 0.12407030085438116 -0.45438083610364366 -0.029531374647567155 -0.83250737436439681 0.042221456595771922 0.32878774268471678 -0.37508597671985627 0.54646844004883488 0.57342483388340992 -0.024998585139778821 1.1846892723670372 -0.16998303756117822 -0.46531037628650673 -0.35838936774525793 -0.31514834027205196 -0.17124479641206564 -0.98410508632659921 -0.28245527411208438 0.69992823445278673 0.0088754679542034868 1.2282973800386703 -0.22165008158910846 0.61383660508365168 0.039587478315859868 -0.21743623324540221 -0.48104179838429328 0.39008703385629961 -0.5106222176551819 0.014037281504705876 0.38597175225063607 -0.34213280241404265 0.36203005262043164 -0.42678368331297584 0.2132417018429926 0.31156474602493378 -0.079380123640816563 0.17918865855783225 -0.65726684882090647 -0.45852546656832982 0.53044114864685321 -0.0033244174050060904 -0.17330664950878102 -0.40424932607195596 0.35738345041871017 -0.096834462375889691 -0.078217692602730288 -0.57022615747677319 0.23470265345914024 0.171111674064511 0.28532005443928704 0.042764460863829026 0.54449251772541751 -0.0053457647871027946 0.031125728005454656 0.55118987763469873 -0.16179060296227155 0.30703508443221816
leaf_weight=17626 1999 1808 1930 143 21 634 35 1733 23 66 46 34 34 23 74 26 24 20 32 28 64 25 34 23 112 21 21 41 88 79 23 31 20 587 27 28 46 23 83 22 156 50 26 51 22 403 266 22 20 53 780 37 35 158 31 501 38 1617 21 22 26 41
leaf_count=17626 1999 1808 1930 143 21 634 35 1733 23 66 46 34 34 23 74 26 24 20 32 28 64 25 34 23 112 21 21 41 88 79 23 31 20 587 27 28 46 23 83 22 156 50 26 51 22 403 266 22 20 53 780 37 35 158 31 501 38 1617 21 22 26 41
internal_value=-0.000390546 0.00344084 0.00746756 0.0430319 0.00348712 0.0405244 -0.000598453 -0.0441723 -0.260197 -0.129868 0.00368541 0.0498454 0.0579712 0.0484478 0.197785 0.546727 0.193812 0.0118519 0.028004 0.0362361 0.00634251 -0.399576 0.150253 0.203174 0.261226 0.518035 0.307957 0.0391552 0.222101 0.0148754 -0.000718531 0.0115156 -0.00194277 0.00999806 0.120137 0.0332417 0.111693 -0.0291824 0.00974693 -0.0370172 -0.082292 -0.102906 -0.226854 -0.172793 0.204537 -0.0639317 -0.0815236 -0.0240782 -0.0353927 -0.0382883 -0.0873213 -0.291451 -0.0647794 0.0473497 -0.0239983 0.0319358 0.0943175 -0.000564469 0.0934181 0.297205 0.0551639 0.0627554
internal_weight=32133 29090 26357 2653 23704 2355 21349 1911 124 101 19438 1812 1778 1744 210 73 47 137 1534 1502 1190 89 312 278 250 92 71 1101 129 972 926 903 872 852 48 773 158 1787 1721 3043 1044 974 233 207 70 741 691 425 2733 2713 905 90 815 745 1764 2510 580 1638 117 43 48 542
internal_count=32133 29090 26357 2653 23704 2355 21349 1911 124 101 19438 1812 1778 1744 210 73 47 137 1534 1502 1190 89 312 278 250 92 71 1101 129 972 926 903 872 852 48 773 158 1787 1721 3043 1044 974 233 207 70 741 691 425 2733 2713 905 90 815 745 1764 2510 580 1638 117 43 48 542
is_linear=0
shrinkage=0.05


Tree=126
num_leaves=63
num_cat=0
split_feature=24 4 7 34 6 33 31 38 30 35 8 35 36 31 13 33 33 23 34 33 9 31 23 36 36 36 35 36 10 31 9 33 31 38 31 8 21 18 31 11 35 23 35 34 33 23 31 36 36 35 36 31 40 33 36 31 40 33 33 36 35 38
split_gain=1831.34 1389.9 1546.52 1714.97 1635.11 2288.23 1709.16 1880.86 1604.08 1308.74 1258.24 1720.98 1333.04 1257.14 1226.59 1193 2335.98 1123.02 1058.64 1795.43 1203.67 2876.85 1070.77 2769 3717.26 2027.46 881.564 835.535 821.409 961.563 2150.3 1969.97 1838.8 1665.13 1439.57 1340.89 1226.84 1445.58 880.555 832.115 1093.39 1996.97 2408.8 2097.2 1828.68 1914.74 1625.27 4865.96 3218.32 1410.26 3098.78 2128.63 1736.47 1382.23 1239.66 1205.05 1065.8 910.705 793.88 1317.8 781.212 1116.45
threshold=1.0000000180025095e-35 1.0000000180025095e-35 1.0000000180025095e-35 472.75000000000006 1.0000000180025095e-35 353.65000000000003 464.85000000000008 1.0000000180025095e-35 1.0000000180025095e-35 916.25000000000011 1.0000000180025095e-35 894.95000000000016 73.516666666666694 414.45000000000005 1.0000000180025095e-35 131.65000000000001 423.05000000000007 1.0000000180025095e-35 27.400000000000002 472.55000000000007 1.0000000180025095e-35 388.85000000000008 1.0000000180025095e-35 245.81250000000003 321.08333333333343 216.37083333333337 1020.4500000000002 185.05833333333337 1.0000000180025095e-35 328.15000000000003 1.0000000180025095e-35 311.35000000000008 357.45000000000005 1.0000000180025095e-35 420.25000000000006 1.0000000180025095e-35 1.0000000180025095e-35 1.0000000180025095e-35 406.85000000000008 1.0000000180025095e-35 1096.7500000000002 1.0000000180025095e-35 978.05000000000007 97.300000000000026 297.15000000000003 1.0000000180025095e-35 450.45000000000005 317.01666666666671 181.62666666666669 723.1500000000002 331.81666666666672 404.95000000000005 2.5000000000000004 269.40000000000003 278.07083333333338 378.65000000000003 5.5000000000000009 477.95000000000005 263.65000000000003 256.81666666666672 437.25000000000006 1.0000000180025095e-35
decision_type=2 2 2 2 2 2 2 2 2 2 2 2 2 2 2 2 2 2 2 2 2 2 2 2 2 2 2 2 2 2 2 2 2 2 2 2 2 2 2 2 2 2 2 2 2 2 2 2 2 2 2 2 2 2 2 2 2 2 2 2 2 2
left_child=1 2 28 4 5 6 8 9 10 -8 12 -12 -4 15 -14 -6 -17 -7 22 20 58 26 -3 25 -25 -24 -22 -2 29 -1 39 35 -33 34 -34 36 37 60 -39 40 41 -31 43 46 45 -42 48 -48 -43 50 52 -51 -50 -44 -46 -54 -41 -56 59 -20 -32 -62
right_child=27 18 3 -5 13 17 7 -9 -10 -11 11 -13 14 -15 -16 16 -18 -19 19 -21 21 -23 23 24 -26 -27 -28 -29 -30 30 31 32 33 -35 -36 -37 -38 38 -40 56 44 42 53 -45 54 -47 47 -49 49 51 -52 -53 55 -55 57 -57 -58 -59 -60 -61 61 -63
leaf_value=-0.0010774534771230691 0.0051303264686400063 -0.022266294022894501 -0.19240888023660296 0.47374429003052088 -0.2421307028152726 0.14115690438125689 0.17600876869267373 -0.23881798464318982 -0.41656943575612138 0.55504674379314689 -0.24627855804631082 0.21067221793863508 0.029601461535135098 -0.46207725988192999 0.19062993570114486 0.19291697270433669 -0.38687977698510112 0.42524126306176185 -0.072918064553202461 0.24089332508782926 -0.26221335210690372 -0.76069563912308746 0.11230689802340099 0.68225382371125998 -0.081332414876669645 -0.50023766972801897 0.11562710782656303 -0.054314807637684238 -0.024853657066280444 -0.00051319644363120073 -0.012789059624851993 -0.09720919883769491 0.3425880342296192 0.063887964487075816 0.83936140060424802 -0.23707229565171636 0.24751735830641525 -0.018453453909605743 -0.4635655900835991 0.022828041056217628 -0.11187019725330175 -0.52398172815640764 0.70836904247601828 -0.43399725258350375 -0.29718799055553974 -0.56798472675410183 0.67610768668873367 0.025930034026674844 0.036134317091533114 0.12093960967930882 0.013361274961128154 -0.39748737994167538 0.26987773652734431 0.152911829380762 0.00079317150770553523 0.70571971501622888 0.15683147180030979 0.32649342070023218 -0.1540492677864117 0.21631134512259609 0.1724484525377821 -0.071133724767072457
leaf_weight=14713 817 2025 63 23 55 267 122 23 21 28 87 27 1554 22 128 71 23 40 243 39 38 23 35 37 28 22 26 2138 2382 4348 150 23 35 25 25 34 98 25 20 500 76 24 24 20 32 33 43 87 28 44 198 36 29 21 203 35 211 24 208 47 249 58
leaf_count=14713 817 2025 63 23 55 267 122 23 21 28 87 27 1554 22 128 71 23 40 243 39 38 23 35 37 28 22 26 2138 2382 4348 150 23 35 25 25 34 98 25 20 500 76 24 24 20 32 33 43 87 28 44 198 36 29 21 203 35 211 24 208 47 249 58
internal_value=-0.000371019 0.00342764 0.00696266 0.0439412 0.0400354 0.0508532 0.0318144 0.182206 0.0179753 0.246763 0.0228841 -0.138053 0.033398 -0.109263 0.0418557 -0.0571699 0.0510518 0.178171 -0.0302603 -0.087586 -0.109485 -0.281078 -0.0135993 0.130259 0.353324 -0.124114 -0.108716 -0.0378794 0.00300328 0.00609374 0.0217063 0.102015 0.299407 0.406727 0.549577 0.0683898 0.0856993 0.0541094 -0.216281 0.0118012 0.00499352 0.0111909 0.0975905 0.0685088 -0.0781489 -0.24996 0.0876884 0.240989 0.037107 0.073502 0.124772 -0.112353 0.364548 0.449156 -0.00584232 0.508229 0.0625956 0.0352284 -0.0795074 -0.026043 0.0807342 0.12643
internal_weight=32133 29178 26407 2554 2531 2360 2053 173 1880 150 1859 114 1745 171 1682 149 94 307 2771 624 585 87 2147 122 65 57 64 2955 23853 21471 6758 742 108 85 60 634 600 502 45 6016 5305 4937 589 544 368 109 524 130 394 370 290 80 92 45 259 64 711 227 498 290 457 307
internal_count=32133 29178 26407 2554 2531 2360 2053 173 1880 150 1859 114 1745 171 1682 149 94 307 2771 624 585 87 2147 122 65 57 64 2955 23853 21471 6758 742 108 85 60 634 600 502 45 6016 5305 4937 589 544 368 109 524 130 394 370 290 80 92 45 259 64 711 227 498 290 457 307
is_linear=0
shrinkage=0.05


Tree=127
num_leaves=63
num_cat=0
split_feature=5 10 35 6 4 38 8 9 35 40 40 29 40 32 32 32 32 34 32 34 40 32 40 36 35 31 39 31 36 34 32 31 35 31 32 40 32 36 31 28 35 2 32 31 25 32 29 34 35 39 31 31 32 34 35 35 32 36 32 36 39 32
split_gain=1625.53 1546.29 1358.09 2358.66 2603.76 2351.94 2711.39 2504.68 2052.93 2118.6 3340.95 2648.78 2221.42 1389.35 1741.52 1355.94 2812.29 1233.5 1226.13 2845.88 2045.06 1902.05 1313.81 1816.43 2134.33 1958.51 1197.71 2217.2 1745.95 1929.3 2030.07 2449.73 1759.64 1623.09 1385.3 1256.09 1234.63 1230.6 1151.79 1111.27 1082.41 1204.67 1196.08 1059.82 1046.64 1118.6 1043.14 1248.29 1085.37 1010.88 1488.63 1859.09 1354.11 1030.17 2303.22 1000.24 1884.74 1094.44 1890.72 998.137 1505.57 985.904
threshold=1.0000000180025095e-35 1.0000000180025095e-35 461.4500000000001 1.0000000180025095e-35 1.0000000180025095e-35 1.0000000180025095e-35 1.0000000180025095e-35 1.0000000180025095e-35 880.85000000000002 3.5000000000000004 1.5000000000000002 1.0000000180025095e-35 5.5000000000000009 491.15000000000003 485.65000000000003 60.750000000000007 83.450000000000017 407.7000000000001 177.55000000000004 295.2000000000001 4.5000000000000009 217.05000000000004 5.5000000000000009 252.83333333333337 1096.7500000000002 271.65000000000003 1.0000000180025095e-35 54.150000000000013 329.71250000000009 89.90000000000002 418.85000000000008 136.05000000000004 1008.7500000000001 404.95000000000005 73.200000000000003 4.5000000000000009 386.85000000000008 307.47500000000008 337.75000000000006 1.0000000180025095e-35 1225.1500000000003 1.0000000180025095e-35 422.85000000000008 40.000000000000007 1.0000000180025095e-35 374.65000000000003 1.0000000180025095e-35 470.75000000000006 753.45000000000016 1.0000000180025095e-35 66.65000000000002 40.000000000000007 483.80000000000001 426.25000000000006 1187.8500000000001 998.25000000000011 454.55000000000007 289.95500000000004 416.95000000000005 299.32916666666671 1.0000000180025095e-35 240.45000000000002
decision_type=2 2 2 2 2 2 2 2 2 2 2 2 2 2 2 2 2 2 2 2 2 2 2 2 2 2 2 2 2 2 2 2 2 2 2 2 2 2 2 2 2 2 2 2 2 2 2 2 2 2 2 2 2 2 2 2 2 2 2 2 2 2
left_child=1 2 -1 4 5 6 7 8 9 10 43 -12 -11 14 18 -9 -17 -18 19 20 -10 -20 23 24 39 -25 -2 36 29 30 32 -32 33 34 -29 -33 -28 -36 -21 -23 41 -8 -43 -4 46 -46 47 -6 -48 -3 51 -51 53 55 -55 56 -52 -57 -59 60 -50 -30
right_child=26 49 3 -5 44 -7 40 15 13 12 11 -13 -14 -15 -16 16 17 -19 21 38 -22 22 -24 25 -26 -27 27 28 61 -31 31 35 -34 -35 37 -37 -38 -39 -40 -41 -42 42 -44 -45 45 -47 48 -49 59 50 52 -53 -54 54 -56 57 -58 58 -60 -61 -62 -63
leaf_value=-0.0027429045290169292 -0.012453728517083118 -0.010852502936937694 0.22988627838591735 -0.037694488727482878 -0.0091386810813571234 -0.0010796017062384875 -0.047816298136590732 0.29928201974636709 0.36208701269967219 -0.046299230472634872 0.24860930018548055 -0.054589126062240791 0.057524679854051568 0.5012208273704164 -0.33795813322067264 -0.46111183047294618 0.12741461010190444 0.47804636697356523 -0.26410480386182444 0.35253646719184789 -0.17465688813891678 -0.080614114501823986 0.24322150073059634 0.48555701731851225 -0.52834591499783778 0.08575883403986316 0.051111885750045383 -0.31200483192290585 0.37845659971237189 -0.23118672218617875 -0.79193164527416238 -0.38522346188192785 0.42587862104177482 -0.28409330903306212 0.043990026001477903 0.14323462654243818 0.50344208693978465 -0.35155618730045501 0.87022694775036402 0.30431275320053103 0.19141136165397865 0.042517153674153374 0.43595866262912752 -0.0019829375349353483 -0.058412607379935005 -0.33293102420866494 0.046568974161054939 0.34142377422406128 -0.12729367035087841 -0.080099239200353625 -0.064423107924134873 -0.54018908032291646 0.24578995563917691 0.026866605281829839 -0.6834255323523567 0.22723425334629913 -0.51669578738510613 -0.22702148459585653 0.24566248955533787 -0.052761476682271907 -0.64613350872640263 0.0042840880018715959
leaf_weight=15179 1999 1813 54 1519 1089 2436 876 129 35 957 397 88 1116 25 20 20 711 26 33 22 36 75 164 38 22 158 48 35 20 292 20 23 20 65 309 22 22 21 21 25 60 99 24 564 110 56 50 26 29 54 573 37 36 25 21 60 24 56 34 41 27 147
leaf_count=15179 1999 1813 54 1519 1089 2436 876 129 35 957 397 88 1116 25 20 20 711 26 33 22 36 75 164 38 22 158 48 35 20 292 20 23 20 65 309 22 22 21 21 25 60 99 24 564 110 56 50 26 29 54 573 37 36 25 21 60 24 56 34 41 27 147
internal_value=-0.000352468 0.00328476 0.00699682 0.0202227 0.029331 0.0401439 0.0574727 0.0736453 0.0562021 0.0393825 0.0953668 0.193596 0.00959439 0.135459 0.12137 0.149443 0.123909 0.139784 0.135975 0.284351 0.0899352 0.10313 0.128273 0.0689912 -0.0824742 0.163271 -0.0351231 -0.0785293 -0.0980633 -0.128516 -0.070303 -0.331502 -0.0325743 -0.0538977 -0.0129039 -0.126866 0.193273 0.0188189 0.605362 0.0156176 -0.0148538 -0.0272421 0.119286 0.0182775 -0.0329947 -0.151021 -0.0174698 -0.000964131 -0.142666 -0.0325143 -0.0752021 -0.267169 -0.0541298 -0.0677453 -0.297397 -0.0536034 -0.0826049 0.0618225 -0.048452 -0.24021 -0.377449 0.0490952
internal_weight=32133 29090 26357 11178 9659 8231 5795 4736 3850 3176 1103 485 2073 674 649 886 757 737 629 114 71 515 482 318 122 196 3043 1044 974 807 515 65 450 430 365 45 70 330 43 100 1059 999 123 618 1428 166 1262 1115 147 2733 920 91 829 793 46 747 597 150 90 97 56 167
internal_count=32133 29090 26357 11178 9659 8231 5795 4736 3850 3176 1103 485 2073 674 649 886 757 737 629 114 71 515 482 318 122 196 3043 1044 974 807 515 65 450 430 365 45 70 330 43 100 1059 999 123 618 1428 166 1262 1115 147 2733 920 91 829 793 46 747 597 150 90 97 56 167
is_linear=0
shrinkage=0.05


Tree=128
num_leaves=63
num_cat=0
split_feature=24 5 39 13 36 32 32 36 10 29 11 18 32 39 32 40 32 33 34 38 34 23 23 32 32 32 36 32 32 32 33 33 36 36 32 34 36 36 32 40 40 32 36 36 40 40 34 23 34 38 36 21 33 34 33 32 34 32 34 36 32 32
split_gain=1704.1 1416.64 1389.87 1356.1 2037.91 1350.05 1180.59 1152.71 1463.46 1555.77 1768.31 1425.35 1750.75 2657.91 1385.44 1376.19 1416 1194.74 1193.91 2586.97 1105.51 2762.84 1197.92 2516.15 3908.13 1886.67 4239.84 2491.93 1854.57 2944.17 1451.35 1169.1 1565.14 1494.92 1114.28 1063.27 1054.63 2158.59 2766.83 1629.44 2109.4 1266.5 1052.99 1583.29 1391.72 1675.9 1020.29 1599.34 1108.43 1075 989.758 1122.32 979.876 1835.87 1296.72 1631.86 3179.84 1326.02 1863.65 1262.2 1624.38 1151.2
threshold=1.0000000180025095e-35 1.0000000180025095e-35 1.0000000180025095e-35 1.0000000180025095e-35 251.61250000000004 63.150000000000013 28.750000000000004 180.51666666666668 1.0000000180025095e-35 1.0000000180025095e-35 1.0000000180025095e-35 1.0000000180025095e-35 476.25000000000006 1.0000000180025095e-35 133.75000000000003 5.5000000000000009 179.45000000000002 442.95000000000005 453.00000000000006 1.0000000180025095e-35 361.05000000000007 1.0000000180025095e-35 1.0000000180025095e-35 446.55000000000007 430.85000000000008 410.95000000000005 334.03333333333336 51.750000000000007 123.35000000000001 150.05000000000004 196.95000000000002 2.2500000000000004 315.18333333333339 327.63333333333338 298.45000000000005 448.75000000000006 256.81666666666672 311.45833333333337 374.65000000000003 1.5000000000000002 5.5000000000000009 185.55000000000004 194.51250000000002 215.17083333333335 1.5000000000000002 5.5000000000000009 283.35000000000008 1.0000000180025095e-35 130.55000000000004 1.0000000180025095e-35 325.31250000000006 1.0000000180025095e-35 385.45000000000005 292.45000000000005 207.65000000000001 410.95000000000005 10.250000000000002 382.75000000000006 76.250000000000014 231.11250000000004 247.15000000000001 185.55000000000004
decision_type=2 2 2 2 2 2 2 2 2 2 2 2 2 2 2 2 2 2 2 2 2 2 2 2 2 2 2 2 2 2 2 2 2 2 2 2 2 2 2 2 2 2 2 2 2 2 2 2 2 2 2 2 2 2 2 2 2 2 2 2 2 2
left_child=1 3 -2 7 35 6 -4 17 9 10 11 18 -13 -14 -12 -16 -17 -1 20 -20 22 -22 -9 24 25 27 -27 -24 30 -30 -29 33 -33 -25 -23 -5 41 -38 39 -39 -41 -31 -43 -44 -45 -46 48 49 -10 -48 51 -18 54 -54 57 -56 -57 59 -59 -7 61 -61
right_child=2 -3 5 4 -6 52 -8 8 46 -11 14 12 13 -15 15 16 50 -19 19 -21 21 34 23 31 -26 26 -28 28 29 36 -32 32 -34 -35 -36 -37 37 38 -40 40 -42 42 43 44 45 -47 47 -49 -50 -51 -52 -53 53 -55 55 56 -58 58 -60 60 -62 -63
leaf_value=-0.010332564751992027 -0.012857905415793803 -0.030406008200598817 -0.1375589240425163 0.027124480016649279 0.2339940420101182 -0.12670268611970645 -0.55577257363884536 0.016575097609304288 -0.030107652253600098 -0.029366256212014743 0.016707356240992888 -0.018965888342083528 -0.0067180274381629518 -0.65239746782130437 0.072057114781138853 0.5746272072196007 0.021655030089896173 -0.28771204091190622 0.53225584112935598 -0.019127733564863986 0.014641901982575657 -0.20562038110650105 0.0097027024260520206 0.29687690827995539 0.64747589201696465 -0.53908132484980997 0.37351135283708575 0.22088022716343403 -0.33399009396952972 0.39633957787796303 0.7352435087164243 -0.11041925837916713 -0.67774866055697203 -0.22174771197817544 -0.70937584525062924 0.30865328632404698 0.38611417879176335 -0.14937371158599852 -0.43341101833752227 0.57627733606771614 0.038273559170109883 0.26261171491997731 -0.31250202465606369 0.40784066319465639 -0.27919025666573466 0.26008471071720124 -0.1844916586984986 -0.5159194581508636 0.13511607763143854 0.092221471424299206 0.32618415714115712 0.29111053028650452 -0.094037344288913818 -0.51403148585196701 -0.016725000466989434 -0.15139451548457147 0.65188644432595799 -0.13275852523158105 -0.60700507026027761 0.049847301063330282 -0.059483889530279811 0.5400008747577667
leaf_weight=8457 2002 2812 45 2468 130 197 27 7622 1477 1596 605 1302 37 28 584 24 120 39 36 52 125 23 463 24 31 35 20 32 31 27 24 31 20 33 21 34 123 25 21 38 35 36 38 23 34 25 97 25 109 55 74 57 123 33 230 22 28 89 27 23 84 25
leaf_count=8457 2002 2812 45 2468 130 197 27 7622 1477 1596 605 1302 37 28 584 24 120 39 36 52 125 23 463 24 31 35 20 32 31 27 24 31 20 33 21 34 123 25 21 38 35 36 38 23 34 25 97 25 109 55 74 57 123 33 230 22 28 89 27 23 84 25
internal_value=-0.000334845 0.00332948 -0.0365167 0.00692745 0.040979 -0.0862177 -0.294389 0.00315128 0.0113792 0.0169839 0.0232113 0.0159786 -0.0316088 -0.284857 0.0746652 0.115485 0.207711 -0.0116058 0.0231683 0.206438 0.0213683 -0.105301 0.0238034 0.0709328 0.0943366 0.0776887 -0.207229 0.093761 0.169775 0.136427 0.441322 -0.158987 -0.332901 -0.00337945 -0.446049 0.0309502 0.170739 0.239232 0.0874129 0.199018 0.31833 0.0801645 0.0254419 -0.0457091 0.0779266 -0.0506839 -0.0314594 -0.145319 -0.0187524 -0.0843652 0.172628 0.108429 -0.0692048 -0.182882 -0.0447446 0.039555 0.298443 -0.097787 -0.243143 -0.0465367 0.073105 0.305136
internal_weight=32133 29178 2955 26366 2632 953 72 23734 15238 13475 11879 10415 1367 65 1464 859 275 8496 9048 88 8960 169 8791 1169 1061 1030 55 975 512 456 56 108 51 57 44 2502 425 242 119 98 73 183 156 120 82 59 1763 177 1586 152 251 177 881 156 725 280 50 445 116 329 132 48
internal_count=32133 29178 2955 26366 2632 953 72 23734 15238 13475 11879 10415 1367 65 1464 859 275 8496 9048 88 8960 169 8791 1169 1061 1030 55 975 512 456 56 108 51 57 44 2502 425 242 119 98 73 183 156 120 82 59 1763 177 1586 152 251 177 881 156 725 280 50 445 116 329 132 48
is_linear=0
shrinkage=0.05


Tree=129
num_leaves=63
num_cat=0
split_feature=5 10 2 35 32 36 35 34 32 40 40 34 4 40 35 13 36 34 34 32 32 4 34 31 9 34 32 33 35 23 40 33 23 33 33 31 36 36 40 33 31 33 33 32 31 31 31 32 31 32 31 36 38 31 31 18 36 31 36 36 31 32
split_gain=1334.95 1292.05 1222.21 2232.55 1904.81 1747.75 1482.08 1729.43 1424.97 1322.86 3378.24 2589.75 1815.76 1726.91 2208.5 1149.99 1845.71 1330.14 2162.59 3296.91 2026.86 1542.05 1349.74 1210.08 2847.02 1584.19 1182.29 1115.12 1171.07 1366.81 1090.29 1626.76 1084.13 2232.82 2880.65 1758.17 4405.35 6159.69 2089.75 1915.69 1678.89 1259.61 5744.13 4046.32 3153.01 2733.47 3489.75 1679.63 3504.21 2685.13 1670.39 3047.63 1702.7 1549.76 1801.04 1514.1 1478.29 1474.02 2066.36 1482.33 1279.44 1240.93
threshold=1.0000000180025095e-35 1.0000000180025095e-35 1.0000000180025095e-35 487.35000000000008 69.250000000000014 176.81250000000003 967.45000000000016 165.90000000000003 495.05000000000007 1.0000000180025095e-35 3.5000000000000004 335.05000000000001 1.0000000180025095e-35 5.5000000000000009 1279.4000000000003 1.0000000180025095e-35 251.61250000000004 19.850000000000005 72.500000000000014 396.45000000000005 109.25000000000001 1.0000000180025095e-35 10.250000000000002 374.55000000000007 1.0000000180025095e-35 248.55000000000004 247.15000000000001 492.55000000000007 1170.4500000000003 1.0000000180025095e-35 1.5000000000000002 363.85000000000008 1.0000000180025095e-35 466.95000000000005 434.15000000000003 442.85000000000008 311.45833333333337 272.41250000000008 4.5000000000000009 29.750000000000004 432.55000000000007 131.65000000000001 19.750000000000004 376.75000000000006 390.65000000000003 22.450000000000003 77.15000000000002 414.85000000000008 240.95000000000002 367.85000000000008 384.75000000000006 349.91250000000008 1.0000000180025095e-35 40.000000000000007 85.750000000000014 1.0000000180025095e-35 166.41000000000003 332.05000000000007 258.24166666666673 212.78750000000005 370.15000000000003 171.95000000000002
decision_type=2 2 2 2 2 2 2 2 2 2 2 2 2 2 2 2 2 2 2 2 2 2 2 2 2 2 2 2 2 2 2 2 2 2 2 2 2 2 2 2 2 2 2 2 2 2 2 2 2 2 2 2 2 2 2 2 2 2 2 2 2 2
left_child=1 2 15 -4 6 -6 7 -5 9 -7 11 12 30 -12 -15 17 -17 22 19 20 -19 -20 32 -23 25 -25 -24 28 -3 -30 -11 -32 -1 34 35 40 37 38 -37 -38 41 42 50 61 45 -43 -47 49 -49 56 52 -52 53 -34 -55 60 -48 58 59 -58 -56 -44
right_child=-2 27 3 4 5 8 -8 -9 -10 10 13 -13 -14 14 -16 16 -18 18 21 -21 -22 23 26 24 -26 -27 -28 -29 29 -31 31 -33 33 -35 -36 36 39 -39 -40 -41 -42 44 43 -45 -46 46 47 48 -50 -51 51 -53 -54 54 55 -57 57 -59 -60 -61 -62 -63
leaf_value=-0.0013716170981792522 -0.031828094451001369 -0.023731161583410973 -0.01646389475548618 0.29326754851705011 -0.12362243389089903 -0.023113667799455673 0.63058544031920893 -0.084801958241434994 -0.3134923240736775 0.06203737500551585 -0.01451141995966124 0.80565193701874138 -0.15547810010612012 0.10801498316378422 0.64729656487703324 0.025077302613227007 0.21941273748412612 -0.42715573185256556 -0.0023761498549633147 -0.78287476923154753 0.043536559667325385 -0.061005877268560715 0.0079404902830719961 -0.35258192383218562 -0.76584577675570142 0.084586193637792462 0.53910586695102125 0.34223462507128716 -0.10700602098484524 -0.54542142689228068 0.28624746644181082 0.78379201829433454 0.30891958468431691 -0.36206138732240484 0.50279082761091354 0.49506304264068607 0.084996682750936761 1.1059022518304678 -0.17958793093760808 -0.44452619135379789 -0.33885534022701908 -0.29597236836063012 -0.40400372702499915 -0.9085044980049134 -0.34480841963580167 0.84185300384249018 -0.13806109966770294 0.91645148055894043 0.085227462835609918 -0.41018870965294219 0.55995221399679418 0.038021837737919256 -0.31126178671152166 -0.20757849343121051 0.036809231207874799 0.44353514679453587 0.031857539184631842 0.5744859916192514 -0.25633105311704724 0.49506771029570162 -0.27251582724707468 0.04431195584210483
leaf_weight=17589 3043 2533 1060 102 120 233 21 43 23 37 375 22 26 374 20 2311 129 35 1403 23 66 279 20 40 22 43 22 20 160 20 92 20 46 34 34 22 117 26 24 20 32 28 29 26 33 21 31 21 32 23 41 88 39 85 745 22 31 27 23 39 35 33
leaf_count=17589 3043 2533 1060 102 120 233 21 43 23 37 375 22 26 374 20 2311 129 35 1403 23 66 279 20 40 22 43 22 20 160 20 92 20 46 34 34 22 117 26 24 20 32 28 29 26 33 21 31 21 32 23 41 88 39 85 745 22 31 27 23 39 35 33
internal_value=-0.000318102 0.00297804 0.00637125 0.0391419 0.0782283 0.0584643 0.238007 0.18115 0.0763452 0.0838233 0.109617 0.294355 0.230077 0.062291 0.13539 0.00283368 0.0353516 -0.000882823 -0.0406867 -0.242606 -0.119575 -0.0266755 0.0030304 -0.115457 -0.26014 -0.126097 0.28617 -0.029746 -0.0324882 -0.155719 0.297356 0.375095 0.00241729 0.0392978 0.0469944 0.038083 0.174109 0.49076 0.143071 0.00769407 0.0195016 0.0271568 0.00378347 -0.384942 0.117095 0.172322 0.225194 0.168147 0.41458 0.0930833 0.0348533 0.203907 0.0124172 0.0259472 0.0112722 0.0344671 0.169741 0.249256 0.154835 0.289932 0.0229293 -0.165384
internal_weight=32133 29090 26357 2568 1508 1342 166 145 1222 1199 966 197 175 769 394 23789 2440 21349 1911 124 101 1787 19438 384 105 83 42 2733 2713 180 149 112 19396 1807 1773 1739 209 72 46 137 1530 1498 1189 88 309 276 248 227 53 174 1101 129 972 933 887 802 151 120 93 70 780 62
internal_count=32133 29090 26357 2568 1508 1342 166 145 1222 1199 966 197 175 769 394 23789 2440 21349 1911 124 101 1787 19438 384 105 83 42 2733 2713 180 149 112 19396 1807 1773 1739 209 72 46 137 1530 1498 1189 88 309 276 248 227 53 174 1101 129 972 933 887 802 151 120 93 70 780 62
is_linear=0
shrinkage=0.05


Tree=130
num_leaves=63
num_cat=0
split_feature=5 10 2 35 35 13 23 34 31 34 34 23 23 36 31 33 34 31 31 31 33 31 39 31 34 34 31 36 31 33 34 31 25 36 36 7 25 4 36 39 31 31 34 38 23 35 33 34 35 34 33 35 33 31 31 7 11 31 36 35 34 35
split_gain=1203.17 1270.59 1535.16 2208.17 1302.18 1071.55 1473.64 1689.67 1333.84 1066.55 1763.09 2411.06 1528.72 1471.83 1811.99 1092.94 1034.09 1022.45 2037.68 1289.43 1003.17 1448.66 995.486 2815.5 1863.27 1143.61 943.351 1628.97 2146.59 1810.24 1759.9 1601.5 923.405 891.947 885.457 1195.82 879.695 1207.6 851.25 849.883 1572.9 1530.17 1339.04 1030.14 1652.61 800.514 1095.75 784.944 2397.58 1822.02 1823.82 1096.87 1268.22 1260.54 982.103 777.576 921.404 1677.87 891.768 857.106 1150.72 972.837
threshold=1.0000000180025095e-35 1.0000000180025095e-35 1.0000000180025095e-35 522.6500000000002 1531.0000000000002 1.0000000180025095e-35 1.0000000180025095e-35 173.65000000000001 420.25000000000006 335.05000000000001 130.55000000000004 1.0000000180025095e-35 1.0000000180025095e-35 354.54166666666669 323.95000000000005 357.45000000000005 209.85000000000005 136.05000000000004 244.95000000000002 380.65000000000003 349.40000000000003 113.05000000000001 1.0000000180025095e-35 66.65000000000002 1.0500000000000003 285.75000000000006 416.15000000000003 315.18333333333339 481.05000000000007 253.25000000000003 130.55000000000004 404.95000000000005 1.0000000180025095e-35 151.95833333333337 122.24166666666669 1.0000000180025095e-35 1.0000000180025095e-35 1.0000000180025095e-35 145.05500000000004 1.0000000180025095e-35 54.150000000000013 62.750000000000007 287.35000000000008 1.0000000180025095e-35 1.0000000180025095e-35 789.1500000000002 104.05000000000001 361.05000000000007 1279.4000000000003 392.15000000000003 239.35000000000005 1122.0000000000002 390.05000000000007 466.85000000000008 386.75000000000006 1.0000000180025095e-35 1.0000000180025095e-35 323.95000000000005 307.47500000000008 728.6500000000002 118.65000000000002 818.95000000000016
decision_type=2 2 2 2 2 2 2 2 2 2 2 2 2 2 2 2 2 2 2 2 2 2 2 2 2 2 2 2 2 2 2 2 2 2 2 2 2 2 2 2 2 2 2 2 2 2 2 2 2 2 2 2 2 2 2 2 2 2 2 2 2 2
left_child=1 2 4 -4 5 36 34 8 20 10 12 15 32 14 -11 -12 -17 -14 -19 -20 21 33 -3 24 -24 -26 31 28 30 -29 -28 -25 38 -8 -7 -36 -1 55 -5 -2 42 -42 -41 47 -45 -39 -47 48 51 -49 -51 53 -53 -43 -52 56 59 -58 -57 60 -38 -61
right_child=39 22 3 9 -6 6 7 -9 -10 13 11 -13 17 -15 -16 16 -18 18 19 -21 -22 -23 23 26 25 -27 27 29 -30 -31 -32 -33 -34 -35 35 -37 37 45 -40 40 41 43 -44 44 -46 46 -48 49 -50 50 54 52 -54 -55 -56 58 57 -59 -60 61 -62 -63
leaf_value=0.0019997925396173931 -0.010759656694986693 -0.0075347291700122903 -0.0069243979265605562 -0.25465862098194303 0.22457584537227049 -0.0059378499989295591 0.09822433240435742 0.57634619655816455 -0.26411842644214628 0.14869373337607142 -0.10134170714213893 -0.5622444090518085 -0.022870466255006338 -0.19956338793039322 0.53573466903042222 -0.075445351305489364 0.3408414202928543 0.7637196849221769 -0.070412273829181998 0.42903134758983347 0.50017730444669728 0.2937761412217067 -0.60867412832842493 -0.051755042562404513 0.065573806161510526 -0.39588933098316192 0.16311088134209778 0.10031210329288093 -0.22845213729001226 -0.4322814741068417 0.70497118714063067 -0.43795570332024786 0.22649111138737721 -0.34232198024168614 0.035301801957021886 0.18911566987101522 -0.023934225630007383 -0.058771415792916039 0.067696140346088049 0.021724032024119766 -0.49522184106436645 -0.053945510372989697 0.51019737184047698 -0.0432064237913437 0.44331381827505539 -0.58917619109153752 -0.16671318372880872 -0.62277045683427301 0.37350414284858213 0.1703902174554327 -0.12032522492367646 -0.50322524056290141 -0.050006524190820502 -0.35067166956631762 -0.57576673269271861 0.037479448365047574 -0.027084301432134 0.34209453189826533 0.37929347235223521 -0.23185879521648445 0.35839592359960082 -0.057122559831901037
leaf_weight=18996 2006 1819 1180 21 66 1207 27 23 20 108 108 22 21 20 42 26 35 23 24 28 20 52 37 650 29 25 43 39 21 27 23 28 92 20 900 147 1231 104 827 47 22 616 20 64 24 20 66 22 29 34 29 33 29 38 20 112 93 46 23 105 20 330
leaf_count=18996 2006 1819 1180 21 66 1207 27 23 20 108 108 22 21 20 42 26 35 23 24 28 20 52 37 650 29 25 43 39 21 27 23 28 92 20 900 147 1231 104 827 47 22 616 20 64 24 20 66 22 29 34 29 33 29 38 20 112 93 46 23 105 20 330
internal_value=0.000263593 0.00340297 0.00679095 0.0434356 0.00279428 0.00217304 0.0337184 0.179377 0.113692 0.0859731 0.0697114 -0.0698765 0.0954463 0.203344 0.257065 -0.00578127 0.163408 0.285503 0.371847 0.198519 0.177189 0.111939 -0.0289874 -0.0713112 -0.335347 -0.148067 -0.0423975 0.0697463 0.211846 -0.117567 0.351941 -0.0677043 0.0760362 -0.0892422 0.0232496 0.0568974 -0.00143112 -0.0317445 0.0597133 -0.0296976 -0.0666884 -0.0830354 0.167537 -0.0733679 0.0894809 -0.152099 -0.26496 -0.0902275 -0.0721892 -0.218214 -0.110982 -0.090241 -0.291236 -0.0711865 -0.30622 -0.0200774 -0.0286429 0.09509 0.0957144 -0.0388439 -0.0178218 -0.0993003
internal_weight=31979 28946 26205 2577 23628 23562 2416 162 139 1397 1227 191 1036 170 150 169 61 96 75 52 119 99 2741 922 91 54 831 153 87 66 66 678 940 47 2254 1047 21146 2150 848 3033 1027 960 67 938 88 190 86 850 745 105 83 716 62 654 49 1960 1825 139 135 1686 1251 435
internal_count=31979 28946 26205 2577 23628 23562 2416 162 139 1397 1227 191 1036 170 150 169 61 96 75 52 119 99 2741 922 91 54 831 153 87 66 66 678 940 47 2254 1047 21146 2150 848 3033 1027 960 67 938 88 190 86 850 745 105 83 716 62 654 49 1960 1825 139 135 1686 1251 435
is_linear=0
shrinkage=0.05


Tree=131
num_leaves=63
num_cat=0
split_feature=40 40 40 35 9 40 9 32 31 39 36 18 37 13 35 23 31 32 39 23 31 31 31 31 38 31 7 35 21 31 9 37 21 31 31 35 4 5 35 31 32 5 36 36 39 32 35 32 39 18 31 36 35 23 32 36 31 40 32 39 28 4
split_gain=1228.89 2531.43 2751.14 3109.59 3096.7 2203.97 2528.98 2176.41 2293.24 1986.8 2066.3 2549.19 1815.49 1654.1 1618.64 1602.54 1880.5 1350.64 1261.57 1229.59 4230.26 2994.12 3272.61 3986.8 2137.97 1949.02 1191.29 1217.63 1030.88 1290.74 1516.44 2030.52 1026.59 993.054 943.02 926.431 1668.02 1058.08 1215.7 976.452 1261.73 873.418 850.46 1589.61 1368.27 961.581 848.403 894.799 820.642 1212.93 1221.56 2433.43 1641.27 2323.35 1627.32 1216.91 1017.08 816.08 1342.9 1270.42 789.365 3698.08
threshold=5.5000000000000009 4.5000000000000009 1.5000000000000002 1279.4000000000003 1.0000000180025095e-35 2.5000000000000004 1.0000000180025095e-35 73.200000000000003 234.65000000000001 1.0000000180025095e-35 286.95833333333343 1.0000000180025095e-35 3.5000000000000004 1.0000000180025095e-35 1279.4000000000003 1.0000000180025095e-35 412.55000000000007 470.75000000000006 1.0000000180025095e-35 1.0000000180025095e-35 60.550000000000004 158.95000000000002 454.25000000000006 372.45000000000005 1.0000000180025095e-35 292.25000000000006 1.0000000180025095e-35 818.95000000000016 1.0000000180025095e-35 240.95000000000002 1.0000000180025095e-35 4.5000000000000009 1.0000000180025095e-35 458.45000000000005 394.65000000000003 480.05000000000007 1.0000000180025095e-35 1.0000000180025095e-35 873.85000000000014 470.95000000000005 129.45000000000002 1.0000000180025095e-35 236.61000000000004 211.48750000000004 1.0000000180025095e-35 472.65000000000003 1032.6500000000003 115.15000000000002 1.0000000180025095e-35 1.0000000180025095e-35 426.45000000000005 218.61250000000004 1083.5500000000002 1.0000000180025095e-35 200.75000000000003 250.51000000000002 372.45000000000005 3.5000000000000004 458.65000000000003 1.0000000180025095e-35 1.0000000180025095e-35 1.0000000180025095e-35
decision_type=2 2 2 2 2 2 2 2 2 2 2 2 2 2 2 2 2 2 2 2 2 2 2 2 2 2 2 2 2 2 2 2 2 2 2 2 2 2 2 2 2 2 2 2 2 2 2 2 2 2 2 2 2 2 2 2 2 2 2 2 2 2
left_child=1 2 18 5 15 6 9 -8 -9 -4 11 13 -3 -11 26 16 32 -16 -1 -14 -21 -22 23 24 25 -23 28 33 -2 42 48 34 -5 -28 -32 -7 37 38 57 40 -38 60 43 -30 -45 -44 47 -39 -31 50 52 -52 53 56 -55 -53 -50 -37 -59 -60 -20 -62
right_child=14 12 3 4 -6 35 7 8 -10 10 -12 -13 19 -15 17 -17 -18 -19 41 20 21 22 -24 -25 -26 -27 27 -29 29 30 31 -33 -34 -35 -36 36 39 46 -40 -41 -42 -43 45 44 -46 -47 -48 -49 49 -51 51 55 -54 54 -56 -57 -58 58 59 -61 61 -63
leaf_value=0.00030085607915615495 -0.0037025628003965376 -0.018926671997758257 0.0021034135610779191 0.44723741311965326 0.74650773672530291 -0.0076115191093135666 0.037132500484585766 0.19432920272030482 0.73349753477071467 0.065839763740060869 0.28068082390353083 -0.32260748113652599 -0.064269519759333274 0.39907142291235376 0.10209584897839941 0.48231697465692253 -0.20574106455939575 0.47110201100508375 -0.040920472424652743 0.42063847056900461 -0.72420692294836053 0.14951702144585158 -0.77810065738856793 0.47390463304519659 -0.60255516192742764 -0.41229320947940534 0.016535310840461986 0.16054330578434373 0.0078414926136556977 0.025677298889115897 0.28332579223947091 -0.11214959540590644 0.030047249820393824 0.27320518327876925 0.68425217433409258 0.081471836782822341 0.1459783179599505 -0.16832485615970477 0.13425114818840536 -0.36781217141900791 -0.1043672225345135 -0.13236387727442944 0.30974691720472447 0.025496819783602992 -0.40819288946010857 -0.093603823503310035 -0.23511321696088366 0.05163902473338533 0.099445660649553735 -0.21547462226202094 -0.30782908318010538 0.45567666292190556 -0.13376759332087304 0.88794104845627497 0.27916313807169596 -0.023580334278253411 0.47000859836521358 0.021545443174670581 0.014644732885062696 -0.48982563316822053 0.1357851153818396 -0.58149625407531857
leaf_weight=4557 6762 5375 699 29 26 3503 52 41 38 278 160 38 1164 43 143 28 41 30 2547 24 32 38 20 25 28 26 651 248 1292 638 44 25 30 40 22 608 65 61 458 26 223 243 45 31 44 22 46 191 95 24 37 27 27 23 21 26 23 629 24 26 177 20
leaf_count=4557 6762 5375 699 29 26 3503 52 41 38 278 160 38 1164 43 143 28 41 30 2547 24 32 38 20 25 28 26 651 248 1292 638 44 25 30 40 22 608 65 61 458 26 223 243 45 31 44 22 46 191 95 24 37 27 27 23 21 26 23 629 24 26 177 20
internal_value=0.000250413 -0.00652499 0.00496744 0.0267097 0.249026 0.0219605 0.0795811 0.28833 0.453676 0.0571294 0.13124 0.0646363 -0.0319732 0.110478 0.0144296 0.147975 0.0543592 0.166085 -0.0162532 -0.0836499 -0.200535 -0.288749 -0.187036 -0.0859992 -0.238147 -0.0787184 0.0118491 0.0655031 0.00638946 0.0340627 0.0767037 0.271606 0.235107 0.0313932 0.416968 0.00869598 0.0329324 0.0494224 0.0642923 -0.074358 -0.0478656 -0.0415081 0.00337549 -0.00514914 -0.228934 0.177303 -0.0376509 -0.0016062 0.0578556 0.125611 0.154951 0.00333895 0.227148 0.2873 0.597388 0.220569 0.171674 0.0393962 0.00172031 -0.24768 -0.0334622 0.0629647
internal_weight=31979 21639 14907 7363 154 7209 1349 131 79 1218 519 359 6732 321 10340 128 100 173 7544 1357 193 169 137 117 92 64 10167 939 9228 2466 1032 91 59 691 66 5860 2357 2043 1745 314 288 2987 1434 1367 75 67 298 252 941 303 279 90 189 162 44 53 118 1287 679 50 2744 197
internal_count=31979 21639 14907 7363 154 7209 1349 131 79 1218 519 359 6732 321 10340 128 100 173 7544 1357 193 169 137 117 92 64 10167 939 9228 2466 1032 91 59 691 66 5860 2357 2043 1745 314 288 2987 1434 1367 75 67 298 252 941 303 279 90 189 162 44 53 118 1287 679 50 2744 197
is_linear=0
shrinkage=0.05


Tree=132
num_leaves=63
num_cat=0
split_feature=40 40 40 35 9 34 23 32 32 32 40 9 32 39 36 18 34 6 35 23 11 39 32 39 21 36 11 9 34 32 35 34 32 23 35 36 35 35 4 5 35 7 5 34 23 35 32 32 35 32 34 34 40 32 39 18 37 36 32 10 32 32
split_gain=1109.07 2284.62 2482.9 2806.4 2794.77 2259.66 2041.72 4598.64 3198.58 2484.26 1989.08 2282.41 1964.21 1793.08 1864.84 2300.64 1823.34 1948.16 1460.83 1446.3 1864.28 1301.72 1218.95 1138.57 1082.05 1163.47 1210.38 1273.47 3497.75 1575.78 1025.51 1013.33 974.059 937.126 1517.09 1725.8 1273.21 836.104 1505.39 954.919 1097.17 816.011 788.26 967.686 1132.7 1730.65 787.337 772.39 765.683 807.556 752.389 743.781 736.512 1211.96 1146.55 770.383 1298.96 1455.37 714.857 927.92 712.688 2031.63
threshold=5.5000000000000009 4.5000000000000009 1.5000000000000002 1279.4000000000003 1.0000000180025095e-35 87.350000000000009 1.0000000180025095e-35 231.95000000000002 308.35000000000008 117.35000000000001 2.5000000000000004 1.0000000180025095e-35 73.200000000000003 1.0000000180025095e-35 286.95833333333343 1.0000000180025095e-35 97.300000000000026 1.0000000180025095e-35 1279.4000000000003 1.0000000180025095e-35 1.0000000180025095e-35 1.0000000180025095e-35 470.75000000000006 1.0000000180025095e-35 1.0000000180025095e-35 166.41000000000003 1.0000000180025095e-35 1.0000000180025095e-35 29.350000000000005 206.95000000000002 1351.1500000000003 152.40000000000003 170.05000000000004 1.0000000180025095e-35 552.6500000000002 209.12916666666669 389.25000000000006 480.05000000000007 1.0000000180025095e-35 1.0000000180025095e-35 873.85000000000014 1.0000000180025095e-35 1.0000000180025095e-35 407.7000000000001 1.0000000180025095e-35 940.45000000000016 181.65000000000001 129.45000000000002 1032.6500000000003 115.15000000000002 78.600000000000009 29.350000000000005 3.5000000000000004 458.65000000000003 1.0000000180025095e-35 1.0000000180025095e-35 2.5000000000000004 192.21666666666673 446.55000000000007 1.0000000180025095e-35 489.55000000000007 483.80000000000001
decision_type=2 2 2 2 2 2 2 2 2 2 2 2 2 2 2 2 2 2 2 2 2 2 2 2 2 2 2 2 2 2 2 2 2 2 2 2 2 2 2 2 2 2 2 2 2 2 2 2 2 2 2 2 2 2 2 2 2 2 2 2 2 2
left_child=1 2 23 10 19 50 -7 9 -9 -8 11 13 -13 -4 15 16 17 33 24 20 -5 -14 -20 -1 -2 -26 27 41 -29 -30 -10 -28 -11 34 -15 -36 -35 -12 39 40 52 -27 60 44 -44 -46 -18 -40 49 -41 51 -3 55 58 -55 -39 -57 -58 59 -54 61 -25
right_child=18 5 3 4 -6 6 7 8 30 32 37 12 21 14 -16 -17 46 -19 22 -21 -22 -23 -24 42 25 26 31 28 29 -31 -32 -33 -34 36 35 -37 -38 38 47 48 -42 -43 43 -45 45 -47 -48 -49 -50 -51 -52 -53 53 54 -56 56 57 -59 -60 -61 -62 -63
leaf_value=0.00028581320843435088 0.001549378856321722 -0.019287187134652491 0.0019982424331391772 -0.059665648383383132 0.70918233979206824 -0.072588287425557882 -0.37404890917241573 -1.0398499069978362 -0.12614684977701732 0.51614953450858592 -0.0072309428266557592 0.035275873140646861 0.24997338618744505 0.13097632111401747 0.26664678550558163 -0.30647711106821113 0.60746336067500328 -0.36297859476506711 0.096991055453573907 0.45820111291749144 0.47036709700311929 0.65855870395898819 0.44754690508047745 -0.032733945369280329 0.0078416485008093988 0.024049881833249836 0.13128407846908183 0.47583402408646047 -0.44096617542207239 0.15996288135647774 -0.57155338569233816 0.438397788976294 0.022677518129348758 0.026230184982220336 -0.51837514665993778 0.068898576086965105 0.52674502145361024 0.10085823660775746 0.062362110488875605 -0.15990861376411603 0.12753859036541076 0.17140417255505566 -0.094436812298868356 0.19049586897546597 -0.59870571820966656 -0.010829133079165505 0.17851432710886003 -0.11687693764043916 -0.22335755191743376 0.049057073710749605 0.25403414285182951 -0.22334295263927847 0.032689808898764321 0.01391249659160773 -0.46533435216316815 0.1547475077607669 0.031647089487299898 -0.50829827431589369 0.31460399836301806 -0.16327627922463067 -0.2169549254737064 0.39540297873318198
leaf_weight=4557 7508 5855 699 79 26 668 24 23 28 20 3503 52 44 151 160 38 23 25 143 28 21 35 30 2665 1423 893 98 59 20 24 24 37 20 24 22 29 27 518 81 61 458 105 169 22 31 21 20 233 46 191 25 45 541 24 26 40 26 24 20 68 51 28
leaf_count=4557 7508 5855 699 79 26 668 24 23 28 20 3503 52 44 151 160 38 23 25 143 28 21 35 30 2665 1423 893 98 59 20 24 24 37 20 24 22 29 27 518 81 61 458 105 169 22 31 21 20 233 46 191 25 45 541 24 26 40 26 24 20 68 51 28
internal_value=0.000237892 -0.00619874 0.00471906 0.0253742 0.236575 -0.0303746 -0.108867 -0.283213 -0.548879 0.0281151 0.0208625 0.0756021 0.273914 0.054273 0.124678 0.0614045 0.104954 0.0580878 0.0137081 0.140576 0.0516412 0.430992 0.157781 -0.0154405 0.0112566 0.0386661 0.0741542 0.0568283 0.224214 -0.113187 -0.331719 0.215456 0.269414 0.0996951 0.0513427 -0.184435 0.291209 0.00826118 0.0312858 0.0469513 0.0610776 0.0395531 -0.0394327 -0.125746 -0.157227 -0.361294 0.407952 -0.0706401 -0.0357684 -0.00152589 -0.0196837 -0.0208435 0.0374264 0.0016343 -0.235296 0.0773982 -0.057627 -0.227527 0.0204682 0.0108085 -0.0317891 -0.0282825
internal_weight=31979 21639 14907 7363 154 6732 807 139 75 64 7209 1349 131 1218 519 359 321 278 10340 128 100 79 173 7544 10167 2659 1236 1101 103 44 52 135 40 253 202 51 51 5860 2357 2043 1745 998 2987 243 221 52 43 314 298 252 5925 5900 1287 679 50 608 90 50 629 609 2744 2693
internal_count=31979 21639 14907 7363 154 6732 807 139 75 64 7209 1349 131 1218 519 359 321 278 10340 128 100 79 173 7544 10167 2659 1236 1101 103 44 52 135 40 253 202 51 51 5860 2357 2043 1745 998 2987 243 221 52 43 314 298 252 5925 5900 1287 679 50 608 90 50 629 609 2744 2693
is_linear=0
shrinkage=0.05


Tree=133
num_leaves=63
num_cat=0
split_feature=12 2 40 35 10 29 40 35 40 40 35 40 2 36 31 31 37 20 32 35 35 9 39 31 31 35 5 4 36 31 36 5 31 36 36 25 21 39 2 35 39 31 37 4 35 24 32 31 36 36 24 32 35 32 35 31 9 31 39 32 9 7
split_gain=1134.37 1513.69 1575.92 993.099 943.632 1061.09 1220.57 1802.45 1476.14 2312.02 3500.2 2296.93 2327.92 2018.4 1693.19 1942.8 1255.87 1203.45 1181.16 1984.89 2219.16 1393.18 1584.66 1310.11 1162.1 1062.2 1257.7 1301.69 1376.58 1196.63 1057.8 1032.04 1395.44 1601.96 1678.63 1688.21 1440.11 1397.64 1669.53 2356.74 933.348 2217.07 1348.24 1047.99 2339.42 1512.44 1710.11 1311.3 946.658 1702.76 903.087 891.669 1297.37 866.71 865.087 854.96 1386.24 825.092 808.248 941.107 1079.05 1147.36
threshold=1.0000000180025095e-35 1.0000000180025095e-35 1.0000000180025095e-35 853.25000000000011 1.0000000180025095e-35 1.0000000180025095e-35 5.5000000000000009 735.20000000000016 4.5000000000000009 1.5000000000000002 1279.4000000000003 2.5000000000000004 1.0000000180025095e-35 286.95833333333343 462.55000000000007 398.85000000000008 3.5000000000000004 1.0000000180025095e-35 139.85000000000005 557.30000000000007 495.25000000000006 1.0000000180025095e-35 1.0000000180025095e-35 410.45000000000005 464.85000000000008 696.75000000000011 1.0000000180025095e-35 1.0000000180025095e-35 272.41250000000008 400.75000000000006 221.96250000000003 1.0000000180025095e-35 492.05000000000007 216.37083333333337 223.16250000000005 1.0000000180025095e-35 1.0000000180025095e-35 1.0000000180025095e-35 1.0000000180025095e-35 812.6500000000002 1.0000000180025095e-35 66.65000000000002 3.5000000000000004 1.0000000180025095e-35 933.35000000000025 1.0000000180025095e-35 310.15000000000003 416.15000000000003 305.71666666666675 279.41250000000008 1.0000000180025095e-35 123.35000000000001 1032.6500000000003 266.15000000000003 104.55000000000003 29.050000000000004 1.0000000180025095e-35 400.75000000000006 1.0000000180025095e-35 492.65000000000003 1.0000000180025095e-35 1.0000000180025095e-35
decision_type=2 2 2 2 2 2 2 2 2 2 2 2 2 2 2 2 2 2 2 2 2 2 2 2 2 2 2 2 2 2 2 2 2 2 2 2 2 2 2 2 2 2 2 2 2 2 2 2 2 2 2 2 2 2 2 2 2 2 2 2 2 2
left_child=4 -2 -3 -4 5 6 8 54 9 58 11 12 18 30 15 -12 -10 31 19 20 -11 22 -20 -24 -18 -13 27 28 50 -29 -14 32 33 36 -35 -36 -9 -38 39 -39 -6 42 -42 45 -45 47 -47 57 49 -49 -27 -28 -53 -5 -8 56 -56 -43 -1 60 -60 -62
right_child=1 2 3 53 40 -7 7 17 16 10 14 25 13 -15 -16 -17 24 -19 21 -21 -22 -23 23 -25 -26 26 51 29 -30 -31 -32 -33 -34 34 35 -37 37 38 -40 -41 41 43 -44 44 -46 46 -48 48 -50 -51 -52 52 -54 -55 55 -57 -58 -59 59 -61 61 -63
leaf_value=-0.00024808152798726332 0.018822333787236856 -0.14367297391096753 0.13879591120947754 0.6295339237559926 -0.0098485604271650474 -0.03011013758465321 -0.037982367571283669 -0.14252676305671533 -0.015777019344229214 0.02851470539156092 0.38257647926401761 -0.0033884881812593832 0.26065763179645984 0.54880178408051028 0.67775926423760557 -0.20969387039542201 -0.069937720020734673 -0.25495525438870703 -0.039224898006716767 -0.3207110186417898 0.56556638277135796 0.41035610316104676 0.14417266843042204 0.55125195135672889 -0.34622080871602523 0.094089820649798803 -0.3292110716717111 0.044453376491864524 0.20811337825408083 -0.31314265413401543 -0.17948484957218169 -0.01016088748384001 0.4076944867042559 -0.25257860302198226 0.10449875186829474 -0.082901970333569538 0.099821689916585674 0.18831407890237611 0.076562725983817012 0.78349537085264165 -0.56112354252049157 -0.032037545548305048 -0.14778313421188516 -0.64474445937768277 0.00081274393532011248 -0.063244072131572224 -0.65626690365839746 0.077216103127816835 0.0047200314203898119 0.62248888720165607 -0.12092406924573645 0.089663427894314141 -0.26204363474169295 0.21918567722483029 0.063472930000073494 0.010434680506981662 0.44356699956294438 -0.28917455431638345 -0.044752053369681917 -0.3500048654774825 0.013157280229709365 0.31596324560118888
leaf_weight=3255 2773 39 155 22 1828 2614 875 24 4141 503 45 3523 43 49 26 20 785 28 110 39 20 43 112 24 40 230 27 75 251 34 20 280 35 41 753 143 69 29 29 39 34 571 47 23 36 31 20 41 75 22 62 90 37 31 310 4894 26 33 2208 24 132 41
leaf_count=3255 2773 39 155 22 1828 2614 875 24 4141 503 45 3523 43 49 26 20 785 28 110 39 20 43 112 24 40 230 27 75 251 34 20 280 35 41 753 143 69 29 29 39 34 571 47 23 36 31 20 41 75 22 62 90 37 31 310 4894 26 33 2208 24 132 41
internal_value=0.000225998 0.0293871 0.147994 0.202682 -0.00281508 0.000114999 0.00346509 0.0200012 -0.00435934 0.00582215 0.0292816 0.0239945 0.0938363 0.308124 0.336745 0.200339 -0.0270001 0.0697056 0.0656339 0.0233923 0.0490521 0.147778 0.101881 0.21601 -0.0833333 0.00845801 0.0602387 0.0905935 0.122246 -0.0670903 0.12093 0.0760097 0.0967736 0.0871177 0.0602741 0.0745899 0.219499 0.27184 0.394204 0.529668 -0.0306174 -0.0713091 -0.321284 -0.0475438 -0.250845 -0.032418 -0.295802 -0.0143148 0.124744 0.267629 0.0484362 -0.0682767 -0.0128024 0.389519 0.0080331 0.0157317 0.092885 -0.0460864 -0.0164892 -0.0384704 -0.0353302 0.0849205
internal_weight=31979 3020 247 208 28959 26198 23584 7575 16009 11043 5383 5292 963 112 91 65 4966 1470 851 562 523 289 246 136 825 4329 806 652 543 109 63 1442 1162 1127 937 896 190 166 97 68 2761 933 81 852 59 793 51 742 138 63 292 154 127 53 6105 5230 336 604 5660 2405 2381 173
internal_count=31979 3020 247 208 28959 26198 23584 7575 16009 11043 5383 5292 963 112 91 65 4966 1470 851 562 523 289 246 136 825 4329 806 652 543 109 63 1442 1162 1127 937 896 190 166 97 68 2761 933 81 852 59 793 51 742 138 63 292 154 127 53 6105 5230 336 604 5660 2405 2381 173
is_linear=0
shrinkage=0.05


Tree=134
num_leaves=63
num_cat=0
split_feature=12 2 35 21 36 35 32 32 36 9 7 31 35 32 13 23 32 32 36 32 23 36 23 36 2 10 31 39 37 31 21 37 23 9 36 28 7 32 35 35 9 23 31 36 37 31 39 32 32 28 11 35 31 36 39 31 32 31 35 31 32 11
split_gain=1023.77 1366.11 1161.35 887.368 1482.19 1592.53 1475.1 1311.28 1207.22 1325.23 1227.39 1484.35 1126.75 1117.33 1108.84 1655.52 891.33 2097.46 3126.83 976.738 2113.25 913.576 2920.59 2035.06 1081.7 868.151 1114.35 1157.32 995.597 843.791 838.337 834.22 1591.69 791.628 786.153 1010.22 1167.03 1164.67 922.849 852.975 834.147 1046.5 3707.62 1535.89 862.89 804.156 783.893 1069.77 762.961 754.01 747.195 838.237 1192.41 745.452 1455.5 1859.58 845.943 2128.19 837.349 742.504 741.265 707.375
threshold=1.0000000180025095e-35 1.0000000180025095e-35 794.6500000000002 1.0000000180025095e-35 259.61250000000007 1249.5000000000002 159.75000000000003 274.55000000000007 362.04166666666669 1.0000000180025095e-35 1.0000000180025095e-35 326.15000000000003 437.25000000000006 496.55000000000007 1.0000000180025095e-35 1.0000000180025095e-35 29.850000000000005 115.15000000000002 325.31250000000006 56.050000000000004 1.0000000180025095e-35 272.41250000000008 1.0000000180025095e-35 256.81666666666672 1.0000000180025095e-35 1.0000000180025095e-35 68.950000000000017 1.0000000180025095e-35 3.5000000000000004 466.85000000000008 1.0000000180025095e-35 2.5000000000000004 1.0000000180025095e-35 1.0000000180025095e-35 133.56250000000003 1.0000000180025095e-35 1.0000000180025095e-35 125.55000000000001 794.6500000000002 924.45000000000016 1.0000000180025095e-35 1.0000000180025095e-35 131.65000000000001 192.21666666666673 2.5000000000000004 152.75000000000003 1.0000000180025095e-35 87.750000000000014 440.45000000000005 1.0000000180025095e-35 1.0000000180025095e-35 1155.7500000000002 481.05000000000007 166.41000000000003 1.0000000180025095e-35 386.75000000000006 314.05000000000007 89.550000000000011 662.50000000000011 335.95000000000005 5.2500000000000009 1.0000000180025095e-35
decision_type=2 2 2 2 2 2 2 2 2 2 2 2 2 2 2 2 2 2 2 2 2 2 2 2 2 2 2 2 2 2 2 2 2 2 2 2 2 2 2 2 2 2 2 2 2 2 2 2 2 2 2 2 2 2 2 2 2 2 2 2 2 2
left_child=3 34 30 8 5 14 -6 -7 13 10 49 -12 -11 16 31 -16 60 18 19 20 -18 23 24 -21 59 -19 27 -27 -29 -13 -3 32 -5 -8 -2 36 39 -38 -39 40 41 61 -43 -44 -42 -41 -25 -48 -35 50 51 -10 -53 54 -33 56 58 -58 -56 -23 -1 -36
right_child=1 2 -4 4 6 7 33 -9 9 12 11 29 -14 -15 15 -17 17 25 -20 21 -22 22 -24 46 -26 26 -28 28 -30 -31 -32 53 -34 48 35 -37 37 38 -40 45 44 42 43 -45 -46 -47 47 -49 -50 -51 -52 52 -54 -55 55 -57 57 -59 -60 -61 -62 -63
leaf_value=-0.0054192017808608424 -0.0074386115097805384 0.019291516113375037 0.30478111531833812 0.018881273240027027 0.35034398556842161 0.044477896460077986 0.041517179266367506 -0.44814014699975302 -0.01168211005312034 -0.030373576291999139 0.44202626432691305 0.01751591944290946 0.16029248630989401 -0.28120462223887444 0.050873244612889557 0.40468645215034488 -0.11110862222022744 -0.0060417656523520623 -0.69828113168478012 -0.053018907735665401 -0.6445294613187964 -0.35946252750498908 0.61907101631164552 -0.12758946205752017 0.24167718709476535 -0.050521718222191751 -0.038701513887949637 -0.63173683350500864 -0.16125496314330534 0.18868339996446262 0.31412485673509799 -0.0001472117569009411 0.34095472836723695 0.11538519851035543 -0.027338522857897191 0.17134638003926805 0.34963268228050959 0.18155026590001996 -0.13803163150677811 -0.33026183173060419 0.45118157182421004 0.52755686856806283 0.17159162312746049 -0.41983689911987476 0.089091046223122833 -0.038443011374711393 -0.24095434313639999 -0.70022473886963876 0.47056267949796865 0.066548051832081276 0.059722505991752411 -0.077729844172154117 -0.49286957960575822 0.0041936877475056934 -0.034303318869179908 -0.49133803934372705 -0.66464258907806306 -0.04032010436058045 -0.21391169106293667 -0.033514722587110905 0.052294337713328636 0.11665400304276535
leaf_weight=7339 1456 143 75 2341 48 22 542 35 2755 109 28 264 268 39 597 35 119 6411 20 1110 22 21 20 39 31 49 1015 23 22 99 29 884 39 54 616 143 53 58 37 31 21 40 21 23 76 99 32 21 21 361 347 128 20 2314 444 29 21 39 76 104 602 99
leaf_count=7339 1456 143 75 2341 48 22 542 35 2755 109 28 264 268 39 597 35 119 6411 20 1110 22 21 20 39 31 49 1015 23 22 99 29 884 39 54 616 143 53 58 37 31 21 40 21 23 76 99 32 21 21 361 347 128 20 2314 444 29 21 39 76 104 602 99
internal_value=0.000214698 0.0279177 0.140595 -0.00267432 0.0120761 0.00518246 0.0833555 -0.258007 -0.00786776 0.015548 0.00710573 0.0912547 0.105166 -0.0138856 0.00738246 0.0704673 -0.0132723 -0.0239915 -0.0771737 -0.0689958 -0.194337 -0.0561706 0.0502226 -0.0717489 -0.0227067 -0.0131076 -0.0539542 -0.21865 -0.401723 0.064198 0.0690018 0.000938356 0.0241589 0.062585 0.0178812 0.0458734 0.03059 0.161846 0.0570815 0.0116564 0.0290217 0.0122123 0.17916 -0.137564 0.167482 -0.108031 -0.297731 -0.422929 0.214835 -0.00200595 -0.00962071 -0.0179094 -0.13383 -0.0135783 -0.0411232 -0.100602 -0.0810654 -0.258833 -0.0605538 -0.088274 -0.00104399 -0.0074011
internal_weight=31979 3020 247 28959 7541 6876 665 57 21418 4379 4002 391 377 17039 6819 632 17000 9059 1539 1519 141 1378 176 1202 156 7520 1109 94 45 363 172 6187 2380 617 2773 1317 1174 148 95 1026 896 799 84 44 97 130 92 53 75 3611 3250 2903 148 3807 1493 609 580 60 520 125 7941 715
internal_count=31979 3020 247 28959 7541 6876 665 57 21418 4379 4002 391 377 17039 6819 632 17000 9059 1539 1519 141 1378 176 1202 156 7520 1109 94 45 363 172 6187 2380 617 2773 1317 1174 148 95 1026 896 799 84 44 97 130 92 53 75 3611 3250 2903 148 3807 1493 609 580 60 520 125 7941 715
is_linear=0
shrinkage=0.05


Tree=135
num_leaves=63
num_cat=0
split_feature=21 23 32 32 13 31 31 31 33 33 6 31 31 5 31 33 36 33 33 35 35 36 7 36 29 25 33 33 32 36 33 12 36 35 23 32 32 36 33 39 31 32 23 33 31 24 36 23 6 35 31 33 36 36 33 33 36 36 31 36 7 36
split_gain=1450.37 1860.74 2657.92 2174.99 2341.02 1929.44 2795.18 3049.12 1441.3 2698.47 1403.18 1394.37 2093.23 1569.19 1543.67 1783.49 2890.97 2499.83 2295.05 2036.76 1581.26 1420.42 1394.29 1546.16 1459.02 1644.2 1266.3 2368.18 1218.37 1025.56 1472.58 902.531 1124.43 1351.88 999.703 945.295 1115.66 1422.8 2473.19 1532.31 1991.83 936.472 1735.56 1480.16 1470.25 1298.79 1744.68 1257.41 3416.31 2644.2 4872.44 3556.87 2536.97 5338.41 2658.08 3441.18 1875.61 960.468 3031.18 2173.82 1697.61 1246.4
threshold=1.0000000180025095e-35 1.0000000180025095e-35 23.250000000000004 60.750000000000007 1.0000000180025095e-35 486.35000000000008 460.75000000000006 440.85000000000008 87.250000000000014 241.55000000000004 1.0000000180025095e-35 1.8500000000000003 3.6500000000000008 1.0000000180025095e-35 15.950000000000001 1.0000000180025095e-35 215.17083333333335 3.9500000000000006 378.05000000000007 1187.8500000000001 967.45000000000016 245.81250000000003 1.0000000180025095e-35 282.51250000000005 1.0000000180025095e-35 1.0000000180025095e-35 138.65000000000001 224.15000000000001 240.45000000000002 362.04166666666669 357.45000000000005 1.0000000180025095e-35 256.81666666666672 987.70000000000016 1.0000000180025095e-35 29.850000000000005 150.05000000000004 282.51250000000005 281.25000000000006 1.0000000180025095e-35 458.45000000000005 374.65000000000003 1.0000000180025095e-35 420.75000000000006 267.75000000000006 1.0000000180025095e-35 263.94166666666672 1.0000000180025095e-35 1.0000000180025095e-35 563.1500000000002 102.45000000000002 285.35000000000008 331.81666666666672 309.52500000000003 65.950000000000017 127.75000000000001 254.11000000000004 273.71250000000003 343.95000000000005 293.01666666666671 1.0000000180025095e-35 153.21000000000004
decision_type=2 2 2 2 2 2 2 2 2 2 2 2 2 2 2 2 2 2 2 2 2 2 2 2 2 2 2 2 2 2 2 2 2 2 2 2 2 2 2 2 2 2 2 2 2 2 2 2 2 2 2 2 2 2 2 2 2 2 2 2 2 2
left_child=29 22 8 -4 5 6 7 10 -3 -10 11 -5 -13 14 -14 28 17 -17 21 -20 26 -18 -2 24 25 -24 -19 -28 -16 31 -31 35 33 -33 -34 -1 37 -37 39 -39 -41 42 -38 45 -45 57 -47 -43 49 56 -51 52 53 54 -52 -56 -49 58 60 -59 61 -44
right_child=1 2 3 4 -6 -7 -8 -9 9 -11 -12 12 13 -15 15 16 18 20 19 -21 -22 -23 23 -25 -26 -27 27 -29 -30 30 -32 32 34 -35 -36 36 41 38 -40 40 -42 47 43 44 -46 46 -48 48 -50 50 51 -53 -54 -55 55 -57 -58 59 -60 -61 -62 -63
leaf_value=-0.0016343300947427202 0.0061263544602435868 0.61896157305349009 -0.42636694799770009 -0.31209130958532511 0.56351161152124407 0.53954061269760134 -0.48769066234429675 0.66959851548075688 -0.22546735026619655 0.49859285340193776 -0.2479566495387982 0.52187556916704547 -0.28131839959667276 -0.29535030085465003 -0.33784316921186064 0.83135449233509251 -0.50786338779661389 -0.081846505900224062 -0.11364591013301502 0.55928606650103696 0.62309209812771194 0.026845706804938942 0.062151247208264288 0.39104960044989223 -0.25709120265462182 0.42726273387670521 0.73878539443016056 0.077736989940915796 0.092601131711687365 0.0077979651565397521 0.11200278279044339 0.013898201935304916 0.097298976575651147 -0.34877913290491475 0.46115883344953712 -0.041901042301428292 -0.015131922885806229 -0.15414930405840277 -0.027028672772509449 -0.93421416819095615 -0.30537651996402182 -0.02682708944701663 0.34728274473122189 0.031557072798411051 -0.52188809469342234 0.095088579995291578 -0.45840661004185679 -0.11522754564881327 -0.64438589175542205 0.56603383215204361 0.42877985493225212 -0.52939769871532916 0.36726226061582568 -0.69055948535601308 -0.54435200073100909 0.21172708527130238 -0.7999927306175233 0.46323787162178443 -0.42571941470277724 0.10589868051576473 0.45376908401995025 0.027633190330683812
leaf_weight=7964 7067 33 22 23 24 20 24 20 22 31 39 26 26 29 31 21 27 36 22 23 22 23 470 39 33 33 20 42 35 4051 370 2186 133 26 22 2125 4105 50 131 20 34 1609 35 30 20 35 24 20 30 31 34 40 36 30 27 34 20 57 29 168 32 237
leaf_count=7964 7067 33 22 23 24 20 24 20 22 31 39 26 26 29 31 21 27 36 22 23 22 23 470 39 33 33 20 42 35 4051 370 2186 133 26 22 2125 4105 50 131 20 34 1609 35 30 20 35 24 20 30 31 34 40 36 30 27 34 20 57 29 168 32 237
internal_value=0.00106184 0.0190818 0.100908 0.0608295 0.080939 0.0581851 0.0384977 0.0656558 0.359556 0.19804 0.0385123 0.0660303 0.0887373 0.0571922 0.0883622 0.120189 0.184446 0.32809 -0.0287525 0.230297 0.240018 -0.261897 0.0122183 0.0870916 0.0649753 0.0861049 0.154022 0.290978 -0.109577 -0.00521089 0.016519 -0.0101695 0.0187577 0.00963527 0.148944 -0.0141955 -0.0252579 -0.0548114 -0.171554 -0.353601 -0.538279 -0.0148215 -0.00297716 0.0718284 -0.189821 0.0930317 -0.130062 -0.0443983 -0.138015 -0.082165 -0.0174331 -0.10742 -0.00258144 -0.109096 0.0745235 -0.122931 -0.45761 0.116621 0.0626988 0.196425 0.109291 0.0687646
internal_weight=32078 8283 641 555 533 509 489 465 86 53 445 406 383 357 328 302 236 141 95 45 120 50 7642 575 536 503 98 62 66 23795 4421 19374 2367 2212 155 17007 9043 2360 235 104 54 6683 4772 667 50 617 59 1911 302 272 232 201 161 125 95 61 40 558 333 225 304 272
internal_count=32078 8283 641 555 533 509 489 465 86 53 445 406 383 357 328 302 236 141 95 45 120 50 7642 575 536 503 98 62 66 23795 4421 19374 2367 2212 155 17007 9043 2360 235 104 54 6683 4772 667 50 617 59 1911 302 272 232 201 161 125 95 61 40 558 333 225 304 272
is_linear=0
shrinkage=0.05


Tree=136
num_leaves=63
num_cat=0
split_feature=6 23 32 36 33 32 36 34 25 31 31 32 32 32 35 35 34 33 31 35 35 31 32 32 31 36 33 33 31 32 32 32 28 38 36 32 36 35 33 15 31 36 33 19 36 31 39 33 33 33 31 31 23 34 31 34 34 34 34 36 32 37
split_gain=1222.79 1284.78 2951.8 1773.55 3817.33 2907.04 2416.68 2380.11 2762.14 2357.8 3443.72 2306.7 2215.05 2036.76 3375.35 3320.2 2012.44 2614.14 1825.31 2027.92 2186.35 2080.95 1626.11 1548.07 1529.6 1422.04 2567.56 1542.98 1530.67 1857.15 3373.28 2470.38 2058.27 2816.02 3604.97 2657.39 2991.28 1972.15 2671.59 1795.69 1629.4 3819.63 2415.2 1612.95 1447.79 1294.47 1271.08 1322.95 2005.16 1394.4 1308.42 1262.84 2125.72 1178.17 4058.71 2724.12 1447.89 3395.53 2670.53 2525.33 2002.93 1276.57
threshold=1.0000000180025095e-35 1.0000000180025095e-35 491.15000000000003 210.21250000000001 416.75000000000006 436.65000000000003 217.45833333333334 102.65000000000002 1.0000000180025095e-35 52.150000000000013 337.75000000000006 306.25000000000006 392.85000000000008 166.25000000000003 623.6500000000002 645.45000000000016 189.55000000000004 119.55000000000001 181.95000000000002 572.75000000000011 495.25000000000006 302.05000000000007 8.6500000000000004 79.250000000000014 495.85000000000008 221.96250000000003 13.65 299.05000000000007 242.85000000000005 175.95000000000002 5.2500000000000009 236.15000000000001 1.0000000180025095e-35 1.0000000180025095e-35 269.82916666666671 366.15000000000003 245.81250000000003 978.05000000000007 335.05000000000007 1.0000000180025095e-35 476.65000000000003 338.42000000000002 199.45000000000002 1.0000000180025095e-35 288.61000000000007 251.25000000000003 1.0000000180025095e-35 476.05000000000007 407.65000000000003 373.85000000000008 290.35000000000008 434.55000000000007 1.0000000180025095e-35 386.35000000000008 368.25000000000006 302.95000000000005 89.90000000000002 169.45000000000002 241.35000000000005 237.71000000000006 480.05000000000007 3.5000000000000004
decision_type=2 2 2 2 2 2 2 2 2 2 2 2 2 2 2 2 2 2 2 2 2 2 2 2 2 2 2 2 2 2 2 2 2 2 2 2 2 2 2 2 2 2 2 2 2 2 2 2 2 2 2 2 2 2 2 2 2 2 2 2 2 2
left_child=1 -1 3 4 5 7 11 8 12 -9 16 -5 13 15 -15 18 -11 -18 22 20 21 45 -3 -24 25 26 -8 -28 29 30 -27 -31 33 34 35 -33 -37 38 44 40 43 42 -42 53 -36 -20 -2 48 49 51 -51 -48 -53 55 -55 56 59 -58 -59 -30 61 -61
right_child=46 2 -4 6 -6 -7 24 9 -10 10 -12 -13 -14 14 -16 -17 17 -19 19 -21 -22 -23 23 -25 -26 28 27 -29 39 31 -32 32 -34 -35 37 36 -38 -39 -40 -41 41 -43 -44 -45 -46 -47 47 -49 -50 50 -52 52 -54 54 -56 -57 57 58 -60 60 -62 -63
leaf_value=0.00073521035860344406 -0.0080227174311852303 0.037594773100698656 0.55701768475550195 -0.091937199581501095 0.62943418679698826 0.62173962437588237 -0.21254217747066703 0.66594155109315012 -0.38901854081031606 0.27258614552648447 0.70177500627257616 -0.7312471652314777 -0.47781917393207557 0.078756126990033828 0.53140891386339306 -0.5746643990278244 0.12496295433778029 -0.61559216461398392 0.15081363844721779 0.57417371620734536 -0.33929510964797094 0.54639552831649785 -0.43275962289084086 -0.053222901795221413 0.44615752100944522 0.097501634499058132 0.75353327447717844 0.14672927528619767 0.37925680531770922 0.44836056271324987 -0.76621913543114306 -0.018790612949265373 -0.44375300765451464 -0.42412803731858734 -0.55119101974097162 0.15632804827764632 0.89476229635377735 -0.57799280706482636 0.43830569835379718 -0.42304318127307028 -0.92152526438236237 0.13850965999894671 -0.1444798868894577 0.49483729532454163 -0.033566637039184576 -0.24440223729739396 -0.10578442456363041 0.24124966778101459 -0.30915389460848369 0.43631519010433789 -0.10160931877791882 -0.043778040161123501 0.5359613106364296 0.30998251601122323 -0.55017414428293709 0.44338530988194225 -0.60998421087861066 0.4531298011541367 -0.30952927578579298 0.035823114268634826 0.52598897377029064 -0.2278105832484304
leaf_weight=26430 2038 194 27 43 31 23 21 27 39 38 22 21 20 198 52 24 26 22 102 24 26 28 44 69 20 20 22 20 56 23 26 54 36 40 22 32 24 24 20 22 20 45 20 20 35 26 634 31 94 26 20 64 21 24 32 43 28 24 22 730 20 49
leaf_count=26430 2038 194 27 43 31 23 21 27 39 38 22 21 20 198 52 24 26 22 102 24 26 28 44 69 20 20 22 20 56 23 26 54 36 40 22 32 24 24 20 22 20 45 20 20 35 26 634 31 94 26 20 64 21 24 32 43 28 24 22 730 20 49
internal_value=0.00100875 0.00410267 0.0368239 0.0316085 0.0829651 0.066092 -0.000450679 0.0530646 0.0219534 0.248028 0.143549 -0.301711 0.0418145 0.05502 0.172908 0.00013732 0.000747474 -0.214458 0.0270286 0.142166 0.0851974 0.155946 -0.0502294 -0.201007 0.0116451 0.00612396 0.238872 0.464579 -0.00358029 -0.0942254 -0.390688 -0.0502341 -0.0901912 -0.0394812 0.0334377 0.231474 0.4728 -0.182245 -0.0588951 0.0243588 0.0330462 -0.177496 -0.533003 0.0501227 -0.233351 0.0705354 -0.029793 -0.0796446 -0.0912251 -0.064447 0.202435 -0.0815215 0.0994517 0.0414706 -0.181536 0.0543187 0.0363103 -0.175866 0.0883798 0.0546741 0.0319248 0.0192403
internal_weight=32078 29150 2720 2693 1035 1004 1658 981 846 135 108 64 807 787 250 537 86 48 513 206 182 156 307 113 1594 1574 63 42 1511 356 46 310 287 251 211 110 56 101 77 1155 1133 85 40 1048 57 128 2928 890 859 765 46 719 85 1028 56 972 929 74 46 855 799 779
internal_count=32078 29150 2720 2693 1035 1004 1658 981 846 135 108 64 807 787 250 537 86 48 513 206 182 156 307 113 1594 1574 63 42 1511 356 46 310 287 251 211 110 56 101 77 1155 1133 85 40 1048 57 128 2928 890 859 765 46 719 85 1028 56 972 929 74 46 855 799 779
is_linear=0
shrinkage=0.05


Tree=137
num_leaves=63
num_cat=0
split_feature=21 23 12 37 13 37 36 38 31 35 33 40 31 31 35 36 33 36 31 31 31 33 31 36 2 9 12 36 35 23 31 36 40 23 33 23 33 11 29 35 39 9 31 40 33 8 33 33 31 36 35 31 40 36 33 33 14 33 33 35 36 36
split_gain=1269.33 1486.2 1632.17 1961.4 1607.63 1504.29 1569.95 1661.09 1845.24 1801.31 8148.85 5121.89 2861.63 1746.4 1755.06 1635.35 1573.8 1541.81 1614.45 1498.44 1399.86 1366.02 1171.95 894.262 1356.95 1186.87 809.047 1007.64 1181.92 892.793 852.861 1912.7 1135.04 2491.99 3107.45 1555.71 753.361 749.447 745.272 679.401 625.818 2101.08 1522.24 1088.02 1255.62 1397.89 1286.36 1281.78 1026.63 1749.78 1963.72 2069.62 1554.68 1584.38 1490.66 1654.99 1356.59 1273.7 1192.1 2298.28 2348.28 1179.49
threshold=1.0000000180025095e-35 1.0000000180025095e-35 1.0000000180025095e-35 4.5000000000000009 1.0000000180025095e-35 2.5000000000000004 288.61000000000007 1.0000000180025095e-35 2.8500000000000001 753.45000000000016 90.950000000000017 1.5000000000000002 392.85000000000008 156.65000000000001 1140.1000000000001 203.41000000000003 405.05000000000007 183.88333333333335 66.65000000000002 271.65000000000003 102.45000000000002 1.7500000000000002 217.85000000000005 362.04166666666669 1.0000000180025095e-35 1.0000000180025095e-35 1.0000000180025095e-35 256.81666666666672 987.70000000000016 1.0000000180025095e-35 456.45000000000005 216.37083333333337 4.5000000000000009 1.0000000180025095e-35 83.050000000000011 1.0000000180025095e-35 437.75000000000006 1.0000000180025095e-35 1.0000000180025095e-35 439.9500000000001 1.0000000180025095e-35 1.0000000180025095e-35 418.05000000000007 3.5000000000000004 419.15000000000003 1.0000000180025095e-35 321.25000000000006 259.50000000000006 123.85000000000001 317.01666666666671 873.85000000000014 77.15000000000002 1.5000000000000002 263.94166666666672 482.15000000000003 474.55000000000007 1.0000000180025095e-35 152.60000000000002 87.250000000000014 527.55000000000007 279.41250000000008 271.14166666666677
decision_type=2 2 2 2 2 2 2 2 2 2 2 2 2 2 2 2 2 2 2 2 2 2 2 2 2 2 2 2 2 2 2 2 2 2 2 2 2 2 2 2 2 2 2 2 2 2 2 2 2 2 2 2 2 2 2 2 2 2 2 2 2 2
left_child=23 -2 4 -4 5 -3 7 8 -7 12 -11 -12 17 -13 15 -15 -8 18 -10 -17 -20 -22 -23 26 25 37 30 28 -28 -29 40 -32 33 38 -35 -34 -26 -25 -33 -27 -1 48 43 -43 45 46 47 -45 49 50 58 -52 -53 -54 55 56 -50 -58 59 -42 61 -61
right_child=1 2 3 -5 -6 6 16 -9 9 10 11 13 -14 14 -16 19 -18 -19 20 -21 21 22 -24 24 36 39 27 29 -30 -31 31 32 35 34 -36 -37 -38 -39 -40 -41 41 42 -44 44 -46 -47 -48 -49 54 -51 51 52 53 -55 -56 -57 57 -59 -60 60 -62 -63
leaf_value=-0.0026004215698818851 0.011682224129162956 0.32950550119370914 0.66654688715934762 0.052386989960303679 0.38178876167849496 -0.50037877462804325 0.022469616207209501 0.3316136453958119 0.3968381778551982 0.92251557982884924 -0.5580174793592757 0.47056543054404082 -0.56580638567606611 -0.14934857189655304 -0.29862752181868396 -0.0065829273817750323 0.63530300573911525 -0.31771047758428672 -0.38808780001557391 0.50942719907445067 -0.18224253203305935 -0.0065734440317520727 0.48339888608973958 -0.0095637310760099542 0.079690006083903961 -0.010094718088141897 0.013198211041158729 0.092282200192234348 -0.32591549212542864 0.43613627857782628 -0.46178725965321066 -0.025945406541076684 -0.025849776767244387 -0.86756842032722814 -0.015395708680152893 0.32423067028458052 0.3105321843654682 0.066520587211179039 -0.29197541605370742 0.13920269780078784 -0.062302864534403306 0.1390623970218183 0.39094345289118149 0.0625612457781764 -0.28876313030719758 -0.28392947404222058 0.29934404649315999 -0.24151625262527932 -0.015638501643973277 0.37716854946179823 -0.016135319873042727 -0.084997878819704054 -0.29286909075010392 -0.88198261845111847 -0.29972748074165367 0.38105576416620845 -0.49652516454890638 -0.072188968801250072 0.019241923909430626 -0.33250447255936832 0.090719810452150274 -0.79481143833730705
leaf_weight=9199 7642 43 26 26 38 20 22 34 26 26 36 27 30 32 31 24 20 38 23 34 36 26 23 3288 377 110 2186 133 26 22 30 215 223 23 20 37 39 359 30 248 983 207 34 224 35 33 47 41 4877 22 46 20 21 25 47 26 28 48 384 37 23 22
leaf_count=9199 7642 43 26 26 38 20 22 34 26 26 36 27 30 32 31 24 20 38 23 34 36 26 23 3288 377 110 2186 133 26 22 30 215 223 23 20 37 39 359 30 248 983 207 34 224 35 33 47 41 4877 22 46 20 21 25 47 26 28 48 384 37 23 22
internal_value=0.000958315 0.0178162 0.090945 0.359467 0.0672385 0.0455454 0.0215094 -0.00487902 -0.0313622 -0.00859445 0.0939427 -0.0231382 -0.115192 0.106968 0.0258341 0.137593 0.314295 -0.036597 0.0431217 0.295906 -0.0420323 0.0516063 0.223414 -0.00490988 0.0153814 0.00645373 -0.00954019 0.0178479 0.00921225 0.141087 -0.013352 -0.0730469 -0.0517655 -0.120137 -0.471209 0.0239694 0.101331 -0.00207421 -0.0585205 0.0933292 -0.0112518 -0.0222594 0.065672 0.0468318 -0.00340963 0.0255393 0.0582715 0.0155153 -0.0305216 -0.0656355 -0.0718762 -0.273589 -0.453027 -0.613039 -0.0194621 -0.0168165 -0.0189051 -0.228523 -0.0562849 -0.0835171 -0.337829 -0.50489
internal_weight=32078 8283 641 52 589 551 508 466 432 412 210 184 202 148 121 90 42 172 134 58 108 85 49 23795 4421 4005 19374 2367 2212 155 17007 578 548 288 43 260 416 3647 245 358 16429 7230 621 587 380 345 312 265 6609 1583 1561 112 66 46 5026 4979 4953 76 1449 1065 82 59
internal_count=32078 8283 641 52 589 551 508 466 432 412 210 184 202 148 121 90 42 172 134 58 108 85 49 23795 4421 4005 19374 2367 2212 155 17007 578 548 288 43 260 416 3647 245 358 16429 7230 621 587 380 345 312 265 6609 1583 1561 112 66 46 5026 4979 4953 76 1449 1065 82 59
is_linear=0
shrinkage=0.05


Tree=138
num_leaves=63
num_cat=0
split_feature=21 7 29 25 23 32 32 8 33 33 36 24 40 40 6 33 35 40 40 32 36 33 32 37 33 33 33 36 36 35 35 36 33 40 7 40 28 35 32 25 32 9 33 9 11 32 33 33 40 36 32 33 36 32 32 36 33 9 39 40 36 10
split_gain=1145.57 1378.53 1342.34 1605.72 1233.7 3453.79 2400.32 1442.84 1116.84 1838.97 1037.22 1040.27 1047.38 4097.55 946.32 1533.45 3066.98 5874.58 4535.41 2853.23 2570.6 3052.56 2350.32 1715.55 1495.71 3618.24 1874.45 1350.97 1614.24 1222.54 847.781 807.071 1272.02 1528.18 1169.75 1538.37 1031.34 802.115 793.469 672.235 709.906 644.758 800.72 620.288 601.124 904.91 589.254 838.195 550.502 767.155 530.018 527.193 514.648 483.529 1212.9 1361.42 2171.69 2117.26 1345.12 1227.37 1549.38 1014.49
threshold=1.0000000180025095e-35 1.0000000180025095e-35 1.0000000180025095e-35 1.0000000180025095e-35 1.0000000180025095e-35 23.250000000000004 60.750000000000007 1.0000000180025095e-35 127.75000000000001 281.25000000000006 150.51250000000002 1.0000000180025095e-35 1.5000000000000002 3.5000000000000004 1.0000000180025095e-35 263.65000000000003 789.1500000000002 2.5000000000000004 1.0000000180025095e-35 139.85000000000005 296.12500000000006 444.85000000000008 125.55000000000001 4.5000000000000009 138.65000000000001 26.450000000000003 1.7500000000000002 195.6166666666667 227.72500000000002 383.65000000000009 777.00000000000011 362.04166666666669 357.45000000000005 5.5000000000000009 1.0000000180025095e-35 2.5000000000000004 1.0000000180025095e-35 355.05000000000007 234.05000000000004 1.0000000180025095e-35 217.05000000000004 1.0000000180025095e-35 326.85000000000008 1.0000000180025095e-35 1.0000000180025095e-35 448.55000000000007 51.750000000000007 233.15000000000003 5.5000000000000009 205.71666666666673 440.45000000000005 178.45000000000002 104.31000000000002 51.750000000000007 150.05000000000004 282.51250000000005 281.25000000000006 1.0000000180025095e-35 1.0000000180025095e-35 2.5000000000000004 307.47500000000008 1.0000000180025095e-35
decision_type=2 2 2 2 2 2 2 2 2 2 2 2 2 2 2 2 2 2 2 2 2 2 2 2 2 2 2 2 2 2 2 2 2 2 2 2 2 2 2 2 2 2 2 2 2 2 2 2 2 2 2 2 2 2 2 2 2 2 2 2 2 2
left_child=31 4 3 10 39 8 -7 14 37 -10 46 12 38 30 15 16 18 -18 -8 -17 21 27 -20 -19 25 26 29 -21 -29 -24 -14 53 41 34 -34 -36 -35 -6 -12 -2 -41 42 44 -42 -33 -46 52 -48 -15 -50 -43 -40 -3 -1 55 -55 58 59 -57 -58 -61 -56
right_child=1 2 -4 -5 5 6 7 -9 9 -11 11 -13 13 48 -16 19 17 23 22 20 -22 -23 24 -25 -26 -27 -28 28 -30 -31 -32 32 33 36 35 -37 -38 -39 51 40 43 50 -44 -45 45 -47 47 -49 49 -51 -52 -53 -54 54 61 56 57 -59 -60 60 -62 -63
leaf_value=-0.00087597791453325284 0.0098101972716389454 -0.09862867087125779 -0.21183441251516344 0.421217386659823 0.34306039242517383 -0.49136236295813607 0.67696770297156439 -0.26000532243839086 -0.14661840870976448 0.53142553389072422 -0.24067072963714597 -0.13731175065040588 0.33653335618972779 0.020112952207569527 -0.15823525679417147 0.46399517548084257 -0.22827959003902618 1.0863371030144069 -0.42213485787312194 0.18408333880205952 0.36104717008445575 -0.74668635306033226 0.27855602262111812 0.47564380117084676 0.41591967582702644 -0.60510592290333343 0.52454600063237278 -0.55327269512674082 -0.0076055983702341722 -0.14414800035953521 0.71554763880040917 -0.0033330899276613293 -0.015752861268433314 0.16365406120434231 0.55131594240665438 -0.033517235483635555 0.50003629519093429 0.78007268565041687 -0.049921870864285484 0.014008759182019562 -0.078715490217163731 0.044015141132372995 -0.23401245901154147 -0.34886495393255484 0.03106822108330385 0.25683615064283588 -0.24962032181210816 0.13564638778567314 0.31349618174135685 0.045721960609295856 0.2098940418685897 0.25709891275123314 0.16432537837904326 -0.034940667340585013 0.00081104240661913256 -0.14506174384057521 0.10414279617369177 0.4215138592503288 -0.50496502010910604 -0.023624333135179573 -0.49873869470320642 -0.05190128918300424
leaf_weight=9340 6510 30 35 38 21 21 27 34 20 20 25 34 25 113 39 25 21 23 30 30 23 22 26 23 25 21 22 23 33 50 36 3368 208 86 23 22 31 21 29 255 279 262 36 23 273 53 48 20 53 54 59 27 49 2277 6459 50 40 22 54 37 32 1063
leaf_count=9340 6510 30 35 38 21 21 27 34 20 20 25 34 25 113 39 25 21 23 30 30 23 22 26 23 25 21 22 23 33 50 36 3368 208 86 23 22 31 21 29 255 279 262 36 23 273 53 48 20 53 54 59 27 49 2277 6459 50 40 22 54 37 32 1063
internal_value=0.000910399 0.0169254 0.0888879 0.107004 0.0111436 0.0799778 0.0322486 0.054373 0.381487 0.192404 0.0850145 0.127118 0.151954 0.197616 0.0774591 0.0991385 0.171685 0.464652 0.0740294 -0.0254929 -0.118907 -0.221119 -0.0195299 0.78099 0.0643461 -0.00951391 0.118113 -0.0866716 -0.231719 0.000461271 0.560214 -0.00466438 0.0146123 0.103356 0.0342541 0.265397 0.252781 0.561567 -0.00645471 0.00529943 -0.0474206 0.00650688 0.000655133 -0.0992898 0.00294209 0.0677728 -0.0284066 -0.136307 0.0970775 0.178358 0.0745038 0.098106 0.0644694 -0.00906318 -0.0166841 -0.0467659 -0.161344 -0.0259139 -0.331935 -0.11622 -0.243967 -0.0066382
internal_weight=32078 8283 616 581 7667 600 518 497 82 40 543 396 362 281 463 424 268 67 201 156 131 108 174 46 144 119 98 86 56 76 61 23795 4421 370 253 45 117 42 81 7067 557 4051 3730 302 3694 326 147 68 220 107 321 56 79 19374 10034 2512 235 131 104 109 69 7522
internal_count=32078 8283 616 581 7667 600 518 497 82 40 543 396 362 281 463 424 268 67 201 156 131 108 174 46 144 119 98 86 56 76 61 23795 4421 370 253 45 117 42 81 7067 557 4051 3730 302 3694 326 147 68 220 107 321 56 79 19374 10034 2512 235 131 104 109 69 7522
is_linear=0
shrinkage=0.05


Tree=139
num_leaves=63
num_cat=0
split_feature=6 39 32 34 34 23 32 36 35 31 8 32 31 36 31 40 36 36 30 31 32 35 35 31 36 31 31 35 18 40 32 35 31 36 36 32 31 40 31 36 31 32 35 35 31 34 35 40 32 32 31 32 31 24 34 34 34 34 36 36 35 36
split_gain=1073.38 1121.53 1322.58 1218.09 1579.63 1081.56 2480.2 1491.25 2855.38 3284.84 2411.1 3385.39 5525.97 2508.7 2499.65 2260.11 3114.22 1751.52 1172.72 1331.84 3813.05 3599.6 3195.74 2292.03 2166.21 2085.64 1622.85 2110.6 1146.56 1658.85 1661.3 2095.13 1508.88 1261.19 2566.4 1688.05 4284.78 1347.23 1118.09 1642.75 1386.17 4007.97 1475.77 2212.16 2466.15 2156.13 1879.43 1328.11 1067.78 2492.44 1479.85 1065.63 1022.37 1021.46 2071.25 1966.24 2457.53 2367.74 2178.55 2450 1665.08 1482.74
threshold=1.0000000180025095e-35 1.0000000180025095e-35 79.250000000000014 481.95000000000005 365.65000000000003 1.0000000180025095e-35 491.15000000000003 210.21250000000001 789.1500000000002 420.25000000000006 1.0000000180025095e-35 389.15000000000003 392.85000000000008 217.45833333333334 271.65000000000003 5.5000000000000009 189.8416666666667 57.258333333333333 1.0000000180025095e-35 198.05000000000004 175.95000000000002 572.75000000000011 759.00000000000011 146.55000000000004 259.61250000000007 89.550000000000011 156.65000000000001 958.55000000000007 1.0000000180025095e-35 1.0000000180025095e-35 404.55000000000007 789.1500000000002 493.85000000000008 236.61000000000004 243.37500000000003 205.15000000000001 269.85000000000008 3.5000000000000004 302.05000000000007 181.62666666666669 11.550000000000002 158.25000000000003 717.95000000000016 522.6500000000002 77.15000000000002 23.150000000000002 578.35000000000025 3.5000000000000004 51.750000000000007 81.350000000000009 211.85000000000005 278.65000000000003 230.15000000000001 1.0000000180025095e-35 447.05000000000007 387.95000000000005 305.15000000000003 89.90000000000002 248.08750000000001 262.54166666666674 1140.1000000000001 273.71250000000003
decision_type=2 2 2 2 2 2 2 2 2 2 2 2 2 2 2 2 2 2 2 2 2 2 2 2 2 2 2 2 2 2 2 2 2 2 2 2 2 2 2 2 2 2 2 2 2 2 2 2 2 2 2 2 2 2 2 2 2 2 2 2 2 2
left_child=5 -2 -3 4 -4 -1 7 8 9 17 13 12 52 51 -13 16 -10 -7 19 20 -15 24 23 -23 -22 -24 27 -27 32 -30 31 -31 33 35 -35 37 -37 -21 40 47 41 -19 43 48 -45 46 -46 -40 50 -50 -42 -9 -12 54 55 56 57 58 -36 -60 -59 -61
right_child=1 2 3 -5 -6 6 -8 10 15 -11 11 14 -14 18 -16 -17 -18 38 -20 28 21 22 25 -25 -26 26 -28 -29 29 30 -32 -33 -34 34 53 36 -38 -39 39 -41 42 -43 -44 44 45 -47 -48 -49 49 -51 -52 -53 -54 -55 -56 -57 -58 60 59 61 -62 -63
leaf_value=0.00067395806473587367 -0.0075443627295100069 0.09553774528500468 -0.084508856413516145 0.28860035121440886 -0.33860901613205452 -0.25814664026722317 0.5106175946968573 -0.14855624598425787 -0.27978109320004785 -0.51547582435607919 0.54263147598221184 -0.97494739480316639 -0.52221690383222374 -0.73199762821197512 -0.21808745438853899 0.68899307943159538 0.44773559585997935 0.81565986781016653 -0.29584889969340078 -0.30722945079207425 -0.11988443273764392 0.70951056014145575 0.25678061780176664 0.02296483784914017 -0.74975932439168291 -0.7253249590369788 0.16210246469293321 -0.05990469386944404 0.57127916288375857 0.33953412125507992 0.50081482261419297 -0.26030414092379645 0.39267509559790298 -0.38798133393651563 0.50208907528565483 -0.027463235803272413 0.97320360444486154 0.18432274483468222 0.31040047690981915 0.45585440183463305 0.044149788902019892 0.037535028952031826 -0.26035321843929782 0.63664788961410523 0.26464650291018188 0.4726787201819882 -0.24398087234724139 -0.24550487128171056 -0.44717794607083006 -2.6814448285912136e-05 0.45593323940411212 -0.60155302494764329 0.10990983660404499 -0.1680215940003594 0.54824084848165511 -0.45643411882221702 0.54382259647051501 0.03018335359437125 -0.30506116109995213 0.35640834119869402 -0.55879200303128795 0.042398762543797493
leaf_weight=26430 2038 101 702 20 67 40 27 37 24 25 21 20 36 20 24 31 38 23 27 20 39 31 38 20 21 22 21 26 25 24 20 37 30 38 26 23 20 46 21 46 240 59 39 30 32 31 42 22 36 232 24 20 39 60 20 20 24 21 49 40 28 625
leaf_count=26430 2038 101 702 20 67 40 27 37 24 25 21 20 36 20 24 31 38 23 27 20 39 31 38 20 21 22 21 26 25 24 20 37 30 38 26 23 20 46 21 46 240 59 39 30 32 31 42 22 36 232 24 20 39 60 20 20 24 21 49 40 28 625
internal_value=0.000864879 -0.0279939 -0.074821 -0.0966287 -0.106648 0.00376363 0.0337857 0.0290049 0.0760971 0.0500027 -0.000392149 -0.198937 -0.0324798 0.0179189 -0.562115 0.340409 0.166116 0.0654192 0.030615 0.0367618 -0.0712568 -0.0106384 0.114565 0.440277 -0.340341 -0.0406809 -0.2045 -0.364889 0.0582572 0.215244 0.105356 -0.0243022 0.0429906 0.0330939 0.0146297 0.19419 0.437963 0.0353675 0.080177 0.248164 0.0612039 0.25579 0.0386033 0.0560835 0.236844 0.122615 -0.0240339 0.0259838 0.0102138 -0.0600919 0.0815846 -0.307502 0.261362 0.0313868 0.0454132 0.0333405 0.045389 0.0302276 0.0525161 0.036145 -0.306374 0.0612866
internal_weight=32078 2928 890 789 769 29150 2720 2693 1035 942 1658 140 96 1518 44 93 62 917 1461 1434 238 218 158 51 60 107 69 48 1196 106 81 61 1090 1060 951 109 43 66 877 89 788 82 706 667 135 105 74 43 532 268 264 57 60 913 853 833 813 789 740 714 49 665
internal_count=32078 2928 890 789 769 29150 2720 2693 1035 942 1658 140 96 1518 44 93 62 917 1461 1434 238 218 158 51 60 107 69 48 1196 106 81 61 1090 1060 951 109 43 66 877 89 788 82 706 667 135 105 74 43 532 268 264 57 60 913 853 833 813 789 740 714 49 665
is_linear=0
shrinkage=0.05


Tree=140
num_leaves=63
num_cat=0
split_feature=23 29 39 36 40 40 40 31 35 40 31 31 36 18 34 34 35 31 31 36 31 31 31 31 34 34 33 34 33 35 33 34 36 36 35 25 33 33 31 31 31 31 31 31 36 31 31 36 31 35 35 31 34 34 33 33 36 31 31 36 21 8
split_gain=1196.08 1087.5 1307.47 1078.78 1114.46 3116.77 2544.37 3318.02 2254.05 2059.34 1929.52 1825.23 2393.99 1795.27 1771.57 5725.35 1775.54 3052.26 4714.69 2692.23 2937.91 2669.65 1647.96 2849.88 1594.85 5349.19 2035.56 1993.4 1774.29 1576.79 1877.37 1574.08 1511 2804.7 1804.64 1497.73 6476.3 4057.82 1495.05 2653.8 2521.43 1969.87 1475.89 3466.9 3585.09 1422.53 1418.12 1386.57 1219.95 1218.13 1524.26 1176.58 1117.3 2339.63 1106.14 2569.47 1937.11 1523.96 1622.82 1061.73 1023.02 1422.85
threshold=1.0000000180025095e-35 1.0000000180025095e-35 1.0000000180025095e-35 57.258333333333333 3.5000000000000004 5.5000000000000009 1.5000000000000002 366.05000000000007 495.25000000000006 2.5000000000000004 486.35000000000008 290.35000000000008 298.01666666666671 1.0000000180025095e-35 112.60000000000001 29.350000000000005 578.35000000000025 184.05000000000004 267.75000000000006 385.0750000000001 440.85000000000008 402.75000000000006 148.65000000000001 339.55000000000007 4.6500000000000012 78.600000000000009 109.55000000000001 340.15000000000003 249.45000000000002 450.4500000000001 3.0500000000000003 389.75000000000006 192.21666666666673 202.21666666666673 437.25000000000006 1.0000000180025095e-35 313.55000000000007 465.45000000000005 396.85000000000008 414.45000000000005 372.45000000000005 432.55000000000007 177.25000000000003 140.35000000000005 242.21250000000003 347.85000000000008 310.25000000000006 254.11000000000004 298.25000000000006 563.1500000000002 477.25000000000006 300.15000000000003 297.05000000000007 182.75000000000003 102.25000000000001 3.9500000000000006 323.02500000000003 213.95000000000002 81.550000000000011 331.81666666666672 1.0000000180025095e-35 1.0000000180025095e-35
decision_type=2 2 2 2 2 2 2 2 2 2 2 2 2 2 2 2 2 2 2 2 2 2 2 2 2 2 2 2 2 2 2 2 2 2 2 2 2 2 2 2 2 2 2 2 2 2 2 2 2 2 2 2 2 2 2 2 2 2 2 2 2 2
left_child=1 -1 -3 -2 6 13 10 11 -9 -10 14 -8 -13 24 15 16 29 -18 -19 20 21 45 -15 -24 38 -26 -27 28 -28 -5 -31 52 34 -34 -7 37 -37 42 40 -40 54 -41 43 44 -35 47 49 -20 -30 50 -36 -29 53 -16 55 -6 57 58 -56 -43 61 -44
right_child=3 2 -4 4 5 32 7 8 9 -11 -12 12 -14 22 31 -17 17 18 19 -21 -22 -23 23 -25 25 26 27 51 48 30 -32 -33 33 35 46 36 -38 -39 39 41 -42 59 60 -45 -46 -47 -48 -49 -50 -51 -52 -53 -54 -55 56 -57 -58 -59 -60 -61 -62 -63
leaf_value=0.0019581692947675147 -0.23577243081621224 -0.010091510259055242 -0.08824592131761784 0.018048081700564236 0.010246820865646251 0.074143086348549797 0.16340532976695721 -0.0018151550892401827 0.9792929595166987 0.39698325444240962 -0.42279912829399113 -0.44441902348771695 0.17729638715585072 -0.68499898433685313 0.48207007899428861 -0.71683291240974711 0.58277723157044614 -0.45055239502754479 -0.12885394507930392 -0.28495847384134926 0.84760111570358276 -0.30093329603021801 0.30319032266736035 -0.50495444647967813 -0.91390922211465375 -0.39608181275999982 0.19200785204216286 0.48223446096692774 -0.074542872718086947 -0.47381716457808887 0.082988506881520152 -0.13725246919525996 -0.35561189450496855 -0.32726131746146297 0.3076688611507416 0.75034040429375393 -0.37287693704877584 0.60440047184626267 -0.55789951841036478 0.31057093652986711 0.54347487191359212 -0.36563691752297539 0.040409066109233775 -0.63977008121354251 0.51522363424301154 0.64225996856888135 0.011733361390920787 0.43915405449542133 -0.55926189529895787 0.23804539084434509 0.91078140898184357 0.015133080115685097 0.54221939944451858 -0.10475233486720495 0.31255697112475689 -0.48233433293885197 -0.32902386168017989 0.39721905647643974 -0.14969259485775649 -0.00020453490964744402 0.23553049508797921 -0.30197539347590824
leaf_weight=26356 37 1968 735 185 304 177 221 22 22 49 24 32 30 20 33 27 33 36 21 24 20 22 20 24 21 37 27 28 27 41 24 27 43 28 20 33 21 30 30 31 24 35 377 28 23 24 26 22 25 40 22 26 31 35 34 29 20 56 43 46 59 33
leaf_count=26356 37 1968 735 185 304 177 221 22 22 49 24 32 30 20 33 27 33 36 21 24 20 22 20 24 21 37 27 28 27 41 24 27 43 28 20 33 21 30 30 31 24 35 377 28 23 24 26 22 25 40 22 26 31 35 34 29 20 56 43 46 59 33
internal_value=0.00192056 -0.00113945 -0.0313433 0.0324881 0.0359441 0.0130923 0.0783961 0.181295 0.440395 0.577417 0.0168861 0.0961486 -0.143589 -0.053371 0.0343282 -0.00955413 0.0326948 0.14294 0.057055 0.194452 0.300011 0.176957 -0.308673 -0.137616 -0.0339886 -0.161053 -0.0680529 0.0232032 -0.136835 -0.0563835 -0.268227 0.201151 0.0758863 0.0351261 0.172424 0.0617111 0.313534 0.0381844 0.00323419 -0.140253 0.0431856 -0.0283839 0.00718721 -0.192743 0.0526829 0.333876 0.333495 0.161755 -0.307581 0.435517 0.623585 0.257334 0.293442 0.180029 0.01848 -0.0326506 0.129764 0.198755 0.0544176 -0.158107 0.0408642 0.0128513
internal_weight=31968 29059 2703 2909 2872 1867 1005 376 93 71 629 283 62 907 605 479 452 202 169 133 109 89 64 44 843 191 170 133 79 250 65 126 960 675 285 632 54 578 652 142 510 112 548 79 51 67 108 43 52 82 42 54 99 68 486 333 153 133 77 81 469 410
internal_count=31968 29059 2703 2909 2872 1867 1005 376 93 71 629 283 62 907 605 479 452 202 169 133 109 89 64 44 843 191 170 133 79 250 65 126 960 675 285 632 54 578 652 142 510 112 548 79 51 67 108 43 52 82 42 54 99 68 486 333 153 133 77 81 469 410
is_linear=0
shrinkage=0.05


Tree=141
num_leaves=63
num_cat=0
split_feature=23 32 33 34 34 34 34 32 32 31 33 33 36 32 32 32 31 33 31 32 37 33 36 29 39 32 32 32 32 28 35 32 40 40 40 38 12 36 35 15 33 31 32 38 32 11 2 36 32 5 11 9 33 33 34 33 35 11 34 31 31 32
split_gain=1079.46 1255.04 1495.16 1336.03 1713.74 3105.59 2966.8 2179.75 1903.55 2312.06 2514.51 1683.18 1306.81 1139.67 3331.4 1865.73 2901.83 1709.64 2721.87 2533.73 1133.64 2151.26 1050.15 981.472 1180 944.296 1131.67 1525.37 1349.86 864.716 1910.33 1762.93 1189.34 1456.09 4345.1 1010.52 920.455 1034.47 880.286 853.685 871.166 969.616 963.372 869.869 1284.93 1176.79 1590.64 808.632 974.806 789.04 788.984 857.135 1099.97 786.448 879.534 742.723 742.363 1113.32 713.101 698.707 698.313 1183.25
threshold=1.0000000180025095e-35 485.65000000000003 90.950000000000017 486.75000000000006 297.05000000000007 361.05000000000007 266.65000000000003 77.250000000000014 152.35000000000005 198.05000000000004 281.25000000000006 353.65000000000003 225.27083333333334 450.65000000000003 454.55000000000007 433.05000000000007 211.85000000000005 51.750000000000007 215.95000000000002 476.25000000000006 4.5000000000000009 323.05000000000007 62.716666666666676 1.0000000180025095e-35 1.0000000180025095e-35 426.95000000000005 416.95000000000005 408.75000000000006 404.55000000000007 1.0000000180025095e-35 161.25000000000003 491.15000000000003 5.5000000000000009 3.5000000000000004 1.5000000000000002 1.0000000180025095e-35 1.0000000180025095e-35 436.42500000000001 707.6500000000002 1.0000000180025095e-35 51.750000000000007 54.150000000000013 28.750000000000004 1.0000000180025095e-35 492.65000000000003 1.0000000180025095e-35 1.0000000180025095e-35 203.41000000000003 129.45000000000002 1.0000000180025095e-35 1.0000000180025095e-35 1.0000000180025095e-35 59.95000000000001 395.45000000000005 401.75000000000006 341.05000000000007 894.95000000000016 1.0000000180025095e-35 127.90000000000002 368.25000000000006 300.15000000000003 276.55000000000007
decision_type=2 2 2 2 2 2 2 2 2 2 2 2 2 2 2 2 2 2 2 2 2 2 2 2 2 2 2 2 2 2 2 2 2 2 2 2 2 2 2 2 2 2 2 2 2 2 2 2 2 2 2 2 2 2 2 2 2 2 2 2 2 2
left_child=23 3 -3 4 6 11 13 -7 -9 10 -10 12 -6 15 -15 20 -17 19 -19 -16 22 58 -2 29 -25 26 27 28 -24 39 -31 32 33 34 -32 38 37 50 -34 40 56 -42 -43 44 45 -44 -47 -40 -49 -50 51 52 -36 54 -26 -54 -1 -58 -22 -48 -11 -62
right_child=1 2 -4 -5 5 7 -8 8 9 60 -12 -13 -14 14 17 16 -18 18 -20 -21 21 -23 25 24 53 -27 -28 -29 -30 30 31 -33 35 -35 36 -37 -38 -39 47 -41 41 42 43 -45 -46 46 59 48 49 -51 -52 -53 55 -55 -56 -57 57 -59 -60 -61 61 -63
leaf_value=0.001625275601630366 -0.21050152350217105 -0.030547017574310303 0.48207911885145943 -0.35335915295974069 0.53640467739105224 0.4418991731909605 -0.45382013104178692 -0.50828973770141606 -0.65899950081393843 0.43940850354376293 0.10590948454019698 0.74053189139720055 0.07094284764638073 -0.69454623176938013 0.43618451085042315 0.70488299916570007 0.011674183275964527 -0.61696628654996566 0.050525006988928436 -0.2154064292907715 0.23489811271429062 -0.49530856132507328 0.036169673261437656 -0.0095869345081450973 -0.079348644071339597 -0.26335211012225884 0.31023542528089726 -0.31321825250502555 0.44890160486102104 -0.12432328589698848 -0.025744594498570403 0.4511340391177398 0.060503762258698683 -0.041261124399341598 0.17872710218796364 -0.13755460134212008 0.48015351336577849 0.51974043931279867 0.42337894825072131 0.069207478703860681 0.02914260539162751 0.024538839425906466 -0.074101630924432449 -0.0081953353467830569 -0.37294640869367868 -0.031076415194317971 0.087281462973491708 -0.12271788448095322 0.14296191707045341 0.42410396162805891 0.44653999251978738 0.42944318316876889 -0.19545178066852481 -0.20646237113622129 0.14132814519867606 0.14726375031471253 0.04430058935374221 0.34196765500850779 -0.12107262313365937 0.35641658792370245 0.3906570590287447 -0.10925339768672813
leaf_weight=17892 44 25 33 23 25 26 33 20 21 21 22 25 38 21 37 26 36 24 42 25 24 30 2090 1968 575 26 38 31 20 187 557 26 472 706 130 47 29 21 29 424 833 691 1751 1376 32 456 66 30 179 29 21 21 43 111 49 25 208 37 34 38 20 29
leaf_count=17892 44 25 33 23 25 26 33 20 21 21 22 25 38 21 37 26 36 24 42 25 24 30 2090 1968 575 26 38 31 20 187 557 26 472 706 130 47 29 21 29 424 833 691 1751 1376 32 456 66 30 179 29 21 21 43 111 49 25 208 37 34 38 20 29
internal_value=0.00182454 0.0308637 0.26112 0.0261794 0.0292662 0.155086 0.0172254 0.0231885 -0.0586647 0.020915 -0.267651 0.3934 0.25565 0.023326 -0.110852 0.0316597 0.302375 -0.0150896 -0.192199 0.173446 0.0244777 -0.15157 0.0313662 -0.00108248 -0.0297761 0.0361926 0.0397668 0.0349663 0.0400818 0.00186026 0.0295202 0.0416846 0.0371332 0.0117683 0.05597 0.0872498 0.212918 0.183226 0.101547 -0.00110513 -0.00238026 -0.0203314 -0.0296764 -0.0397498 -0.0582811 -0.053924 0.00916707 0.174104 0.14373 0.18216 0.153781 0.125708 0.0934934 -0.0838336 -0.0620199 -0.0694534 0.002809 0.0892544 0.0262256 0.185619 0.198177 0.0947917
internal_weight=31968 2909 58 2851 2828 247 2581 159 133 113 43 88 63 2548 149 2399 62 128 66 62 2337 88 2249 29059 2703 2205 2179 2141 2110 26356 2552 2365 2339 1553 847 786 290 261 739 23804 23380 5243 4410 3719 2343 2311 560 267 238 208 240 219 198 735 624 68 18137 245 58 104 70 49
internal_count=31968 2909 58 2851 2828 247 2581 159 133 113 43 88 63 2548 149 2399 62 128 66 62 2337 88 2249 29059 2703 2205 2179 2141 2110 26356 2552 2365 2339 1553 847 786 290 261 739 23804 23380 5243 4410 3719 2343 2311 560 267 238 208 240 219 198 735 624 68 18137 245 58 104 70 49
is_linear=0
shrinkage=0.05


Tree=142
num_leaves=63
num_cat=0
split_feature=18 7 35 8 33 31 31 31 32 33 33 32 29 32 32 33 32 32 32 33 31 35 6 7 40 35 32 31 31 32 32 32 33 31 32 11 33 40 33 31 39 32 35 35 40 39 40 35 40 35 31 33 33 31 11 33 35 31 33 35 35 33
split_gain=1047.77 1204.58 1788.81 1802.18 1750.77 1561.54 2119.56 1306.56 1116.47 1363.61 1433.68 978.463 957.743 939.896 1248.53 888.402 985.741 1683.19 940.586 1296.4 873.479 1148.19 769.994 764.938 1353.55 1279.03 827.018 738.958 718.121 716.377 1857.9 863.481 963.969 989.942 766.521 754.516 868.305 690.124 688.396 980.483 676.168 663.176 654.807 654.793 649.856 638.69 634.766 1515.39 1151.08 1109.87 1029 1080.48 2195.43 1487.92 1066.39 1172.15 975.001 2096.41 2014.83 984.266 1136.07 1891.83
threshold=1.0000000180025095e-35 1.0000000180025095e-35 894.95000000000016 1.0000000180025095e-35 51.750000000000007 40.000000000000007 117.45000000000002 498.05000000000007 436.65000000000003 25.550000000000004 127.75000000000001 73.200000000000003 1.0000000180025095e-35 426.95000000000005 390.65000000000003 289.05000000000007 225.25000000000003 28.750000000000004 1.0000000180025095e-35 57.95000000000001 460.75000000000006 759.00000000000011 1.0000000180025095e-35 1.0000000180025095e-35 5.5000000000000009 1044.7500000000002 326.15000000000003 242.85000000000005 160.85000000000005 200.75000000000003 137.85000000000005 326.15000000000003 461.35000000000008 170.95000000000002 300.25000000000006 1.0000000180025095e-35 138.65000000000001 4.5000000000000009 420.75000000000006 304.35000000000008 1.0000000180025095e-35 254.95000000000002 623.6500000000002 753.45000000000016 1.5000000000000002 1.0000000180025095e-35 5.5000000000000009 1531.0000000000002 4.5000000000000009 587.85000000000014 179.65000000000001 465.45000000000005 477.95000000000005 335.95000000000005 1.0000000180025095e-35 457.35000000000008 607.45000000000016 25.650000000000002 431.45000000000005 1096.7500000000002 967.45000000000016 353.65000000000003
decision_type=2 2 2 2 2 2 2 2 2 2 2 2 2 2 2 2 2 2 2 2 2 2 2 2 2 2 2 2 2 2 2 2 2 2 2 2 2 2 2 2 2 2 2 2 2 2 2 2 2 2 2 2 2 2 2 2 2 2 2 2 2 2
left_child=1 7 3 5 -4 37 13 46 23 -10 -11 -6 45 14 -7 16 17 18 -8 -20 21 -19 29 -2 25 26 -25 28 -18 30 -13 34 33 -33 -31 36 -35 44 39 -24 -9 -39 -30 -17 -3 -12 48 50 -1 -50 56 54 -53 -54 55 -52 58 -58 -48 60 -59 -62
right_child=8 2 4 -5 11 6 15 40 9 10 12 22 -14 -15 -16 43 27 20 19 -21 -22 -23 38 24 -26 -27 -28 -29 42 31 -32 32 -34 35 -36 -37 -38 41 -40 -41 -42 -43 -44 -45 -46 -47 47 -49 49 -51 51 52 53 -55 -56 -57 57 59 -60 -61 61 -63
leaf_value=0.0040713112996691161 -0.0080150746380655124 0.12181634749285877 0.41237885765110455 -0.17021013900877968 0.32024687007069591 -0.10749082556773662 0.01879719195629824 0.095074915171277766 0.017516469911931724 -0.45824388150954842 -0.060888074843152874 -0.027730725361316495 0.16445482419803739 0.17652719422028618 -0.51835118375718592 0.34774107254649467 0.13496041032485664 -0.033794583810871484 0.34669186935893131 -0.0054695213023497136 -0.34185300190001727 -0.36009781631330651 0.23482962912983366 -0.17697874153382145 0.086760704184953991 -0.45600987821817401 0.14091733631033163 0.13187088417997314 0.050437259100950683 0.033542899961801285 0.4916638927327262 -0.16348092134165415 0.37416617617462622 0.38684489747420669 -0.24977782871574164 0.38568570426106458 0.039960523588524671 -0.081253123366170465 -0.32734710752964019 -0.17145157086126733 0.40308545721428735 0.20666528784980379 -0.19704022098671306 0.071179511352461214 0.42247446760898683 -0.27981812963262204 -0.0026627010715120137 0.42658111669800497 -0.0079365690219073276 -0.055705365900858908 0.015933307873000745 0.52993629029951994 -0.17313870153515243 0.30459522924252919 0.0885751784264317 -0.34197225596593772 0.093923878973307284 -0.15126095648503529 0.50089346054941419 -0.3884470428029696 -0.22002614708173845 0.4363659253586894
leaf_weight=12130 2582 32 45 124 42 245 540 49 122 41 62 33 24 26 20 38 64 266 56 49 32 30 27 96 65 34 26 311 52 94 36 34 33 21 32 25 128 36 20 33 28 45 55 49 41 72 2936 22 3752 1799 4256 32 39 28 540 23 131 265 20 36 21 23
leaf_count=12130 2582 32 45 124 42 245 540 49 122 41 62 33 24 26 20 38 64 266 56 49 32 30 27 96 65 34 26 311 52 94 36 34 33 21 32 25 128 36 20 33 28 45 55 49 41 72 2936 22 3752 1799 4256 32 39 28 540 23 131 265 20 36 21 23
internal_value=0.00173331 0.00471233 0.0364171 0.014722 0.112368 0.0262628 0.0134151 0.0014193 -0.0257721 -0.1141 -0.194789 0.0881735 -0.126424 -0.110352 -0.138499 0.036772 0.0274917 -0.00147417 0.045422 0.18235 -0.0936939 -0.0668659 0.0692838 -0.0156568 -0.104937 -0.184811 -0.10923 0.0859644 0.00247363 0.095447 0.243258 0.067657 0.123112 0.0832812 -0.0384116 0.131499 0.0888503 0.179184 -0.0733056 0.011375 0.207079 0.0787015 -0.0767708 0.191977 0.290679 -0.178522 0.000811472 0.0121534 -0.00455896 -0.0234178 0.0110615 0.0257242 0.189235 0.0265113 0.0223651 0.0140095 -0.00994993 -0.0763621 0.000744309 -0.141021 -0.112195 0.123088
internal_weight=31968 28844 2714 2111 603 1987 1833 26130 3124 321 199 558 158 291 265 1542 1455 973 645 105 328 296 516 2803 221 156 122 482 171 436 69 367 241 208 126 174 149 154 80 60 77 81 107 87 73 134 26053 8372 17681 5551 8350 4918 99 67 4819 4279 3432 476 2956 345 309 44
internal_count=31968 28844 2714 2111 603 1987 1833 26130 3124 321 199 558 158 291 265 1542 1455 973 645 105 328 296 516 2803 221 156 122 482 171 436 69 367 241 208 126 174 149 154 80 60 77 81 107 87 73 134 26053 8372 17681 5551 8350 4918 99 67 4819 4279 3432 476 2956 345 309 44
is_linear=0
shrinkage=0.05


Tree=143
num_leaves=63
num_cat=0
split_feature=23 32 32 25 33 35 32 31 35 32 35 32 31 40 31 31 35 32 31 31 33 31 32 9 40 35 32 31 31 40 35 36 33 7 35 36 31 36 33 31 35 32 36 32 36 29 39 31 36 38 31 40 32 33 40 33 33 32 32 8 32 35
split_gain=971.957 1129.92 1507.13 1391.67 3028.49 5057.85 2922.02 2107.5 2194.15 1801.5 4382.57 2747.92 3968.82 2711.35 3535.15 5621.36 1747.37 1449.77 2788.4 1556.69 1396.72 1341.46 1308.71 1031.75 1842.2 1525.95 3527.33 2810.47 1689.05 1886.39 1434.58 1812.84 1308.93 2749.97 2193.89 4896.38 2376.84 4430.51 1994.93 1850.92 3634.25 7566.21 2616.14 1348.87 946.223 875.751 1075.89 854.184 3796.27 1332.03 2858.34 3162.7 2486.09 1910.55 1046.8 1032.75 2721.17 2162.17 2250.02 1864.98 2570.16 2187.93
threshold=1.0000000180025095e-35 485.65000000000003 495.05000000000007 1.0000000180025095e-35 102.25000000000001 532.95000000000016 145.65000000000001 402.75000000000006 909.35000000000014 448.55000000000007 1249.5000000000002 433.05000000000007 211.85000000000005 1.5000000000000002 119.55000000000001 230.15000000000001 1096.7500000000002 406.45000000000005 267.75000000000006 150.65000000000001 93.200000000000003 384.75000000000006 398.85000000000008 1.0000000180025095e-35 2.5000000000000004 1055.7500000000002 212.85000000000005 300.15000000000003 370.15000000000003 3.5000000000000004 832.35000000000025 183.88333333333335 355.45000000000005 1.0000000180025095e-35 967.45000000000016 238.91250000000005 193.85000000000005 198.01000000000002 336.85000000000008 460.75000000000006 522.6500000000002 127.55000000000001 313.22500000000008 386.85000000000008 51.625000000000007 1.0000000180025095e-35 1.0000000180025095e-35 440.85000000000008 294.5125000000001 1.0000000180025095e-35 361.85000000000008 2.5000000000000004 266.15000000000003 73.350000000000009 5.5000000000000009 4.8500000000000005 107.75000000000001 221.05000000000004 147.75000000000003 1.0000000180025095e-35 123.35000000000001 578.35000000000025
decision_type=2 2 2 2 2 2 2 2 2 2 2 2 2 2 2 2 2 2 2 2 2 2 2 2 2 2 2 2 2 2 2 2 2 2 2 2 2 2 2 2 2 2 2 2 2 2 2 2 2 2 2 2 2 2 2 2 2 2 2 2 2 2
left_child=45 3 -3 9 5 -5 -6 8 -8 11 13 17 -13 -11 -15 -16 -10 22 19 -19 -17 -20 23 25 -25 32 -27 -28 -29 -30 31 -26 38 34 35 36 37 -34 39 43 -41 -42 -43 44 -2 -1 -47 49 -49 54 51 52 -51 -53 55 -46 57 58 -57 60 61 -58
right_child=1 2 -4 4 6 -7 7 -9 16 10 -12 12 -14 14 15 20 -18 18 21 -21 -22 -23 -24 24 30 26 27 28 29 -31 -32 -33 33 -35 -36 -37 -38 -39 -40 40 41 42 -44 -45 47 46 -48 48 -50 50 -52 53 -54 -55 -56 56 59 -59 -60 -61 -62 -63
leaf_value=0.0016679135689347036 -0.27983300487200419 0.46181938052177429 -0.055685289700826014 -0.18285201759565445 0.4560135672169347 0.77539686821401121 -0.27998440740881742 -0.51907918660537067 0.56287767751650375 -0.70001038975185814 0.54126022040843969 0.85657655925800413 0.050563094942342672 0.34397709933774817 -0.89681475957234713 0.21422576303283375 -0.015981185715645552 -0.14998566495875518 0.43476463953653977 -0.64222644135869789 -0.29752180023739733 -0.11796267142762309 0.32004133708573679 0.19524142742156983 -0.39993701527516046 0.56439881158429528 0.3833991870647524 -0.43025941930968187 0.40241164727644485 -0.18224346839092875 -0.40118768115838366 0.14028440202501688 -0.10944620966911317 0.38574680685997009 -0.57508283045984088 0.41987905361747835 0.11530050662430852 -1.0436180017211221 0.5256783747673035 0.14458633055200137 -1.0932228012084961 0.41263698041439056 -0.30804435751017406 0.35001717253642928 0.017344698254951801 -0.0089379916239456028 -0.079833952384132933 0.71548660889915805 -0.14468908315074855 0.088098409187954835 0.6745989754796029 -0.53568156945208711 0.78000879296567294 0.067409580894535137 0.074241694788076754 -0.41423027082797026 -0.0098155795850537048 -0.68819936072004262 0.26599490523338315 0.4173088296627005 0.075098339398814884 -0.70013276268728086
leaf_weight=26356 24 34 24 21 31 40 37 23 22 27 20 24 42 28 27 30 32 36 21 29 24 23 37 39 24 43 41 29 22 37 51 44 30 23 31 32 22 22 20 59 25 20 34 34 639 1968 735 23 29 37 24 24 20 29 486 31 22 29 20 24 110 24
leaf_count=26356 24 34 24 21 31 40 37 23 22 27 20 24 42 28 27 30 32 36 21 29 24 23 37 39 24 43 41 29 22 37 51 44 30 23 31 32 22 22 20 59 25 20 34 34 639 1968 735 23 29 37 24 24 20 29 486 31 22 29 20 24 110 24
internal_value=0.00164664 0.0292019 0.24768 0.0247572 0.149932 0.445508 0.0255868 -0.0914591 0.0166207 0.0150083 -0.149817 0.0253388 0.343659 -0.251446 -0.140334 -0.30775 0.21985 0.0166681 -0.161533 -0.369601 -0.0132176 0.145839 0.0250622 0.020269 -0.102988 0.0294594 0.172215 0.0414875 -0.117812 0.0357635 -0.200727 -0.050382 0.0168482 -0.12016 -0.205093 -0.0968891 -0.320356 -0.504673 0.0291154 0.0234949 -0.152324 -0.374068 -0.0411253 0.0383894 0.0317465 -0.00111182 -0.028216 0.0365065 0.235773 0.029685 0.180214 0.0723485 0.330874 -0.205688 0.0151212 -0.0168394 -0.100854 -0.343488 -0.147475 0.00698389 -0.056143 -0.369981
internal_weight=31968 2909 58 2851 206 61 145 114 91 2645 156 2489 66 136 109 81 54 2423 109 65 54 44 2314 2277 158 2119 172 129 88 59 119 68 1947 160 137 106 74 52 1787 1767 138 79 54 1629 1595 29059 2703 1571 52 1519 134 110 57 53 1385 899 260 80 51 180 156 46
internal_count=31968 2909 58 2851 206 61 145 114 91 2645 156 2489 66 136 109 81 54 2423 109 65 54 44 2314 2277 158 2119 172 129 88 59 119 68 1947 160 137 106 74 52 1787 1767 138 79 54 1629 1595 29059 2703 1571 52 1519 134 110 57 53 1385 899 260 80 51 180 156 46
is_linear=0
shrinkage=0.05


Tree=144
num_leaves=63
num_cat=0
split_feature=18 7 36 31 31 34 25 31 13 32 32 36 39 6 36 35 33 34 4 32 12 36 35 32 40 35 32 31 36 32 40 36 35 33 7 40 34 33 32 36 34 36 33 25 35 23 31 31 35 36 40 34 31 11 35 36 32 34 40 4 24 32
split_gain=932.321 1092.27 1646.87 2490.79 2121.69 1407.41 1224.2 1179.25 1018.31 1280.15 990.012 1835.96 2442.37 924.451 1294.41 1074.05 1733.2 1508.27 1268.68 1140.14 1086.03 884.865 860.009 1187.6 823.132 819.529 863.769 1024.23 785.807 784.646 780.45 754.339 719.084 717.197 695.007 1213.03 1715.67 843.146 780.467 692.3 680.27 1274.49 655.541 637.38 1037.43 1020.54 3564.64 3269.99 2051.79 3808.63 2440.68 745.553 2715.42 704.398 1013.57 907.023 1076.01 685.274 946.834 1166.52 1023.46 876.682
threshold=1.0000000180025095e-35 1.0000000180025095e-35 171.71250000000003 54.150000000000013 68.950000000000017 235.35000000000005 1.0000000180025095e-35 498.05000000000007 1.0000000180025095e-35 278.65000000000003 436.65000000000003 234.53750000000005 1.0000000180025095e-35 1.0000000180025095e-35 204.51666666666668 894.95000000000016 134.25000000000003 192.25000000000003 1.0000000180025095e-35 261.45000000000005 1.0000000180025095e-35 293.01666666666671 998.25000000000011 483.80000000000001 5.5000000000000009 967.45000000000016 326.15000000000003 428.45000000000005 382.3250000000001 394.35000000000008 2.5000000000000004 252.83333333333337 685.05000000000007 442.95000000000005 1.0000000180025095e-35 5.5000000000000009 178.45000000000002 255.05000000000004 170.05000000000004 265.25500000000005 459.35000000000008 266.78333333333336 199.45000000000002 1.0000000180025095e-35 1279.4000000000003 1.0000000180025095e-35 58.45000000000001 123.85000000000001 958.55000000000007 219.77083333333334 3.5000000000000004 476.25000000000006 193.85000000000005 1.0000000180025095e-35 696.75000000000011 327.63333333333338 367.85000000000008 481.95000000000005 5.5000000000000009 1.0000000180025095e-35 1.0000000180025095e-35 331.75000000000006
decision_type=2 2 2 2 2 2 2 2 2 2 2 2 2 2 2 2 2 2 2 2 2 2 2 2 2 2 2 2 2 2 2 2 2 2 2 2 2 2 2 2 2 2 2 2 2 2 2 2 2 2 2 2 2 2 2 2 2 2 2 2 2 2
left_child=1 7 5 30 -5 8 13 43 32 -10 34 12 -12 15 -15 17 39 18 20 -18 -6 42 -13 28 31 -21 -27 33 -24 -23 -4 -8 -3 -28 40 36 38 -38 -36 -17 -2 -42 -16 44 51 53 -47 -48 49 -49 -50 -1 -53 54 -45 56 -55 58 60 -60 -46 -59
right_child=10 2 3 4 6 -7 24 -9 9 -11 11 22 -14 14 21 16 19 -19 -20 25 -22 29 23 -25 -26 26 27 -29 -30 -31 -32 -33 -34 -35 35 -37 37 -39 -40 -41 41 -43 -44 45 57 46 47 48 50 -51 -52 52 -54 55 -56 -57 -58 61 59 -61 -62 -63
leaf_value=0.0023919918309358128 -0.010951437596071388 -0.035135743188706478 0.47658537861865924 -0.37410681903362275 0.038625336002617972 -0.3707902437448502 0.27383927876294101 0.19662176416824007 0.028250760412302574 0.46626279516653579 -0.070643681827587665 0.027019015646591371 -0.78035260857167577 0.25568144904530565 -0.51551796027592256 0.14570547938346864 0.20158561177105985 -0.29785331023590905 -0.17820808512694908 -0.22084610187871889 0.32144513304744449 0.14833785807713867 0.0048551077918651021 -0.42636969116283585 0.33320736669130246 -0.14926792057447655 0.11068635248066334 -0.12426634841674083 -0.34644522722810511 -0.22986111690600716 0.19267289940799986 -0.029034309870061965 -0.33401232560475669 0.40919478919643626 -0.27216951532755046 0.081516739301956631 -0.20581675396989221 -0.62529356589913376 0.022189433941323507 0.48538663290441042 -0.10743768706917763 0.43299867596166836 -0.1657553307309344 -0.015085806819344552 0.10978939466106273 0.72083685219287874 -0.45780308544635773 -0.11943261641444583 0.30599524747757689 0.59115298376841985 -0.38353935101944392 -0.43997450434626678 0.18148201750300361 0.089016265983227649 -0.086896164377734342 0.35722778316425241 -0.23729611635208131 -0.34418834708631041 0.38932883778104077 -0.049848518201283054 -0.15509532289579511 0.10844477816768315
leaf_weight=23068 2538 483 37 30 1125 30 34 77 69 22 27 144 22 23 21 24 117 35 66 33 35 32 78 30 59 43 89 37 20 24 70 52 21 26 32 65 23 25 76 40 20 24 37 1436 213 20 30 33 21 44 33 39 32 120 747 23 32 20 54 21 44 23
leaf_count=23068 2538 483 37 30 1125 30 34 77 69 22 27 144 22 23 21 24 117 35 66 33 35 32 78 30 59 43 89 37 20 24 70 52 21 26 32 65 23 25 76 40 20 24 37 1436 213 20 30 33 21 44 33 39 32 120 747 23 32 20 54 21 44 23
internal_value=0.00156431 0.00437442 0.034565 0.0558692 0.0431837 -0.0366423 0.0495969 0.00123867 -0.0197945 0.134144 -0.0243815 -0.107557 -0.389289 0.0383803 -0.0864818 0.0486235 0.119031 0.0257871 0.0350264 0.0746996 0.0471587 -0.155515 -0.0568035 -0.151104 0.189379 0.00958707 0.0485835 0.104555 -0.0668388 -0.0137474 0.290848 0.0907064 -0.0475889 0.178175 -0.0148563 -0.0999573 -0.175571 -0.424294 -0.065028 0.358006 -0.00757224 0.187346 -0.292394 0.00066121 0.00323106 -0.0231385 0.0912774 0.0130712 0.120905 0.286616 -0.115387 0.00189407 -0.159881 -0.0319211 -0.0396586 0.0645984 0.0203189 0.0857289 0.110054 0.266359 0.0644395 -0.102082
internal_weight=31968 28844 2714 2089 1982 625 1952 26130 595 91 3124 321 49 1807 137 1670 409 1261 1226 345 1160 114 272 128 145 228 195 152 98 56 107 86 504 115 2803 221 156 48 108 64 2582 44 58 26053 23514 2539 181 161 131 77 54 23139 71 2358 2183 175 152 375 332 75 257 43
internal_count=31968 28844 2714 2089 1982 625 1952 26130 595 91 3124 321 49 1807 137 1670 409 1261 1226 345 1160 114 272 128 145 228 195 152 98 56 107 86 504 115 2803 221 156 48 108 64 2582 44 58 26053 23514 2539 181 161 131 77 54 23139 71 2358 2183 175 152 375 332 75 257 43
is_linear=0
shrinkage=0.05


Tree=145
num_leaves=63
num_cat=0
split_feature=6 39 32 23 4 9 32 31 33 34 34 23 34 23 12 36 33 21 32 33 33 39 33 34 33 40 40 23 32 23 36 31 36 36 34 33 33 31 23 36 36 31 31 32 23 32 23 39 32 32 40 5 34 36 23 33 32 32 36 36 40 40
split_gain=971.305 1244.68 1140.66 2292.48 1048.97 1007.14 3064.81 1985.71 3473.67 1642.57 1349.71 3787.95 1259.59 1529.84 1139.96 1070.18 1192.2 1368.07 1173.09 1035.2 1419.41 996.85 1880.06 2715.83 1459.74 1211.67 2535.91 1932.13 1163.1 1108.21 1749.31 2728.33 1860.16 942.878 873.739 1670.96 1513.42 1174.39 1903.53 2534.03 4243.2 2208.26 1479.29 1382.72 962.371 820.394 1571.77 1037.25 795.853 974.878 738.489 687.572 1077.27 1097.08 1147.07 2908.71 727.926 644.163 627.608 1060.59 618.464 2564.78
threshold=1.0000000180025095e-35 1.0000000180025095e-35 456.35000000000008 1.0000000180025095e-35 1.0000000180025095e-35 1.0000000180025095e-35 392.85000000000008 355.65000000000003 365.95000000000005 290.2000000000001 472.75000000000006 1.0000000180025095e-35 345.80000000000001 1.0000000180025095e-35 1.0000000180025095e-35 68.375000000000014 402.75000000000006 1.0000000180025095e-35 168.15000000000001 55.850000000000001 114.05000000000001 1.0000000180025095e-35 459.35000000000008 51.45000000000001 440.95000000000005 1.5000000000000002 2.5000000000000004 1.0000000180025095e-35 248.95000000000002 1.0000000180025095e-35 251.61250000000004 209.75000000000003 325.31250000000006 318.92500000000001 312.75000000000006 419.15000000000003 330.95000000000005 100.45000000000002 1.0000000180025095e-35 321.08333333333343 215.17083333333335 228.25000000000003 195.85000000000005 380.65000000000003 1.0000000180025095e-35 430.85000000000008 1.0000000180025095e-35 1.0000000180025095e-35 79.250000000000014 143.55000000000004 5.5000000000000009 1.0000000180025095e-35 5.1500000000000012 345.05000000000013 1.0000000180025095e-35 269.40000000000003 329.95000000000005 91.950000000000017 284.0125000000001 250.51000000000002 1.5000000000000002 2.5000000000000004
decision_type=2 2 2 2 2 2 2 2 2 2 2 2 2 2 2 2 2 2 2 2 2 2 2 2 2 2 2 2 2 2 2 2 2 2 2 2 2 2 2 2 2 2 2 2 2 2 2 2 2 2 2 2 2 2 2 2 2 2 2 2 2 2
left_child=4 -2 34 -4 5 10 7 15 12 19 51 57 13 14 -9 -7 60 18 -18 -8 -21 -6 24 -24 25 27 28 -23 -27 -28 31 -31 -32 -10 37 36 44 43 48 40 42 -42 -40 -3 -36 47 58 -22 -39 -50 -51 -1 -53 54 56 -56 -54 -12 59 -47 -17 -62
right_child=1 2 3 -5 21 6 9 8 33 -11 11 -13 -14 -15 -16 16 17 -19 -20 20 45 22 23 -25 -26 26 29 -29 -30 30 32 -33 -34 -35 35 -37 -38 38 39 -41 41 -43 -44 -45 -46 46 -48 -49 49 50 -52 52 53 -55 55 -57 -58 -59 -60 -61 61 -63
leaf_value=0.0030512786595821738 -0.0069923562321454668 -0.095723481143222142 -0.10565752923074696 -0.68884653936732898 -0.0058479994134055836 -0.24507899618922521 0.21566951753253619 0.027762152791227103 0.66471471765211654 0.42758318076328355 0.29492114361375571 0.79683218955993651 -0.24367002061435153 0.41911764103790805 0.35593029686382843 -0.065264444023964918 -0.52228275047194572 0.048561374613871944 -0.13767151821743359 -0.24723207741592301 0.0081574387007182642 -0.096409979289455813 -0.14540175661958496 0.52775599168192955 -0.41301097526694791 -0.0020050755568913055 -0.10527567676346722 -0.48379919023014778 0.47687986530363563 -0.064563665373457799 -0.37785660245588848 0.56995884403586394 0.14958334327675402 0.25438417238848554 -0.095301621774239342 -0.53353070226999433 0.237851627557366 0.1072258608829644 0.18493175299271294 -0.21829989061636082 0.98382232323288921 0.33761250315568386 -0.39549852453527001 -0.54046569710428061 -0.47644427472894846 0.21591094031929972 -0.37205463289504959 0.38402286390463514 -0.25932134583197314 -0.10599440743669344 0.053606439055057999 -0.0092186303153526401 -0.031798081602901221 0.22512185817956923 -0.58934617058226946 0.096981852902815899 -0.18861068138073711 -0.023145979322875158 0.22188490858444801 -0.29901480972766875 0.33872967250092684 -0.00092210612034682973
leaf_weight=21109 2022 85 72 22 1776 52 164 482 28 49 20 20 35 29 28 279 31 52 55 34 31 128 29 31 33 21 524 43 32 36 35 32 32 28 67 26 27 63 23 34 20 39 21 22 22 20 21 45 66 199 114 1877 240 25 38 26 107 78 52 20 59 959
leaf_count=21109 2022 85 72 22 1776 52 164 482 28 49 20 20 35 29 28 279 31 52 55 34 31 128 29 31 33 21 524 43 32 36 35 32 32 28 67 26 27 63 23 34 20 39 21 22 22 20 21 45 66 199 114 1877 240 25 38 26 107 78 52 20 59 959
internal_value=-0.00158843 -0.0289459 -0.0770912 -0.242149 0.00120375 0.00430031 0.0341287 0.00926712 0.0836637 0.154844 0.00106531 0.169743 0.0469919 0.0658661 0.0457792 -0.0222526 -0.0141781 -0.153895 -0.27631 0.120312 0.050183 -0.0281562 -0.0687497 0.202396 -0.0865104 -0.0743082 -0.0456044 -0.193824 0.287133 -0.0723648 0.0553783 0.234035 -0.125945 0.459549 -0.0583529 -0.171245 -0.090043 -0.0349845 -0.0068612 0.155979 0.279527 0.556667 -0.0920918 -0.187166 -0.189517 0.103686 0.0182548 0.230709 -0.0573342 -0.0846886 -0.047865 0.000215507 -0.0256644 -0.0964644 -0.116026 -0.310525 -0.0801524 0.0417657 0.107347 -0.0415519 0.000687719 0.018763
internal_weight=31789 2944 922 94 28845 26093 2553 2117 630 436 23540 118 574 539 510 1487 1435 138 86 387 223 2752 976 60 916 883 712 171 53 659 135 68 67 56 828 142 116 686 579 137 103 59 44 107 89 189 113 76 442 379 313 23422 2313 436 411 64 347 98 92 40 1297 1018
internal_count=31789 2944 922 94 28845 26093 2553 2117 630 436 23540 118 574 539 510 1487 1435 138 86 387 223 2752 976 60 916 883 712 171 53 659 135 68 67 56 828 142 116 686 579 137 103 59 44 107 89 189 113 76 442 379 313 23422 2313 436 411 64 347 98 92 40 1297 1018
is_linear=0
shrinkage=0.05


Tree=146
num_leaves=63
num_cat=0
split_feature=40 40 9 11 2 35 40 39 35 39 31 18 4 36 35 31 9 31 31 31 36 21 33 33 33 31 31 33 33 34 34 34 35 39 34 36 31 36 33 36 31 33 34 36 9 31 36 36 33 40 40 31 35 35 36 31 38 15 31 31 35 39
split_gain=932.026 2481 2331.84 2260.79 1884.93 1627.25 1353.21 1536.92 1248.59 1233.67 1096.12 1091.3 1053.79 1023.02 1135.15 1064.04 915.671 909.448 896.241 855.994 1015.38 950.013 847.255 982.14 827.529 1358.62 1357.01 1342.07 1323.63 1200.25 785.045 838.553 1084.94 1116.78 1076.66 1008.79 996.702 1346.26 905.883 1075.51 848.623 1131.1 886.389 829.605 780.469 772.77 1268.05 2381.19 1001.86 949.034 2547.14 1254.67 1213.19 1168.24 760.248 749.048 743.966 742.468 728.929 722.472 722.429 721.743
threshold=1.0000000180025095e-35 3.5000000000000004 1.0000000180025095e-35 1.0000000180025095e-35 1.0000000180025095e-35 1249.5000000000002 5.5000000000000009 1.0000000180025095e-35 1531.0000000000002 1.0000000180025095e-35 40.000000000000007 1.0000000180025095e-35 1.0000000180025095e-35 231.11250000000004 800.35000000000025 215.95000000000002 1.0000000180025095e-35 129.75000000000003 125.85000000000001 476.65000000000003 218.61250000000004 1.0000000180025095e-35 487.15000000000003 474.55000000000007 425.05000000000007 121.75000000000001 374.55000000000007 419.15000000000003 469.35000000000008 153.90000000000003 433.65000000000003 340.15000000000003 887.1500000000002 1.0000000180025095e-35 370.45000000000005 273.71250000000003 454.25000000000006 220.91250000000005 440.95000000000005 196.81666666666669 240.95000000000002 451.15000000000003 58.850000000000001 223.16250000000005 1.0000000180025095e-35 177.25000000000003 218.61250000000004 193.32500000000002 305.35000000000008 1.5000000000000002 2.5000000000000004 450.45000000000005 867.25000000000011 501.65000000000003 182.71250000000003 154.75000000000003 1.0000000180025095e-35 1.0000000180025095e-35 203.75000000000003 302.05000000000007 770.85000000000025 1.0000000180025095e-35
decision_type=2 2 2 2 2 2 2 2 2 2 2 2 2 2 2 2 2 2 2 2 2 2 2 2 2 2 2 2 2 2 2 2 2 2 2 2 2 2 2 2 2 2 2 2 2 2 2 2 2 2 2 2 2 2 2 2 2 2 2 2 2 2
left_child=9 2 3 22 10 45 7 16 19 44 -5 24 17 14 55 -15 57 -11 60 21 -21 -8 23 -2 27 -26 29 -9 -28 58 31 32 36 -34 -33 38 40 -38 39 -35 41 -23 -42 -41 -1 46 47 -4 -48 -47 53 52 -52 -51 -18 -12 -14 -3 -27 -60 -13 -32
right_child=1 6 5 4 -6 -7 8 11 -10 12 13 18 56 15 -16 -17 54 -19 -20 20 -22 30 -24 -25 25 26 28 -29 -30 -31 61 34 33 35 -36 -37 37 -39 -40 43 42 -43 -44 -45 -46 49 48 -49 -50 50 51 -53 -54 -55 -56 -57 -58 -59 59 -61 -62 -63
leaf_value=0.0062849946721587335 0.01002176909042584 0.0012717371726707939 0.0048343644965262644 0.32300302967753103 0.43188598958606073 0.49640324501128036 -0.0060093052612483037 -0.038938088464192624 0.33484299064710221 -0.099852459890795442 -0.095980540871258013 -0.18075534894059486 -0.23426899483893068 0.40255048251710834 -0.33358632588386539 0.09423712677752491 -0.14566658638049287 -0.02131077482057488 -0.084378126602826842 -0.16223105553537609 0.10295186335233519 0.0077859263350049087 -0.29942201789129869 0.35276282259396147 0.24127893540738288 -0.40732285705705484 0.39763554986566307 -0.4141383530572057 -0.087927892863750468 0.13221809743223964 0.0049600158905377615 -0.37760748820645468 0.010530187606259629 0.52626817518845204 -0.020121360535130781 -0.046273579651659187 -0.46331665527820587 0.023113911350568138 0.50457792997360229 -0.13082769264777502 0.052207251868762565 -0.27633007958324418 0.26853526295436658 0.21245288677287824 -0.069990944560622201 0.0043038826718737808 0.035182132348418237 0.58807590738648463 -0.45928787220092054 0.21102546548301523 0.05162121516253268 -0.26705153541905541 0.3595490368002135 0.60089073336642729 -0.024522137531977392 0.11552550951018931 0.012435351053207387 0.12179925117556377 0.058165224199183289 -0.28337409853469581 -0.5172921701617863 0.31557722647984821
leaf_weight=3324 4464 5190 105 46 44 29 7211 3438 29 474 72 52 120 32 25 223 182 1657 225 40 370 1301 22 21 69 30 32 24 25 37 32 28 135 20 85 33 25 33 30 24 662 36 51 66 373 79 20 21 21 33 105 21 46 46 449 100 41 131 32 30 23 45
leaf_count=3324 4464 5190 105 46 44 29 7211 3438 29 474 72 52 120 32 25 223 182 1657 225 40 370 1301 22 21 69 30 32 24 25 37 32 28 135 20 85 33 25 33 30 24 662 36 51 66 373 79 20 21 21 33 105 21 46 46 449 100 41 131 32 30 23 45
internal_value=-0.00150901 0.00261589 0.0321481 0.0217108 0.118192 0.132334 -0.00552463 -0.0186427 0.00722639 -0.0192786 0.0904758 -0.0425401 -0.0480997 0.0668115 -0.0187701 0.132927 -0.00251441 -0.0387809 -0.134274 0.00629739 0.0770804 0.00334119 0.0101083 0.0116266 -0.0351363 0.0517915 -0.0185022 -0.0415391 0.184669 -0.108276 0.0292147 0.0244262 0.0306528 0.118309 -0.108702 0.202414 0.0178453 -0.186554 0.261034 0.194613 0.0236283 0.000135832 0.0676809 0.120911 -0.00141068 0.111091 0.0234479 0.102041 -0.218083 0.155443 0.203013 0.0950663 0.145427 0.438036 -0.059464 0.0269881 -0.171444 0.00423906 -0.204996 -0.107096 -0.28396 0.18649
internal_weight=31789 25800 5575 5049 542 526 20225 9969 10256 5989 498 4017 2292 452 197 255 5952 2131 300 10227 410 9817 4507 4485 3717 255 186 3462 57 129 2606 2529 2416 308 113 173 2108 58 140 110 2050 1337 713 90 3697 497 167 126 41 330 251 172 151 79 631 172 161 5321 92 62 75 77
internal_count=31789 25800 5575 5049 542 526 20225 9969 10256 5989 498 4017 2292 452 197 255 5952 2131 300 10227 410 9817 4507 4485 3717 255 186 3462 57 129 2606 2529 2416 308 113 173 2108 58 140 110 2050 1337 713 90 3697 497 167 126 41 330 251 172 151 79 631 172 161 5321 92 62 75 77
is_linear=0
shrinkage=0.05


Tree=147
num_leaves=63
num_cat=0
split_feature=6 39 32 23 7 37 33 4 32 9 32 34 31 34 36 35 34 23 13 36 35 35 36 23 2 28 31 36 34 33 33 8 32 23 31 34 31 36 23 33 23 32 33 21 31 33 36 33 7 33 32 32 34 31 33 12 31 33 35 35 36 39
split_gain=884.987 1102.89 1024.4 2068.51 1474.86 1016.22 935.768 968.879 966.058 859.611 2638.39 2504.88 2235.22 1574.36 1418.05 1372.11 1284.78 3323.95 1255.42 1307.86 1492.3 1501.78 1180.05 1005.79 957.078 949.901 1130.76 853.609 807.76 1534.08 1366.52 1166.26 1299.66 861.758 804.498 1014.52 863.548 1206.21 1816.72 786.591 3495.65 767.707 737.061 721.825 1136.46 822.604 1208.19 1195.43 852.553 1031.1 1772.18 1511.01 1013.65 958.962 953.336 714.237 714.102 713.362 1560.18 868.269 734.725 689.046
threshold=1.0000000180025095e-35 1.0000000180025095e-35 456.35000000000008 1.0000000180025095e-35 1.0000000180025095e-35 3.5000000000000004 495.95000000000005 1.0000000180025095e-35 496.55000000000007 1.0000000180025095e-35 283.95000000000005 457.65000000000003 402.75000000000006 195.35000000000005 271.14166666666677 96.050000000000011 472.75000000000006 1.0000000180025095e-35 1.0000000180025095e-35 359.52500000000003 759.00000000000011 825.05000000000007 219.77083333333334 1.0000000180025095e-35 1.0000000180025095e-35 1.0000000180025095e-35 328.15000000000003 170.31000000000003 312.75000000000006 419.15000000000003 330.95000000000005 1.0000000180025095e-35 436.65000000000003 1.0000000180025095e-35 100.45000000000002 54.750000000000007 215.95000000000002 276.51666666666671 1.0000000180025095e-35 480.05000000000007 1.0000000180025095e-35 440.45000000000005 425.05000000000007 1.0000000180025095e-35 355.65000000000003 407.65000000000003 289.95500000000004 367.75000000000006 1.0000000180025095e-35 51.750000000000007 131.45000000000002 16.550000000000004 11.250000000000002 418.05000000000007 291.45000000000005 1.0000000180025095e-35 275.75000000000006 469.35000000000008 1069.4000000000003 880.85000000000002 284.0125000000001 1.0000000180025095e-35
decision_type=2 2 2 2 2 2 2 2 2 2 2 2 2 2 2 2 2 2 2 2 2 2 2 2 2 2 2 2 2 2 2 2 2 2 2 2 2 2 2 2 2 2 2 2 2 2 2 2 2 2 2 2 2 2 2 2 2 2 2 2 2 2
left_child=6 -2 28 4 5 -4 7 9 61 16 11 15 18 14 -14 -11 39 -18 19 20 23 -22 -23 27 25 26 42 -12 31 30 33 32 34 -30 35 -3 37 38 -36 57 -41 -16 -24 45 -45 47 -47 48 49 55 51 -51 -53 54 -52 -17 -8 -1 59 -59 -60 -9
right_child=1 2 3 -5 -6 -7 56 8 -10 10 12 -13 13 -15 41 43 17 -19 -20 -21 21 22 24 -25 -26 -27 -28 -29 29 -31 -32 -33 -34 -35 36 -37 -38 -39 -40 40 -42 -43 -44 44 -46 46 -48 -49 -50 50 53 52 -54 -55 -56 -57 -58 58 60 -61 -62 -63
leaf_value=0.00016128846973872439 -0.0068818171466465839 -0.09900851923308962 -0.065233793947845703 -0.6536030885848132 0.26525838702917098 -0.51956918716430667 0.067120362892746921 -0.0062444805960134228 -0.36525130181597931 -0.24420247462662786 -0.15474603523810704 -0.56159685909748081 0.55220283425372585 0.59559093043208122 0.048115203389350103 0.0014513347720484782 0.045083363957165445 0.7530116927623749 0.28221367771426836 0.23665390134631814 -0.34619059069082142 0.25300125377518795 0.0020416679342141314 0.40945671473940215 0.18848904831842944 0.17660972659404461 -0.36506390991536053 0.10797593020174874 -0.091219151395359147 -0.51078613423384156 0.22572466631730401 0.22593827416109513 0.29048268110663805 -0.45188823938369754 0.0014681796146992674 -0.46272985289016599 -0.080697097235405066 -0.28182296776636079 0.41507238133533586 -0.012029813607888563 -0.59618921409050629 0.35859490323525212 -0.2962037068826181 0.026355116482564184 0.26219335652109405 -0.30087742229493769 0.12800403740257024 0.32126776427030568 0.17257340188782949 0.14881200432777406 -0.005335233540784929 -0.20584846620188385 -0.54340768677847728 -0.28719480342485687 0.32745092681476051 0.20175000876980895 0.4359285263788133 0.080096431174560612 0.17466627166606485 0.40637305524538869 -0.19215413993874264 -0.058876897252717664
leaf_weight=23032 2022 73 32 22 20 20 35 1762 21 55 36 20 23 30 85 839 97 20 60 77 40 35 89 24 33 26 44 219 67 26 27 41 27 22 94 26 366 22 37 175 30 26 27 215 67 52 24 29 65 20 93 61 35 22 28 47 21 38 20 44 43 961
leaf_count=23032 2022 73 32 22 20 20 35 1762 21 55 36 20 23 30 85 839 97 20 60 77 40 35 89 24 33 26 44 219 67 26 27 41 27 22 94 26 366 22 37 175 30 26 27 215 67 52 24 29 65 20 93 61 35 22 28 47 21 38 20 44 43 961
internal_value=-0.00143356 -0.0275471 -0.0728674 -0.229287 -0.0996347 -0.239978 0.00123167 0.000834477 -0.0274248 0.00381177 0.0314083 -0.00539172 0.101808 0.268181 0.19488 0.00134199 0.000821822 0.166097 0.0633786 0.0431784 0.0171791 -0.0614258 -0.016581 0.10001 -0.0596649 -0.103692 -0.149241 0.0708858 -0.0551096 -0.163656 -0.0858505 -0.0326409 -0.0490777 -0.180373 -0.0639129 -0.194531 -0.0389972 0.0607554 0.118288 -5.18867e-06 -0.0975166 0.12084 -0.0673775 0.00979844 0.0823876 -0.00576821 -0.165441 0.0040261 -0.00357722 -0.013577 -0.101334 -0.24655 -0.328917 0.0164627 0.0716731 0.0120767 0.205423 0.000857297 0.111412 0.255172 -0.0757032 -0.0248195
internal_weight=31789 2944 922 94 72 52 28845 28789 2744 26045 2546 1672 874 164 134 1652 23499 117 710 650 573 294 254 279 219 186 160 255 828 142 116 686 645 89 618 99 519 153 131 23382 205 111 116 1597 282 1315 76 1239 1210 1145 259 116 96 143 121 886 56 23177 145 82 63 2723
internal_count=31789 2944 922 94 72 52 28845 28789 2744 26045 2546 1672 874 164 134 1652 23499 117 710 650 573 294 254 279 219 186 160 255 828 142 116 686 645 89 618 99 519 153 131 23382 205 111 116 1597 282 1315 76 1239 1210 1145 259 116 96 143 121 886 56 23177 145 82 63 2723
is_linear=0
shrinkage=0.05


Tree=148
num_leaves=63
num_cat=0
split_feature=24 34 34 39 31 35 9 12 34 32 32 5 2 29 31 35 23 31 35 9 39 32 28 25 32 10 32 21 35 32 11 10 31 13 31 31 32 9 32 11 18 39 34 34 34 32 2 35 37 32 35 31 34 32 35 32 32 18 32 35 31 39
split_gain=843.078 1161.79 1312.75 1053.55 823.271 1132.01 1116.78 1203.92 1198.74 1122.87 1020.45 960.904 890.699 918.001 887.375 1178.04 2141.85 1085.01 1827.73 900.78 1392.29 1534.19 1427.57 1187.89 1220.18 1852.78 1159.03 864.889 818.222 782.341 807.826 765.506 916.905 880.905 744.29 965.243 734.086 1043.82 757.649 722.345 736.655 1664.73 707.502 707.493 1146.17 706.489 1307.75 1478.62 1056.91 742.211 697.279 678.978 628.969 950.376 586.97 938.928 939.58 702.835 586.126 698.976 1024.79 1529.37
threshold=1.0000000180025095e-35 445.55000000000007 472.75000000000006 1.0000000180025095e-35 191.85000000000005 1313.1500000000003 1.0000000180025095e-35 1.0000000180025095e-35 472.75000000000006 283.95000000000005 257.15000000000003 1.0000000180025095e-35 1.0000000180025095e-35 1.0000000180025095e-35 40.000000000000007 1110.2000000000003 1.0000000180025095e-35 75.15000000000002 958.55000000000007 1.0000000180025095e-35 1.0000000180025095e-35 476.25000000000006 1.0000000180025095e-35 1.0000000180025095e-35 428.85000000000008 1.0000000180025095e-35 374.65000000000003 1.0000000180025095e-35 1122.0000000000002 452.55000000000007 1.0000000180025095e-35 1.0000000180025095e-35 484.75000000000006 1.0000000180025095e-35 448.25000000000006 460.75000000000006 193.95000000000002 1.0000000180025095e-35 434.75000000000006 1.0000000180025095e-35 1.0000000180025095e-35 1.0000000180025095e-35 337.15000000000003 112.60000000000001 204.35000000000005 143.55000000000004 1.0000000180025095e-35 426.25000000000006 3.5000000000000004 268.35000000000008 181.05000000000004 460.75000000000006 62.750000000000007 11.050000000000002 1170.4500000000003 448.55000000000007 401.15000000000003 1.0000000180025095e-35 492.65000000000003 1397.9500000000003 462.55000000000007 1.0000000180025095e-35
decision_type=2 2 2 2 2 2 2 2 2 2 2 2 2 2 2 2 2 2 2 2 2 2 2 2 2 2 2 2 2 2 2 2 2 2 2 2 2 2 2 2 2 2 2 2 2 2 2 2 2 2 2 2 2 2 2 2 2 2 2 2 2 2
left_child=4 58 3 -3 5 14 8 9 11 31 27 12 -6 29 36 17 -17 18 19 20 22 23 -16 24 25 26 45 -10 -15 30 42 32 33 -8 54 -36 -1 39 -39 40 -38 -42 43 51 -45 48 47 49 50 -47 -22 -14 -13 -54 57 56 -56 -11 59 60 -2 -62
right_child=1 2 -4 -5 6 -7 7 -9 10 34 -12 52 13 28 15 16 -18 -19 -20 -21 21 -23 -24 -25 -26 -27 -28 -29 -30 -31 -32 -33 -34 -35 35 -37 37 38 -40 -41 41 -43 -44 44 -46 46 -48 -49 -50 -51 -52 -53 53 -55 55 -57 -58 -59 -60 -61 61 -63
leaf_value=-0.0065894566810686533 -0.013892982721188036 -0.16066218847408892 0.010293704271316529 -0.63968796249140392 0.002842580320089964 0.23874159073052198 -0.004802434931617177 0.22249313424462858 0.13942131989058995 0.11902069112726538 0.023631555371814304 -0.01869335818074306 0.022344960514882689 -0.023261138310448994 0.023540882967006863 -0.071722951916597999 -0.59621857230861985 -0.0085538076210910693 0.35702366593938611 -0.20128525750035733 -0.14681639232167176 -0.54127540644258265 -0.20993695760498177 0.033763697185317305 0.2004613618850708 -0.55162462294101722 -0.44389000176279636 0.59321188444182993 -0.36582161505585131 0.20236832783335734 0.18136352690085553 -0.1616276127693709 0.24830043688416481 0.2068726603801434 0.46545554505927228 0.12079334540947065 0.024793294794699723 0.11854335509686389 0.44471115526698884 0.13197379301865653 -0.022302123251432014 -0.50920869779019129 0.25166509929630493 -0.39053791348750777 0.024794271086221158 0.10767651772499086 -0.28313094130877792 0.37064501796849075 -0.46016554796695708 -0.30097665786743166 0.1648259887099266 0.14626824122741819 0.17250382678005205 -0.1289279138081168 -0.12188418884620522 -0.30263879356475981 0.27583235182144022 -0.081983078926801678 -0.2452490386392536 0.16596405727788807 -0.03618386759400994 -0.32599675752389345
leaf_weight=2724 2531 24 37 22 12005 46 897 92 21 334 45 1348 955 72 568 103 24 6264 26 113 175 20 74 134 25 28 27 21 23 84 100 64 41 52 28 74 1061 117 21 138 107 21 36 26 46 25 29 32 25 20 20 125 29 266 33 26 27 50 29 50 142 67
leaf_count=2724 2531 24 37 22 12005 46 897 92 21 334 45 1348 955 72 568 103 24 6264 26 113 175 20 74 134 25 28 27 21 23 84 100 64 41 52 28 74 1061 117 21 138 107 21 36 26 46 25 29 32 25 20 20 125 29 266 33 26 27 50 29 50 142 67
internal_value=-0.00136188 -0.0270521 -0.211424 -0.389761 0.00121897 -0.00881788 0.00831774 0.0465291 0.00399941 0.036573 0.189066 0.0029342 0.00733679 0.0441146 -0.00977315 -0.0198141 -0.17084 -0.0172921 -0.0581097 -0.0663177 -0.0536294 -0.111247 -0.00337089 -0.0953202 -0.137924 -0.160128 -0.129074 0.366317 -0.106197 0.0545224 0.0448803 0.0059637 0.0167979 0.0067962 0.0929754 0.215406 0.00876037 0.0373016 0.168178 0.0236913 0.0111236 -0.102185 0.0333918 0.0265708 -0.125187 -0.103001 0.00303984 0.110818 -0.154093 -0.0739471 -0.114853 0.0366879 -0.0331655 -0.0992956 0.0664052 -0.0516664 0.0570883 0.0928483 -0.0216236 -0.0192992 -0.0226799 -0.12909
internal_weight=31789 2902 83 46 28887 11967 16920 1718 15202 1626 87 15115 13472 1467 11921 7732 127 7605 1341 1315 1202 560 642 540 406 381 353 42 95 1372 1288 1054 990 949 572 102 4189 1465 138 1327 1189 128 1188 1152 72 326 106 77 220 45 195 1080 1643 295 470 86 60 384 2819 2790 2740 209
internal_count=31789 2902 83 46 28887 11967 16920 1718 15202 1626 87 15115 13472 1467 11921 7732 127 7605 1341 1315 1202 560 642 540 406 381 353 42 95 1372 1288 1054 990 949 572 102 4189 1465 138 1327 1189 128 1188 1152 72 326 106 77 220 45 195 1080 1643 295 470 86 60 384 2819 2790 2740 209
is_linear=0
shrinkage=0.05


Tree=149
num_leaves=63
num_cat=0
split_feature=40 40 9 11 2 35 23 34 35 35 31 32 40 35 34 31 34 31 36 32 31 40 32 32 12 31 36 32 32 34 36 32 32 32 32 2 7 5 28 32 40 34 32 25 35 40 35 31 38 35 36 9 32 23 35 32 31 40 40 40 40 36
split_gain=829.63 2239.36 1983.4 2027.62 1648.44 1416.42 1322.74 1393.94 2611.35 2016.07 1816.81 1229.03 1197.75 1061.71 992.623 950.833 938.723 1356.4 920.154 1522.3 979.004 876.563 830.027 823.543 779.022 761.167 911.261 837.914 1126.83 734.891 679.215 725.453 1015.92 1493.83 903.663 636.825 2255.41 1489.78 869.838 905.843 1149.59 922.331 1668.8 862.303 1387.99 966.919 702.722 650.052 628.563 1149.03 1040.38 959.171 1302.57 827.059 3006.56 2023.07 1546.51 677.769 675.691 616.649 2143.89 685.828
threshold=1.0000000180025095e-35 3.5000000000000004 1.0000000180025095e-35 1.0000000180025095e-35 1.0000000180025095e-35 1249.5000000000002 1.0000000180025095e-35 340.15000000000003 728.6500000000002 629.1500000000002 334.05000000000007 378.65000000000003 5.5000000000000009 1531.0000000000002 18.200000000000006 40.000000000000007 97.300000000000026 146.55000000000004 231.11250000000004 266.15000000000003 215.95000000000002 2.5000000000000004 253.05000000000004 263.75000000000006 1.0000000180025095e-35 476.65000000000003 218.61250000000004 13.15 115.15000000000002 86.250000000000014 424.12500000000006 56.050000000000004 14.15 1.4500000000000002 436.65000000000003 1.0000000180025095e-35 1.0000000180025095e-35 1.0000000180025095e-35 1.0000000180025095e-35 79.250000000000014 1.5000000000000002 137.00000000000003 420.85000000000008 1.0000000180025095e-35 794.6500000000002 1.5000000000000002 351.9500000000001 52.150000000000013 1.0000000180025095e-35 958.55000000000007 202.21666666666673 1.0000000180025095e-35 372.55000000000007 1.0000000180025095e-35 1122.0000000000002 244.65000000000001 302.05000000000007 4.5000000000000009 4.5000000000000009 2.5000000000000004 1.5000000000000002 249.34500000000003
decision_type=2 2 2 2 2 2 2 2 2 2 2 2 2 2 2 2 2 2 2 2 2 2 2 2 2 2 2 2 2 2 2 2 2 2 2 2 2 2 2 2 2 2 2 2 2 2 2 2 2 2 2 2 2 2 2 2 2 2 2 2 2 2
left_child=14 2 3 6 15 30 35 8 9 24 11 -10 48 25 -1 -5 17 22 19 -17 -20 -12 -16 -11 -8 -14 -27 -28 -29 -19 31 32 33 -4 59 43 37 38 39 40 -37 42 47 -2 -45 -46 -42 -41 49 -3 -51 -50 58 57 55 -55 -56 -52 -53 60 -33 -62
right_child=1 12 5 4 -6 -7 7 -9 10 23 21 -13 13 -15 16 18 -18 29 20 -21 -22 -23 -24 -25 -26 26 27 28 -30 -31 -32 34 -34 -35 -36 36 -38 -39 -40 41 46 -43 -44 44 45 -47 -48 -49 51 50 53 52 -54 54 56 -57 -58 -59 -60 -61 61 -63
leaf_value=-0.0090332077853379315 0.0029653411791226996 -0.017626432393713726 -0.033871727470647206 0.30305016313720012 0.40575574687258764 0.4627199182993379 0.062877260589429856 -0.31349457800388336 0.34806807328914774 -0.51833451747894288 0.73816476044831458 -0.13031953477859498 0.0032159474253893715 0.30896605183852133 -0.20967631856487556 0.038666917951229743 -0.0440770656329754 -0.0083226809449689961 0.38576852215919644 -0.36548660585173853 0.090031987690469134 0.32286748141050342 -0.65473203452304007 -0.064588092863559723 0.36766209631510405 -0.15395901173353196 0.018689269277840686 0.40560202373890208 0.10754332904235211 -0.33647575679827824 0.37483422525904397 0.062280743389603599 -0.31120329381007217 0.44484165661036973 -0.088520940215814692 -0.11150775660760702 0.43239906059729089 -0.29233794703203092 0.32697995429237686 0.16083127471872352 0.11051859218875569 -0.36746239770203831 0.34972699670879931 -0.032272898697156049 0.011074398085474968 -0.40271930123368904 0.37218694788141127 -0.13964325829286769 0.020086860296907788 0.18409998588373555 0.017380461757155984 -0.0095851827412843718 0.12924777524811881 -0.82116739546710793 0.3665830599687373 -0.25384713257916952 -0.14876928587217589 -0.10827483447784253 -0.32349330640708407 0.088500024639130911 0.32621741367633955 0.66447808742523196
leaf_weight=5005 3274 7562 88 46 44 29 237 20 29 20 27 25 9817 29 22 170 844 76 32 27 223 24 20 20 23 40 177 40 153 22 22 83 23 20 42 40 37 34 27 22 75 20 27 320 20 48 39 99 1608 34 154 24 35 22 24 55 37 354 60 153 43 23
leaf_count=5005 3274 7562 88 46 44 29 237 20 29 20 27 25 9817 29 22 170 844 76 32 27 223 24 20 20 23 40 177 40 153 22 22 83 23 20 42 40 37 34 27 22 75 20 27 320 20 48 39 99 1608 34 154 24 35 22 24 55 37 354 60 153 43 23
internal_value=-0.00129378 0.00259793 0.0306551 0.0210292 0.112399 0.123053 0.0100412 0.0939884 0.114111 0.038999 0.328717 0.126592 -0.005136 0.00686026 -0.0180589 0.0864805 -0.063967 -0.183875 0.0644402 -0.0167247 0.127144 0.542731 -0.421608 -0.291461 0.089839 0.0060036 0.0727509 0.09726 0.169317 -0.0819897 0.103234 0.0906541 -0.00947752 0.0547789 0.128786 0.00130102 0.0596157 0.0236027 0.054382 0.0315244 0.119116 -0.0487679 -0.00570112 -0.00538718 -0.0758669 -0.281015 0.200037 -0.0850115 -0.0174776 -0.0232247 -0.0854809 0.00995003 -0.127025 -0.0996694 -0.208216 -0.415939 0.0539923 -0.0701825 -0.233805 0.159007 0.231407 0.444096
internal_weight=31789 25800 5575 5049 542 526 4507 425 405 300 105 54 20225 10256 5989 498 984 140 452 197 255 51 42 40 260 10227 410 370 193 98 497 475 131 108 344 4082 420 383 349 322 154 168 148 3662 388 68 114 121 9969 8242 680 1727 119 646 138 77 61 508 84 302 149 66
internal_count=31789 25800 5575 5049 542 526 4507 425 405 300 105 54 20225 10256 5989 498 984 140 452 197 255 51 42 40 260 10227 410 370 193 98 497 475 131 108 344 4082 420 383 349 322 154 168 148 3662 388 68 114 121 9969 8242 680 1727 119 646 138 77 61 508 84 302 149 66
is_linear=0
shrinkage=0.05


Tree=150
num_leaves=63
num_cat=0
split_feature=24 36 6 32 35 5 36 39 28 36 18 31 36 13 16 2 35 23 31 32 25 32 23 33 39 36 28 32 32 31 32 32 35 35 31 32 31 32 32 35 28 33 39 32 18 32 10 4 23 32 5 32 31 31 35 28 39 8 33 33 31 36
split_gain=874.82 850.339 847.277 1102.65 1190.16 1345.13 976.436 930.501 1935.06 1044.38 1000.82 1494.69 881.156 725.998 751.151 740.281 1575.74 1513.72 790.787 838.779 1161.8 1277.92 948.225 853.936 1350.75 1363.27 716.311 703.789 692.777 1915.82 1463.54 1218.76 1138.97 849.636 797.443 919.737 774.767 738.351 766.851 693.528 684.627 2019.16 761.917 1436.05 1738.18 1865.98 1756.18 1770.93 1731.18 2343.73 1318.36 684.181 782.693 676.322 663.437 926.961 928.828 896.486 824.843 1175.65 700.837 899.815
threshold=1.0000000180025095e-35 218.61250000000004 1.0000000180025095e-35 422.85000000000008 1455.95 1.0000000180025095e-35 220.91250000000005 1.0000000180025095e-35 1.0000000180025095e-35 252.83333333333337 1.0000000180025095e-35 290.35000000000008 313.22500000000008 1.0000000180025095e-35 1.0000000180025095e-35 1.0000000180025095e-35 1249.5000000000002 1.0000000180025095e-35 472.65000000000003 472.65000000000003 1.0000000180025095e-35 485.65000000000003 1.0000000180025095e-35 159.55000000000004 1.0000000180025095e-35 367.51666666666671 1.0000000180025095e-35 476.25000000000006 390.65000000000003 150.65000000000001 352.45000000000005 412.85000000000008 1249.5000000000002 1122.0000000000002 412.55000000000007 150.05000000000004 73.050000000000011 24.350000000000005 63.150000000000013 832.35000000000025 1.0000000180025095e-35 457.35000000000008 1.0000000180025095e-35 63.150000000000013 1.0000000180025095e-35 331.75000000000006 1.0000000180025095e-35 1.0000000180025095e-35 1.0000000180025095e-35 350.45000000000005 1.0000000180025095e-35 177.55000000000004 402.75000000000006 302.05000000000007 100.35000000000002 1.0000000180025095e-35 1.0000000180025095e-35 1.0000000180025095e-35 64.050000000000011 75.15000000000002 470.95000000000005 262.54166666666674
decision_type=2 2 2 2 2 2 2 2 2 2 2 2 2 2 2 2 2 2 2 2 2 2 2 2 2 2 2 2 2 2 2 2 2 2 2 2 2 2 2 2 2 2 2 2 2 2 2 2 2 2 2 2 2 2 2 2 2 2 2 2 2 2
left_child=2 -2 3 54 5 13 -7 -4 10 -10 28 -12 -6 14 15 18 17 -17 19 -5 21 23 26 24 -21 -26 -23 -15 30 36 32 -31 33 34 37 -36 -30 -9 -39 -33 42 51 -3 -44 46 -46 47 48 50 -50 -45 -42 -53 -41 55 56 -1 -56 -59 -60 61 -61
right_child=1 40 7 4 12 6 -8 8 9 -11 11 -13 -14 27 -16 16 -18 -19 -20 20 -22 22 -24 -25 25 -27 -28 -29 29 31 -32 39 -34 -35 35 -37 -38 38 -40 53 41 -43 43 44 45 -47 -48 -49 49 -51 -52 52 -54 -55 57 -57 -58 58 59 60 -62 -63
leaf_value=-0.0044195855171036309 0.0055936963317907177 -0.033024611037391786 -0.0052071561987458333 0.050347714534142253 -0.072942413948476323 -0.28119563958405153 -0.029380685063764667 0.18980879012134769 0.0093334303299585971 0.43797491595700938 -0.095334266389117517 -0.64007178209722049 0.3046021701987176 0.090859710941670335 -0.15561770546078987 0.11956332857137389 -0.29369101235199546 0.5744247724860907 0.21388654099269347 -0.029232999554369601 -0.22156528064182829 -0.0012845690651186582 0.35705711500985282 0.081518931973725561 -0.53928995209080843 -0.021810681968927385 0.27495174897568569 0.34053710056217135 -0.18575705665917625 -0.34896108714433821 0.21061871457099915 -0.19329297218633734 -0.43341119739980932 0.22657657957077026 -0.40928480938076978 -0.054032147714966221 -0.58173446148633967 -0.33754540609661493 -0.044994422033327978 0.34353835038516833 -0.24984959971446258 0.51842621587216853 -0.48411649734092255 -0.020662256134465672 -0.091275137752294552 -0.73060206586406351 -0.37984347389079631 -0.36149158505232715 -0.056022865343838935 0.49610362572444455 -0.34848618722137287 -0.046156738505720406 0.24028279740702022 0.0032688895985484123 0.0082038715290740812 -0.17103676643906807 -0.085550444859919361 0.00051455708677117869 -0.36476207188060211 -0.027360574571277732 0.12657996169649638 -0.14005757229936908
leaf_weight=2736 1188 987 1850 825 20 46 236 31 30 27 34 20 68 119 49 214 21 20 55 80 70 145 28 50 35 20 28 37 21 26 50 23 21 25 35 38 30 24 336 23 26 20 24 313 25 21 40 38 40 37 34 86 33 40 18826 98 405 1248 31 565 52 258
leaf_count=2736 1188 987 1850 825 20 46 236 31 30 27 34 20 68 119 49 214 21 20 55 80 70 145 28 50 35 20 28 37 21 26 50 23 21 25 35 38 30 24 336 23 26 20 24 313 25 21 40 38 40 37 34 86 33 40 18826 98 405 1248 31 565 52 258
internal_value=-0.000826985 -0.0269548 0.00179038 0.00451296 0.0386919 0.0310648 -0.0704569 -0.0249739 -0.0688209 0.212374 -0.0894491 -0.297089 0.218797 0.0470053 0.0372008 0.0431392 0.121206 0.15844 0.0282388 0.0202679 -0.0341527 -0.000165984 0.0871144 -0.0949949 -0.16037 -0.351116 0.0434242 0.150078 -0.0739407 -0.16466 -0.047535 -0.0489874 -0.0728442 -0.0573598 -0.072658 -0.224359 -0.418685 -0.0443354 -0.0644978 0.0417023 -0.0493838 0.0474684 -0.0596343 -0.10555 -0.0889705 -0.383142 -0.0620146 -0.0344969 -0.00519079 0.209285 -0.0527833 -0.0174913 0.0332761 0.127494 0.0014562 -0.0196053 -0.0148806 0.00470778 -0.0258481 -0.0621623 -0.0514416 -0.0626896
internal_weight=31981 2912 29069 26385 2166 2078 282 2684 834 57 777 54 88 1796 1640 1591 255 234 1336 1281 456 386 201 185 135 55 173 156 723 163 560 112 510 489 464 73 51 391 360 86 1724 165 1559 572 548 46 502 462 424 77 347 145 119 63 24219 3239 3141 20980 2154 906 875 823
internal_count=31981 2912 29069 26385 2166 2078 282 2684 834 57 777 54 88 1796 1640 1591 255 234 1336 1281 456 386 201 185 135 55 173 156 723 163 560 112 510 489 464 73 51 391 360 86 1724 165 1559 572 548 46 502 462 424 77 347 145 119 63 24219 3239 3141 20980 2154 906 875 823
is_linear=0
shrinkage=0.05


Tree=151
num_leaves=63
num_cat=0
split_feature=24 34 31 32 40 40 40 34 33 33 34 40 28 31 39 6 34 32 31 33 33 38 9 36 33 36 32 5 4 31 29 33 40 39 31 36 33 31 18 32 32 33 34 6 34 29 11 32 31 34 36 11 36 32 33 33 5 40 29 34 21 39
split_gain=789.525 1170.31 1396.79 1231.31 835.441 1283.72 1806.04 1829.59 2127.05 2637.09 1660.41 1406.37 1916.35 2395.37 1988.04 2092.25 1914.62 1702.72 1365.8 1308.92 1158.65 1071.06 1681.72 1532.48 1275.5 1204.6 1007.51 1049.84 1203.75 961.083 1264.56 961.242 2046.33 950.033 948.704 1634.59 2080.06 1250.62 935.904 929.304 1660.18 920.886 916.216 1991.38 1977.05 2411.36 915.213 914.92 893.69 888.636 884.867 872.67 1112.9 1203.17 1100.62 1214.52 1059.93 856.044 844.702 1073.3 1036.38 836.603
threshold=1.0000000180025095e-35 453.00000000000006 191.85000000000005 212.85000000000005 5.5000000000000009 4.5000000000000009 1.5000000000000002 260.25000000000006 23.150000000000002 427.15000000000003 344.35000000000008 3.5000000000000004 1.0000000180025095e-35 412.55000000000007 1.0000000180025095e-35 1.0000000180025095e-35 180.75000000000003 422.85000000000008 488.35000000000008 3.9500000000000006 463.55000000000007 1.0000000180025095e-35 1.0000000180025095e-35 325.31250000000006 420.75000000000006 300.81666666666672 367.85000000000008 1.0000000180025095e-35 1.0000000180025095e-35 123.85000000000001 1.0000000180025095e-35 289.05000000000007 2.5000000000000004 1.0000000180025095e-35 392.85000000000008 288.61000000000007 53.650000000000013 209.75000000000003 1.0000000180025095e-35 217.05000000000004 285.85000000000008 469.35000000000008 423.15000000000003 1.0000000180025095e-35 440.00000000000006 1.0000000180025095e-35 1.0000000180025095e-35 150.05000000000004 495.85000000000008 365.65000000000003 296.12500000000006 1.0000000180025095e-35 317.01666666666671 448.55000000000007 449.00000000000006 436.05000000000007 1.0000000180025095e-35 3.5000000000000004 1.0000000180025095e-35 325.65000000000003 1.0000000180025095e-35 1.0000000180025095e-35
decision_type=2 2 2 2 2 2 2 2 2 2 2 2 2 2 2 2 2 2 2 2 2 2 2 2 2 2 2 2 2 2 2 2 2 2 2 2 2 2 2 2 2 2 2 2 2 2 2 2 2 2 2 2 2 2 2 2 2 2 2 2 2 2
left_child=4 -2 -3 -4 5 6 33 11 10 26 -9 12 14 46 -8 16 17 18 29 -7 42 23 -23 25 -25 -21 27 28 38 -16 31 -31 -33 -1 35 36 -19 -37 57 61 -41 -13 51 44 -44 -46 -14 -17 -35 -29 -28 54 56 -54 55 -6 58 -10 59 60 -53 -22
right_child=1 2 3 -5 20 19 7 8 9 -11 -12 41 13 -15 15 47 -18 34 -20 21 39 22 -24 24 -26 -27 50 49 -30 30 -32 32 -34 48 -36 37 -38 -39 -40 40 -42 -43 43 -45 45 -47 -48 -49 -50 -51 -52 52 53 -55 -56 -57 -58 -59 -60 -61 -62 -63
leaf_value=0.0014410488672277025 -0.020524247314211701 -0.54575317534415624 -0.33319686567410828 0.16344906504337606 0.0041288340423053871 -0.0074521021672593613 -0.0075554473314510973 0.12337342634797098 0.37633181379582642 0.48297718658640582 0.74022953243305289 -0.01324519884930697 0.058507165197788938 0.42216827088515418 -0.015236081441231142 -0.47265629902482031 -0.36428099546743481 0.66701480234342236 0.4491034447060277 -0.080149825385388951 0.017788091772396503 0.019249289128944351 -0.23442854810863328 -0.12484571825879723 -0.4713489426850257 0.14318197104148567 0.01451590254350945 0.025088753480286826 -0.19336427976842971 0.092583437594337931 -0.14183400766045418 0.62882125421806623 0.080469984140085146 -0.033927238879022985 0.57456047463984727 -0.31321843445301056 0.087796628577334279 0.20445881033582347 -0.14150623643340973 -0.31715255598895831 0.14812971451638701 0.20765237736947406 0.57824209114270553 -0.27403408747452956 0.21667690848850688 -0.3890842797327787 0.41038409918546681 -0.078689810793314663 -0.34693355800017067 -0.40518152712736211 0.41227689868417283 0.0078986533879052898 0.092986449220444301 0.38575526717240399 -0.21873886728828607 0.2465526429649729 -0.19260804932199271 0.068913080384178704 -0.16428729647149642 0.42049296997487551 0.16343386229903747 0.33783911589695065
leaf_weight=4178 2839 23 24 26 8013 4220 1846 20 39 37 24 2764 243 66 264 20 23 31 24 1067 29 622 73 67 44 64 27 21 40 697 53 27 46 2683 21 20 31 28 26 26 73 48 28 26 92 20 20 56 23 28 29 418 148 46 55 52 51 54 45 20 144 69
leaf_count=4178 2839 23 24 26 8013 4220 1846 20 39 37 24 2764 243 66 264 20 23 31 24 1067 29 622 73 67 44 64 27 21 40 697 53 27 46 2683 21 20 31 28 26 26 73 48 28 26 92 20 20 56 23 28 29 418 148 46 55 52 51 54 45 20 144 69
internal_value=-0.000785635 -0.025607 -0.223279 -0.074941 0.00170086 -0.00413826 0.00446018 0.022996 0.135123 0.0876558 0.45984 0.0168829 0.0379628 0.152851 0.0261027 0.0724359 0.0877441 0.096115 0.0760121 -0.023071 0.0140058 -0.0570988 -0.00739601 -0.0849116 -0.262198 -0.0675121 0.032251 -0.0184313 0.0439278 0.0677745 0.0944025 0.110663 0.283285 -0.0135075 0.266606 0.207815 0.377406 -0.01124 0.12369 0.133981 0.0259344 -0.00947454 0.011425 0.127822 0.202453 0.108505 0.0852659 -0.182365 -0.0365877 -0.22078 0.220499 0.00927616 0.0568082 0.162406 0.00417173 0.00569189 0.026593 0.197831 0.0444227 0.0605601 0.0477511 0.24313
internal_weight=31981 2912 73 50 29069 19714 13557 6673 345 301 44 6328 3516 329 3187 1341 1265 1242 1111 6157 9355 1937 695 1242 111 1131 264 208 159 1087 823 770 73 6884 131 110 62 48 119 197 99 2812 9158 166 140 112 263 76 2706 49 56 8992 872 194 8120 8065 678 93 627 582 562 98
internal_count=31981 2912 73 50 29069 19714 13557 6673 345 301 44 6328 3516 329 3187 1341 1265 1242 1111 6157 9355 1937 695 1242 111 1131 264 208 159 1087 823 770 73 6884 131 110 62 48 119 197 99 2812 9158 166 140 112 263 76 2706 49 56 8992 872 194 8120 8065 678 93 627 582 562 98
is_linear=0
shrinkage=0.05


Tree=152
num_leaves=63
num_cat=0
split_feature=24 36 36 28 35 7 40 40 40 35 35 40 32 36 33 35 32 36 33 33 33 32 33 23 32 36 32 33 33 33 32 33 33 36 35 35 35 29 36 36 29 32 28 35 33 33 33 36 7 35 33 33 33 32 18 36 4 40 33 23 35 36
split_gain=712.547 787.601 1443.58 854.281 1296.8 779.299 753.986 1158.55 1629.95 2243.54 1374.28 1510.08 1368.74 2136.3 1181.3 1178.12 2495.94 1315.48 1192.79 1063.31 2034.74 1185.27 1050.28 982.605 4207.81 4326.07 5394.46 3530.22 2888.47 2660.46 2190.56 1574.74 1278.2 943.857 943.202 935.056 1220.38 1155.13 1109.15 958.5 901.862 862.123 1008.43 1137.49 2433.83 1170 1023.15 802.83 796.286 1041.86 780.729 766.667 765.057 960.572 712.067 1811.28 634.407 620.241 1488.71 1525.94 1258.92 1434.33
threshold=1.0000000180025095e-35 249.34500000000003 268.21666666666675 1.0000000180025095e-35 1313.1500000000003 1.0000000180025095e-35 5.5000000000000009 4.5000000000000009 1.5000000000000002 1279.4000000000003 108.45000000000002 2.5000000000000004 390.65000000000003 327.63333333333338 3.9500000000000006 933.35000000000025 171.95000000000002 317.01666666666671 401.35000000000008 427.15000000000003 420.75000000000006 9.9500000000000011 482.15000000000003 1.0000000180025095e-35 212.85000000000005 255.47083333333339 324.25000000000006 359.75000000000006 347.55000000000007 136.15000000000001 123.35000000000001 263.65000000000003 138.65000000000001 168.93750000000003 108.45000000000002 940.45000000000016 987.70000000000016 1.0000000180025095e-35 188.61250000000004 225.27083333333334 1.0000000180025095e-35 454.55000000000007 1.0000000180025095e-35 789.1500000000002 239.35000000000005 84.950000000000017 14.750000000000002 334.03333333333336 1.0000000180025095e-35 1096.7500000000002 449.00000000000006 370.25000000000006 465.45000000000005 221.05000000000004 1.0000000180025095e-35 340.75000000000006 1.0000000180025095e-35 3.5000000000000004 457.35000000000008 1.0000000180025095e-35 909.35000000000014 288.61000000000007
decision_type=2 2 2 2 2 2 2 2 2 2 2 2 2 2 2 2 2 2 2 2 2 2 2 2 2 2 2 2 2 2 2 2 2 2 2 2 2 2 2 2 2 2 2 2 2 2 2 2 2 2 2 2 2 2 2 2 2 2 2 2 2 2
left_child=6 -2 5 54 -5 -3 7 8 -1 10 -10 15 47 -14 -9 18 -17 -18 40 20 34 -21 57 -16 27 29 -27 30 -28 -26 33 -31 -32 -25 -8 38 -37 50 -23 -40 41 42 43 44 -12 -45 -44 -11 -36 -50 -38 -51 -52 -54 56 -56 -4 58 59 -13 61 -61
right_child=1 2 3 4 -6 -7 19 14 9 12 11 22 13 -15 23 16 17 -19 -20 21 -22 35 -24 24 25 26 28 -29 -30 31 32 -33 -34 -35 48 36 37 -39 39 -41 -42 -43 46 45 -46 -47 -48 -49 49 51 52 -53 53 -55 55 -57 -58 -59 -60 60 -62 -63
leaf_value=-0.012832114325388179 -0.00038512781180995685 -0.13927932107726521 -0.019317429514951481 0.020268291061328925 0.46877656802535062 -0.45345093675635079 -0.029096526955617593 -0.0070794971343866786 -0.039889371393442376 0.21727491532053267 0.0563736846671593 0.023094065180550648 0.01422819360381081 0.64879489085740516 -0.039028855910152593 0.73335909658954268 -0.05325447135539943 0.42953577836354573 -0.3066289753431366 0.40963294553387519 -0.4317678609719644 0.23138758232151824 0.25014603367828309 -0.096800562091495679 -1.0411019086837769 -0.71575532435224609 0.37642793562677174 0.54640364839184674 -0.23944106153918035 -0.10150459110736848 -0.13245648897829509 -0.68047089369400693 0.38357873930196679 -0.55489398078484975 0.012149213851692278 0.46079945349693302 0.34187039330601698 -0.14976165184751153 -0.37161807955375742 -0.018258222237565232 -0.074874446924346 0.34966531362264391 0.37870201931263392 0.073853991180658343 0.49663397236303847 -0.46697857037186624 -0.015973386416832606 -0.16818027726628565 0.04726306564647597 0.1354285048401874 -0.13161454443509379 0.49429882385514001 0.42987645665804552 0.055599344149231913 -0.02339216111423938 -0.52053678278569826 -0.17380312552235813 -0.0039838136404596351 -0.37620323158123276 0.19957198303112453 0.52531584474173465 -0.14356239365461546
leaf_weight=6884 1576 192 863 83 20 22 1250 4220 886 35 644 1846 21 36 1638 21 43 21 21 28 26 28 47 23 23 26 45 31 33 24 21 23 28 22 6886 25 40 40 28 61 91 31 52 20 33 20 24 22 761 46 30 22 24 60 57 27 72 2537 22 139 22 39
leaf_count=6884 1576 192 863 83 20 22 1250 4220 886 35 644 1846 21 36 1638 21 43 21 21 28 26 28 47 23 23 26 45 31 33 24 21 23 28 22 6886 25 40 40 28 61 91 31 52 20 33 20 24 22 761 46 30 22 24 60 57 27 72 2537 22 139 22 39
internal_value=-0.000746354 -0.0243267 -0.0525691 -0.0298706 0.107357 -0.171577 0.00161582 -0.00393135 0.00423717 0.0218462 0.018024 0.0270688 0.241755 0.415007 -0.0219175 0.0821331 0.260363 0.105161 0.0659477 0.0133055 0.00991373 0.0970836 0.0149836 -0.0542439 -0.137596 -0.296576 -0.0920378 0.0837044 0.115868 -0.600461 -0.0688879 -0.384829 0.162421 -0.320757 0.0111947 0.0710378 0.132004 0.0896336 -0.0430787 -0.129428 0.0744987 0.090995 0.080883 0.0625259 0.0778339 -0.196562 0.254068 0.0685027 0.0177227 0.0640187 0.151814 0.251534 0.0851277 0.162536 -0.0437415 -0.183189 -0.0312137 0.0125834 0.032908 0.037307 0.168493 0.124391
internal_weight=31981 2912 1336 1122 103 214 29069 19714 13557 6673 6559 5673 114 57 6157 1021 85 64 936 9355 8991 364 4652 1937 299 174 104 125 78 70 94 47 49 45 8965 336 219 194 117 89 915 824 793 717 677 40 76 57 7715 829 154 68 114 84 1019 84 935 4605 2068 2046 200 178
internal_count=31981 2912 1336 1122 103 214 29069 19714 13557 6673 6559 5673 114 57 6157 1021 85 64 936 9355 8991 364 4652 1937 299 174 104 125 78 70 94 47 49 45 8965 336 219 194 117 89 915 824 793 717 677 40 76 57 7715 829 154 68 114 84 1019 84 935 4605 2068 2046 200 178
is_linear=0
shrinkage=0.05


Tree=153
num_leaves=63
num_cat=0
split_feature=8 39 28 6 32 23 34 31 31 35 32 35 34 31 34 32 39 28 40 35 23 31 32 23 34 31 23 36 32 32 36 37 34 36 32 36 12 29 36 36 36 36 32 32 32 36 36 31 32 31 28 31 34 36 40 35 31 7 13 31 36 32
split_gain=728.909 1029.04 966.275 903.851 1158.46 1764.93 3050.93 2717.52 6224.22 2544.62 2509.89 2586.93 1070.72 3294.52 1321.28 1053.07 974.412 1372.27 1215.75 1461.58 2843.7 1492.02 2789.16 1167.53 960.306 1043.41 945.152 5374.52 897.773 1896.2 1634.08 1457.05 1052.48 847.546 834.853 1924.07 909.885 817.872 806.578 802.405 2048.88 883.89 971.974 1059.65 774.03 773.473 754.879 747.427 722.886 764.833 706.548 692.515 745.792 636.398 636.28 629.722 620.665 596.431 1282.72 909.347 946.838 1222.04
threshold=1.0000000180025095e-35 1.0000000180025095e-35 1.0000000180025095e-35 1.0000000180025095e-35 430.85000000000008 1.0000000180025095e-35 29.350000000000005 113.05000000000001 167.05000000000004 1170.4500000000003 485.65000000000003 887.1500000000002 485.05000000000001 236.55000000000004 433.65000000000003 464.85000000000008 1.0000000180025095e-35 1.0000000180025095e-35 5.5000000000000009 548.05000000000007 1.0000000180025095e-35 160.85000000000005 242.55000000000004 1.0000000180025095e-35 397.75000000000006 244.95000000000002 1.0000000180025095e-35 284.0125000000001 193.95000000000002 227.45000000000002 296.12500000000006 4.5000000000000009 108.25000000000001 252.83333333333337 450.65000000000003 289.95500000000004 1.0000000180025095e-35 1.0000000180025095e-35 276.51666666666671 204.51666666666668 163.87083333333337 251.61250000000004 200.75000000000003 390.65000000000003 206.95000000000002 334.03333333333336 340.75000000000006 452.25000000000006 24.350000000000005 314.25000000000006 1.0000000180025095e-35 215.95000000000002 146.95000000000002 362.04166666666669 5.5000000000000009 894.95000000000016 438.65000000000003 1.0000000180025095e-35 1.0000000180025095e-35 384.75000000000006 248.08750000000001 454.55000000000007
decision_type=2 2 2 2 2 2 2 2 2 2 2 2 2 2 2 2 2 2 2 2 2 2 2 2 2 2 2 2 2 2 2 2 2 2 2 2 2 2 2 2 2 2 2 2 2 2 2 2 2 2 2 2 2 2 2 2 2 2 2 2 2 2
left_child=3 -2 28 4 12 24 7 15 -9 -8 11 45 14 -14 -1 -7 -5 18 19 23 47 -22 -23 -18 57 -26 48 -28 30 32 31 38 -30 -19 36 -36 -31 39 56 40 -20 44 -43 55 -41 -10 -11 -21 49 -16 -50 -4 -53 -13 -37 -44 -3 -6 59 60 61 -59
right_child=1 2 51 16 5 6 9 8 10 46 -12 53 13 -15 26 -17 17 33 37 20 21 22 -24 -25 25 -27 27 -29 29 34 -32 -33 -34 -35 35 54 -38 -39 -40 41 -42 42 43 -45 -46 -47 -48 -49 50 -51 -52 52 -54 -55 -56 -57 -58 58 -60 -61 -62 -63
leaf_value=0.00088167303255621285 -0.0034882507678152537 -0.07043686741397448 -0.10200439699424001 -0.0054920485094657927 0.0027905964458360168 0.16749838307499887 -0.56319371585480194 1.1110271086295447 -0.40336937427520758 0.29330072921255362 0.73486910283565532 0.49947736948728566 -0.58837018429205334 0.17200101653912239 0.051573939756913628 -0.34559833616018298 -0.074147972243652868 -0.011384027730673553 -0.11835461241296596 -0.068046435749588116 -0.72051439815097396 -0.68007628835480793 -0.063713423997163773 0.28135148473083976 0.42156602519173775 0.030681216569715425 0.91383267726216999 -0.15268689476781422 0.068819647035949547 -0.056607062103599316 -0.48871818718410309 -0.40906484607193205 0.51422370012317387 0.36899864568754481 -0.53550931205352148 0.04619327919760205 0.28160225450992588 -0.30265523237841474 0.23452606964856387 -0.0081464202591666462 0.39857352108853622 -0.25423973682134049 0.10223794962678637 -0.093097167685627938 -0.38016281492751225 0.03110080049151466 -0.12671351075172424 -0.30823101185866308 -0.026210121534365628 0.4787939070165157 0.22495646008955583 0.0011471155014905062 0.39332538874888862 0.15404331758618356 -0.26911400221288206 0.43079907286167152 -0.33187240609526636 -0.083173452820628879 0.46097349269049509 0.22334740644898909 -0.074163140059544108 0.456846958398819
leaf_weight=24052 1977 247 26 1867 1359 20 22 24 20 23 20 30 29 28 22 20 83 32 36 260 27 29 50 32 31 38 21 27 36 375 31 36 21 27 30 48 21 21 20 27 41 23 35 40 29 21 20 37 140 20 35 22 27 24 24 25 25 20 21 58 127 22
leaf_count=24052 1977 247 26 1867 1359 20 22 24 20 23 20 30 29 28 22 20 83 32 36 260 27 29 50 32 31 38 21 27 36 375 31 36 21 27 30 48 21 21 20 27 41 23 35 40 29 21 20 37 140 20 35 22 27 24 24 25 25 20 21 58 127 22
internal_value=-0.000709036 -0.0243185 -0.065958 0.00170439 0.00454325 0.0419367 0.167576 0.274118 0.378627 -0.125825 0.225778 0.118601 0.00159768 -0.214855 0.00210505 -0.08905 -0.0257285 -0.069969 -0.0872355 -0.132451 -0.177316 -0.399639 -0.289973 0.0247736 0.0236455 0.206296 0.113142 0.313915 -0.0801152 -0.0402604 -0.141729 -0.108935 0.232916 0.162689 -0.0715276 -0.199086 -0.0386717 -0.00268152 -0.0719322 0.0219257 0.156893 -0.0361328 0.0388366 0.106244 -0.200798 -0.180836 0.0979453 -0.0979684 0.0687307 0.255012 0.0240232 0.106572 0.217245 0.345951 -0.0589091 0.239138 -0.0944659 0.015803 0.087109 0.0525224 -0.00610387 0.199694
internal_weight=31981 2966 989 29015 26294 1920 244 179 139 65 115 95 24374 57 24317 40 2721 854 795 518 403 106 79 115 1676 69 265 48 914 555 359 328 57 59 498 102 396 277 292 256 77 179 123 100 56 41 43 297 217 42 175 75 49 54 72 60 272 1607 248 227 169 42
internal_count=31981 2966 989 29015 26294 1920 244 179 139 65 115 95 24374 57 24317 40 2721 854 795 518 403 106 79 115 1676 69 265 48 914 555 359 328 57 59 498 102 396 277 292 256 77 179 123 100 56 41 43 297 217 42 175 75 49 54 72 60 272 1607 248 227 169 42
is_linear=0
shrinkage=0.05


Tree=154
num_leaves=63
num_cat=0
split_feature=13 36 32 34 32 31 31 33 39 39 32 12 34 31 33 4 30 39 33 33 23 34 24 33 31 40 33 23 31 36 31 31 32 23 36 34 36 31 32 28 35 33 33 36 9 39 25 32 31 33 23 31 34 32 35 35 36 29 32 33 33 40
split_gain=705.184 989.864 1359.66 682.71 2298.19 859.61 541.682 1535.63 1705.55 639.328 1314.77 758.778 588.798 565.43 564.671 521.117 863.628 843.167 1772.24 1229.19 1973.38 1042.81 847.704 960.637 1494.69 1449.36 1937.86 1434.91 2593.81 927.147 758.325 2218.41 1187.71 829.102 750.568 735.483 700.729 638.615 637.55 584.637 3073.5 1114.12 1230.01 947.334 901.59 947.553 1239.7 891.165 1068.98 772.297 2415.77 2611.54 756.936 893.398 804.37 659.51 649.505 622.624 624.225 578.741 565.303 564.045
threshold=1.0000000180025095e-35 263.94166666666672 464.85000000000008 488.60000000000008 208.85000000000005 290.35000000000008 458.45000000000005 13.65 1.0000000180025095e-35 1.0000000180025095e-35 8.6500000000000004 1.0000000180025095e-35 19.850000000000005 430.35000000000008 5.9500000000000011 1.0000000180025095e-35 1.0000000180025095e-35 1.0000000180025095e-35 463.55000000000007 385.45000000000005 1.0000000180025095e-35 432.10000000000008 1.0000000180025095e-35 102.25000000000001 470.95000000000005 4.5000000000000009 181.15000000000001 1.0000000180025095e-35 300.15000000000003 240.05833333333337 428.45000000000005 388.85000000000008 430.85000000000008 1.0000000180025095e-35 195.6166666666667 27.400000000000002 329.71250000000009 162.95000000000002 360.45000000000005 1.0000000180025095e-35 818.95000000000016 463.55000000000007 57.95000000000001 147.81250000000003 1.0000000180025095e-35 1.0000000180025095e-35 1.0000000180025095e-35 366.15000000000003 253.25000000000003 466.95000000000005 1.0000000180025095e-35 230.15000000000001 171.45000000000002 360.45000000000005 1122.0000000000002 940.45000000000016 302.3633333333334 1.0000000180025095e-35 292.45000000000005 482.15000000000003 345.40000000000003 1.5000000000000002
decision_type=2 2 2 2 2 2 2 2 2 2 2 2 2 2 2 2 2 2 2 2 2 2 2 2 2 2 2 2 2 2 2 2 2 2 2 2 2 2 2 2 2 2 2 2 2 2 2 2 2 2 2 2 2 2 2 2 2 2 2 2 2 2
left_child=3 6 -3 15 -5 -6 9 -8 -9 -2 -11 13 -13 14 -12 39 17 -17 19 21 36 22 23 24 30 27 34 60 -29 -24 31 32 33 -19 -27 -28 -21 -23 -36 49 43 42 -42 -41 45 56 -47 48 -43 -1 -51 -52 53 -46 -54 -48 -44 61 -59 -53 -25 -45
right_child=1 2 -4 4 5 -7 7 8 -10 10 11 12 -14 -15 -16 16 -18 18 -20 20 -22 37 29 25 -26 26 35 28 -30 -31 -32 -33 -34 -35 38 -37 -38 -39 -40 40 41 47 44 57 52 46 55 -49 -50 50 51 59 54 -55 -56 -57 -58 58 -60 -61 -62 -63
leaf_value=-0.0017207210804634132 0.0045852941935280046 0.080808463761032651 0.49617950607401629 -0.4787908365018666 0.25537612040837609 -0.15150774842500689 0.10763581387733144 0.020371225804168114 -0.49686946250936564 0.29548017419529737 0.087577052314774584 0.05906812078153182 0.38631349051440206 0.25627519350785477 -0.0098465917181105381 -0.0059030404486187177 0.24801122579595139 -0.075960369443124134 0.22838024667901347 -0.21404770827468705 -0.60111374620880398 0.37809737289235712 -0.071000360519004366 -0.024402417984373613 -0.5324014017979305 -0.11136830724775791 -0.0989128397881157 -0.012833865039536489 0.7657307854294777 -0.52592066980543595 0.1340116699691862 -0.56204727498384621 0.20781849650666118 -0.35351834904868157 0.46509879261255266 -0.32165921026515587 0.11358316512778402 -0.01184004701319195 0.075044144215908923 -0.082004142188638149 0.2643792593336719 0.11436775085471927 -0.11345618335586605 -0.046060054507045069 0.25517171003988814 0.15026735902634436 0.13494555822440557 0.018316645581613888 0.56808665949193871 -0.01638393998815111 -0.77487417122592106 -0.28234619692756008 0.14927252694254831 -0.18236960917711259 0.59233515456318864 -0.2043957745532195 0.066398401247958344 -0.035926491996416676 -0.34420281089842319 0.070564557257152744 0.26342758268117905 0.03159014420751937
leaf_weight=23182 1906 110 24 32 27 25 54 30 34 54 211 28 27 26 504 1766 29 169 49 51 28 21 24 116 21 20 90 23 20 21 32 26 32 32 20 63 24 21 22 392 85 21 132 303 28 223 21 22 34 348 23 26 21 20 20 45 81 52 24 21 20 1025
leaf_count=23182 1906 110 24 32 27 25 54 30 34 54 211 28 27 26 504 1766 29 169 49 51 28 21 24 116 21 20 90 23 20 21 32 26 32 32 20 63 24 21 22 392 85 21 132 303 28 223 21 22 34 348 23 26 21 20 20 45 81 52 24 21 20 1025
internal_value=-0.000673584 0.0223691 0.155203 -0.00306589 -0.145403 0.0597589 0.0161757 -0.0887296 -0.254413 0.0206673 0.0567289 0.0405322 0.219716 0.0272324 0.0189036 -0.00265202 -0.0233975 -0.0263008 -0.0644198 -0.0804323 -0.242928 -0.0593263 -0.0728856 -0.0594742 -0.125016 -0.00757309 -0.0950749 0.0975269 0.349289 -0.283297 -0.095617 -0.123988 -0.075106 -0.120149 0.140735 -0.190632 -0.109206 0.183129 0.260784 -0.000478227 0.0222705 0.107063 0.0865367 -0.01328 0.0609587 0.0349556 0.0939296 0.287268 0.394849 -0.00293528 -0.0702939 -0.338304 0.207627 0.0728628 0.365401 -0.0964235 -0.0450608 0.00590787 -0.133277 -0.124663 0.0179255 0.0138733
internal_weight=31981 3008 134 28973 84 52 2874 118 64 2756 850 796 55 741 715 28889 2740 2711 945 896 103 793 751 706 312 394 215 179 43 45 291 259 233 201 62 153 75 42 42 26149 2549 753 676 1796 591 502 289 77 55 23600 418 70 89 48 41 66 213 1404 76 47 136 1328
internal_count=31981 3008 134 28973 84 52 2874 118 64 2756 850 796 55 741 715 28889 2740 2711 945 896 103 793 751 706 312 394 215 179 43 45 291 259 233 201 62 153 75 42 42 26149 2549 753 676 1796 591 502 289 77 55 23600 418 70 89 48 41 66 213 1404 76 47 136 1328
is_linear=0
shrinkage=0.05


Tree=155
num_leaves=63
num_cat=0
split_feature=33 33 33 10 32 39 36 32 31 36 31 21 11 33 9 33 33 36 36 34 37 34 34 32 32 32 31 18 31 31 9 36 32 32 32 32 34 31 31 34 36 24 32 32 6 34 39 34 18 31 31 31 32 31 39 34 33 39 34 33 36 36
split_gain=1135.66 2091.62 1596.41 1269.59 1218.93 983.772 969.224 1573.73 2000.88 1098 941.286 928.679 842.029 1746.54 1313.42 927.129 1150.44 922.511 2558.41 831.704 1029.64 707.475 1694.66 1207.03 1481.58 1131.96 1004.9 779.714 1948.15 1432.89 796.349 710.22 1602.85 877.936 741.335 1361.82 1217.43 882.008 793.57 792.44 1199.68 860.105 1981.53 1145.8 1008.99 1494.21 1002.57 707.925 1050.01 1465.02 2101.52 1235.19 702.039 871.609 678.233 678.044 1282.26 1044.65 1027.87 713.966 653.243 772.982
threshold=28.550000000000004 0.95000000000000007 71.65000000000002 1.0000000180025095e-35 428.85000000000008 1.0000000180025095e-35 275.04166666666669 304.35000000000008 261.45000000000005 232.25833333333335 478.75000000000006 1.0000000180025095e-35 1.0000000180025095e-35 107.75000000000001 1.0000000180025095e-35 488.85000000000008 476.05000000000007 288.61000000000007 275.04166666666669 377.10000000000008 4.5000000000000009 22.100000000000005 67.40000000000002 384.95000000000005 145.65000000000001 495.05000000000007 492.05000000000007 1.0000000180025095e-35 493.85000000000008 488.35000000000008 1.0000000180025095e-35 376.6375000000001 436.65000000000003 485.65000000000003 329.95000000000005 337.95000000000005 430.80000000000001 2.3500000000000001 199.85000000000005 84.850000000000009 168.93750000000003 1.0000000180025095e-35 119.30000000000003 156.25000000000003 1.0000000180025095e-35 410.45000000000005 1.0000000180025095e-35 428.15000000000003 1.0000000180025095e-35 191.85000000000005 87.350000000000009 316.35000000000008 482.05000000000007 199.85000000000005 1.0000000180025095e-35 1.0000000180025095e-35 414.65000000000003 1.0000000180025095e-35 2.0500000000000003 146.25000000000003 102.42500000000003 178.11250000000004
decision_type=2 2 2 2 2 2 2 2 2 2 2 2 2 2 2 2 2 2 2 2 2 2 2 2 2 2 2 2 2 2 2 2 2 2 2 2 2 2 2 2 2 2 2 2 2 2 2 2 2 2 2 2 2 2 2 2 2 2 2 2 2 2
left_child=1 -1 6 12 11 -6 7 9 -9 60 52 -3 21 -14 15 16 17 18 -15 -13 -21 27 23 24 -23 26 31 28 55 30 -29 33 -33 34 37 -36 -37 -24 -38 40 -39 44 46 -44 47 -46 -43 -41 49 50 -49 -51 -5 -54 -12 -4 58 -58 -57 -60 -2 -62
right_child=2 4 3 10 5 -7 -8 8 -10 -11 54 19 13 14 -16 -17 -18 -19 -20 20 -22 22 25 -25 -26 -27 -28 29 -30 -31 -32 32 -34 -35 35 36 38 39 -40 41 -42 42 43 -45 45 -47 -48 48 -50 51 -52 -53 53 -55 -56 56 57 -59 59 -61 61 -63
leaf_value=0.0017578953563249892 0.0050161255076282517 -0.0043411341687554826 0.003278604768943818 -0.054351568198648517 0.06379909049311519 0.28415590547165781 -0.36721324326936156 -0.08209901729541455 0.28071916952010312 -0.44861362413503231 -0.084005046188831339 0.066608885915389812 -0.14271138801185554 0.0363030830083566 0.21431696290353766 0.31596049841107998 -0.28673095586044445 0.1267292672852138 -0.35079889670014386 0.44594361707225771 0.053882115853555283 -0.31702169543680025 -0.30986934670287636 -0.4456915774486131 0.041792070507213022 -0.39449578497558835 -0.29454985343618317 -0.013574837352410669 0.40734848331720119 -0.46304629791993651 -0.18779899082272442 0.45361471061523145 -0.061583041927466789 0.21749295067543595 -0.38288510532090159 -0.079055232149784743 0.33681674715011356 -0.019597341854657446 -0.033961265865299441 0.017393396381993984 0.41949975336236617 -0.12009146798934256 0.27189404061346345 -0.053725027527360109 -0.02650417284484928 -0.40263359786476943 -0.4698598055681214 0.2099761472448059 0.41453615517488551 0.5233925873980575 -0.45227692168951034 0.056789721830471145 0.38217825937483996 -0.047318434687676256 -0.4523072919845581 0.33954239578350731 0.07424402752000353 0.53684202684805948 -0.20642203273692808 0.045873271514200308 -0.23344818471456943 -0.027968998949098236
leaf_weight=21396 76 510 3154 1222 97 106 32 114 57 28 25 570 121 592 119 29 28 222 46 34 33 51 23 36 66 20 32 577 31 20 74 26 36 39 33 454 31 35 27 727 28 42 33 149 151 32 40 23 28 23 25 37 21 27 25 23 23 26 38 107 140 68
leaf_count=21396 76 510 3154 1222 97 106 32 114 57 28 25 570 121 592 119 29 28 222 46 34 33 51 23 36 66 20 32 577 31 20 74 26 36 39 33 454 31 35 27 727 28 42 33 149 151 32 40 23 28 23 25 37 21 27 25 23 23 26 38 107 140 68
internal_value=-0.000454932 0.00556644 -0.0151631 -0.010154 0.0659276 0.178862 -0.100726 -0.0830702 0.0388404 -0.149887 -0.0553616 0.0459401 -0.00217299 0.0370429 0.0580373 0.0377568 0.0286713 0.0389402 0.00839291 0.0861966 0.252839 -0.00935222 -0.031875 -0.192515 -0.114614 -0.0201378 -0.0165278 0.00307321 0.0127889 -0.0461859 -0.0333791 -0.0121709 0.154468 -0.0173889 -0.0221083 -0.0715632 -0.0514975 -0.00280106 0.164213 0.00234283 0.175557 -0.00598731 -0.0866317 0.00531579 0.0143665 -0.0922754 -0.29071 0.0369801 0.141682 0.0709424 -0.134947 0.235654 -0.0469838 0.140586 -0.268156 0.00916052 0.0946515 0.319704 0.0290112 -0.0202455 -0.120435 -0.166272
internal_weight=32058 22746 9312 8797 1350 203 515 483 171 312 1320 1147 7477 1157 1036 917 888 860 638 637 67 6320 2247 153 117 2094 2074 4073 3402 671 651 2042 62 1980 1941 545 512 1396 58 1373 63 1310 264 182 1046 183 82 863 136 108 48 60 1270 48 50 3371 217 49 168 145 284 208
internal_count=32058 22746 9312 8797 1350 203 515 483 171 312 1320 1147 7477 1157 1036 917 888 860 638 637 67 6320 2247 153 117 2094 2074 4073 3402 671 651 2042 62 1980 1941 545 512 1396 58 1373 63 1310 264 182 1046 183 82 863 136 108 48 60 1270 48 50 3371 217 49 168 145 284 208
is_linear=0
shrinkage=0.05


Tree=156
num_leaves=63
num_cat=0
split_feature=24 34 32 31 34 23 35 31 23 31 33 37 33 33 33 35 35 35 23 33 33 36 9 11 6 36 32 23 36 35 33 9 35 39 35 36 39 31 23 31 32 34 32 33 36 23 37 36 32 32 13 7 36 35 32 36 35 36 36 35 23 33
split_gain=1058.62 1330.24 1055.65 1123.67 990.602 1068.59 1726.83 959.064 2075.54 1062.92 740.946 890.306 753.64 1701.66 1670.59 1649.31 3671.3 1093.51 2021.53 1337.26 1726.89 1396 1007.8 903.242 1400.46 869.084 1542.81 1164.09 1544.67 860.816 831.471 833.442 768.986 680.746 653.392 1728.99 1497.32 635.874 1729.04 821.895 1935.25 614.537 599.199 647.199 599.15 936.265 588.047 568.191 555.52 547.16 607.934 520.862 520.005 495.242 948.638 973.996 754.112 756.739 736.599 710.012 771.274 727.897
threshold=1.0000000180025095e-35 453.00000000000006 195.95000000000002 286.15000000000003 448.75000000000006 1.0000000180025095e-35 1225.1500000000003 462.55000000000007 1.0000000180025095e-35 456.45000000000005 495.95000000000005 3.5000000000000004 28.550000000000004 1.0000000180025095e-35 71.65000000000002 978.05000000000007 902.1500000000002 437.25000000000006 1.0000000180025095e-35 10.65 3.5500000000000003 196.81666666666669 1.0000000180025095e-35 1.0000000180025095e-35 1.0000000180025095e-35 196.81666666666669 294.25000000000006 1.0000000180025095e-35 149.39000000000001 880.85000000000002 107.75000000000001 1.0000000180025095e-35 806.05000000000007 1.0000000180025095e-35 1122.0000000000002 284.0125000000001 1.0000000180025095e-35 488.35000000000008 1.0000000180025095e-35 481.05000000000007 117.35000000000001 108.25000000000001 485.65000000000003 461.35000000000008 331.81666666666672 1.0000000180025095e-35 3.5000000000000004 178.11250000000004 8.6500000000000004 91.950000000000017 1.0000000180025095e-35 1.0000000180025095e-35 403.42500000000001 1155.7500000000002 472.65000000000003 352.12500000000006 998.25000000000011 307.47500000000008 284.0125000000001 723.1500000000002 1.0000000180025095e-35 390.05000000000007
decision_type=2 2 2 2 2 2 2 2 2 2 2 2 2 2 2 2 2 2 2 2 2 2 2 2 2 2 2 2 2 2 2 2 2 2 2 2 2 2 2 2 2 2 2 2 2 2 2 2 2 2 2 2 2 2 2 2 2 2 2 2 2 2
left_child=4 7 -3 -4 10 47 -7 9 33 34 12 -12 13 29 15 16 25 -15 22 20 -20 -21 -19 37 30 27 -27 -14 -29 -1 -25 53 -28 -9 -2 36 -36 39 -39 48 -41 -35 43 -37 45 -26 -42 -6 -16 -49 -51 -31 -50 56 55 -55 57 58 59 61 -61 -32
right_child=1 2 3 -5 5 6 -8 8 -10 -11 11 -13 14 17 23 -17 -18 18 19 21 -22 -23 -24 24 44 26 32 28 -30 51 31 -33 -34 41 35 42 -38 38 -40 40 46 -43 -44 -45 -46 -47 -48 49 52 50 -52 -53 -54 54 -56 -57 -58 -59 -60 60 -62 -63
leaf_value=0.001521853130596407 -0.011129803544980166 -0.42603566888719802 -0.3063377468762073 0.21149256281554699 -0.18872478880474103 -0.019426020483175915 0.55393462222197964 -0.019159565295335974 -0.59425678636346546 0.24437149981848705 -0.017812363465782254 0.35232614034956156 -0.094531148942730348 -0.011691686961639573 0.047826386395264202 0.27570866844975034 -0.69807695720206819 0.042299934578348464 0.41775459789094471 0.70668921758388659 -0.2161377035758712 0.21608807650105707 0.20889959243952105 -0.079364356798774544 -0.094178560870258443 -0.22519676999913321 0.044583112147410175 -0.099211848689162219 -0.70002929210662845 0.079458482795401131 0.026279709710840982 0.20646324889076983 0.40798545945435766 -0.33392897019019496 -0.11731766122082871 -0.044295096965418813 -0.65353403726349713 -0.025613413306956108 -0.45648531595865888 0.55961605959704952 0.15593521336800065 0.0069678078591823584 -0.26982441832799292 0.20640847039792468 0.13687265317887068 -0.47057162795215846 -0.16530921803787352 0.22282639887804787 -0.019574844016652253 0.0056738150670476587 0.28378065045584333 0.33487765879734704 0.12843606163747609 0.17864908871517793 0.43462601446587112 -0.1551972671381889 -0.079826948629773187 0.28627720945647783 -0.19880630199251503 0.091837390005329061 0.39172742643083136 -0.28994140625000003
leaf_weight=19815 2399 37 22 20 23 24 29 157 21 39 32 33 223 337 341 26 27 632 21 29 22 29 106 101 95 36 37 23 20 151 202 102 24 39 30 106 23 104 30 21 29 20 21 34 20 20 28 48 5409 184 22 23 60 74 23 31 115 35 29 201 24 20
leaf_count=19815 2399 37 22 20 23 24 29 157 21 39 32 33 223 337 341 26 27 632 21 29 22 29 106 101 95 36 37 23 20 151 202 102 24 39 30 106 23 104 30 21 29 20 21 34 20 20 28 48 5409 184 22 23 60 74 23 31 115 35 29 201 24 20
internal_value=-0.000432185 -0.0288776 -0.231303 -0.0597519 0.00247005 0.0886062 0.2943 -0.0233422 -0.11971 -0.0147302 0.0014817 0.170104 0.00109973 0.00593296 -0.0124853 -0.109876 -0.135582 0.0643837 0.0949407 0.304736 0.0934376 0.461389 0.0662289 -0.00679025 0.0350481 -0.0937431 0.0343726 -0.140462 -0.378662 0.00249417 0.056315 0.0723239 0.187561 -0.0735737 -0.0185974 -0.102311 -0.350015 -0.014377 -0.122077 -0.0119259 0.1493 -0.218371 -0.0207684 0.0165901 -0.115711 -0.159638 -0.00186907 0.0492497 -0.0140904 0.0707985 0.0353745 0.113221 -0.017951 0.0541777 0.143792 0.0800849 0.0358541 0.061888 0.0453888 0.0612314 0.123826 -0.00220868
internal_weight=32058 2968 79 42 29090 330 53 2889 237 2652 28760 65 28695 21165 7530 416 390 1176 839 101 43 58 738 7114 1092 363 97 266 43 19989 957 856 61 216 2613 214 53 6022 134 5888 78 59 161 140 135 115 57 277 5810 254 206 174 5469 754 128 105 626 511 476 447 225 222
internal_count=32058 2968 79 42 29090 330 53 2889 237 2652 28760 65 28695 21165 7530 416 390 1176 839 101 43 58 738 7114 1092 363 97 266 43 19989 957 856 61 216 2613 214 53 6022 134 5888 78 59 161 140 135 115 57 277 5810 254 206 174 5469 754 128 105 626 511 476 447 225 222
is_linear=0
shrinkage=0.05


Tree=157
num_leaves=63
num_cat=0
split_feature=24 34 34 23 35 31 23 31 31 5 35 31 39 36 36 12 9 13 36 23 40 34 34 36 40 34 23 31 40 34 40 2 31 36 28 31 34 11 23 31 21 35 35 36 31 35 34 31 9 23 31 2 40 31 40 36 36 39 9 36 39 28
split_gain=955.405 1200.55 894.019 964.402 1558.46 865.555 1873.18 959.282 805.648 744.436 952.711 1297.79 1248.48 1018.65 781.748 1427.98 1202.7 1055.97 1110.3 942.947 892.134 2780.03 1574.87 1879.72 1506.17 1468.55 2790.65 1790.81 1305.39 2460.9 1324.92 2116.57 1457.38 1271.8 1199.11 1416.91 1574.67 1096.33 954.155 1645.53 1980.69 1305.45 3813.88 990.003 912.921 1388.48 1009.94 871.006 865.629 828.392 917.952 1325.62 2662.93 1479.7 818.941 881.849 973.989 775.284 762.142 706.404 705.223 700.107
threshold=1.0000000180025095e-35 453.00000000000006 448.75000000000006 1.0000000180025095e-35 1225.1500000000003 462.55000000000007 1.0000000180025095e-35 456.45000000000005 384.75000000000006 1.0000000180025095e-35 1044.7500000000002 472.65000000000003 1.0000000180025095e-35 284.0125000000001 109.81250000000001 1.0000000180025095e-35 1.0000000180025095e-35 1.0000000180025095e-35 238.91250000000005 1.0000000180025095e-35 5.5000000000000009 430.80000000000001 417.35000000000008 318.92500000000001 4.5000000000000009 91.550000000000011 1.0000000180025095e-35 273.55000000000007 1.5000000000000002 331.45000000000005 3.5000000000000004 1.0000000180025095e-35 378.65000000000003 273.71250000000003 1.0000000180025095e-35 464.85000000000008 3.8500000000000001 1.0000000180025095e-35 1.0000000180025095e-35 452.25000000000006 1.0000000180025095e-35 517.05000000000007 673.95000000000016 321.08333333333343 108.85000000000001 548.05000000000007 76.250000000000014 4.9500000000000011 1.0000000180025095e-35 1.0000000180025095e-35 384.75000000000006 1.0000000180025095e-35 3.5000000000000004 27.950000000000003 2.5000000000000004 275.04166666666669 204.51666666666668 1.0000000180025095e-35 1.0000000180025095e-35 413.25000000000006 1.0000000180025095e-35 1.0000000180025095e-35
decision_type=2 2 2 2 2 2 2 2 2 2 2 2 2 2 2 2 2 2 2 2 2 2 2 2 2 2 2 2 2 2 2 2 2 2 2 2 2 2 2 2 2 2 2 2 2 2 2 2 2 2 2 2 2 2 2 2 2 2 2 2 2 2
left_child=2 5 9 -4 -5 7 -7 -2 60 14 11 -11 -13 -12 57 17 49 20 47 48 22 -22 24 -24 28 -26 -27 -28 -16 30 31 34 54 -31 37 36 -36 44 -32 40 41 -40 -43 -44 45 -30 -46 -19 -20 61 51 52 -51 -54 55 56 -33 58 -1 -39 -3 -17
right_child=1 8 3 4 -6 6 -8 -9 -10 10 13 12 -14 -15 15 16 -18 18 19 -21 21 -23 23 -25 25 26 27 -29 29 33 38 32 -34 -35 35 -37 -38 59 39 -41 -42 42 43 -45 46 -47 -48 -49 -50 50 -52 -53 53 -55 -56 -57 -58 -59 -60 -61 -62 -63
leaf_value=0.00067177658777964626 -0.017667497049291995 -0.15208900839090347 0.046787168539804996 -0.018454699714978536 0.52623787131802791 -0.069895042969383883 -0.56454394388766527 0.23215291996796927 0.03727574700658972 -0.0042805916357013122 -0.22009103554261833 -0.073251483008958576 -0.43501781338092055 -0.036507966017107603 -0.011578534967185311 0.010366384080476174 0.19358022969267141 0.34660021864942148 0.07114673286272459 0.44020957397669558 0.015971661845250579 0.5791194506666878 -0.0812763269207189 -0.61811512002975433 -0.020612039641104432 -0.05943274451763373 -0.12254015335014888 -0.65253457829758932 -0.023911026613647815 0.13735083841690512 0.0044924532297053238 0.31489251896187115 0.40994199737252901 0.60006824207526677 0.14451843692047686 0.5409194011613726 -0.32156202167272574 0.088513493626692141 -0.13259081955608987 -0.4989097518225511 -0.42213396396367781 0.70011941048762072 0.12570056372546945 -0.30843128329142933 0.0060099350730321187 -0.44317262672952246 0.28184252420769024 0.021450291016145429 0.37641295503686978 0.52590374175240018 0.39813858866691593 -0.27214494148890178 0.20695408781369529 -0.25657101819912592 0.03210764223088821 0.469339140185288 -0.13912868244307383 -0.05270193193920323 -0.10449578837388092 0.36156678839966105 -0.50432037758744419 0.13349235347528574
leaf_weight=4012 2613 30 277 24 29 216 21 39 22 2325 119 86 33 207 4345 921 146 21 166 25 5685 22 63 22 3531 271 28 37 67 33 1650 27 57 27 193 20 20 193 74 24 31 23 29 24 1385 28 34 1072 27 34 30 21 36 33 108 28 21 1007 180 27 27 132
leaf_count=4012 2613 30 277 24 29 216 21 39 22 2325 119 86 33 207 4345 921 146 21 166 25 5685 22 63 22 3531 271 28 37 67 33 1650 27 57 27 193 20 20 193 74 24 31 23 29 24 1385 28 34 1072 27 34 30 21 36 33 108 28 21 1007 180 27 27 132
internal_value=-0.000410576 -0.0274337 0.00234654 0.0841759 0.279585 -0.0221751 -0.113725 -0.0139937 -0.219737 0.00140761 -0.0232331 -0.0125236 -0.173573 -0.103521 0.0040338 0.00837013 0.0580373 0.004913 0.0482472 0.151279 0.00177894 0.0181425 -0.00574015 -0.220223 -0.00426216 -0.030117 -0.130004 -0.424229 0.00754471 0.0276976 0.0230034 0.0491741 0.18903 0.345574 0.0320387 0.138537 0.100755 0.0177283 -0.00814741 -0.109883 -0.0582992 0.0168933 0.162444 -0.0708874 0.00257301 -0.147483 0.012619 0.0276975 0.113852 0.0416419 0.149957 0.0899128 0.16373 -0.0147318 0.120595 0.246341 0.116258 -0.0133074 -0.00384401 0.122025 -0.318935 0.025801
internal_weight=32058 2968 29090 330 53 2889 237 2652 79 28760 2770 2444 119 326 25990 20791 1353 19438 1311 218 18127 5707 12420 85 12335 3867 336 65 8468 4123 4063 2208 241 60 1967 233 213 1734 1855 205 181 150 76 53 1514 95 1419 1093 193 1207 154 124 103 69 184 76 48 5199 4192 220 57 1053
internal_count=32058 2968 29090 330 53 2889 237 2652 79 28760 2770 2444 119 326 25990 20791 1353 19438 1311 218 18127 5707 12420 85 12335 3867 336 65 8468 4123 4063 2208 241 60 1967 233 213 1734 1855 205 181 150 76 53 1514 95 1419 1093 193 1207 154 124 103 69 184 76 48 5199 4192 220 57 1053
is_linear=0
shrinkage=0.05


Tree=158
num_leaves=63
num_cat=0
split_feature=33 33 39 33 23 36 36 10 31 40 34 33 36 11 9 1 36 39 33 33 36 36 9 15 8 7 33 34 36 0 37 38 23 31 33 31 36 31 33 39 33 23 36 34 40 23 33 33 31 40 29 34 34 31 31 36 40 33 31 31 28 36
split_gain=922.559 2145.88 1649.5 1546.84 1720.05 2054.85 2544.15 1214.84 1230.22 1014.81 1728.59 929.477 1247.7 1206.6 1144.71 1032.24 914.349 846.328 837.095 1011.68 848.792 2198.71 822.74 782.563 770.69 980.74 1314.52 1204.69 1223.05 755.298 983.661 728.728 717.746 1459.73 975.448 693.551 682.146 681.127 2420.1 1552.42 1363.3 1384.15 6215.84 3585.58 1612.7 800.741 2469.92 671.515 2574.74 1043.99 668.556 965.954 952.854 636.589 1319.27 1368.7 2126.52 981.045 831.409 759.787 647.507 612.269
threshold=51.750000000000007 53.650000000000013 1.0000000180025095e-35 0.95000000000000007 1.0000000180025095e-35 128.62500000000003 154.65833333333336 1.0000000180025095e-35 478.75000000000006 3.5000000000000004 97.300000000000026 109.55000000000001 309.52500000000003 1.0000000180025095e-35 1.0000000180025095e-35 1.0000000180025095e-35 202.21666666666673 1.0000000180025095e-35 488.85000000000008 476.05000000000007 288.61000000000007 275.04166666666669 1.0000000180025095e-35 1.0000000180025095e-35 1.0000000180025095e-35 1.0000000180025095e-35 465.45000000000005 106.25000000000001 261.05833333333339 1.0000000180025095e-35 3.5000000000000004 1.0000000180025095e-35 1.0000000180025095e-35 374.55000000000007 409.65000000000003 119.55000000000001 113.11250000000003 23.350000000000005 420.75000000000006 1.0000000180025095e-35 444.85000000000008 1.0000000180025095e-35 261.05833333333339 89.90000000000002 4.5000000000000009 1.0000000180025095e-35 192.05000000000004 427.15000000000003 152.75000000000003 3.5000000000000004 1.0000000180025095e-35 27.400000000000002 419.85000000000008 58.45000000000001 203.75000000000003 229.91666666666669 4.5000000000000009 397.55000000000007 308.35000000000008 13.850000000000003 1.0000000180025095e-35 382.3250000000001
decision_type=2 2 2 2 2 2 2 2 2 2 2 2 2 2 2 2 2 2 2 2 2 2 2 2 2 2 2 2 2 2 2 2 2 2 2 2 2 2 2 2 2 2 2 2 2 2 2 2 2 2 2 2 2 2 2 2 2 2 2 2 2 2
left_child=3 2 -2 -1 22 35 -7 11 31 -8 -11 12 15 23 18 29 -17 -10 19 20 21 -15 -5 24 25 37 50 28 -28 -3 -31 -9 34 -34 -22 -6 -24 38 45 -40 47 -42 -43 44 -44 -13 -47 61 49 -49 52 -52 53 59 55 -55 -57 60 -59 -27 -56 -39
right_child=1 7 -4 4 5 6 9 8 17 10 -12 13 -14 14 -16 16 -18 -19 -20 -21 32 -23 36 -25 -26 26 27 -29 -30 30 -32 -33 33 -35 -36 -37 -38 40 39 -41 41 42 43 -45 -46 46 -48 48 -50 -51 51 -53 -54 54 57 56 -58 58 -60 -61 -62 -63
leaf_value=0.0016271657789226311 -0.041692418990922825 -0.062164991273357631 -0.65460591406925861 0.020515248575893999 -0.28546684573997155 0.81342887651352658 0.41589529283747484 -0.064235330345437033 -0.080093787461519239 0.29144541835173582 -0.24787751634915672 0.016464182891901744 -0.40539483941781029 0.030386814430399464 0.19859913366578394 -0.01594957148899203 0.44630515121854847 -0.48034086887325556 0.29744109007818947 -0.27131125615643609 -0.001861064289770429 -0.33221877775672409 -0.096729418724775321 0.076101894933483849 -0.05205182719112586 -0.024668057658709587 -0.15056387688964606 0.55591927739706903 0.32161437710747126 0.3685902287873129 -0.071346517513437124 0.028989031593318872 0.035960476994514469 0.60142562389373788 0.25914957755804063 0.11625235414221174 0.18811092293877718 -0.0099066115088148853 0.10092909316547582 0.50174121442250907 -0.0583675253002017 -0.96527203768491754 -0.055128123859564462 -0.50159631109237679 0.56452979360307964 0.28470152445137503 -0.38543061532757505 0.18910673220049254 -0.036418649646497908 0.68824047639966013 0.05843265519900756 -0.24068408479105752 0.29243573852487514 0.0011108194880590245 -0.016792518970424729 -0.67283706221243611 -0.060605028402563689 0.44199650111021821 0.10874513040800565 0.29119990148601377 0.1954276674881924 -0.16087607961746234
leaf_weight=21396 21 891 23 1117 22 21 37 1065 25 39 24 347 24 589 118 23 20 28 29 28 126 45 25 272 938 32 24 22 32 24 27 261 25 21 50 21 132 2517 61 40 392 24 21 25 21 20 44 22 105 20 55 53 37 111 219 23 37 27 61 47 43 69
leaf_count=21396 21 891 23 1117 22 21 37 1065 25 39 24 347 24 589 118 23 20 28 29 28 126 45 25 272 938 32 24 22 32 24 27 261 25 21 50 21 132 2517 61 40 392 24 21 25 21 20 44 22 105 20 55 53 37 111 219 23 37 27 61 47 43 69
internal_value=-0.000390047 -0.0137354 -0.362079 0.00500093 0.0551992 0.207613 0.313119 -0.0120658 -0.0553273 0.208054 0.0859891 -0.00441835 -0.0491966 0.00223379 0.0520501 -0.0405177 0.199053 -0.291545 0.0331095 0.024438 0.0341121 0.00464982 0.0355792 -0.00668144 -0.0107837 -0.00227794 0.0471226 0.242415 0.119252 -0.0514535 0.135683 -0.0458857 0.118252 0.294108 0.0722897 -0.0892784 0.142754 -0.0131837 0.0403798 0.259667 -0.0217112 -0.0991492 -0.274824 -0.0274996 0.254701 -0.0135081 -0.176014 -0.00802568 0.0959265 0.426789 0.0266759 -0.0883561 0.0461789 0.0309931 0.0109383 -0.102891 -0.295294 0.066552 0.210993 0.163253 0.0180375 -0.0139348
internal_weight=32058 9224 44 22834 1438 164 121 9180 1379 100 63 7801 1009 6792 1031 985 43 53 913 884 856 634 1274 5761 5489 4551 823 78 56 942 51 1326 222 46 176 43 157 3728 512 101 3216 483 91 67 42 411 64 2733 147 42 745 108 637 600 521 171 60 350 88 79 262 2586
internal_count=32058 9224 44 22834 1438 164 121 9180 1379 100 63 7801 1009 6792 1031 985 43 53 913 884 856 634 1274 5761 5489 4551 823 78 56 942 51 1326 222 46 176 43 157 3728 512 101 3216 483 91 67 42 411 64 2733 147 42 745 108 637 600 521 171 60 350 88 79 262 2586
is_linear=0
shrinkage=0.05


Tree=159
num_leaves=63
num_cat=0
split_feature=24 39 31 36 31 34 37 35 34 29 40 23 40 31 36 12 37 5 35 31 39 36 11 35 34 29 2 23 31 34 35 31 31 36 31 4 36 35 23 31 40 36 23 36 35 37 35 23 31 23 18 34 7 7 36 12 35 23 38 34 35 8
split_gain=850.893 1118.87 1677.23 3298.45 1895.76 1766.04 1095.15 850.042 794.104 896.873 1534.02 2317.75 1120.33 810.374 784.159 722.515 682.3 659.226 842.868 1165.04 1116.65 914.115 730.679 1114.23 817.999 864.881 657.179 724.349 1439.79 1660.31 689.593 1067.02 1792.59 619.79 796.275 1134.16 950.638 1163.7 773.673 661.029 768.838 650.126 636.495 2138.5 608.445 608.793 595.291 1109.73 588.243 1406.82 562.782 1276.16 1023.91 751.316 1254.35 956.543 898.809 1756.63 859.295 952.077 1677.62 1565.21
threshold=1.0000000180025095e-35 1.0000000180025095e-35 464.85000000000008 286.95833333333343 452.25000000000006 455.55000000000007 4.5000000000000009 1155.7500000000002 448.75000000000006 1.0000000180025095e-35 1.0000000180025095e-35 1.0000000180025095e-35 3.5000000000000004 271.65000000000003 331.81666666666672 1.0000000180025095e-35 3.5000000000000004 1.0000000180025095e-35 1044.7500000000002 472.65000000000003 1.0000000180025095e-35 284.0125000000001 1.0000000180025095e-35 696.75000000000011 419.85000000000008 1.0000000180025095e-35 1.0000000180025095e-35 1.0000000180025095e-35 382.95000000000005 56.95000000000001 860.05000000000007 129.75000000000003 263.65000000000003 387.95000000000005 267.75000000000006 1.0000000180025095e-35 307.47500000000008 1055.7500000000002 1.0000000180025095e-35 89.550000000000011 5.5000000000000009 206.78750000000005 1.0000000180025095e-35 220.91250000000005 209.55000000000004 4.5000000000000009 1155.7500000000002 1.0000000180025095e-35 337.75000000000006 1.0000000180025095e-35 1.0000000180025095e-35 428.15000000000003 1.0000000180025095e-35 1.0000000180025095e-35 109.81250000000001 1.0000000180025095e-35 1397.9500000000003 1.0000000180025095e-35 1.0000000180025095e-35 169.45000000000002 1170.4500000000003 1.0000000180025095e-35
decision_type=2 2 2 2 2 2 2 2 2 2 2 2 2 2 2 2 2 2 2 2 2 2 2 2 2 2 2 2 2 2 2 2 2 2 2 2 2 2 2 2 2 2 2 2 2 2 2 2 2 2 2 2 2 2 2 2 2 2 2 2 2 2
left_child=8 -2 4 -4 5 6 15 -8 17 10 -10 12 -12 -11 -6 33 -5 22 19 26 -21 -20 50 44 25 46 27 -19 29 30 31 -29 -33 34 36 38 37 39 -36 40 41 -3 -41 -44 -24 -46 -25 -48 -23 -50 53 52 -52 56 -55 58 -1 -58 59 60 61 -56
right_child=1 2 3 16 14 -7 7 -9 9 13 11 -13 -14 -15 -16 -17 -18 18 21 20 -22 48 23 24 -26 -27 -28 28 -30 -31 -32 32 -34 -35 35 -37 -38 -39 -40 42 -42 -43 43 -45 45 -47 47 -49 49 -51 51 -53 -54 54 55 -57 57 -59 -60 -61 -62 -63
leaf_value=0.0012572369886041761 -0.0043513830295990891 0.019425521828234198 -0.75182560126368825 -0.20392188380161921 0.50596115142107012 -0.4192691721241264 -0.13268682759320527 -0.51155071962624798 -0.1092237630823501 -0.26176892404980734 0.40567651058618842 0.5328987626652969 0.050328654196384728 0.12485249236873959 0.068500136477606638 0.13643647831792399 0.16618189349770549 -0.004668784929704543 -0.20778580366344263 -0.069481064682436547 -0.41161524743744826 -0.15438546756939853 -0.062230560041311306 0.082904705541768986 -0.1776384404950565 -0.047708034312027858 -0.10342153835681177 0.31260321468114854 0.48314089829271495 0.33173594247135851 -0.32896179378032686 -0.38489118243700693 0.21823125576431102 -0.28213179453655529 0.026321593454430026 -0.28505374247638077 0.15475436396112568 -0.4238976063551726 0.28358924248639278 -0.08264652810958166 -0.18149742095099231 0.36856547378003601 -0.55476400231321654 0.094249674948779019 0.023234235833551709 -0.24814549753708498 0.13390255332566225 0.52477504665201369 -0.047590963708074849 0.37327285124920312 -0.015133476370828153 0.3758577087521553 -0.13203393562401577 -0.093872318591902162 0.057291316913563241 0.17140995849631038 -0.011942496179388119 -0.48565622977912426 -0.054105792308049933 0.18223862587163847 -0.3342581142485142 -0.14757902570068837
leaf_weight=18829 1990 40 26 33 20 34 57 20 59 33 26 38 151 23 21 58 20 2022 119 86 33 68 280 618 31 109 155 20 22 36 20 28 22 27 208 26 38 27 34 189 28 20 30 22 1299 21 104 22 115 24 2171 20 205 183 1377 135 65 28 243 120 30 100
leaf_count=18829 1990 40 26 33 20 34 57 20 59 33 26 38 151 23 21 58 20 2022 119 86 33 68 280 618 31 109 155 20 22 36 20 28 22 27 208 26 38 27 34 189 28 20 30 22 1299 21 104 22 115 24 2171 20 205 183 1377 135 65 28 243 120 30 100
internal_value=-0.000370545 -0.0258728 -0.0696639 -0.290547 -0.0502537 -0.0661257 -0.0515542 -0.231093 0.00223141 0.0793527 0.116617 0.178592 0.102527 -0.102978 0.281896 -0.0330475 -0.0642601 0.0013465 -0.0218411 -0.0117679 -0.164359 -0.0973593 0.00381782 0.0296074 0.0746596 0.0838287 -0.00395788 0.00314667 0.109923 0.0447576 -0.0700337 0.0039457 -0.119517 -0.0473147 -0.0377376 0.028752 -0.0829639 -0.108338 0.0624666 -0.0824414 0.0348455 0.135806 -0.125268 -0.280181 0.00471604 0.0189168 0.103099 0.20215 -0.0338774 0.0250762 0.00109251 -0.0218717 -0.0252196 0.00369896 0.0314384 0.0428757 0.000491379 -0.154566 0.0335965 0.0466952 0.0359021 0.0434206
internal_weight=32058 2968 978 79 899 858 824 77 29090 330 274 215 177 56 41 747 53 28760 2770 2444 119 326 25990 2484 884 853 2325 2170 148 126 90 70 50 689 662 268 394 356 242 329 88 60 241 52 1600 1320 744 126 207 139 23506 2396 2376 21110 2188 2005 18922 93 1870 1627 1507 1477
internal_count=32058 2968 978 79 899 858 824 77 29090 330 274 215 177 56 41 747 53 28760 2770 2444 119 326 25990 2484 884 853 2325 2170 148 126 90 70 50 689 662 268 394 356 242 329 88 60 241 52 1600 1320 744 126 207 139 23506 2396 2376 21110 2188 2005 18922 93 1870 1627 1507 1477
is_linear=0
shrinkage=0.05


Tree=160
num_leaves=63
num_cat=0
split_feature=4 31 23 40 23 31 40 32 31 40 21 23 2 34 32 32 32 32 32 36 32 31 40 32 32 36 31 31 31 32 36 40 36 36 31 28 36 23 36 32 36 31 36 23 31 32 23 36 36 37 36 40 36 40 12 34 31 32 32 32 32 31
split_gain=710.307 859.083 2087.9 1632.75 1493.37 2439.08 2918.57 2194.46 2052.83 1299.87 771.255 651.278 2145.08 1521.07 2333.06 2625.26 1757 8601.97 2241.48 4048.97 1668.56 2116.95 1415.43 1078.75 2223.48 2073.47 1500.96 1930.72 4049.9 3701.54 1143.92 1135.59 826.875 900.01 609.154 837.219 1644.06 959.801 4506.36 1652.34 885.384 784.785 1053.05 1862.21 768.722 1148.96 1660.9 2708.96 3622.97 4676.62 1064.35 1046.52 763.312 711.666 666.699 780.961 660.326 597.941 790.599 581.191 1236.36 1783.11
threshold=1.0000000180025095e-35 361.85000000000008 1.0000000180025095e-35 4.5000000000000009 1.0000000180025095e-35 207.85000000000005 4.5000000000000009 306.25000000000006 138.15000000000001 4.5000000000000009 1.0000000180025095e-35 1.0000000180025095e-35 1.0000000180025095e-35 180.75000000000003 100.55000000000001 195.95000000000002 16.550000000000004 91.950000000000017 150.05000000000004 167.7416666666667 448.55000000000007 267.75000000000006 4.5000000000000009 440.45000000000005 416.95000000000005 228.87083333333337 380.65000000000003 207.85000000000005 136.05000000000004 282.15000000000003 227.72500000000002 4.5000000000000009 127.02500000000002 171.71250000000003 123.85000000000001 1.0000000180025095e-35 266.78333333333336 1.0000000180025095e-35 359.52500000000003 294.25000000000006 315.18333333333339 142.45000000000002 219.77083333333334 1.0000000180025095e-35 40.000000000000007 282.15000000000003 1.0000000180025095e-35 211.48750000000004 282.51250000000005 2.5000000000000004 284.0125000000001 5.5000000000000009 272.41250000000008 1.0000000180025095e-35 1.0000000180025095e-35 99.200000000000003 60.550000000000004 374.65000000000003 315.85000000000008 28.750000000000004 113.15000000000002 454.25000000000006
decision_type=2 2 2 2 2 2 2 2 2 2 2 2 2 2 2 2 2 2 2 2 2 2 2 2 2 2 2 2 2 2 2 2 2 2 2 2 2 2 2 2 2 2 2 2 2 2 2 2 2 2 2 2 2 2 2 2 2 2 2 2 2 2
left_child=10 4 -3 -4 -2 6 -6 9 -8 -7 34 -12 13 16 -15 -16 -13 22 19 -19 21 -17 -18 24 25 26 27 28 32 -29 -25 -27 -20 -34 44 41 54 -38 39 -39 -41 42 -36 -44 -1 -46 50 -48 49 -49 51 52 -47 -52 57 -56 -53 58 -37 -43 61 -61
right_child=1 2 3 -5 5 7 8 -9 -10 -11 11 12 -14 14 15 20 17 18 23 -21 -22 -23 -24 30 -26 31 -28 29 -30 -31 -32 -33 33 -35 35 36 37 38 -40 40 -42 59 43 -45 45 46 47 48 -50 -51 53 56 -54 -55 55 -57 -58 -59 -60 60 -62 -63
leaf_value=0.0032715812737294709 -0.018667222953909095 -0.04520926484231394 -0.58717859297087693 -0.057378161870516267 0.33675951772020202 -0.13159710367520649 0.0038918277826802484 0.73887302249670039 -0.6366120349954475 0.41836652169850741 0.011066493201374301 0.29693504887264827 0.42427038596226618 0.57724143067995715 -0.38094488332668941 0.66729317073311123 -0.43602881208062172 -0.0015887800604104997 0.1886946988105774 0.85939265530217779 -0.16727980911731721 0.034278566598892217 -1.0308880931138993 -0.08119341243397106 -0.55389815966288258 -0.046476548537611961 0.47415995433926583 0.12485794595309668 0.6343948719830349 -0.76575319506227979 0.3969328945053035 -0.56162980820821684 -0.42517818266695201 0.027091371200301431 0.016348236355894396 -0.03776682686586344 0.060448387289306293 0.13914079243938129 -0.26734381798774964 0.42867987751960757 0.89915422597900041 0.0041771437938293637 0.077691078984311657 0.51027266863853704 -0.017746110997378734 -0.019593593318058995 0.12145778425037862 -1.2048817945563277 0.02334474016880167 -0.24265365600585939 -0.15852992622689768 -0.46888922942536215 -0.25946553510588571 0.16392499667822155 0.0095382746774703275 0.34113555254701239 -0.16100176507059266 -0.25066516576034409 0.22482095420360568 -0.044656152083131714 -0.0073402830356379626 -0.26005900485610417
leaf_weight=2437 2020 779 33 26 32 21 29 25 22 22 6996 43 39 30 24 28 20 36 20 22 20 25 20 22 21 20 20 28 29 20 29 23 22 22 552 644 911 24 31 20 20 7417 126 31 2348 320 32 23 29 28 22 21 37 77 56 26 102 31 30 759 5034 110
leaf_count=2437 2020 779 33 26 32 21 29 25 22 22 6996 43 39 30 24 28 20 36 20 22 20 25 20 22 21 20 20 28 29 20 29 23 22 22 552 644 911 24 31 20 20 7417 126 31 2348 320 32 23 29 28 22 21 37 77 56 26 102 31 30 759 5034 110
internal_value=-0.0008093 -0.0239277 -0.0669293 -0.353707 -0.00732922 0.144345 -0.0375457 0.366358 -0.272404 0.14978 0.00159965 0.0152976 0.0660712 0.0403915 0.191891 0.0727103 -0.00574862 -0.0405491 0.042434 0.32499 0.221857 0.368701 -0.733458 -0.0169438 -0.0640057 -0.0135756 0.0688049 0.0113078 0.14423 -0.24623 0.190682 -0.322024 -0.0778752 -0.199043 -0.00327484 0.00169984 0.0338721 0.0762196 0.227457 0.467126 0.663917 -0.00241199 0.0488459 0.163105 -0.0176484 -0.0344242 -0.0910961 -0.267348 -0.42287 -0.6766 -0.0570025 -0.0877896 -0.0444543 0.0922683 -0.0202594 0.114679 -0.213568 -0.0359544 -0.0260789 -0.00514036 -0.0168476 -0.0719223
internal_weight=31886 3009 838 59 2171 151 83 68 51 43 28877 7579 583 544 127 97 417 374 334 58 73 53 40 276 225 204 161 141 93 48 51 43 64 44 21298 15822 1793 1006 95 64 40 14029 709 157 5476 3039 691 112 80 51 579 480 357 99 787 82 123 705 674 13320 5903 869
internal_count=31886 3009 838 59 2171 151 83 68 51 43 28877 7579 583 544 127 97 417 374 334 58 73 53 40 276 225 204 161 141 93 48 51 43 64 44 21298 15822 1793 1006 95 64 40 14029 709 157 5476 3039 691 112 80 51 579 480 357 99 787 82 123 705 674 13320 5903 869
is_linear=0
shrinkage=0.05


Tree=161
num_leaves=63
num_cat=0
split_feature=34 33 31 31 31 33 33 31 4 34 33 33 23 31 31 33 9 7 40 21 34 34 40 33 34 33 33 31 23 31 31 33 33 31 34 34 33 31 23 5 29 28 12 33 31 40 33 12 31 7 29 31 40 25 33 25 33 7 33 5 31 23
split_gain=659.821 1314.35 1681.26 712.51 1216.99 1172.95 1014.88 960.32 686.819 663.87 655.416 726.542 1749.94 2838.79 6317.79 1549.67 848.249 982.668 830.529 616.198 703.982 659.257 632.816 614.092 1858.06 979.623 906.903 907.629 1066.77 1000.66 1946.02 674.668 690.402 1562.84 584.221 565.812 554.087 552.782 779.74 1457.12 1026.48 1047.53 726.129 956.386 1574.15 1372.54 691.641 610.131 540.094 500.577 1424.78 830.634 855.222 830.708 591.147 536.706 747.271 492.256 553.001 488.539 485.431 790.074
threshold=382.75000000000006 14.750000000000002 125.85000000000001 418.05000000000007 366.05000000000007 187.75000000000003 255.05000000000004 462.55000000000007 1.0000000180025095e-35 403.55000000000007 483.85000000000008 79.350000000000009 1.0000000180025095e-35 138.15000000000001 191.85000000000005 55.850000000000001 1.0000000180025095e-35 1.0000000180025095e-35 2.5000000000000004 1.0000000180025095e-35 361.05000000000007 372.90000000000003 5.5000000000000009 457.35000000000008 248.55000000000004 487.15000000000003 187.75000000000003 468.85000000000008 1.0000000180025095e-35 160.85000000000005 349.95000000000005 150.15000000000001 57.95000000000001 446.65000000000003 447.05000000000007 455.55000000000007 77.350000000000009 123.85000000000001 1.0000000180025095e-35 1.0000000180025095e-35 1.0000000180025095e-35 1.0000000180025095e-35 1.0000000180025095e-35 300.85000000000008 108.85000000000001 4.5000000000000009 8.1500000000000004 1.0000000180025095e-35 173.05000000000004 1.0000000180025095e-35 1.0000000180025095e-35 279.95000000000005 1.5000000000000002 1.0000000180025095e-35 397.55000000000007 1.0000000180025095e-35 494.35000000000008 1.0000000180025095e-35 357.45000000000005 1.0000000180025095e-35 392.85000000000008 1.0000000180025095e-35
decision_type=2 2 2 2 2 2 2 2 2 2 2 2 2 2 2 2 2 2 2 2 2 2 2 2 2 2 2 2 2 2 2 2 2 2 2 2 2 2 2 2 2 2 2 2 2 2 2 2 2 2 2 2 2 2 2 2 2 2 2 2 2 2
left_child=8 2 -2 4 10 7 35 -5 19 -7 11 15 16 -14 -15 -3 17 59 -18 20 37 49 -22 26 25 48 31 28 57 -30 -31 32 -10 36 -19 -6 -34 38 -1 40 41 42 43 44 -40 -46 -44 -39 -25 55 51 53 -53 -51 -54 56 -21 -28 -59 -13 61 -57
right_child=1 3 -4 5 6 9 -8 -9 23 -11 -12 12 13 14 -16 -17 18 34 -20 21 22 -23 -24 24 -26 -27 27 -29 29 30 -32 -33 33 -35 -36 -37 -38 47 39 -41 -42 -43 46 -45 45 -47 -48 -49 -50 50 -52 52 54 -55 -56 60 -58 58 -60 -61 -62 -63
leaf_value=-0.011731923123935926 0.62987283272668726 0.059442320800557426 0.10161019694365439 0.57336371676488362 -0.17963560800019063 -0.22797545518726114 -0.0052187374520760322 0.10618644807149064 -0.0064072156244812635 0.094920336211530065 -0.21122492198590881 -0.021011520079829225 0.62162036545136401 -0.64943072221108844 0.42625698617253555 -0.41812574445055084 -0.10381896725545328 0.27319757760990238 0.23466570444304394 0.011109115527290797 -0.055636612671826569 0.24679352157138057 -0.35413023461229526 -0.13214492144063114 0.48840449269172614 -0.24378924339769351 -0.050239678745783882 0.17570091972456259 -0.55837641741548272 0.060167376898430491 -0.55199235349893572 0.11676254091968684 -0.18597735178064217 -0.4044710660965315 -0.012966099573719886 -0.50819459911435849 -0.0051069327151787511 -0.00082258903750523501 -0.11254764305571643 -0.4377767538858785 0.25877216060956321 -0.38469028472900391 0.30912622309600318 -0.33442879898207534 -0.069219376998288298 0.49590769480405889 -0.032021706207440451 0.047586702200838486 0.1712714444532652 0.0078654037895596191 -0.24513867675430245 -0.048428891834459808 0.17707541465701523 0.3336412676743099 0.46313644888855166 -0.038788073239386212 0.29664279420090761 -0.065350342925637961 -0.31477495364844804 -0.17908401617505512 -0.14509839319413709 0.22418891537574029
leaf_weight=4918 20 49 61 22 38 20 65 22 1569 78 27 246 34 21 39 26 24 42 74 6137 56 30 26 20 23 31 561 34 21 37 20 96 55 35 31 20 184 14720 207 27 24 26 24 35 21 22 39 681 55 287 36 38 129 21 21 363 23 50 40 61 93 31
leaf_count=4918 20 49 61 22 38 20 65 22 1569 78 27 246 34 21 39 26 24 42 74 6137 56 30 26 20 23 31 561 34 21 37 20 96 55 35 31 20 184 14720 207 27 24 26 24 35 21 22 39 681 55 287 36 38 129 21 21 363 23 50 40 61 93 31
internal_value=-0.000768835 0.0387972 0.232045 0.0221273 0.00374296 0.125313 -0.140888 0.339775 -0.00207634 0.0290232 0.0301371 0.0402094 0.0593952 0.256607 0.0497663 -0.106115 0.020613 -0.0132121 0.151771 0.000293783 -0.0040675 0.0128931 -0.150281 -0.0255473 0.08103 -0.0073626 -0.0306356 -0.0768135 -0.0885906 -0.263328 -0.154626 -0.0124645 -0.0191958 -0.0924267 0.151676 -0.292932 -0.0467298 -0.00348953 -0.017347 -0.0823229 -0.0582091 -0.0785502 -0.0556777 -0.0896351 -0.055364 0.219915 0.0979394 0.00131797 0.0903604 0.0119156 0.0585849 0.0806293 0.163448 0.0300774 0.217124 0.00818039 0.0121752 -0.0676543 -0.176206 -0.0524201 -0.0423498 -0.018097
internal_weight=31886 1020 81 939 797 142 123 44 30866 98 674 647 572 94 60 75 478 380 98 28035 20826 7209 82 2831 129 106 2702 763 729 78 57 1939 1843 274 73 58 239 20744 5343 425 398 374 348 285 250 43 63 15401 75 7179 532 496 188 308 150 6647 6160 651 90 307 487 394
internal_count=31886 1020 81 939 797 142 123 44 30866 98 674 647 572 94 60 75 478 380 98 28035 20826 7209 82 2831 129 106 2702 763 729 78 57 1939 1843 274 73 58 239 20744 5343 425 398 374 348 285 250 43 63 15401 75 7179 532 496 188 308 150 6647 6160 651 90 307 487 394
is_linear=0
shrinkage=0.05


Tree=162
num_leaves=63
num_cat=0
split_feature=34 33 35 13 8 35 34 40 4 33 33 33 36 33 9 11 2 34 33 36 35 33 7 32 33 32 35 35 9 35 7 33 33 34 32 32 10 38 36 33 36 35 33 8 32 35 40 32 33 33 40 32 9 7 36 34 36 36 35 35 40 34
split_gain=595.488 1186.2 1136.34 1100.08 912.675 971.049 954.195 811.645 724.191 894.3 641.517 2724.12 3696.38 1676.96 959.911 959.102 983.899 882.683 859.447 837.568 1245.15 952.141 764.223 729.601 669.619 1061.09 1058.8 1274.92 1047.83 699.131 634.175 615.226 1265.03 1449.13 1254.89 730.255 646.031 1188.96 919.272 695.107 881.61 636.755 872.437 890.117 674.976 662.213 647.62 1343.83 1308.22 1775.21 976.944 1789.13 794.774 1465.01 921.181 738.388 662.318 871.669 642.233 639.1 1289.32 768.597
threshold=382.75000000000006 14.750000000000002 777.00000000000011 1.0000000180025095e-35 1.0000000180025095e-35 902.1500000000002 423.15000000000003 3.5000000000000004 1.0000000180025095e-35 330.95000000000005 51.750000000000007 71.65000000000002 263.94166666666672 53.650000000000013 1.0000000180025095e-35 1.0000000180025095e-35 1.0000000180025095e-35 53.050000000000004 107.75000000000001 123.86250000000003 747.75000000000011 65.950000000000017 1.0000000180025095e-35 398.85000000000008 0.95000000000000007 426.95000000000005 567.95000000000016 639.85000000000014 1.0000000180025095e-35 406.55000000000007 1.0000000180025095e-35 463.55000000000007 451.15000000000003 87.350000000000009 398.85000000000008 420.85000000000008 1.0000000180025095e-35 1.0000000180025095e-35 219.77083333333334 293.25000000000006 229.91666666666669 1096.7500000000002 155.05000000000004 1.0000000180025095e-35 492.65000000000003 1203.6500000000003 4.5000000000000009 489.55000000000007 427.15000000000003 420.75000000000006 1.5000000000000002 436.65000000000003 1.0000000180025095e-35 1.0000000180025095e-35 202.21666666666673 316.45000000000005 268.21666666666675 224.28750000000005 1055.7500000000002 949.45000000000016 2.5000000000000004 3.2500000000000004
decision_type=2 2 2 2 2 2 2 2 2 2 2 2 2 2 2 2 2 2 2 2 2 2 2 2 2 2 2 2 2 2 2 2 2 2 2 2 2 2 2 2 2 2 2 2 2 2 2 2 2 2 2 2 2 2 2 2 2 2 2 2 2 2
left_child=10 7 3 -3 5 6 -4 -2 9 -6 24 12 13 -12 19 31 18 -18 -17 -15 22 -22 23 -21 -1 28 -27 -28 -26 -30 -29 32 36 -34 -33 -36 41 38 -38 -40 -41 46 -43 44 -44 -45 47 50 49 58 52 59 55 54 -54 -13 57 -53 -48 -52 -61 -62
right_child=1 2 4 -5 8 -7 -8 -9 -10 -11 11 15 -14 14 -16 16 17 -19 -20 20 21 -23 -24 -25 25 26 27 30 29 -31 -32 34 33 -35 35 -37 37 -39 39 40 -42 42 43 45 -46 -47 48 -49 -50 -51 51 56 53 -55 -56 -57 -58 -59 -60 60 61 -63
leaf_value=0.00026558172843719493 0.43238328082872368 -0.44554940223693845 0.0055805080466800267 0.033597856921994171 -0.13009699545340775 0.038164227341298984 0.38837820119792371 0.1022457532907048 -0.33774077464704932 0.15203071551094222 -0.4372829488732598 0.0011073056003415812 -0.66725749371032572 0.032237954228945785 0.16618986347690226 -0.11772288136043639 0.27517302332321808 0.021303277391762961 0.032351058145420747 -0.11202419679108505 0.13124930415162817 -0.2699454465437503 -0.51757645376703953 -0.41992461086394128 0.00053747209061079328 0.4224466371895938 -0.27942222721409055 0.099756294373600257 -0.068236269429326063 0.21443077844753861 0.37543781065940857 0.0013150351407006384 -0.061999868328766486 -0.37516429961531189 0.45021020218052654 0.12357106480094326 -0.023604595418471624 0.058663762828486191 -0.20808371298842962 -0.38806854359805587 -0.038338160672439982 -0.28668619084515073 -0.079971760783854942 -0.028738507011815184 0.21631835196167232 0.20846433776563833 -0.029510958980328003 -0.3704375126145103 0.14417561445628171 -0.48636475528279943 0.063525999089272922 -0.067499924055300656 -0.29147176520085671 0.27766942886466328 -0.048764775804747112 0.22877853727723296 0.052882973991689231 -0.48935975801944737 0.12239497982793385 0.52481512506694894 0.25131866120277568 -0.033135026833042501
leaf_weight=21221 29 25 27 23 81 676 41 52 23 43 33 950 31 88 40 106 75 63 954 74 50 21 22 26 986 29 20 126 28 100 25 500 134 51 22 77 340 185 180 20 182 38 494 62 20 56 2070 22 115 21 732 24 71 22 87 37 21 25 72 23 47 48
leaf_count=21221 29 25 27 23 81 676 41 52 23 43 33 950 31 88 40 106 75 63 954 74 50 21 22 26 986 29 20 126 28 100 25 500 134 51 22 77 340 185 180 20 182 38 494 62 20 56 2070 22 115 21 732 24 71 22 87 37 21 25 72 23 47 48
internal_value=-0.000730394 0.0368574 0.0210209 -0.215958 0.0337875 0.0562812 0.236385 0.220443 -0.0800583 -0.0322624 -0.00197252 -0.0138279 -0.143719 -0.097872 -0.0629793 -0.00753439 0.0336931 0.159276 0.0173437 -0.0956013 -0.153891 0.0125861 -0.250775 -0.192078 0.0024103 0.0370473 0.143089 0.0957122 0.0180093 0.152597 0.145399 -0.0148537 -0.0195657 -0.148332 0.0335177 0.196158 -0.0155715 -0.0544286 -0.0834066 -0.136633 -0.0729649 -0.00860226 -0.0540023 -0.0400118 -0.068443 0.0838323 -0.00166858 0.0182971 -0.0201531 -0.0288899 0.022395 0.0609237 -0.00797906 -0.104602 -0.157829 0.00964209 -0.182049 -0.282735 -0.0244049 0.0809333 0.188917 0.107595
internal_weight=31886 1020 939 48 891 744 68 81 147 124 30866 8331 385 354 321 7946 1198 138 1060 281 193 71 122 100 22535 1314 200 171 1114 128 151 6748 6149 185 599 99 5964 907 722 382 202 5057 670 632 514 118 4387 2109 2278 2163 2087 920 1167 180 158 987 70 49 2142 850 118 95
internal_count=31886 1020 939 48 891 744 68 81 147 124 30866 8331 385 354 321 7946 1198 138 1060 281 193 71 122 100 22535 1314 200 171 1114 128 151 6748 6149 185 599 99 5964 907 722 382 202 5057 670 632 514 118 4387 2109 2278 2163 2087 920 1167 180 158 987 70 49 2142 850 118 95
is_linear=0
shrinkage=0.05


Tree=163
num_leaves=63
num_cat=0
split_feature=21 2 23 32 34 29 25 32 33 33 31 33 23 33 34 32 32 34 12 32 32 33 5 32 23 34 34 33 32 31 32 39 32 23 32 32 32 32 31 39 32 32 40 33 33 34 34 31 37 8 39 33 33 34 31 33 39 33 31 32 32 31
split_gain=545.421 520.529 1810.75 1090.27 924.728 747.609 592.493 772.673 584.181 545.646 534.737 525.763 1022.52 784.128 698.261 766.759 647.68 523.81 492.632 724.772 2430.28 967.774 677.152 692.75 2174.44 724.28 1092.59 595.152 731.656 572.984 1357.62 2127 699.364 3949.76 661.092 742.221 757.855 632.868 1468.06 3194.15 1021.77 678.639 821.462 620.6 563.914 487.307 479.473 465.466 458.729 445.302 1097.39 2624.78 988.797 698.025 482.23 483.434 952.897 658.3 1378.45 432.395 1464.72 1677.59
threshold=1.0000000180025095e-35 1.0000000180025095e-35 1.0000000180025095e-35 229.65000000000001 413.35000000000008 1.0000000180025095e-35 1.0000000180025095e-35 211.05000000000004 412.15000000000003 494.35000000000008 406.85000000000008 4.4500000000000011 1.0000000180025095e-35 1.0000000180025095e-35 350.25000000000006 458.65000000000003 414.85000000000008 150.50000000000003 1.0000000180025095e-35 496.55000000000007 498.25000000000006 53.650000000000013 1.0000000180025095e-35 404.55000000000007 1.0000000180025095e-35 182.75000000000003 58.850000000000001 300.85000000000008 408.75000000000006 87.350000000000009 478.05000000000007 1.0000000180025095e-35 485.65000000000003 1.0000000180025095e-35 450.65000000000003 440.45000000000005 430.85000000000008 406.45000000000005 56.250000000000007 1.0000000180025095e-35 396.45000000000005 378.65000000000003 4.5000000000000009 90.950000000000017 359.75000000000006 28.350000000000005 6.4500000000000011 448.25000000000006 3.5000000000000004 1.0000000180025095e-35 1.0000000180025095e-35 90.950000000000017 168.35000000000005 130.55000000000004 314.25000000000006 477.95000000000005 1.0000000180025095e-35 453.55000000000007 125.85000000000001 29.850000000000005 150.05000000000004 456.45000000000005
decision_type=2 2 2 2 2 2 2 2 2 2 2 2 2 2 2 2 2 2 2 2 2 2 2 2 2 2 2 2 2 2 2 2 2 2 2 2 2 2 2 2 2 2 2 2 2 2 2 2 2 2 2 2 2 2 2 2 2 2 2 2 2 2
left_child=18 6 4 -4 5 8 9 10 48 49 -8 13 14 -9 15 16 -13 -10 19 29 21 -21 23 25 -25 26 44 28 45 30 34 -32 59 -34 35 36 37 40 -39 -40 41 -1 -43 -36 47 -24 -29 -20 -3 54 -51 -52 -53 -54 55 57 -57 -2 -59 -31 61 -61
right_child=1 2 3 -5 -6 -7 7 11 17 -11 -12 12 -14 -15 -16 -17 -18 -19 22 20 -22 -23 27 24 -26 -27 -28 46 -30 32 31 -33 33 -35 43 -37 -38 38 39 -41 -42 42 -44 -45 -46 -47 -48 -49 -50 50 51 52 53 -55 -56 56 -58 58 -60 60 -62 -63
leaf_value=-0.022281047948221624 0.0038822272236719991 0.073930459123310505 0.64123539924621586 0.11915485695004464 0.2606498946821908 -0.19950907629375395 0.051467562796220251 -0.078822194354634889 0.067459119425879593 0.23122773997352591 -0.12727834004543576 -0.073278792325110212 -0.45146542735721762 0.25176837017061188 -0.31388049540109936 -0.33470173302021894 0.18080518308561297 0.36077891390608707 0.0020246152262830704 -0.14532336138188839 0.17047132903244347 -0.61626024916768074 -0.033916884635549947 0.050309013629946525 0.55050059509277349 0.11504883671306161 -0.18686556516481298 -0.030309221162460744 -0.29522357253357767 0.0032831172560088273 0.064019427807735549 -0.5244604476453627 0.015840537329759315 0.73790163341022685 0.0078189524744326881 -0.32239486560935071 0.22591598262389501 0.057372229751199488 0.084679945664746431 -0.76822474313818889 0.26292978664559702 -0.0052480185986496508 -0.41893611587584023 0.29482301391901505 0.13049431969270561 0.20498057263127217 -0.34431758675604102 0.1347118069890185 -0.033710680403820581 0.002432918694725309 0.3111259812319821 -0.60888374760746966 -0.37017318876742417 -0.044963532324993255 0.034475493316877832 0.0096179976173472112 -0.39828781173987826 0.33223121223728297 -0.056993832240502043 -0.034248297633084394 -0.0010535194905423771 -0.18544541935929482
leaf_weight=2486 4367 163 20 20 41 38 233 71 45 28 51 116 23 24 32 22 32 23 1570 20 32 24 74 166 25 169 70 20 20 9336 28 34 193 21 48 21 30 40 21 23 31 24 24 31 99 30 31 69 252 421 22 20 33 33 1947 41 22 46 45 1822 6819 204
leaf_count=2486 4367 163 20 20 41 38 233 71 45 28 51 116 23 24 32 22 32 23 1570 20 32 24 74 166 25 169 70 20 20 9336 28 34 193 21 48 21 30 40 21 23 31 24 24 31 99 30 31 69 252 421 22 20 33 33 1947 41 22 46 45 1822 6819 204
internal_value=-0.000693874 0.010392 0.0551532 0.380195 0.0320186 0.0140265 0.00685995 -0.0406607 0.0308264 0.0109457 0.0193688 -0.093937 -0.135582 0.00469542 -0.0996148 -0.0592824 -0.0183417 0.16667 -0.00455133 -0.00694378 -0.161074 -0.402198 0.0172105 0.0248474 0.115779 0.0160624 0.00680979 -0.0773996 -0.0182654 -0.00639218 -0.0272909 -0.258695 -0.00316449 0.086697 -0.0221282 -0.0262997 -0.0239786 -0.0268087 -0.161857 -0.361157 -0.0223861 -0.0258765 -0.212092 0.120441 0.0146103 0.0349958 -0.221177 0.00761059 0.00856765 0.0100642 -0.0340419 -0.176226 -0.300898 -0.207568 0.0136715 0.00471214 -0.132825 0.00665581 0.139757 -0.00422221 -0.0121442 -0.0494725
internal_weight=31886 8231 602 40 562 521 7629 604 483 7025 284 320 225 95 202 170 148 68 23655 21312 76 44 2343 2168 191 1977 1808 175 124 21236 2841 62 18395 214 2779 2700 2679 2649 84 44 2565 2534 48 79 1738 104 51 1639 415 6997 529 108 86 66 6468 4521 63 4458 91 18181 8845 2026
internal_count=31886 8231 602 40 562 521 7629 604 483 7025 284 320 225 95 202 170 148 68 23655 21312 76 44 2343 2168 191 1977 1808 175 124 21236 2841 62 18395 214 2779 2700 2679 2649 84 44 2565 2534 48 79 1738 104 51 1639 415 6997 529 108 86 66 6468 4521 63 4458 91 18181 8845 2026
is_linear=0
shrinkage=0.05


Tree=164
num_leaves=63
num_cat=0
split_feature=29 34 34 36 34 34 35 33 33 33 35 34 34 9 34 23 13 31 32 35 35 34 21 23 32 36 32 36 32 36 32 33 10 35 31 31 23 33 2 25 18 31 31 35 9 11 35 33 33 32 32 31 35 31 13 31 36 36 35 32 31 9
split_gain=535.396 1674.14 848.398 2025.46 1333.04 805.618 1095.19 870.843 763.298 947.673 736.754 679.995 1092.35 2328.88 1051.54 1193.19 1095.25 834.22 939.165 701.421 675.395 670.573 842.354 604.671 4934.96 2248.84 2344.67 1716.95 1056.5 1698.04 1045.98 704.558 585.203 1086.85 1253.27 1472.53 1198.97 1906.66 768.62 628.788 587.682 1344.23 708.375 775.418 747.699 748.005 1326.61 657.448 654.441 629.502 657.381 612.244 584.133 1003.93 915.066 963.805 1087.18 1821.52 2523.35 933.739 902.185 880.773
threshold=1.0000000180025095e-35 480.2000000000001 370.45000000000005 352.12500000000006 324.25000000000006 299.40000000000003 629.1500000000002 492.55000000000007 89.350000000000009 213.65000000000001 1069.4000000000003 29.350000000000005 67.40000000000002 1.0000000180025095e-35 1.0000000180025095e-35 1.0000000180025095e-35 1.0000000180025095e-35 476.65000000000003 489.55000000000007 1455.95 747.75000000000011 285.75000000000006 1.0000000180025095e-35 1.0000000180025095e-35 440.45000000000005 237.71000000000006 83.450000000000017 262.54166666666674 227.45000000000002 190.97750000000005 143.55000000000004 382.80000000000001 1.0000000180025095e-35 618.05000000000007 75.15000000000002 113.05000000000001 1.0000000180025095e-35 267.55000000000007 1.0000000180025095e-35 1.0000000180025095e-35 1.0000000180025095e-35 493.85000000000008 492.05000000000007 902.1500000000002 1.0000000180025095e-35 1.0000000180025095e-35 629.1500000000002 488.85000000000008 492.55000000000007 474.15000000000003 485.65000000000003 263.65000000000003 100.35000000000002 52.150000000000013 1.0000000180025095e-35 108.85000000000001 212.78750000000005 294.5125000000001 860.05000000000007 438.55000000000007 60.550000000000004 1.0000000180025095e-35
decision_type=2 2 2 2 2 2 2 2 2 2 2 2 2 2 2 2 2 2 2 2 2 2 2 2 2 2 2 2 2 2 2 2 2 2 2 2 2 2 2 2 2 2 2 2 2 2 2 2 2 2 2 2 2 2 2 2 2 2 2 2 2 2
left_child=5 2 4 8 -2 11 -7 -8 -4 -10 -11 14 13 -13 32 -16 20 18 19 21 -17 23 -23 -14 25 26 -25 -27 30 -30 -28 -29 40 38 -35 -36 39 -38 -34 -37 42 49 47 44 45 46 -44 52 -49 -42 -51 -50 61 -54 55 56 59 58 60 -55 -58 -1
right_child=1 -3 3 -5 -6 6 7 -9 9 10 -12 12 17 -15 15 16 -18 -19 -20 -21 -22 22 -24 24 -26 27 28 31 29 -31 -32 -33 33 34 35 36 37 -39 -40 -41 41 -43 43 -45 -46 -47 -48 48 51 50 -52 -53 53 54 -56 -57 57 -59 -60 -61 -62 -63
leaf_value=-0.012801401248046507 -0.018749258817756857 -0.41280816053902658 -0.053072521867496628 -0.38306333355605604 -0.25323544752693949 0.28927327880547166 0.025030441462454263 0.32880522928511108 0.42666110557814441 0.36643013801764357 0.028169645729164285 -0.065783032369845118 -0.01755490524165659 -0.60375546395778656 0.041702658524628469 0.19611441373825075 0.0098692430390252012 -0.1936423278159716 -0.26852195418306762 0.25088420315430715 0.58593996530771253 -0.28502946936835849 0.040255537344252364 -0.32908162110868622 -0.6468907218362967 0.77538734674453735 0.066837963461875913 -0.0022617506980895995 -0.26450234577059745 0.24295710903756762 0.47190064910580132 0.40777868621728636 0.0080766978282610785 -0.35337244095587123 0.36430831417441367 -0.034232049559805043 -0.62902993758519488 -0.026553345394545586 -0.1976109026752888 -0.19313094823488169 -0.013301958309525866 -0.40309249831606514 0.045892088742111814 0.26654703319848827 0.33099443217118585 0.28801101096298382 -0.30228715226279967 0.36114327390585094 -0.10526005458086729 -0.30303297964617232 -0.0045441237411328727 0.25694857457652692 0.046290427621345755 -0.02688313704329541 0.061713775667951415 0.0042747894986313517 -0.38769683453387449 0.27605687646816174 -0.67826530855634948 0.28335668225586413 -0.081268701982304195 -0.20024608157109469
leaf_weight=3015 2705 27 35 20 62 42 1390 24 36 22 60 103 1238 25 430 20 27 66 35 26 25 48 34 34 22 20 30 20 32 34 34 22 1350 38 20 563 24 29 47 70 1964 23 160 48 21 23 33 25 28 39 35 20 1482 812 643 14293 28 24 23 25 169 64
leaf_count=3015 2705 27 35 20 62 42 1390 24 36 22 60 103 1238 25 430 20 27 66 35 26 25 48 34 34 22 20 30 20 32 34 34 22 1350 38 20 563 24 29 47 70 1964 23 160 48 21 23 33 25 28 39 35 20 1482 812 643 14293 28 24 23 25 169 64
internal_value=-0.00065918 -0.0208866 -0.0172873 0.0901308 -0.0240034 0.00141609 0.0376601 0.0301864 0.151986 0.212809 0.118922 -0.000505451 -0.0300117 -0.170856 0.00159244 0.0732458 0.261629 -0.0193757 -0.0123152 -0.00668959 0.412684 -0.0109606 -0.150155 -0.00327959 0.0679819 0.137571 0.0405942 0.394091 0.137279 -0.00308384 0.282028 0.212521 0.00016154 -0.0248411 -0.0736567 -0.0586011 -0.0709309 -0.299373 0.00115664 -0.0518038 0.00248926 -0.0229857 0.00499709 0.0832865 0.0461704 0.0184792 -0.0136411 0.00391663 0.153702 -0.018696 -0.161856 0.0456602 0.00338527 0.00691891 0.003276 0.000831906 -0.04469 -0.13756 -0.182682 -0.0176167 -0.124822 -0.0166976
internal_weight=31886 2967 2940 173 2767 28919 1456 1414 153 118 82 27463 1823 128 25640 502 72 1695 1629 1594 45 1568 82 1486 248 226 164 62 130 66 64 42 25138 2141 744 706 686 53 1397 633 22997 2061 20936 285 237 216 193 20651 73 2038 74 48 20578 17499 16017 15374 1081 244 220 837 197 3079
internal_count=31886 2967 2940 173 2767 28919 1456 1414 153 118 82 27463 1823 128 25640 502 72 1695 1629 1594 45 1568 82 1486 248 226 164 62 130 66 64 42 25138 2141 744 706 686 53 1397 633 22997 2061 20936 285 237 216 193 20651 73 2038 74 48 20578 17499 16017 15374 1081 244 220 837 197 3079
is_linear=0
shrinkage=0.05


Tree=165
num_leaves=63
num_cat=0
split_feature=18 32 39 36 34 31 8 39 31 32 34 34 32 34 5 33 31 25 10 40 33 34 32 32 31 31 32 31 33 34 33 32 2 32 24 39 23 34 32 34 36 34 36 36 33 33 11 33 31 36 31 32 40 40 34 40 34 23 23 31 31 9
split_gain=595.185 1527.55 1332.49 1445.72 1141.25 959.622 966.102 1834.45 2098.21 644.824 1336.52 1615.33 1231.34 1009.18 1115.17 1125.73 1002.1 929.807 1036.77 948.508 1309.76 1098.83 878.543 1537.81 1147.95 1438.7 957.096 1249.69 894.465 875.362 870.424 862.069 800.074 1647.48 796.512 2162.33 1873.66 4154.07 2648.16 1737.32 1611.89 1518.6 1088.7 1068.8 810.613 787.469 760.499 884.313 736.316 1216.88 731.804 693.872 691.391 1216.45 981.346 918.783 873.121 1576.47 1133.85 1194.08 3444.55 789.142
threshold=1.0000000180025095e-35 474.15000000000003 1.0000000180025095e-35 334.03333333333336 470.75000000000006 495.85000000000008 1.0000000180025095e-35 1.0000000180025095e-35 318.15000000000003 247.15000000000001 481.95000000000005 472.75000000000006 143.55000000000004 494.25000000000006 1.0000000180025095e-35 480.05000000000007 493.85000000000008 1.0000000180025095e-35 1.0000000180025095e-35 5.5000000000000009 355.45000000000005 265.15000000000003 60.750000000000007 91.950000000000017 444.75000000000006 468.85000000000008 1.0000000180025095e-35 493.85000000000008 494.35000000000008 457.65000000000003 457.35000000000008 342.75000000000006 1.0000000180025095e-35 426.95000000000005 1.0000000180025095e-35 1.0000000180025095e-35 1.0000000180025095e-35 6.4500000000000011 51.750000000000007 150.50000000000003 212.78750000000005 295.2000000000001 102.42500000000003 146.3416666666667 79.350000000000009 311.35000000000008 1.0000000180025095e-35 303.30000000000001 100.45000000000002 252.83333333333337 343.95000000000005 77.250000000000014 4.5000000000000009 1.0000000180025095e-35 370.45000000000005 3.5000000000000004 54.750000000000007 1.0000000180025095e-35 1.0000000180025095e-35 68.950000000000017 168.75000000000003 1.0000000180025095e-35
decision_type=2 2 2 2 2 2 2 2 2 2 2 2 2 2 2 2 2 2 2 2 2 2 2 2 2 2 2 2 2 2 2 2 2 2 2 2 2 2 2 2 2 2 2 2 2 2 2 2 2 2 2 2 2 2 2 2 2 2 2 2 2 2
left_child=9 4 -3 -4 5 6 -2 -8 -9 10 11 22 -12 14 16 -16 17 18 19 52 -21 -22 26 24 30 51 -1 34 29 -25 45 -18 48 50 36 -36 -28 38 40 -37 42 43 -38 -39 -44 -24 -19 -48 49 -20 -34 -26 53 -11 61 -56 58 -58 -54 -60 -61 -55
right_child=1 2 3 -5 -6 -7 7 8 -10 13 12 -13 -14 -15 15 -17 31 46 32 20 21 -23 23 28 25 -27 27 -29 -30 -31 -32 -33 33 -35 35 39 37 41 -40 -41 -42 -43 44 -45 -46 -47 47 -49 -50 -51 -52 -53 56 54 55 -57 57 -59 59 60 -62 -63
leaf_value=-0.0023419473453041161 -0.0062040387000366348 -0.03350161312955121 -0.15129419607775552 -0.61512306726404598 0.2515416042972356 -0.29868493100007376 -0.023955528475494398 -0.14504052434293999 -0.76726966053247458 -0.0033641429388644676 -0.44356264601828477 0.3369795507671578 -0.017843480280467443 0.36815559938549997 -0.027275318105563259 -0.38086651440547858 0.46366227113387803 -0.042689614589763315 -0.076539522945325109 0.048162865714655945 0.13765610892857824 0.4750098051769393 -0.065857220799917765 -0.0078238284273326516 -0.24836243230987481 -0.059630959588339777 0.029194847802547774 -0.26574723686490742 0.290635128736496 -0.33132500889755434 -0.29759449935000809 0.093328100190582602 -0.12524173344884601 0.38205286607678451 0.029742890893070292 -0.59629952359045368 0.050924313068389897 -0.60516097217798237 0.80375266174475346 0.0094509699195623395 -0.063851940631866458 0.17048180103302002 0.27332174683872024 -0.088246800899505623 0.60683449132101874 0.071639901764444583 0.22122450026027007 -0.088603304447354495 -0.019911701610605969 -0.44148374082786701 0.22710096642374991 -0.61785621886762487 -0.013636962474462659 0.042282855949187216 0.48143252299891581 0.034308032467961318 -0.045175159475710019 -0.42355592774622369 -0.20463339086622001 0.69078204280563771 0.040883696118990585 0.15317581205014538
leaf_weight=12073 2675 75 42 28 40 30 155 42 20 1156 33 35 35 20 1056 23 22 868 124 1380 175 28 747 4937 27 59 2151 35 25 21 36 55 56 35 163 29 25 20 24 20 34 22 38 20 35 121 61 37 570 28 20 24 840 1094 27 20 166 33 20 28 75 188
leaf_count=12073 2675 75 42 28 40 30 155 42 20 1156 33 35 35 20 1056 23 22 868 124 1380 175 28 747 4937 27 59 2151 35 25 21 36 55 56 35 163 29 25 20 24 20 34 22 38 20 35 121 61 37 570 28 20 24 840 1094 27 20 166 33 20 28 75 188
internal_value=-0.000681091 -0.021479 -0.179934 -0.336826 -0.0137221 -0.0173534 -0.014435 -0.1159 -0.34576 0.00154762 -0.00313684 -0.00241058 -0.224442 0.0134166 0.0125498 -0.0348125 0.0197415 0.0177763 0.025035 0.0332867 0.0656063 0.184188 -0.00298482 -0.0191114 -0.0752395 -0.227751 0.0035991 0.0310174 -0.00768978 -0.00919404 -0.0566818 0.199138 -0.0267728 0.0982012 0.0350417 -0.0578093 0.0433509 0.183028 0.320626 -0.349054 0.232785 -0.163186 0.335699 -0.346704 0.433225 -0.04669 -0.0277828 0.104249 -0.0459863 -0.143766 -0.03252 -0.422242 0.0192581 0.034145 0.0667715 0.291167 -0.0125783 -0.107922 0.00712405 0.148907 0.217555 0.0585448
internal_weight=32101 3107 145 70 2962 2922 2892 217 62 28994 20789 20721 68 8205 8185 1079 7106 7029 6063 5230 1583 203 20686 5997 1014 110 14689 2616 4983 4958 904 77 833 111 2581 212 2369 218 156 49 132 62 98 40 73 868 966 98 722 152 76 51 3647 2485 1329 47 1162 199 963 123 103 1282
internal_count=32101 3107 145 70 2962 2922 2892 217 62 28994 20789 20721 68 8205 8185 1079 7106 7029 6063 5230 1583 203 20686 5997 1014 110 14689 2616 4983 4958 904 77 833 111 2581 212 2369 218 156 49 132 62 98 40 73 868 966 98 722 152 76 51 3647 2485 1329 47 1162 199 963 123 103 1282
is_linear=0
shrinkage=0.05


Tree=166
num_leaves=63
num_cat=0
split_feature=15 40 23 18 32 39 34 31 8 39 31 32 33 33 33 39 29 34 28 35 32 31 32 32 31 35 31 23 32 32 23 35 35 32 32 40 40 31 40 35 32 40 35 35 32 23 31 9 32 32 33 33 23 40 33 33 33 35 10 10 39 31
split_gain=714.146 889.291 936.314 529.919 1398.09 1295.22 1037.24 912.909 882.868 1632.95 1893.63 702.469 926.883 669.584 640.013 610.722 546.944 1466.37 689.827 2240.76 923.098 1545.71 1558.86 1410.49 848.01 748.81 671.989 3830.23 1950.26 629.69 607.132 1636.87 4533.65 1023.28 664.115 565.909 1460.32 665.9 558.334 910.559 858.602 637.379 517.515 501.306 504.705 1954.23 568.912 487.772 781.013 842.233 542.91 594.205 928.783 2531.9 774.838 729.81 601.742 612.785 505.182 470.587 767.28 1101.3
threshold=1.0000000180025095e-35 5.5000000000000009 1.0000000180025095e-35 1.0000000180025095e-35 474.15000000000003 1.0000000180025095e-35 470.75000000000006 495.85000000000008 1.0000000180025095e-35 1.0000000180025095e-35 318.15000000000003 489.55000000000007 257.05000000000007 482.15000000000003 471.15000000000003 1.0000000180025095e-35 1.0000000180025095e-35 480.2000000000001 1.0000000180025095e-35 572.75000000000011 244.65000000000001 488.35000000000008 60.750000000000007 91.950000000000017 300.15000000000003 108.45000000000002 220.05000000000004 1.0000000180025095e-35 310.15000000000003 234.05000000000004 1.0000000180025095e-35 818.95000000000016 998.25000000000011 161.90000000000003 324.25000000000006 1.5000000000000002 2.5000000000000004 339.55000000000007 5.5000000000000009 506.35000000000008 280.45000000000005 3.5000000000000004 311.15000000000003 1351.1500000000003 410.95000000000005 1.0000000180025095e-35 127.75000000000001 1.0000000180025095e-35 434.75000000000006 314.05000000000007 474.55000000000007 440.95000000000005 1.0000000180025095e-35 2.5000000000000004 307.15000000000003 409.65000000000003 51.750000000000007 832.35000000000025 1.0000000180025095e-35 1.0000000180025095e-35 1.0000000180025095e-35 64.65000000000002
decision_type=2 2 2 2 2 2 2 2 2 2 2 2 2 2 2 2 2 2 2 2 2 2 2 2 2 2 2 2 2 2 2 2 2 2 2 2 2 2 2 2 2 2 2 2 2 2 2 2 2 2 2 2 2 2 2 2 2 2 2 2 2 2
left_child=3 2 -2 16 6 -6 7 8 13 -10 -11 12 -7 14 43 -15 18 26 59 25 21 22 24 -24 -21 -20 27 42 -29 -25 -28 33 -33 -32 -34 -27 37 -37 39 41 -41 -38 -18 44 -5 46 -46 50 49 -49 51 52 55 -54 -55 56 57 -22 -58 -1 -61 -62
right_child=1 -3 -4 4 5 11 -8 -9 9 10 -12 -13 -14 15 -16 -17 17 -19 19 20 47 -23 23 29 -26 35 30 28 -30 -31 31 32 34 -35 -36 36 38 -39 -40 40 -42 -43 -44 -45 45 -47 -48 48 -50 -51 -52 -53 53 54 -56 -57 58 -59 -60 60 61 -63
leaf_value=0.0024680428755192918 0.053425268343282123 0.24614807895517776 -0.24512666932174138 -0.010410043892084818 -0.031826534646252791 -0.43739937629018516 0.23896451903507115 -0.29652676177692822 -0.024289147108428034 -0.13778849620416406 -0.72890618771314619 -0.53762793162694344 0.038209230303764344 -0.0039279696132455558 0.25415931347912796 -0.32607790822343485 0.031158880134333031 -0.42750009711493142 -0.1505310884937644 0.05873159818789539 0.069908924570951908 -0.41135211907327174 -0.277011337024825 0.050369235757109415 0.39463406724944 -0.071269821464817557 -0.030590208884382415 0.14761556512431095 0.6975578847740378 -0.20586944658380865 -0.14125038277019153 0.5940438395874067 -0.44526805912072842 -0.61822870270065644 -0.062029659748077393 0.12752211473204875 0.10920280597465873 0.49315102100372316 0.037209458661252109 -0.068475286385842743 -0.45676170525451498 -0.048211897362526568 -0.039297618109770435 -0.22368259447841693 0.15004601703891368 0.45029857117554234 -0.033181134430889152 0.079558675289154057 -0.0030122384942811112 0.44776913094811327 0.32638143859803681 -0.11044526575384915 0.7113260634920815 0.21984329456236307 -0.14274147852607397 0.30032192662809837 0.037559494091975232 0.25302508386981781 -0.14488088026642801 -0.00037052750053319784 -0.22691504639065402 -0.039904920041805493
leaf_weight=20863 423 56 28 2282 75 21 40 29 153 42 20 26 20 28 24 31 432 22 100 34 182 20 42 308 42 273 1389 38 28 26 22 22 26 23 20 33 81 20 412 35 24 312 657 26 57 29 165 25 29 41 24 37 22 41 23 33 242 61 45 1582 88 747
leaf_count=20863 423 56 28 2282 75 21 40 29 153 42 20 26 20 28 24 31 432 22 100 34 182 20 42 308 42 273 1389 38 28 26 22 22 26 23 20 33 81 20 412 35 24 312 657 26 57 29 165 25 29 41 24 37 22 41 23 33 242 61 45 1582 88 747
internal_value=-0.000647037 0.0582241 0.0348899 -0.00159176 -0.0213371 -0.174553 -0.0139015 -0.0174062 -0.014573 -0.112007 -0.328472 -0.334321 -0.205395 -0.00664408 -0.00283982 -0.173193 0.000531872 -0.0209731 0.00276083 0.0273596 0.0743116 0.0187947 0.0378278 -0.0039185 0.244362 -0.0191192 -0.0176071 0.0110676 0.380924 0.0304225 -0.0396572 -0.151109 0.00369708 -0.385039 -0.278643 -0.00807623 0.0107371 0.265495 -0.0048904 -0.0432646 -0.226422 -0.0157676 -0.0113479 -0.00525013 -0.00300802 0.0642884 0.0138637 0.106863 0.213265 0.308295 0.0926264 0.0844483 0.0955594 0.248601 0.0895394 0.0721818 0.0579768 0.115876 0.00895386 4.84151e-05 -0.0208373 -0.0596138
internal_weight=32101 507 451 31594 3068 142 2926 2886 2857 215 62 67 41 2642 2583 59 28526 2679 25847 2567 1277 472 452 376 76 1290 2657 1155 66 334 1502 113 68 45 46 1190 917 53 864 452 59 393 1089 2559 2533 251 222 805 95 66 710 686 649 86 64 563 530 243 287 23280 2417 835
internal_count=32101 507 451 31594 3068 142 2926 2886 2857 215 62 67 41 2642 2583 59 28526 2679 25847 2567 1277 472 452 376 76 1290 2657 1155 66 334 1502 113 68 45 46 1190 917 53 864 452 59 393 1089 2559 2533 251 222 805 95 66 710 686 649 86 64 563 530 243 287 23280 2417 835
is_linear=0
shrinkage=0.05


Tree=167
num_leaves=63
num_cat=0
split_feature=15 40 23 7 18 32 36 34 31 8 31 34 33 40 33 33 29 34 28 32 32 32 31 9 33 34 32 36 34 34 31 23 36 40 40 34 5 24 32 32 36 31 34 33 32 32 32 32 23 36 32 32 36 33 32 33 32 31 9 22 10 7
split_gain=644.517 802.585 845.024 502.466 478.252 1261.78 957.516 936.108 823.901 796.788 959.284 805.095 671.785 718.63 604.3 577.612 493.617 1323.4 622.569 1866.45 1149.43 1244.11 1041 753.954 679.276 999.722 665.436 648.284 615.396 1161.34 606.47 3456.79 2168.11 606.45 996.731 944.498 942.123 930.904 980.782 733.096 690.457 572.241 566.401 1162.31 563.934 758.544 712.121 775.159 547.937 3325.5 2224.5 1592.67 508.865 980.231 654.386 488.995 460.141 458.203 454.786 454.121 424.705 742.538
threshold=1.0000000180025095e-35 5.5000000000000009 1.0000000180025095e-35 1.0000000180025095e-35 1.0000000180025095e-35 474.15000000000003 373.58333333333343 470.75000000000006 495.85000000000008 1.0000000180025095e-35 339.55000000000007 185.55000000000004 353.65000000000003 5.5000000000000009 482.15000000000003 471.15000000000003 1.0000000180025095e-35 480.2000000000001 1.0000000180025095e-35 150.05000000000004 60.750000000000007 3.7500000000000004 454.25000000000006 1.0000000180025095e-35 291.45000000000005 209.85000000000005 69.250000000000014 146.3416666666667 440.00000000000006 397.75000000000006 220.05000000000004 1.0000000180025095e-35 217.45833333333334 5.5000000000000009 3.5000000000000004 260.25000000000006 1.0000000180025095e-35 1.0000000180025095e-35 424.95000000000005 418.85000000000008 261.05833333333339 115.25000000000001 268.95000000000005 416.75000000000006 482.05000000000007 446.55000000000007 366.15000000000003 174.05000000000004 1.0000000180025095e-35 212.78750000000005 261.45000000000005 401.15000000000003 203.41000000000003 96.15000000000002 14.15 492.55000000000007 314.05000000000007 304.35000000000008 1.0000000180025095e-35 1.0000000180025095e-35 1.0000000180025095e-35 1.0000000180025095e-35
decision_type=2 2 2 2 2 2 2 2 2 2 2 2 2 2 2 2 2 2 2 2 2 2 2 2 2 2 2 2 2 2 2 2 2 2 2 2 2 2 2 2 2 2 2 2 2 2 2 2 2 2 2 2 2 2 2 2 2 2 2 2 2 2
left_child=4 2 3 58 16 7 12 8 9 14 -11 -12 13 -7 15 -6 18 30 60 20 21 41 26 28 56 57 -22 -23 29 33 31 -18 -33 34 35 36 37 38 -21 -36 -40 -20 43 -28 45 46 47 -35 -32 -50 -51 -52 53 -29 -54 -16 -25 -26 -2 -3 61 -1
right_child=1 59 -4 -5 5 6 -8 -9 -10 10 11 -13 -14 -15 55 -17 17 -19 19 23 22 27 -24 24 25 -27 42 52 -30 -31 48 32 -34 44 39 -37 -38 -39 40 -41 -42 -43 -44 -45 -46 -47 -48 -49 49 50 51 -53 54 -55 -56 -57 -58 -59 -60 -61 -62 -63
leaf_value=-0.00084440088745351175 0.078593494458204169 0.35270968070535952 -0.2328703297036035 -0.15794418542473407 -0.0049876200589307456 -0.054505037510041467 -0.40654973813798279 0.22701629558578135 -0.28170041761136261 -0.039174781339943066 -0.1479836894820134 -0.53341746890480868 0.15857846368813799 -0.35506503385802113 -0.2715409557286062 0.24145134592739248 -0.010780535829164233 -0.40612508856098767 -0.12840861033528381 0.066040110260896054 -0.29103404579406245 -0.0056647729660783503 -0.38960825737033572 -0.0098957726465804252 0.31564589400183074 0.58768557839095592 -0.052542655440737253 0.05988789742643183 0.25570484703510171 -0.27828830635106122 -0.029060698532332754 0.075302847045840643 0.64845359140273295 0.31964887115690443 0.0035153853435958941 0.36060678035553018 -0.19990644773934038 -0.12828689916266336 0.50465401048245639 -0.17242092068650222 0.16913282605616942 0.00032678799172498836 -0.21849110293679122 0.32894499657506293 0.33392500829696659 -0.13642507639220533 0.23338129405270924 0.035343401298083575 -0.71128651982262026 0.27265125677371638 -0.44690691465511923 0.11347813748178029 0.32567554229781748 0.49628318163656426 -0.022110042289683694 0.029098953164759134 0.19991024617029696 -0.015026136189699175 -0.14597261014084023 0.063289496966678169 -0.019795403545391652 0.030245773544508931
leaf_weight=18723 372 33 28 27 2559 59 32 40 29 153 42 20 21 30 38 24 1089 22 101 230 31 56 28 56 22 20 216 22 36 27 1389 33 33 27 268 28 32 45 23 76 46 594 41 22 25 34 88 214 21 39 32 21 21 31 38 21 49 20 24 23 2417 2140
leaf_count=18723 372 33 28 27 2559 59 32 40 29 153 42 20 21 30 38 24 1089 22 101 230 31 56 28 56 22 20 216 22 36 27 1389 33 33 27 268 28 32 45 23 76 46 594 41 22 25 34 88 214 21 39 32 21 21 31 38 21 49 20 24 23 2417 2140
internal_value=-0.000614685 0.0553129 0.0331454 0.050754 -0.00151217 -0.0202703 -0.165825 -0.0132064 -0.0165359 -0.0138444 -0.106407 -0.272317 -0.0957964 -0.155817 -0.00631187 -0.00269783 0.000505279 -0.0199245 0.00262279 0.0259916 -0.0194777 0.0111343 -0.097638 0.0659687 0.165502 0.296732 -0.0712665 0.133239 0.0521054 0.0458031 -0.0167267 0.0105143 0.361878 0.053506 0.0271946 0.0804541 0.0595917 0.083731 0.11564 -0.0353543 0.280973 -0.0183815 -0.0468479 -0.0172791 0.10423 0.0884108 0.111646 0.0671951 -0.0376744 -0.143554 -0.0139628 -0.224868 0.20269 0.315138 0.101678 -0.164534 0.0880137 0.158183 0.0649834 0.233841 4.59943e-05 0.00234464
internal_weight=32101 507 451 423 31594 3068 142 2926 2886 2857 215 62 110 89 2642 2583 28526 2679 25847 2567 1201 863 338 1366 167 62 310 168 1199 1163 2657 1155 66 1136 748 404 376 344 299 344 69 695 279 238 388 363 329 241 1502 113 92 53 112 53 59 59 105 42 396 56 23280 20863
internal_count=32101 507 451 423 31594 3068 142 2926 2886 2857 215 62 110 89 2642 2583 28526 2679 25847 2567 1201 863 338 1366 167 62 310 168 1199 1163 2657 1155 66 1136 748 404 376 344 299 344 69 695 279 238 388 363 329 241 1502 113 92 53 112 53 59 59 105 42 396 56 23280 20863
is_linear=0
shrinkage=0.05


Tree=168
num_leaves=63
num_cat=0
split_feature=15 40 23 13 36 23 31 39 4 7 9 7 33 31 23 33 32 32 39 40 35 33 39 32 34 32 34 39 8 34 36 32 32 7 35 23 34 32 31 34 31 34 32 36 35 31 31 33 30 31 32 19 40 31 32 32 7 33 33 32 35 31
split_gain=581.677 724.333 762.634 559.882 912.873 1753.59 780.092 870.011 466.959 503.556 552.081 453.475 437.65 874.481 1567.21 1006.85 639.613 602.396 1437.39 1705.94 698.394 1546.19 781.056 575.566 620.438 561.19 510.812 492.666 418.307 1958.73 967.629 636.901 1101.83 598.554 1427.51 478.979 3003.07 1846.92 1729.74 1805.58 3151.94 1765.61 1345.9 2026.73 1333.1 1201.87 1555.56 1159.7 1394.4 1150.19 2125.72 1501.58 1205.43 1656.05 1087.14 3477.08 1809.32 1719.75 3039.15 2065.31 1864.97 2012.67
threshold=1.0000000180025095e-35 5.5000000000000009 1.0000000180025095e-35 1.0000000180025095e-35 249.34500000000003 1.0000000180025095e-35 458.45000000000005 1.0000000180025095e-35 1.0000000180025095e-35 1.0000000180025095e-35 1.0000000180025095e-35 1.0000000180025095e-35 482.15000000000003 271.65000000000003 1.0000000180025095e-35 495.95000000000005 392.85000000000008 496.55000000000007 1.0000000180025095e-35 4.5000000000000009 1531.0000000000002 357.45000000000005 1.0000000180025095e-35 454.55000000000007 237.15000000000001 433.05000000000007 4.6500000000000012 1.0000000180025095e-35 1.0000000180025095e-35 413.35000000000008 309.52500000000003 253.05000000000004 125.55000000000001 1.0000000180025095e-35 1055.7500000000002 1.0000000180025095e-35 419.85000000000008 253.05000000000004 482.95000000000005 361.05000000000007 195.85000000000005 318.50000000000006 1.8500000000000003 293.01666666666671 1044.7500000000002 476.65000000000003 472.65000000000003 474.55000000000007 1.0000000180025095e-35 442.85000000000008 280.45000000000005 1.0000000180025095e-35 5.5000000000000009 454.25000000000006 444.35000000000008 434.75000000000006 1.0000000180025095e-35 429.05000000000007 311.35000000000008 257.15000000000003 770.85000000000025 332.05000000000007
decision_type=2 2 2 2 2 2 2 2 2 2 2 2 2 2 2 2 2 2 2 2 2 2 2 2 2 2 2 2 2 2 2 2 2 2 2 2 2 2 2 2 2 2 2 2 2 2 2 2 2 2 2 2 2 2 2 2 2 2 2 2 2 2
left_child=3 2 11 12 6 8 -5 -8 9 10 -6 -2 17 14 23 16 26 20 -19 -20 28 -22 -23 24 -14 -24 27 -15 35 33 31 32 -31 -30 -35 -1 38 -38 39 41 -41 45 -40 -44 -43 46 47 48 49 51 52 54 53 -51 55 56 57 58 -37 -59 -60 -62
right_child=1 -3 -4 4 5 -7 7 -9 -10 -11 -12 -13 13 15 -16 -17 -18 18 19 -21 21 22 25 -25 -26 -27 -28 -29 29 30 -32 -33 -34 34 -36 36 37 -39 42 40 -42 44 43 -45 -46 -47 -48 -49 -50 50 -52 -53 -54 -55 -56 -57 -58 59 60 -61 61 -63
leaf_value=-0.0031681920708118609 0.061734255475246094 0.2221486451769514 -0.2212268209883145 0.016423443668487712 0.013931648906945411 0.55315741584414535 -0.011131715556701362 -0.32303291338806356 -0.13457986606905858 0.2905893383354976 0.27839852372805279 -0.15004698308529679 -0.18315066748431752 -0.02291091023279088 -0.51564764951666198 0.3077510460924644 0.17531374676951342 0.088923302896320833 -0.55512405078986604 -0.051453214101493366 -0.20254815195997558 0.020088971583616166 0.21078349337691354 0.1700705770403147 0.085998372573937693 0.57631974908567618 0.066074185119941828 -0.30429749284471785 -0.0067920486607737059 -0.033113269831823271 -0.5234094447415808 0.016702856216579676 -0.52805959135293967 -0.17269356072424574 0.18824176560429967 -0.015611211951723531 0.61092372790855531 0.067765792484941162 0.11632011338420536 -0.68076178932189946 0.034912987947463996 0.61628432517701937 -0.0060439639621310765 -0.5826085237094335 0.059336398896716894 0.32982359610257617 -0.36814093274565846 0.37408201182666034 -0.36182982412477338 0.52655515897680416 0.48590593144700334 0.44276897519826885 -0.16952980673871934 -0.036975721677299588 -0.1243464765672026 0.57081950285605021 0.20543287111954256 -0.55940427501996359 0.53496608121975053 0.043373577186354886 -0.043124234710748381 0.43633962761272083
leaf_weight=22939 396 56 28 2731 111 21 59 36 24 29 24 27 91 28 24 26 28 50 29 40 24 21 21 20 28 21 32 35 2404 23 23 32 22 141 34 1437 34 29 23 25 40 22 27 35 21 31 26 23 24 22 37 20 40 32 145 28 110 30 37 27 65 33
leaf_count=22939 396 56 28 2731 111 21 59 36 24 29 24 27 91 28 24 26 28 50 29 40 24 21 21 20 28 21 32 35 2404 23 23 32 22 141 34 1437 34 29 23 25 40 22 27 35 21 31 26 23 24 22 37 20 40 32 145 28 110 30 37 27 65 33
internal_value=-0.00058395 0.0525473 0.0314881 -0.00143657 0.0189812 0.119816 0.0115239 -0.129326 0.0714104 0.101555 0.060948 0.0482163 -0.00360639 -0.0625004 -0.142533 0.0250521 -0.0347054 -0.00295588 -0.115215 -0.263141 -0.00248095 0.138964 0.269064 -0.0781104 -0.119821 0.393552 -0.0966057 -0.179237 -0.0029198 -0.0217098 -0.238828 -0.153824 -0.275087 -0.0132911 -0.102569 -0.000935001 0.020207 0.360899 0.0111123 0.0193865 -0.240347 0.0270257 -0.210343 -0.331524 0.344287 0.0207302 0.0162443 0.0209808 0.0170894 0.0214976 0.164873 0.011776 0.0385085 0.192611 0.0072677 0.018068 0.00916799 -0.00408501 0.00569756 -0.273878 0.232518 0.118328
internal_weight=32101 507 451 31594 3035 209 2826 95 188 164 135 423 28559 312 163 149 123 28247 119 69 28128 87 63 139 119 42 95 63 28041 2679 100 77 45 2579 175 25362 2423 63 2360 2275 65 2210 85 62 43 2167 2136 2110 2087 2063 131 1932 94 54 1912 1767 1739 1629 1572 57 135 98
internal_count=32101 507 451 31594 3035 209 2826 95 188 164 135 423 28559 312 163 149 123 28247 119 69 28128 87 63 139 119 42 95 63 28041 2679 100 77 45 2579 175 25362 2423 63 2360 2275 65 2210 85 62 43 2167 2136 2110 2087 2063 131 1932 94 54 1912 1767 1739 1629 1572 57 135 98
is_linear=0
shrinkage=0.05


Tree=169
num_leaves=63
num_cat=0
split_feature=15 13 36 31 39 36 39 34 34 34 32 34 32 31 34 33 24 32 5 31 36 6 36 29 32 39 36 35 33 32 7 36 36 36 32 36 10 7 31 37 33 35 22 33 34 35 33 35 34 2 34 33 33 35 36 32 33 35 32 33 38 33
split_gain=524.963 505.294 823.867 704.033 785.185 442.154 945.611 410.136 478.263 409.431 2266.24 559.036 405.175 458.91 403.859 361.17 875.343 1353.24 1159.14 709.176 1213.8 699.153 986.231 578.223 546.504 1297.25 1612.45 832.876 385.307 511.982 332.447 542.537 622.429 643.637 453.894 312.187 309.13 761.593 1689.89 1214.79 766.45 466.157 395.92 823.698 512.681 1562.46 462.919 436.148 639.888 489.565 386.187 454.952 673.468 381.617 1002.65 800.602 928.137 381.395 768.818 620.986 698.635 819.62
threshold=1.0000000180025095e-35 1.0000000180025095e-35 249.34500000000003 458.45000000000005 1.0000000180025095e-35 179.28000000000003 1.0000000180025095e-35 448.75000000000006 421.25000000000006 488.60000000000008 185.55000000000004 494.25000000000006 444.35000000000008 25.650000000000002 387.95000000000005 482.15000000000003 1.0000000180025095e-35 206.95000000000002 1.0000000180025095e-35 140.35000000000005 262.54166666666674 1.0000000180025095e-35 246.95833333333337 1.0000000180025095e-35 496.55000000000007 1.0000000180025095e-35 309.52500000000003 1531.0000000000002 373.85000000000008 433.05000000000007 1.0000000180025095e-35 128.62500000000003 180.51666666666668 199.14166666666668 278.65000000000003 299.32916666666671 1.0000000180025095e-35 1.0000000180025095e-35 150.65000000000001 3.5000000000000004 295.15000000000003 645.45000000000016 1.0000000180025095e-35 451.15000000000003 476.25000000000006 1279.4000000000003 480.05000000000007 1279.4000000000003 395.45000000000005 1.0000000180025095e-35 80.850000000000009 401.35000000000008 259.50000000000006 1397.9500000000003 367.51666666666671 360.45000000000005 382.80000000000001 629.1500000000002 483.80000000000001 461.35000000000008 1.0000000180025095e-35 104.05000000000001
decision_type=2 2 2 2 2 2 2 2 2 2 2 2 2 2 2 2 2 2 2 2 2 2 2 2 2 2 2 2 2 2 2 2 2 2 2 2 2 2 2 2 2 2 2 2 2 2 2 2 2 2 2 2 2 2 2 2 2 2 2 2 2 2
left_child=1 9 3 7 -5 6 -2 8 14 15 -11 -12 -4 -14 30 24 18 -18 19 20 -17 22 -21 35 27 -26 -27 36 -29 -30 -3 -32 34 -34 -33 -24 42 57 39 -39 41 -40 44 47 46 -46 53 48 49 50 51 52 -44 -1 55 -55 -57 -38 59 60 -59 -62
right_child=5 2 12 4 -6 -7 -8 -9 -10 10 11 -13 13 -15 -16 16 17 -19 -20 21 -22 -23 23 -25 25 26 -28 28 29 -31 31 32 33 -35 -36 -37 37 38 40 -41 -42 -43 43 -45 45 -47 -48 -49 -50 -51 -52 -53 -54 54 -56 56 -58 58 -60 -61 61 -63
leaf_value=0.00011051748242447436 0.034112180219736048 0.0085961701308720877 0.076841702673332832 -0.01057513062585682 -0.30688126604590149 0.073496482671137051 -0.34192291625908444 0.1881757820956409 -0.22425539848350345 -0.52026350037970892 -0.11779469238086181 0.21901496241002213 0.072561814431988059 0.3896155534386635 0.20418762405003821 -0.31784503816655191 -0.56483242571353909 -0.056713828493497875 -0.27096658545105079 0.3120857007801533 0.1616198225116188 0.3193691432476044 -0.12058736057952046 -0.27366135310381651 0.08447713777422905 -0.031672135779732151 -0.51759188963520919 -0.0092403214910755978 0.086778535587447025 0.39490457320442568 -0.065034141613447921 0.14871153434117634 -0.20580134347081183 0.12981236013770103 0.44121005549317316 0.086324608936661593 0.0062419087307818829 -0.16924159018432394 0.070779665252741639 -0.66033345758914952 0.17946570600782122 -0.14755861738632467 -0.016864475378282118 -0.29859586658662768 -0.10551526337862015 0.40916939901894533 0.21076364253575985 0.17042683258100794 -0.27297071127427952 -0.19592691735388379 0.06787442651151096 0.17876410286019867 -0.180278043076396 0.014273851693553084 0.15488365443062879 -0.136471771558418 -0.56572993241250513 -0.07010965661797558 0.17913113198265798 0.12189349744299596 -0.19665398921972763 0.090976972181454938
leaf_weight=24365 82 2474 163 59 36 404 21 34 21 24 22 28 21 25 28 33 20 38 38 26 22 26 26 20 50 38 31 23 28 26 47 36 20 50 21 61 1409 34 34 20 35 87 370 29 30 29 26 27 27 39 118 24 76 34 31 34 20 813 41 55 30 142
leaf_count=24365 82 2474 163 59 36 404 21 34 21 24 22 28 21 25 28 33 20 38 38 26 22 26 26 20 50 38 31 23 28 26 47 36 20 50 21 61 1409 34 34 20 35 87 370 29 30 29 26 27 27 39 118 24 76 34 31 34 20 813 41 55 30 142
internal_value=-0.000554753 -0.00136474 0.0180321 0.0109477 -0.12286 0.0499199 -0.0425552 0.0156023 0.0134267 -0.00342607 -0.120884 0.0708187 0.113825 0.244874 0.0152919 -0.00312093 -0.0567956 -0.231927 -0.0164875 0.0287004 -0.126059 0.0822335 0.0358762 -0.0312402 -0.00253037 -0.109454 -0.249984 -0.00207685 0.16214 0.235136 0.0132945 0.0800978 0.133808 0.0339227 0.256474 0.0244888 -0.00252878 -0.0186101 -0.110051 -0.351127 -0.0266012 -0.0862074 -0.000811165 -0.0376205 0.000252559 0.147465 -0.000101808 -0.026507 -0.0346373 -0.0243742 -0.0129957 -0.0332993 -0.0447107 -0.00032573 -0.0896465 -0.175788 -0.295456 -0.0108983 -0.0332392 -0.0416114 -0.0507412 0.0408088
internal_weight=32101 31594 3035 2826 95 507 103 2731 2697 28559 74 50 209 46 2676 28485 310 58 252 214 55 159 133 107 28175 119 69 28056 77 54 2648 174 127 70 57 87 27979 2700 210 54 156 121 25279 710 24569 59 24510 681 654 627 588 470 446 24484 119 88 54 2490 1081 1040 985 172
internal_count=32101 31594 3035 2826 95 507 103 2731 2697 28559 74 50 209 46 2676 28485 310 58 252 214 55 159 133 107 28175 119 69 28056 77 54 2648 174 127 70 57 87 27979 2700 210 54 156 121 25279 710 24569 59 24510 681 654 627 588 470 446 24484 119 88 54 2490 1081 1040 985 172
is_linear=0
shrinkage=0.05


Tree=170
num_leaves=63
num_cat=0
split_feature=11 35 31 32 39 18 8 32 31 28 32 32 23 35 35 23 31 31 7 36 37 32 32 31 36 24 35 40 25 2 34 36 40 40 25 36 32 32 31 31 31 23 35 36 23 31 34 34 32 32 31 32 40 38 25 31 31 32 32 25 36 32
split_gain=761.59 1297.32 1179.99 753.328 1135.72 973.883 1879.25 1770.36 1442.31 1425.83 1141.54 2035.84 5797.13 1142.71 3060.72 1870.83 1389.25 1313.89 1124.78 1274.99 1003.39 1701.82 999.94 1010.01 990.712 946.435 1926.08 942.667 1724.54 938.829 2125.31 2074.29 2305.71 1850.27 1745.71 1672.68 2265.31 1858.77 1174.24 2075.59 1546.18 1306.12 1111.75 1100.56 1854.39 1049.17 1030.66 2839.82 2174.85 1328.75 2710.69 1528.73 1743.83 1326.19 1277.05 2342.46 3906.17 1008.77 1347.29 964.744 1857.95 963.522
threshold=1.0000000180025095e-35 696.75000000000011 492.05000000000007 28.750000000000004 1.0000000180025095e-35 1.0000000180025095e-35 1.0000000180025095e-35 482.05000000000007 481.05000000000007 1.0000000180025095e-35 91.950000000000017 98.350000000000009 1.0000000180025095e-35 461.4500000000001 498.35000000000008 1.0000000180025095e-35 66.65000000000002 184.05000000000004 1.0000000180025095e-35 376.6375000000001 2.5000000000000004 65.250000000000014 139.85000000000005 87.350000000000009 195.6166666666667 1.0000000180025095e-35 998.25000000000011 5.5000000000000009 1.0000000180025095e-35 1.0000000180025095e-35 345.80000000000001 352.12500000000006 4.5000000000000009 2.5000000000000004 1.0000000180025095e-35 309.52500000000003 491.15000000000003 448.55000000000007 440.85000000000008 456.45000000000005 420.25000000000006 1.0000000180025095e-35 1351.1500000000003 400.05000000000007 1.0000000180025095e-35 484.75000000000006 76.250000000000014 53.050000000000004 446.55000000000007 466.85000000000008 94.050000000000011 398.85000000000008 1.0000000180025095e-35 1.0000000180025095e-35 1.0000000180025095e-35 198.05000000000004 294.25000000000006 434.75000000000006 444.35000000000008 1.0000000180025095e-35 203.41000000000003 183.45000000000002
decision_type=2 2 2 2 2 2 2 2 2 2 2 2 2 2 2 2 2 2 2 2 2 2 2 2 2 2 2 2 2 2 2 2 2 2 2 2 2 2 2 2 2 2 2 2 2 2 2 2 2 2 2 2 2 2 2 2 2 2 2 2 2 2
left_child=3 -2 -3 -1 -5 10 7 8 9 -7 13 12 24 15 -15 -6 -16 -18 29 22 21 -17 23 -20 -12 26 -19 -24 -29 30 35 32 33 -32 -34 36 38 42 40 -40 46 -42 -37 44 -39 61 47 49 54 51 -51 53 -53 -13 55 -48 -57 -54 -59 60 -55 -41
right_child=1 2 -4 4 5 6 -8 -9 -10 -11 11 18 -14 14 16 20 17 25 19 -21 -22 -23 27 -25 -26 -27 -28 28 -30 -31 31 -33 34 -35 -36 37 -38 43 39 45 41 -43 -44 -45 -46 -47 48 -49 -50 50 -52 52 57 59 -56 56 -58 58 -60 -61 -62 -63
leaf_value=0.0038351699547610899 -0.0057959727676239079 0.052020863749995289 0.32800513401627546 0.00055374702465625343 -0.078284402377903461 -0.049308113692559594 -0.38765668818588428 -0.45021998754569464 -0.41676427817344663 0.25558859488767821 0.13291332241120365 -0.042884203198889859 0.90657098163729133 0.47444228007059008 0.32787156184203925 0.11339850664138794 -0.36068939051280419 -0.072711921194568277 0.19740942858514332 0.1653825301456231 -0.62681311976451148 -0.48203921288251883 -0.010570338891990397 -0.17869956701242626 -0.2976993963461031 -0.29371631656374253 0.40762935100744174 0.049492916407891448 0.41244716418182686 0.00065805244854622036 -0.3283466432509678 0.21644578430315722 -0.73575223866436223 0.2021037493862452 -0.25581780595704917 -0.08597353128928617 0.47742693684995174 -0.13919994479311365 0.5258201387209388 0.13530274664776193 -0.071714705811894472 -0.62419493198394782 0.29728530287742616 -0.085094305931976658 -0.63470817230096677 0.29800318063547215 0.52395859624851837 -0.63374530017375952 -0.36607980453051053 -0.14480482455756929 0.56369990803025383 -0.52066197611631881 -0.21909368527286197 -0.042391625874572333 0.016164536832978853 -0.42209174084663392 0.44526040730652988 0.32936727499961854 -0.1484310533437464 0.0050020713502397906 0.50964339418070659 -0.25982533807141917
leaf_weight=14303 1745 1220 40 7905 177 592 47 28 25 41 34 944 23 28 20 20 42 160 21 135 26 30 870 119 22 35 24 360 36 1396 35 23 36 31 40 351 23 35 26 27 23 20 20 41 41 24 44 20 26 27 27 31 85 27 133 25 27 25 36 78 35 36
leaf_count=14303 1745 1220 40 7905 177 592 47 28 25 41 34 944 23 28 20 20 42 160 21 135 26 30 870 119 22 35 24 360 36 1396 35 23 36 31 40 351 23 35 26 27 23 20 20 41 41 24 44 20 26 27 27 31 85 27 133 25 27 25 36 78 35 36
internal_value=-0.00183798 0.0221204 0.0607823 -0.00432563 -0.0122997 -0.0273904 -0.0817959 -0.0608404 -0.0442711 -0.0295597 -0.0207439 -0.0137327 0.238238 -0.0885849 -0.0240712 -0.167378 -0.0737452 -0.10452 -0.0174472 0.0186089 -0.374873 -0.243864 0.00451615 -0.122283 -0.036256 -0.0553921 -0.0100587 0.0185382 0.0824888 -0.0319999 -0.0508235 -0.224051 -0.295399 -0.0791957 -0.483155 -0.0381595 -0.0155518 -0.120113 -0.0220458 0.133831 -0.0328321 -0.328682 -0.0653127 -0.293879 -0.406514 0.0166843 -0.0248311 -0.0424248 0.0672773 -0.0334314 0.209448 -0.0438322 -0.180072 -0.0215863 0.116479 0.255457 0.0282642 -0.107755 0.0473879 0.122022 0.269241 -0.0904847
internal_weight=31946 3005 1260 28941 14638 6733 733 686 658 633 6000 5438 79 562 309 253 281 261 5359 1541 76 50 1406 140 56 219 184 1266 396 3818 2422 165 142 66 76 2257 1769 488 1746 113 1633 43 371 117 76 87 1590 1335 255 1315 54 1261 177 1084 229 96 52 146 61 140 62 63
internal_count=31946 3005 1260 28941 14638 6733 733 686 658 633 6000 5438 79 562 309 253 281 261 5359 1541 76 50 1406 140 56 219 184 1266 396 3818 2422 165 142 66 76 2257 1769 488 1746 113 1633 43 371 117 76 87 1590 1335 255 1315 54 1261 177 1084 229 96 52 146 61 140 62 63
is_linear=0
shrinkage=0.05


Tree=171
num_leaves=63
num_cat=0
split_feature=11 31 35 32 33 36 36 23 35 35 33 33 36 34 25 39 31 34 28 33 36 34 35 33 33 28 32 34 35 23 33 32 36 35 15 33 32 31 23 36 32 9 33 35 36 35 34 23 34 39 31 32 32 0 36 33 36 35 5 10 36 39
split_gain=687.335 1175.71 882.447 855.747 879.702 898.018 923.93 1676.2 947.128 812.192 798.574 1005.46 1697.67 1520.03 2295.72 3229.62 1548.43 1006.88 997.561 1567.34 1137.26 1291.14 962.785 1174.65 935.889 929.615 928.59 1148.67 1522.18 1085.49 1218.01 884.886 869.27 1522.73 864.736 860.306 822.783 2214.79 1230.98 2714.56 1367.85 1214.35 1649.37 1489.28 1191.84 1006.88 965.653 1646.65 820.138 929.665 799.888 792.537 1331.87 773.391 997.623 2376.11 1611.03 1269.03 950.281 1187.59 967.254 903.135
threshold=1.0000000180025095e-35 488.35000000000008 723.1500000000002 85.750000000000014 476.05000000000007 288.61000000000007 242.21250000000003 1.0000000180025095e-35 867.25000000000011 940.45000000000016 23.150000000000002 109.55000000000001 318.92500000000001 76.250000000000014 1.0000000180025095e-35 1.0000000180025095e-35 444.75000000000006 299.40000000000003 1.0000000180025095e-35 291.45000000000005 282.51250000000005 485.05000000000001 602.95000000000016 64.050000000000011 1.7500000000000002 1.0000000180025095e-35 15.450000000000001 216.55000000000004 1313.1500000000003 1.0000000180025095e-35 402.75000000000006 460.75000000000006 272.41250000000008 1044.7500000000002 1.0000000180025095e-35 463.55000000000007 364.45000000000005 167.05000000000004 1.0000000180025095e-35 300.81666666666672 238.15000000000001 1.0000000180025095e-35 336.85000000000008 867.25000000000011 354.54166666666669 887.1500000000002 312.75000000000006 1.0000000180025095e-35 2.0500000000000003 1.0000000180025095e-35 481.05000000000007 406.45000000000005 195.95000000000002 1.0000000180025095e-35 233.41666666666669 98.350000000000009 173.16750000000005 806.05000000000007 1.0000000180025095e-35 1.0000000180025095e-35 211.48750000000004 1.0000000180025095e-35
decision_type=2 2 2 2 2 2 2 2 2 2 2 2 2 2 2 2 2 2 2 2 2 2 2 2 2 2 2 2 2 2 2 2 2 2 2 2 2 2 2 2 2 2 2 2 2 2 2 2 2 2 2 2 2 2 2 2 2 2 2 2 2 2
left_child=10 2 -2 9 5 6 7 8 -5 -4 24 12 13 53 15 25 22 -16 20 50 21 -13 -17 -24 -1 -15 -21 28 32 -29 -31 -26 33 48 36 -34 37 -22 -39 -40 -41 43 -43 -38 -42 -45 -47 -48 -28 -50 -20 52 -25 54 56 57 -12 61 59 60 -58 -56
right_child=1 -3 3 4 -6 -7 -8 -9 -10 -11 11 18 -14 14 17 16 -18 -19 19 26 34 -23 23 51 31 -27 27 29 -30 30 -32 -33 35 -35 -36 -37 41 38 39 40 44 42 -44 45 -46 46 47 -49 49 -51 -52 -53 -54 -55 55 -57 58 -59 -60 -61 -62 -63
leaf_value=-0.0012524377336389993 -0.0059086915071188796 0.21259974606144125 0.08891502596903593 -0.09202785314215968 -0.16261084360896416 0.10329849468009478 -0.054607770920749879 0.41942021041627858 0.11404969024986618 0.37221487591395508 -0.053465053077013325 -0.002145953299625014 -0.48384423038881758 0.014850337034497493 -0.053196233753114941 -0.013878902637710175 -0.7625580913254193 0.28825033137476758 -0.02264017583268986 0.35477078338464102 -0.41192128794543725 -0.31617020908178706 -0.14096064245378651 -0.63192636643846833 0.035909325201473836 -0.29327611227830253 -0.049380082824757997 0.1095699290573597 -0.37645160433920949 0.67200162495885585 0.12679202795028685 0.21838545033501255 0.07413528481291401 -0.41508476879786366 0.086062487096774706 0.33316516907264793 0.3329110530407533 -0.046655969662977075 -0.60996098933797904 0.18876642450209588 -0.01772557399593867 -0.054780944963780845 0.27566071861822689 -0.38145563516479275 -0.5311258867383003 -0.030298229116188003 -0.091869388026028106 -0.57399622331494871 -0.0020221528420979913 0.37252725891768934 -0.34573568999767307 -0.75576040223240859 -0.086681597147669112 0.20758511576997607 -0.003384654074907303 -0.62762322832237594 -0.061623802864924075 0.16195836839266123 0.33598021249237814 0.37652662766094391 0.20804135971500176 -0.42838709980249406
leaf_weight=19995 1794 78 80 96 53 405 298 31 133 37 479 4046 23 133 50 24 21 38 454 30 54 33 37 24 860 30 131 125 22 21 20 72 180 22 101 39 23 527 33 31 26 82 70 26 20 431 77 23 37 30 20 20 21 38 25 22 120 40 38 26 46 25
leaf_count=19995 1794 78 80 96 53 405 298 31 133 37 479 4046 23 133 50 24 21 38 454 30 54 33 37 24 860 30 131 125 22 21 20 72 180 22 101 39 23 527 33 31 26 82 70 26 20 431 77 23 37 30 20 20 21 38 25 22 120 40 38 26 46 25
internal_value=-0.00174609 0.0210143 0.0159089 0.050455 0.035709 0.0466238 0.00548897 0.0743691 0.0276591 0.178506 -0.00410934 -0.0175308 -0.0581525 -0.0503634 -0.13114 -0.19512 -0.365062 0.0942466 -0.00980942 0.0330239 -0.0184556 -0.00468648 -0.298813 -0.365856 0.0010304 -0.0418601 0.0830189 0.0700165 0.0294061 0.182796 0.406046 0.0500062 0.0497452 -0.020453 -0.0553088 0.120264 -0.0653428 -0.104474 -0.0784114 -0.230549 -0.0679432 -0.0284031 0.0973961 -0.0613712 -0.240943 -0.0776521 -0.0627766 -0.202759 0.023395 0.165687 -0.0362729 -0.493873 -0.377479 -0.0129374 -0.0231443 -0.161818 -0.00123804 -0.0479551 0.10753 0.0623163 0.0131027 -0.215886
internal_weight=31946 3005 2927 1133 1016 963 558 260 229 117 28941 8014 1280 1257 398 310 147 88 6734 1131 5603 4079 126 102 20927 163 657 627 461 166 41 932 439 220 1524 219 1423 691 637 110 77 732 152 580 46 557 531 100 198 67 474 65 45 859 821 112 709 90 230 192 166 50
internal_count=31946 3005 2927 1133 1016 963 558 260 229 117 28941 8014 1280 1257 398 310 147 88 6734 1131 5603 4079 126 102 20927 163 657 627 461 166 41 932 439 220 1524 219 1423 691 637 110 77 732 152 580 46 557 531 100 198 67 474 65 45 859 821 112 709 90 230 192 166 50
is_linear=0
shrinkage=0.05


Tree=172
num_leaves=63
num_cat=0
split_feature=11 35 31 33 33 36 34 25 39 31 34 34 40 40 28 33 36 34 35 35 28 34 23 35 36 39 36 33 31 39 14 35 31 9 31 35 35 31 35 33 6 0 36 33 36 35 5 39 36 40 6 36 36 34 6 40 34 39 33 40 35 31
split_gain=620.32 1068.15 999.433 720.713 907.424 1532.15 1371.83 2071.89 2914.73 1397.46 908.706 904.91 2147.81 1170.22 900.299 1414.52 1026.38 1165.25 874.537 897.118 838.978 823.394 1124.43 1052.02 787.542 1745.27 1588.58 1137.97 721.899 705.347 1069.16 786.875 1061 1813.12 2214.58 2172.43 812.644 1697.89 1581.45 874.999 848.765 697.986 900.355 2144.44 1453.96 1145.3 857.628 815.08 695.554 744.003 695.124 753.872 993.105 693.816 984.051 928.536 685.503 643.355 1002.75 887.276 1062.88 1032.8
threshold=1.0000000180025095e-35 696.75000000000011 492.05000000000007 23.150000000000002 109.55000000000001 318.92500000000001 76.250000000000014 1.0000000180025095e-35 1.0000000180025095e-35 444.75000000000006 299.40000000000003 377.10000000000008 3.5000000000000004 1.5000000000000002 1.0000000180025095e-35 291.45000000000005 282.51250000000005 485.05000000000001 582.6500000000002 940.45000000000016 1.0000000180025095e-35 243.25000000000003 1.0000000180025095e-35 1313.1500000000003 202.21666666666673 1.0000000180025095e-35 223.16250000000005 399.55000000000007 481.05000000000007 1.0000000180025095e-35 1.0000000180025095e-35 867.25000000000011 167.05000000000004 1.0000000180025095e-35 77.15000000000002 1008.7500000000001 1203.6500000000003 298.25000000000006 1187.8500000000001 480.05000000000007 1.0000000180025095e-35 1.0000000180025095e-35 233.41666666666669 98.350000000000009 173.16750000000005 806.05000000000007 1.0000000180025095e-35 1.0000000180025095e-35 209.12916666666669 5.5000000000000009 1.0000000180025095e-35 289.95500000000004 275.04166666666669 430.80000000000001 1.0000000180025095e-35 5.5000000000000009 139.80000000000004 1.0000000180025095e-35 96.15000000000002 5.5000000000000009 461.4500000000001 184.05000000000004
decision_type=2 2 2 2 2 2 2 2 2 2 2 2 2 2 2 2 2 2 2 2 2 2 2 2 2 2 2 2 2 2 2 2 2 2 2 2 2 2 2 2 2 2 2 2 2 2 2 2 2 2 2 2 2 2 2 2 2 2 2 2 2 2
left_child=3 -2 50 11 5 6 41 8 20 18 -9 -1 13 -13 16 28 17 53 -10 -20 -8 23 -23 24 25 -17 27 -26 -16 -18 31 -31 33 34 -33 -36 38 -38 -34 40 -39 42 44 45 57 47 48 -44 -46 -50 -3 52 56 -6 55 -55 -52 -5 59 60 -59 -62
right_child=1 2 -4 4 14 -7 7 10 9 -11 -12 12 -14 -15 15 21 29 -19 19 -21 -22 22 -24 -25 26 -27 -28 -29 -30 30 -32 32 36 -35 35 -37 37 39 -40 -41 -42 -43 43 -45 46 -47 -48 -49 49 -51 51 -53 -54 54 -56 -57 -58 58 -60 -61 61 -63
leaf_value=0.00020939185236462253 -0.005367264573537027 0.060788521434759102 0.30097489967942237 -0.00066969798075674223 -0.005674053367360786 -0.45965201925972238 0.014107821027475194 -0.050536423077806841 0.019385704323649406 -0.72443018058935804 0.27383781283309588 0.15634943330660464 -0.040306664433385903 0.65544349875139163 -0.021508167587202209 0.050886893418489725 -0.012349732173533537 -0.30036169547926295 -0.44104788766966929 -0.12941582869080936 -0.27861230740944548 0.10482231730262076 0.41919399757643006 -0.26251115668565034 0.0088284925178245266 0.57553485476452371 0.075545258860666917 -0.45462448608416778 -0.32844890072941779 0.14563167237835842 -0.36979710809405775 0.028887945855105363 -0.077431977780426264 0.17101125798442149 -0.28247879669070247 -0.93920652925968173 0.2659059515652748 -0.037849235200747566 -0.47913473477730389 0.26158379940316084 -0.3166505538604476 0.19720586132944418 -0.0032154218256473543 -0.59624206803061752 -0.0049608247435764608 0.15386045050807298 0.31918119835226161 -0.40696773682907228 0.041095512998149258 0.39500661740700405 -0.25478577596042307 0.091507038694840892 -0.42828106050905979 0.081486277505755433 -0.19526837578132039 0.41396184722582502 0.075901368150620596 -0.11806265609072789 0.12181301206453808 0.0079211338497698312 -0.6867517543335756 -0.22289028923426357
leaf_weight=20813 1745 1076 40 274 3925 23 133 50 20 21 38 24 67 23 454 51 636 33 72 34 30 123 37 26 27 23 344 26 20 40 31 27 425 22 34 20 52 158 26 20 33 38 25 22 132 40 38 25 33 27 25 54 23 70 21 30 42 70 36 50 21 28
leaf_count=20813 1745 1076 40 274 3925 23 133 50 20 21 38 24 67 23 454 51 636 33 72 34 30 123 37 26 27 23 344 26 20 40 31 27 425 22 34 20 52 158 26 20 33 38 25 22 132 40 38 25 33 27 25 54 23 70 21 30 42 70 36 50 21 28
internal_value=-0.00165878 0.0199636 0.0550449 -0.00390388 -0.0166543 -0.0552449 -0.0478452 -0.124583 -0.185364 -0.346809 0.0895343 0.000978884 0.141465 0.400587 -0.00931894 0.0313728 -0.0175328 -0.00445215 -0.283872 -0.34109 -0.039767 0.078868 0.177521 0.0471085 0.0642001 0.213953 0.0362864 -0.218526 -0.0344593 -0.0525433 -0.0813306 -0.070896 -0.0814971 -0.231516 -0.340845 -0.525711 -0.0598557 0.00999672 -0.10059 -0.053071 -0.0860191 -0.0122905 -0.0219871 -0.153728 -0.00117614 -0.0455573 0.102154 -0.205092 0.0592005 0.200356 0.0469816 -0.0561866 -0.144803 -0.00203866 0.115886 0.181229 -0.0474894 -0.0507918 -0.117784 -0.168823 -0.243085 -0.421688
internal_weight=31946 3005 1260 28941 8014 1280 1257 398 310 147 88 20927 114 47 6734 1131 5603 4079 126 106 163 657 160 497 471 74 397 53 474 1524 888 857 817 103 81 54 714 263 451 211 191 859 821 112 709 90 230 50 192 60 1220 144 90 4046 121 100 67 479 205 169 119 49
internal_count=31946 3005 1260 28941 8014 1280 1257 398 310 147 88 20927 114 47 6734 1131 5603 4079 126 106 163 657 160 497 471 74 397 53 474 1524 888 857 817 103 81 54 714 263 451 211 191 859 821 112 709 90 230 50 192 60 1220 144 90 4046 121 100 67 479 205 169 119 49
is_linear=0
shrinkage=0.05


Tree=173
num_leaves=63
num_cat=0
split_feature=11 31 32 33 33 23 33 32 34 40 40 33 33 4 28 33 32 23 34 32 38 34 31 23 31 31 33 30 34 9 34 38 38 9 32 32 7 31 31 23 23 33 33 33 23 33 7 40 40 40 31 33 4 37 2 32 32 31 32 34 32 23
split_gain=559.838 979.245 782.157 651.36 1108.79 1337.01 2660.85 1574.17 658.252 1527.63 1349.95 649.734 617.702 557.944 951.868 1732.2 878.408 853.341 2093.09 1914.89 766.237 721.42 1071.55 1112.89 2567.65 4436.83 2998.13 645.335 751.964 731.873 600.037 671.625 595.888 584.033 769.324 702.02 686.486 576.36 547.45 1519.63 1267.62 536.403 628.912 647.803 716.503 1510.63 803.647 615.89 600.08 864.104 910.72 544.557 534.281 545.124 532.922 526.026 516.451 930.144 812.397 788.471 515.813 1663.68
threshold=1.0000000180025095e-35 488.35000000000008 280.45000000000005 51.750000000000007 71.65000000000002 1.0000000180025095e-35 65.950000000000017 280.45000000000005 377.10000000000008 3.5000000000000004 1.5000000000000002 121.55000000000001 28.550000000000004 1.0000000180025095e-35 1.0000000180025095e-35 291.45000000000005 480.05000000000007 1.0000000180025095e-35 216.55000000000004 306.25000000000006 1.0000000180025095e-35 312.75000000000006 470.95000000000005 1.0000000180025095e-35 83.65000000000002 156.65000000000001 281.25000000000006 1.0000000180025095e-35 297.05000000000007 1.0000000180025095e-35 327.35000000000008 1.0000000180025095e-35 1.0000000180025095e-35 1.0000000180025095e-35 60.750000000000007 433.05000000000007 1.0000000180025095e-35 495.85000000000008 298.25000000000006 1.0000000180025095e-35 1.0000000180025095e-35 465.45000000000005 372.05000000000007 303.30000000000001 1.0000000180025095e-35 79.350000000000009 1.0000000180025095e-35 5.5000000000000009 1.5000000000000002 3.5000000000000004 136.05000000000004 69.750000000000014 1.0000000180025095e-35 3.5000000000000004 1.0000000180025095e-35 219.35000000000005 94.050000000000011 318.15000000000003 107.15000000000002 130.55000000000004 480.05000000000007 1.0000000180025095e-35
decision_type=2 2 2 2 2 2 2 2 2 2 2 2 2 2 2 2 2 2 2 2 2 2 2 2 2 2 2 2 2 2 2 2 2 2 2 2 2 2 2 2 2 2 2 2 2 2 2 2 2 2 2 2 2 2 2 2 2 2 2 2 2 2
left_child=3 2 11 8 5 -5 7 -7 -1 10 -10 12 -2 14 21 38 17 33 19 -19 -15 27 23 30 -25 -26 -27 28 37 -29 31 -23 -30 34 -17 36 -36 60 39 -16 -40 42 43 44 46 -46 47 -4 -44 -50 -51 -48 56 -54 55 -14 57 -13 -58 -59 -6 -62
right_child=1 -3 41 4 13 6 -8 -9 9 -11 -12 52 54 20 15 16 -18 18 -20 -21 -22 22 -24 24 25 26 -28 29 32 -31 -32 -33 -34 -35 35 -37 -38 -39 40 -41 -42 -43 48 -45 45 -47 51 -49 49 50 -52 -53 53 -55 -56 -57 58 59 -60 -61 61 -63
leaf_value=0.00011453273554944356 -0.01297085212085361 0.19381220072794419 -0.010445084104154524 -0.057881363825655952 -0.0079162475326361639 -0.40787582904100417 -0.78753727078437807 0.20503032478419217 0.073996706897842476 -0.028756669234990342 0.56529144639218298 0.040894730804180074 -0.1140085980721304 -0.062671266547910914 -0.039215702687203889 0.24198514029383658 -0.21371794981373982 0.33727644403775536 0.58170489726528041 -0.255229275226593 0.039608495675916712 -0.39152673335000876 0.20485994244615235 0.25176703970134262 -0.85225320713860653 -0.38411011478823165 0.23507708429413687 -0.063871514221866529 0.31492722659851569 -0.38403747931122778 -0.028260323412874058 -0.0027908813580870629 0.0070306248466173813 0.21821664299871496 -0.028279460443132245 0.22129827527286011 0.17280445045919396 -0.23599412948996934 -0.033218837834894654 -0.42764533481427602 0.29008205862421738 -0.11251982835431894 -0.040393557921051981 -0.077186707423999912 -0.042566749012028733 0.47295193195343022 0.35574829718098044 0.10131363008657793 0.50905171036720276 0.3686147131522497 0.029279243046867437 0.075802643244203771 -0.22178850448445273 0.035404176066319147 0.11216675221920014 -0.38134907920561406 -0.24471989980450384 0.13295658297836782 0.039784965122931865 0.48664289870514321 0.01523161018015565 0.44890411685292542
leaf_weight=21060 1146 78 396 301 3980 20 20 22 29 81 27 127 92 965 250 50 22 30 31 25 226 25 36 25 28 46 34 166 33 20 508 20 30 67 253 43 51 27 150 28 38 48 30 100 27 30 32 179 20 30 58 38 38 45 20 23 27 40 355 26 148 26
leaf_count=21060 1146 78 396 301 3980 20 20 22 29 81 27 127 92 965 250 50 22 30 31 25 226 25 36 25 28 46 34 166 33 20 508 20 30 67 253 43 51 27 150 28 38 48 30 100 27 30 32 179 20 30 58 38 38 45 20 23 27 40 355 26 148 26
internal_value=-0.00157584 0.0189654 0.0143061 -0.00370868 -0.0161189 -0.101432 -0.312864 -0.0868297 0.00082519 0.110069 0.310871 -0.0041439 -0.0248877 -0.0119231 -0.00589312 0.0377889 0.0960884 0.108481 0.253144 0.0679557 -0.043263 -0.014694 -0.0610397 -0.0749936 -0.204852 -0.310551 -0.120956 -0.00714055 -0.00314543 -0.098298 -0.0437617 -0.218755 0.16831 0.0816679 0.0586232 0.0322022 0.00545501 -0.00572895 -0.0337719 -0.0783381 0.0321292 0.050515 0.0588402 0.0418752 0.0588356 0.228759 0.0438191 0.0243459 0.157434 0.212386 0.144962 0.203778 0.0362402 -0.0823467 -0.126048 -0.167477 0.053358 0.120024 0.019676 0.272288 -0.00423228 0.0800332
internal_weight=31946 3005 2927 28941 7744 363 62 42 21197 137 56 1939 1281 7381 6190 1038 572 550 86 55 1191 5152 722 686 133 108 80 4430 4244 186 553 45 63 464 397 347 304 4181 466 278 188 988 940 802 702 57 645 575 138 108 88 70 658 83 135 115 575 193 382 66 4154 174
internal_count=31946 3005 2927 28941 7744 363 62 42 21197 137 56 1939 1281 7381 6190 1038 572 550 86 55 1191 5152 722 686 133 108 80 4430 4244 186 553 45 63 464 397 347 304 4181 466 278 188 988 940 802 702 57 645 575 138 108 88 70 658 83 135 115 575 193 382 66 4154 174
is_linear=0
shrinkage=0.05


Tree=174
num_leaves=63
num_cat=0
split_feature=11 31 32 32 32 9 31 31 33 39 32 23 34 40 31 32 21 23 31 32 39 18 32 8 7 33 40 31 32 9 32 31 33 23 31 31 31 31 33 23 32 23 31 31 31 31 33 32 31 32 31 9 39 34 33 31 31 34 33 33 23 32
split_gain=505.254 883.769 716.244 593.552 949.073 1743.16 2503.44 1575.87 2105.52 972.629 969.974 6339.01 959.09 1240.8 1755.52 2799.16 956.178 1536.1 4846.07 994.641 832.82 879.868 1321.13 1284.65 1016.47 1644.81 1628.31 1492.71 1143.05 1072.85 989.541 1112.14 1118.41 1011.88 925.165 1449.83 1354.68 829.591 840.704 1849.1 1318.53 1952.65 1078.36 820.483 1125.38 819.237 757.116 737.569 728.414 682.52 656.879 1128.72 988.346 1155.68 909.956 1768.35 794.896 652.173 1949.98 3348.94 3489.06 1057.88
threshold=1.0000000180025095e-35 488.35000000000008 200.75000000000003 28.750000000000004 91.950000000000017 1.0000000180025095e-35 442.85000000000008 355.65000000000003 361.75000000000006 1.0000000180025095e-35 98.350000000000009 1.0000000180025095e-35 247.15000000000001 3.5000000000000004 279.95000000000005 63.150000000000013 1.0000000180025095e-35 1.0000000180025095e-35 300.15000000000003 65.250000000000014 1.0000000180025095e-35 1.0000000180025095e-35 482.05000000000007 1.0000000180025095e-35 1.0000000180025095e-35 455.35000000000008 2.5000000000000004 302.05000000000007 491.15000000000003 1.0000000180025095e-35 168.15000000000001 275.75000000000006 434.15000000000003 1.0000000180025095e-35 474.75000000000006 448.25000000000006 430.35000000000008 54.150000000000013 119.55000000000001 1.0000000180025095e-35 288.55000000000007 1.0000000180025095e-35 224.05000000000004 328.15000000000003 140.35000000000005 87.350000000000009 136.15000000000001 56.050000000000004 234.65000000000001 0.95000000000000007 189.65000000000001 1.0000000180025095e-35 1.0000000180025095e-35 12.15 439.35000000000008 108.85000000000001 462.55000000000007 345.80000000000001 13.65 213.65000000000001 1.0000000180025095e-35 466.85000000000008
decision_type=2 2 2 2 2 2 2 2 2 2 2 2 2 2 2 2 2 2 2 2 2 2 2 2 2 2 2 2 2 2 2 2 2 2 2 2 2 2 2 2 2 2 2 2 2 2 2 2 2 2 2 2 2 2 2 2 2 2 2 2 2 2
left_child=3 2 -2 49 5 9 7 8 -7 -5 11 -6 13 14 47 -16 17 -15 -19 -18 -12 24 23 34 57 28 -27 -28 29 30 45 32 -32 -33 35 36 37 -23 40 -40 -39 -42 -41 44 -14 -26 -17 -11 -25 -1 54 52 -52 -54 -51 -56 -55 -22 -59 60 -60 -61
right_child=1 -3 -4 4 10 6 -8 -9 -10 12 20 -13 43 16 15 46 19 18 -20 -21 21 22 -24 48 25 26 27 -29 -30 -31 31 33 -34 -35 -36 -37 -38 38 39 42 41 -43 -44 -45 -46 -47 -48 -49 -50 50 51 -53 53 56 55 -57 -58 58 59 61 -62 -63
leaf_value=-0.00086836696113266703 -0.0096739112950129987 0.18412159856122276 0.039886247124956732 0.0098434591398774904 -0.0046470208380303187 -0.11948339444352314 -0.71992072731256496 0.17581050007001442 -0.66506132313183386 -0.33846357223533452 0.0038148270087613916 0.86537844712535539 0.22979928729209034 -0.06925834738183767 0.019708287715911866 -0.45413543626114178 -0.39417223638721877 -0.16303858476025718 0.73813633735363304 -0.017221920894724983 -0.022838833198830316 -0.26422194870454924 -0.40600588260025816 -0.12951810522512958 0.12428234589510952 0.63479533553123479 0.30828394022058037 -0.23609398707747459 0.25590300536817978 0.12502542699815011 -0.026543644831618085 0.034796288310583817 -0.35571362160974079 0.26488709066201144 -0.31723578820197751 0.31055126110712689 -0.41378563338269791 0.044291644564963477 -0.032500502270651273 0.46983843235408562 -0.09759930139728662 -0.61562966579247425 0.077185101807117462 0.33212913274765016 -0.26528779963652294 -0.16441290264729388 -0.86002072017639886 -0.0055147723760455847 -0.54644271820783619 0.0085402436981838175 0.0036136248760873556 0.20203060924745442 0.15035933640852472 0.029823475175232879 0.019245125099339271 -0.57658177535980948 -0.29587170041125754 0.32983118147045998 -0.15882933800042209 -0.06015564271985413 -0.81999290989291296 0.31829302779265811
leaf_weight=12157 1553 78 1374 734 164 112 20 34 21 21 6954 24 22 180 26 27 35 35 26 35 3533 35 29 22 29 20 34 20 45 153 583 415 27 54 29 30 24 101 191 34 87 23 36 24 24 161 20 80 20 776 773 114 306 101 33 20 23 24 56 153 31 21
leaf_count=12157 1553 78 1374 734 164 112 20 34 21 21 6954 24 22 180 26 27 35 35 26 35 3533 35 29 22 29 20 34 20 45 153 583 415 27 54 29 30 24 101 191 34 87 23 36 24 24 161 20 80 20 776 773 114 306 101 33 20 23 24 56 153 31 21
internal_value=-0.00149705 0.0180172 0.0135907 -0.00352325 -0.0106013 -0.04862 -0.19128 -0.127969 -0.205627 -0.0279238 -0.00633788 0.10642 -0.0778719 -0.102843 -0.209762 -0.396571 -0.0430228 0.00422694 0.221069 -0.205697 -0.0079718 -0.0215871 -0.076015 -0.060873 -0.0148738 0.0194024 0.249401 0.106662 0.00780054 -5.08081e-05 -0.0151309 0.0033968 -0.0411135 0.0612886 -0.0418534 -0.027618 -0.0467236 -0.0293478 -0.0119313 0.0480673 -0.0861477 -0.205915 0.267902 0.0951397 -0.028507 -0.120349 -0.626853 -0.0747418 -0.328054 0.00372061 0.029717 0.0516643 0.0374151 0.0981793 -0.00514996 -0.205595 -0.0305877 -0.0287081 -0.101466 -0.141126 -0.394416 -0.0144808
internal_weight=31946 3005 2927 28941 14638 1476 187 167 133 1289 13162 188 555 485 174 73 311 241 61 70 12974 6020 661 632 5359 1541 74 54 1467 1422 1269 1079 610 469 590 561 531 507 472 261 211 110 70 70 46 190 47 101 42 14303 2146 1317 1203 430 829 53 124 3818 285 261 87 174
internal_count=31946 3005 2927 28941 14638 1476 187 167 133 1289 13162 188 555 485 174 73 311 241 61 70 12974 6020 661 632 5359 1541 74 54 1467 1422 1269 1079 610 469 590 561 531 507 472 261 211 110 70 70 46 190 47 101 42 14303 2146 1317 1203 430 829 53 124 3818 285 261 87 174
is_linear=0
shrinkage=0.05


end of trees

feature_importances:
cooking_method_enc=1636
raw_weight_2=1251
raw_weight_1=1221
raw_weight_mean=1197
raw_weight_total=1089
raw_weight_3=987
raw_weight_4=623
ing_pork=261
ing_egg=260
ing_chicken=223
ing_beef=194
has_meat=194
ing_tofu=189
ing_fish=178
ing_pepper=152
ing_shrimp=132
n_ingredients=105
ing_ginger=94
ing_carrot=88
ing_cabbage=86
ing_garlic=84
ing_cucumber=83
has_fruit=83
ing_cauliflower=81
ing_onion=77
ing_potato=74
ing_tomato=74
ing_eggplant=64
ing_kiwi=18
ing_peach=13
ing_watermelon=9
ing_apple=8
ing_grape=8
ing_pineapple=8
ing_banana=2
ing_kumquat=2
ing_orange=2

parameters:
[boosting: gbdt]
[objective: regression]
[metric: rmse]
[tree_learner: serial]
[device_type: cpu]
[data_sample_strategy: bagging]
[data: ]
[valid: ]
[num_iterations: 1000]
[learning_rate: 0.05]
[num_leaves: 63]
[num_threads: 0]
[seed: 42]
[deterministic: 0]
[force_col_wise: 0]
[force_row_wise: 0]
[histogram_pool_size: -1]
[max_depth: -1]
[min_data_in_leaf: 20]
[min_sum_hessian_in_leaf: 0.001]
[bagging_fraction: 0.8]
[pos_bagging_fraction: 1]
[neg_bagging_fraction: 1]
[bagging_freq: 5]
[bagging_seed: 400]
[bagging_by_query: 0]
[feature_fraction: 0.8]
[feature_fraction_bynode: 1]
[feature_fraction_seed: 30056]
[extra_trees: 0]
[extra_seed: 12879]
[early_stopping_round: 0]
[early_stopping_min_delta: 0]
[first_metric_only: 0]
[max_delta_step: 0]
[lambda_l1: 0]
[lambda_l2: 0]
[linear_lambda: 0]
[min_gain_to_split: 0]
[drop_rate: 0.1]
[max_drop: 50]
[skip_drop: 0.5]
[xgboost_dart_mode: 0]
[uniform_drop: 0]
[drop_seed: 17869]
[top_rate: 0.2]
[other_rate: 0.1]
[min_data_per_group: 100]
[max_cat_threshold: 32]
[cat_l2: 10]
[cat_smooth: 10]
[max_cat_to_onehot: 4]
[top_k: 20]
[monotone_constraints: ]
[monotone_constraints_method: basic]
[monotone_penalty: 0]
[feature_contri: ]
[forcedsplits_filename: ]
[refit_decay_rate: 0.9]
[cegb_tradeoff: 1]
[cegb_penalty_split: 0]
[cegb_penalty_feature_lazy: ]
[cegb_penalty_feature_coupled: ]
[path_smooth: 0]
[interaction_constraints: ]
[verbosity: -1]
[saved_feature_importance_type: 0]
[use_quantized_grad: 0]
[num_grad_quant_bins: 4]
[quant_train_renew_leaf: 0]
[stochastic_rounding: 1]
[linear_tree: 0]
[max_bin: 255]
[max_bin_by_feature: ]
[min_data_in_bin: 3]
[bin_construct_sample_cnt: 200000]
[data_random_seed: 175]
[is_enable_sparse: 1]
[enable_bundle: 1]
[use_missing: 1]
[zero_as_missing: 0]
[feature_pre_filter: 1]
[pre_partition: 0]
[two_round: 0]
[header: 0]
[label_column: ]
[weight_column: ]
[group_column: ]
[ignore_column: ]
[categorical_feature: ]
[forcedbins_filename: ]
[precise_float_parser: 0]
[parser_config_file: ]
[objective_seed: 16083]
[num_class: 1]
[is_unbalance: 0]
[scale_pos_weight: 1]
[sigmoid: 1]
[boost_from_average: 1]
[reg_sqrt: 0]
[alpha: 0.9]
[fair_c: 1]
[poisson_max_delta_step: 0.7]
[tweedie_variance_power: 1.5]
[lambdarank_truncation_level: 30]
[lambdarank_norm: 1]
[label_gain: ]
[lambdarank_position_bias_regularization: 0]
[eval_at: ]
[multi_error_top_k: 1]
[auc_mu_weights: ]
[num_machines: 1]
[local_listen_port: 12400]
[time_out: 120]
[machine_list_filename: ]
[machines: ]
[gpu_platform_id: -1]
[gpu_device_id: -1]
[gpu_use_dp: 0]
[num_gpu: 1]

end of parameters

pandas_categorical:[]
