tree
version=v4
num_class=1
num_tree_per_iteration=1
label_index=0
max_feature_idx=40
objective=regression
feature_names=ing_apple ing_banana ing_beef ing_bell_pepper ing_cabbage ing_carrot ing_cauliflower ing_chicken ing_cucumber ing_egg ing_eggplant ing_fish ing_garlic ing_ginger ing_grape ing_kiwi ing_kumquat ing_lemon ing_onion ing_orange ing_peach ing_pepper ing_pineapple ing_pork ing_potato ing_shrimp ing_small_pepper ing_strawberry ing_tofu ing_tomato ing_watermelon raw_weight_1 raw_weight_2 raw_weight_3 raw_weight_4 raw_weight_total raw_weight_mean n_ingredients has_fruit has_meat cooking_method_enc
feature_infos=[0:1] [0:1] [0:1] none [0:1] [0:1] [0:1] [0:1] [0:1] [0:1] [0:1] [0:1] [0:1] [0:1] [0:1] [0:1] [0:1] [0:1] [0:1] [0:1] [0:1] [0:1] [0:1] [0:1] [0:1] [0:1] none [0:1] [0:1] [0:1] [0:1] [0.5:500] [0:500] [0:499.89999999999998] [0:500] [0.5:1874] [0.5:500] [1:6] [0:1] [0:1] [0:6]
tree_sizes=5605 5521 5595 5639 5611 5636 5646 5592 5547 5667 5592 5779 5548 5560 5630 5776 5581 5558 5546 5598 5584 5769 5628 5608 5549 5574 5566 5530 5764 5497 5533 5548 5495 5720 5468 5500 5581 5463 5505 5547 5550 5545 5429 5524 5434 5457 5536 5537 5570 5418 5505 5474 5514 5463 5417 5443 5406 5370 5377 5347 5380 5411 5459 5367 5429 5418 5373 5334 5396 5286 5390 5373 5343 5348 5359 5372 5375 5368 5323 5370 5286 5300 5371 5292 5305 5330 5326 5330 5273 5279 5272 5289 5341 5253 5269 5319 5252 5311 5305 5393 5307 5258 5372 5326 5282 5317 5322 5351 5235 5254 5306 5295 5320 5363 5369 5313 5265 5249 5279 5207 5263 5302 5271 5270 5358 5381 5293 5300 5361 5332 5295 5246 5254 5293 5291 5302 5336 5342 5343 5330 5267 5217 5278 5236 5384 5244 5295 5234 5230 5256 5368 5312 5312 5342 5298 5353 5408 5378

Tree=0
num_leaves=63
num_cat=0
split_feature=9 25 36 7 36 2 11 35 36 36 21 12 36 35 36 36 35 36 31 36 13 25 36 33 2 31 31 2 36 7 21 25 36 7 11 35 25 33 11 31 33 36 11 36 31 32 33 35 25 33 36 36 35 2 32 32 32 35 35 33 34 8
split_gain=6.57744e+09 5.68028e+08 4.88317e+08 1.81611e+08 1.29489e+08 1.07203e+08 6.61544e+07 6.48126e+07 5.76927e+07 2.53017e+07 2.5349e+07 2.19578e+07 1.8623e+07 1.68876e+07 1.54592e+07 1.38354e+07 1.29089e+07 1.25308e+07 1.13864e+07 1.10484e+07 9.56823e+06 1.10917e+07 9.3575e+06 8.64343e+06 8.01292e+06 7.92906e+06 7.60364e+06 7.04013e+06 6.77809e+06 6.18538e+06 6.03667e+06 5.88349e+06 5.90392e+06 5.29951e+06 5.25081e+06 5.24172e+06 4.93631e+06 4.86374e+06 4.75752e+06 4.2617e+06 4.19006e+06 4.15657e+06 4.10233e+06 3.9576e+06 3.85108e+06 3.74683e+06 3.33642e+06 3.32982e+06 3.25565e+06 3.35638e+06 3.22477e+06 3.18091e+06 3.14255e+06 3.03435e+06 3.10903e+06 2.9881e+06 2.9874e+06 2.82297e+06 2.73382e+06 2.67259e+06 2.62037e+06 2.5868e+06
threshold=1.0000000180025095e-35 1.0000000180025095e-35 204.51666666666668 1.0000000180025095e-35 345.05000000000013 1.0000000180025095e-35 1.0000000180025095e-35 336.4500000000001 220.91250000000005 266.78333333333336 1.0000000180025095e-35 1.0000000180025095e-35 196.81666666666669 612.95000000000016 131.81250000000003 424.12500000000006 349.15000000000003 166.41000000000003 54.150000000000013 181.62666666666669 1.0000000180025095e-35 1.0000000180025095e-35 364.8250000000001 55.850000000000001 1.0000000180025095e-35 332.05000000000007 58.45000000000001 1.0000000180025095e-35 219.77083333333334 1.0000000180025095e-35 1.0000000180025095e-35 1.0000000180025095e-35 300.81666666666672 1.0000000180025095e-35 1.0000000180025095e-35 104.55000000000003 1.0000000180025095e-35 57.95000000000001 1.0000000180025095e-35 83.65000000000002 64.050000000000011 352.12500000000006 1.0000000180025095e-35 385.0750000000001 40.000000000000007 161.90000000000003 442.95000000000005 333.45000000000005 1.0000000180025095e-35 243.65000000000001 224.28750000000005 317.01666666666671 333.45000000000005 1.0000000180025095e-35 181.65000000000001 440.45000000000005 240.45000000000002 1069.4000000000003 181.05000000000004 119.55000000000001 106.25000000000001 1.0000000180025095e-35
decision_type=2 2 2 2 2 2 2 2 2 2 2 2 2 2 2 2 2 2 2 2 2 2 2 2 2 2 2 2 2 2 2 2 2 2 2 2 2 2 2 2 2 2 2 2 2 2 2 2 2 2 2 2 2 2 2 2 2 2 2 2 2 2
left_child=1 3 7 5 9 6 52 14 16 10 11 20 47 -11 35 36 -3 23 -19 -7 21 29 27 -9 38 39 -15 33 -8 61 31 32 45 42 51 -2 43 -12 41 -20 -27 -14 -10 57 -25 -28 55 -5 49 -41 -22 -21 -1 54 -34 -39 -56 -6 -16 -47 -23 -4
right_child=2 8 4 12 15 19 28 17 22 13 37 -13 24 26 58 -17 -18 18 25 34 50 60 -24 44 -26 40 30 -29 -30 -31 -32 -33 53 -35 -36 -37 -38 46 -40 48 -42 -43 -44 -45 -46 59 -48 -49 -50 -51 -52 -53 -54 -55 56 -57 -58 -59 -60 -61 -62 -63
leaf_value=269.6160340618892 291.6828896357016 282.64471355629865 338.87502061980564 276.64587917163215 375.11162580626808 276.89223846742561 276.42185152410264 342.16260199387045 298.47029841598453 356.11174291958241 385.03557699703487 380.52609814038806 285.83873992559427 400.99408511616389 315.18582448117917 404.60172934795145 293.43914975446955 366.68123065891677 315.60616671539941 282.01886813434686 354.55698159036638 357.38640255377675 311.14250194149923 336.71970910526909 300.19873390895918 369.54651954634107 376.31704186258315 312.77322363916051 282.04349746058909 360.0880222255862 387.40536678216665 387.34436756559717 387.59054336048763 311.97274622059177 293.55309227943872 308.0727162975918 405.84031194209723 358.95434358790646 297.27000639591927 331.20339950940422 343.67559172561312 291.92103673102793 309.97009099947422 391.25518460943755 319.60273851143984 373.33520836648938 384.45925487250418 283.01131429194288 356.04902718362808 346.10248655243981 380.80440932474136 286.68984516079252 270.90681233963045 387.24736087762369 352.77855470109353 378.83387615976335 371.27625357699117 388.2509186335871 328.20980302683449 353.36167556609274 380.26149426824026 354.6772093632153
leaf_weight=8631 66 443 345 365 120 655 968 89 885 193 49 54 1077 24 65 146 739 46 24 1027 22 31 358 42 154 29 30 133 1202 43 57 44 24 93 147 187 29 89 134 126 34 380 85 121 151 20 22 470 22 54 25 565 10394 33 26 24 136 62 106 103 21 28
leaf_count=8631 66 443 345 365 120 655 968 89 885 193 49 54 1077 24 65 146 739 46 24 1027 22 31 358 42 154 29 30 133 1202 43 57 44 24 93 147 187 29 89 134 126 34 380 85 121 151 20 22 470 22 54 25 565 10394 33 26 24 136 62 106 103 21 28
internal_value=283.313 276.041 354.274 273.775 369.219 272.397 271.265 326.696 297.719 361.748 355.41 350.193 286.37 368.664 311.646 391.774 289.394 337.038 343.576 282.427 347.013 344.853 304.051 329.272 289.308 339.898 373.539 301.928 279.536 342.131 372.146 370.055 368.01 300.571 284.511 303.797 386.133 371.542 288.254 335.526 355.584 287.425 299.478 384.247 323.328 360.474 366.645 280.229 337.892 335.673 368.518 283.677 270.321 373.275 370.796 363.177 368.307 379.588 323.259 356.609 366.624 340.061
internal_weight=31867 28905 2962 26169 1921 23589 21195 1041 2736 1443 753 569 2580 690 424 478 1182 617 335 2394 515 468 1554 282 1745 289 497 1196 2170 416 473 416 372 1063 1739 253 332 184 1591 226 63 1457 970 303 193 153 135 835 202 180 47 1592 19025 219 186 113 162 182 171 123 52 373
internal_count=31867 28905 2962 26169 1921 23589 21195 1041 2736 1443 753 569 2580 690 424 478 1182 617 335 2394 515 468 1554 282 1745 289 497 1196 2170 416 473 416 372 1063 1739 253 332 184 1591 226 63 1457 970 303 193 153 135 835 202 180 47 1592 19025 219 186 113 162 182 171 123 52 373
is_linear=0
shrinkage=1


Tree=1
num_leaves=63
num_cat=0
split_feature=9 39 31 25 35 31 35 32 35 35 32 32 32 31 37 35 32 31 31 31 31 35 35 32 33 35 35 31 33 35 32 35 25 31 39 33 39 31 32 39 35 31 31 32 35 32 33 33 32 31 39 12 33 37 34 31 34 37 32 34 35 33
split_gain=5.93614e+09 7.20173e+08 2.86269e+08 1.7659e+08 1.57435e+08 4.03959e+07 3.8571e+07 3.46625e+07 3.41739e+07 2.94164e+07 2.48608e+07 2.72407e+07 2.37141e+07 2.07011e+07 1.74945e+07 1.39203e+07 1.18364e+07 1.12075e+07 1.06567e+07 1.02897e+07 9.09228e+06 8.71689e+06 7.91161e+06 7.2013e+06 7.17477e+06 6.72886e+06 6.22939e+06 6.08433e+06 5.91556e+06 5.80887e+06 5.67627e+06 5.55903e+06 5.15391e+06 5.43833e+06 5.02233e+06 5.00185e+06 4.85062e+06 4.55601e+06 4.41329e+06 4.25482e+06 4.16092e+06 4.13504e+06 4.12611e+06 3.82747e+06 3.8194e+06 3.79541e+06 3.44115e+06 4.6677e+06 3.08159e+06 2.97116e+06 2.97021e+06 2.92395e+06 2.82379e+06 2.78544e+06 2.7575e+06 2.74577e+06 2.70449e+06 2.67544e+06 2.63475e+06 2.63083e+06 2.53856e+06 3.14428e+06
threshold=1.0000000180025095e-35 1.0000000180025095e-35 261.45000000000005 1.0000000180025095e-35 492.75000000000011 376.55000000000007 330.45000000000005 242.55000000000004 304.85000000000008 940.45000000000016 1.8500000000000003 283.95000000000005 354.35000000000008 170.95000000000002 3.5000000000000004 838.80000000000018 386.85000000000008 54.150000000000013 187.85000000000005 343.95000000000005 343.95000000000005 789.1500000000002 116.65000000000002 410.95000000000005 437.75000000000006 967.45000000000016 495.25000000000006 211.85000000000005 18.550000000000004 690.95000000000016 7.3500000000000005 1351.1500000000003 1.0000000180025095e-35 54.150000000000013 1.0000000180025095e-35 237.25000000000003 1.0000000180025095e-35 198.05000000000004 333.65000000000003 1.0000000180025095e-35 442.35000000000008 339.55000000000007 60.550000000000004 195.95000000000002 1140.1000000000001 420.85000000000008 53.650000000000013 127.75000000000001 127.55000000000001 236.55000000000004 1.0000000180025095e-35 1.0000000180025095e-35 328.85000000000008 3.5000000000000004 199.35000000000005 115.25000000000001 24.850000000000005 3.5000000000000004 382.75000000000006 67.40000000000002 634.05000000000007 4.8500000000000005
decision_type=2 2 2 2 2 2 2 2 2 2 2 2 2 2 2 2 2 2 2 2 2 2 2 2 2 2 2 2 2 2 2 2 2 2 2 2 2 2 2 2 2 2 2 2 2 2 2 2 2 2 2 2 2 2 2 2 2 2 2 2 2 2
left_child=1 -1 4 8 7 12 27 13 37 14 40 24 25 22 17 20 42 52 55 29 45 51 -2 -20 26 30 -12 -5 34 -10 41 56 33 -11 -13 46 57 -3 -35 -40 -7 -4 -9 60 59 -8 -28 -48 -37 -15 54 -16 -6 -22 -23 58 -30 -14 -19 -17 61 -32
right_child=2 3 5 6 9 10 15 16 19 32 11 28 36 49 21 44 -18 18 23 -21 53 50 -24 -25 -26 -27 35 -29 31 -31 43 -33 -34 38 -36 48 -38 -39 39 -41 -42 -43 -44 -45 -46 -47 47 -49 -50 -51 -52 -53 -54 -55 -56 -57 -58 -59 -60 -61 -62 -63
leaf_value=-13.514702431585853 10.36029252409935 -8.3077396935671235 68.886048494066515 -1.686878571502135 80.041003735860201 101.2445057627919 9.6627433987634515 66.759555283714747 -2.3540049084996206 101.27878316243491 99.957057820195743 101.24652547715586 89.765342846251372 38.931056622449006 40.833360413981026 23.317830991288258 94.216824388504037 39.435921929099351 69.258090623866678 3.087191644213831 20.251062950759444 66.298510841701344 27.23138804628816 96.439848866182217 105.84980468750001 82.521460761093522 74.11180885246209 9.5676981969313193 92.09252767442149 1.3958300844658318 59.049058115160143 108.4124301147461 103.94371993453416 67.142337163289397 126.22582352249711 71.923034828587589 100.36106872558594 -3.2408652509222486 72.95100063410672 94.585950161548382 117.1507420247396 85.947699444110583 45.717076247447245 69.331173706054685 27.693855968274569 19.154245770273132 48.079531014271275 71.966533394747003 90.732452153224585 52.091913152145132 69.45758328437806 61.032531774611698 104.557892774499 7.495702077987346 43.115675937718358 62.629411095688027 75.859458471599382 71.875997647372159 59.571521615982057 16.008430836768621 66.910662497306362 40.860666307721822
leaf_weight=17027 92 1321 112 378 24 91 813 34 2447 27 23 79 57 157 122 261 20 33 86 2919 479 23 284 34 20 82 111 176 79 1787 74 40 27 66 27 38 76 668 44 47 75 52 74 119 228 121 39 43 51 59 64 21 23 47 29 97 38 33 32 233 49 35
leaf_count=17027 92 1321 112 378 24 91 813 34 2447 27 23 79 57 157 122 261 20 33 86 2919 479 23 284 34 20 82 111 176 79 1787 74 40 27 66 27 38 76 668 44 47 75 52 74 119 228 121 39 43 51 59 64 21 23 47 29 97 38 33 32 233 49 35
internal_value=-0.0148134 -6.92289 67.3984 2.5264 52.2482 83.3466 13.6705 35.2912 -0.808774 67.5286 91.3436 86.5196 74.5951 30.19 61.7816 16.6618 58.8846 69.4337 65.6662 0.803245 13.8534 52.0612 23.1034 76.9596 76.8385 69.3691 74.9361 1.88858 98.483 -0.771351 66.9236 92.3214 83.544 80.5506 107.609 72.8954 91.0601 -6.60604 76.9858 84.1251 108.431 74.2958 52.3416 62.5588 22.3409 10.8924 68.3734 60.6056 82.7015 42.5259 62.2457 43.7997 92.0386 19.1113 53.3696 57.3008 86.8202 83.2059 49.3488 19.8703 57.4581 53.2087
internal_weight=31867 28905 2962 11878 1519 1443 2736 720 9142 799 754 588 689 592 588 2182 128 329 282 7153 1460 259 376 120 325 523 305 554 263 4234 441 157 211 184 106 282 166 1989 157 91 166 164 108 277 722 934 193 82 89 216 116 143 47 526 52 162 117 90 65 494 158 109
internal_count=31867 28905 2962 11878 1519 1443 2736 720 9142 799 754 588 689 592 588 2182 128 329 282 7153 1460 259 376 120 325 523 305 554 263 4234 441 157 211 184 106 282 166 1989 157 91 166 164 108 277 722 934 193 82 89 216 116 143 47 526 52 162 117 90 65 494 158 109
is_linear=0
shrinkage=0.05


Tree=2
num_leaves=63
num_cat=0
split_feature=9 39 36 36 36 35 36 21 35 12 39 35 36 36 36 36 13 39 33 21 12 39 21 36 21 36 35 33 13 32 36 35 36 35 32 36 33 35 34 36 35 32 36 35 33 38 36 39 35 33 33 28 36 33 4 38 33 13 18 36 32 34
split_gain=5.35736e+09 6.49956e+08 4.01039e+08 1.06186e+08 7.54158e+07 5.26289e+07 2.09822e+07 2.1151e+07 1.97071e+07 1.85713e+07 1.84611e+07 1.29794e+07 1.2436e+07 1.14295e+07 1.05239e+07 8.42994e+06 7.89246e+06 7.46456e+06 7.02826e+06 5.78058e+06 6.98501e+06 5.56768e+06 5.38429e+06 4.75502e+06 4.35278e+06 5.42426e+06 4.16694e+06 4.16563e+06 3.97045e+06 3.78487e+06 3.61072e+06 3.44701e+06 5.97261e+06 3.37906e+06 3.11012e+06 3.08178e+06 2.97778e+06 2.94815e+06 2.93436e+06 2.92039e+06 2.79633e+06 2.69255e+06 2.68422e+06 2.41278e+06 2.24835e+06 2.20156e+06 2.19246e+06 2.17227e+06 2.15639e+06 2.10423e+06 4.49418e+06 1.96754e+06 1.91202e+06 1.86353e+06 1.83663e+06 1.83089e+06 1.82541e+06 1.81871e+06 1.79025e+06 1.73215e+06 1.70785e+06 1.61946e+06
threshold=1.0000000180025095e-35 1.0000000180025095e-35 204.51666666666668 345.05000000000013 217.45833333333334 327.35000000000008 266.78333333333336 1.0000000180025095e-35 333.45000000000005 1.0000000180025095e-35 1.0000000180025095e-35 747.75000000000011 131.81250000000003 424.12500000000006 166.41000000000003 387.95000000000005 1.0000000180025095e-35 1.0000000180025095e-35 55.850000000000001 1.0000000180025095e-35 1.0000000180025095e-35 1.0000000180025095e-35 1.0000000180025095e-35 303.91666666666674 1.0000000180025095e-35 294.5125000000001 104.55000000000003 57.95000000000001 1.0000000180025095e-35 398.85000000000008 299.32916666666671 712.95000000000016 194.51250000000002 690.95000000000016 396.45000000000005 221.96250000000003 442.95000000000005 125.75000000000001 22.100000000000005 385.0750000000001 317.75000000000006 440.45000000000005 157.21000000000004 978.05000000000007 317.35000000000008 1.0000000180025095e-35 123.86250000000003 1.0000000180025095e-35 176.95000000000002 107.75000000000001 230.95000000000002 1.0000000180025095e-35 387.95000000000005 295.15000000000003 1.0000000180025095e-35 1.0000000180025095e-35 330.95000000000005 1.0000000180025095e-35 1.0000000180025095e-35 227.72500000000002 29.850000000000005 1.0000000180025095e-35
decision_type=2 2 2 2 2 2 2 2 2 2 2 2 2 2 2 2 2 2 2 2 2 2 2 2 2 2 2 2 2 2 2 2 2 2 2 2 2 2 2 2 2 2 2 2 2 2 2 2 2 2 2 2 2 2 2 2 2 2 2 2 2 2
left_child=1 -1 5 6 8 12 7 9 37 16 22 15 26 17 18 40 21 39 46 20 28 59 30 45 25 -12 -2 -9 47 31 44 -21 -33 57 -27 -23 41 -3 -18 -5 -6 53 -10 -36 -8 51 -7 -16 -14 -37 -51 54 -19 -29 58 -25 -52 -20 61 -4 -44 -13
right_child=2 4 3 13 11 14 10 27 42 -11 24 23 48 -15 19 -17 38 52 33 29 -22 35 -24 55 -26 34 -28 36 -30 -31 -32 32 -34 -35 43 49 -38 -39 -40 -41 -42 -43 60 -45 -46 -47 -48 -49 -50 50 56 -53 -54 -55 -56 -57 -58 -59 -60 -61 -62 -63
leaf_value=-12.83896775947186 7.418522667162347 -8.9947995409869517 45.434523936473965 82.54054206542969 -0.11157995102341994 37.841705579757694 59.429458798980718 92.258251704001921 -2.0534868808463216 88.165381791856561 76.499573053865362 8.3346749708264856 28.320890324910483 109.65597036701359 34.069831289878259 8.5237616544071333 90.194333440607252 100.03821210639421 31.163273248472418 76.227247980366585 69.017476288931718 50.533836291698698 88.44810388353136 11.475877969813716 105.29886452811104 85.793246278668391 22.062796131165133 75.782298316025148 60.213264226913452 42.511736025129046 72.831474766135216 47.966178462816323 78.328306640625001 55.293181762695319 89.140434862219777 57.370812315615744 92.068204706365407 -4.8196392870645752 65.156624588012704 94.10236117962711 3.499755329575208 86.824727551142374 5.0960867231913118 111.17822186505353 72.922486393626144 3.3558584553787494 56.52701960132547 46.899632513701029 40.203333282470709 84.263426073859719 55.472482634753717 3.0833511013076418 115.99911066691082 61.267181213696801 3.7748157049273399 6.9491273858672704 73.325709256258889 44.185431168296127 4.7050529409071498 53.754012320602648 0.7625805170182689 13.047334999828497
leaf_weight=17027 66 596 99 125 694 20 125 49 836 54 117 429 60 146 65 773 22 86 143 46 35 47 36 1033 28 101 184 41 32 21 192 46 25 20 23 55 22 1455 25 97 2355 24 259 27 41 419 73 67 105 34 41 210 24 48 182 285 22 33 174 170 1861 317
leaf_count=17027 66 596 99 125 694 20 125 49 836 54 117 429 60 146 65 773 22 86 143 46 35 47 36 1033 28 101 184 41 32 21 192 46 25 20 23 55 22 1455 25 97 2355 24 259 27 41 419 73 67 105 34 41 210 24 48 182 285 22 33 174 170 1861 317
internal_value=-0.014073 -6.57675 64.0285 77.5721 2.40008 39.036 70.8062 65.0347 -2.26705 60.2694 77.1047 5.80109 25.2284 97.9969 48.1897 3.86011 57.3444 92.8698 41.1891 54.1932 48.74 55.3829 70.0159 8.23416 86.5405 84.5806 18.1967 79.7709 44.4124 62.0569 68.1624 65.565 58.6571 35.818 90.8421 61.7235 75.2385 -6.0329 76.8764 87.5923 2.67776 71.9619 0.34585 101.041 62.7621 6.5112 52.5087 40.5819 35.8824 65.1835 69.6133 7.51889 103.521 67.9539 8.36413 10.497 61.7069 33.6049 9.27202 50.6922 1.292 10.3372
internal_weight=31867 28905 2962 1921 11878 1041 1443 753 5007 569 690 6871 415 478 626 3822 515 332 289 337 199 468 394 3049 296 268 250 184 164 138 358 117 71 196 151 199 135 2051 47 222 3049 113 2956 50 166 1731 93 132 165 152 97 1312 110 89 1102 1318 63 176 920 269 2120 746
internal_count=31867 28905 2962 1921 11878 1041 1443 753 5007 569 690 6871 415 478 626 3822 515 332 289 337 199 468 394 3049 296 268 250 184 164 138 358 117 71 196 151 199 135 2051 47 222 3049 113 2956 50 166 1731 93 132 165 152 97 1312 110 89 1102 1318 63 176 920 269 2120 746
is_linear=0
shrinkage=0.05


Tree=3
num_leaves=63
num_cat=0
split_feature=9 39 36 25 36 36 36 36 36 39 7 12 32 36 36 36 36 32 25 2 39 13 23 33 36 32 2 36 32 13 32 11 36 7 25 2 36 33 32 12 25 36 7 11 36 32 33 36 23 37 32 33 37 24 36 7 13 36 33 32 32 11
split_gain=4.83502e+09 5.86586e+08 3.61938e+08 1.58709e+08 9.58329e+07 4.68099e+07 4.51424e+07 3.26009e+07 1.89365e+07 1.66611e+07 1.65162e+07 1.50616e+07 1.09441e+07 1.03151e+07 8.46246e+06 7.76671e+06 7.75039e+06 7.40923e+06 7.27718e+06 7.01237e+06 6.73677e+06 5.81254e+06 5.59929e+06 5.45983e+06 5.17773e+06 4.97352e+06 4.70597e+06 4.6896e+06 4.40482e+06 4.32009e+06 4.17506e+06 4.01253e+06 3.76985e+06 3.64653e+06 3.56428e+06 3.54866e+06 3.40376e+06 3.33333e+06 3.62559e+06 3.21248e+06 3.20932e+06 3.07328e+06 3.02234e+06 2.84638e+06 2.74533e+06 2.67105e+06 3.34622e+06 2.63565e+06 2.56672e+06 2.54841e+06 2.55075e+06 2.52839e+06 3.30502e+06 2.25905e+06 2.41958e+06 2.19122e+06 2.18497e+06 1.88566e+06 3.38326e+06 1.85105e+06 1.81964e+06 1.78837e+06
threshold=1.0000000180025095e-35 1.0000000180025095e-35 204.51666666666668 1.0000000180025095e-35 345.05000000000013 123.86250000000003 220.91250000000005 196.81666666666669 266.78333333333336 1.0000000180025095e-35 1.0000000180025095e-35 1.0000000180025095e-35 1.0000000180025095e-35 424.12500000000006 130.25833333333335 166.41000000000003 325.31250000000006 398.85000000000008 1.0000000180025095e-35 1.0000000180025095e-35 1.0000000180025095e-35 1.0000000180025095e-35 1.0000000180025095e-35 439.35000000000008 118.31250000000001 19.950000000000003 1.0000000180025095e-35 285.45833333333337 1.0000000180025095e-35 1.0000000180025095e-35 476.25000000000006 1.0000000180025095e-35 327.63333333333338 1.0000000180025095e-35 1.0000000180025095e-35 1.0000000180025095e-35 294.5125000000001 274.45000000000005 141.75000000000003 1.0000000180025095e-35 1.0000000180025095e-35 299.32916666666671 1.0000000180025095e-35 1.0000000180025095e-35 78.441666666666677 396.45000000000005 140.75000000000003 385.0750000000001 1.0000000180025095e-35 2.5000000000000004 206.95000000000002 90.950000000000017 2.5000000000000004 1.0000000180025095e-35 259.61250000000007 1.0000000180025095e-35 1.0000000180025095e-35 248.08750000000001 18.550000000000004 1.0000000180025095e-35 304.35000000000008 1.0000000180025095e-35
decision_type=2 2 2 2 2 2 2 2 2 2 2 2 2 2 2 2 2 2 2 2 2 2 2 2 2 2 2 2 2 2 2 2 2 2 2 2 2 2 2 2 2 2 2 2 2 2 2 2 2 2 2 2 2 2 2 2 2 2 2 2 2 2
left_child=1 -1 5 7 8 28 14 24 11 30 27 17 -7 20 -5 29 26 18 21 22 47 23 31 53 -3 -17 33 -9 -2 39 41 32 -12 43 37 42 40 56 -39 51 -11 49 61 48 -30 -38 -47 -6 -8 -10 -51 52 -14 54 -4 -26 -27 58 -19 -16 -52 -18
right_child=2 3 4 6 13 12 16 10 9 36 19 -13 15 -15 59 25 35 57 -20 -21 -22 -23 -24 -25 55 34 -28 -29 44 -31 -32 -33 -34 -35 -36 -37 45 38 -40 -41 -42 -43 -44 -45 -46 46 -48 -49 -50 50 60 -53 -54 -55 -56 -57 -58 -59 -60 -61 -62 -63
leaf_value=-12.19701942170073 10.776660747569183 -8.0196592848999995 52.551784874832698 -1.3314135831902456 78.413515307617189 29.26671604465794 11.746828944768225 -2.1216733430943759 54.35473417903102 72.325803429225715 0.70535293585705094 85.81548126220703 32.099361778373151 104.17316986502033 2.0861517686296156 70.914540303548179 20.634851972713221 82.026581573486339 74.263272121034831 15.562351512599301 98.344560616233139 73.919336774349219 13.900542258539943 75.521162550789981 -4.636901298010641 42.591171291753568 25.333867641975143 1.199538948786637 13.963836080908775 53.200140428543094 87.186854387366267 12.102771136576568 6.2911794413161539 24.547021374248324 65.955382232666011 38.433272933959962 82.484155431783435 44.208047275913174 67.683051029004545 52.337948599457746 91.096990493248256 69.723442958263647 40.758730134509861 22.951249748951682 27.406498635871504 79.748914413452155 105.38664533342636 89.397240959246133 22.152055165217476 79.575466508131768 48.488159766197207 28.601669809080306 48.185802796629616 42.00558899329468 64.60285750044153 -1.0933479923982008 56.969050733504758 80.437347011077108 58.953139862101125 9.009083790996808 66.282904624938965 33.651690455845426
leaf_weight=17027 87 982 366 329 125 111 672 2052 86 106 862 60 67 146 111 30 458 24 58 154 110 40 141 28 1551 179 116 2205 50 54 23 123 465 84 30 36 106 29 38 32 29 188 21 74 158 20 35 97 65 26 20 84 61 44 47 607 31 39 47 742 51 28
leaf_count=17027 87 982 366 329 125 111 672 2052 86 106 862 60 67 146 111 30 458 24 58 154 110 40 141 28 1551 179 116 2205 50 54 23 123 465 84 30 36 106 29 38 32 29 188 21 74 158 20 35 97 65 26 20 84 61 44 47 607 31 39 47 742 51 28
internal_value=-0.0133694 -6.24791 60.8271 2.28008 73.6935 37.0842 12.8449 -0.881739 67.2659 73.2495 1.2779 61.783 43.7516 93.0971 5.48077 46.2836 18.4462 59.7023 57.4566 5.37457 88.2263 55.5998 4.38845 54.0889 -5.00981 51.4835 15.8584 -0.401384 20.2237 40.4032 66.5151 3.46349 2.66271 14.6303 49.5847 23.2643 82.2134 47.8117 57.5222 37.5711 76.3581 65.2336 22.1873 13.6031 24.1751 87.1232 96.0638 83.2127 12.6645 60.6211 66.1768 35.3421 39.7656 52.7758 53.9232 -3.64017 44.7136 71.6045 66.7526 8.10821 61.2703 21.3848
internal_weight=31867 28905 2962 11878 1921 1041 2736 9142 1443 690 6002 753 746 478 1182 635 1554 693 583 1745 332 525 1591 485 3140 337 1011 4257 295 298 394 1450 1327 895 307 543 296 277 67 244 135 371 507 811 208 161 55 222 737 183 97 212 128 457 413 2158 210 110 71 853 71 486
internal_count=31867 28905 2962 11878 1921 1041 2736 9142 1443 690 6002 753 746 478 1182 635 1554 693 583 1745 332 525 1591 485 3140 337 1011 4257 295 298 394 1450 1327 895 307 543 296 277 67 244 135 371 507 811 208 161 55 222 737 183 97 212 128 457 413 2158 210 110 71 853 71 486
is_linear=0
shrinkage=0.05


Tree=4
num_leaves=63
num_cat=0
split_feature=9 39 36 25 36 36 36 36 21 36 21 7 12 39 12 36 36 36 25 2 39 31 2 31 33 36 36 23 7 36 36 36 7 32 25 36 33 36 33 39 11 39 31 31 36 11 32 23 36 36 32 36 31 8 21 34 33 7 33 12 33 31
split_gain=4.3636e+09 5.29394e+08 3.26649e+08 1.43235e+08 8.64892e+07 4.22459e+07 4.07411e+07 2.94223e+07 1.86994e+07 2.24212e+07 1.59456e+07 1.49059e+07 1.46556e+07 1.34031e+07 1.22356e+07 9.4109e+06 7.63737e+06 7.1636e+06 6.75617e+06 6.32866e+06 5.95732e+06 5.63456e+06 5.49777e+06 5.49026e+06 5.67012e+06 5.3148e+06 5.2992e+06 5.05336e+06 5.02342e+06 4.69311e+06 4.6729e+06 4.23236e+06 4.17741e+06 3.97535e+06 3.9741e+06 3.74577e+06 3.70393e+06 3.66357e+06 3.58428e+06 3.40903e+06 3.18944e+06 3.04298e+06 2.95043e+06 2.93098e+06 4.34723e+06 2.75434e+06 2.55766e+06 2.51669e+06 2.48003e+06 2.4203e+06 2.40156e+06 2.32014e+06 2.237e+06 2.18691e+06 2.0332e+06 2.01611e+06 1.98006e+06 1.97758e+06 1.89665e+06 1.85753e+06 1.85568e+06 1.83771e+06
threshold=1.0000000180025095e-35 1.0000000180025095e-35 204.51666666666668 1.0000000180025095e-35 345.05000000000013 123.86250000000003 220.91250000000005 196.81666666666669 1.0000000180025095e-35 265.25500000000005 1.0000000180025095e-35 1.0000000180025095e-35 1.0000000180025095e-35 1.0000000180025095e-35 1.0000000180025095e-35 440.65000000000003 130.25833333333335 364.8250000000001 1.0000000180025095e-35 1.0000000180025095e-35 1.0000000180025095e-35 52.150000000000013 1.0000000180025095e-35 121.75000000000001 62.350000000000001 240.05833333333337 166.41000000000003 1.0000000180025095e-35 1.0000000180025095e-35 294.5125000000001 118.31250000000001 285.45833333333337 1.0000000180025095e-35 1.0000000180025095e-35 1.0000000180025095e-35 376.6375000000001 134.25000000000003 385.0750000000001 87.250000000000014 1.0000000180025095e-35 1.0000000180025095e-35 1.0000000180025095e-35 378.65000000000003 127.75000000000001 299.32916666666671 1.0000000180025095e-35 396.45000000000005 1.0000000180025095e-35 82.925000000000026 173.16750000000005 350.45000000000005 387.95000000000005 64.65000000000002 1.0000000180025095e-35 1.0000000180025095e-35 106.25000000000001 201.35000000000005 1.0000000180025095e-35 365.95000000000005 1.0000000180025095e-35 155.05000000000004 170.95000000000002
decision_type=2 2 2 2 2 2 2 2 2 2 2 2 2 2 2 2 2 2 2 2 2 2 2 2 2 2 2 2 2 2 2 2 2 2 2 2 2 2 2 2 2 2 2 2 2 2 2 2 2 2 2 2 2 2 2 2 2 2 2 2 2 2
left_child=1 -1 5 7 8 33 16 30 9 12 14 31 18 43 26 20 -5 22 28 27 37 -12 32 -23 42 38 52 35 53 34 -3 -9 40 -2 -15 45 -26 -6 -10 56 47 -28 -25 -11 50 -13 -31 -8 -35 -38 -45 -22 -7 -4 59 -20 -27 -32 -58 -18 -48 -40
right_child=2 3 4 6 15 10 17 11 25 13 21 19 -14 29 -16 -17 54 -19 55 -21 51 23 -24 24 36 39 41 -29 -30 46 57 -33 -34 48 -36 -37 49 -39 61 -41 -42 -43 -44 44 -46 -47 60 -49 -50 -51 -52 -53 -54 -55 -56 -57 58 -59 -60 -61 -62 -63
leaf_value=-11.587168347481981 10.237827913788543 -7.6186763031025038 46.373333871105444 -1.2648429191945896 74.492838061523443 42.220995130993074 11.785267288241499 -2.0155896771483155 81.87066816057478 78.347402064005536 68.670240079439608 1.2647633550299915 79.195746876643256 64.075565574504438 57.012078094283744 102.16917040275806 4.7046319462928423 23.728761586663445 60.026019593441134 14.784233888016118 90.119073264543403 33.62326673082277 25.250373651748315 56.225503389952614 28.826976231166295 88.176620009849813 33.785266258923905 13.205515204021271 64.73002398876433 77.379376167826138 -4.4050562429262854 1.1395620107894042 24.590270346467214 14.588196939037694 86.11227645874024 8.4171548036428607 39.826977758696586 86.309785660453471 49.560825576782229 94.397371453179261 22.748228906533299 46.191899045102012 77.584244849465108 56.660568134351209 65.346120366548234 9.7548582995505555 80.339727263017139 21.245572518683101 26.5241744087167 57.739893380078399 39.152771535127066 106.26807963053386 24.934455369516861 60.201596315445443 10.974897354636036 79.566714338822806 61.004886892567519 -1.0386806032878135 79.386131297217489 13.081331209083658 99.744825581141882 67.061831995646159
leaf_weight=17027 87 982 368 329 125 21 808 2052 35 24 39 1059 52 96 60 99 471 358 33 154 86 51 133 61 28 29 138 141 47 101 1551 2205 93 62 26 286 33 138 20 45 85 77 22 132 190 105 22 77 146 44 23 30 172 31 305 22 23 607 36 77 28 60
leaf_count=17027 87 982 368 329 125 21 808 2052 35 24 39 1059 52 96 60 99 471 358 33 154 86 51 133 61 28 29 138 141 47 101 1551 2205 93 62 26 286 33 138 20 45 85 77 22 132 190 105 22 77 146 44 23 30 172 31 305 22 23 607 36 77 28 60
internal_value=-0.0127009 -5.93552 57.7857 2.16607 70.0088 35.23 12.2027 -0.837652 63.9026 61.3097 41.564 1.214 53.9303 67.6661 35.93 88.4422 5.20673 17.5239 51.3079 5.10585 84.8566 51.0487 15.6666 48.1732 52.1203 76.3968 32.8297 4.16903 49.2689 76.0653 -4.75932 -0.381314 14.4675 19.2125 68.7719 3.29031 44.4 80.6934 68.5252 83.2031 13.4969 38.2286 61.8869 61.4521 60.2767 2.03062 81.9579 12.6084 22.9663 50.0629 54.0626 94.2955 26.8154 47.4477 7.7028 67.8423 77.4788 -3.45817 72.2206 5.88165 91.2066 62.6866
internal_weight=31867 28905 2962 11878 1921 1041 2736 9142 1443 1195 746 6002 553 642 468 478 1182 1554 501 1745 379 278 1196 239 188 248 408 1591 446 273 3140 4257 1063 295 122 1450 105 263 115 133 970 215 83 369 345 1164 151 885 208 77 155 116 193 399 853 55 88 2158 59 548 50 80
internal_count=31867 28905 2962 11878 1921 1041 2736 9142 1443 1195 746 6002 553 642 468 478 1182 1554 501 1745 379 278 1196 239 188 248 408 1591 446 273 3140 4257 1063 295 122 1450 105 263 115 133 970 215 83 369 345 1164 151 885 208 77 155 116 193 399 853 55 88 2158 59 548 50 80
is_linear=0
shrinkage=0.05


Tree=5
num_leaves=63
num_cat=0
split_feature=9 39 36 25 36 35 36 36 21 7 36 36 39 36 12 13 36 12 21 39 36 35 2 25 36 23 34 2 36 36 24 7 33 35 32 13 36 36 23 35 25 33 23 25 33 4 11 11 38 33 35 34 24 33 23 36 35 33 32 40 35 36
split_gain=3.9825e+09 4.72025e+08 2.92336e+08 1.28274e+08 7.44929e+07 4.91507e+07 3.77315e+07 2.7378e+07 2.32039e+07 1.53399e+07 1.37028e+07 1.29502e+07 1.33694e+07 1.02486e+07 1.00997e+07 9.20932e+06 8.48842e+06 9.7278e+06 1.00581e+07 8.36636e+06 7.94789e+06 6.81431e+06 6.72927e+06 5.95856e+06 5.22829e+06 4.99709e+06 4.84537e+06 4.73281e+06 4.64899e+06 4.55527e+06 4.4934e+06 4.28028e+06 4.08074e+06 4.05566e+06 3.83698e+06 3.4798e+06 3.27964e+06 3.18149e+06 2.88648e+06 2.76725e+06 2.75378e+06 2.91462e+06 2.68165e+06 2.61176e+06 2.47359e+06 2.39391e+06 2.37109e+06 2.33212e+06 2.30299e+06 2.21369e+06 2.00759e+06 2.00572e+06 1.98482e+06 1.96786e+06 1.91908e+06 1.9434e+06 1.90589e+06 1.88127e+06 1.87325e+06 1.84191e+06 1.84069e+06 1.8322e+06
threshold=1.0000000180025095e-35 1.0000000180025095e-35 209.12916666666669 1.0000000180025095e-35 323.02500000000003 314.35000000000008 211.48750000000004 188.61250000000004 1.0000000180025095e-35 1.0000000180025095e-35 272.41250000000008 424.12500000000006 1.0000000180025095e-35 128.62500000000003 1.0000000180025095e-35 1.0000000180025095e-35 136.7416666666667 1.0000000180025095e-35 1.0000000180025095e-35 1.0000000180025095e-35 364.8250000000001 281.55000000000007 1.0000000180025095e-35 1.0000000180025095e-35 370.65000000000009 1.0000000180025095e-35 22.100000000000005 1.0000000180025095e-35 193.32500000000002 307.47500000000008 1.0000000180025095e-35 1.0000000180025095e-35 62.350000000000001 264.45000000000005 145.65000000000001 1.0000000180025095e-35 352.12500000000006 193.32500000000002 1.0000000180025095e-35 96.050000000000011 1.0000000180025095e-35 269.40000000000003 1.0000000180025095e-35 1.0000000180025095e-35 96.15000000000002 1.0000000180025095e-35 1.0000000180025095e-35 1.0000000180025095e-35 1.0000000180025095e-35 2.6500000000000008 634.05000000000007 9.2000000000000011 1.0000000180025095e-35 19.750000000000004 1.0000000180025095e-35 379.48750000000007 477.25000000000006 116.25000000000001 414.85000000000008 1.5000000000000002 172.85000000000005 293.01666666666671
decision_type=2 2 2 2 2 2 2 2 2 2 2 2 2 2 2 2 2 2 2 2 2 2 2 2 2 2 2 2 2 2 2 2 2 2 2 2 2 2 2 2 2 2 2 2 2 2 2 2 2 2 2 2 2 2 2 2 2 2 2 2 2 2
left_child=1 -1 5 7 8 13 21 33 10 29 14 12 24 39 15 23 53 18 35 50 27 -5 25 52 48 36 -17 31 32 -9 45 38 49 -3 -21 43 46 51 47 -2 41 -36 -22 -18 -37 59 -11 -8 -6 56 61 -19 58 -7 55 -14 -20 -52 -4 -10 -15 -12
right_child=2 3 4 6 11 16 20 9 30 22 19 -13 54 60 -16 26 17 37 28 34 42 -23 -24 -25 -26 -27 -28 -29 -30 -31 -32 -33 -34 -35 40 44 -38 -39 -40 -41 -42 -43 -44 -45 -46 -47 -48 -49 -50 -51 57 -53 -54 -55 -56 -57 -58 -59 -60 -61 -62 -63
leaf_value=-11.007735010212144 3.8935010781265653 -7.1749156258114217 45.346576933066054 -1.6747467740188349 67.33121519224018 41.676809928291725 10.866143088985975 -1.8415870573787634 68.503441895378955 0.91390599766228253 46.031932105270087 94.746550196366343 82.090094350654397 22.835973998039002 72.319306528343347 87.636621926047596 30.376099974513057 65.117665031978063 61.878990612030037 90.650140845257312 21.717393113335095 6.8835921787465963 14.549348195467466 63.873159011205047 77.964539543358057 12.614592483239687 55.150681845347087 23.332411861419679 63.826513503579534 1.4262242969779009 55.694310839422819 23.121532294819659 41.370561371865819 -3.334280048953973 59.646615773981274 58.751492813110353 7.0360756508165139 80.215319747924809 20.775650162947809 16.951828113043241 84.424311701456702 74.415896781016201 39.744800914417617 47.46234330397386 36.030865225584613 62.168724975585945 8.4854732131958013 19.22775114308233 49.937645860151811 69.727482813054863 76.481026363372806 44.386111674308779 34.814435543374316 28.346544295315649 96.212828409446871 98.110244883661693 41.170891687393194 59.544594261672472 58.386600786844895 81.105608304775004 33.445824201504387 57.824575694914792
leaf_weight=16977 53 1194 336 342 141 38 891 2812 36 1025 51 139 107 62 53 22 160 28 20 23 331 727 162 48 148 149 24 133 51 1718 29 103 122 1620 77 25 381 20 95 173 24 59 22 26 23 25 115 92 22 22 20 20 41 102 53 23 25 91 30 149 120 93
leaf_count=16977 53 1194 336 342 141 38 891 2812 36 1025 51 139 107 62 53 22 160 28 20 23 331 727 162 48 148 149 24 133 51 1718 29 103 122 1620 77 25 381 20 95 173 24 59 22 26 23 25 115 92 22 22 20 20 41 102 53 23 25 91 30 149 120 93
internal_value=0.000203672 -5.65411 55.2972 1.97589 67.3253 34.7281 11.4779 -0.857321 60.1576 0.959071 56.7882 81.2643 77.4707 21.0009 51.563 49.3672 42.9403 45.7753 43.2382 63.3972 16.1799 4.14556 4.81981 47.2118 71.161 3.87599 70.6874 14.3905 50.4301 -0.602271 74.1431 13.3835 46.8152 -4.96389 71.5544 35.8619 3.01994 63.4606 12.453 13.8895 68.8094 66.0539 22.8409 32.7645 47.8645 76.6908 1.6777 11.6487 64.9836 56.7292 57.5431 56.4795 45.2468 31.9648 88.1937 84.9244 50.3745 62.5962 46.4154 78.6533 29.8315 53.648
internal_weight=31843 28889 2954 11912 1864 1090 2736 9176 1231 6362 992 633 494 408 554 501 682 542 474 438 1667 1069 1832 455 311 1670 46 1314 240 4530 239 1181 189 2814 183 234 1521 68 1078 226 160 136 353 186 48 210 1140 983 163 67 255 48 407 140 183 130 45 111 366 185 182 144
internal_count=31843 28889 2954 11912 1864 1090 2736 9176 1231 6362 992 633 494 408 554 501 682 542 474 438 1667 1069 1832 455 311 1670 46 1314 240 4530 239 1181 189 2814 183 234 1521 68 1078 226 160 136 353 186 48 210 1140 983 163 67 255 48 407 140 183 130 45 111 366 185 182 144
is_linear=0
shrinkage=0.05


Tree=6
num_leaves=63
num_cat=0
split_feature=9 39 36 25 36 36 36 36 21 21 12 36 36 39 7 12 25 33 13 36 36 13 36 2 33 36 36 36 7 24 36 25 2 23 7 21 36 25 23 33 23 36 4 39 32 36 24 39 21 32 23 32 25 32 39 33 36 36 32 36 23 2
split_gain=3.5942e+09 4.26002e+08 2.63833e+08 1.15767e+08 6.72298e+07 4.23945e+07 3.40526e+07 2.48397e+07 2.09415e+07 1.41813e+07 1.4658e+07 1.25413e+07 1.16875e+07 1.20659e+07 1.12687e+07 9.20042e+06 8.99534e+06 7.37207e+06 7.24172e+06 7.17297e+06 6.98275e+06 6.39141e+06 5.91728e+06 5.42778e+06 5.39766e+06 5.19298e+06 4.71854e+06 4.48962e+06 4.30343e+06 4.05529e+06 4.01409e+06 3.96245e+06 3.91591e+06 3.82393e+06 3.48248e+06 3.40782e+06 2.78533e+06 2.67568e+06 2.60505e+06 2.45752e+06 2.42019e+06 2.32494e+06 2.1605e+06 2.05483e+06 3.43297e+06 2.02768e+06 2.00451e+06 1.96126e+06 1.83049e+06 1.75462e+06 1.73197e+06 1.87846e+06 2.16224e+06 1.71043e+06 1.69718e+06 3.30288e+06 1.83857e+06 1.67265e+06 2.02477e+06 1.66906e+06 1.66525e+06 4.25105e+06
threshold=1.0000000180025095e-35 1.0000000180025095e-35 209.12916666666669 1.0000000180025095e-35 323.02500000000003 127.02500000000002 211.48750000000004 238.91250000000005 1.0000000180025095e-35 1.0000000180025095e-35 1.0000000180025095e-35 262.54166666666674 424.12500000000006 1.0000000180025095e-35 1.0000000180025095e-35 1.0000000180025095e-35 1.0000000180025095e-35 459.35000000000008 1.0000000180025095e-35 364.8250000000001 147.81250000000003 1.0000000180025095e-35 193.32500000000002 1.0000000180025095e-35 62.350000000000001 157.21000000000004 370.65000000000009 68.375000000000014 1.0000000180025095e-35 1.0000000180025095e-35 166.41000000000003 1.0000000180025095e-35 1.0000000180025095e-35 1.0000000180025095e-35 1.0000000180025095e-35 1.0000000180025095e-35 140.98750000000004 1.0000000180025095e-35 1.0000000180025095e-35 96.15000000000002 1.0000000180025095e-35 382.3250000000001 1.0000000180025095e-35 1.0000000180025095e-35 446.55000000000007 376.6375000000001 1.0000000180025095e-35 1.0000000180025095e-35 1.0000000180025095e-35 446.55000000000007 1.0000000180025095e-35 317.55000000000007 1.0000000180025095e-35 402.85000000000008 1.0000000180025095e-35 201.35000000000005 233.41666666666669 289.95500000000004 253.05000000000004 373.58333333333343 1.0000000180025095e-35 1.0000000180025095e-35
decision_type=2 2 2 2 2 2 2 2 2 2 2 2 2 2 2 2 2 2 2 2 2 2 2 2 2 2 2 2 2 2 2 2 2 2 2 2 2 2 2 2 2 2 2 2 2 2 2 2 2 2 2 2 2 2 2 2 2 2 2 2 2 2
left_child=1 -1 5 7 8 27 25 20 11 10 21 15 13 26 41 18 17 43 31 28 -3 30 24 33 -11 -5 -6 -2 32 42 -7 46 38 45 -22 -29 -26 -32 -8 -23 -21 60 54 49 57 -16 53 -38 -27 -13 51 -15 59 -4 55 -10 -56 58 -45 -53 -9 -62
right_child=2 3 4 6 12 9 19 14 29 22 -12 16 -14 50 23 -17 -18 -19 -20 40 34 39 -24 -25 36 48 -28 35 -30 -31 37 -33 -34 -35 -36 -37 47 -39 -40 -41 -42 -43 -44 44 -46 -47 -48 -49 -50 -51 -52 52 -54 -55 56 -57 -58 -59 -60 -61 61 -63
leaf_value=-10.457348199909411 4.551078426837921 -6.0465815107791361 41.760482211971798 0.26234623263534823 61.73443600239198 21.738002836540957 11.066278908499504 -1.4629374106573876 80.20888227496232 53.449476874351504 57.713857766201627 52.409977214410901 90.009221489995511 67.714556022312337 2.6067572819231777 69.116511809307596 81.978568916320796 83.775339447021494 66.347162909256781 20.631523881433953 -3.0275922628317571 54.557317503760842 62.680240638039336 15.94366019539914 22.778927115599316 5.1829613704133681 74.066314223005961 16.685594288168108 23.0909685684754 52.909594886056311 30.705462886687908 57.918077499525886 21.179156822776797 14.116257858456988 0.75886385644257359 29.071128306509578 37.086705498579072 49.94686592102051 19.736867929759782 34.352168061998157 37.757559689608485 2.6698843413369668 59.060288772583014 49.389509423573813 40.91652884483338 7.5472950459116221 29.5134055168398 50.828069334908541 11.189558155301938 67.739483610391616 91.402187217856351 74.667720235858042 94.851921539306645 55.670783329010014 69.568376668294277 63.834982282723956 87.83826580047608 69.069887363910681 65.147351463804853 91.455721435546877 0.1376268001095767 12.235117265880108
leaf_weight=16977 54 1613 279 506 163 146 983 1614 57 100 57 280 139 23 821 46 40 25 38 331 2178 34 55 118 24 370 148 187 111 29 187 42 125 99 842 79 82 20 95 27 22 746 25 36 20 278 31 38 193 20 53 57 30 24 21 67 40 64 47 20 787 80
leaf_count=16977 54 1613 279 506 163 146 983 1614 57 100 57 280 139 23 821 46 40 25 38 331 2178 34 55 118 24 370 148 187 111 29 187 42 125 99 842 79 82 20 95 27 22 746 25 36 20 278 31 38 193 20 53 57 30 24 21 67 40 64 47 20 787 80
internal_value=0.000193524 -5.3714 52.5324 1.87709 63.959 32.9917 10.904 -0.814455 57.1498 39.3486 33.9422 53.9488 77.2011 73.5972 1.81264 47.9028 59.1764 57.3226 45.5457 15.3709 -3.39052 30.6692 47.865 5.71213 44.5255 3.93829 67.603 17.6956 13.671 70.436 28.0867 43.4435 12.8018 4.70434 -1.9719 20.364 38.3283 32.5645 11.8304 45.6141 21.6989 0.222397 72.8563 55.9065 60.3518 3.8565 41.6233 41.4381 7.24206 53.4319 83.7841 80.6782 83.4648 42.8623 74.7206 71.3617 81.5486 62.9961 58.3126 79.0282 -0.513527 1.25389
internal_weight=31843 28889 2954 11912 1864 1090 2736 9176 1231 770 471 992 633 494 4543 460 532 492 414 1667 4633 414 299 1316 244 1069 311 320 1314 239 353 376 1203 1198 3020 266 144 207 1078 61 353 3227 210 467 167 1099 334 120 563 300 183 130 107 303 185 124 61 147 83 77 2481 867
internal_count=31843 28889 2954 11912 1864 1090 2736 9176 1231 770 471 992 633 494 4543 460 532 492 414 1667 4633 414 299 1316 244 1069 311 320 1314 239 353 376 1203 1198 3020 266 144 207 1078 61 353 3227 210 467 167 1099 334 120 563 300 183 130 107 303 185 124 61 147 83 77 2481 867
is_linear=0
shrinkage=0.05


Tree=7
num_leaves=63
num_cat=0
split_feature=9 39 36 25 36 35 36 36 21 36 12 7 36 39 31 31 25 13 33 36 35 25 2 34 33 36 23 35 35 36 35 36 35 33 37 35 7 31 36 32 33 31 39 31 8 2 31 38 35 31 31 39 38 31 32 32 33 31 21 23 23 32
split_gain=3.24377e+09 3.84467e+08 2.38583e+08 1.0448e+08 7.0195e+07 3.24074e+07 3.07325e+07 2.25386e+07 2.19493e+07 1.57497e+07 1.30379e+07 1.25255e+07 1.0548e+07 1.08895e+07 9.4238e+06 1.08737e+07 8.1183e+06 7.62373e+06 6.6533e+06 6.4736e+06 5.86356e+06 5.70321e+06 5.59023e+06 5.30299e+06 4.47399e+06 4.25848e+06 4.18748e+06 4.06246e+06 4.02813e+06 3.84222e+06 3.82546e+06 3.71027e+06 3.4977e+06 3.27628e+06 3.15336e+06 2.85128e+06 2.84975e+06 2.8299e+06 2.77976e+06 2.72429e+06 2.51097e+06 3.30235e+06 2.72233e+06 2.50828e+06 2.69745e+06 2.47748e+06 2.46983e+06 2.38655e+06 2.34666e+06 2.13943e+06 2.20368e+06 2.08856e+06 2.07845e+06 1.9445e+06 1.93966e+06 1.91331e+06 1.84626e+06 1.84177e+06 1.84124e+06 1.62834e+06 1.5631e+06 1.69531e+06
threshold=1.0000000180025095e-35 1.0000000180025095e-35 195.6166666666667 1.0000000180025095e-35 323.02500000000003 264.45000000000005 211.48750000000004 188.61250000000004 1.0000000180025095e-35 262.54166666666674 1.0000000180025095e-35 1.0000000180025095e-35 424.12500000000006 1.0000000180025095e-35 27.950000000000003 226.05000000000004 1.0000000180025095e-35 1.0000000180025095e-35 459.35000000000008 364.8250000000001 271.65000000000003 1.0000000180025095e-35 1.0000000180025095e-35 22.100000000000005 64.050000000000011 370.65000000000009 1.0000000180025095e-35 587.85000000000014 112.95000000000002 288.61000000000007 498.35000000000008 135.27083333333337 264.45000000000005 459.35000000000008 3.5000000000000004 612.95000000000016 1.0000000180025095e-35 310.25000000000006 323.02500000000003 468.75000000000006 55.850000000000001 81.550000000000011 1.0000000180025095e-35 68.950000000000017 1.0000000180025095e-35 1.0000000180025095e-35 392.85000000000008 1.0000000180025095e-35 887.1500000000002 121.75000000000001 162.95000000000002 1.0000000180025095e-35 1.0000000180025095e-35 434.55000000000007 189.75000000000003 308.35000000000008 402.75000000000006 372.45000000000005 1.0000000180025095e-35 1.0000000180025095e-35 1.0000000180025095e-35 317.55000000000007
decision_type=2 2 2 2 2 2 2 2 2 2 2 2 2 2 2 2 2 2 2 2 2 2 2 2 2 2 2 2 2 2 2 2 2 2 2 2 2 2 2 2 2 2 2 2 2 2 2 2 2 2 2 2 2 2 2 2 2 2 2 2 2 2
left_child=1 -1 5 7 8 28 20 32 9 10 17 29 13 25 31 30 18 21 35 27 -5 43 26 -19 37 52 38 -8 -2 -9 54 -7 -3 34 53 57 45 -17 -13 51 -32 -42 -43 -4 47 59 49 -45 -21 -37 -51 -36 -6 -10 -16 -48 -52 -11 -33 -29 61 -15
right_child=2 3 4 6 12 14 19 11 33 16 -12 22 -14 60 15 24 -18 23 -20 48 -22 -23 -24 -25 -26 -27 -28 36 -30 -31 40 58 -34 -35 39 46 -38 -39 -40 -41 41 42 -44 44 -46 -47 55 -49 -50 50 56 -53 -54 -55 -56 -57 -58 -59 -60 -61 -62 -63
leaf_value=-9.934481015553386 6.4058249805165435 -6.5530318092361375 21.820362455948541 -1.7880036883078674 60.877932106180396 33.822628680864973 9.0149601105738579 -1.9028928652715025 67.610847360437575 50.542497438039533 66.295038245519009 1.1717172924452508 85.5087593353052 64.328828894573718 18.448028447701219 41.340853161108299 77.879640502929703 78.902900071577605 79.586572448730465 18.264692515247273 6.2213489335928829 55.904007308337157 13.230911052079847 44.18653922297738 33.882558839118232 70.362996596259038 11.502167234164757 11.913779110918526 19.156884608060817 1.0153502406082715 45.844186585949316 49.630520253568086 -2.9863576024639666 82.429159839336705 54.459115211746905 66.088487315177915 23.312388492940549 57.216384684122524 5.6718180586144076 77.77266707647415 12.838411347762397 25.600790016174319 42.100283696174621 39.304733476733531 52.26883807462805 20.895076162106282 58.688075267035394 28.149944718678793 27.688319197568031 36.407437289844857 55.824326288315561 65.555950971962758 44.354041455008769 86.413672332763667 29.271098113426799 75.474176804224655 40.673702939351401 37.199128618547995 66.802989781565131 19.312027505145355 86.832077558985304 79.291547177216728
leaf_weight=16977 87 1194 23 331 141 24 432 2409 44 156 60 998 139 23 114 61 40 22 25 265 738 49 162 22 94 148 149 595 215 2121 31 37 1620 26 110 28 91 52 523 21 23 50 50 302 34 111 58 57 88 22 124 69 22 20 65 24 24 31 27 85 53 107
leaf_count=16977 87 1194 23 331 141 24 432 2409 44 156 60 998 139 23 114 61 40 22 25 265 738 49 162 22 94 148 149 595 215 2121 31 37 1620 26 110 28 91 52 523 21 23 50 50 302 34 111 58 57 88 22 124 69 22 20 65 24 24 31 27 85 53 107
internal_value=0.000183705 -5.10283 49.9058 1.78324 59.5378 28.943 10.3588 -0.773732 53.2564 50.033 44.2505 0.874325 73.341 69.9173 35.4155 32.943 56.2176 41.652 54.4565 14.6024 3.74137 39.7696 4.36297 61.5447 41.9421 64.2228 3.50273 12.9874 15.4836 -0.536537 27.349 50.5881 -4.49972 65.4945 63.8267 53.1112 14.9331 48.6464 2.71909 60.7354 33.1267 29.9214 33.8505 37.8692 38.8084 13.9691 56.304 37.5336 20.6139 53.282 51.1726 58.7367 58.6477 73.4867 22.3782 63.6011 53.3675 48.3305 56.8752 12.8386 79.5949 76.6443
internal_weight=31843 28889 2954 11912 2024 930 2736 9176 1391 1101 569 6362 633 494 628 540 532 509 492 1667 1069 465 1832 44 207 311 1670 1314 302 4530 333 88 2814 290 264 467 882 113 1521 200 154 123 100 416 393 791 280 359 353 198 170 179 163 64 179 82 148 187 64 680 183 130
internal_count=31843 28889 2954 11912 2024 930 2736 9176 1391 1101 569 6362 633 494 628 540 532 509 492 1667 1069 465 1832 44 207 311 1670 1314 302 4530 333 88 2814 290 264 467 882 113 1521 200 154 123 100 416 393 791 280 359 353 198 170 179 163 64 179 82 148 187 64 680 183 130
is_linear=0
shrinkage=0.05


Tree=8
num_leaves=63
num_cat=0
split_feature=9 39 31 25 35 31 35 31 35 32 7 32 32 32 32 32 35 35 39 33 31 31 33 35 33 35 32 31 39 31 32 23 31 7 31 31 35 35 31 11 32 33 32 34 32 11 11 33 39 31 33 33 33 31 33 32 28 35 32 32 31 37
split_gain=2.9275e+09 3.46982e+08 1.50424e+08 9.42933e+07 7.1224e+07 3.02794e+07 2.11425e+07 1.93663e+07 1.83574e+07 1.73632e+07 1.21555e+07 1.11414e+07 2.28395e+07 1.06105e+07 9.57166e+06 9.55079e+06 8.95268e+06 6.70967e+06 6.32617e+06 6.08868e+06 6.00841e+06 5.73915e+06 5.6808e+06 5.56181e+06 5.56179e+06 5.39591e+06 5.04743e+06 4.80436e+06 4.64933e+06 4.37064e+06 4.31258e+06 3.85131e+06 3.78578e+06 3.76894e+06 3.75711e+06 3.73312e+06 3.78867e+06 3.59154e+06 2.99013e+06 2.94752e+06 2.91064e+06 2.85622e+06 6.93665e+06 2.75907e+06 2.68215e+06 2.57444e+06 2.51369e+06 2.41385e+06 2.24473e+06 2.174e+06 2.06448e+06 2.03238e+06 2.01594e+06 1.99126e+06 1.89018e+06 1.8898e+06 1.86089e+06 1.76628e+06 1.78269e+06 1.74658e+06 2.01441e+06 1.74279e+06
threshold=1.0000000180025095e-35 1.0000000180025095e-35 221.95000000000002 1.0000000180025095e-35 415.05000000000007 357.45000000000005 284.95000000000005 40.000000000000007 333.45000000000005 333.65000000000003 1.0000000180025095e-35 308.35000000000008 63.150000000000013 203.00000000000003 87.750000000000014 270.75000000000006 845.95000000000016 998.25000000000011 1.0000000180025095e-35 19.750000000000004 56.250000000000007 326.15000000000003 311.35000000000008 137.55000000000004 303.30000000000001 1203.6500000000003 376.75000000000006 418.05000000000007 1.0000000180025095e-35 181.95000000000002 179.45000000000002 1.0000000180025095e-35 347.85000000000008 1.0000000180025095e-35 434.55000000000007 298.25000000000006 800.35000000000025 679.95000000000016 232.45000000000002 1.0000000180025095e-35 446.55000000000007 367.75000000000006 193.95000000000002 9.2000000000000011 367.85000000000008 1.0000000180025095e-35 1.0000000180025095e-35 257.05000000000007 1.0000000180025095e-35 302.05000000000007 84.950000000000017 172.55000000000004 18.550000000000004 158.95000000000002 335.05000000000007 29.850000000000005 1.0000000180025095e-35 501.65000000000003 69.250000000000014 9.9500000000000011 24.450000000000003 3.5000000000000004
decision_type=2 2 2 2 2 2 2 2 2 2 2 2 2 2 2 2 2 2 2 2 2 2 2 2 2 2 2 2 2 2 2 2 2 2 2 2 2 2 2 2 2 2 2 2 2 2 2 2 2 2 2 2 2 2 2 2 2 2 2 2 2 2
left_child=1 -1 4 8 13 9 53 24 38 17 32 12 19 23 34 37 21 35 61 27 -15 44 -16 -2 26 29 -6 -7 50 56 -26 46 -10 45 -14 36 52 -9 -3 51 -31 -39 -43 -37 -8 -18 49 -21 -24 -12 -13 -20 57 -5 -52 -23 -17 58 -4 -25 -61 -11
right_child=2 3 5 6 7 11 16 15 10 18 31 28 14 20 22 25 33 -19 39 47 -22 55 48 59 30 -27 -28 -29 -30 40 -32 -33 -34 -35 -36 43 -38 41 -40 -41 -42 42 -44 -45 -46 -47 -48 -49 -50 -51 54 -53 -54 -55 -56 -57 -58 -59 -60 60 -62 -63
leaf_value=-9.4377566776926134 8.5160202407075047 -5.7154032922987561 41.825178065444483 -2.9802421289109269 35.12281754357474 65.516349342664085 5.9455627611250463 27.132968256378174 -1.9550167729384764 57.469770655912512 0.60049970760587656 71.020236401225247 43.184385391076404 52.63330078125 50.443219856802187 39.145496949971943 13.726109806421761 60.892575073242192 67.221755265216444 44.061594535827638 25.497995472889322 16.35596524954645 58.511684593787564 25.340259821953314 52.10097063155402 66.568479267482104 64.884982615503773 80.616961093211742 79.204422531089165 48.310825700274968 79.023153417250697 10.86687688268097 0.86340330906437213 26.165205460033196 14.225090391295296 50.687236524832372 53.383145853678393 32.784519134985437 -1.7044914505766462 55.327657120316125 69.620137786865243 63.105892402895044 25.88761911448978 34.41582391103109 12.320409120463189 22.739187492350098 8.7803501001331536 65.821319286639877 76.230260675603688 4.2763751881368801 52.616978359222415 82.210680498395661 30.494306717456226 3.8387908150861549 71.141506304059718 10.738897282615405 53.307785885150615 50.708131229176246 29.912899406059928 32.603070259094238 15.778077431273017 44.344000032213003
leaf_weight=16977 133 1662 99 260 28 90 770 125 2845 85 758 86 24 34 219 215 535 64 49 25 51 297 39 124 21 29 29 127 123 59 51 179 2050 87 21 198 45 74 645 27 22 31 21 30 210 93 180 26 33 857 40 42 71 182 21 302 26 34 46 20 161 36
leaf_count=16977 133 1662 99 260 28 90 770 125 2845 85 758 86 24 34 219 215 535 64 49 25 51 297 39 124 21 29 29 127 123 59 51 179 2050 87 21 198 45 74 645 27 22 31 21 30 210 93 180 26 33 857 40 42 71 182 21 302 26 34 46 20 161 36
internal_value=0.00017469 -4.84769 47.4105 1.69408 34.2734 57.101 9.84087 44.3526 -0.735045 50.2369 0.561016 63.5881 59.8137 20.1856 51.1303 40.5853 11.7702 45.6112 61.5978 70.7004 36.3521 9.6683 54.4489 17.0483 61.9334 45.911 50.265 74.354 72.0316 44.0505 71.1709 3.87318 -0.774677 16.412 29.67 43.7412 40.0275 33.1378 -4.59402 69.8353 54.0985 39.0951 48.0754 48.5463 7.3116 15.0608 3.17576 55.1548 66.6327 2.5511 66.0299 74.1397 37.6234 -0.172405 58.9943 13.524 40.6734 40.4512 38.0461 20.7689 17.6372 53.5646
internal_weight=31843 28889 2954 11912 1254 1700 2736 731 9176 826 6869 874 604 523 336 602 2294 587 239 268 85 1579 291 438 129 351 57 217 270 322 72 1974 4895 715 45 523 295 251 2307 118 81 126 52 228 980 628 1795 51 72 1615 147 91 250 442 61 599 241 179 145 305 181 121
internal_count=31843 28889 2954 11912 1254 1700 2736 731 9176 826 6869 874 604 523 336 602 2294 587 239 268 85 1579 291 438 129 351 57 217 270 322 72 1974 4895 715 45 523 295 251 2307 118 81 126 52 228 980 628 1795 51 72 1615 147 91 250 442 61 599 241 179 145 305 181 121
is_linear=0
shrinkage=0.05


Tree=9
num_leaves=63
num_cat=0
split_feature=9 39 35 25 35 37 35 35 35 37 35 7 34 35 39 39 35 37 35 29 35 18 34 2 5 12 35 8 37 13 35 23 7 29 37 37 21 12 39 2 38 35 11 11 37 2 23 11 23 11 35 35 35 40 39 4 37 35 39 40 35 4
split_gain=2.64207e+09 3.13151e+08 1.33901e+08 8.50997e+07 2.81139e+07 4.83764e+07 1.90811e+07 1.65675e+07 1.5835e+07 1.4505e+07 1.62224e+07 1.09703e+07 1.05837e+07 1.85503e+07 8.90772e+06 8.86004e+06 8.07979e+06 6.84033e+06 6.06423e+06 5.42054e+06 5.16827e+06 5.01793e+06 4.71445e+06 4.65507e+06 4.56381e+06 5.55776e+06 4.09989e+06 3.97294e+06 3.80264e+06 3.6836e+06 3.81346e+06 3.55351e+06 3.40147e+06 3.38893e+06 3.29768e+06 2.84731e+06 4.43737e+06 4.90352e+06 2.9296e+06 2.71506e+06 2.63731e+06 2.59059e+06 2.49498e+06 2.48856e+06 2.46813e+06 2.3578e+06 5.43872e+06 3.86501e+06 2.42787e+06 3.60758e+06 2.35537e+06 2.34436e+06 2.26213e+06 2.72341e+06 2.14299e+06 2.13581e+06 2.12412e+06 2.10848e+06 3.67307e+06 2.06243e+06 2.02132e+06 1.98491e+06
threshold=1.0000000180025095e-35 1.0000000180025095e-35 314.35000000000008 1.0000000180025095e-35 818.95000000000016 1.5000000000000002 284.95000000000005 333.45000000000005 165.15000000000001 3.5000000000000004 582.6500000000002 1.0000000180025095e-35 9.2000000000000011 1140.1000000000001 1.0000000180025095e-35 1.0000000180025095e-35 845.95000000000016 1.5000000000000002 406.55000000000007 1.0000000180025095e-35 916.25000000000011 1.0000000180025095e-35 387.95000000000005 1.0000000180025095e-35 1.0000000180025095e-35 1.0000000180025095e-35 242.65000000000001 1.0000000180025095e-35 1.5000000000000002 1.0000000180025095e-35 420.45000000000005 1.0000000180025095e-35 1.0000000180025095e-35 1.0000000180025095e-35 2.5000000000000004 2.5000000000000004 1.0000000180025095e-35 1.0000000180025095e-35 1.0000000180025095e-35 1.0000000180025095e-35 1.0000000180025095e-35 567.95000000000016 1.0000000180025095e-35 1.0000000180025095e-35 2.5000000000000004 1.0000000180025095e-35 1.0000000180025095e-35 1.0000000180025095e-35 1.0000000180025095e-35 1.0000000180025095e-35 645.45000000000016 172.85000000000005 873.85000000000014 4.5000000000000009 1.0000000180025095e-35 1.0000000180025095e-35 3.5000000000000004 662.50000000000011 1.0000000180025095e-35 1.5000000000000002 87.250000000000014 1.0000000180025095e-35
decision_type=2 2 2 2 2 2 2 2 2 2 2 2 2 2 2 2 2 2 2 2 2 2 2 2 2 2 2 2 2 2 2 2 2 2 2 2 2 2 2 2 2 2 2 2 2 2 2 2 2 2 2 2 2 2 2 2 2 2 2 2 2 2
left_child=1 -1 8 7 5 18 -5 51 60 10 19 45 14 20 34 22 28 26 -4 21 52 24 -15 31 25 29 -10 35 -8 30 -7 42 39 57 -6 50 37 38 -37 43 61 -30 -13 -18 -32 48 47 -47 -9 -50 -12 -3 -14 -54 -52 -36 -43 -11 -59 -17 -2 -22
right_child=2 3 4 6 12 9 16 11 17 33 27 23 13 15 -16 59 32 -19 -20 -21 40 -23 -24 -25 -26 -27 -28 -29 41 -31 44 -33 -34 -35 55 36 -38 -39 -40 -41 -42 56 -44 -45 -46 46 -48 -49 49 -51 54 -53 53 -55 -56 -57 -58 58 -60 -61 -62 -63
leaf_value=-8.9658691075944006 0.96166279112420439 -6.4945485379960806 58.196247449971864 -0.16378476781880155 70.55437909294578 30.547650424229733 14.35796080227556 -3.0134061841233368 27.971799542826989 29.330773498260811 49.759185668540333 1.4788750989104722 41.80368267017252 41.97380567747971 71.112994017148154 60.050209143502379 11.425737417643958 21.059068779945378 74.159248453776044 15.173758503794671 53.62000874828648 22.1041631937027 64.286628341674813 11.055388796082433 20.734803166756265 61.39203617640905 42.941704813639326 32.913359966984501 5.5774143584312936 55.536345997372194 45.460650596866721 9.7555080875535225 24.856944921646999 13.56476709842682 55.923244434119738 32.399520627089906 63.469952089757456 63.553709526062022 47.061355719621162 21.817536617033554 38.577284968816315 11.923321963047636 7.8835154256838216 21.050645199908487 34.217579070259539 -0.93477304455411958 9.3612890012336489 7.6208043507871963 -1.0096568559313783 6.8577974994977318 56.231741805303663 -3.1717316975757894 13.273370815458755 37.92907833258311 69.657329128099533 41.406293163299566 5.9679996149331203 29.461858787139256 48.080120020646319 74.016508771203178 13.480312293728458 38.387797836303712
leaf_weight=16977 41 828 118 442 34 97 290 1501 93 146 73 1441 51 58 179 35 448 155 120 24 148 38 40 193 26 35 90 27 589 37 173 170 87 24 163 56 41 30 87 101 52 483 170 79 68 1473 165 145 1449 162 84 1479 21 24 46 30 217 54 52 108 151 25
leaf_count=16977 41 828 118 442 34 97 290 1501 93 146 73 1441 51 58 179 35 448 155 120 24 148 38 40 193 26 35 90 27 589 37 173 170 87 24 163 56 41 30 87 101 52 483 170 79 68 1473 165 145 1449 162 84 1479 21 24 46 30 217 54 52 108 151 25
internal_value=0.000165801 -4.60531 45.0399 1.60937 50.0176 45.6271 9.34883 -0.698293 22.274 41.5983 44.5518 0.532965 56.6216 52.1779 62.7728 62.6618 11.1817 28.7878 66.2448 38.3562 44.3069 39.53 51.0811 3.67953 41.0488 42.337 35.334 51.5008 9.18488 40.5585 38.919 2.88023 15.5914 31.5179 56.1962 52.7044 48.6803 45.1753 41.3197 14.3078 48.451 8.02104 2.15472 12.8686 42.2883 -0.735944 0.713802 -0.168049 -1.56657 -0.218516 56.9464 -4.36432 34.594 26.4231 60.9823 53.6667 10.0772 33.2278 38.5953 70.5982 10.8071 51.4188
internal_weight=31843 28889 2954 11912 2424 1456 2736 9176 530 1218 942 6869 968 562 406 241 2294 338 238 498 321 474 98 1974 436 410 183 444 1579 375 338 1781 715 276 227 417 214 173 143 628 225 1289 1611 527 241 4895 1783 1618 3112 1611 203 2307 96 45 130 193 700 252 106 143 192 173
internal_count=31843 28889 2954 11912 2424 1456 2736 9176 530 1218 942 6869 968 562 406 241 2294 338 238 498 321 474 98 1974 436 410 183 444 1579 375 338 1781 715 276 227 417 214 173 143 628 225 1289 1611 527 241 4895 1783 1618 3112 1611 203 2307 96 45 130 193 700 252 106 143 192 173
is_linear=0
shrinkage=0.05


Tree=10
num_leaves=63
num_cat=0
split_feature=9 39 36 25 36 36 36 36 21 36 21 12 25 13 7 12 35 35 36 25 39 7 36 13 35 2 36 36 36 33 36 32 36 33 33 23 23 33 11 37 36 7 35 36 36 2 39 37 36 36 36 35 38 29 35 36 32 36 35 32 33 35
split_gain=2.39596e+09 2.85774e+08 1.92502e+08 7.7036e+07 4.90384e+07 2.84411e+07 2.58617e+07 1.90358e+07 1.24859e+07 1.22261e+07 9.7688e+06 7.59533e+06 7.63512e+06 8.94028e+06 7.54917e+06 7.32809e+06 6.30874e+06 5.2033e+06 4.96474e+06 4.89654e+06 4.71672e+06 4.4e+06 3.9635e+06 3.94115e+06 3.89118e+06 3.7305e+06 3.38455e+06 2.91431e+06 2.88448e+06 2.70538e+06 4.32142e+06 2.63515e+06 2.60233e+06 2.40743e+06 2.68033e+06 2.3497e+06 2.34658e+06 2.27287e+06 2.21746e+06 2.02517e+06 1.99148e+06 1.96573e+06 1.9579e+06 1.8821e+06 1.88023e+06 1.87786e+06 1.76884e+06 1.76631e+06 1.75234e+06 1.72412e+06 1.64654e+06 1.60388e+06 1.60089e+06 1.62696e+06 1.56946e+06 1.5166e+06 1.51242e+06 1.51106e+06 1.469e+06 1.40691e+06 2.15714e+06 1.72379e+06
threshold=1.0000000180025095e-35 1.0000000180025095e-35 206.78750000000005 1.0000000180025095e-35 345.05000000000013 127.02500000000002 234.53750000000005 238.91250000000005 1.0000000180025095e-35 300.81666666666672 1.0000000180025095e-35 1.0000000180025095e-35 1.0000000180025095e-35 1.0000000180025095e-35 1.0000000180025095e-35 1.0000000180025095e-35 377.55000000000007 361.15000000000003 444.47500000000008 1.0000000180025095e-35 1.0000000180025095e-35 1.0000000180025095e-35 259.61250000000007 1.0000000180025095e-35 149.45000000000002 1.0000000180025095e-35 364.8250000000001 255.47083333333339 236.61000000000004 62.350000000000001 140.98750000000004 174.05000000000004 201.13750000000002 178.45000000000002 434.15000000000003 1.0000000180025095e-35 1.0000000180025095e-35 324.85000000000008 1.0000000180025095e-35 3.5000000000000004 318.92500000000001 1.0000000180025095e-35 1069.4000000000003 180.51666666666668 373.58333333333343 1.0000000180025095e-35 1.0000000180025095e-35 3.5000000000000004 400.05000000000007 175.51666666666668 233.41666666666669 133.35000000000005 1.0000000180025095e-35 1.0000000180025095e-35 442.35000000000008 382.3250000000001 270.75000000000006 158.61000000000001 1008.7500000000001 404.55000000000007 164.25000000000003 818.95000000000016
decision_type=2 2 2 2 2 2 2 2 2 2 2 2 2 2 2 2 2 2 2 2 2 2 2 2 2 2 2 2 2 2 2 2 2 2 2 2 2 2 2 2 2 2 2 2 2 2 2 2 2 2 2 2 2 2 2 2 2 2 2 2 2 2
left_child=1 -1 5 7 8 24 16 17 9 11 15 12 13 22 48 23 51 -3 19 42 58 26 -4 32 -2 35 36 33 -14 31 -31 -12 52 -10 46 38 45 49 55 -25 -23 -19 44 -39 -6 -8 -35 -13 -9 -32 -15 -5 53 57 -26 -16 -33 -7 -11 61 -61 -24
right_child=2 3 4 6 18 10 21 14 27 20 29 47 28 50 25 -17 -18 41 -20 -21 -22 40 59 39 54 -27 -28 -29 -30 30 37 56 -34 34 -36 -37 -38 43 -40 -41 -42 -43 -44 -45 -46 -47 -48 -49 -50 -51 -52 -53 -54 -55 -56 -57 -58 -59 -60 60 -62 -63
leaf_value=-8.5177563407406911 6.736438341750655 -4.9213943924668184 33.799446665409 -4.7719823112226516 54.168463944925854 17.338051793715533 9.7991715838425186 -0.19264051466186047 61.305806300679194 50.485221148190433 54.287136776106699 64.261641515687458 40.514565193176274 48.614194564819343 1.6010556231737632 43.070874336670187 6.6728731396533281 -2.3667657483622029 77.055489687376394 81.015974256727432 60.335575793767475 19.29132016234928 39.318593715015034 43.541685296467378 15.836375910775855 13.462142372131348 17.134936581167342 65.137581740978163 60.680469100201719 14.233234590032826 26.96974595326644 26.824667320251468 33.799286295771601 38.564877183096755 64.135109747023805 11.892726781151511 19.369400262976271 56.880106685472576 10.832809358057769 25.11932400923509 35.006278446742463 0.57981666816145783 67.540564663296649 36.652575184728789 62.692053398044635 17.268404807182069 55.909153529575896 47.753154123746434 2.8078496823699886 39.784454805446124 67.262551564183738 1.3738652987046536 9.455700127540096 8.1474745057878035 27.446027592250278 6.0740854595489653 43.093445213317871 25.672346282794777 39.44898789870112 42.674210548400879 22.599410368048627 47.453640993185779
leaf_weight=17122 129 1891 344 146 103 85 803 2651 61 146 42 43 25 20 755 58 822 1959 79 36 142 72 141 35 173 115 337 86 61 23 52 20 40 49 21 88 83 23 92 26 28 796 105 23 174 94 21 26 596 53 29 389 31 21 35 253 50 151 38 32 23 121
leaf_count=17122 129 1891 344 146 103 85 803 2651 61 146 42 43 25 20 755 58 822 1959 79 36 142 72 141 35 173 115 337 86 61 23 52 20 40 49 21 88 83 23 92 26 28 796 105 23 174 94 21 26 596 53 29 389 31 21 35 253 50 151 38 32 23 121
internal_value=0.0102402 -4.37428 42.5852 1.55258 52.0319 25.5811 8.85583 -0.650464 47.3268 45.2375 31.1084 42.1275 40.7481 39.0438 1.64828 26.4913 3.9225 -2.9017 65.5603 63.3878 53.4894 13.5803 37.5162 24.0193 13.5588 4.86329 12.8125 57.7819 54.8183 38.3246 34.4231 44.3859 21.8489 53.6201 48.4682 4.03091 11.3261 37.4984 3.40196 35.6895 23.6915 -1.51541 61.7265 46.7663 59.5226 10.5819 43.7682 58.0411 0.358112 33.4381 59.651 -0.303319 20.1892 21.4839 17.7899 2.72375 38.4452 22.6706 48.206 41.5494 34.2793 43.0756
internal_weight=32088 29092 2996 11970 1926 1070 2774 9196 1429 1191 733 865 796 710 4550 447 1357 4646 497 418 326 1417 661 389 337 1303 1317 238 86 286 174 112 328 152 91 1188 980 151 1100 61 100 2755 382 46 277 897 70 69 3247 105 49 535 288 257 208 1008 70 236 184 317 55 262
internal_count=32088 29092 2996 11970 1926 1070 2774 9196 1429 1191 733 865 796 710 4550 447 1357 4646 497 418 326 1417 661 389 337 1303 1317 238 86 286 174 112 328 152 91 1188 980 151 1100 61 100 2755 382 46 277 897 70 69 3247 105 49 535 288 257 208 1008 70 236 184 317 55 262
is_linear=0
shrinkage=0.05


Tree=11
num_leaves=63
num_cat=0
split_feature=35 25 25 35 38 35 35 38 8 24 6 28 5 10 4 18 35 5 8 28 29 4 10 18 6 24 37 32 11 2 23 37 33 31 35 6 11 23 2 29 37 33 37 4 2 35 37 10 33 35 11 31 35 35 38 33 33 32 35 18 31 32
split_gain=2.37349e+08 8.55419e+07 6.30035e+07 4.25394e+07 3.40014e+07 2.83233e+07 1.22531e+07 1.16392e+07 1.14435e+07 1.26101e+07 1.19934e+07 1.20453e+07 1.10929e+07 1.31694e+07 1.12558e+07 1.53929e+07 1.08253e+07 1.01362e+07 1.1029e+07 1.24328e+07 1.3932e+07 1.51945e+07 1.72222e+07 2.07872e+07 2.56966e+07 2.85443e+07 1.92085e+07 5.14026e+07 2.64218e+07 3.27829e+07 6.37718e+07 1.42366e+07 1.02796e+07 8.05257e+06 7.91354e+06 7.6707e+06 7.56033e+06 9.04166e+06 1.31237e+07 7.37097e+06 9.20382e+06 7.44306e+06 7.35708e+06 6.93338e+06 6.18007e+06 5.8322e+06 5.77204e+06 5.86129e+06 5.49006e+06 4.9875e+06 4.92556e+06 4.64912e+06 4.54248e+06 4.31873e+06 4.1914e+06 4.12657e+06 3.87187e+06 3.80512e+06 3.62331e+06 3.59645e+06 4.98466e+06 3.53925e+06
threshold=623.6500000000002 1.0000000180025095e-35 1.0000000180025095e-35 271.65000000000003 1.0000000180025095e-35 1032.6500000000003 264.45000000000005 1.0000000180025095e-35 1.0000000180025095e-35 1.0000000180025095e-35 1.0000000180025095e-35 1.0000000180025095e-35 1.0000000180025095e-35 1.0000000180025095e-35 1.0000000180025095e-35 1.0000000180025095e-35 902.1500000000002 1.0000000180025095e-35 1.0000000180025095e-35 1.0000000180025095e-35 1.0000000180025095e-35 1.0000000180025095e-35 1.0000000180025095e-35 1.0000000180025095e-35 1.0000000180025095e-35 1.0000000180025095e-35 1.5000000000000002 1.0000000180025095e-35 1.0000000180025095e-35 1.0000000180025095e-35 1.0000000180025095e-35 2.5000000000000004 1.0000000180025095e-35 386.75000000000006 1069.4000000000003 1.0000000180025095e-35 1.0000000180025095e-35 1.0000000180025095e-35 1.0000000180025095e-35 1.0000000180025095e-35 2.5000000000000004 27.550000000000004 3.5000000000000004 1.0000000180025095e-35 1.0000000180025095e-35 406.55000000000007 4.5000000000000009 1.0000000180025095e-35 131.65000000000001 789.1500000000002 1.0000000180025095e-35 345.95000000000005 91.450000000000017 958.55000000000007 1.0000000180025095e-35 3.5500000000000003 26.450000000000003 1.0000000180025095e-35 471.95000000000005 1.0000000180025095e-35 121.75000000000001 81.350000000000009
decision_type=2 2 2 2 2 2 2 2 2 2 2 2 2 2 2 2 2 2 2 2 2 2 2 2 2 2 2 2 2 2 2 2 2 2 2 2 2 2 2 2 2 2 2 2 2 2 2 2 2 2 2 2 2 2 2 2 2 2 2 2 2 2
left_child=2 4 3 52 5 8 -4 17 9 10 11 12 13 14 15 39 55 18 19 20 21 22 23 24 25 26 28 -28 29 30 33 36 -33 -5 -6 43 37 38 45 40 44 -42 -43 46 50 -29 47 48 -7 -44 -2 -8 -1 -17 -18 -3 -41 -27 -40 60 -50 -25
right_child=1 16 6 7 34 35 51 -9 -10 -11 -12 -13 -14 -15 -16 53 54 -19 -20 -21 -22 -23 -24 61 -26 57 27 31 -30 -31 -32 32 -34 -35 -36 -37 -38 -39 58 56 41 42 49 -45 -46 -47 -48 -49 59 -51 -52 -53 -54 -55 -56 -57 -58 -59 -60 -61 -62 -63
leaf_value=-7.8445602187655457 54.254202170993977 18.883349221845467 -0.59624029768676301 23.102750244280415 -2.322168057695325 46.298903963963198 7.4108347958062843 -6.0006727138330849 -0.83641069353882846 -0.59406592796246216 0.6525682677084893 1.8764132900570165 3.1180021857486473 3.920140153467655 6.2800549471166711 4.9295814809925194 24.191887153961197 -5.8557929917206479 -5.7999251083303314 -5.850720448209989 -5.8541983773113095 -5.2768408383864873 -5.0883580122507857 -7.6432315394638835 -4.7201247668445561 -8.1035218115566536 -8.1020785902610708 24.385771248139534 -0.97369495890126001 1.3246229087062202 1.3533270516232412 -0.4197643862956244 12.782569783429306 34.429242859599746 3.8994772909173117 5.6229004059656917 6.9303138965097348 9.2109902132440507 3.3774242949864224 5.0226766594078232 12.385038273400824 41.189470336396823 9.7405151533110761 7.9066217938445256 22.600364637374881 43.24511494577667 10.871654133530107 10.575169724964899 48.842234010696416 28.942636351389428 30.099811534392529 14.400917596295034 -5.4484925793292716 24.135387715787601 14.92729785406514 10.96196227384824 18.838410844212085 -0.2359119035072208 24.489608494440716 14.330087877810001 22.905179270187698 -0.76241684126937714
leaf_weight=3043 46 240 410 307 1738 24 803 1374 783 654 613 568 460 405 338 259 537 1013 917 827 753 777 725 418 665 294 578 83 328 328 316 368 246 321 724 278 165 135 63 92 182 59 63 259 64 81 237 121 20 73 39 338 5652 33 158 522 113 322 30 117 251 338
leaf_count=3043 46 240 410 307 1738 24 803 1374 783 654 613 568 460 405 338 259 537 1013 917 827 753 777 725 418 665 294 578 83 328 328 316 368 246 321 724 278 165 135 63 92 182 59 63 259 64 81 237 121 20 73 39 338 5652 33 158 522 113 322 30 117 251 338
internal_value=0.00972809 6.3684 -2.89843 -3.63471 4.47301 6.46054 6.81751 -1.67565 4.69814 5.76525 6.98597 8.37551 10.0339 11.8353 14.1906 16.8043 17.5729 -1.10413 -0.591247 -0.0271992 0.603092 1.30901 2.14638 3.12024 4.37541 5.9009 7.72035 4.09855 11.6794 14.9422 19.6737 10.1207 4.86977 28.8922 -0.49257 12.9923 15.909 19.6883 25.192 20.6807 23.8151 19.6571 26.4443 14.9833 34.3356 33.7004 17.3637 20.2503 23.0918 20.0475 43.1716 9.48152 -6.28705 7.1001 22.0857 13.4569 12.6382 -3.99091 10.1878 21.6564 24.8194 -4.56689
internal_weight=32088 10070 22018 20467 8613 6151 1551 11772 4844 4061 3407 2794 2226 1766 1361 1023 1457 10398 9385 8468 7641 6888 6111 5386 4630 3965 3349 1749 1600 1272 944 1171 614 628 2462 1307 557 392 257 731 526 377 195 1029 149 164 770 533 412 136 85 1141 8695 292 695 762 205 616 93 388 271 756
internal_count=32088 10070 22018 20467 8613 6151 1551 11772 4844 4061 3407 2794 2226 1766 1361 1023 1457 10398 9385 8468 7641 6888 6111 5386 4630 3965 3349 1749 1600 1272 944 1171 614 628 2462 1307 557 392 257 731 526 377 195 1029 149 164 770 533 412 136 85 1141 8695 292 695 762 205 616 93 388 271 756
is_linear=0
shrinkage=0.05


Tree=12
num_leaves=63
num_cat=0
split_feature=9 39 36 36 36 36 31 31 31 31 36 21 36 39 36 36 37 36 39 39 39 36 33 32 36 12 36 31 32 31 32 21 31 21 34 40 32 33 40 33 21 33 37 36 32 38 21 36 40 12 36 31 40 32 31 33 33 33 36 31 5 36
split_gain=2.11655e+09 2.34191e+08 1.6523e+08 4.14101e+07 3.12785e+07 2.47754e+07 1.25648e+07 1.09227e+07 9.70916e+06 1.11147e+07 8.08679e+06 6.90807e+06 5.12783e+06 4.77739e+06 7.86209e+06 4.21709e+06 4.91129e+06 4.10855e+06 3.18255e+06 3.16725e+06 3.1305e+06 2.74156e+06 2.67222e+06 2.60624e+06 2.30032e+06 2.21702e+06 2.07585e+06 2.05971e+06 2.00983e+06 5.87405e+06 4.51281e+06 1.91681e+06 1.91352e+06 1.72117e+06 1.58436e+06 1.77278e+06 1.54738e+06 1.51744e+06 1.48827e+06 1.83799e+06 1.42795e+06 2.55508e+06 1.86373e+06 1.42587e+06 1.42346e+06 1.40903e+06 1.37219e+06 1.34498e+06 1.3386e+06 1.30966e+06 1.29489e+06 2.03198e+06 1.29128e+06 1.28258e+06 1.20814e+06 1.20209e+06 1.17939e+06 1.16631e+06 1.13084e+06 1.12142e+06 1.11122e+06 1.08943e+06
threshold=1.0000000180025095e-35 1.0000000180025095e-35 206.78750000000005 345.05000000000013 234.53750000000005 127.02500000000002 40.000000000000007 244.95000000000002 27.950000000000003 298.25000000000006 140.98750000000004 1.0000000180025095e-35 284.0125000000001 1.0000000180025095e-35 276.51666666666671 376.6375000000001 2.5000000000000004 444.47500000000008 1.0000000180025095e-35 1.0000000180025095e-35 1.0000000180025095e-35 221.96250000000003 67.950000000000017 168.15000000000001 248.08750000000001 1.0000000180025095e-35 193.32500000000002 96.15000000000002 65.250000000000014 353.75000000000006 94.050000000000011 1.0000000180025095e-35 154.75000000000003 1.0000000180025095e-35 211.65000000000001 3.5000000000000004 51.750000000000007 201.35000000000005 5.5000000000000009 378.05000000000007 1.0000000180025095e-35 55.850000000000001 4.5000000000000009 271.14166666666677 444.35000000000008 1.0000000180025095e-35 1.0000000180025095e-35 87.737500000000011 3.5000000000000004 1.0000000180025095e-35 387.95000000000005 420.25000000000006 1.5000000000000002 342.75000000000006 345.95000000000005 146.25000000000003 162.05000000000004 127.75000000000001 367.51666666666671 390.65000000000003 1.0000000180025095e-35 300.81666666666672
decision_type=2 2 2 2 2 2 2 2 2 2 2 2 2 2 2 2 2 2 2 2 2 2 2 2 2 2 2 2 2 2 2 2 2 2 2 2 2 2 2 2 2 2 2 2 2 2 2 2 2 2 2 2 2 2 2 2 2 2 2 2 2 2
left_child=1 -1 5 6 10 23 43 12 33 19 47 13 18 28 52 16 49 20 27 40 58 -20 59 32 37 31 -24 -8 29 -9 -30 -12 55 57 35 -21 -34 -13 39 56 -10 48 -43 53 -17 60 -29 -3 -42 -6 51 54 -15 -4 -22 -2 -23 -7 -5 -11 -18 -32
right_child=2 4 3 17 15 8 7 11 9 22 25 24 -14 14 -16 44 45 -19 21 34 50 38 26 -25 -26 -27 -28 46 30 -31 61 -33 36 -35 -36 -37 -38 -39 -40 -41 41 42 -44 -45 -46 -47 -48 -49 -50 -51 -52 -53 -54 -55 -56 -57 -58 -59 -60 -61 -62 -63
leaf_value=-7.8626214622156247 8.0348655505535689 -5.9673496343527637 51.62862895618786 51.073908592818619 1.246529541771308 47.112922807173298 17.066736059922441 41.094384296123799 19.356636796775177 41.428466860453291 -1.3674316224447076 56.621072491732519 46.749652363219354 30.80065976504622 56.363928734628786 5.4237714258076135 5.9212249187326531 71.665607539309732 25.831939833504812 18.798753364269551 61.548264924869983 52.072268583661042 25.295940662074734 24.109646515742593 61.694984282498687 3.2350193424338709 43.946563446044927 30.333576935183618 16.211133384704592 66.341779136657721 37.803079588853635 1.0618715514301378 28.464591834178339 53.776946230192451 40.829910802841191 31.540137341127291 12.154721051273924 43.489569490606137 34.957195823257038 59.787511698404948 44.756681213378911 14.354279371102653 31.664661104782766 76.13467160179502 9.6893171264634113 2.5051403006968105 42.746192704714268 -3.1230306281972648 27.942376176242171 12.323812039693196 73.320806724146792 50.473361908930997 42.744648677862969 68.032093576284566 74.894056047712056 19.852912088235222 37.3076242214755 30.639248044150222 58.17598707884261 54.169079805189568 2.6979508310647273 44.63195412748604
leaf_weight=17122 208 628 22 77 2272 22 26 130 243 39 2297 44 106 29 171 1218 1447 79 28 39 43 21 37 46 82 445 25 155 21 28 157 1256 26 37 28 91 33 44 37 21 20 48 23 21 233 590 26 1229 29 27 38 26 103 26 28 24 38 21 206 31 328 93
leaf_count=17122 208 628 22 77 2272 22 26 130 243 39 2297 44 106 29 171 1218 1447 79 28 39 43 21 37 46 82 445 25 155 21 28 157 1256 26 37 28 91 33 44 37 21 20 48 23 21 233 590 26 1229 29 27 38 26 103 26 28 24 38 21 206 31 328 93
internal_value=0.00924169 -4.1117 40.0248 48.7768 1.25365 24.2712 44.453 43.397 29.43 27.4158 -1.35839 46.59 37.1086 44.4813 49.2876 3.75464 3.02226 61.2085 34.2054 24.1324 59.2322 39.8859 40.3755 13.0503 55.6697 -0.09197 32.8164 30.2263 41.0865 45.5686 38.4734 -0.508663 11.3021 45.8707 30.0414 27.7177 19.3421 50.0553 43.2492 47.0843 21.5604 26.023 19.9619 65.268 6.10873 4.62198 32.1166 -4.08492 34.8054 1.37662 65.4971 62.4321 40.1206 60.5138 66.8114 9.25742 42.5628 39.0676 56.2436 47.0707 5.3256 40.3434
internal_weight=32088 29092 2996 1926 11970 1070 1429 1360 733 653 5855 902 458 732 303 6115 4664 497 352 521 418 145 132 337 170 3998 62 207 429 158 271 3553 291 80 158 130 59 88 117 80 363 120 71 69 1451 2365 181 1857 49 2299 135 97 132 48 71 232 59 43 283 70 1775 250
internal_count=32088 29092 2996 1926 11970 1070 1429 1360 733 653 5855 902 458 732 303 6115 4664 497 352 521 418 145 132 337 170 3998 62 207 429 158 271 3553 291 80 158 130 59 88 117 80 363 120 71 69 1451 2365 181 1857 49 2299 135 97 132 48 71 232 59 43 283 70 1775 250
is_linear=0
shrinkage=0.05


Tree=13
num_leaves=63
num_cat=0
split_feature=9 39 36 25 36 36 36 36 31 31 31 31 36 7 35 39 7 36 25 33 36 35 40 35 32 35 39 36 31 33 36 35 31 35 33 33 11 23 35 36 36 36 25 35 33 36 36 23 36 28 32 37 32 32 32 32 33 7 31 25 11 36
split_gain=1.91018e+09 2.11357e+08 1.4912e+08 6.23352e+07 3.73726e+07 2.23598e+07 2.00729e+07 1.31783e+07 1.13397e+07 9.86422e+06 8.76252e+06 1.0031e+07 6.42733e+06 5.51587e+06 4.79201e+06 3.93005e+06 3.76833e+06 3.70797e+06 4.21e+06 3.52627e+06 3.11251e+06 3.09248e+06 3.0095e+06 3.49384e+06 4.46315e+06 3.94716e+06 2.85844e+06 2.72536e+06 2.69848e+06 2.41168e+06 2.35853e+06 2.2721e+06 2.17243e+06 1.9975e+06 1.96959e+06 2.44576e+06 1.96359e+06 1.95595e+06 1.94319e+06 1.87346e+06 1.8722e+06 3.68564e+06 1.71147e+06 1.70733e+06 2.67339e+06 1.69054e+06 1.67431e+06 1.66645e+06 1.59932e+06 1.54498e+06 2.37685e+06 2.44714e+06 2.55714e+06 3.09131e+06 1.97456e+06 1.84778e+06 1.72361e+06 1.53254e+06 1.43416e+06 1.95752e+06 1.42844e+06 1.42812e+06
threshold=1.0000000180025095e-35 1.0000000180025095e-35 206.78750000000005 1.0000000180025095e-35 345.05000000000013 127.02500000000002 235.65833333333336 227.72500000000002 40.000000000000007 294.25000000000006 27.950000000000003 298.25000000000006 284.0125000000001 1.0000000180025095e-35 377.55000000000007 1.0000000180025095e-35 1.0000000180025095e-35 444.47500000000008 1.0000000180025095e-35 459.35000000000008 140.98750000000004 149.45000000000002 1.5000000000000002 629.1500000000002 69.250000000000014 342.65000000000009 1.0000000180025095e-35 364.8250000000001 398.85000000000008 67.950000000000017 221.96250000000003 789.1500000000002 96.15000000000002 1032.6500000000003 83.050000000000011 281.25000000000006 1.0000000180025095e-35 1.0000000180025095e-35 1069.4000000000003 193.32500000000002 302.3633333333334 256.81666666666672 1.0000000180025095e-35 629.1500000000002 446.85000000000008 318.92500000000001 171.71250000000003 1.0000000180025095e-35 400.05000000000007 1.0000000180025095e-35 424.95000000000005 3.5000000000000004 147.75000000000003 317.55000000000007 129.45000000000002 294.25000000000006 131.65000000000001 1.0000000180025095e-35 201.65000000000001 1.0000000180025095e-35 1.0000000180025095e-35 373.58333333333343
decision_type=2 2 2 2 2 2 2 2 2 2 2 2 2 2 2 2 2 2 2 2 2 2 2 2 2 2 2 2 2 2 2 2 2 2 2 2 2 2 2 2 2 2 2 2 2 2 2 2 2 2 2 2 2 2 2 2 2 2 2 2 2 2
left_child=1 -1 5 7 8 21 14 20 -4 12 46 26 15 48 -5 32 27 18 38 22 -3 -2 34 24 25 -24 -12 37 -26 -13 -17 58 -10 -34 40 -36 47 60 61 -31 41 -11 -32 -14 -45 -18 -7 -15 -9 50 51 52 -25 -54 -53 -56 -52 -22 59 -28 -8 -6
right_child=2 3 4 6 17 10 16 13 9 19 11 29 43 36 -16 30 45 -19 -20 -21 57 -23 23 49 28 -27 31 -29 -30 39 42 -33 33 -35 35 -37 -38 -39 -40 -41 -42 -43 -44 44 -46 -47 -48 -49 -50 -51 56 54 53 -55 55 -57 -58 -59 -60 -61 -62 -63
leaf_value=-7.4694902982601512 6.3158045501209976 -4.7070671484574929 62.004605080424881 -0.22490570236543897 47.868292469654271 37.974193312644957 8.6021441755257086 -0.57132339167808377 16.213398918738733 49.640603566169744 20.482360984216712 44.717201521737238 37.776566063916242 2.5582255692093909 5.8287538270926138 27.393902116663316 17.275985761369977 68.082325918463212 72.616260359022348 63.685860961914074 -2.6020855209471598 16.169781344251422 42.061187564625463 65.783855536676228 37.698657846450807 68.269660339355468 19.11115352070177 15.133438839190791 17.399541944807225 24.031143647271236 38.716290653177673 42.049322120959943 29.838445753926273 43.986066831861223 25.201045426455412 42.174422020446968 10.115093699793951 17.248618438588569 60.522309048970548 41.7492353591919 54.741926193237305 23.055582159215756 50.55165362131028 52.207821304567403 32.456210063752671 31.812757791791643 52.915435689290362 9.3060839031079805 2.2691909874495644 40.147358752405921 71.173485419863752 32.851381608843802 43.385717870148142 61.210449033170136 53.779418153029226 40.690285033839096 52.364467900374841 -0.01566104510000774 34.90524230147853 36.02273133884777 15.772833128979332 55.296764303623945
leaf_weight=17122 129 1457 69 536 103 50 806 2940 26 32 363 70 54 1207 838 34 70 79 36 25 1985 208 51 31 64 20 77 337 22 37 112 26 229 28 44 41 107 83 105 25 28 22 42 93 21 28 30 99 596 43 21 32 71 37 52 56 29 805 33 22 76 174
leaf_count=17122 129 1457 69 536 103 50 806 2940 26 32 363 70 54 1207 838 34 70 79 36 25 1985 208 51 31 64 20 77 337 22 37 112 26 229 28 44 41 107 83 105 25 28 22 42 93 21 28 30 99 596 43 21 32 71 37 52 56 29 805 33 22 76 174
internal_value=0.00877966 -3.90612 38.0235 1.19097 46.3379 23.0576 7.76052 -0.790757 42.2304 41.2271 27.9585 26.045 36.7039 0.962648 3.46721 33.709 11.9741 58.1481 56.2706 45.2359 -2.83399 12.3978 44.5732 46.4205 40.1657 49.4439 22.9257 11.2624 32.5059 38.3567 39.3127 28.5393 29.9864 31.3798 38.7215 33.3882 3.60325 9.91057 54.7301 31.1755 44.25 38.8097 41.9441 45.1003 48.5694 21.4293 43.5772 3.06974 -0.0925489 49.0604 50.2253 48.4262 53.1257 49.4923 43.7602 46.9925 60.2643 -1.85582 25.8783 22.8693 9.22003 52.5346
internal_weight=32088 29092 2996 11970 1926 1070 2774 9196 1429 1360 733 653 639 4949 1374 471 1400 497 418 721 4247 337 696 529 157 71 521 1302 86 132 188 158 283 257 167 85 1413 965 382 62 82 54 154 168 114 98 80 1306 3536 372 329 279 139 108 140 108 50 2790 132 99 882 277
internal_count=32088 29092 2996 11970 1926 1070 2774 9196 1429 1360 733 653 639 4949 1374 471 1400 497 418 721 4247 337 696 529 157 71 521 1302 86 132 188 158 283 257 167 85 1413 965 382 62 82 54 154 168 114 98 80 1306 3536 372 329 279 139 108 140 108 50 2790 132 99 882 277
is_linear=0
shrinkage=0.05


Tree=14
num_leaves=63
num_cat=0
split_feature=9 25 36 7 36 2 23 36 36 21 11 31 31 36 31 25 36 23 35 11 11 31 7 2 33 35 36 25 33 36 31 32 13 25 40 36 36 36 35 31 36 32 33 36 33 2 35 31 21 35 23 35 23 11 36 7 10 32 32 36 35 35
split_gain=1.72394e+09 1.5067e+08 1.34655e+08 4.52786e+07 3.59591e+07 2.82162e+07 2.37194e+07 1.81158e+07 1.78455e+07 1.05173e+07 9.92039e+06 8.64415e+06 8.48017e+06 7.55246e+06 7.20135e+06 5.68014e+06 5.60911e+06 5.21867e+06 4.32479e+06 3.80497e+06 3.79308e+06 3.72201e+06 3.40092e+06 3.11533e+06 2.89184e+06 2.83426e+06 2.81077e+06 3.26692e+06 2.70874e+06 2.45964e+06 2.39643e+06 3.17267e+06 2.55035e+06 2.30577e+06 2.17022e+06 2.25777e+06 2.16765e+06 2.16703e+06 2.09456e+06 2.05706e+06 1.95757e+06 1.94337e+06 2.74704e+06 2.19593e+06 1.90496e+06 1.89686e+06 1.87431e+06 2.11983e+06 1.81817e+06 1.78715e+06 1.75893e+06 1.62459e+06 1.59797e+06 1.55319e+06 1.52571e+06 1.50853e+06 1.45915e+06 1.60642e+06 1.67635e+06 1.42056e+06 1.85369e+06 1.37314e+06
threshold=1.0000000180025095e-35 1.0000000180025095e-35 201.13750000000002 1.0000000180025095e-35 300.81666666666672 1.0000000180025095e-35 1.0000000180025095e-35 235.65833333333336 127.02500000000002 1.0000000180025095e-35 1.0000000180025095e-35 27.950000000000003 255.55000000000004 354.54166666666669 40.000000000000007 1.0000000180025095e-35 258.24166666666673 1.0000000180025095e-35 377.55000000000007 1.0000000180025095e-35 1.0000000180025095e-35 244.95000000000002 1.0000000180025095e-35 1.0000000180025095e-35 455.35000000000008 96.050000000000011 444.47500000000008 1.0000000180025095e-35 67.950000000000017 364.8250000000001 460.75000000000006 94.050000000000011 1.0000000180025095e-35 1.0000000180025095e-35 1.5000000000000002 243.37500000000003 285.45833333333337 236.61000000000004 442.35000000000008 424.35000000000008 243.37500000000003 28.750000000000004 77.350000000000009 161.38750000000002 293.25000000000006 1.0000000180025095e-35 592.85000000000014 347.85000000000008 1.0000000180025095e-35 578.35000000000025 1.0000000180025095e-35 392.25000000000011 1.0000000180025095e-35 1.0000000180025095e-35 318.92500000000001 1.0000000180025095e-35 1.0000000180025095e-35 380.65000000000003 418.85000000000008 249.34500000000003 1083.5500000000002 717.95000000000016
decision_type=2 2 2 2 2 2 2 2 2 2 2 2 2 2 2 2 2 2 2 2 2 2 2 2 2 2 2 2 2 2 2 2 2 2 2 2 2 2 2 2 2 2 2 2 2 2 2 2 2 2 2 2 2 2 2 2 2 2 2 2 2 2
left_child=1 3 8 5 9 6 10 18 25 14 -1 44 38 24 -4 21 51 19 -3 36 40 52 29 50 33 -2 27 55 46 45 32 -32 49 39 -11 -36 -7 -17 -13 -6 -8 -40 43 -43 -10 -9 47 -14 -27 -23 53 -5 56 -18 -24 -15 57 -16 -59 61 -61 -51
right_child=2 7 4 16 13 17 20 22 11 34 -12 12 28 26 15 37 23 -19 -20 -21 -22 30 54 -25 -26 48 -28 -29 -30 -31 31 -33 -34 -35 35 -37 -38 -39 41 -41 -42 42 -44 -45 -46 -47 -48 -49 -50 59 -52 -53 -54 -55 -56 -57 -58 58 -60 60 -62 -63
leaf_value=-7.0960159528563196 1.925562318066756 -0.2136604265474937 55.439549698940539 -2.7076114002328655 42.107918685185382 -2.840467075419105 -3.2570102946818822 8.6487581990970401 37.044550956998556 37.716932746342252 -3.4074085280429305 16.686703673544383 27.875654140710836 51.945771379565876 26.990227837954166 35.226550529743065 2.0427479634889663 8.0023288873814007 5.5373161641876427 6.242595495328759 6.0053116330116465 32.366110332057161 16.412186504943033 12.362687259044463 60.391770970480792 11.03205689838885 64.678211299075357 72.040327962239587 26.067760968976657 14.376767147719329 38.931459503173834 11.105523663475401 53.536616317085603 57.573483535221648 44.736603809703482 55.550745294260423 0.56442239542546135 51.873032667835552 36.220903497272069 51.788830455835324 -0.12209835162452182 42.102485412597659 17.933539065564119 22.812913748953079 55.021302375793461 15.828003134079351 50.84404486876268 46.672079801559448 19.609875726187102 41.848326686332967 10.763547847006057 0.69076788785325738 39.064283688003954 9.4558439788493249 30.222119794573103 64.727886718750014 17.779630561028757 44.951927431698508 29.321959767455144 45.967786787271507 33.65253316705877 27.632062798011596
leaf_weight=17122 60 536 43 572 268 1336 1068 862 56 49 2040 210 40 301 207 29 858 171 838 165 169 159 70 103 35 184 79 24 64 337 20 21 23 35 110 86 719 60 27 69 933 25 135 36 20 103 26 24 93 29 72 913 37 77 28 25 31 29 42 100 44 41
leaf_count=17122 60 536 43 572 268 1336 1068 862 56 49 2040 210 40 301 207 29 858 171 838 165 169 159 70 103 35 184 79 24 64 337 20 21 23 35 110 86 719 60 27 69 933 25 135 36 20 103 26 24 93 29 72 913 37 77 28 25 31 29 42 100 44 41
internal_value=0.00834059 -3.71081 36.1223 -4.87903 43.6252 -5.56495 -6.14226 7.3725 21.1465 37.928 -6.70332 25.9086 23.8543 51.5306 35.4644 34.4794 1.39153 -0.414311 3.29385 -1.06262 -1.18779 33.1188 11.3754 4.08028 46.6514 11.7779 56.1595 54.2367 33.9314 10.6993 36.1863 24.6792 37.3777 45.3587 47.1287 49.4816 -1.64917 46.4489 20.2703 44.0901 -1.7953 23.6449 21.9125 30.7185 41.7753 9.41504 39.5233 34.9243 13.912 36.3813 3.23312 -0.618237 29.2447 2.65324 20.3579 52.926 28.0688 29.2162 35.706 39.3645 42.2048 33.5217
internal_weight=32088 29092 2996 26318 1996 23723 21332 2774 1000 1160 19162 663 587 836 915 872 2595 2391 1374 2220 2170 783 1400 1110 407 337 429 350 154 1302 437 41 396 372 245 196 2055 89 433 337 2001 223 196 61 76 965 90 64 277 373 1007 1485 346 935 98 326 309 278 71 214 144 70
internal_count=32088 29092 2996 26318 1996 23723 21332 2774 1000 1160 19162 663 587 836 915 872 2595 2391 1374 2220 2170 783 1400 1110 407 337 429 350 154 1302 437 41 396 372 245 196 2055 89 433 337 2001 223 196 61 76 965 90 64 277 373 1007 1485 346 935 98 326 309 278 71 214 144 70
is_linear=0
shrinkage=0.05


Tree=15
num_leaves=63
num_cat=0
split_feature=39 25 36 36 36 33 32 38 36 36 33 33 36 29 34 33 36 8 28 36 32 5 24 10 4 28 18 8 29 32 33 38 33 36 38 28 10 5 8 18 24 29 4 38 21 31 38 34 31 33 33 5 10 36 18 10 36 31 5 8 29 4
split_gain=1.45359e+08 5.54545e+07 3.01646e+07 2.85757e+07 2.59583e+07 2.16525e+07 1.26183e+07 1.11615e+07 9.65249e+06 7.47866e+06 7.37805e+06 7.23518e+06 6.22404e+06 6.927e+06 5.84816e+06 4.71094e+06 4.32078e+06 3.84864e+06 4.61486e+06 3.67096e+06 3.62896e+06 3.4709e+06 4.00734e+06 4.05939e+06 4.40963e+06 5.70487e+06 5.45768e+06 7.7457e+06 6.02767e+06 5.45654e+06 4.43533e+06 3.25716e+06 3.38081e+06 3.16018e+06 3.07224e+06 3.03134e+06 3.58149e+06 4.45619e+06 5.74465e+06 7.42754e+06 9.9229e+06 1.39453e+07 2.17404e+07 3.88339e+07 2.88583e+07 5.94844e+06 2.93314e+06 3.46596e+06 2.9292e+06 2.85215e+06 2.78734e+06 2.65167e+06 2.65014e+06 2.58045e+06 2.69365e+06 2.54932e+06 2.42699e+06 2.41219e+06 2.31399e+06 2.26915e+06 2.65624e+06 2.29529e+06
threshold=1.0000000180025095e-35 1.0000000180025095e-35 196.81666666666669 212.78750000000005 235.65833333333336 1.0000000180025095e-35 2.3500000000000001 1.0000000180025095e-35 273.71250000000003 151.95833333333337 1.0000000180025095e-35 87.250000000000014 323.02500000000003 1.0000000180025095e-35 305.15000000000003 1.0000000180025095e-35 309.52500000000003 1.0000000180025095e-35 1.0000000180025095e-35 424.12500000000006 141.75000000000003 1.0000000180025095e-35 1.0000000180025095e-35 1.0000000180025095e-35 1.0000000180025095e-35 1.0000000180025095e-35 1.0000000180025095e-35 1.0000000180025095e-35 1.0000000180025095e-35 166.25000000000003 185.65000000000001 1.0000000180025095e-35 483.85000000000008 325.31250000000006 1.0000000180025095e-35 1.0000000180025095e-35 1.0000000180025095e-35 1.0000000180025095e-35 1.0000000180025095e-35 1.0000000180025095e-35 1.0000000180025095e-35 1.0000000180025095e-35 1.0000000180025095e-35 1.0000000180025095e-35 1.0000000180025095e-35 386.75000000000006 1.0000000180025095e-35 199.35000000000005 468.85000000000008 176.45000000000002 307.15000000000003 1.0000000180025095e-35 1.0000000180025095e-35 331.81666666666672 1.0000000180025095e-35 1.0000000180025095e-35 92.112500000000011 456.45000000000005 1.0000000180025095e-35 1.0000000180025095e-35 1.0000000180025095e-35 1.0000000180025095e-35
decision_type=2 2 2 2 2 2 2 2 2 2 2 2 2 2 2 2 2 2 2 2 2 2 2 2 2 2 2 2 2 2 2 2 2 2 2 2 2 2 2 2 2 2 2 2 2 2 2 2 2 2 2 2 2 2 2 2 2 2 2 2 2 2
left_child=3 2 15 10 9 16 35 12 34 -3 56 48 14 17 21 -2 -4 18 19 49 -18 22 23 24 25 26 27 28 29 -8 -30 32 -12 58 -7 36 37 38 39 40 41 42 43 44 45 -5 47 51 -6 52 -29 59 53 -14 -55 -16 -1 -48 -13 60 61 -10
right_child=1 4 5 6 11 8 7 -9 46 -11 31 33 13 -15 55 -17 20 -19 -20 -21 -22 -23 -24 -25 -26 -27 -28 50 30 -31 -32 -33 -34 -35 -36 -37 -38 -39 -40 -41 -42 -43 -44 -45 -46 -47 57 -49 -50 -51 -52 -53 -54 54 -56 -57 -58 -59 -60 -61 -62 -63
leaf_value=-6.2954489229279655 -3.3955388132026934 0.49665447511210409 -0.25128659628566241 13.472139047726882 10.60020000336988 5.8399119444027434 46.593866876455458 -2.262328599294027 16.4294917144286 7.9063375929591651 -1.1765589810388462 18.056644349016192 30.904556666612628 -1.600262360189153 14.760557702492022 0.36616427138371632 1.3588920757317431 1.8780820667234241 3.0794761348906019 29.548801128680893 5.9278689072590396 -3.1250018086150395 -2.8163076858074345 -1.7224108186635103 -1.2662613076104059 0.11453372591917735 2.7988263941066154 0.23620667503875437 1.6212817693160753 20.90866137200063 28.378595915294831 -5.0553164189008406 18.556598767367277 24.589657292595831 0.625893021537272 -6.6889992727617331 -6.7157375990742381 -6.6872479244203351 -6.6867566484393492 -6.6144200493307679 -6.5997335129595811 -6.6849361494897117 -6.70584973066281 -6.681960431395094 -5.8239451396896182 22.694906682553501 4.5513443929580406 16.180920309977594 19.911870146299663 23.433143693429454 20.634025230407715 3.3345704111133436 2.04598788022995 17.033422492532168 2.3141922619878033 0.74016907585991754 -4.5407895134220491 15.262923550605775 8.389182446100941 4.7993664420939783 4.982392544878854 6.8917423735691017
leaf_weight=3534 1765 518 1731 421 761 1340 26 1560 313 994 1621 407 20 174 116 1575 1049 117 105 39 742 417 342 308 225 227 187 103 59 101 21 667 22 166 358 418 396 397 396 391 376 355 351 351 166 299 294 306 95 54 20 129 64 85 49 45 4455 64 73 111 90 79
leaf_count=3534 1765 518 1731 421 761 1340 26 1560 313 994 1621 407 20 174 116 1575 1049 117 105 39 742 417 342 308 225 227 187 103 59 101 21 667 22 166 358 418 396 397 396 391 376 355 351 351 166 299 294 306 95 54 20 129 64 85 49 45 4455 64 73 111 90 79
internal_value=-0.03504 4.05127 2.25081 -2.81065 9.99267 4.20875 -0.715063 1.14886 7.26784 5.36784 -4.59736 14.6483 2.98131 7.06181 1.6682 -1.62168 1.53009 9.88958 12.1428 15.2028 3.25179 0.942778 1.9905 3.27784 4.86718 6.72206 9.62323 13.4904 19.3953 26.167 8.64508 -2.10859 -0.912329 18.643 4.74061 -2.64245 -2.20863 -1.69912 -1.06156 -0.239572 0.835273 2.27406 4.27686 7.39321 12.9693 17.3021 10.364 11.7213 11.6336 13.1458 3.55293 9.83128 10.5976 14.1515 11.651 10.8418 -5.31698 6.46626 16.5864 11.2446 12.7288 14.5073
internal_weight=32040 12960 9946 19080 3014 6606 8781 4464 3084 1512 10299 1502 2904 707 2197 3340 3522 533 416 311 1791 2036 1619 1277 969 744 517 330 207 127 80 2310 1643 646 1698 4317 3899 3503 3106 2710 2319 1943 1588 1237 886 720 1386 1028 856 272 123 722 218 154 134 161 7989 358 480 593 482 392
internal_count=32040 12960 9946 19080 3014 6606 8781 4464 3084 1512 10299 1502 2904 707 2197 3340 3522 533 416 311 1791 2036 1619 1277 969 744 517 330 207 127 80 2310 1643 646 1698 4317 3899 3503 3106 2710 2319 1943 1588 1237 886 720 1386 1028 856 272 123 722 218 154 134 161 7989 358 480 593 482 392
is_linear=0
shrinkage=0.05


Tree=16
num_leaves=63
num_cat=0
split_feature=9 39 36 25 36 36 36 36 21 12 39 31 36 7 35 36 32 31 31 39 36 36 33 36 34 35 25 33 35 35 35 32 36 12 21 35 36 31 7 23 35 31 25 12 21 35 33 31 31 23 36 11 7 36 32 31 36 32 34 36 35 35
split_gain=1.49772e+09 1.56518e+08 1.09529e+08 4.60817e+07 2.44376e+07 2.40806e+07 1.41008e+07 9.06171e+06 8.58593e+06 6.17324e+06 5.4925e+06 4.7405e+06 4.64812e+06 4.21715e+06 4.18624e+06 4.1666e+06 4.08129e+06 3.76549e+06 3.76203e+06 3.2335e+06 3.30737e+06 3.25794e+06 2.99594e+06 3.81881e+06 2.89121e+06 3.458e+06 4.88999e+06 2.88999e+06 2.75473e+06 2.46104e+06 2.31746e+06 2.29047e+06 2.17306e+06 2.16246e+06 2.31325e+06 2.69906e+06 2.20949e+06 2.15131e+06 1.9812e+06 1.9156e+06 1.91257e+06 1.80433e+06 1.78203e+06 1.76761e+06 1.80031e+06 1.72745e+06 1.6754e+06 1.64883e+06 1.64364e+06 1.64115e+06 1.63605e+06 1.55486e+06 1.54487e+06 1.48469e+06 1.46774e+06 1.94404e+06 1.45297e+06 1.44911e+06 1.43011e+06 1.38697e+06 1.87063e+06 2.14739e+06
threshold=1.0000000180025095e-35 1.0000000180025095e-35 227.72500000000002 1.0000000180025095e-35 136.7416666666667 347.52916666666675 188.61250000000004 242.21250000000003 1.0000000180025095e-35 1.0000000180025095e-35 1.0000000180025095e-35 77.15000000000002 309.52500000000003 1.0000000180025095e-35 361.15000000000003 272.41250000000008 470.75000000000006 115.25000000000001 300.15000000000003 1.0000000180025095e-35 413.25000000000006 379.48750000000007 62.350000000000001 173.16750000000005 428.15000000000003 1203.6500000000003 1.0000000180025095e-35 152.60000000000002 355.05000000000007 728.6500000000002 527.55000000000007 398.85000000000008 158.61000000000001 1.0000000180025095e-35 1.0000000180025095e-35 933.35000000000025 291.51250000000005 418.05000000000007 1.0000000180025095e-35 1.0000000180025095e-35 172.85000000000005 450.45000000000005 1.0000000180025095e-35 1.0000000180025095e-35 1.0000000180025095e-35 82.450000000000017 1.7500000000000002 308.35000000000008 27.950000000000003 1.0000000180025095e-35 188.61250000000004 1.0000000180025095e-35 1.0000000180025095e-35 166.41000000000003 433.05000000000007 388.85000000000008 347.52916666666675 263.75000000000006 1.0000000180025095e-35 241.15833333333336 818.95000000000016 548.05000000000007
decision_type=2 2 2 2 2 2 2 2 2 2 2 2 2 2 2 2 2 2 2 2 2 2 2 2 2 2 2 2 2 2 2 2 2 2 2 2 2 2 2 2 2 2 2 2 2 2 2 2 2 2 2 2 2 2 2 2 2 2 2 2 2 2
left_child=1 -1 4 7 14 10 40 28 9 18 16 53 38 56 45 29 33 -13 32 20 -7 37 46 -24 25 26 47 -25 -3 -12 -20 -27 -6 34 36 -36 59 -21 43 51 -5 -38 -34 44 -8 -2 50 -17 -47 -15 -19 -14 -30 -10 55 -31 -9 -37 -29 -4 61 -61
right_child=2 3 5 6 8 19 12 13 11 -11 15 17 39 49 -16 24 -18 22 30 21 -22 -23 23 27 -26 31 -28 58 52 54 -32 -33 42 -35 35 57 41 -39 -40 -41 -42 -43 -44 -45 -46 48 -48 -49 -50 -51 -52 -53 -54 -55 -56 -57 -58 -59 -60 60 -62 -63
leaf_value=-6.5599726841136814 0.22561890106825602 -3.8219197914730731 36.750630308787031 -3.0953130211461994 13.23342399227208 45.209042441663406 4.8230749428019992 -0.96234570410413045 39.138387716293337 38.712899807521275 28.240637616813185 17.477187316010639 10.8997134687379 2.7217049049663355 20.870907866436504 37.101145214162848 50.985496227915696 27.366942013104758 42.218924295541015 57.451670908044889 55.139031355348358 68.885267670300536 16.901439826433048 18.026198563575743 29.501405526762426 50.052782408396411 60.473295841660615 46.785092347008842 -2.1061741351399959 46.29511267403339 25.078250561928265 72.663964916410904 21.054064209709111 47.841844228108727 53.302669205204133 24.958752051266757 38.092503900433059 38.255020618438721 13.485997195595079 22.261787929667367 2.4685275104441597 24.094822986309346 34.654541734548722 13.181930951903695 9.5930838449757836 21.232801568167552 48.434752841112093 46.858859970429798 9.5488315675424982 9.4563010333448041 45.563254674275719 21.098845682144166 0.44362873017863241 56.048134115007194 27.845838642120363 33.134332783222199 1.2784006375603438 40.405612423955176 32.862996541536774 29.199134068696395 34.994258671336709 17.034659501769635
leaf_weight=17105 42 1877 60 204 87 197 827 2040 25 63 56 41 568 1176 115 93 41 30 33 54 146 49 43 20 23 24 43 35 2023 94 49 21 327 30 31 22 201 20 112 45 636 26 26 92 260 35 41 81 215 98 21 40 841 27 20 40 1121 49 39 115 72 53
leaf_count=17105 42 1877 60 204 87 197 827 2040 25 63 56 41 568 1176 115 93 41 30 33 54 146 49 43 20 23 24 43 35 2023 94 49 21 327 30 31 22 201 20 112 45 636 26 26 92 260 35 41 81 215 98 21 40 841 27 20 40 1121 49 39 115 72 53
internal_value=-0.0332881 -3.49187 33.7561 0.896093 22.9697 42.2892 6.53066 -0.813437 27.5374 23.9282 38.5297 34.0944 8.86977 0.811126 12.7906 42.5608 35.6792 31.432 22.1438 51.9299 49.4358 58.8851 33.9305 29.2439 46.4985 47.9906 45.3748 34.89 -2.33315 37.2167 31.9763 60.6047 20.3114 34.7269 34.1014 40.9936 32.7674 52.2634 7.13095 12.3075 1.11731 36.4892 22.0558 6.52725 5.96402 9.6083 40.9094 41.6435 11.1846 3.23975 34.8595 11.5707 -1.35744 47.9184 40.4807 42.3665 -0.1677 35.6193 39.4478 29.9512 28.2513 25.3615
internal_weight=32040 29065 2975 11960 1314 1661 2784 9176 907 585 1195 322 1944 4435 407 495 700 270 522 466 343 123 229 137 285 262 217 94 4741 210 82 45 440 659 629 102 527 74 1291 653 840 227 353 1179 1087 292 92 174 250 1274 51 608 2864 52 154 134 3161 71 74 300 240 168
internal_count=32040 29065 2975 11960 1314 1661 2784 9176 907 585 1195 322 1944 4435 407 495 700 270 522 466 343 123 229 137 285 262 217 94 4741 210 82 45 440 659 629 102 527 74 1291 653 840 227 353 1179 1087 292 92 174 250 1274 51 608 2864 52 154 134 3161 71 74 300 240 168
is_linear=0
shrinkage=0.05


Tree=17
num_leaves=63
num_cat=0
split_feature=9 39 36 25 36 36 36 36 21 12 39 31 35 36 36 32 31 31 35 39 36 36 33 36 2 34 35 25 33 35 35 32 36 23 36 12 21 35 36 31 31 25 35 32 32 33 31 35 34 32 36 32 31 11 40 32 32 2 23 11 32 31
split_gain=1.35169e+09 1.41257e+08 9.88502e+07 4.15887e+07 2.2055e+07 2.17328e+07 1.29111e+07 8.3527e+06 7.7488e+06 5.57135e+06 4.95698e+06 4.2783e+06 3.77808e+06 3.76036e+06 3.75695e+06 3.68336e+06 3.39836e+06 3.39523e+06 3.2733e+06 2.91824e+06 2.9849e+06 2.94029e+06 2.70384e+06 3.44648e+06 2.65149e+06 2.60932e+06 3.12084e+06 4.41321e+06 2.60822e+06 2.22109e+06 2.09151e+06 2.06715e+06 2.03382e+06 2.25483e+06 1.96119e+06 1.95162e+06 2.0877e+06 2.4359e+06 1.99406e+06 1.94156e+06 1.62841e+06 1.60828e+06 1.55902e+06 1.55547e+06 1.53146e+06 1.51496e+06 1.48339e+06 1.42532e+06 1.37485e+06 1.37374e+06 1.33993e+06 1.32463e+06 1.7545e+06 1.31534e+06 1.31277e+06 1.92135e+06 1.72713e+06 1.3121e+06 2.2822e+06 1.60376e+06 1.30782e+06 1.30582e+06
threshold=1.0000000180025095e-35 1.0000000180025095e-35 227.72500000000002 1.0000000180025095e-35 136.7416666666667 347.52916666666675 235.65833333333336 178.11250000000004 1.0000000180025095e-35 1.0000000180025095e-35 1.0000000180025095e-35 77.15000000000002 361.15000000000003 272.41250000000008 347.52916666666675 470.75000000000006 115.25000000000001 300.15000000000003 355.05000000000007 1.0000000180025095e-35 413.25000000000006 379.48750000000007 62.350000000000001 173.16750000000005 1.0000000180025095e-35 428.15000000000003 1203.6500000000003 1.0000000180025095e-35 152.60000000000002 728.6500000000002 527.55000000000007 398.85000000000008 432.35000000000008 1.0000000180025095e-35 158.61000000000001 1.0000000180025095e-35 1.0000000180025095e-35 933.35000000000025 291.51250000000005 418.05000000000007 450.45000000000005 1.0000000180025095e-35 82.450000000000017 156.25000000000003 28.750000000000004 2.6500000000000008 27.950000000000003 618.05000000000007 15.750000000000002 125.55000000000001 166.41000000000003 433.05000000000007 388.85000000000008 1.0000000180025095e-35 1.5000000000000002 247.15000000000001 276.55000000000007 1.0000000180025095e-35 1.0000000180025095e-35 1.0000000180025095e-35 263.75000000000006 332.05000000000007
decision_type=2 2 2 2 2 2 2 2 2 2 2 2 2 2 2 2 2 2 2 2 2 2 2 2 2 2 2 2 2 2 2 2 2 2 2 2 2 2 2 2 2 2 2 2 2 2 2 2 2 2 2 2 2 2 2 2 2 2 2 2 2 2
left_child=1 -1 4 7 12 10 18 -3 9 17 15 50 42 29 47 35 -13 34 -5 20 -7 39 45 -24 32 26 27 43 -25 -12 -19 -28 33 53 -6 36 38 -38 -4 61 -40 54 -2 -15 -20 -18 -44 -9 -14 -32 -10 52 -31 -8 55 -36 -56 -49 59 -59 -39 -21
right_child=2 3 5 6 8 19 24 14 11 -11 13 16 48 25 -16 -17 22 30 44 21 -22 -23 23 28 -26 -27 31 -29 -30 51 49 -33 -34 -35 41 -37 37 60 40 -41 -42 -43 46 -45 -46 -47 -48 57 -50 -51 -52 -53 -54 -55 56 -57 -58 58 -60 -61 -62 -63
leaf_value=-6.2319740265971983 0.21433790056478408 -3.2597930344737875 28.453645768324535 -0.39857735465803068 12.571752706204338 42.948590619188877 7.051265317468502 -1.4467502292477334 37.181468261718749 36.777254999251589 26.828606035028187 16.603328074478522 24.372460581274595 52.679452285766608 2.2748952024443483 48.436220934914381 34.06536977897256 40.107978145281479 9.9998115209669916 47.086655998229986 52.382079910905397 65.441004165338015 16.056367566973666 17.124888753890993 16.600914732933045 28.026335728686792 47.550143114725756 57.449630701819132 37.47538319056904 43.980356987486495 16.5740500160626 69.030766950334822 14.856212062690094 15.638604876493154 19.385496541431973 45.449751968383794 50.637536104263802 23.710814536701548 36.187878535398795 36.342269868850707 22.890081827700712 32.921814610407907 20.171160970415389 37.857704157024237 3.8498935889354295 47.443078174013081 9.0713900186849212 -0.47302767072703339 13.251475521351431 33.491388593401233 53.24572733243307 26.453546628952029 31.477616199254989 13.618172316953361 19.432170328561298 2.2210711809604065 29.175409510930383 0.11611235594988578 9.1307325989007957 7.258023860715749 38.385331321249204 62.647858957143939
leaf_weight=17105 42 2468 300 501 87 197 938 2278 25 63 56 41 68 20 1579 41 59 33 116 28 146 49 43 20 125 23 24 43 74 94 28 21 131 95 56 30 31 22 201 20 26 26 35 154 795 33 215 1993 47 21 27 20 40 83 188 23 60 673 96 89 49 26
leaf_count=17105 42 2468 300 501 87 197 938 2278 25 63 56 41 68 20 1579 41 59 33 116 28 146 49 43 20 125 23 24 43 74 94 28 21 131 95 56 30 31 22 201 20 26 26 35 154 795 33 215 1993 47 21 27 20 40 83 188 23 60 673 96 89 49 26
internal_value=-0.0316237 -3.31727 32.0683 0.851288 21.8212 40.1747 6.20413 -0.772765 26.1605 22.7318 36.6032 32.3897 12.1511 40.4327 0.142259 33.8952 29.8604 21.0366 2.8477 49.3334 46.964 55.9409 32.234 27.7818 9.65841 44.1736 45.5911 43.106 33.1455 35.3559 30.3775 57.5744 8.96249 8.27067 19.2958 32.9906 32.3963 38.9439 31.129 49.6502 34.6648 20.953 9.12788 39.5614 4.63298 38.8639 10.6254 -0.514288 19.8274 23.8243 45.5225 38.4567 40.2482 7.58511 20.0014 14.3883 21.7894 0.230766 1.86557 0.950273 33.8383 54.5791
internal_weight=32040 29065 2975 11960 1314 1661 2784 9176 907 585 1195 322 407 495 6708 700 270 522 1412 466 343 123 229 137 1372 285 262 217 94 210 82 45 1247 1116 440 659 629 102 527 74 227 353 292 174 911 92 250 5129 115 49 52 154 134 1021 327 79 248 2851 858 762 71 54
internal_count=32040 29065 2975 11960 1314 1661 2784 9176 907 585 1195 322 407 495 6708 700 270 522 1412 466 343 123 229 137 1372 285 262 217 94 210 82 45 1247 1116 440 659 629 102 527 74 227 353 292 174 911 92 250 5129 115 49 52 154 134 1021 327 79 248 2851 858 762 71 54
is_linear=0
shrinkage=0.05


Tree=18
num_leaves=63
num_cat=0
split_feature=9 39 36 25 36 36 36 13 36 21 12 39 36 31 36 36 31 31 32 39 36 36 36 31 31 31 13 32 21 36 12 32 12 31 21 34 31 36 32 2 11 25 31 34 36 34 31 34 12 37 40 36 36 34 36 25 23 39 36 31 31 36
split_gain=1.2199e+09 1.27485e+08 8.92123e+07 3.75338e+07 1.99046e+07 1.96138e+07 1.17895e+07 7.57602e+06 7.53831e+06 6.99329e+06 5.02814e+06 4.42166e+06 4.28595e+06 3.86117e+06 3.52528e+06 3.39065e+06 3.06702e+06 3.06419e+06 2.8612e+06 2.63371e+06 2.72888e+06 2.65361e+06 2.60321e+06 3.33995e+06 2.67883e+06 2.53984e+06 2.2651e+06 2.65596e+06 2.09349e+06 2.07037e+06 2.18601e+06 2.04584e+06 2.03538e+06 2.01033e+06 1.97971e+06 1.82573e+06 1.75226e+06 1.7443e+06 1.73078e+06 1.69872e+06 1.66383e+06 1.63115e+06 1.87518e+06 1.59733e+06 1.5744e+06 1.54073e+06 1.47295e+06 1.41331e+06 1.40561e+06 1.4023e+06 1.37559e+06 1.30381e+06 1.25941e+06 1.22509e+06 1.20929e+06 1.19185e+06 1.18761e+06 1.1819e+06 1.18042e+06 1.1785e+06 1.12426e+06 1.11409e+06
threshold=1.0000000180025095e-35 1.0000000180025095e-35 227.72500000000002 1.0000000180025095e-35 136.7416666666667 347.52916666666675 179.28000000000003 1.0000000180025095e-35 178.11250000000004 1.0000000180025095e-35 1.0000000180025095e-35 1.0000000180025095e-35 309.52500000000003 77.15000000000002 272.41250000000008 347.52916666666675 115.25000000000001 300.15000000000003 470.75000000000006 1.0000000180025095e-35 453.55000000000007 379.48750000000007 85.410000000000011 54.150000000000013 248.95000000000002 191.85000000000005 1.0000000180025095e-35 231.95000000000002 1.0000000180025095e-35 291.51250000000005 1.0000000180025095e-35 422.85000000000008 1.0000000180025095e-35 123.85000000000001 1.0000000180025095e-35 29.350000000000005 418.05000000000007 173.16750000000005 145.65000000000001 1.0000000180025095e-35 1.0000000180025095e-35 1.0000000180025095e-35 73.050000000000011 110.2 215.17083333333335 340.15000000000003 450.45000000000005 24.850000000000005 1.0000000180025095e-35 3.5000000000000004 5.5000000000000009 359.52500000000003 89.916666666666671 2.5500000000000003 166.41000000000003 1.0000000180025095e-35 1.0000000180025095e-35 1.0000000180025095e-35 195.6166666666667 332.05000000000007 29.050000000000004 157.21000000000004
decision_type=2 2 2 2 2 2 2 2 2 2 2 2 2 2 2 2 2 2 2 2 2 2 2 2 2 2 2 2 2 2 2 2 2 2 2 2 2 2 2 2 2 2 2 2 2 2 2 2 2 2 2 2 2 2 2 2 2 2 2 2 2 2
left_child=1 -1 4 8 22 7 52 11 -3 10 17 18 32 54 45 48 -15 26 28 20 51 36 -2 53 -25 33 41 -28 29 30 -4 38 34 -16 56 44 59 61 -27 40 -14 42 -6 -33 -19 50 -31 -9 -10 -30 -13 -7 -5 -24 -11 -40 -8 -12 -44 -21 -54 -18
right_child=2 3 5 6 9 19 12 47 15 13 57 14 39 16 25 -17 37 35 -20 21 -22 -23 23 24 -26 31 27 -29 49 46 -32 43 -34 -35 -36 -37 -38 -39 55 -41 -42 -43 58 -45 -46 -47 -48 -49 -50 -51 -52 -53 60 -55 -56 -57 -58 -59 -60 -61 -62 -63
leaf_value=-5.920375352495423 4.6287599601581988 -3.096803376737475 25.370710856441065 -3.8693469268434186 2.9033600158691408 34.262647293835151 4.010916380082973 64.251445846557615 -0.70912145650658764 35.322395192146303 29.921786692411434 34.009687018245465 9.8227397184413778 15.773161702039767 41.965732192993165 2.1611504488799809 30.85377754388854 27.597823731104537 44.49606486344949 44.732323891775955 54.017881944444447 62.168953658123407 31.183109768954189 9.4903586078231985 24.973421096801758 53.843698285973588 16.355886073907218 39.421960419874928 47.129453042837298 34.322573358233619 41.089777739842731 45.455596849995281 12.592989436174051 23.620429593324662 9.1280155350075169 15.722649888992311 34.525156300067906 34.069688263260723 36.964703583717345 21.043259885834487 20.134612900870188 28.247974383036297 14.583990030166431 63.579686393737795 44.642322324514396 45.65784767150879 21.456952972412111 46.974254779157974 2.6179078289647313 33.6771496604932 24.460616089105606 43.913506939221634 6.449735453299394 15.50047204017639 50.583440957246012 48.982856513977055 10.105812284282663 44.287519713965331 20.601667687892913 59.515466191218451 0.52272021233359511 19.59913153025839
leaf_weight=17105 102 2468 282 136 25 41 871 20 4789 25 41 120 570 41 28 1579 43 42 39 28 63 49 33 220 32 23 24 26 26 202 24 31 117 32 317 20 20 141 118 41 42 30 195 20 20 20 25 29 340 76 55 239 95 20 27 25 88 22 140 26 507 45
leaf_count=17105 102 2468 282 136 25 41 871 20 4789 25 41 120 570 41 28 1579 43 42 39 28 63 49 33 220 32 23 24 26 26 202 24 31 117 32 317 20 20 141 118 41 42 30 195 20 20 20 25 29 340 76 55 239 95 20 27 25 88 22 140 26 507 45
internal_value=-0.0300425 -3.15141 30.4649 0.808724 20.7301 38.166 5.89392 34.7731 -0.734127 24.8525 21.5952 33.9499 7.84808 30.7702 37.6612 0.135146 28.3674 19.9848 31.3508 46.8668 44.6158 53.1438 11.5435 13.856 11.4565 41.2867 18.331 28.3502 30.5435 29.2876 26.6036 43.8043 6.28125 32.1816 5.70251 28.8586 47.1677 30.6223 41.1133 11.1905 10.5304 17.0465 16.113 52.5631 33.096 32.511 32.9057 54.0262 -0.488574 37.1062 31.0086 42.5003 0.476305 25.2651 43.2464 39.0658 4.5702 34.9384 17.0988 51.8501 1.45805 25.0986
internal_weight=32040 29065 2975 11960 1314 1661 2784 1195 9176 907 585 1146 2046 322 472 6708 270 522 674 466 343 123 407 305 252 277 440 50 635 533 306 217 1393 60 1276 82 74 229 166 653 612 390 360 51 62 195 227 49 5129 102 175 280 738 53 52 143 959 63 335 54 602 88
internal_count=32040 29065 2975 11960 1314 1661 2784 1195 9176 907 585 1146 2046 322 472 6708 270 522 674 466 343 123 407 305 252 277 440 50 635 533 306 217 1393 60 1276 82 74 229 166 653 612 390 360 51 62 195 227 49 5129 102 175 280 738 53 52 143 959 63 335 54 602 88
is_linear=0
shrinkage=0.05


Tree=19
num_leaves=63
num_cat=0
split_feature=9 25 36 7 36 36 23 36 21 13 11 12 12 21 36 36 25 31 31 33 25 25 36 11 36 31 33 36 33 36 36 32 36 40 23 36 31 7 7 34 13 36 32 34 31 36 36 33 31 23 36 32 5 34 11 31 25 32 31 33 32 11
split_gain=1.10096e+09 9.09398e+07 8.05141e+07 3.05373e+07 1.80417e+07 1.78324e+07 1.73278e+07 1.07902e+07 7.16353e+06 5.77299e+06 5.47715e+06 4.68077e+06 4.04534e+06 4.22849e+06 3.89695e+06 3.63031e+06 3.54435e+06 3.62752e+06 4.74938e+06 3.46063e+06 3.36056e+06 3.2958e+06 3.25789e+06 2.88832e+06 2.77346e+06 2.41835e+06 2.01422e+06 2.58454e+06 2.54333e+06 2.19236e+06 2.04547e+06 1.98027e+06 1.96408e+06 2.11127e+06 1.95899e+06 1.9908e+06 1.95703e+06 1.8115e+06 1.80412e+06 1.73152e+06 1.73013e+06 1.56856e+06 1.55744e+06 1.5546e+06 2.33693e+06 1.52586e+06 1.49534e+06 1.4624e+06 2.0204e+06 1.45733e+06 1.45149e+06 1.44837e+06 1.44515e+06 1.75279e+06 1.3892e+06 1.33847e+06 1.33826e+06 1.52954e+06 1.29673e+06 1.27225e+06 1.26986e+06 1.22807e+06
threshold=1.0000000180025095e-35 1.0000000180025095e-35 227.72500000000002 1.0000000180025095e-35 123.86250000000003 323.02500000000003 1.0000000180025095e-35 235.65833333333336 1.0000000180025095e-35 1.0000000180025095e-35 1.0000000180025095e-35 1.0000000180025095e-35 1.0000000180025095e-35 1.0000000180025095e-35 387.95000000000005 266.78333333333336 1.0000000180025095e-35 444.75000000000006 474.75000000000006 431.45000000000005 1.0000000180025095e-35 1.0000000180025095e-35 166.41000000000003 1.0000000180025095e-35 153.21000000000004 412.55000000000007 55.850000000000001 173.16750000000005 152.60000000000002 161.38750000000002 140.98750000000004 179.45000000000002 243.37500000000003 1.5000000000000002 1.0000000180025095e-35 436.42500000000001 300.15000000000003 1.0000000180025095e-35 1.0000000180025095e-35 1.0000000180025095e-35 1.0000000180025095e-35 268.21666666666675 247.15000000000001 235.35000000000005 392.85000000000008 284.0125000000001 189.8416666666667 436.05000000000007 234.65000000000001 1.0000000180025095e-35 242.21250000000003 109.25000000000001 1.0000000180025095e-35 345.80000000000001 1.0000000180025095e-35 448.25000000000006 1.0000000180025095e-35 333.65000000000003 64.65000000000002 98.350000000000009 328.05000000000007 1.0000000180025095e-35
decision_type=2 2 2 2 2 2 2 2 2 2 2 2 2 2 2 2 2 2 2 2 2 2 2 2 2 2 2 2 2 2 2 2 2 2 2 2 2 2 2 2 2 2 2 2 2 2 2 2 2 2 2 2 2 2 2 2 2 2 2 2 2 2
left_child=1 3 4 6 51 9 10 24 11 12 -1 22 13 16 20 49 17 25 -19 21 43 26 -6 50 -3 45 60 29 -29 30 -28 -27 -15 -34 35 37 40 54 -26 -30 56 -18 -14 47 -45 52 58 48 -7 -5 -8 -2 53 -4 -9 -16 57 -24 -13 -38 -10 -17
right_child=2 7 5 15 8 14 23 34 19 -11 -12 46 42 32 55 61 41 18 -20 -21 -22 -23 36 -25 38 31 27 28 39 -31 -32 -33 33 -35 -36 -37 59 -39 -40 -41 -42 -43 -44 44 -46 -47 -48 -49 -50 -51 -52 -53 -54 -55 -56 -57 -58 -59 -60 -61 -62 -63
leaf_value=-5.188507266691774 6.9645852839039568 -0.434344131786564 26.097319145562949 -0.66772004293002052 12.648288513720036 53.137220039367676 -2.1448396143712478 6.4504839899485509 27.696293100205864 49.710293918185769 -2.5542250922686338 35.454299087524412 55.914511642456063 28.442103614807127 44.759227282795685 3.0631793740742843 31.957097896337508 0.16959776878356936 31.014332161843779 47.442150149138079 54.695600363787484 46.087264659188008 17.908771506092581 5.5602832511622218 3.52148194604804 29.699268963223417 10.268687697819303 13.770915338397026 40.289641931894664 5.7851480407099576 30.230377416899714 51.413163348606659 28.307266177654267 44.637802470357798 15.286460629949032 14.30962421322657 32.569585225862618 14.726378565881312 11.668326728086214 25.688601078457307 29.239127287993565 45.873941279620659 38.128153324127197 37.726366381934199 59.062854657854352 31.263670649307187 40.524419748372047 24.966081349054974 36.621960601234434 5.3229756866026365 0.45604872104785282 14.267912378455655 36.612385090192156 11.172336455753872 12.816868791428019 52.239863432296602 29.285459974537726 4.393387205704399 18.373191268920902 19.14697107385706 38.855012362712138 9.5176995018124586
leaf_weight=19140 216 506 311 1479 176 20 1123 969 82 45 2200 20 20 40 151 935 40 26 24 23 34 22 233 188 832 21 21 24 37 31 33 21 25 95 106 121 51 82 74 45 37 41 32 33 21 237 29 24 250 109 1027 99 30 21 94 99 23 23 25 27 37 80
leaf_count=19140 216 506 311 1479 176 20 1123 969 82 45 2200 20 20 40 151 935 40 26 24 23 34 22 233 188 832 21 21 24 37 31 33 21 25 95 106 121 51 82 74 45 37 41 32 33 21 237 29 24 250 109 1027 99 30 21 94 99 23 23 25 27 37 80
internal_value=-0.0285403 -2.99384 28.9417 -3.90412 19.6936 36.2577 -4.46922 5.59923 22.9835 32.1976 -4.91693 19.84 31.3967 30.6394 42.8683 1.23632 29.1062 27.9463 14.9751 28.6862 39.692 27.3869 18.3041 -0.382789 2.53084 28.958 26.0597 22.8785 28.0868 16.3833 22.4675 40.5562 38.0372 41.2356 8.75707 8.21037 20.8305 7.56582 4.1869 32.2769 19.0798 39.0014 44.9691 38.2262 46.0239 28.1448 31.6706 36.7939 37.8453 -0.25652 -0.902462 9.25992 26.1029 25.1533 7.01346 47.7216 17.7325 16.6945 25.9648 27.9233 31.1658 3.57191
internal_weight=32040 29065 2975 26281 1314 1661 23678 2784 999 1029 21340 644 984 932 632 2603 772 691 50 355 382 332 570 2338 1412 641 310 191 106 85 54 42 160 120 1372 1266 394 1145 906 82 316 81 52 348 54 599 74 294 270 1588 2150 315 362 332 1063 250 279 256 45 78 119 1015
internal_count=32040 29065 2975 26281 1314 1661 23678 2784 999 1029 21340 644 984 932 632 2603 772 691 50 355 382 332 570 2338 1412 641 310 191 106 85 54 42 160 120 1372 1266 394 1145 906 82 316 81 52 348 54 599 74 294 270 1588 2150 315 362 332 1063 250 279 256 45 78 119 1015
is_linear=0
shrinkage=0.05


Tree=20
num_leaves=63
num_cat=0
split_feature=9 39 36 25 36 36 36 12 21 36 36 29 7 39 25 13 2 2 13 36 39 21 36 2 11 35 11 35 5 36 35 36 35 32 35 7 36 32 35 36 35 36 36 32 35 33 39 11 36 36 36 33 32 36 32 35 32 35 36 38 36 36
split_gain=1.00399e+09 1.05096e+08 7.38884e+07 2.90488e+07 2.52324e+07 9.77756e+06 9.18817e+06 7.33036e+06 6.6983e+06 6.6961e+06 4.92083e+06 4.49825e+06 4.08499e+06 3.75299e+06 3.56701e+06 3.64023e+06 3.51123e+06 3.26973e+06 3.23407e+06 3.10821e+06 2.75756e+06 2.692e+06 2.15825e+06 2.03439e+06 3.05195e+06 1.75026e+06 1.73394e+06 1.73085e+06 1.72285e+06 1.66831e+06 1.52345e+06 1.91649e+06 1.46051e+06 1.9612e+06 1.48468e+06 1.4042e+06 1.38372e+06 1.37599e+06 3.71115e+06 1.35836e+06 1.35677e+06 1.48664e+06 1.3052e+06 1.23592e+06 1.91954e+06 1.23283e+06 1.28404e+06 1.20004e+06 1.18351e+06 1.17638e+06 2.99334e+06 2.31082e+06 1.5064e+06 1.75011e+06 1.17584e+06 1.16789e+06 1.25503e+06 1.14772e+06 1.10476e+06 1.04686e+06 1.0383e+06 1.02366e+06
threshold=1.0000000180025095e-35 1.0000000180025095e-35 193.32500000000002 1.0000000180025095e-35 300.81666666666672 202.21666666666673 123.86250000000003 1.0000000180025095e-35 1.0000000180025095e-35 178.11250000000004 387.95000000000005 1.0000000180025095e-35 1.0000000180025095e-35 1.0000000180025095e-35 1.0000000180025095e-35 1.0000000180025095e-35 1.0000000180025095e-35 1.0000000180025095e-35 1.0000000180025095e-35 261.05833333333339 1.0000000180025095e-35 1.0000000180025095e-35 379.48750000000007 1.0000000180025095e-35 1.0000000180025095e-35 96.050000000000011 1.0000000180025095e-35 153.05000000000004 1.0000000180025095e-35 227.72500000000002 667.90000000000009 140.98750000000004 1110.2000000000003 322.25000000000006 818.95000000000016 1.0000000180025095e-35 170.31000000000003 195.95000000000002 532.95000000000016 467.75000000000006 607.45000000000016 240.05833333333337 236.61000000000004 322.25000000000006 1069.4000000000003 209.95000000000002 1.0000000180025095e-35 1.0000000180025095e-35 309.52500000000003 185.05833333333337 174.31250000000006 83.050000000000011 123.35000000000001 149.39000000000001 422.85000000000008 634.05000000000007 56.050000000000004 679.95000000000016 199.14166666666668 1.0000000180025095e-35 400.05000000000007 334.03333333333336
decision_type=2 2 2 2 2 2 2 2 2 2 2 2 2 2 2 2 2 2 2 2 2 2 2 2 2 2 2 2 2 2 2 2 2 2 2 2 2 2 2 2 2 2 2 2 2 2 2 2 2 2 2 2 2 2 2 2 2 2 2 2 2 2
left_child=1 -1 6 9 7 27 25 8 14 -3 13 18 23 -6 15 19 26 22 21 58 39 36 35 60 -25 -2 -14 -5 40 -17 31 -20 34 -34 37 47 -8 38 -21 -12 -10 45 -16 -15 54 -42 -47 -7 -19 50 51 52 -23 -54 -45 -9 -57 -53 -4 -36 -11 -46
right_child=2 3 4 5 10 17 11 55 28 12 20 -13 16 43 42 29 -18 48 30 32 -22 49 -24 24 -26 -27 -28 -29 -30 -31 -32 -33 33 -35 59 -37 -38 -39 -40 -41 41 -43 -44 44 61 46 -48 -49 -50 -51 -52 57 53 -55 -56 56 -58 -59 -60 -61 -62 -63
leaf_value=-5.364189049001669 1.0488249500468374 -2.815464952273143 9.6283966603486437 -3.3996060107524197 33.467246135093788 4.9845221955705128 13.040372172142231 52.66506057739258 47.557803290230886 -1.7030935414260484 40.951429903638235 2.6109933928439495 1.0167269536439327 36.012378151966978 26.222941720485689 27.327215542331817 8.9861105134320809 11.616687052383602 20.893591540792713 28.127891286214194 56.833575802757629 39.081800098419194 10.836841291529794 0.15033416170254579 7.5590488074641486 10.569472788557833 6.5703315308341734 2.2200378219172876 20.798401200500404 43.602270007133484 17.568016225641426 38.570424307688427 28.512306797027591 8.281277739483377 30.297741034061097 11.161381247639657 20.509988183359948 29.817864445277621 5.1354062988781015 50.568205261230474 36.695425440750874 38.981413993835453 38.691330209325571 44.712094023288827 57.965130630493164 20.975569392359535 34.203149136900905 10.441663523192879 21.206965736720875 12.301870445583178 37.041223680650866 10.567425045967102 31.853965009492022 14.483196082813988 32.434141753270076 49.550482702255252 34.730578199386599 23.519020953545205 20.895715629402087 42.418692580513337 1.1097330658368767 45.829904089475939
leaf_weight=17075 60 2471 23 165 333 1090 186 20 21 2622 182 38 1609 65 32 31 172 107 23 54 42 20 280 1626 152 247 154 808 22 32 22 46 25 23 79 120 93 84 26 46 51 95 61 39 25 43 32 111 46 23 37 50 29 29 39 20 50 26 402 23 375 57
leaf_count=17075 60 2471 23 165 333 1090 186 20 21 2622 182 38 1609 65 32 31 172 107 23 54 42 20 280 1626 152 247 154 808 22 32 22 46 25 23 79 120 93 84 26 46 51 95 61 39 25 43 32 111 46 23 37 50 29 29 39 20 50 26 402 23 375 57
internal_value=0.00290002 -2.84981 27.5079 0.755593 32.7506 5.28683 15.7866 28.2635 27.1961 -0.590306 39.5191 19.2801 0.229123 36.8379 25.1316 24.0567 2.16711 7.51673 20.3647 23.0732 45.0604 18.7661 6.84937 -0.556218 0.7837 8.70876 1.50184 1.26707 34.1948 35.5939 29.0251 32.6781 26.8457 18.8183 28.2943 6.00418 15.5302 25.3483 20.6553 42.8917 35.4127 34.2586 34.4011 41.8264 44.1883 30.6978 26.6193 5.48889 14.5 22.9848 24.2712 21.2031 27.2489 23.1686 38.5731 42.0093 38.9648 14.9982 20.286 33.0309 -1.35114 49.5297
internal_weight=31989 28983 3006 11908 2077 2727 929 1249 1159 9181 828 622 6710 558 895 802 1935 1754 584 739 270 493 1601 4775 1778 307 1763 973 264 63 91 69 314 48 266 1321 279 164 80 228 242 221 93 225 160 126 75 1201 153 214 191 154 78 58 78 90 70 76 425 102 2997 82
internal_count=31989 28983 3006 11908 2077 2727 929 1249 1159 9181 828 622 6710 558 895 802 1935 1754 584 739 270 493 1601 4775 1778 307 1763 973 264 63 91 69 314 48 266 1321 279 164 80 228 242 221 93 225 160 126 75 1201 153 214 191 154 78 58 78 90 70 76 425 102 2997 82
is_linear=0
shrinkage=0.05


Tree=21
num_leaves=63
num_cat=0
split_feature=39 36 25 36 37 36 6 36 38 37 36 25 36 37 28 10 5 8 24 18 29 4 36 6 38 28 10 18 36 37 38 36 10 24 8 29 18 28 4 5 29 5 29 37 36 4 38 8 21 4 37 5 7 5 13 37 37 12 29 10 8 36
split_gain=8.07464e+07 3.0901e+07 2.58099e+07 1.55423e+07 1.2367e+07 6.88338e+06 4.94941e+06 4.88179e+06 3.71504e+06 4.52111e+06 4.01846e+06 3.36701e+06 3.25297e+06 3.28225e+06 3.19568e+06 4.1377e+06 5.42212e+06 7.51186e+06 1.13951e+07 1.94021e+07 3.80299e+07 1.04327e+08 9.99397e+06 3.09159e+06 3.28817e+06 3.68699e+06 2.97281e+06 2.84321e+06 2.71726e+06 2.66424e+06 2.92007e+06 2.53969e+06 2.44164e+06 2.65149e+06 2.46385e+06 2.37078e+06 2.36178e+06 2.12036e+06 2.37765e+06 2.87535e+06 2.54441e+06 2.20089e+06 2.85215e+06 1.97884e+06 1.85126e+06 1.84869e+06 1.69515e+06 1.64693e+06 1.98581e+06 1.8828e+06 1.67837e+06 2.96201e+06 1.57853e+06 1.52395e+06 1.51643e+06 1.51234e+06 1.44874e+06 1.37926e+06 1.37704e+06 1.50538e+06 1.35129e+06 1.34457e+06
threshold=1.0000000180025095e-35 196.81666666666669 1.0000000180025095e-35 193.32500000000002 2.5000000000000004 266.78333333333336 1.0000000180025095e-35 120.22500000000001 1.0000000180025095e-35 1.5000000000000002 266.78333333333336 1.0000000180025095e-35 345.05000000000013 2.5000000000000004 1.0000000180025095e-35 1.0000000180025095e-35 1.0000000180025095e-35 1.0000000180025095e-35 1.0000000180025095e-35 1.0000000180025095e-35 1.0000000180025095e-35 1.0000000180025095e-35 331.81666666666672 1.0000000180025095e-35 1.0000000180025095e-35 1.0000000180025095e-35 1.0000000180025095e-35 1.0000000180025095e-35 100.47500000000001 2.5000000000000004 1.0000000180025095e-35 309.52500000000003 1.0000000180025095e-35 1.0000000180025095e-35 1.0000000180025095e-35 1.0000000180025095e-35 1.0000000180025095e-35 1.0000000180025095e-35 1.0000000180025095e-35 1.0000000180025095e-35 1.0000000180025095e-35 1.0000000180025095e-35 1.0000000180025095e-35 1.5000000000000002 458.45000000000005 1.0000000180025095e-35 1.0000000180025095e-35 1.0000000180025095e-35 1.0000000180025095e-35 1.0000000180025095e-35 3.5000000000000004 1.0000000180025095e-35 1.0000000180025095e-35 1.0000000180025095e-35 1.0000000180025095e-35 1.5000000000000002 1.5000000000000002 1.0000000180025095e-35 1.0000000180025095e-35 1.0000000180025095e-35 1.0000000180025095e-35 329.71250000000009
decision_type=2 2 2 2 2 2 2 2 2 2 2 2 2 2 2 2 2 2 2 2 2 2 2 2 2 2 2 2 2 2 2 2 2 2 2 2 2 2 2 2 2 2 2 2 2 2 2 2 2 2 2 2 2 2 2 2 2 2 2 2 2 2
left_child=3 7 4 28 31 46 8 -2 9 14 -11 57 29 -14 15 16 17 18 19 20 21 22 -5 24 25 26 27 35 -1 -4 45 -3 33 34 36 47 37 38 41 40 -40 -12 -43 -33 -24 53 -6 48 49 50 51 -7 54 58 -13 -8 -10 -9 59 60 -31 -27
right_child=1 2 12 6 5 23 55 11 56 10 32 52 13 -15 -16 -17 -18 -19 -20 -21 -22 -23 44 -25 -26 61 -28 -29 -30 30 -32 43 -34 -35 -36 -37 -38 -39 39 -41 -42 42 -44 -45 -46 -47 -48 -49 -50 -51 -52 -53 -54 -55 -56 -57 -58 -59 -60 -61 -62 -63
leaf_value=-4.4797010009352851 -2.9096712701681473 -0.24527728758688039 5.9342934118564052 22.709440204709075 4.1056316409610139 28.717383208744963 -6.0630790552278846 -0.6712341031420499 -4.8874431177512889 0.30327509707986405 33.453939643272989 2.3098502308699498 10.78172818066469 20.06563416477433 -4.8917865850532696 -4.9196387369863821 -4.8930636486375185 -4.8935006490796447 -4.8116680650825963 -4.827474692261335 -4.8933500143946436 -4.9107697777349673 36.156308966167906 2.5311932691343699 4.7474533443191556 0.88813119802327289 5.5034118489294812 7.751112253356137 -2.754141928907671 17.536773816235844 5.0014372127571542 1.0819164414479758 -0.081490369436892682 1.1009913932997735 2.1857188224792483 8.7725590666544804 4.5791275768779043 6.2171240397862029 24.14932357311249 -4.7354795227050781 3.2643078594207768 26.234898211061957 4.3835847718375076 4.4551910580967196 46.732411928530098 5.6864967042153038 0.12113296701965562 11.80531704902649 13.0867732590701 14.419295207262039 37.783103075623515 10.192605655424057 12.745261980139691 7.2803806466476946 10.157302934708802 -2.4025691977653718 -1.4805627410055853 2.9986665581948548 7.9371749279044925 7.8037658937275411 10.101857774508627 8.9355986103415486
leaf_weight=4206 1339 1622 566 172 1362 71 410 1982 388 1779 26 571 335 133 431 423 415 407 415 412 392 371 177 223 347 113 138 152 4986 312 207 1044 267 256 178 97 172 98 35 25 25 32 28 745 54 109 332 90 79 50 24 31 46 107 69 905 1594 294 84 64 76 96
leaf_count=4206 1339 1622 566 172 1362 71 410 1982 388 1779 26 571 335 133 431 423 415 407 415 412 392 371 177 223 347 113 138 152 4986 312 207 1044 267 256 178 97 172 98 35 25 25 32 28 745 54 109 332 90 79 50 24 31 46 107 69 905 1594 294 84 64 76 96
internal_value=0.00275501 3.05659 4.78562 -2.06366 3.28302 5.51315 -0.687641 -0.40427 -0.249478 0.321369 1.78914 0.72832 9.77367 13.4201 -0.847166 -0.3088 0.384055 1.29656 2.56066 4.49951 7.79516 14.2214 31.8343 7.96663 8.9077 10.4418 12.1142 13.65 -3.54371 8.65463 10.2602 1.18757 4.10381 5.38092 7.15097 15.6786 9.15509 12.081 15.4416 9.51114 15.4472 21.303 16.0376 2.48666 38.6286 11.7077 3.32473 17.6203 19.6726 22.6288 25.8865 23.0873 3.79892 12.7284 3.1559 -3.54387 -2.1475 -0.197178 13.816 14.9085 16.0805 4.58458
internal_weight=31989 12910 8609 19079 6616 3205 9887 4301 8572 6590 2921 2962 1993 468 3669 3238 2815 2400 1993 1578 1166 774 403 1511 1288 941 732 594 9192 1525 959 3411 1142 875 619 442 441 269 171 85 60 86 60 1789 231 752 1694 345 255 176 126 102 686 643 640 1315 1982 2276 536 452 388 209
internal_count=31989 12910 8609 19079 6616 3205 9887 4301 8572 6590 2921 2962 1993 468 3669 3238 2815 2400 1993 1578 1166 774 403 1511 1288 941 732 594 9192 1525 959 3411 1142 875 619 442 441 269 171 85 60 86 60 1789 231 752 1694 345 255 176 126 102 686 643 640 1315 1982 2276 536 452 388 209
is_linear=0
shrinkage=0.05


Tree=22
num_leaves=63
num_cat=0
split_feature=9 25 36 7 36 2 23 35 36 21 23 36 2 35 2 11 13 11 23 11 25 23 35 34 13 34 36 36 36 36 33 35 32 35 32 36 36 35 7 5 35 6 33 33 32 36 11 7 35 35 32 34 32 35 32 25 35 36 21 35 33 35
split_gain=8.83933e+08 6.50708e+07 6.15388e+07 2.33179e+07 2.03554e+07 1.51762e+07 1.08446e+07 8.29044e+06 7.81284e+06 5.84078e+06 4.3274e+06 3.68007e+06 3.5584e+06 2.90464e+06 2.83203e+06 2.74409e+06 2.71326e+06 2.66225e+06 2.55323e+06 2.54674e+06 2.49148e+06 2.48749e+06 3.05371e+06 2.38794e+06 2.17828e+06 2.92236e+06 1.93786e+06 1.86308e+06 1.83363e+06 1.78434e+06 3.46257e+06 2.14363e+06 1.78078e+06 1.72262e+06 1.65915e+06 1.60463e+06 1.53483e+06 1.5274e+06 1.462e+06 1.45587e+06 1.43926e+06 1.37823e+06 1.33967e+06 1.99513e+06 1.43952e+06 1.28321e+06 1.2832e+06 1.24761e+06 2.05344e+06 3.15748e+06 2.42999e+06 3.36864e+06 2.83632e+06 1.80163e+06 1.23462e+06 1.91029e+06 1.4061e+06 1.23136e+06 1.19856e+06 1.19247e+06 2.14641e+06 1.41285e+06
threshold=1.0000000180025095e-35 1.0000000180025095e-35 193.32500000000002 1.0000000180025095e-35 300.81666666666672 1.0000000180025095e-35 1.0000000180025095e-35 257.45000000000005 206.78750000000005 1.0000000180025095e-35 1.0000000180025095e-35 387.95000000000005 1.0000000180025095e-35 645.45000000000016 1.0000000180025095e-35 1.0000000180025095e-35 1.0000000180025095e-35 1.0000000180025095e-35 1.0000000180025095e-35 1.0000000180025095e-35 1.0000000180025095e-35 1.0000000180025095e-35 1069.4000000000003 22.100000000000005 1.0000000180025095e-35 16.950000000000003 293.01666666666671 428.28333333333336 318.92500000000001 170.31000000000003 75.15000000000002 501.65000000000003 314.05000000000007 463.85000000000008 159.75000000000003 227.72500000000002 140.98750000000004 165.15000000000001 1.0000000180025095e-35 1.0000000180025095e-35 96.050000000000011 1.0000000180025095e-35 439.35000000000008 281.25000000000006 386.85000000000008 179.28000000000003 1.0000000180025095e-35 1.0000000180025095e-35 949.45000000000016 800.35000000000025 143.55000000000004 266.65000000000003 322.25000000000006 853.25000000000011 280.45000000000005 1.0000000180025095e-35 1122.0000000000002 315.18333333333339 1.0000000180025095e-35 759.00000000000011 192.05000000000004 592.85000000000014
decision_type=2 2 2 2 2 2 2 2 2 2 2 2 2 2 2 2 2 2 2 2 2 2 2 2 2 2 2 2 2 2 2 2 2 2 2 2 2 2 2 2 2 2 2 2 2 2 2 2 2 2 2 2 2 2 2 2 2 2 2 2 2 2
left_child=1 3 7 5 9 6 17 40 37 16 15 13 18 -6 27 57 20 -1 26 -8 35 28 -23 -18 29 36 -5 38 -15 30 31 -9 45 -13 -22 41 -26 -3 46 42 -2 -4 43 -11 -45 58 -10 48 49 59 -50 52 -52 -49 56 -56 -30 -7 -31 60 61 -37
right_child=2 8 4 12 11 10 19 24 14 39 -12 33 -14 21 -16 -17 23 -19 -20 -21 34 22 -24 -25 25 -27 -28 -29 54 32 -32 -33 -34 -35 -36 47 -38 -39 -40 -41 -42 -43 -44 44 -46 -47 -48 53 50 -51 51 -53 -54 -55 55 -57 -58 -59 -60 -61 -62 -63
leaf_value=-4.9428787302265755 1.2203687437375388 -2.8132133857043167 20.84596157403297 -0.89661140373573756 28.764447803831686 -2.021961014545862 -1.5210413797689326 16.902962747987335 4.6114288438615816 36.293222505680838 7.0780366374702055 36.649981245561086 7.462031097978354 42.101469474225439 13.293623936571032 5.2866411584162574 44.296470129489904 -3.0065120788361615 6.3005233941778629 4.7373258845491266 22.169796307881676 33.784444077809653 58.089727238246375 25.867405862074634 22.29318782543314 14.885583116653118 2.3335604310916227 11.825243690723681 32.575248255729676 17.948040288228256 10.011224191108447 29.871593490461027 32.084045982745387 44.778098773956302 36.493350511404778 23.802470025842052 37.400782475471502 2.1526194884587557 10.779446223858864 21.009263287419859 9.9120536635061374 7.1342000102996828 43.225652332305913 22.184573815998277 37.775516166687012 14.898930765081335 10.211154400237969 23.377817961904739 2.0469469261169433 34.121642830142058 26.451245918273926 30.602250764767334 1.9757315405483906 39.82183266301309 32.907415287544332 45.99368821346399 15.956025910377504 0.76921089173931823 33.805103423378682 12.431602909167609 35.632154960632327 12.232423675159614
leaf_weight=17075 60 190 219 1566 164 1536 1992 143 1182 137 189 110 200 74 151 171 32 1981 177 177 30 24 28 39 29 47 660 131 35 26 178 41 31 160 62 219 40 837 124 23 231 20 35 57 20 81 112 36 20 83 20 48 29 31 180 33 20 532 22 24 35 30
leaf_count=17075 60 190 219 1566 164 1536 1992 143 1182 137 189 110 200 74 151 171 32 1981 177 177 30 24 28 39 29 47 660 131 35 26 178 41 31 160 62 219 40 837 124 23 231 20 35 57 20 81 112 36 20 83 20 48 29 31 180 33 20 532 22 24 35 30
internal_value=0.00261725 -2.6741 25.8107 -3.43762 30.5953 -3.93192 -4.36028 15.1138 4.67719 26.5651 -0.187293 36.6746 1.05404 34.3559 6.75733 -0.800579 24.761 -4.74158 0.520703 -1.01033 24.0234 36.6833 46.8719 34.1735 18.3038 24.5013 0.0611215 6.12015 35.1342 16.9265 14.983 19.7927 21.3236 41.4666 31.8226 23.1419 31.0512 1.23392 5.5931 33.0453 8.11995 19.6985 34.157 32.6738 26.2342 18.7378 5.0961 24.5731 23.7273 25.4662 17.916 21.1879 11.9657 30.9862 33.2104 34.9349 26.5319 -1.30392 25.2159 23.1338 24.0382 22.4085
internal_weight=31989 28983 3006 26256 2077 23653 21225 929 2727 1249 2428 828 2603 558 1700 2239 977 19056 2403 2169 906 394 52 71 638 116 2226 1549 342 522 362 184 160 270 92 814 69 1027 1418 272 291 239 249 214 77 129 1294 575 508 391 117 97 49 67 268 213 55 2068 48 308 284 249
internal_count=31989 28983 3006 26256 2077 23653 21225 929 2727 1249 2428 828 2603 558 1700 2239 977 19056 2403 2169 906 394 52 71 638 116 2226 1549 342 522 362 184 160 270 92 814 69 1027 1418 272 291 239 249 214 77 129 1294 575 508 391 117 97 49 67 268 213 55 2068 48 308 284 249
is_linear=0
shrinkage=0.05


Tree=23
num_leaves=63
num_cat=0
split_feature=9 25 36 7 36 2 36 36 12 21 29 11 36 2 36 13 11 35 4 31 36 36 31 40 37 36 34 35 11 2 36 21 38 13 31 25 31 31 33 31 36 31 25 7 31 36 35 35 31 40 33 33 31 40 2 7 31 31 36 36 31 40
split_gain=7.97749e+08 5.87264e+07 5.55388e+07 2.10444e+07 1.83707e+07 1.36966e+07 7.52475e+06 7.09985e+06 6.83721e+06 5.6394e+06 3.97582e+06 3.43051e+06 3.34814e+06 3.21146e+06 2.87968e+06 2.64673e+06 2.63396e+06 2.56803e+06 3.04885e+06 2.47904e+06 2.87167e+06 2.37429e+06 2.31954e+06 2.31542e+06 2.34773e+06 2.13259e+06 2.08658e+06 1.98707e+06 1.95261e+06 1.93563e+06 1.87881e+06 2.01226e+06 1.74877e+06 2.07353e+06 1.68118e+06 2.22344e+06 1.72175e+06 1.6555e+06 1.95415e+06 1.65215e+06 1.63905e+06 1.59048e+06 1.66201e+06 1.58716e+06 1.51646e+06 1.49032e+06 1.49017e+06 2.14403e+06 1.47852e+06 1.46769e+06 2.11524e+06 1.43954e+06 1.36758e+06 1.80996e+06 1.35603e+06 1.34638e+06 1.52538e+06 2.15848e+06 1.90395e+06 1.40587e+06 1.33894e+06 1.32733e+06
threshold=1.0000000180025095e-35 1.0000000180025095e-35 193.32500000000002 1.0000000180025095e-35 300.81666666666672 1.0000000180025095e-35 123.86250000000003 265.25500000000005 1.0000000180025095e-35 1.0000000180025095e-35 1.0000000180025095e-35 1.0000000180025095e-35 424.12500000000006 1.0000000180025095e-35 271.14166666666677 1.0000000180025095e-35 1.0000000180025095e-35 1069.4000000000003 1.0000000180025095e-35 232.45000000000002 170.31000000000003 153.21000000000004 189.65000000000001 1.5000000000000002 3.5000000000000004 181.62666666666669 18.200000000000006 532.95000000000016 1.0000000180025095e-35 1.0000000180025095e-35 161.38750000000002 1.0000000180025095e-35 1.0000000180025095e-35 1.0000000180025095e-35 110.95000000000002 1.0000000180025095e-35 168.75000000000003 123.85000000000001 357.45000000000005 410.45000000000005 291.51250000000005 189.65000000000001 1.0000000180025095e-35 1.0000000180025095e-35 29.050000000000004 82.925000000000026 1110.2000000000003 818.95000000000016 136.05000000000004 3.5000000000000004 439.35000000000008 75.15000000000002 378.65000000000003 1.0000000180025095e-35 1.0000000180025095e-35 1.0000000180025095e-35 414.45000000000005 326.15000000000003 237.71000000000006 224.28750000000005 54.150000000000013 5.5000000000000009
decision_type=2 2 2 2 2 2 2 2 2 2 2 2 2 2 2 2 2 2 2 2 2 2 2 2 2 2 2 2 2 2 2 2 2 2 2 2 2 2 2 2 2 2 2 2 2 2 2 2 2 2 2 2 2 2 2 2 2 2 2 2 2 2
left_child=1 3 6 5 8 11 45 21 9 14 15 -1 17 28 32 19 -7 41 22 20 30 -3 -19 -11 39 27 -17 -22 40 43 31 -8 33 37 -16 36 -36 -4 55 -25 -5 -6 52 -9 -23 -2 47 -38 -32 -26 61 -33 -43 -54 -46 56 57 59 -59 -39 -47 -51
right_child=2 7 4 13 12 16 10 29 -10 23 -12 -13 -14 -15 34 26 -18 18 -20 -21 25 44 -24 24 49 -27 -28 -29 -30 -31 48 51 -34 -35 35 -37 46 38 -40 -41 -42 42 -44 -45 54 60 -48 -49 -50 50 -52 -53 53 -55 -56 -57 -58 58 -60 -61 -62 -63
leaf_value=-4.3561173907278219 2.7881617048638874 -0.53801332423482584 13.542426933001167 -0.81578501174328744 17.889107586088638 -0.64672158373816679 10.641168379055635 6.4001306349131388 38.512275581359866 21.058250104913526 1.8482873565272282 -2.2527915015634568 41.684285689373411 7.0889295461773871 38.564388628189384 32.641052761784309 5.6072895023275864 56.94118362426758 25.438855024484489 22.83755947132321 20.196762616293771 9.1762067800706575 38.792079204766935 35.265370150974825 39.024901457393874 15.067802788918479 17.227212276974239 40.031124454995862 5.3589003937730668 14.474948328099353 -7.1281430053710935 28.729333224441064 14.012510786885802 31.171695223808292 13.137602387052594 39.410998168945319 22.455690593719481 14.121282344676402 36.580939930961243 53.280065612792967 2.1509233447667158 28.729427591557243 45.369630778919571 14.215096690314159 2.5303950981374372 18.801154887048821 16.066241880144393 33.850756937183746 10.100449992671159 18.834658845265707 40.983190362349802 13.845785108208657 45.462360037526778 32.288333636958427 9.3795709052147007 29.821809690877014 7.1644524270837966 39.215338922429972 20.913572491010029 21.753478568374732 8.435968153226872 30.326115895332176
leaf_weight=19067 96 487 73 1547 21 2246 131 904 90 51 38 2158 147 200 26 54 182 20 39 136 28 111 147 35 34 57 37 23 190 94 20 33 92 50 33 25 95 98 21 20 666 237 22 70 983 38 35 73 33 54 23 32 31 164 78 38 22 27 30 157 173 47
leaf_count=19067 96 487 73 1547 21 2246 131 904 90 51 38 2158 147 200 26 54 182 20 39 136 28 111 147 35 34 57 37 23 190 94 20 33 92 50 33 25 95 98 21 20 666 237 22 70 983 38 35 73 33 54 23 32 31 164 78 38 22 27 30 157 173 47
internal_value=0.00248639 -2.54039 24.5202 -3.26574 29.0655 -3.73532 14.3581 4.44333 25.2368 24.206 17.5195 -4.14227 34.8409 1.00133 22.3117 18.5392 -0.177928 33.3637 38.0261 17.0931 14.9047 2.39634 40.9656 30.6277 32.919 21.7138 26.3739 29.1417 0.494668 7.62305 11.9513 14.2098 20.3631 21.4954 26.4397 25.2319 23.7299 20.4572 21.7416 41.8162 0.0770427 31.3417 31.9639 6.96178 3.61565 7.95287 25.4518 27.4071 3.59909 29.8219 27.2985 21.402 31.2812 34.3827 3.03392 20.9039 19.8893 20.7865 29.5828 18.8203 10.3027 24.1822
internal_weight=31989 28983 3006 26256 2077 23653 929 2727 1249 1159 622 21225 828 2603 895 584 2428 681 206 493 357 1659 167 264 213 108 91 51 2403 1068 249 196 608 516 287 261 236 466 393 55 2213 475 454 974 1172 307 203 168 53 158 124 65 432 195 1061 372 334 312 57 255 211 101
internal_count=31989 28983 3006 26256 2077 23653 929 2727 1249 1159 622 21225 828 2603 895 584 2428 681 206 493 357 1659 167 264 213 108 91 51 2403 1068 249 196 608 516 287 261 236 466 393 55 2213 475 454 974 1172 307 203 168 53 158 124 65 432 195 1061 372 334 312 57 255 211 101
is_linear=0
shrinkage=0.05


Tree=24
num_leaves=63
num_cat=0
split_feature=9 39 36 25 36 35 36 31 31 36 29 21 39 31 36 36 2 36 4 40 31 31 31 31 36 36 36 34 36 32 7 33 39 31 36 36 31 31 2 33 32 7 34 31 31 33 31 32 32 33 36 31 31 31 7 23 36 38 35 39 31 33
split_gain=7.19969e+08 7.08563e+07 5.01238e+07 1.90988e+07 1.65796e+07 6.82423e+06 6.51007e+06 5.98025e+06 5.26812e+06 5.25827e+06 4.39676e+06 3.2499e+06 3.24636e+06 3.37644e+06 2.74913e+06 2.56778e+06 2.49077e+06 2.40824e+06 2.2653e+06 2.38523e+06 2.25738e+06 2.23817e+06 2.06995e+06 3.28976e+06 2.89578e+06 3.87102e+06 2.04193e+06 1.89874e+06 1.8242e+06 3.35288e+06 1.82047e+06 1.73257e+06 1.72532e+06 2.296e+06 5.27277e+06 2.07115e+06 1.57234e+06 1.5653e+06 1.54415e+06 1.50737e+06 1.50332e+06 1.4588e+06 1.398e+06 1.3731e+06 1.35871e+06 1.35434e+06 2.40732e+06 1.33057e+06 1.29667e+06 1.67946e+06 1.28e+06 1.26216e+06 1.24574e+06 1.2353e+06 1.17296e+06 1.16326e+06 1.1504e+06 1.1256e+06 1.33486e+06 1.06925e+06 1.06709e+06 1.06054e+06
threshold=1.0000000180025095e-35 1.0000000180025095e-35 193.32500000000002 1.0000000180025095e-35 300.81666666666672 257.45000000000005 185.05833333333337 54.150000000000013 221.95000000000002 291.51250000000005 1.0000000180025095e-35 1.0000000180025095e-35 1.0000000180025095e-35 470.95000000000005 387.95000000000005 359.52500000000003 1.0000000180025095e-35 155.98750000000004 1.0000000180025095e-35 1.5000000000000002 481.05000000000007 376.55000000000007 27.950000000000003 226.05000000000004 170.31000000000003 181.62666666666669 275.04166666666669 199.35000000000005 161.38750000000002 312.15000000000003 1.0000000180025095e-35 257.05000000000007 1.0000000180025095e-35 343.95000000000005 240.05833333333337 251.61250000000004 40.000000000000007 138.15000000000001 1.0000000180025095e-35 29.750000000000004 468.75000000000006 1.0000000180025095e-35 195.35000000000005 454.25000000000006 146.55000000000004 64.050000000000011 349.95000000000005 135.75000000000003 253.05000000000004 279.65000000000003 219.77083333333334 29.050000000000004 66.65000000000002 422.05000000000007 1.0000000180025095e-35 1.0000000180025095e-35 225.27083333333334 1.0000000180025095e-35 1069.4000000000003 1.0000000180025095e-35 215.95000000000002 134.25000000000003
decision_type=2 2 2 2 2 2 2 2 2 2 2 2 2 2 2 2 2 2 2 2 2 2 2 2 2 2 2 2 2 2 2 2 2 2 2 2 2 2 2 2 2 2 2 2 2 2 2 2 2 2 2 2 2 2 2 2 2 2 2 2 2 2
left_child=1 -1 5 9 7 44 -5 27 52 17 22 20 13 15 43 40 26 -3 19 -13 32 59 31 24 28 -26 51 50 29 42 -11 39 33 56 -35 61 -19 -27 -32 -7 -6 -28 -24 57 -2 -25 -47 -12 49 -37 -4 -8 -9 -18 -38 -56 -10 58 60 -21 -14 -34
right_child=2 3 4 6 12 10 16 8 11 30 47 18 14 -15 -16 -17 53 36 -20 21 -22 -23 23 45 25 37 41 -29 -30 -31 38 -33 35 34 -36 48 54 -39 -40 -41 -42 -43 -44 -45 -46 46 -48 -49 -50 -51 -52 -53 -54 -55 55 -57 -58 -59 -60 -61 -62 -63
leaf_value=-4.4779289254541803 5.2092708284421914 -2.8764988586993132 35.491563494452116 0.35449713979174979 26.738283012630326 29.937025970458986 9.8929784614178882 6.867999475652522 10.223713829938104 0.45195501022313361 -6.6537307083606727 20.209230935984646 24.957533704666865 40.737984974760764 49.379986281622024 32.746007604562742 9.3127219367627951 2.3078170683282688 16.147328029979359 25.343109594998154 7.9180591063065968 42.707610174325794 8.513795069433888 25.162490633184262 34.575391275232491 2.4880409750071442 6.3690407040439343 27.282692273457844 -0.42289963346539122 31.168551199776786 2.5505168447307311 35.14453390615958 17.675548620881706 44.340815947272567 20.630223791098889 19.272363090515139 -1.5642707706151189 21.815129473209382 10.045243950894005 14.497648908925612 12.36747329711914 14.322961685349865 22.530163145065309 26.780186000623203 12.891690845730938 22.174761002404352 2.9618901667387592 10.808271999359132 36.130350683712301 35.949174250089207 51.101780573527023 2.9911071448753352 19.102022748164988 19.676396318384121 -0.19959412874638738 5.1924706465547743 20.318949212223654 26.299230607350665 44.174524834706233 38.189742935180668 37.621710988581178 28.108225007284258
leaf_weight=17075 212 1834 29 778 202 25 72 22 34 2071 24 29 21 76 42 263 129 390 22 46 22 65 161 110 33 22 821 33 33 21 718 27 58 33 81 36 2879 20 76 43 20 62 20 38 79 56 23 20 72 26 24 828 384 37 1103 110 166 21 65 25 80 42
leaf_count=17075 212 1834 29 778 202 25 72 22 34 2071 24 29 21 76 42 263 129 390 22 46 22 65 161 110 33 22 821 33 33 21 718 27 58 33 81 36 2879 20 76 43 20 62 20 38 79 56 23 20 72 26 24 828 384 37 1103 110 166 21 65 25 80 42
internal_value=0.00236207 -2.41337 23.2942 0.547014 27.6122 13.6402 4.22116 23.975 23.0342 -0.544304 16.5344 25.4986 33.0989 30.939 37.637 29.4035 5.76465 -1.35022 31.2183 33.2278 23.6222 36.0038 17.6641 16.3762 13.2062 21.7604 5.21926 36.698 10.4762 12.2568 1.23236 24.4287 24.2526 21.8307 27.4938 27.5025 -0.725673 11.6914 3.2679 20.1739 25.4436 6.92753 10.0626 35.445 7.29488 21.5756 16.5811 1.28354 31.5662 26.2659 42.5603 3.54326 18.4391 11.6227 -1.01479 0.289381 18.6028 37.2057 38.5855 29.8666 34.9886 22.0573
internal_weight=31989 28983 3006 11908 2077 929 2727 1249 1163 9181 638 757 828 561 267 485 1949 6316 187 165 570 136 594 499 310 75 1783 86 235 202 2865 95 548 314 114 234 4482 42 794 68 222 883 181 225 291 189 79 44 134 62 53 900 406 166 4092 1213 200 187 166 71 101 100
internal_count=31989 28983 3006 11908 2077 929 2727 1249 1163 9181 638 757 828 561 267 485 1949 6316 187 165 570 136 594 499 310 75 1783 86 235 202 2865 95 548 314 114 234 4482 42 794 68 222 883 181 225 291 189 79 44 134 62 53 900 406 166 4092 1213 200 187 166 71 101 100
is_linear=0
shrinkage=0.05


Tree=25
num_leaves=63
num_cat=0
split_feature=9 39 36 25 36 36 39 36 36 21 33 32 13 21 33 32 39 32 33 13 36 33 32 23 33 33 33 34 7 7 21 36 36 7 11 4 32 12 36 29 36 34 34 32 36 40 23 36 40 33 32 12 11 34 40 36 36 33 40 33 32 32
split_gain=6.37007e+08 6.31735e+07 4.51681e+07 1.8006e+07 1.4241e+07 6.69969e+06 6.19357e+06 5.90954e+06 4.6512e+06 3.8242e+06 3.50592e+06 3.2736e+06 2.9949e+06 2.9514e+06 3.48657e+06 2.63366e+06 2.5631e+06 2.36771e+06 2.20928e+06 2.96196e+06 2.12038e+06 2.11118e+06 3.11248e+06 2.05752e+06 2.01677e+06 1.9725e+06 3.41422e+06 2.57133e+06 1.83192e+06 1.81155e+06 1.71177e+06 1.63179e+06 1.52427e+06 1.4536e+06 1.43985e+06 2.75107e+06 1.57888e+06 1.37578e+06 1.3056e+06 1.25988e+06 1.26094e+06 1.92755e+06 1.51511e+06 3.26798e+06 1.22958e+06 1.1348e+06 1.12878e+06 1.0802e+06 1.77774e+06 1.50615e+06 1.47319e+06 1.04791e+06 1.05366e+06 1.02775e+06 1.33086e+06 1.02046e+06 1.01279e+06 1.00788e+06 1.00491e+06 1.37984e+06 2.06442e+06 1.09776e+06
threshold=1.0000000180025095e-35 1.0000000180025095e-35 200.11000000000004 1.0000000180025095e-35 345.05000000000013 235.65833333333336 1.0000000180025095e-35 123.86250000000003 291.51250000000005 1.0000000180025095e-35 434.15000000000003 482.05000000000007 1.0000000180025095e-35 1.0000000180025095e-35 185.65000000000001 164.25000000000003 1.0000000180025095e-35 53.95000000000001 431.45000000000005 1.0000000180025095e-35 142.31000000000003 442.95000000000005 222.95000000000002 1.0000000180025095e-35 174.55000000000004 62.350000000000001 125.55000000000001 226.05000000000004 1.0000000180025095e-35 1.0000000180025095e-35 1.0000000180025095e-35 170.31000000000003 453.55000000000007 1.0000000180025095e-35 1.0000000180025095e-35 1.0000000180025095e-35 398.85000000000008 1.0000000180025095e-35 400.05000000000007 1.0000000180025095e-35 215.17083333333335 377.10000000000008 6.4500000000000011 319.65000000000003 282.51250000000005 4.5000000000000009 1.0000000180025095e-35 244.65833333333336 5.5000000000000009 330.95000000000005 240.45000000000002 1.0000000180025095e-35 1.0000000180025095e-35 292.45000000000005 2.5000000000000004 113.11250000000003 291.51250000000005 203.35000000000005 5.5000000000000009 119.55000000000001 398.85000000000008 410.95000000000005
decision_type=2 2 2 2 2 2 2 2 2 2 2 2 2 2 2 2 2 2 2 2 2 2 2 2 2 2 2 2 2 2 2 2 2 2 2 2 2 2 2 2 2 2 2 2 2 2 2 2 2 2 2 2 2 2 2 2 2 2 2 2 2 2
left_child=1 -1 7 8 6 30 11 24 20 12 15 13 37 18 -15 17 32 -8 19 39 -3 22 -16 28 -2 -11 -27 31 38 -10 55 -28 -6 -22 35 47 -36 57 51 40 -4 42 56 -44 -20 -14 -35 48 -17 50 -49 52 -7 54 -19 -5 -42 -9 59 60 -52 -61
right_child=2 3 4 5 16 23 10 9 29 25 -12 -13 45 14 21 34 -18 53 44 -21 33 -23 -24 -25 -26 26 27 -29 -30 -31 -32 -33 -34 46 36 -37 -38 -39 -40 -41 41 -43 43 -45 -46 -47 -48 49 -50 -51 58 -53 -54 -55 -56 -57 -58 -59 -60 61 -62 -63
leaf_value=-4.2566938082711863 6.411563284347281 -2.9998210262491973 11.310557856383149 -3.1837483806306857 30.04609125022953 3.7887079020522387 36.237951669692997 11.17871949804478 0.30800805800192887 26.282334862574181 38.691680145263675 38.734028067955606 16.903113242907402 34.988977140850487 1.2946862523970397 31.544327599426794 39.796635509096092 11.56581792831421 -0.22147157305762885 35.655363990520605 -1.3882166379847367 34.600382110050752 23.198780632019044 13.084814939367661 21.218482826232911 2.4060979873903339 11.773982678519355 37.376804141998292 13.109583529578636 3.099628794231168 4.0818074918563445 24.309362195551397 38.555820274353032 0.11287495927748517 27.242897420362993 14.085950119018555 12.088499311447144 19.517846377690635 8.9843713494263735 26.197060674230258 17.783979557900533 34.178489903041296 22.742849004268649 -2.8431369344393413 16.190011323928832 29.719486630347468 5.4761715850740114 19.822904983520509 16.01266742988869 41.069542662302659 26.568521386146546 12.687567549485427 9.5650153245059677 8.6275319290161132 24.537713906682772 1.1040597148821689 22.742416580156849 2.4225559653462589 39.040773939049764 30.750121587753299 48.120648841857914 15.034026478528979
leaf_weight=17094 287 1468 54 171 296 853 20 294 2083 99 66 26 39 72 23 58 128 30 21 29 3433 21 55 109 25 31 54 20 83 806 445 50 64 1317 55 25 25 45 212 60 274 21 26 24 25 31 106 25 27 48 25 39 87 25 58 736 165 37 46 25 20 20
leaf_count=17094 287 1468 54 171 296 853 20 294 2083 99 66 26 39 72 23 58 128 30 21 29 3433 21 55 109 25 31 54 20 83 806 445 50 64 1317 55 25 25 45 212 60 274 21 26 24 25 31 106 25 27 48 25 39 87 25 58 736 165 37 46 25 20 20
internal_value=-0.0432876 -2.30707 21.9156 0.482245 26.3039 4.04473 23.8816 13.3211 -0.575325 15.8719 27.8223 21.2516 13.083 20.7291 26.6171 26.4739 33.7196 20.3805 19.2887 20.0348 -1.33465 20.5285 16.7399 6.49152 7.59802 20.7691 17.2477 20.9581 5.92741 1.08684 1.54184 17.8006 31.5589 -0.831264 28.505 30.0091 22.5071 11.3151 5.42689 19.3089 18.5761 19.3454 18.7084 10.4616 8.69781 22.5789 0.51239 31.3631 26.6107 33.2959 30.9783 4.65653 4.32332 17.5739 20.1155 0.295664 19.6476 10.1999 33.0289 29.9562 36.1472 23.7652
internal_weight=32036 29042 2994 11948 1982 2735 1494 1012 9213 700 598 896 446 870 171 532 488 133 699 653 6324 99 78 1383 312 254 155 124 1274 2889 1352 104 360 4856 399 319 80 376 1191 624 564 510 489 50 46 70 1423 294 85 209 161 979 940 113 88 907 439 331 136 90 45 45
internal_count=32036 29042 2994 11948 1982 2735 1494 1012 9213 700 598 896 446 870 171 532 488 133 699 653 6324 99 78 1383 312 254 155 124 1274 2889 1352 104 360 4856 399 319 80 376 1191 624 564 510 489 50 46 70 1423 294 85 209 161 979 940 113 88 907 439 331 136 90 45 45
is_linear=0
shrinkage=0.05


Tree=26
num_leaves=63
num_cat=0
split_feature=9 39 36 25 36 36 39 35 36 33 27 32 21 32 13 21 33 39 32 7 7 2 33 32 13 35 35 36 32 32 23 12 12 36 23 36 35 40 34 34 7 32 32 23 35 33 33 7 35 33 32 36 29 32 35 35 33 35 34 35 33 35
split_gain=5.74899e+08 5.7014e+07 4.07642e+07 1.62504e+07 1.28525e+07 6.05867e+06 5.5897e+06 5.55119e+06 4.22543e+06 3.1641e+06 3.04841e+06 4.06377e+06 2.67775e+06 2.37688e+06 2.36275e+06 2.33347e+06 3.14663e+06 2.31319e+06 2.13686e+06 2.08946e+06 2.08918e+06 2.01918e+06 1.90534e+06 2.80901e+06 1.88583e+06 1.70235e+06 1.69287e+06 1.66485e+06 1.92004e+06 1.68253e+06 1.50058e+06 1.45062e+06 1.44371e+06 1.69812e+06 1.39799e+06 1.37846e+06 1.34007e+06 1.87114e+06 1.76958e+06 1.95776e+06 2.89742e+06 1.785e+06 1.73095e+06 1.40487e+06 1.35349e+06 2.02638e+06 1.5906e+06 1.33848e+06 1.22e+06 1.19204e+06 1.33967e+06 1.40126e+06 1.33573e+06 1.295e+06 2.14356e+06 2.97102e+06 3.76983e+06 1.51291e+06 1.18082e+06 1.17201e+06 1.14779e+06 1.13875e+06
threshold=1.0000000180025095e-35 1.0000000180025095e-35 200.11000000000004 1.0000000180025095e-35 345.05000000000013 243.37500000000003 1.0000000180025095e-35 153.05000000000004 258.24166666666673 434.15000000000003 1.0000000180025095e-35 482.05000000000007 1.0000000180025095e-35 164.25000000000003 1.0000000180025095e-35 1.0000000180025095e-35 185.65000000000001 1.0000000180025095e-35 53.95000000000001 1.0000000180025095e-35 1.0000000180025095e-35 1.0000000180025095e-35 442.95000000000005 222.95000000000002 1.0000000180025095e-35 172.85000000000005 220.65000000000006 140.98750000000004 266.15000000000003 404.55000000000007 1.0000000180025095e-35 1.0000000180025095e-35 1.0000000180025095e-35 147.81250000000003 1.0000000180025095e-35 432.35000000000008 735.20000000000016 3.5000000000000004 27.400000000000002 235.35000000000005 1.0000000180025095e-35 414.85000000000008 356.45000000000005 1.0000000180025095e-35 987.70000000000016 146.25000000000003 299.05000000000007 1.0000000180025095e-35 607.45000000000016 431.45000000000005 418.85000000000008 291.51250000000005 1.0000000180025095e-35 319.65000000000003 853.25000000000011 532.95000000000016 64.050000000000011 578.35000000000025 18.200000000000006 281.55000000000007 4.8500000000000005 477.25000000000006
decision_type=2 2 2 2 2 2 2 2 2 2 2 2 2 2 2 2 2 2 2 2 2 2 2 2 2 2 2 2 2 2 2 2 2 2 2 2 2 2 2 2 2 2 2 2 2 2 2 2 2 2 2 2 2 2 2 2 2 2 2 2 2 2
left_child=1 -1 7 8 6 25 10 -2 26 13 11 15 14 18 32 24 -17 35 -8 30 -10 34 23 -18 31 -5 -3 28 -14 61 -7 49 33 -9 -22 -6 37 -15 44 41 43 -40 48 -41 45 -38 -47 -27 -39 50 51 52 53 54 55 59 -57 -55 -16 -4 -34 -29
right_child=2 3 4 5 17 19 9 12 20 -11 -12 -13 27 36 58 16 22 -19 -20 -21 21 -23 -24 -25 -26 47 -28 29 -30 -31 -32 -33 60 -35 -36 -37 38 42 39 40 -42 -43 -44 -45 -46 46 -48 -49 -50 -51 -52 -53 -54 57 -56 56 -58 -59 -60 -61 -62 -63
leaf_value=-4.0438590745668153 4.2648186164010653 -3.1070620562257769 15.106627792358399 -2.5359326928853991 27.915235236753901 5.3125924761905852 34.426054420471189 3.2849419092504606 -0.0288143609750608 36.757096180771342 1.8068447113037109 40.520138870239265 10.880868774599733 31.788678324849982 22.900053856189434 33.239528381824492 1.2299516340960628 37.806803793460134 16.695201247983274 14.328235674368869 1.3225909715061919 9.3101286315917982 32.87036265418643 22.038841701854359 29.725995718466272 1.8671116851964635 -0.97990624664270265 33.551786193847661 27.688122987747192 8.4589965209960933 11.797291709221517 27.09939919993991 24.623857416425434 11.173547034913845 8.2494954169551029 34.61496495427312 43.544488143920901 28.690462914194384 13.395694444974263 20.609446983711393 44.958937110900877 30.280733816325665 5.9857350667317712 35.279399347305301 44.978425077958548 18.841767279307046 34.486763685941696 8.135007242404896 14.228662837982178 7.7728988663355514 9.1761421895027162 22.21945511679073 27.075051352073405 15.998334557669503 31.171432113647462 -11.715272254943848 15.359106800291272 -1.7552330970764161 11.286607823227392 23.01839319765568 11.885669641693433 20.888383774365053
leaf_weight=17094 165 1213 100 210 249 1111 20 95 2801 66 22 25 113 38 65 72 23 128 113 77 934 100 21 55 37 1148 4086 20 20 25 97 42 28 242 79 111 24 35 45 51 25 24 21 24 22 33 32 92 25 30 40 182 29 28 25 20 36 21 33 88 48 158
leaf_count=17094 165 1213 100 210 249 1111 20 95 2801 66 22 25 113 38 65 72 23 128 113 77 934 100 21 55 37 1148 4086 20 20 25 97 42 28 242 79 111 24 35 45 51 25 24 21 24 22 33 32 92 25 30 40 182 29 28 25 20 36 21 33 88 48 158
internal_value=-0.0411232 -2.19172 20.8198 0.458133 24.9887 3.84249 22.6876 12.655 -0.546559 26.4312 20.189 20.6517 14.2895 25.1502 12.0098 20.0667 25.2863 32.0337 19.3615 6.34234 0.699365 2.53192 19.502 15.9029 18.7503 1.62712 -1.46684 17.7565 13.4083 20.6053 5.8333 18.1167 10.3536 8.94976 1.86279 29.981 27.0797 22.6349 28.9688 25.7474 30.2176 19.2688 18.3405 25.3038 33.8734 31.1283 26.5439 2.33215 22.6647 17.4869 17.999 18.6662 16.8025 15.8657 17.2275 15.7988 5.68969 8.38966 18.9894 18.81 16.5787 22.3112
internal_weight=32036 29042 2994 11948 1982 2735 1494 1012 9213 598 896 874 847 532 511 849 171 488 133 1285 3914 1113 99 78 678 1450 5299 336 133 203 1208 641 413 337 1013 360 399 119 280 169 100 69 81 75 111 89 65 1240 60 599 569 529 347 318 269 244 56 49 98 188 76 178
internal_count=32036 29042 2994 11948 1982 2735 1494 1012 9213 598 896 874 847 532 511 849 171 488 133 1285 3914 1113 99 78 678 1450 5299 336 133 203 1208 641 413 337 1013 360 399 119 280 169 100 69 81 75 111 89 65 1240 60 599 569 529 347 318 269 244 56 49 98 188 76 178
is_linear=0
shrinkage=0.05


Tree=27
num_leaves=63
num_cat=0
split_feature=9 39 36 25 36 36 21 35 36 39 29 31 31 31 31 36 32 31 33 39 40 40 35 31 31 33 33 34 33 33 13 31 31 40 34 21 32 32 40 34 31 32 39 34 33 32 36 32 36 31 35 31 36 36 32 33 32 31 31 32 36 10
split_gain=5.18846e+08 5.14552e+07 3.68968e+07 1.4666e+07 1.2217e+07 5.47966e+06 4.79441e+06 4.51728e+06 3.87716e+06 3.7355e+06 3.04288e+06 2.78129e+06 3.65319e+06 2.49388e+06 3.63915e+06 2.65276e+06 2.28539e+06 2.20417e+06 2.67194e+06 2.08766e+06 1.93381e+06 1.91905e+06 1.82237e+06 1.82075e+06 1.71193e+06 2.09089e+06 1.97206e+06 1.67321e+06 1.6172e+06 1.57778e+06 2.87055e+06 1.72112e+06 2.41242e+06 1.51382e+06 1.59067e+06 1.51137e+06 1.39394e+06 1.39065e+06 2.07784e+06 2.0398e+06 1.35353e+06 1.33935e+06 1.30834e+06 1.4167e+06 1.30544e+06 2.17613e+06 1.28142e+06 1.25463e+06 1.17321e+06 1.16381e+06 1.16336e+06 1.15889e+06 3.84313e+06 2.03866e+06 1.71707e+06 2.45952e+06 1.5054e+06 1.14082e+06 1.09357e+06 1.09016e+06 1.06737e+06 1.06466e+06
threshold=1.0000000180025095e-35 1.0000000180025095e-35 193.32500000000002 1.0000000180025095e-35 345.05000000000013 235.65833333333336 1.0000000180025095e-35 149.45000000000002 291.51250000000005 1.0000000180025095e-35 1.0000000180025095e-35 52.150000000000013 226.05000000000004 58.45000000000001 191.85000000000005 251.61250000000004 478.05000000000007 370.15000000000003 453.55000000000007 1.0000000180025095e-35 1.5000000000000002 3.5000000000000004 223.95000000000002 398.85000000000008 81.550000000000011 324.85000000000008 207.65000000000001 358.55000000000007 392.15000000000003 444.85000000000008 1.0000000180025095e-35 456.45000000000005 470.95000000000005 4.5000000000000009 211.65000000000001 1.0000000180025095e-35 135.75000000000003 67.450000000000017 1.5000000000000002 9.2000000000000011 462.55000000000007 412.85000000000008 1.0000000180025095e-35 1.0000000180025095e-35 134.25000000000003 94.050000000000011 453.55000000000007 312.15000000000003 409.72500000000008 339.55000000000007 543.55000000000007 341.85000000000008 240.05833333333337 228.87083333333337 150.05000000000004 107.75000000000001 319.65000000000003 148.65000000000001 40.000000000000007 105.25000000000001 149.39000000000001 1.0000000180025095e-35
decision_type=2 2 2 2 2 2 2 2 2 2 2 2 2 2 2 2 2 2 2 2 2 2 2 2 2 2 2 2 2 2 2 2 2 2 2 2 2 2 2 2 2 2 2 2 2 2 2 2 2 2 2 2 2 2 2 2 2 2 2 2 2 2
left_child=1 -1 7 8 6 35 9 -2 22 16 11 47 24 -11 21 44 29 18 42 46 -19 -15 -3 -7 26 -26 -13 40 -23 30 31 51 -33 -22 -35 -5 -12 39 -39 60 41 -17 43 -8 49 -46 -6 59 -10 -16 -40 53 -53 56 -54 -56 57 -4 -24 -9 -14 -55
right_child=2 3 4 5 19 23 17 10 48 13 36 12 37 14 15 27 -18 20 -20 -21 33 28 58 -25 25 -27 -28 -29 -30 -31 -32 32 -34 34 -36 -37 -38 38 50 -41 -42 -43 -44 -45 45 -47 -48 -49 -50 -51 -52 52 54 61 55 -57 -58 -59 -60 -61 -62 -63
leaf_value=-3.8416661666543415 3.7513387902321358 -2.925985951159586 24.131960600072688 0.21585235166124173 27.094834716094507 4.540488249299468 22.500519180297854 27.489391014792705 0.41888800683508115 36.804365947470068 -6.4281974951426193 8.5477839955687536 20.670707092285156 23.740340243938359 20.103058265995337 28.558810784545127 34.473643398284914 19.411371872641823 38.164424232200339 35.916463524661957 44.894276046752935 6.7027644045769224 1.2105801694070342 8.3515121316723526 10.240975511750179 25.518556046485902 -10.681387891769411 16.763140091697377 22.449084440144627 7.2817338453756797 33.006960805257158 -5.1385164451599126 19.419666118621826 37.12693718152169 19.783367328643802 3.7734717017445676 9.7921838026780357 29.19825864888373 5.8726040775125679 11.23020563992587 17.578779246590354 38.700784708813927 27.722701703285686 10.162237668664833 36.295105469745145 16.132106497883797 34.89727964401245 29.307771098613742 2.7504059905326383 6.8509005991617844 17.020171898841859 39.649574569702153 7.9581812520180977 19.675997625083866 30.454014470577238 12.439569653405085 -0.66988543101719455 11.555825060844422 -1.0609011199779441 14.707333998058154 35.685248789294015 10.237849963795057
leaf_weight=17094 155 1246 22 907 296 903 60 22 2171 32 27 40 20 43 37 158 20 22 27 128 31 63 601 480 335 24 20 30 22 37 30 20 20 39 20 445 26 21 44 22 22 41 49 38 23 32 64 32 718 30 50 25 31 316 40 36 21 100 4477 69 29 33
leaf_count=17094 155 1246 22 907 296 903 60 22 2171 32 27 40 20 43 37 158 20 22 27 128 31 63 601 480 335 24 20 30 22 37 30 20 20 39 20 445 26 21 44 22 22 41 49 38 23 32 64 32 718 30 50 25 31 316 40 36 21 100 4477 69 29 33
internal_value=-0.0390671 -2.08213 19.7788 0.435226 23.5221 3.65037 21.3743 11.5484 -0.519231 20.0703 13.0958 13.9379 12.5444 23.2715 22.4072 24.9035 17.7983 27.2288 23.7072 30.432 32.6999 15.1327 -1.2125 5.86319 9.95574 11.2623 2.13806 27.8432 10.7783 17.3421 17.8784 17.1949 7.14057 35.9482 31.2478 1.38681 1.52897 18.3759 14.9788 23.8782 29.3473 30.6484 21.0518 17.7163 18.8554 24.5639 28.4819 20.792 0.998338 14.1693 11.8022 17.8394 21.9995 16.7233 17.8756 21.9209 11.6952 13.8237 -0.792063 17.7975 29.5569 18.7836
internal_weight=32036 29042 2994 11948 2058 2735 1570 936 9213 1284 781 728 605 533 501 373 751 286 174 488 112 128 6324 1383 419 359 60 251 85 731 694 664 40 90 59 1352 53 186 115 71 221 199 147 98 122 55 360 123 2889 67 94 624 132 492 107 76 143 122 5078 91 49 349
internal_count=32036 29042 2994 11948 2058 2735 1570 936 9213 1284 781 728 605 533 501 373 751 286 174 488 112 128 6324 1383 419 359 60 251 85 731 694 664 40 90 59 1352 53 186 115 71 221 199 147 98 122 55 360 123 2889 67 94 624 132 492 107 76 143 122 5078 91 49 349
is_linear=0
shrinkage=0.05


Tree=28
num_leaves=63
num_cat=0
split_feature=35 25 38 35 25 7 35 6 4 38 5 4 6 28 18 24 8 21 29 11 32 28 18 8 35 21 24 35 5 35 7 35 25 29 37 35 2 7 35 35 35 35 38 5 29 33 29 34 24 6 35 8 5 33 37 28 4 35 34 34 31 37
split_gain=4.22208e+07 1.64596e+07 1.39995e+07 9.77004e+06 8.48306e+06 4.56094e+06 3.84287e+06 3.46702e+06 3.41296e+06 3.139e+06 3.45292e+06 3.27595e+06 3.59796e+06 4.06538e+06 4.41969e+06 4.61913e+06 5.08494e+06 6.0392e+06 6.31254e+06 3.35036e+06 2.95231e+06 2.49128e+06 2.55297e+06 2.38797e+06 2.35766e+06 2.21452e+06 2.48611e+06 2.30941e+06 2.29635e+06 2.18905e+06 1.92782e+06 1.90307e+06 1.8115e+06 1.64809e+06 1.74282e+06 1.64498e+06 1.86854e+06 2.93552e+06 1.56851e+06 1.54918e+06 1.47155e+06 1.42207e+06 1.3941e+06 1.33896e+06 1.32871e+06 1.24372e+06 1.29904e+06 1.46692e+06 1.24163e+06 1.24058e+06 1.14959e+06 1.14451e+06 1.1292e+06 1.08105e+06 1.67844e+06 1.02097e+06 1.28098e+06 1.0483e+06 1.0184e+06 1.01524e+06 993140 1.22815e+06
threshold=777.00000000000011 1.0000000180025095e-35 1.0000000180025095e-35 380.65000000000009 1.0000000180025095e-35 1.0000000180025095e-35 284.95000000000005 1.0000000180025095e-35 1.0000000180025095e-35 1.0000000180025095e-35 1.0000000180025095e-35 1.0000000180025095e-35 1.0000000180025095e-35 1.0000000180025095e-35 1.0000000180025095e-35 1.0000000180025095e-35 1.0000000180025095e-35 1.0000000180025095e-35 1.0000000180025095e-35 1.0000000180025095e-35 1.0000000180025095e-35 1.0000000180025095e-35 1.0000000180025095e-35 1.0000000180025095e-35 1140.1000000000001 1.0000000180025095e-35 1.0000000180025095e-35 1225.1500000000003 1.0000000180025095e-35 145.35000000000005 1.0000000180025095e-35 567.95000000000016 1.0000000180025095e-35 1.0000000180025095e-35 2.5000000000000004 492.75000000000011 1.0000000180025095e-35 1.0000000180025095e-35 696.75000000000011 1397.9500000000003 967.45000000000016 967.45000000000016 1.0000000180025095e-35 1.0000000180025095e-35 1.0000000180025095e-35 17.350000000000005 1.0000000180025095e-35 3.8500000000000001 1.0000000180025095e-35 1.0000000180025095e-35 1187.8500000000001 1.0000000180025095e-35 1.0000000180025095e-35 1.0000000180025095e-35 3.5000000000000004 1.0000000180025095e-35 1.0000000180025095e-35 1203.6500000000003 365.65000000000003 275.80000000000001 416.15000000000003 4.5000000000000009
decision_type=2 2 2 2 2 2 2 2 2 2 2 2 2 2 2 2 2 2 2 2 2 2 2 2 2 2 2 2 2 2 2 2 2 2 2 2 2 2 2 2 2 2 2 2 2 2 2 2 2 2 2 2 2 2 2 2 2 2 2 2 2 2
left_child=1 3 4 29 5 7 -3 8 21 10 11 12 13 14 15 16 17 18 19 35 -19 22 23 25 51 27 28 44 45 -1 39 -20 50 34 -22 36 37 -5 -21 43 -25 -24 48 -6 52 -27 47 -47 59 55 -4 -7 -2 -36 -55 56 57 -26 -23 -8 61 -43
right_child=2 6 32 9 30 24 42 -9 -10 -11 -12 -13 -14 -15 -16 -17 -18 20 31 38 33 58 41 40 49 26 -28 -29 -30 -31 -32 -33 -34 -35 53 -37 -38 -39 -40 -41 -42 60 -44 -45 -46 46 -48 -49 -50 -51 -52 -53 -54 54 -56 -57 -58 -59 -60 -61 -62 -63
leaf_value=-3.1421885422123204 14.791031960016344 -0.57209930997137182 -1.2259917401781477 10.09003342945773 9.3381365129507721 6.9417496423939671 5.3662883100934717 -0.1677459641385744 0.56357511510786995 -2.1784857951138195 -2.5032470724503124 -2.241560061873884 -2.0618057772063403 -1.9962819440334405 -1.614125181708354 -1.4728035337741558 -1.0698574593215457 -3.5725439043606033 -2.3934779048390236 1.8280751766514916 11.180823687901572 0.69622055616805234 -0.36624618286595628 0.024158271524725081 14.512769465012983 5.1531378294858676 -0.29444940130093267 26.689579630934674 1.3344537921927193 -1.7754964290846171 16.753475584380929 5.0428876842462245 4.3174281523584233 -3.2047012055438504 0.83345817310781012 10.934370440491634 2.6823047947175436 3.143874061415453 15.040124851465226 19.61827582716942 7.5359581138502367 11.112549955870517 -0.00088862045150664122 3.3111725354194643 5.6739398829290799 12.313150113898438 7.4620773641502156 24.540029888682895 -1.0341870078915043 4.4849159324870396 1.728951237945382 0.20336475902133519 7.8458531994086051 12.504394872565019 2.9748141256420588 6.4206872096428498 8.4678814356082253 26.621230406638904 7.7199793815612798 16.720927977561953 -0.20622884061406641 0.44417403120743604
leaf_weight=4582 164 455 1343 532 568 505 1255 609 548 1721 1079 952 903 803 796 650 619 272 281 351 63 369 204 158 33 72 112 23 88 8126 87 124 219 115 410 356 202 213 24 32 111 93 144 110 107 77 68 36 76 34 436 72 91 57 244 26 28 39 60 20 51 38
leaf_count=4582 164 455 1343 532 568 505 1255 609 548 1721 1079 952 903 803 796 650 619 272 281 351 63 369 204 158 33 72 112 23 88 8126 87 124 219 115 410 356 202 213 24 32 111 93 144 110 107 77 68 36 76 34 436 72 91 57 244 26 28 39 60 20 51 38
internal_value=-0.0371137 -0.962701 3.52257 -1.32936 5.03682 4.05693 3.45132 3.21122 4.04433 -0.221191 0.151184 0.510684 0.884188 1.31944 1.82095 2.42682 3.08299 3.87541 5.48602 6.83827 0.985738 5.03676 6.00171 7.22262 7.5901 8.53834 6.16877 11.3264 8.29159 -2.26827 9.72852 -0.116665 0.0264427 2.3804 3.21023 8.03684 6.94759 8.10408 2.67365 8.86771 3.12382 2.50029 4.67584 8.36031 10.3503 10.7115 12.9225 16.2084 5.17432 12.9605 -0.50179 6.10091 12.3126 2.50397 4.77942 15.2475 17.5425 21.0715 1.67856 5.5444 5.71334 8.01791
internal_weight=32036 25425 6611 23475 4613 3816 1950 3079 2470 10767 9046 7967 7015 6112 5309 4513 3863 3244 2083 1678 1161 1922 1493 1107 737 838 453 385 341 12708 797 405 1998 889 774 1303 947 745 375 710 269 386 1495 678 362 253 181 113 1351 160 1779 577 255 711 301 126 100 72 429 1275 182 131
internal_count=32036 25425 6611 23475 4613 3816 1950 3079 2470 10767 9046 7967 7015 6112 5309 4513 3863 3244 2083 1678 1161 1922 1493 1107 737 838 453 385 341 12708 797 405 1998 889 774 1303 947 745 375 710 269 386 1495 678 362 253 181 113 1351 160 1779 577 255 711 301 126 100 72 429 1275 182 131
is_linear=0
shrinkage=0.05


Tree=29
num_leaves=63
num_cat=0
split_feature=9 39 36 25 36 36 21 36 13 12 36 36 29 36 13 39 33 21 5 32 32 36 39 35 25 35 32 33 33 36 34 35 32 34 40 40 34 34 33 33 34 32 36 32 33 33 23 34 38 34 34 34 33 33 12 33 36 8 35 34 6 36
split_gain=4.61644e+08 4.24977e+07 3.20355e+07 1.18661e+07 1.05686e+07 4.72635e+06 4.13428e+06 3.93691e+06 3.24642e+06 3.24927e+06 3.10529e+06 2.93202e+06 2.5997e+06 2.58834e+06 2.38019e+06 2.09662e+06 2.07109e+06 1.96424e+06 1.90262e+06 2.01825e+06 2.23514e+06 1.79372e+06 1.7748e+06 1.75111e+06 1.74955e+06 1.72223e+06 1.90651e+06 1.6926e+06 2.34212e+06 2.18628e+06 1.67932e+06 1.62406e+06 1.57839e+06 1.55394e+06 1.49059e+06 2.7568e+06 2.30475e+06 1.40472e+06 1.65421e+06 1.30209e+06 1.2355e+06 1.16108e+06 1.08213e+06 1.0563e+06 1.23789e+06 1.18327e+06 996452 963222 921772 905055 904298 1.36066e+06 945282 1.97772e+06 884284 850599 827907 980984 1.68225e+06 1.61899e+06 1.0034e+06 2.42237e+06
threshold=1.0000000180025095e-35 1.0000000180025095e-35 193.32500000000002 1.0000000180025095e-35 345.05000000000013 275.04166666666669 1.0000000180025095e-35 114.72500000000001 1.0000000180025095e-35 1.0000000180025095e-35 178.11250000000004 291.51250000000005 1.0000000180025095e-35 232.25833333333335 1.0000000180025095e-35 1.0000000180025095e-35 174.55000000000004 1.0000000180025095e-35 1.0000000180025095e-35 466.85000000000008 436.65000000000003 400.05000000000007 1.0000000180025095e-35 1225.1500000000003 1.0000000180025095e-35 377.55000000000007 29.850000000000005 119.55000000000001 453.55000000000007 266.78333333333336 18.200000000000006 1008.7500000000001 109.25000000000001 301.60000000000008 1.5000000000000002 4.5000000000000009 114.55000000000001 162.50000000000003 65.950000000000017 51.750000000000007 29.350000000000005 143.55000000000004 453.55000000000007 266.15000000000003 129.55000000000004 83.050000000000011 1.0000000180025095e-35 6.4500000000000011 1.0000000180025095e-35 189.55000000000004 377.10000000000008 95.600000000000009 382.80000000000001 87.250000000000014 1.0000000180025095e-35 166.15000000000001 199.14166666666668 1.0000000180025095e-35 741.05000000000007 377.10000000000008 1.0000000180025095e-35 242.21250000000003
decision_type=2 2 2 2 2 2 2 2 2 2 2 2 2 2 2 2 2 2 2 2 2 2 2 2 2 2 2 2 2 2 2 2 2 2 2 2 2 2 2 2 2 2 2 2 2 2 2 2 2 2 2 2 2 2 2 2 2 2 2 2 2 2
left_child=1 -1 7 10 6 25 8 16 9 11 -3 24 14 -10 17 31 -2 54 19 20 27 46 42 -7 56 -5 -27 -8 29 34 -16 55 39 -33 -29 -36 -37 38 -26 -19 -15 -14 -6 44 -34 -45 -12 -11 -28 -32 51 52 53 -17 -9 -13 -4 59 -59 60 -58 -62
right_child=2 3 4 5 22 23 18 12 13 47 21 15 41 40 30 50 -18 32 -20 -21 -22 -23 -24 -25 37 26 48 28 -30 -31 49 33 43 -35 35 36 -38 -39 -40 -41 -42 -43 -44 45 -46 -47 -48 -49 -50 -51 -52 -53 -54 -55 -56 -57 57 58 -60 -61 61 -63
leaf_value=-3.5614769165594282 4.3753964772630249 -2.0616970806244539 6.6932616299596335 -0.58328287799454737 25.500415504300918 5.2527904383199058 33.773485813140873 9.121011979970115 18.831881636030534 33.384325935727077 -0.6895624926619518 18.549583362870745 -6.448166083252949 45.960921151297441 26.286866818444203 18.818234065862804 21.136050095558168 33.399730377197265 11.098211442856561 38.302853601629089 9.9247902084480639 2.1983690926278743 33.629962732456626 11.851722519962411 27.242038209097728 8.354114427301619 2.7450924858177381 7.4521744995117194 38.518320671890095 35.12809833029042 5.8631016186305454 2.3422344616481237 2.7064666905918635 20.099708399447529 36.494745488600294 24.231840237704191 3.868133799235026 33.212352636586068 10.203775109915899 18.013235527276994 28.596581048965454 9.4391784999681558 32.670518541336058 22.899468997467395 16.026409432382295 9.9611365032196062 0.75213283870492254 22.063558516782876 -1.0504396958770801 20.725015411376955 16.684041833877565 36.032632498307663 14.895016831443423 34.641780323982239 17.141885596055253 26.873822530110676 14.584493968229953 32.371624842557047 15.619117209251892 2.6976699193318687 11.790608825683595 34.825664381753832
leaf_weight=17094 235 2442 29 569 296 851 60 289 34 42 4278 144 23 21 59 39 20 20 21 33 22 828 128 114 28 135 870 25 23 23 21 28 37 22 22 33 24 23 29 44 20 23 64 43 33 30 1665 34 196 20 24 33 21 40 39 39 492 22 47 27 25 21
leaf_count=17094 235 2442 29 569 296 851 60 289 34 42 4278 144 23 21 59 39 20 20 21 33 22 828 128 114 28 135 870 25 23 23 21 28 37 22 22 33 24 23 29 44 20 23 64 43 33 30 1665 34 196 20 24 33 21 40 39 39 492 22 47 27 25 21
internal_value=-0.035258 -1.96242 18.6583 0.325362 22.1463 3.21736 20.1486 10.9892 18.9377 18.3115 -0.533166 17.6402 12.9735 29.0319 13.805 21.1509 5.68996 12.4815 25.5852 26.7332 25.0875 0.018107 28.5731 6.03235 15.7974 1.68263 2.75616 26.676 23.8369 21.1781 20.8855 18.1416 16.2952 10.1555 18.093 21.4604 15.6576 22.7821 18.5734 22.8215 37.4905 1.49551 26.7751 13.3743 8.98587 17.5823 -0.285655 28.3198 2.04723 13.1128 25.617 27.229 24.3238 26.8302 10.0747 20.3236 14.9546 15.3325 20.9605 14.6452 15.2447 22.3066
internal_weight=32036 29042 2994 11948 2058 2735 1570 936 1284 1209 9213 1133 681 75 635 390 255 535 286 265 232 6771 488 965 743 1770 1201 210 150 127 100 233 207 50 104 79 57 80 57 64 41 46 360 143 70 73 5943 76 1066 41 157 133 100 79 328 183 663 634 69 565 538 46
internal_count=32036 29042 2994 11948 2058 2735 1570 936 1284 1209 9213 1133 681 75 635 390 255 535 286 265 232 6771 488 965 743 1770 1201 210 150 127 100 233 207 50 104 79 57 80 57 64 41 46 360 143 70 73 5943 76 1066 41 157 133 100 79 328 183 663 634 69 565 538 46
is_linear=0
shrinkage=0.05


Tree=30
num_leaves=63
num_cat=0
split_feature=9 39 36 36 36 35 13 31 31 35 36 12 31 35 35 7 34 32 34 18 36 32 35 32 34 36 31 35 35 39 32 32 31 32 32 35 31 32 31 36 31 29 38 31 35 21 35 36 36 31 31 35 36 32 35 36 13 34 34 21 32 21
split_gain=4.39988e+08 3.93603e+07 2.93679e+07 6.25007e+06 6.17322e+06 6.00888e+06 4.47139e+06 3.21955e+06 2.83062e+06 2.69678e+06 2.66126e+06 2.11165e+06 1.97045e+06 1.93333e+06 1.88655e+06 1.67906e+06 2.49365e+06 2.9941e+06 1.54448e+06 3.14668e+06 3.52099e+06 4.05388e+06 2.39446e+06 2.92536e+06 2.03467e+06 1.64953e+06 1.606e+06 2.07431e+06 1.59927e+06 1.4619e+06 1.6659e+06 2.01014e+06 1.43364e+06 1.41963e+06 3.53524e+06 3.30326e+06 4.07791e+06 1.38516e+06 1.3676e+06 1.36622e+06 1.35959e+06 1.32082e+06 1.51923e+06 1.27393e+06 1.2639e+06 1.26113e+06 1.24626e+06 1.22025e+06 2.71326e+06 1.55981e+06 1.3614e+06 1.17891e+06 1.1439e+06 2.16093e+06 1.0596e+06 1.05171e+06 1.35786e+06 1.04424e+06 1.03048e+06 1.07338e+06 995866 974751
threshold=1.0000000180025095e-35 1.0000000180025095e-35 223.16250000000005 347.52916666666675 178.11250000000004 314.35000000000008 1.0000000180025095e-35 26.850000000000005 54.150000000000013 967.45000000000016 403.42500000000001 1.0000000180025095e-35 221.95000000000002 902.1500000000002 845.95000000000016 1.0000000180025095e-35 130.55000000000004 398.85000000000008 4.1500000000000012 1.0000000180025095e-35 303.91666666666674 127.55000000000001 789.1500000000002 150.05000000000004 155.75000000000003 318.92500000000001 474.75000000000006 759.00000000000011 728.6500000000002 1.0000000180025095e-35 51.750000000000007 181.65000000000001 334.05000000000007 117.35000000000001 156.25000000000003 489.9500000000001 339.55000000000007 242.55000000000004 442.85000000000008 131.81250000000003 115.25000000000001 1.0000000180025095e-35 1.0000000180025095e-35 372.45000000000005 1096.7500000000002 1.0000000180025095e-35 511.05000000000007 170.31000000000003 181.62666666666669 110.95000000000002 85.750000000000014 121.05000000000001 161.38750000000002 312.15000000000003 933.35000000000025 321.08333333333343 1.0000000180025095e-35 24.850000000000005 74.350000000000009 1.0000000180025095e-35 225.25000000000003 1.0000000180025095e-35
decision_type=2 2 2 2 2 2 2 2 2 2 2 2 2 2 2 2 2 2 2 2 2 2 2 2 2 2 2 2 2 2 2 2 2 2 2 2 2 2 2 2 2 2 2 2 2 2 2 2 2 2 2 2 2 2 2 2 2 2 2 2 2 2
left_child=1 -1 5 6 51 39 8 58 -4 12 11 13 41 45 -5 18 17 -17 22 20 21 -20 26 -24 -23 -22 27 28 38 33 -31 32 -32 35 -35 36 -14 54 40 -2 -10 42 47 -37 -21 55 -42 52 -49 50 -50 -3 53 -9 -25 56 -6 -8 59 -7 -26 -39
right_child=2 4 3 14 10 7 57 9 15 -11 -12 -13 29 -15 -16 16 -18 -19 19 44 25 24 23 37 60 -27 -28 -29 -30 30 31 -33 -34 34 -36 43 -38 61 -40 -41 46 -43 -44 -45 -46 -47 -48 48 49 -51 -52 -53 -54 -55 -56 -57 -58 -59 -60 -61 -62 -63
leaf_value=-3.3820186267572354 4.6864264563610565 -3.639927341873582 34.977675117984894 24.967916074434395 -0.98050111954858332 21.099732628647164 42.844636710484821 8.7269915704543788 8.0857895949791221 26.735176301646881 3.4791065681859461 3.9499448463437883 7.0320576060901985 1.8482818230334481 31.438070663793127 14.115020449119704 35.101072202410016 36.600167922973633 -6.8107092721121649 37.344645576477056 35.11865294973056 3.6121309378208259 41.498608763321585 22.541470972696942 23.698008622063533 16.940812485034652 31.982082984561011 4.3857737788447633 31.208685084184012 33.20876788638887 20.210603259086611 27.377852272987369 3.7373781102044243 34.375506711006167 12.430958498059177 7.3063516090656151 35.217123267764137 22.034757425234872 5.1819387626647959 10.680311222835666 16.754831670699101 1.6284089094714116 3.4837961870081289 -8.450956087527068 20.887528705596925 2.0582347631555153 22.273566177156241 29.213475504229145 14.062783088684084 16.913916784198317 -4.1648526055472237 -1.0992580591312167 -0.10249407196044923 26.673054039478302 6.6579945291791649 1.0751634057822093 2.5287862320594563 28.381477003831129 15.519933141850764 32.987833133820565 13.999865902185441 30.418941681201645
leaf_weight=17140 219 555 31 304 3273 49 24 104 29 37 989 477 33 1988 179 57 42 20 28 20 24 39 23 21 36 26 21 27 24 21 25 32 28 24 78 29 21 104 20 168 223 38 51 23 28 666 189 31 20 73 21 2575 25 20 21 1113 301 26 36 31 100 52
leaf_count=17140 219 555 31 304 3273 49 24 104 29 37 989 477 33 1988 179 57 42 20 28 20 24 39 23 21 36 26 21 27 24 21 25 32 28 24 78 29 21 104 20 168 223 38 51 23 28 666 189 31 20 73 21 2575 25 20 21 1113 301 26 36 31 100 52
internal_value=0.0270238 -1.84681 18.3415 22.5325 0.357546 12.453 20.6724 14.8044 20.0645 13.5811 1.0354 0.726264 12.8828 0.516797 27.3658 19.6707 25.3009 19.9553 19.0356 16.0078 13.781 10.8536 20.2444 24.6202 13.6799 25.6662 18.43 17.8742 18.6251 15.8189 20.598 17.4824 11.5078 13.3834 17.5944 9.33141 17.9929 22.6595 17.97 7.28842 18.5499 10.4757 11.4502 0.336773 27.7447 0.0223101 19.2865 12.8321 16.0974 12.5308 4.72668 -1.54976 9.6544 11.6215 14.5997 -0.266985 -0.684951 35.3238 22.5451 25.7064 16.567 24.8295
internal_weight=32052 29077 2975 1738 11937 1237 1255 850 1205 734 8807 7818 697 7341 483 1174 119 77 1055 301 253 203 754 221 175 50 533 512 485 314 106 85 53 208 102 106 54 198 461 387 441 383 345 52 48 5353 412 294 145 114 41 3130 149 124 42 4687 3574 50 116 80 136 156
internal_count=32052 29077 2975 1738 11937 1237 1255 850 1205 734 8807 7818 697 7341 483 1174 119 77 1055 301 253 203 754 221 175 50 533 512 485 314 106 85 53 208 102 106 54 198 461 387 441 383 345 52 48 5353 412 294 145 114 41 3130 149 124 42 4687 3574 50 116 80 136 156
is_linear=0
shrinkage=0.05


Tree=31
num_leaves=63
num_cat=0
split_feature=9 25 36 7 2 36 36 21 13 36 33 31 2 38 13 25 27 2 35 33 19 36 32 32 25 31 31 31 33 33 33 7 32 34 31 33 8 35 33 33 36 32 8 35 33 33 35 33 40 35 36 32 33 35 7 36 35 33 35 35 35 32
split_gain=3.9709e+08 2.74427e+07 2.65046e+07 1.15092e+07 7.27999e+06 5.64069e+06 5.43814e+06 4.13344e+06 4.03543e+06 3.99576e+06 3.31037e+06 2.55463e+06 2.43955e+06 2.10623e+06 2.14556e+06 1.95463e+06 1.91205e+06 1.88895e+06 1.83735e+06 2.47682e+06 2.0571e+06 1.80924e+06 1.64918e+06 1.55048e+06 1.48796e+06 2.46974e+06 1.68096e+06 3.40945e+06 1.75311e+06 1.5446e+06 1.88629e+06 1.57652e+06 2.05654e+06 1.58105e+06 2.10094e+06 1.83516e+06 2.63033e+06 1.56824e+06 1.53357e+06 1.45714e+06 1.38679e+06 1.38175e+06 1.33352e+06 1.62152e+06 1.9115e+06 1.54676e+06 1.32921e+06 1.31845e+06 1.31024e+06 1.2873e+06 1.22399e+06 1.29919e+06 1.17089e+06 1.15303e+06 1.14982e+06 1.22636e+06 1.1401e+06 1.65285e+06 1.12888e+06 1.48626e+06 1.12395e+06 1.42114e+06
threshold=1.0000000180025095e-35 1.0000000180025095e-35 223.16250000000005 1.0000000180025095e-35 1.0000000180025095e-35 347.52916666666675 123.86250000000003 1.0000000180025095e-35 1.0000000180025095e-35 285.45833333333337 434.15000000000003 54.150000000000013 1.0000000180025095e-35 1.0000000180025095e-35 1.0000000180025095e-35 1.0000000180025095e-35 1.0000000180025095e-35 1.0000000180025095e-35 1279.4000000000003 414.65000000000003 1.0000000180025095e-35 157.21000000000004 394.35000000000008 94.050000000000011 1.0000000180025095e-35 87.350000000000009 127.75000000000001 146.55000000000004 311.35000000000008 414.65000000000003 367.75000000000006 1.0000000180025095e-35 362.45000000000005 4.1500000000000012 326.15000000000003 84.950000000000017 1.0000000180025095e-35 933.35000000000025 465.45000000000005 361.75000000000006 323.02500000000003 482.05000000000007 1.0000000180025095e-35 800.35000000000025 57.95000000000001 1.7500000000000002 1110.2000000000003 255.05000000000004 4.5000000000000009 447.85000000000008 268.21666666666675 133.75000000000003 174.55000000000004 940.45000000000016 1.0000000180025095e-35 436.42500000000001 639.85000000000014 207.65000000000001 967.45000000000016 853.25000000000011 685.05000000000007 257.15000000000003
decision_type=2 2 2 2 2 2 2 2 2 2 2 2 2 2 2 2 2 2 2 2 2 2 2 2 2 2 2 2 2 2 2 2 2 2 2 2 2 2 2 2 2 2 2 2 2 2 2 2 2 2 2 2 2 2 2 2 2 2 2 2 2 2
left_child=1 3 6 4 -1 8 52 13 11 17 39 -4 -5 14 21 41 18 22 20 48 24 -8 -3 -15 25 -13 28 -28 -27 30 31 33 -33 34 40 -35 47 -31 -39 42 -29 54 43 44 45 49 53 -37 -20 -9 60 -52 -2 -26 55 -7 -23 -58 59 -53 -36 -62
right_child=2 9 5 12 -6 15 7 10 -10 -11 -12 16 -14 23 -16 -17 -18 -19 19 -21 -22 56 -24 -25 46 26 27 29 -30 37 -32 32 -34 35 50 36 -38 38 -40 -41 -42 -43 -44 -45 -46 -47 -48 -49 -50 -51 51 58 -54 -55 -56 -57 57 -59 -60 -61 61 -63
leaf_value=-2.8869201921993275 4.9748499176237324 0.75562172449484677 33.228791153815486 0.48937282914860375 -0.00023960696385566266 22.370733826214444 5.7238954199038874 24.611088565088089 33.557603881835938 5.8294942607172908 37.763854470252987 2.598784891764323 6.3340952441482345 -8.6957121658325196 19.685167860984805 39.069068965205446 3.7354646773565388 7.4342965875877374 29.488166718255908 39.387574645996096 33.569367547468708 14.068368602487585 5.9301682998562422 7.6857246729043815 22.609132845585165 17.111926714579266 -1.1546010851860047 14.748649887694526 35.851824481670675 21.717327814516814 30.117946405971754 19.320948731380962 37.907652906938033 23.139504391806469 33.882002707088695 8.6343594596499482 23.366383813727989 -1.4547974422060213 16.542415764331817 6.495208198793474 26.594333426157636 36.41658289249127 6.0487078189849859 24.777890836456677 10.625064618328969 29.734629875421525 13.525944462418558 -6.2582066826198419 12.966447080884661 11.369814323849148 11.054036839803061 20.629232770204545 17.512899477481842 35.344781695030356 34.953273468017578 28.840556518236799 -3.1497086296081545 15.641484429619531 11.995453254381816 34.389860349492388 13.479097874959312 31.072528769753195
leaf_weight=21350 270 1547 31 2382 2433 309 123 31 50 867 20 27 193 20 82 27 21 134 21 25 22 277 171 52 52 24 24 291 26 23 34 46 22 28 34 42 22 29 20 31 27 26 22 81 83 33 24 23 28 45 36 80 20 27 25 96 25 22 24 26 24 22
leaf_count=21350 270 1547 31 2382 2433 309 123 31 50 867 20 27 193 20 82 27 21 134 21 25 22 277 171 52 52 24 24 291 26 23 34 46 22 28 34 42 22 29 20 31 27 26 22 81 83 33 24 23 28 45 36 80 20 27 25 96 25 22 24 26 24 22
internal_value=0.0256726 -1.75447 17.4244 -2.24782 -2.59161 21.4059 11.8304 13.6649 19.6388 3.02809 18.0185 19.0613 0.927443 11.1585 12.2505 25.9975 18.6872 1.71663 18.9595 26.5811 18.4368 10.8867 1.27067 3.13533 18.1218 17.5054 17.9396 17.4312 26.8567 17.9541 18.6001 18.0759 25.3343 17.349 18.4385 12.0058 8.42258 10.9466 5.891 16.8072 15.7544 25.2235 17.8908 18.8451 16.3422 20.6957 23.8311 3.36468 20.0472 16.7709 21.9081 19.4597 5.83954 26.9618 24.5467 23.9043 12.8466 5.64617 21.7874 24.0045 26.9885 21.8933
internal_weight=32052 29077 2975 26358 23783 1738 1237 947 1255 2719 346 1205 2575 601 529 483 1174 1852 1153 74 1079 447 1718 72 1057 954 927 877 50 853 781 747 68 679 564 115 87 72 49 326 318 456 295 273 192 109 103 65 49 76 246 166 290 79 430 405 324 47 130 106 80 46
internal_count=32052 29077 2975 26358 23783 1738 1237 947 1255 2719 346 1205 2575 601 529 483 1174 1852 1153 74 1079 447 1718 72 1057 954 927 877 50 853 781 747 68 679 564 115 87 72 49 326 318 456 295 273 192 109 103 65 49 76 246 166 290 79 430 405 324 47 130 106 80 46
is_linear=0
shrinkage=0.05


Tree=32
num_leaves=63
num_cat=0
split_feature=9 39 36 36 36 35 31 31 36 35 27 21 31 32 35 35 31 40 31 28 32 34 36 35 32 40 35 40 39 32 35 36 31 31 31 32 32 31 38 40 34 36 36 29 21 36 36 36 32 35 36 36 39 31 32 31 36 34 34 35 35 35
split_gain=3.58373e+08 3.2818e+07 2.39204e+07 5.40183e+06 5.09072e+06 4.99506e+06 3.0905e+06 2.78479e+06 2.37951e+06 2.2576e+06 1.82559e+06 1.7721e+06 1.76333e+06 2.25412e+06 3.97489e+06 1.81896e+06 1.70393e+06 2.0379e+06 3.38508e+06 1.8811e+06 2.10566e+06 1.81111e+06 1.64386e+06 1.63499e+06 1.61976e+06 1.57593e+06 1.39175e+06 1.38318e+06 1.86409e+06 1.74798e+06 1.26024e+06 1.2123e+06 1.20672e+06 1.8277e+06 1.17867e+06 1.17665e+06 1.17553e+06 1.3149e+06 1.15561e+06 1.1495e+06 1.56666e+06 3.3965e+06 1.51243e+06 1.19826e+06 1.32607e+06 1.14644e+06 2.6298e+06 1.66133e+06 1.10689e+06 1.29789e+06 1.34187e+06 1.10404e+06 1.06332e+06 1.45218e+06 1.03444e+06 1.14065e+06 1.05218e+06 1.02625e+06 919092 1.00305e+06 1.47465e+06 910051
threshold=1.0000000180025095e-35 1.0000000180025095e-35 223.16250000000005 178.11250000000004 347.52916666666675 314.35000000000008 54.150000000000013 26.850000000000005 379.48750000000007 967.45000000000016 1.0000000180025095e-35 1.0000000180025095e-35 320.15000000000003 117.35000000000001 527.55000000000007 645.45000000000016 326.15000000000003 1.5000000000000002 410.45000000000005 1.0000000180025095e-35 438.55000000000007 411.7000000000001 218.61250000000004 845.95000000000016 268.35000000000008 3.5000000000000004 940.45000000000016 2.5000000000000004 1.0000000180025095e-35 83.450000000000017 924.45000000000016 266.78333333333336 173.05000000000004 296.45000000000005 29.050000000000004 53.95000000000001 195.95000000000002 142.45000000000002 1.0000000180025095e-35 3.5000000000000004 192.25000000000003 299.32916666666671 302.3633333333334 1.0000000180025095e-35 1.0000000180025095e-35 265.25500000000005 294.5125000000001 252.83333333333337 81.350000000000009 789.1500000000002 157.21000000000004 87.737500000000011 1.0000000180025095e-35 191.85000000000005 53.95000000000001 456.45000000000005 261.05833333333339 453.00000000000006 74.350000000000009 578.35000000000025 469.55000000000007 825.05000000000007
decision_type=2 2 2 2 2 2 2 2 2 2 2 2 2 2 2 2 2 2 2 2 2 2 2 2 2 2 2 2 2 2 2 2 2 2 2 2 2 2 2 2 2 2 2 2 2 2 2 2 2 2 2 2 2 2 2 2 2 2 2 2 2 2
left_child=1 -1 5 51 6 36 31 58 11 12 16 30 22 14 -14 -16 21 18 -18 20 39 24 27 -6 38 -15 -20 -9 29 35 34 -4 45 52 -5 -29 37 -2 -8 42 43 -42 -19 44 54 47 -47 -26 -30 50 -50 -3 53 -34 -41 56 -56 -23 59 60 -7 -35
right_child=2 3 4 8 23 7 10 9 -10 -11 -12 -13 13 25 15 -17 17 19 26 -21 -22 57 -24 -25 32 -27 -28 28 48 -31 -32 -33 33 61 -36 -37 -38 -39 -40 40 41 -43 -44 -45 -46 46 -48 -49 49 -51 -52 -53 -54 -55 55 -57 -58 -59 -60 -61 -62 -63
leaf_value=-3.0685716996810539 3.0372165575396592 -3.394664376719815 24.383342054912024 3.4893138876708423 22.465343771482768 25.877699003219607 14.088504101872926 6.7333802408463246 2.8900951046978536 24.280424784325266 3.5486913408551901 2.1940175071429828 23.532682800292971 33.764666334788011 -7.1387595825195325 10.988171300580426 23.543897641938312 35.4032143838065 13.862256018817426 12.110133630335332 38.179619532046111 33.488575013478595 -3.1362053502689711 28.488685386806896 15.352135916317209 17.313485414273028 -1.2608553688073982 7.7524317759275441 25.699083083016532 11.966954394110612 1.7186823946030267 40.500976734161384 30.416141770102765 19.955679063797 -0.28170886502745546 -7.6791031792050326 16.798340626863332 9.0978179585642938 1.870929665792556 28.186945761403731 3.9339981906554282 29.901391048431396 18.430240385872978 33.609277184804277 31.594574921706631 27.784359831559033 6.9039299926757813 -0.83478738536005437 3.2548268614144167 26.003697883515134 15.96834189728515 -0.98738149337898118 26.853144626617436 15.76167851866108 11.871250747751308 8.6554062916682319 23.342335582089117 18.708539415442427 13.947201257281833 33.264558553695679 9.2494778680801399 5.9910511800221045
leaf_weight=17140 197 586 28 217 304 40 247 148 1376 37 21 1451 40 24 25 31 58 35 32 40 23 24 22 179 51 37 29 30 28 168 1169 20 22 20 4594 21 26 164 21 31 34 20 21 24 29 38 25 23 29 21 73 2544 85 73 27 26 77 23 36 20 20 28
leaf_count=17140 197 586 28 217 304 40 247 148 1376 37 21 1451 40 24 25 31 58 35 32 40 23 24 22 179 51 37 29 30 28 168 1169 20 22 20 4594 21 26 164 21 31 34 20 21 24 29 38 25 23 29 21 73 2544 85 73 27 26 77 23 36 20 20 28
internal_value=0.024389 -1.66675 16.5532 0.346089 20.3356 11.2388 18.6569 13.3827 0.980179 12.245 18.1621 0.62652 11.6061 16.2702 11.4945 2.89579 18.4208 20.6178 14.8956 22.3774 23.5609 16.786 10.2501 24.6976 16.0829 23.7861 6.67258 10.8186 12.4527 9.50575 0.246179 31.099 18.2501 20.4787 -0.111617 1.39827 6.53005 5.79051 13.1312 22.5232 21.1618 13.5516 29.0383 23.0822 21.7524 14.5413 19.4985 10.3211 16.7267 14.6842 12.3537 -1.43807 22.7904 19.1553 19.9796 18.0225 20.3643 26.2558 20.5818 23.5674 20.335 11.8096
internal_weight=32052 29077 2975 11937 1738 1237 1255 850 8807 734 1207 7431 697 157 96 56 1186 506 119 387 347 680 540 483 633 61 61 518 370 219 5980 48 365 228 4811 51 387 361 268 324 268 54 56 214 190 137 63 74 151 123 102 3130 180 95 161 130 104 47 116 80 60 48
internal_count=32052 29077 2975 11937 1738 1237 1255 850 8807 734 1207 7431 697 157 96 56 1186 506 119 387 347 680 540 483 633 61 61 518 370 219 5980 48 365 228 4811 51 387 361 268 324 268 54 56 214 190 137 63 74 151 123 102 3130 180 95 161 130 104 47 116 80 60 48
is_linear=0
shrinkage=0.05


Tree=33
num_leaves=63
num_cat=0
split_feature=35 25 7 2 35 36 25 35 36 7 35 35 27 38 11 38 31 32 35 31 35 38 8 29 18 10 28 4 21 24 32 18 11 35 36 31 31 31 8 38 35 29 31 10 40 4 29 10 32 28 8 38 22 24 2 7 4 35 38 10 24 36
split_gain=2.86109e+07 1.6734e+07 7.82025e+06 4.22271e+06 3.6611e+06 2.49914e+06 2.36624e+06 2.19153e+06 2.17285e+06 1.90132e+06 1.86363e+06 1.73754e+06 1.67726e+06 1.63e+06 1.59409e+06 1.35848e+06 1.32414e+06 1.20136e+06 1.15417e+06 1.15104e+06 1.14263e+06 1.02852e+06 1.12398e+06 1.15149e+06 1.18695e+06 1.46357e+06 1.50082e+06 1.6569e+06 1.68153e+06 2.28889e+06 1.40693e+06 997724 982759 934326 927280 911721 880464 850458 840927 855956 953503 834213 832060 828724 818084 816116 799189 923403 1.13743e+06 1.00375e+06 1.01875e+06 981380 797509 790677 767838 1.00044e+06 720629 727539 701090 1.06211e+06 1.03223e+06 763385
threshold=461.4500000000001 1.0000000180025095e-35 1.0000000180025095e-35 1.0000000180025095e-35 249.95000000000002 259.61250000000007 1.0000000180025095e-35 1055.7500000000002 325.31250000000006 1.0000000180025095e-35 1531.0000000000002 818.95000000000016 1.0000000180025095e-35 1.0000000180025095e-35 1.0000000180025095e-35 1.0000000180025095e-35 8.2500000000000018 51.750000000000007 902.1500000000002 29.050000000000004 916.25000000000011 1.0000000180025095e-35 1.0000000180025095e-35 1.0000000180025095e-35 1.0000000180025095e-35 1.0000000180025095e-35 1.0000000180025095e-35 1.0000000180025095e-35 1.0000000180025095e-35 1.0000000180025095e-35 1.0000000180025095e-35 1.0000000180025095e-35 1.0000000180025095e-35 1279.4000000000003 153.21000000000004 117.45000000000002 273.55000000000007 337.75000000000006 1.0000000180025095e-35 1.0000000180025095e-35 667.90000000000009 1.0000000180025095e-35 220.05000000000004 1.0000000180025095e-35 1.5000000000000002 1.0000000180025095e-35 1.0000000180025095e-35 1.0000000180025095e-35 483.80000000000001 1.0000000180025095e-35 1.0000000180025095e-35 1.0000000180025095e-35 1.0000000180025095e-35 1.0000000180025095e-35 1.0000000180025095e-35 1.0000000180025095e-35 1.0000000180025095e-35 818.95000000000016 1.0000000180025095e-35 1.0000000180025095e-35 1.0000000180025095e-35 269.82916666666671
decision_type=2 2 2 2 2 2 2 2 2 2 2 2 2 2 2 2 2 2 2 2 2 2 2 2 2 2 2 2 2 2 2 2 2 2 2 2 2 2 2 2 2 2 2 2 2 2 2 2 2 2 2 2 2 2 2 2 2 2 2 2 2 2
left_child=4 2 3 5 -1 15 21 38 9 17 14 44 16 -9 31 53 -13 -3 19 -19 -20 22 23 24 25 26 27 28 29 32 -30 -5 54 58 -32 -11 -35 -8 39 40 -4 43 -10 45 -7 -42 47 48 49 50 51 -46 -22 56 55 -6 57 -2 59 60 61 -18
right_child=1 8 7 10 6 11 37 13 42 35 -12 12 -14 -15 -16 -17 33 18 20 -21 52 -23 -24 -25 -26 -27 -28 -29 30 -31 34 -33 -34 36 -36 -37 -38 -39 -40 -41 41 -43 -44 -45 46 -47 -48 -49 -50 -51 -52 -53 -54 -55 -56 -57 -58 -59 -60 -61 -62 -63
leaf_value=-2.1235198957812305 0.031128042809318412 9.3372597403445479 2.4325105745374458 2.5631985372904076 3.4373089447196108 -1.6271841092109682 1.0857977039838604 9.713247645277546 17.392298535026352 2.6818252517331036 17.610569377172563 14.540322797948665 -3.7226880388811603 1.6223969416445998 7.1739639096828398 -2.0527298833920242 11.605667605119594 8.0402292868670298 17.952672318518164 2.3883250885301219 6.2349697158582469 -2.6690188887525288 -2.7902760797684119 -2.6929459838841781 -2.49815647268233 -2.6369575559721117 -2.3940747632864099 -2.3679794530954039 -2.7294348660430345 -2.002363432995681 -0.11865025129685985 -1.4801354367867372 -0.3271184955666957 10.420002725774593 5.0861526351708637 12.268655696991951 3.4771060075901703 5.0941284822162833 -0.58115032284117463 0.28777451874376031 7.6642178216756109 0.93844314497360526 8.5981965414356356 1.3700220352811057 3.210663171410161 1.9644082050065739 -2.2094128479947259 -2.2542370522865141 9.2154710091484926 -2.1718902235128446 -1.6517371713169038 -0.68789430278018848 -4.0276200008392342 -1.8721407816759523 0.40074884533224736 0.55750748495549607 -1.5909058889062488 2.0844762373441723 0.24942428037167474 -0.51997827697307508 0.33692822196266869 3.9003821810660018
leaf_weight=8343 2084 118 512 1292 1379 575 436 249 29 31 21 22 121 83 172 1335 34 102 20 771 354 737 597 563 574 521 523 474 542 431 483 173 405 55 104 124 269 190 134 173 415 94 371 82 746 74 231 198 45 196 189 206 20 591 408 386 514 544 543 235 220 589
leaf_count=8343 2084 118 512 1292 1379 575 436 249 29 31 21 22 121 83 172 1335 34 102 20 771 354 737 597 563 574 521 523 474 542 431 483 173 405 55 104 124 269 190 134 173 415 94 371 82 746 74 231 198 45 196 189 206 20 591 408 386 514 544 543 235 220 589
internal_value=0.0231695 1.62033 0.974638 0.481134 -1.37406 0.0764379 -0.659713 4.01827 5.95244 5.09963 2.81021 0.937662 1.99098 7.69053 2.62035 -0.683846 2.34246 4.5119 4.0625 3.04869 6.30883 -0.887875 -0.710243 -0.52744 -0.331745 -0.111886 0.144309 0.432161 0.752912 1.37031 -0.892561 2.08573 1.93416 2.20449 0.803495 10.3513 4.65568 2.30238 3.19672 3.57171 4.05439 5.30312 9.23577 6.02164 0.0158976 6.80167 0.537583 0.939201 1.39673 1.13357 1.70138 2.36707 5.68617 -0.194303 2.35562 2.80751 0.121292 0.456174 1.71455 2.45255 3.28119 4.3209
internal_weight=32052 14956 13016 11200 17096 9542 8753 1816 1940 1540 1658 4474 2088 332 1637 5068 1967 1385 1267 873 394 8127 7390 6793 6230 5656 5135 4612 4138 3009 1129 1465 2578 1945 587 155 324 626 1484 1350 1177 665 400 571 2386 489 1811 1580 1382 1337 1141 952 374 3733 2173 1765 3142 2628 1621 1078 843 623
internal_count=32052 14956 13016 11200 17096 9542 8753 1816 1940 1540 1658 4474 2088 332 1637 5068 1967 1385 1267 873 394 8127 7390 6793 6230 5656 5135 4612 4138 3009 1129 1465 2578 1945 587 155 324 626 1484 1350 1177 665 400 571 2386 489 1811 1580 1382 1337 1141 952 374 3733 2173 1765 3142 2628 1621 1078 843 623
is_linear=0
shrinkage=0.05


Tree=34
num_leaves=63
num_cat=0
split_feature=9 36 23 36 36 11 31 31 32 31 27 36 31 31 33 40 31 36 31 31 36 31 34 32 32 33 32 38 31 28 31 12 33 33 33 31 36 32 32 36 24 21 33 6 36 32 38 32 32 29 32 33 32 32 31 31 32 36 32 5 38 33
split_gain=3.20137e+08 2.08396e+07 7.65505e+06 4.50269e+06 4.48094e+06 3.02094e+06 2.73737e+06 2.38485e+06 2.37786e+06 1.88346e+06 1.5911e+06 1.57331e+06 1.55445e+06 1.54356e+06 1.49712e+06 1.43796e+06 3.32074e+06 1.38647e+06 1.74633e+06 1.36063e+06 2.8287e+06 1.36924e+06 1.31819e+06 1.30938e+06 1.47463e+06 1.56908e+06 1.42478e+06 1.50298e+06 1.50484e+06 1.22761e+06 1.69368e+06 1.25526e+06 1.23966e+06 1.6852e+06 1.20477e+06 1.20243e+06 2.63761e+06 1.72063e+06 1.52421e+06 1.17581e+06 1.11056e+06 1.0825e+06 1.0676e+06 1.06555e+06 1.03818e+06 1.03385e+06 931754 1.02822e+06 1.18662e+06 966907 964839 923926 910724 865474 805203 779930 1.23548e+06 772681 775283 747218 761592 1.05358e+06
threshold=1.0000000180025095e-35 223.16250000000005 1.0000000180025095e-35 347.52916666666675 166.41000000000003 1.0000000180025095e-35 54.150000000000013 24.450000000000003 386.85000000000008 248.95000000000002 1.0000000180025095e-35 259.61250000000007 27.950000000000003 320.15000000000003 75.15000000000002 1.5000000000000002 410.45000000000005 272.41250000000008 102.45000000000002 168.75000000000003 293.01666666666671 207.85000000000005 397.75000000000006 438.55000000000007 386.85000000000008 118.05000000000001 356.45000000000005 1.0000000180025095e-35 133.85000000000005 1.0000000180025095e-35 378.65000000000003 1.0000000180025095e-35 125.55000000000001 11.65 83.050000000000011 426.45000000000005 258.24166666666673 259.05000000000007 137.85000000000005 424.12500000000006 1.0000000180025095e-35 1.0000000180025095e-35 209.95000000000002 1.0000000180025095e-35 266.78333333333336 276.55000000000007 1.0000000180025095e-35 410.95000000000005 342.75000000000006 1.0000000180025095e-35 131.45000000000002 279.65000000000003 380.65000000000003 276.55000000000007 484.75000000000006 296.45000000000005 396.45000000000005 205.71666666666673 147.75000000000003 1.0000000180025095e-35 1.0000000180025095e-35 3.5500000000000003
decision_type=2 2 2 2 2 2 2 2 2 2 2 2 2 2 2 2 2 2 2 2 2 2 2 2 2 2 2 2 2 2 2 2 2 2 2 2 2 2 2 2 2 2 2 2 2 2 2 2 2 2 2 2 2 2 2 2 2 2 2 2 2 2
left_child=2 4 11 6 8 45 44 41 9 12 13 -1 42 17 -11 16 -15 23 -19 20 -20 -21 39 24 26 -26 27 28 -8 30 31 46 33 -32 -18 40 -37 38 -38 -5 -17 -6 -2 59 -3 -4 47 48 49 51 -48 57 -39 -30 -41 56 -23 -9 -59 60 61 -13
right_child=1 3 5 22 7 -7 10 29 -10 14 -12 43 -14 15 -16 35 34 18 19 21 -22 55 -24 -25 25 -27 -28 -29 53 -31 32 -33 -34 -35 -36 36 37 52 -40 54 -42 -43 -44 -45 -46 -47 50 -49 -50 -51 -52 -53 -54 -55 -56 -57 -58 58 -60 -61 -62 -63
leaf_value=-2.117722529295528 9.219829711863694 23.090869930812293 -0.29325406279052457 20.917740656312105 16.783948520819347 6.6325929830379273 27.935107289189876 13.832563059504441 23.981626996127044 19.15984151981495 3.4875582377115886 -0.95193726574414894 5.0256106307261366 22.45993096900709 4.3603884544372562 20.112356081172344 14.709334045410158 31.754548957131124 21.599626115957896 27.822962518419537 -2.6761440217494967 16.672405548003113 33.612051680992394 2.9759177803993229 32.821313939775742 13.917675432951555 3.3350692026542896 3.5339236429759433 12.566361173211712 3.3414591696113352 24.421680157001205 23.310271240274112 28.89782528347439 6.0483390013376876 0.42150926325056287 36.713157636979048 23.435103393554687 34.711438896345058 6.4494902474539622 24.531603608812606 10.59810782296317 30.942453228985826 22.052854278009562 -2.8066776806087588 38.006223297119142 1.8262603796073618 -3.1739809036254885 2.7908556766510011 23.777698516845703 3.5931515382868904 10.276200310587884 20.26202228825267 20.309662623632523 20.711056955655419 34.011391448974614 12.555566677451134 28.202523173491159 13.009218542916436 1.3448982534737424 -2.4528094159542801 -1.9751728541308637 1.0121723116815917
leaf_weight=17266 71 28 1624 314 27 215 23 164 22 54 21 4912 457 66 25 248 25 22 24 35 24 103 29 27 21 23 33 28 146 32 26 24 27 24 36 34 25 23 28 112 35 27 21 1045 20 891 20 25 25 28 40 41 21 42 28 64 30 28 29 917 1414 793
leaf_count=17266 71 28 1624 314 27 215 23 164 22 54 21 4912 457 66 25 248 25 22 24 35 24 103 29 27 21 23 33 28 146 32 26 24 27 24 36 34 25 23 28 112 35 27 21 1045 20 891 20 25 25 28 40 41 21 42 28 64 30 28 29 917 1414 793
internal_value=0.0220111 15.6442 -1.57637 19.1747 10.6839 0.943942 17.5958 13.8506 7.82409 7.25806 17.1302 -1.83751 6.21935 17.3717 14.4765 19.3413 14.6871 15.7197 18.1903 17.1245 9.46174 18.7099 23.277 13.5445 14.4475 22.9399 13.0738 14.4185 15.8628 12.8362 13.4426 12.2037 20.2645 15.6025 6.27718 20.769 24.7296 20.5292 14.4616 22.6168 18.9357 23.8632 12.1491 -1.30474 29.3056 0.457636 11.5373 12.5511 13.3257 12.4247 5.79281 13.3685 27.8379 14.3859 26.4276 17.0908 19.2732 12.0896 7.07474 -1.10943 -0.93639 -0.678924
internal_weight=32052 2975 29077 1738 1237 2730 1255 587 650 628 1207 26347 549 1186 79 541 127 645 302 280 48 232 483 343 316 44 272 239 211 533 501 424 77 50 61 414 131 97 53 454 283 54 92 9081 48 2515 400 340 315 290 60 262 44 188 140 197 133 221 57 8036 7119 5705
internal_count=32052 2975 29077 1738 1237 2730 1255 587 650 628 1207 26347 549 1186 79 541 127 645 302 280 48 232 483 343 316 44 272 239 211 533 501 424 77 50 61 414 131 97 53 454 283 54 92 9081 48 2515 400 340 315 290 60 262 44 188 140 197 133 221 57 8036 7119 5705
is_linear=0
shrinkage=0.05


Tree=35
num_leaves=63
num_cat=0
split_feature=9 39 36 25 36 36 31 36 31 31 34 13 36 12 11 31 35 4 10 33 31 36 31 31 25 34 35 39 35 31 31 31 31 35 35 31 31 36 36 31 33 33 36 31 39 34 33 39 36 35 33 35 35 31 31 35 33 37 35 33 33 31
split_gain=2.85705e+08 2.65322e+07 2.02179e+07 9.71913e+06 5.00412e+06 4.8671e+06 3.90995e+06 2.97411e+06 2.82429e+06 3.07073e+06 2.48286e+06 2.4165e+06 2.3049e+06 1.95379e+06 1.55944e+06 1.50011e+06 1.802e+06 1.65692e+06 1.5511e+06 1.40411e+06 2.31928e+06 1.24989e+06 1.22868e+06 3.28071e+06 2.17825e+06 2.38985e+06 1.79403e+06 1.83912e+06 1.72163e+06 1.68251e+06 1.30851e+06 1.17855e+06 1.17498e+06 1.16587e+06 2.26741e+06 1.1644e+06 1.88858e+06 2.3722e+06 1.18155e+06 1.13441e+06 1.23028e+06 1.07016e+06 1.05343e+06 1.04368e+06 1.024e+06 1.02174e+06 1.36342e+06 1.23866e+06 1.00346e+06 940114 2.40862e+06 1.07451e+06 928503 877286 858850 960914 1.89222e+06 1.03751e+06 823547 812342 1.13417e+06 863181
threshold=1.0000000180025095e-35 1.0000000180025095e-35 228.87083333333337 1.0000000180025095e-35 323.02500000000003 113.11250000000003 52.150000000000013 187.51000000000002 54.150000000000013 294.25000000000006 20.850000000000005 1.0000000180025095e-35 259.61250000000007 1.0000000180025095e-35 1.0000000180025095e-35 481.05000000000007 1083.5500000000002 1.0000000180025095e-35 1.0000000180025095e-35 51.750000000000007 390.65000000000003 444.47500000000008 177.25000000000003 127.75000000000001 1.0000000180025095e-35 389.75000000000006 1110.2000000000003 1.0000000180025095e-35 592.85000000000014 347.85000000000008 115.25000000000001 267.75000000000006 488.35000000000008 582.6500000000002 548.05000000000007 370.15000000000003 444.75000000000006 271.14166666666677 305.71666666666675 121.75000000000001 351.35000000000008 370.25000000000006 252.83333333333337 40.000000000000007 1.0000000180025095e-35 146.95000000000002 297.15000000000003 1.0000000180025095e-35 406.77500000000003 522.6500000000002 62.350000000000001 373.95000000000005 623.6500000000002 267.75000000000006 275.75000000000006 511.05000000000007 67.950000000000017 3.5000000000000004 1140.1000000000001 107.75000000000001 185.65000000000001 357.45000000000005
decision_type=2 2 2 2 2 2 2 2 2 2 2 2 2 2 2 2 2 2 2 2 2 2 2 2 2 2 2 2 2 2 2 2 2 2 2 2 2 2 2 2 2 2 2 2 2 2 2 2 2 2 2 2 2 2 2 2 2 2 2 2 2 2
left_child=1 52 5 12 6 -2 -4 -5 10 39 49 13 43 22 21 16 18 -18 31 20 -11 58 23 30 25 26 33 41 -25 -26 42 -6 -17 34 -24 -35 38 -38 -37 45 54 -28 -8 -3 -30 46 -10 -47 -33 50 51 -7 -1 -45 55 -41 57 -57 -9 61 -61 -21
right_child=2 3 4 7 15 8 11 14 9 19 -12 -13 -14 -15 -16 32 17 -19 -20 59 -22 -23 24 28 29 -27 27 -29 44 -31 -32 48 -34 35 -36 36 37 -39 -40 40 -42 -43 -44 53 -46 47 -48 -49 -50 -51 -52 -53 -54 -55 -56 56 -58 -59 -60 60 -62 -63
leaf_value=-2.5697251505575478 3.6569506593329137 0.75189376709016942 31.513554821014409 0.35400837931430568 27.900092514091071 18.91647809346517 22.186671845809272 2.8418386806296998 5.946993731475267 14.052545191992577 7.8041572546958919 29.082484006881714 0.46994159509213951 26.073942243135896 8.7126145296730098 38.317445539391564 28.906772943374218 15.63729493935903 7.669816699394814 13.639088611602785 29.267525868415834 9.1403435958059216 13.763105117911616 16.039190940856937 32.952969233194992 25.094476208850452 -5.8280424796617956 16.190736040387836 -7.6356277342500363 16.816392617906843 27.04533854675293 17.323956602760653 23.595754900845616 14.413896537435299 -3.5199502854120164 28.842302773362505 -0.47714873313903805 22.427483573326697 15.265366416627712 8.2010709263735553 19.360914502424354 8.2592093765735637 8.8747340974353612 -1.8098339098998637 5.5404763396581016 5.0257040977478029 -6.4700125305740928 21.576635761260988 22.679863685710089 29.970028456052145 5.786955642700196 34.608550567626956 -3.4932626400830502 -0.28833004811119423 0.096603144770083221 30.08976166084409 9.9138553487226897 15.064621867956939 6.2588730480074881 20.520780663056808 9.6135063409805301 -0.87494599478585389
leaf_weight=13687 239 648 40 795 45 24 23 1490 122 67 40 32 3874 39 160 23 109 30 26 20 40 95 197 20 30 51 26 35 29 35 25 233 33 196 21 59 20 26 22 297 34 28 42 3416 30 26 27 20 140 30 22 20 3397 1311 23 20 145 27 200 44 52 21
leaf_count=13687 239 648 40 795 45 24 23 1490 122 67 40 32 3874 39 160 23 109 30 26 20 40 95 197 20 30 51 26 35 29 35 25 233 33 196 21 59 20 26 22 297 34 28 42 3416 30 26 27 20 140 30 22 20 3397 1311 23 20 145 27 200 44 52 21
internal_value=0.0336058 -1.48802 14.6578 0.315063 18.3521 10.1349 16.1889 2.93062 11.5161 10.5835 18.2702 15.5672 -0.459792 15.1139 3.98379 21.8255 21.0747 26.0429 19.5193 15.4485 19.7404 3.55991 14.6467 10.7972 15.5188 14.6841 13.8413 7.26297 3.36158 24.264 17.3241 20.2564 29.6422 14.9236 12.0982 16.8304 20.5599 12.4689 25.1547 8.98152 10.1507 1.47646 13.5851 -1.12989 -0.935914 5.70792 3.69693 12.2218 19.3342 22.631 19.2951 26.0492 -2.75336 -1.38786 9.53904 9.98316 12.7398 21.4583 3.24622 12.0965 14.6127 6.20507
internal_weight=32098 29073 3025 11989 1665 1360 1026 2740 1121 985 136 986 9249 954 1945 639 583 139 444 244 107 1785 915 169 746 681 630 89 79 65 90 418 56 541 218 323 127 46 81 741 546 54 65 5375 59 195 149 46 373 96 66 44 17084 4727 512 489 192 47 1690 137 96 41
internal_count=32098 29073 3025 11989 1665 1360 1026 2740 1121 985 136 986 9249 954 1945 639 583 139 444 244 107 1785 915 169 746 681 630 89 79 65 90 418 56 541 218 323 127 46 81 741 546 54 65 5375 59 195 149 46 373 96 66 44 17084 4727 512 489 192 47 1690 137 96 41
is_linear=0
shrinkage=0.05


Tree=36
num_leaves=63
num_cat=0
split_feature=25 35 35 35 39 7 35 5 35 38 10 6 28 8 29 24 21 39 35 38 32 6 1 10 28 5 8 29 24 32 32 33 33 34 35 35 32 21 34 31 24 31 34 37 37 33 32 33 35 40 7 35 31 33 23 12 16 31 31 35 40 31
split_gain=2.15701e+07 1.41433e+07 4.81319e+06 4.61173e+06 3.44889e+06 2.47238e+06 1.82389e+06 1.81734e+06 1.73328e+06 1.70674e+06 1.70951e+06 1.83904e+06 2.14894e+06 2.10979e+06 2.21948e+06 2.34398e+06 2.85201e+06 2.25051e+06 1.84493e+06 1.61308e+06 1.53857e+06 1.51657e+06 1.48969e+06 1.47462e+06 1.42081e+06 1.23983e+06 1.32415e+06 1.2741e+06 1.21138e+06 1.20709e+06 1.131e+06 1.11346e+06 1.10746e+06 1.04277e+06 1.00618e+06 971031 944896 912430 1.13707e+06 898500 870945 1.08049e+06 814935 956558 830407 807710 1.51307e+06 755099 747308 956723 746133 702387 677419 663212 836559 658023 657415 644160 638316 715155 636924 609293
threshold=1.0000000180025095e-35 818.95000000000016 380.65000000000009 442.35000000000008 1.0000000180025095e-35 1.0000000180025095e-35 1313.1500000000003 1.0000000180025095e-35 894.95000000000016 1.0000000180025095e-35 1.0000000180025095e-35 1.0000000180025095e-35 1.0000000180025095e-35 1.0000000180025095e-35 1.0000000180025095e-35 1.0000000180025095e-35 1.0000000180025095e-35 1.0000000180025095e-35 618.05000000000007 1.0000000180025095e-35 1.0000000180025095e-35 1.0000000180025095e-35 1.0000000180025095e-35 1.0000000180025095e-35 1.0000000180025095e-35 1.0000000180025095e-35 1.0000000180025095e-35 1.0000000180025095e-35 1.0000000180025095e-35 29.850000000000005 366.15000000000003 23.150000000000002 469.35000000000008 392.15000000000003 153.05000000000004 161.25000000000003 253.05000000000004 1.0000000180025095e-35 87.350000000000009 56.250000000000007 1.0000000180025095e-35 474.75000000000006 1.0500000000000003 2.5000000000000004 4.5000000000000009 0.95000000000000007 227.45000000000002 466.95000000000005 894.95000000000016 5.5000000000000009 1.0000000180025095e-35 651.1500000000002 448.25000000000006 427.15000000000003 1.0000000180025095e-35 1.0000000180025095e-35 1.0000000180025095e-35 273.55000000000007 25.650000000000002 702.05000000000007 3.5000000000000004 108.85000000000001
decision_type=2 2 2 2 2 2 2 2 2 2 2 2 2 2 2 2 2 2 2 2 2 2 2 2 2 2 2 2 2 2 2 2 2 2 2 2 2 2 2 2 2 2 2 2 2 2 2 2 2 2 2 2 2 2 2 2 2 2 2 2 2 2
left_child=1 2 35 34 56 7 19 9 29 10 11 12 13 14 15 16 17 30 -19 21 -18 23 36 24 25 26 27 28 32 -5 55 45 37 -27 -2 -1 -10 48 -39 -33 41 50 43 -22 -44 51 -47 53 -6 60 -38 61 -29 54 -8 -4 -3 -52 -32 -60 -50 -31
right_child=3 4 5 8 6 -7 47 -9 22 -11 -12 -13 -14 -15 -16 -17 20 18 -20 -21 42 -23 -24 -25 -26 33 -28 52 -30 31 58 39 -34 -35 -36 -37 40 38 -40 -41 -42 -43 44 -45 -46 46 -48 -49 49 -51 57 -53 -54 -55 -56 -57 -58 -59 59 -61 -62 -63
leaf_value=-2.0840293155357581 -2.4035216925307092 0.82845753336261074 5.2302084442553465 8.2276263353514807 7.902190263502634 1.9281082960624905 4.1513772612674131 -2.2587216989858745 5.1321304838791075 -1.6091996164136402 -1.8538375872315147 -1.5973039573943095 -1.5823184243966768 -1.2676599897615204 -1.1060081981570014 -0.75569686349676046 -2.4225759533280176 1.5463568580304907 6.7533235121780724 0.32248789583724785 6.7694490951460766 0.064641279159685344 -5.6498260209957758 0.70254768950788504 1.3147002582825384 0.78424150950097027 2.5949158706478568 2.0181740830036312 4.4049456258304422 8.7161414612171253 6.0408724344693701 6.4575782388030936 18.775006195631896 10.548100370448083 1.9389525322803802 -1.1919785186062604 8.3422777227495075 4.3584653349717462 12.729173939186952 1.404771397300441 3.4329310441839285 18.954927742865777 14.093058322026179 0.78033451972000667 2.8689519918627209 22.10211987733841 5.3929157854545693 1.8284396429530911 13.927409597396853 9.5790604658748801 10.279062294165293 7.0501243557421693 11.16103024383386 12.293156675260459 11.207946687700257 13.221480249475551 -2.7108474826812747 21.863538904190065 21.519317619323729 8.8342931652069101 25.21390001678467 2.2856690923063669
leaf_weight=5095 161 2088 561 177 67 1286 126 1163 214 1658 918 937 810 730 616 574 282 845 213 518 74 277 21 269 243 188 179 130 128 43 26 107 33 32 778 7603 318 135 58 495 58 31 26 673 45 20 42 61 25 46 30 197 24 67 63 27 140 20 25 20 25 257
leaf_count=5095 161 2088 561 177 67 1286 126 1163 214 1658 918 937 810 730 616 574 282 845 213 518 74 277 21 269 243 188 179 130 128 43 26 107 33 32 778 7603 318 135 58 495 58 31 26 673 45 20 42 61 25 46 30 197 24 67 63 27 140 20 25 20 25 257
internal_value=0.0319256 -0.381883 -0.878685 4.09182 2.06145 -0.138117 3.26509 -0.398037 5.43206 -0.159188 0.165605 0.451517 0.797604 1.20456 1.65495 2.1565 2.74989 4.02329 2.59464 2.78999 0.762237 3.47755 7.46363 4.07513 4.76609 5.54991 6.4158 7.43508 8.6242 4.38135 6.31693 3.79496 10.0125 2.20444 1.1944 -1.54991 7.87403 9.20028 6.87402 2.30286 9.15799 9.9902 1.86018 1.37363 6.97919 5.40184 10.783 6.8276 11.9547 14.783 9.23502 4.73055 3.44303 8.01881 6.50357 5.59715 0.60606 14.9129 12.2779 15.8815 19.5707 3.20737
internal_weight=32098 29129 24207 2969 4922 11509 2694 10223 2030 9060 7402 6484 5547 4737 4007 3391 2817 1717 1058 2377 1100 1859 692 1582 1313 1070 850 671 517 1338 659 1161 389 220 939 12698 671 356 193 602 457 399 818 747 71 559 62 317 163 96 368 497 154 256 189 588 2228 50 71 45 50 300
internal_count=32098 29129 24207 2969 4922 11509 2694 10223 2030 9060 7402 6484 5547 4737 4007 3391 2817 1717 1058 2377 1100 1859 692 1582 1313 1070 850 671 517 1338 659 1161 389 220 939 12698 671 356 193 602 457 399 818 747 71 559 62 317 163 96 368 497 154 256 189 588 2228 50 71 45 50 300
is_linear=0
shrinkage=0.05


Tree=37
num_leaves=63
num_cat=0
split_feature=9 39 36 25 36 36 13 36 12 25 36 32 32 40 2 2 33 33 11 36 36 36 32 33 36 32 34 39 36 32 13 33 34 32 32 34 25 34 36 34 33 36 33 29 36 32 36 2 11 12 32 13 32 32 32 32 36 36 33 13 36 40
split_gain=2.54916e+08 2.19382e+07 1.76538e+07 7.87282e+06 4.34552e+06 4.29589e+06 2.60194e+06 2.48446e+06 2.34201e+06 1.94267e+06 1.89046e+06 1.67428e+06 1.64895e+06 1.59497e+06 1.53295e+06 1.31927e+06 2.10589e+06 1.65744e+06 1.31081e+06 1.27259e+06 4.70351e+06 1.84852e+06 1.82453e+06 1.24542e+06 2.12224e+06 2.4591e+06 1.21515e+06 1.04117e+06 1.21086e+06 1.41313e+06 1.02496e+06 2.329e+06 1.46137e+06 1.31016e+06 982015 1.64571e+06 1.8343e+06 1.45483e+06 1.42741e+06 1.15109e+06 970626 960082 939325 896646 890913 876873 875910 820577 1.40627e+06 783954 782434 769272 768517 757543 718126 709018 688098 663428 652110 651834 649860 645516
threshold=1.0000000180025095e-35 1.0000000180025095e-35 228.87083333333337 1.0000000180025095e-35 323.02500000000003 113.11250000000003 1.0000000180025095e-35 187.51000000000002 1.0000000180025095e-35 1.0000000180025095e-35 259.61250000000007 472.65000000000003 312.15000000000003 5.5000000000000009 1.0000000180025095e-35 1.0000000180025095e-35 378.05000000000007 136.15000000000001 1.0000000180025095e-35 161.38750000000002 174.31250000000006 189.8416666666667 360.45000000000005 409.65000000000003 250.51000000000002 179.45000000000002 204.35000000000005 1.0000000180025095e-35 359.52500000000003 418.85000000000008 1.0000000180025095e-35 419.15000000000003 20.850000000000005 141.75000000000003 231.95000000000002 338.65000000000003 1.0000000180025095e-35 112.60000000000001 265.25500000000005 432.10000000000008 469.35000000000008 424.12500000000006 289.05000000000007 1.0000000180025095e-35 209.12916666666669 247.15000000000001 289.95500000000004 1.0000000180025095e-35 1.0000000180025095e-35 1.0000000180025095e-35 109.25000000000001 1.0000000180025095e-35 60.750000000000007 310.15000000000003 113.15000000000002 356.45000000000005 338.42000000000002 428.28333333333336 55.850000000000001 1.0000000180025095e-35 65.52500000000002 1.5000000000000002
decision_type=2 2 2 2 2 2 2 2 2 2 2 2 2 2 2 2 2 2 2 2 2 2 2 2 2 2 2 2 2 2 2 2 2 2 2 2 2 2 2 2 2 2 2 2 2 2 2 2 2 2 2 2 2 2 2 2 2 2 2 2 2 2
left_child=1 -1 5 10 6 50 8 59 15 12 49 27 30 -13 18 23 17 -17 41 -14 -21 -22 -23 34 -25 -26 -8 28 29 53 31 -7 33 -32 46 36 37 43 -39 -37 -27 55 -34 -36 -24 -10 61 57 -49 51 52 -3 60 -6 -48 -9 -16 -12 -11 -5 -2 -4
right_child=2 3 4 7 11 9 26 14 45 58 47 13 19 -15 56 16 -18 -19 -20 20 21 22 44 24 25 40 -28 -29 -30 -31 32 -33 42 -35 35 39 -38 38 -40 -41 -42 -43 -44 -45 -46 -47 54 48 -50 -51 -52 -53 -54 -55 -56 -57 -58 -59 -60 -61 -62 -63
leaf_value=-2.5575642760814254 -2.2448242618191627 -1.5377594019488985 5.6384331096302382 -0.34508352632258549 13.979426519076029 8.2256264095429099 34.601450761159263 1.6173054138343153 32.990297608148488 24.868233357943023 -0.41074166850901772 32.892382550239567 24.321466960225788 16.086359343528748 6.7579452197743608 23.828276112572901 30.954402476343617 7.9561517589970636 7.6861485261056162 -7.6901180585225424 26.214710919516428 3.5955551092965266 10.928570716611802 21.133793417612711 -10.953538044020533 14.711793916365679 18.690540995200475 22.901620417971944 19.989974850102477 1.8241902589797974 29.244647494229408 24.388855015713236 13.701543702750371 13.063569772654567 13.985452196964131 32.314578553040825 24.706636866127575 -4.5892990326881415 12.155399551391604 16.07293866276741 0.83023323953151706 6.5637137701722228 -0.38362203598022465 23.125786368052164 21.995090960050849 19.668795127868652 12.576495240864002 1.0051928201975793 7.6900147981854055 0.60213452289196912 7.8458232161116932 0.33934494909876295 -3.4026535327617937 24.58074841932817 21.521817934190906 4.0106253594024617 15.735266410827638 1.818958551469223 15.286220944779259 3.7857002816758718 6.2394050868160758 11.917590472698212
leaf_weight=17084 31 4127 55 684 72 719 24 1043 21 26 2343 48 28 20 146 29 29 38 144 24 35 35 31 24 20 34 24 172 285 20 22 23 29 29 254 24 41 20 35 20 20 147 20 30 44 30 57 1057 85 619 73 629 52 22 37 440 25 389 56 111 83 160
leaf_count=17084 31 4127 55 684 72 719 24 1043 21 26 2343 48 28 20 146 29 29 38 144 24 35 35 31 24 20 34 24 172 285 20 22 23 29 29 254 24 41 20 35 20 20 147 20 30 44 30 57 1057 85 619 73 629 52 22 37 440 25 389 56 111 83 160
internal_value=0.0303293 -1.40697 13.8441 0.232596 17.2962 9.61774 15.2804 2.58665 14.7225 10.9153 -0.464787 20.533 10.3305 27.9494 3.54922 14.1486 19.6982 14.8262 3.11341 14.4486 12.8128 16.2064 13.0219 13.5075 8.21373 4.02344 26.646 19.6497 18.2479 13.8928 9.36706 8.72664 14.119 20.0436 14.2153 15.7776 14.7176 13.5095 6.06642 24.932 9.57048 2.70944 7.9525 14.951 17.4209 25.1541 12.0715 0.377219 1.50275 -1.07166 3.53175 -1.2895 1.6346 16.4606 16.0975 2.32739 8.07042 -0.0932624 18.3244 0.231667 3.93229 10.3113
internal_weight=32098 29073 3025 11989 1665 1360 1026 2740 978 1121 9249 639 1039 68 1945 927 96 67 1774 197 169 145 110 831 98 74 48 571 399 114 842 742 100 51 733 424 380 339 55 44 54 1630 49 284 75 51 309 3874 1142 5375 239 4756 166 94 94 1483 171 2732 82 795 114 215
internal_count=32098 29073 3025 11989 1665 1360 1026 2740 978 1121 9249 639 1039 68 1945 927 96 67 1774 197 169 145 110 831 98 74 48 571 399 114 842 742 100 51 733 424 380 339 55 44 54 1630 49 284 75 51 309 3874 1142 5375 239 4756 166 94 94 1483 171 2732 82 795 114 215
is_linear=0
shrinkage=0.05


Tree=38
num_leaves=63
num_cat=0
split_feature=9 39 36 25 36 21 31 31 25 36 13 31 36 36 32 31 31 33 32 4 24 34 32 31 31 34 33 38 13 31 31 34 33 31 31 34 31 36 36 31 33 32 36 36 18 33 36 31 31 36 36 32 34 40 32 32 32 32 33 33 36 33
split_gain=2.30061e+08 1.97992e+07 1.59326e+07 7.10522e+06 3.95795e+06 3.9115e+06 3.59459e+06 2.3581e+06 2.22097e+06 2.10334e+06 2.05911e+06 2.02601e+06 2.05586e+06 2.24672e+06 2.00641e+06 2.01568e+06 1.81209e+06 1.78841e+06 1.77635e+06 1.54465e+06 2.08172e+06 2.61511e+06 1.96316e+06 1.53597e+06 1.54764e+06 1.47027e+06 1.46533e+06 1.4634e+06 1.93216e+06 1.44862e+06 1.85481e+06 1.42706e+06 1.35207e+06 1.34592e+06 1.31126e+06 1.29875e+06 1.22361e+06 1.44674e+06 1.17827e+06 1.17609e+06 1.17581e+06 1.12634e+06 1.65135e+06 2.09896e+06 1.21235e+06 1.0845e+06 1.04407e+06 1.03309e+06 1.01077e+06 1.3127e+06 1.97395e+06 933831 1.59315e+06 1.24073e+06 1.34503e+06 1.73216e+06 1.07072e+06 1.1815e+06 882579 2.69332e+06 800390 796282
threshold=1.0000000180025095e-35 1.0000000180025095e-35 228.87083333333337 1.0000000180025095e-35 300.81666666666672 1.0000000180025095e-35 54.150000000000013 286.15000000000003 1.0000000180025095e-35 213.91250000000005 1.0000000180025095e-35 470.95000000000005 331.81666666666672 376.6375000000001 117.35000000000001 106.65000000000002 345.95000000000005 419.15000000000003 310.15000000000003 1.0000000180025095e-35 1.0000000180025095e-35 305.15000000000003 360.45000000000005 452.25000000000006 434.55000000000007 209.85000000000005 401.35000000000008 1.0000000180025095e-35 1.0000000180025095e-35 60.550000000000004 332.05000000000007 1.0000000180025095e-35 305.35000000000008 244.95000000000002 29.050000000000004 144.25000000000003 294.25000000000006 157.21000000000004 185.05833333333337 123.85000000000001 305.35000000000008 259.05000000000007 245.81250000000003 279.41250000000008 1.0000000180025095e-35 125.55000000000001 185.05833333333337 40.000000000000007 347.85000000000008 252.83333333333337 266.78333333333336 139.85000000000005 213.65000000000001 5.5000000000000009 418.85000000000008 348.35000000000008 29.850000000000005 79.250000000000014 361.75000000000006 203.35000000000005 436.42500000000001 29.750000000000004
decision_type=2 2 2 2 2 2 2 2 2 2 2 2 2 2 2 2 2 2 2 2 2 2 2 2 2 2 2 2 2 2 2 2 2 2 2 2 2 2 2 2 2 2 2 2 2 2 2 2 2 2 2 2 2 2 2 2 2 2 2 2 2 2
left_child=1 -1 5 16 6 14 -4 34 9 17 19 18 -13 -14 15 -2 47 36 23 20 21 25 40 24 -6 35 -9 28 -17 61 39 -11 45 -23 -5 41 51 -38 -36 46 -22 44 -43 48 58 -21 -31 -3 49 -44 -51 52 56 54 55 -53 -7 -58 59 -8 -26 -16
right_child=2 3 4 7 11 8 10 26 -10 31 -12 12 13 -15 29 27 -18 -19 -20 32 22 33 -24 -25 60 -27 -28 -29 -30 30 -32 -33 -34 -35 38 -37 37 -39 -40 -41 -42 42 43 -45 -46 -47 -48 -49 -50 50 -52 53 -54 -55 -56 -57 57 -59 -60 -61 -62 -63
leaf_value=-2.4296860718330771 -0.72868259054982776 0.89244189272221086 28.242272990090505 4.9459619969204827 15.232791328774463 8.9002275812214826 10.979009969892175 3.5680958224601698 28.709398687453497 28.93279769502837 26.07836941401164 39.446426069168822 7.3627419114112858 26.754480395781794 19.415282903933061 6.5954175298363467 0.58752361528560404 24.728216364166954 20.368450901342587 2.9223947048187258 4.7098259636334019 14.586024166987494 -7.8037715244293215 6.2105986022949224 32.410359646025164 3.3218497930254252 9.7483033734276177 -4.147672544206892 20.323366267340525 7.1463895235742845 20.660921478271487 11.818185588859377 -5.0387519109816781 28.996690637011859 -1.154801546929245 26.091040761130202 25.527320106824241 11.423166862487793 1.8588247282073542 9.4575704532861717 19.461158442768184 7.4684451466021331 30.177266650256655 10.659233096289256 -0.091472395983609289 18.291403318535199 -2.6418806036313374 -1.1431591837990607 29.700027539653163 7.5649155208042691 24.480590719335222 11.907102367372225 15.917345748345056 4.9022559804301116 2.2615885235014419 26.940308620311598 -12.228672102519445 3.2346137650807698 4.5875376874750309 26.975910790504948 18.763461303710937 10.177920984667402
leaf_weight=17084 117 701 42 198 277 29 174 1108 21 29 30 21 20 59 51 303 2925 22 374 24 35 26 20 40 21 35 105 28 28 63 27 21 21 43 562 21 24 75 767 180 22 46 21 63 22 22 48 5623 31 35 34 66 24 62 21 27 21 30 33 31 22 43
leaf_count=17084 117 701 42 198 277 29 174 1108 21 29 30 21 20 59 51 303 2925 22 374 24 35 26 20 40 21 35 105 28 28 63 27 21 21 43 562 21 24 75 767 180 22 46 21 63 22 22 48 5623 31 35 34 66 24 62 21 27 21 30 33 31 22 43
internal_value=0.0288128 -1.33662 13.1519 0.220966 16.4314 9.13685 13.9892 2.45731 12.8148 12.0747 13.2305 18.8648 25.5414 21.8452 7.1819 4.97075 -0.441548 10.869 17.9552 12.7227 13.4245 14.3949 5.67421 15.4481 16.6028 13.2358 4.10307 6.82822 7.75669 9.73653 8.12459 21.7447 5.47365 23.5666 1.14998 13.9149 10.0645 14.8424 0.58444 6.96143 10.4033 13.393 15.9418 18.0601 11.1384 10.2728 2.91362 -0.917518 21.9135 19.2315 15.9002 8.37518 4.61884 10.5948 13.6908 16.2716 1.22929 -3.13262 12.1764 13.3981 25.4282 15.1897
internal_weight=32098 29073 3025 11989 1665 1360 831 2740 472 451 789 834 100 79 888 476 9249 401 734 759 692 615 77 360 320 546 1213 359 331 412 318 50 67 69 1527 511 379 99 1329 291 57 490 230 184 260 46 111 6324 121 90 69 280 104 176 114 93 80 51 238 205 43 94
internal_count=32098 29073 3025 11989 1665 1360 831 2740 472 451 789 834 100 79 888 476 9249 401 734 759 692 615 77 360 320 546 1213 359 331 412 318 50 67 69 1527 511 379 99 1329 291 57 490 230 184 260 46 111 6324 121 90 69 280 104 176 114 93 80 51 238 205 43 94
is_linear=0
shrinkage=0.05


Tree=39
num_leaves=63
num_cat=0
split_feature=25 35 35 35 23 7 7 2 2 7 23 2 11 7 7 31 6 32 32 31 11 33 38 18 8 24 21 4 31 31 11 35 23 32 31 31 31 33 33 33 32 4 38 31 31 11 31 33 37 32 35 31 40 35 32 35 35 32 18 35 6 24
split_gain=1.59654e+07 1.03571e+07 3.53622e+06 3.40622e+06 2.94284e+06 2.14066e+06 2.13786e+06 1.9229e+06 1.8437e+06 1.58368e+06 1.38379e+06 1.34627e+06 1.18917e+06 1.32388e+06 1.11637e+06 1.09835e+06 1.0898e+06 1.03945e+06 1.25056e+06 1.60333e+06 987472 963357 914187 957827 962529 1.09473e+06 1.14204e+06 1.1939e+06 855628 848719 866642 788375 787583 786483 978260 729109 677648 677454 672443 644999 637095 633234 780267 613697 586320 582624 577944 836018 575684 570585 562067 552333 543947 639274 532971 1.04395e+06 643612 925804 629057 555039 643459 786586
threshold=1.0000000180025095e-35 818.95000000000016 442.35000000000008 275.10000000000008 1.0000000180025095e-35 1.0000000180025095e-35 1.0000000180025095e-35 1.0000000180025095e-35 1.0000000180025095e-35 1.0000000180025095e-35 1.0000000180025095e-35 1.0000000180025095e-35 1.0000000180025095e-35 1.0000000180025095e-35 1.0000000180025095e-35 495.85000000000008 1.0000000180025095e-35 51.750000000000007 236.15000000000001 468.85000000000008 1.0000000180025095e-35 399.55000000000007 1.0000000180025095e-35 1.0000000180025095e-35 1.0000000180025095e-35 1.0000000180025095e-35 1.0000000180025095e-35 1.0000000180025095e-35 282.05000000000007 347.85000000000008 1.0000000180025095e-35 696.75000000000011 1.0000000180025095e-35 312.15000000000003 56.250000000000007 29.050000000000004 209.75000000000003 379.65000000000003 436.05000000000007 104.05000000000001 1.0000000180025095e-35 1.0000000180025095e-35 1.0000000180025095e-35 56.250000000000007 20.150000000000002 1.0000000180025095e-35 133.85000000000005 217.75000000000003 2.5000000000000004 444.35000000000008 1170.4500000000003 115.25000000000001 5.5000000000000009 1140.1000000000001 354.35000000000008 825.05000000000007 1140.1000000000001 177.55000000000004 1.0000000180025095e-35 1279.4000000000003 1.0000000180025095e-35 1.0000000180025095e-35
decision_type=2 2 2 2 2 2 2 2 2 2 2 2 2 2 2 2 2 2 2 2 2 2 2 2 2 2 2 2 2 2 2 2 2 2 2 2 2 2 2 2 2 2 2 2 2 2 2 2 2 2 2 2 2 2 2 2 2 2 2 2 2 2
left_child=1 3 28 -1 8 11 7 44 14 10 17 16 13 -10 15 41 22 21 -19 20 43 39 23 24 25 26 27 31 35 -16 49 37 38 -7 -35 -2 -36 45 -13 -4 -28 42 54 -20 -6 -5 -12 -48 -42 -31 -9 -11 53 -53 55 -3 -57 -58 59 60 61 -56
right_child=2 4 9 5 6 33 -8 50 12 51 46 32 -14 -15 29 -17 -18 18 19 -21 -22 -23 -24 -25 -26 -27 40 -29 -30 30 -32 -33 -34 34 36 -37 -38 -39 -40 -41 48 -43 -44 -45 -46 -47 47 -49 -50 -51 -52 52 -54 -55 58 56 57 -59 -60 -61 -62 -63
leaf_value=-1.5398955594564137 4.6055053990138211 13.702353918552399 8.0169532553507743 1.4274511176729634 10.850975518469655 0.78485065706883139 11.659559892326273 8.1030307014457517 1.7002361121241585 3.2492698926478627 3.2957431598651143 0.47526556234191147 8.5607556046861593 7.8010061875548011 0.79664218911272011 8.9708551830715617 -1.9917470182873154 1.3060717274675628 7.3394665873327929 12.167347894176361 9.1947301317242118 14.848669479875003 -1.5165267981029249 -1.6219966823631395 -1.5275748383282692 -1.4708754929660743 -2.0371249153660136 -1.0915860388293324 3.2985322049685886 2.1999746823376043 11.304487390052982 4.3664190930664226 5.1375676408410076 8.6220181557867264 -0.10066348899361546 -0.60125828173720819 4.4447467445424111 -8.1313572311401376 9.494408761887323 1.5739111231219385 2.8632073942103133 -1.4027884066221077 -0.52391132776558591 2.8760860722350259 2.3523410083195624 -0.32251898799951262 6.0152251496911049 13.60858625589985 -0.40563641013361001 7.7593529111146928 17.135425620277726 6.0703839269844266 14.796437698967603 15.614144441355831 3.2867696974397633 1.3386124193668367 -3.2398750850132538 8.7500534334044531 -2.396090283448046 6.9813786072990842 -2.3705691160695737 -2.0350334067093701
leaf_weight=8781 76 20 104 2544 21 1202 93 61 552 32 44 1301 99 106 302 36 1393 499 86 62 79 34 1864 1194 1032 946 569 664 280 200 41 189 104 72 163 583 165 20 21 62 151 513 961 737 604 585 72 73 1247 60 24 74 49 23 258 472 21 69 154 39 121 95
leaf_count=8781 76 20 104 2544 21 1202 93 61 552 32 44 1301 99 106 302 36 1393 499 86 62 79 34 1864 1194 1032 946 569 664 280 200 41 189 104 72 163 583 165 20 21 62 151 513 961 737 604 585 72 73 1247 60 24 74 49 23 258 472 21 69 154 39 121 95
internal_value=0.0273722 -0.328639 3.52021 -0.753773 1.76222 -0.306285 4.53121 3.59749 1.22241 4.69381 4.26085 -0.506793 3.45172 2.68303 0.72045 0.2945 -0.674134 3.8001 3.33791 4.38966 3.85505 7.181 -0.507352 -0.301565 -0.103176 0.109403 0.359854 0.844721 0.983039 2.66936 4.54831 1.22989 0.948114 1.42394 3.3444 -0.000781742 2.1859 1.04164 0.618535 5.61052 -0.626644 0.179792 0.547152 3.34249 2.6379 1.10028 8.315 9.83809 -0.0525639 3.48291 10.6534 9.19852 10.5025 8.33334 1.37124 2.47696 2.07748 5.9524 0.40644 1.24775 0.775991 1.85456
internal_weight=32098 29129 2969 24207 4922 15426 803 710 4119 2030 1852 13824 757 658 3362 2759 12398 1663 1463 964 902 200 11005 9141 7947 6915 5969 4002 939 603 301 3338 1426 1602 400 659 328 3149 1322 166 1967 2723 2210 823 625 3129 189 145 1398 260 85 178 146 97 1249 582 562 90 667 513 474 353
internal_count=32098 29129 2969 24207 4922 15426 803 710 4119 2030 1852 13824 757 658 3362 2759 12398 1663 1463 964 902 200 11005 9141 7947 6915 5969 4002 939 603 301 3338 1426 1602 400 659 328 3149 1322 166 1967 2723 2210 823 625 3129 189 145 1398 260 85 178 146 97 1249 582 562 90 667 513 474 353
is_linear=0
shrinkage=0.05


Tree=40
num_leaves=63
num_cat=0
split_feature=9 39 36 25 33 36 25 36 12 23 32 36 7 31 31 33 7 2 11 31 13 12 31 31 32 34 34 33 33 31 36 25 23 2 11 2 11 36 36 32 18 31 36 36 32 13 33 37 2 32 32 36 36 33 33 23 36 36 31 2 32 32
split_gain=2.04529e+08 1.60521e+07 1.31949e+07 5.85758e+06 3.48312e+06 3.45784e+06 3.12713e+06 3.11075e+06 3.02282e+06 2.24927e+06 2.21143e+06 2.08875e+06 2.06723e+06 1.82302e+06 1.92949e+06 1.74075e+06 1.70069e+06 1.68676e+06 1.67276e+06 1.65534e+06 1.52626e+06 1.57822e+06 1.86076e+06 1.69381e+06 2.24762e+06 1.40897e+06 1.35226e+06 1.34226e+06 1.26953e+06 1.2632e+06 1.26052e+06 1.1737e+06 1.1317e+06 2.79493e+06 1.63987e+06 1.24463e+06 1.2574e+06 1.08135e+06 1.12102e+06 1.33732e+06 1.07181e+06 3.33204e+06 1.17222e+06 1.51917e+06 1.92006e+06 1.05547e+06 1.42122e+06 1.3732e+06 1.14767e+06 1.0263e+06 3.00301e+06 960660 949700 927440 905381 894352 889186 781028 753184 748212 738358 1.3417e+06
threshold=1.0000000180025095e-35 1.0000000180025095e-35 227.72500000000002 1.0000000180025095e-35 459.35000000000008 123.86250000000003 1.0000000180025095e-35 373.58333333333343 1.0000000180025095e-35 1.0000000180025095e-35 248.95000000000002 189.8416666666667 1.0000000180025095e-35 302.05000000000007 4.9500000000000011 11.65 1.0000000180025095e-35 1.0000000180025095e-35 1.0000000180025095e-35 318.15000000000003 1.0000000180025095e-35 1.0000000180025095e-35 179.65000000000001 100.45000000000002 436.65000000000003 314.60000000000008 208.25000000000003 402.75000000000006 224.15000000000001 29.050000000000004 161.38750000000002 1.0000000180025095e-35 1.0000000180025095e-35 1.0000000180025095e-35 1.0000000180025095e-35 1.0000000180025095e-35 1.0000000180025095e-35 212.78750000000005 199.14166666666668 85.750000000000014 1.0000000180025095e-35 414.45000000000005 250.51000000000002 237.71000000000006 85.750000000000014 1.0000000180025095e-35 55.850000000000001 4.5000000000000009 1.0000000180025095e-35 294.25000000000006 203.00000000000003 189.8416666666667 362.04166666666669 365.95000000000005 345.40000000000003 1.0000000180025095e-35 300.81666666666672 444.47500000000008 372.45000000000005 1.0000000180025095e-35 468.75000000000006 283.95000000000005
decision_type=2 2 2 2 2 2 2 2 2 2 2 2 2 2 2 2 2 2 2 2 2 2 2 2 2 2 2 2 2 2 2 2 2 2 2 2 2 2 2 2 2 2 2 2 2 2 2 2 2 2 2 2 2 2 2 2 2 2 2 2 2 2
left_child=1 -1 5 16 6 -2 7 20 13 12 -8 30 19 14 -7 51 32 18 55 29 21 22 23 -4 -25 26 40 31 -12 -5 -10 45 35 34 -34 -3 -37 38 39 -17 42 -42 43 -24 -45 47 -47 48 -16 50 -6 -15 -51 57 -27 -18 -11 -9 -53 -31 61 -44
right_child=2 3 4 9 49 8 10 53 11 56 28 -13 -14 15 27 37 17 -19 -20 -21 -22 -23 25 24 -26 54 -28 -29 -30 59 -32 -33 33 -35 -36 36 -38 -39 -40 -41 41 -43 60 44 -46 46 -48 -49 -50 52 -52 58 -54 -55 -56 -57 -58 -59 -60 -61 -62 -63
leaf_value=-2.2554654280913478 3.906793584058442 -2.2816623858154785 14.713206546711474 4.3710356327839675 29.937552714347841 19.270379148947228 12.914192382300772 16.078961848826022 19.417385530471805 5.3655458897744355 33.526483869552614 27.619893982535917 6.9258944153785711 29.480568847656254 6.5677653219762862 1.2926343944764906 -0.39856169340098557 5.1639373513125868 4.9199537623464398 3.0891296441566127 23.287057789393835 21.648124924111876 16.181071818152141 8.3095509446874445 -7.5771542149205366 16.256932899687026 4.362088695665201 -2.2875429962620593 21.218833779204978 -0.50480450446652003 4.8906799657004223 15.412265028715135 -0.92285240891954112 5.9524447091705897 4.2090462374263966 -0.90274432684072525 3.6493409600199729 0.91125422859191907 20.043307795669094 15.979232415845317 13.952046887664233 -10.127827987670898 13.002133192272362 16.164114241166548 -1.9268385106867012 21.011827252432706 6.7103003263473511 15.020298294399096 -3.8390536887305124 36.547749298095702 6.5404477755228685 10.045783955117932 21.929868869781497 27.783594454251801 27.846629819003017 3.4940302605195992 13.110958253120891 21.892678051903136 23.312877788543702 4.101495948912282 7.8798055343138875 18.123691375071097
leaf_weight=17045 289 2025 53 173 32 37 41 185 32 152 40 38 180 20 492 31 2051 189 178 879 35 47 43 79 31 72 48 33 44 1224 28 50 1973 181 169 2023 164 25 33 31 51 20 327 22 44 32 38 46 28 25 24 23 20 26 22 159 49 84 20 95 39 210
leaf_count=17045 289 2025 53 173 32 37 41 185 32 152 40 38 180 20 492 31 2051 189 178 879 35 47 43 79 31 72 48 33 44 1224 28 50 1973 181 169 2023 164 25 33 31 51 20 327 22 44 32 38 46 28 25 24 23 20 26 22 159 49 84 20 95 39 210
internal_value=0.0150889 -1.2725 12.4643 0.139717 15.4293 8.7434 14.8478 14.1884 10.0913 2.16132 22.4334 18.4475 1.76008 9.21921 8.13529 13.6971 -0.470847 0.616933 0.257057 1.3679 13.007 12.6822 12.2851 7.37032 3.83239 13.1772 12.5 7.56227 27.0796 0.353854 12.6383 8.0361 -0.8998 -0.0138039 -0.517955 -1.38844 -0.56139 10.1637 12.5985 8.63593 13.0167 7.16898 13.6228 8.86803 4.10348 7.45621 13.2481 6.7399 6.0074 24.4284 19.9102 20.4273 30.0509 18.766 18.9694 -0.118506 7.25373 17.8944 16.2165 -0.173039 14.5225 15.005
internal_weight=31899 28909 2990 11864 1664 1326 1563 1438 1037 2752 125 98 2551 939 756 183 9112 2577 2388 2371 1143 1108 1061 163 110 898 804 719 84 1492 60 686 6535 2323 2142 4212 2187 120 95 62 756 71 685 109 66 636 70 566 520 101 56 63 45 295 94 2210 201 269 43 1319 576 537
internal_count=31899 28909 2990 11864 1664 1326 1563 1438 1037 2752 125 98 2551 939 756 183 9112 2577 2388 2371 1143 1108 1061 163 110 898 804 719 84 1492 60 686 6535 2323 2142 4212 2187 120 95 62 756 71 685 109 66 636 70 566 520 101 56 63 45 295 94 2210 201 269 43 1319 576 537
is_linear=0
shrinkage=0.05


Tree=41
num_leaves=63
num_cat=0
split_feature=25 36 7 36 2 23 7 6 23 23 2 23 34 13 36 33 37 34 33 12 36 36 38 34 10 5 8 29 31 36 24 39 33 31 31 33 36 33 36 36 10 36 13 31 31 36 36 31 36 31 36 36 34 31 31 33 12 31 37 36 31 31
split_gain=1.43298e+07 5.22302e+06 4.29844e+06 3.06255e+06 2.62196e+06 2.50585e+06 2.37509e+06 1.76611e+06 1.57613e+06 1.46969e+06 1.40519e+06 1.3886e+06 1.21231e+06 1.10759e+06 1.19385e+06 1.02585e+06 884109 933814 2.09689e+06 826192 780678 781636 756114 1.24205e+06 967978 1.07494e+06 1.19177e+06 1.24486e+06 1.08045e+06 1.31629e+06 972191 1.14694e+06 941744 871201 843169 833079 829631 756898 741216 686718 670369 650836 628052 663406 663041 626343 606318 580390 572089 569578 565631 555051 546396 539806 529875 524236 576525 567411 509751 492044 481678 471491
threshold=1.0000000180025095e-35 170.31000000000003 1.0000000180025095e-35 151.95833333333337 1.0000000180025095e-35 1.0000000180025095e-35 1.0000000180025095e-35 1.0000000180025095e-35 1.0000000180025095e-35 1.0000000180025095e-35 1.0000000180025095e-35 1.0000000180025095e-35 254.60000000000002 1.0000000180025095e-35 235.65833333333336 357.45000000000005 3.5000000000000004 285.75000000000006 257.05000000000007 1.0000000180025095e-35 174.31250000000006 251.61250000000004 1.0000000180025095e-35 195.35000000000005 1.0000000180025095e-35 1.0000000180025095e-35 1.0000000180025095e-35 1.0000000180025095e-35 83.65000000000002 288.61000000000007 1.0000000180025095e-35 1.0000000180025095e-35 379.65000000000003 117.45000000000002 148.65000000000001 253.25000000000003 223.16250000000005 474.55000000000007 285.45833333333337 300.81666666666672 1.0000000180025095e-35 338.42000000000002 1.0000000180025095e-35 226.05000000000004 58.45000000000001 255.47083333333339 284.0125000000001 316.35000000000008 100.47500000000001 125.85000000000001 299.32916666666671 92.112500000000011 4.6500000000000012 396.85000000000008 493.85000000000008 330.95000000000005 1.0000000180025095e-35 444.75000000000006 1.5000000000000002 345.05000000000013 495.85000000000008 366.05000000000007
decision_type=2 2 2 2 2 2 2 2 2 2 2 2 2 2 2 2 2 2 2 2 2 2 2 2 2 2 2 2 2 2 2 2 2 2 2 2 2 2 2 2 2 2 2 2 2 2 2 2 2 2 2 2 2 2 2 2 2 2 2 2 2 2
left_child=1 48 4 51 7 15 8 9 13 22 11 42 -11 14 19 47 40 18 -18 -5 -15 52 23 24 25 26 27 28 32 33 31 -31 -3 -30 -35 -29 -37 -25 -19 -10 54 -7 43 44 -4 -38 -8 -6 -1 -14 -13 -2 -22 -40 59 56 -36 -58 -32 -16 -24 -12
right_child=3 2 10 6 5 41 46 -9 39 12 61 50 49 20 16 -17 17 38 -20 -21 21 -23 60 37 -26 -27 -28 35 29 30 58 -33 -34 34 55 36 45 -39 53 -41 -42 -43 -44 -45 -46 -47 -48 -49 -50 -51 -52 -53 -54 -55 -56 -57 57 -59 -60 -61 -62 -63
leaf_value=-1.6424450991915238 -2.9834349839907626 2.9741421161488417 4.4110409145908696 0.75930298483989977 -0.39657021642835771 6.2319778477273342 7.5125361067617042 -1.8113576492146244 6.1970519003841815 0.8264631152837888 4.7510515934973956 4.4532011280976125 10.752468211399883 16.538355540145528 2.4374155053225799 3.7810395166277888 22.226814555204832 0.2740201129725105 6.254456874682587 6.0531047540256786 9.1484663391113283 14.397594533647812 -1.1812845679789139 2.1319219341908382 -1.5733601138792643 -1.4927217922632152 -1.3929608751427045 -1.8373832747928671 -6.6827497043609627 2.8475502815873308 -1.8102401439960187 -0.38705333726054858 12.517140177488328 7.6904996735709048 -0.14273654401007993 -3.3996347904205324 12.135030746459961 11.497230069533639 11.454923572979476 13.100681720461166 -1.5667078294615815 14.678203569139754 5.2575025808463982 1.8439544340524057 -1.1011163171206853 2.5901633134755224 13.694669628143311 1.5609389017788 -0.88832164204883424 3.7489654769257807 10.932146772808499 0.75638178819341972 -0.2300385347226771 2.8484648118700302 11.591015062332154 -4.6266869145253349 1.3287629031553501 11.435551457178025 2.2891467992074435 4.8115703125905727 6.6105101966857918 10.273929910074202
leaf_weight=4756 138 187 63 658 769 123 117 1782 136 1436 120 134 38 22 559 297 26 76 98 83 25 21 2397 348 1178 1072 968 747 50 1263 273 350 30 35 2025 38 25 23 38 49 69 28 103 1239 407 55 60 746 5337 123 45 353 41 35 20 63 41 21 105 358 20 57
leaf_count=4756 138 187 63 658 769 123 117 1782 136 1436 120 134 38 22 559 297 26 76 98 83 25 21 2397 348 1178 1072 968 747 50 1263 273 350 30 35 2025 38 25 23 38 49 69 28 103 1239 407 55 60 746 5337 123 45 353 41 35 20 63 41 21 105 358 20 57
internal_value=0.0143345 -0.325979 0.16607 3.31442 -0.106522 1.60978 4.02581 -0.335821 3.59881 -0.132165 2.2603 1.88076 1.28774 3.21415 2.94923 1.09408 3.87445 6.39796 9.6035 1.35227 8.12361 5.99574 -0.332588 -0.119542 -0.242777 -0.0294633 0.220475 0.514711 0.852569 0.675884 1.61082 2.14568 4.29345 -0.156987 -0.00765649 -1.22067 2.68346 2.71252 3.73026 8.02558 3.18964 7.79817 1.46574 1.23722 -0.362253 5.57293 9.60817 0.567325 -1.24368 5.40197 6.08199 -0.294728 3.32243 7.32854 3.53989 -0.132975 0.00267578 4.75203 -0.671522 3.36429 -1.11681 6.52961
internal_weight=31899 28917 18824 2982 16656 1963 2491 14693 2314 12911 2168 1991 1597 2129 2020 1812 1279 273 124 741 109 87 11314 8897 8526 7348 6276 5308 4443 4226 1991 1613 217 2235 2185 865 118 371 149 185 1006 151 1812 1709 470 80 177 1515 10093 161 179 491 66 73 937 2150 2087 62 378 917 2417 177
internal_count=31899 28917 18824 2982 16656 1963 2491 14693 2314 12911 2168 1991 1597 2129 2020 1812 1279 273 124 741 109 87 11314 8897 8526 7348 6276 5308 4443 4226 1991 1613 217 2235 2185 865 118 371 149 185 1006 151 1812 1709 470 80 177 1515 10093 161 179 491 66 73 937 2150 2087 62 378 917 2417 177
is_linear=0
shrinkage=0.05


Tree=42
num_leaves=63
num_cat=0
split_feature=9 39 31 33 32 31 27 32 33 31 32 31 31 32 31 32 32 32 31 31 32 33 31 34 35 32 23 34 35 35 35 31 33 12 35 35 10 33 32 35 34 35 31 34 31 35 40 40 40 32 5 31 39 31 37 33 31 31 35 33 31 18
split_gain=1.83344e+08 1.31373e+07 1.08562e+07 4.69214e+06 4.76401e+06 3.34768e+06 2.94893e+06 4.12515e+06 3.49566e+06 2.55521e+06 2.55205e+06 1.8655e+06 1.7876e+06 1.6852e+06 1.48266e+06 1.34533e+06 1.96999e+06 5.48931e+06 3.43884e+06 2.44482e+06 1.94409e+06 1.69724e+06 1.5511e+06 1.49247e+06 3.38748e+06 1.33428e+06 1.32427e+06 1.2693e+06 1.85015e+06 1.24611e+06 1.24198e+06 1.20574e+06 1.81995e+06 1.52595e+06 1.13655e+06 1.10961e+06 1.0477e+06 1.00393e+06 995941 982872 956517 1.56476e+06 919166 818780 1.33113e+06 1.8505e+06 1.80733e+06 1.41183e+06 953370 808915 747165 939092 1.06852e+06 741306 794805 766785 846347 697357 836857 1.30789e+06 994422 696304
threshold=1.0000000180025095e-35 1.0000000180025095e-35 230.15000000000001 485.45000000000005 171.95000000000002 54.150000000000013 1.0000000180025095e-35 482.05000000000007 437.75000000000006 332.05000000000007 468.75000000000006 328.15000000000003 179.65000000000001 195.95000000000002 40.000000000000007 319.65000000000003 63.150000000000013 83.450000000000017 410.45000000000005 446.65000000000003 94.050000000000011 373.85000000000008 251.25000000000003 375.45000000000005 1170.4500000000003 4.1500000000000012 1.0000000180025095e-35 180.75000000000003 527.55000000000007 1032.6500000000003 685.05000000000007 121.75000000000001 365.95000000000005 1.0000000180025095e-35 1279.4000000000003 527.55000000000007 1.0000000180025095e-35 341.05000000000007 14.15 623.6500000000002 20.850000000000005 924.45000000000016 113.05000000000001 87.350000000000009 115.25000000000001 685.05000000000007 3.5000000000000004 4.5000000000000009 5.5000000000000009 412.85000000000008 1.0000000180025095e-35 123.85000000000001 1.0000000180025095e-35 110.95000000000002 2.5000000000000004 201.35000000000005 79.350000000000009 316.35000000000008 978.05000000000007 59.95000000000001 370.15000000000003 1.0000000180025095e-35
decision_type=2 2 2 2 2 2 2 2 2 2 2 2 2 2 2 2 2 2 2 2 2 2 2 2 2 2 2 2 2 2 2 2 2 2 2 2 2 2 2 2 2 2 2 2 2 2 2 2 2 2 2 2 2 2 2 2 2 2 2 2 2 2
left_child=1 39 3 4 31 40 7 8 10 14 15 -10 43 -13 -3 16 19 18 -18 27 -19 26 -17 24 57 -21 36 28 38 -9 -28 33 -33 37 -26 42 -22 -2 -4 -1 49 -42 -16 44 53 46 -46 -47 -48 -6 51 52 -45 54 -7 -56 -57 -24 59 -59 -60 -11
right_child=2 9 6 -5 5 12 -8 29 11 61 -12 13 -14 -15 35 22 17 20 -20 25 21 -23 23 -25 34 -27 30 -29 -30 -31 -32 32 -34 -35 -36 -37 -38 -39 -40 -41 41 -43 -44 50 45 47 48 -49 -50 -51 -52 -53 -54 -55 55 56 -58 58 60 -61 -62 -63
leaf_value=-1.9041077866294374 1.8506045551527117 1.4569864638391694 13.396508598938969 32.44069431304932 17.626903740016896 8.9547844244509331 -1.9148933268462618 21.964206642150881 14.958938528362076 1.2745432569202553 -0.240186282992363 39.003592529296874 13.584638576074079 21.793500923387935 -2.6021837270621102 28.918948666254682 6.0955312960075609 26.963077346138334 -19.786969403993517 19.059398599573083 11.283326148491327 22.442607642508843 13.393882046805487 27.07220209017396 -4.1469083220870413 32.226500738584079 10.415129640102387 25.114054070089175 1.7113868222092137 38.485632651192802 27.285838321844739 5.5292442490753615 18.428345497449239 11.792218171528408 11.162904266877609 -0.025970721982198988 2.804801788330078 -8.2941745213099889 24.403571458296344 -2.8510289897935381 0.83966096878051766 20.163424166766081 -0.82120374098938387 10.580316991806031 3.6640727599461878 9.1560241326041858 24.773737052391315 -9.0081813430786131 12.514659704480854 28.170634493620497 3.6304396452727143 8.2231380436155543 26.924457263946536 -6.4055157756805414 -4.9734553342515779 -2.1822391510009767 11.264343627929689 18.474366766462722 21.73816668701172 31.116310295691861 8.8295279034086178 -1.1548567026201635
leaf_weight=13614 189 893 312 20 87 49 27 25 38 3767 32 25 154 33 990 24 33 23 21 74 409 37 90 27 27 26 20 23 33 21 24 309 30 35 22 3193 40 28 22 3431 20 22 2701 20 33 23 29 20 35 23 27 45 20 20 33 22 25 96 25 26 37 320
leaf_count=13614 189 893 312 20 87 49 27 25 38 3767 32 25 154 33 990 24 33 23 21 74 409 37 90 27 27 26 20 23 33 21 24 309 30 35 22 3193 40 28 22 3431 20 22 2701 20 33 23 29 20 35 23 27 45 20 20 33 22 25 96 25 26 37 320
internal_value=0.0136178 -1.20547 11.8004 8.40701 8.03669 10.8062 14.4753 14.7444 14.3197 0.0721158 13.7288 23.5699 9.00565 29.2116 -0.459826 14.0327 13.1498 11.2461 -3.96989 15.5081 12.7319 12.1144 16.6224 15.7792 14.8352 22.4828 11.3392 13.7197 13.0056 29.5066 19.6173 4.72359 6.67076 2.10419 2.72689 -0.708477 10.528 0.541601 14.1215 -2.09471 17.3806 10.9616 -1.2989 7.24713 5.84062 9.34136 13.1687 0.707556 18.0696 19.8315 10.8764 13.1781 18.7524 2.55134 3.94 0.868441 4.9702 17.0006 18.7647 21.1686 14.0346 1.08433
internal_weight=31899 28909 2990 1318 1298 707 1672 1645 1599 11864 1503 96 555 58 7777 1471 1097 607 54 490 553 530 374 350 323 100 493 390 367 46 44 591 339 252 49 6884 449 217 334 17045 152 42 3691 401 289 140 97 43 64 110 112 85 40 149 129 80 47 274 184 122 62 4087
internal_count=31899 28909 2990 1318 1298 707 1672 1645 1599 11864 1503 96 555 58 7777 1471 1097 607 54 490 553 530 374 350 323 100 493 390 367 46 44 591 339 252 49 6884 449 217 334 17045 152 42 3691 401 289 140 97 43 64 110 112 85 40 149 129 80 47 274 184 122 62 4087
is_linear=0
shrinkage=0.05


Tree=43
num_leaves=63
num_cat=0
split_feature=25 35 35 35 38 4 7 6 24 5 29 18 35 21 7 2 32 23 32 32 32 35 34 5 34 35 10 38 18 6 29 4 21 24 39 32 32 33 10 34 35 34 10 35 2 18 32 32 21 10 23 35 32 34 11 34 35 10 32 33 33 35
split_gain=1.25498e+07 6.0723e+06 3.02247e+06 2.23675e+06 2.12276e+06 1.78101e+06 1.77204e+06 1.65068e+06 1.46126e+06 1.72961e+06 1.38648e+06 1.47239e+06 1.34734e+06 1.35259e+06 1.27817e+06 1.14576e+06 1.00674e+06 992510 1.07592e+06 1.30236e+06 946547 845060 817934 717539 695548 683534 676593 714630 869176 922480 1.13538e+06 979333 1.04211e+06 967656 841406 994604 820466 666586 652648 812355 644424 612833 1.21876e+06 597672 585840 577859 748172 732384 605465 573555 571768 559852 1.03904e+06 557926 682010 1.14591e+06 715074 551964 550911 678093 566859 542234
threshold=1.0000000180025095e-35 818.95000000000016 417.55000000000013 428.85000000000008 1.0000000180025095e-35 1.0000000180025095e-35 1.0000000180025095e-35 1.0000000180025095e-35 1.0000000180025095e-35 1.0000000180025095e-35 1.0000000180025095e-35 1.0000000180025095e-35 1069.4000000000003 1.0000000180025095e-35 1.0000000180025095e-35 1.0000000180025095e-35 456.35000000000008 1.0000000180025095e-35 51.750000000000007 420.85000000000008 304.35000000000008 838.80000000000018 290.2000000000001 1.0000000180025095e-35 403.55000000000007 112.95000000000002 1.0000000180025095e-35 1.0000000180025095e-35 1.0000000180025095e-35 1.0000000180025095e-35 1.0000000180025095e-35 1.0000000180025095e-35 1.0000000180025095e-35 1.0000000180025095e-35 1.0000000180025095e-35 438.55000000000007 315.85000000000008 382.80000000000001 1.0000000180025095e-35 144.25000000000003 812.6500000000002 180.75000000000003 1.0000000180025095e-35 1008.7500000000001 1.0000000180025095e-35 1.0000000180025095e-35 83.450000000000017 205.15000000000001 1.0000000180025095e-35 1.0000000180025095e-35 1.0000000180025095e-35 517.05000000000007 161.90000000000003 6.4500000000000011 1.0000000180025095e-35 281.35000000000008 958.55000000000007 1.0000000180025095e-35 253.05000000000004 315.35000000000008 62.350000000000001 1083.5500000000002
decision_type=2 2 2 2 2 2 2 2 2 2 2 2 2 2 2 2 2 2 2 2 2 2 2 2 2 2 2 2 2 2 2 2 2 2 2 2 2 2 2 2 2 2 2 2 2 2 2 2 2 2 2 2 2 2 2 2 2 2 2 2 2 2
left_child=1 3 25 -1 5 7 17 8 9 10 11 12 53 -14 15 23 -8 18 37 44 38 -11 -23 26 -15 -2 27 28 29 30 31 32 33 34 35 36 -5 -4 39 -13 -19 42 -21 -12 58 46 -10 48 -48 61 -17 -35 -53 57 55 56 -55 -3 60 -60 -20 -45
right_child=2 4 6 14 -6 -7 16 -9 45 21 43 20 13 24 -16 50 -18 40 19 41 -22 22 -24 -25 -26 -27 -28 -29 -30 -31 -32 -33 -34 51 -36 -37 -38 -39 -40 -41 -42 -43 -44 49 -46 -47 47 -49 -50 -51 -52 52 -54 54 -56 -57 -58 -59 59 -61 -62 -63
leaf_value=-1.0175265151290911 -3.2665156888026816 5.9700788381021646 5.2154235042929651 5.1734588107755108 -0.20411722089432105 -0.30581408926159326 7.4700029567853949 0.13433674796152925 -5.3854820053918022 8.4606947905676702 0.24640602280801915 3.2772965241122893 16.456542626549219 4.7511087225356574 1.560319678092144 0.96976239608759573 19.333180994987487 3.7454584134788051 2.9296756493903344 5.8514738274501132 0.1459440797077198 -1.1077896042634512 4.3722833379455235 -1.7420206205125599 14.755819580865944 1.0981273666374707 -1.5944038119794648 -1.1004122657974869 -1.3682684044580204 -1.1854532152094504 -1.237344682724169 -0.76108364805176454 0.52277737683009662 -1.7529274321707988 2.1032259479165076 -3.9103479385375977 13.516887092590332 12.286064178943635 -0.98131524894548505 13.556453900337221 9.6245985264027567 10.835589465141297 -6.7556863739376984 11.169839088784324 5.1715182472677794 -3.1075828933715819 11.67859204236199 1.171801114580848 1.9330839125315347 -2.0140353185159188 5.127991984178732 13.195579481124879 0.73176510123645566 23.687439518883117 2.7935674890875819 5.1909268586259145 10.477133477926255 1.4758421201384471 1.8805658972458432 6.1317271336787895 -0.5876983868992991 3.7661628339769724
leaf_weight=14614 102 294 200 372 1556 648 169 531 35 35 188 37 68 71 1113 903 20 82 168 220 152 262 92 948 23 744 837 1294 703 629 505 444 867 155 444 28 32 40 23 40 108 50 21 36 136 80 34 275 30 27 91 20 102 21 32 38 20 89 443 119 360 79
leaf_count=14614 102 294 200 372 1556 648 169 531 35 35 188 37 68 71 1113 903 20 82 168 220 152 262 92 948 23 744 837 1294 703 629 505 444 867 155 444 28 32 40 23 40 108 50 21 36 136 80 34 275 30 27 91 20 102 21 32 38 20 89 443 119 360 79
internal_value=0.0129369 -0.30554 3.10126 -0.629429 1.31532 2.04054 4.10306 2.62264 3.25757 3.95746 4.87129 5.88003 7.12796 11.0849 -0.0315931 -0.243176 8.72537 3.65437 3.28314 2.791 2.63147 1.04919 0.31641 -0.457819 7.19907 0.571894 -0.268543 -0.0701968 0.239754 0.55394 0.92244 1.36509 1.83243 2.81722 3.63175 5.20273 5.83432 6.39386 6.40948 8.61712 7.08729 5.79806 4.75292 2.09572 2.07725 0.749364 1.57438 2.29295 7.11039 4.5441 1.35045 0.241328 2.77501 5.83033 8.95161 11.446 17.2434 4.92573 1.69117 2.78072 0.531466 6.08384
internal_weight=31899 28917 2982 24101 4816 3260 2136 2612 2081 1627 1238 908 656 162 9487 8374 189 1947 1757 1517 252 389 354 7380 94 846 6432 5595 4301 3598 2969 2464 2020 1153 876 432 404 240 100 77 190 291 241 330 1226 454 374 339 64 142 994 277 122 494 111 79 41 383 1090 562 528 115
internal_count=31899 28917 2982 24101 4816 3260 2136 2612 2081 1627 1238 908 656 162 9487 8374 189 1947 1757 1517 252 389 354 7380 94 846 6432 5595 4301 3598 2969 2464 2020 1153 876 432 404 240 100 77 190 291 241 330 1226 454 374 339 64 142 994 277 122 494 111 79 41 383 1090 562 528 115
is_linear=0
shrinkage=0.05


Tree=44
num_leaves=63
num_cat=0
split_feature=9 39 36 25 36 33 25 36 12 32 36 2 40 32 32 36 13 33 34 33 36 8 25 33 33 36 33 11 33 10 39 32 20 34 18 32 34 32 32 36 36 36 33 32 33 40 32 40 40 36 36 33 36 5 32 34 33 24 12 11 32 32
split_gain=1.63891e+08 1.08677e+07 1.02465e+07 4.21189e+06 2.73892e+06 2.73609e+06 2.58521e+06 2.58295e+06 2.54334e+06 1.85876e+06 1.75683e+06 1.60356e+06 1.44215e+06 1.90116e+06 1.46801e+06 1.368e+06 1.21722e+06 1.41747e+06 1.4479e+06 2.36496e+06 1.14127e+06 1.11818e+06 1.50261e+06 1.29873e+06 1.09601e+06 1.04212e+06 918315 864463 837584 793049 915456 880347 874901 1.21748e+06 911171 1.61692e+06 893857 1.03887e+06 1.24104e+06 1.1265e+06 1.05331e+06 1.03327e+06 853210 815814 1.04917e+06 1.00996e+06 924031 813690 783772 1.22001e+06 888906 1.76481e+06 973848 955471 1.81464e+06 856698 1.67217e+06 833762 753180 772505 738802 796338
threshold=1.0000000180025095e-35 1.0000000180025095e-35 227.72500000000002 1.0000000180025095e-35 123.86250000000003 459.35000000000008 1.0000000180025095e-35 373.58333333333343 1.0000000180025095e-35 248.95000000000002 189.8416666666667 1.0000000180025095e-35 5.5000000000000009 217.05000000000004 350.45000000000005 275.04166666666669 1.0000000180025095e-35 444.85000000000008 421.25000000000006 297.15000000000003 161.38750000000002 1.0000000180025095e-35 1.0000000180025095e-35 134.25000000000003 224.15000000000001 376.6375000000001 119.55000000000001 1.0000000180025095e-35 365.95000000000005 1.0000000180025095e-35 1.0000000180025095e-35 404.55000000000007 1.0000000180025095e-35 314.60000000000008 1.0000000180025095e-35 362.45000000000005 208.25000000000003 468.75000000000006 386.85000000000008 291.51250000000005 305.71666666666675 273.71250000000003 174.55000000000004 356.45000000000005 317.35000000000008 4.5000000000000009 324.25000000000006 4.5000000000000009 1.5000000000000002 193.32500000000002 170.31000000000003 271.80000000000001 175.51666666666668 1.0000000180025095e-35 370.25000000000006 69.550000000000011 62.350000000000001 1.0000000180025095e-35 1.0000000180025095e-35 1.0000000180025095e-35 263.75000000000006 115.15000000000002
decision_type=2 2 2 2 2 2 2 2 2 2 2 2 2 2 2 2 2 2 2 2 2 2 2 2 2 2 2 2 2 2 2 2 2 2 2 2 2 2 2 2 2 2 2 2 2 2 2 2 2 2 2 2 2 2 2 2 2 2 2 2 2 2
left_child=1 -1 4 25 -2 6 7 16 21 -8 20 15 13 -7 -15 58 17 18 29 -20 -10 22 48 -24 -11 -3 -23 -17 -9 32 31 -31 33 34 36 -36 37 38 43 41 -39 -40 -37 44 46 -46 -4 -35 49 55 51 -50 -52 54 57 56 -6 -54 59 -5 61 -51
right_child=2 3 5 11 8 12 9 28 10 24 -12 -13 -14 14 -16 27 -18 -19 19 -21 -22 26 23 -25 -26 -27 -28 -29 -30 30 -32 -33 -34 47 35 42 -38 40 39 -41 -42 -43 -44 -45 45 -47 -48 -49 50 60 52 -53 53 -55 -56 -57 -58 -59 -60 -61 -62 -63
leaf_value=-1.9491020726388275 3.5727941753748795 -0.69469092517523134 10.768352704579684 -0.18110191062181216 10.272655402460407 36.91795696258545 11.423576995598653 15.997086875589364 17.864628696441653 30.400559098720549 25.153936782636141 6.0242252927531705 13.357864626716164 10.590203215859153 29.30706314086914 2.5827282694758416 20.758151790073939 -0.028261039875171801 11.40688302011201 33.196402502059939 4.0421354634421212 10.004611479668391 22.380760449833343 8.4191795549085064 18.964901590347292 0.94333148611212225 -3.0237662729464083 9.1103362948806197 25.395018474872298 7.5786019364181829 15.405680963267452 -4.6573614336195446 2.3650344610214233 22.981667997898199 0.54384347534179689 21.325673732757569 4.7153153495090763 13.69297955830892 17.729674841228285 22.757524013519287 -0.16376703158020975 3.9098771640232637 7.0565831964666188 5.0868244659609916 25.300022842144145 12.682353804452079 18.493411569817123 12.223918756842615 7.8727887695586238 -2.6933856377234826 20.201885084311169 -7.6522651672363287 8.5536632725329547 2.2994718652022512 20.653752858601511 16.169261271612985 -5.7724740028381349 19.136565589904787 3.6417274947532201 3.7596456438955599 -7.3474789446050472 9.5665449036492252
leaf_weight=17045 289 8007 388 1348 62 25 41 269 32 40 38 202 34 22 20 835 35 27 33 20 28 21 36 31 44 1105 38 54 26 49 23 21 25 39 50 20 41 24 38 55 32 21 22 41 29 35 43 32 216 26 24 20 268 38 40 28 22 20 176 137 22 27
leaf_count=17045 289 8007 388 1348 62 25 41 269 32 40 38 202 34 22 20 835 35 27 33 20 28 21 36 31 44 1105 38 54 26 49 23 21 25 39 50 20 41 24 38 55 32 21 22 41 29 35 43 32 216 26 24 20 268 38 40 28 22 20 176 137 22 27
internal_value=0.01229 -1.14031 11.1562 0.0216884 7.87735 13.7691 13.2537 12.6542 9.07698 20.1508 16.7418 1.73594 21.745 26.0011 19.503 1.39625 11.5776 11.2876 11.5703 19.6293 11.4141 8.27703 8.7238 15.9209 24.4105 -0.49605 1.61345 2.97923 16.8254 11.1548 6.75137 3.90781 11.5928 11.8463 11.3142 6.61903 11.8925 12.3093 12.8723 17.6096 5.77484 12.8108 13.8514 11.8647 12.4261 18.3997 11.5391 18.1331 8.13068 5.29023 8.97918 6.55711 10.4448 9.80504 10.6746 8.59509 6.07036 9.28859 0.549001 0.182455 0.354989 3.55224
internal_weight=31899 28909 2990 11864 1326 1664 1563 1438 1037 125 98 2752 101 67 42 2550 1143 1108 1081 53 60 939 880 67 84 9112 59 889 295 1028 93 70 935 910 839 92 747 706 650 114 56 59 42 536 495 64 431 71 813 187 626 236 390 366 328 112 84 288 1661 1485 75 53
internal_count=31899 28909 2990 11864 1326 1664 1563 1438 1037 125 98 2752 101 67 42 2550 1143 1108 1081 53 60 939 880 67 84 9112 59 889 295 1028 93 70 935 910 839 92 747 706 650 114 56 59 42 536 495 64 431 71 813 187 626 236 390 366 328 112 84 288 1661 1485 75 53
is_linear=0
shrinkage=0.05


Tree=45
num_leaves=63
num_cat=0
split_feature=9 36 39 25 35 36 2 20 33 31 31 31 35 31 31 33 40 36 21 25 34 31 35 35 32 35 33 31 40 31 32 36 39 35 32 35 32 35 31 32 8 31 33 32 32 40 34 31 35 5 35 31 34 32 32 33 33 35 36 35 31 36
split_gain=1.6049e+08 1.12268e+07 9.73428e+06 3.18402e+06 2.61433e+06 2.28877e+06 2.15463e+06 2.1148e+06 2.05148e+06 2.25477e+06 2.22519e+06 1.88899e+06 1.72164e+06 1.52811e+06 3.06568e+06 1.59848e+06 1.52329e+06 1.42551e+06 1.33179e+06 1.65121e+06 1.45051e+06 1.29203e+06 1.37333e+06 1.32422e+06 1.48952e+06 1.20471e+06 1.09617e+06 1.81095e+06 1.65868e+06 1.59348e+06 1.09148e+06 1.08969e+06 1.04203e+06 979663 1.30969e+06 1.2883e+06 1.19594e+06 1.79826e+06 2.4355e+06 1.19806e+06 1.17235e+06 1.5132e+06 1.51214e+06 2.19899e+06 2.12158e+06 3.50353e+06 1.1734e+06 967188 951425 927930 917415 916410 815154 3.20928e+06 1.57938e+06 1.2927e+06 799814 761861 754071 740446 728060 726789
threshold=1.0000000180025095e-35 227.72500000000002 1.0000000180025095e-35 1.0000000180025095e-35 264.45000000000005 359.52500000000003 1.0000000180025095e-35 1.0000000180025095e-35 51.750000000000007 349.95000000000005 60.550000000000004 52.150000000000013 1397.9500000000003 474.75000000000006 464.85000000000008 237.25000000000003 4.5000000000000009 273.71250000000003 1.0000000180025095e-35 1.0000000180025095e-35 316.45000000000005 121.75000000000001 426.25000000000006 431.65000000000003 60.750000000000007 548.05000000000007 148.35000000000005 26.850000000000005 3.5000000000000004 253.25000000000003 310.15000000000003 291.51250000000005 1.0000000180025095e-35 818.95000000000016 67.450000000000017 924.45000000000016 378.65000000000003 578.35000000000025 175.35000000000005 356.45000000000005 1.0000000180025095e-35 361.85000000000008 477.95000000000005 129.45000000000002 412.85000000000008 5.5000000000000009 116.7 29.050000000000004 623.6500000000002 1.0000000180025095e-35 367.45000000000005 440.85000000000008 155.75000000000003 121.45000000000002 105.25000000000001 326.85000000000008 263.65000000000003 87.250000000000014 338.42000000000002 398.15000000000009 154.75000000000003 440.65000000000003
decision_type=2 2 2 2 2 2 2 2 2 2 2 2 2 2 2 2 2 2 2 2 2 2 2 2 2 2 2 2 2 2 2 2 2 2 2 2 2 2 2 2 2 2 2 2 2 2 2 2 2 2 2 2 2 2 2 2 2 2 2 2 2 2
left_child=2 4 48 31 57 7 17 11 9 10 50 -3 13 14 33 16 -15 47 19 20 49 22 -12 24 -23 -11 28 -28 -20 -30 -7 -4 59 36 -35 -36 39 -38 -39 51 42 -42 43 -37 -45 46 -46 -5 -1 -10 -6 -13 53 55 -54 -29 -55 -2 -40 -26 -49 -32
right_child=1 5 3 6 8 30 -8 -9 18 25 21 12 -14 15 -16 -17 -18 -19 26 -21 -22 23 -24 -25 32 -27 27 52 29 -31 61 -33 -34 34 35 40 37 38 58 -41 41 -43 -44 44 45 -47 -48 60 -50 -51 -52 -53 54 56 -56 -57 -58 -59 -60 -61 -62 -63
leaf_value=-1.6638108799664124 -1.914890409403659 22.953146601737814 -0.79898916512242912 3.8025502544992111 12.975807710127398 14.488795206440029 6.4913733685223178 0.10320226550102235 5.490263227427878 27.672318979899089 7.5861554680801024 10.85845696690507 24.166216063499451 17.076226382785375 -6.5323567249558199 8.4933589631860915 35.282189426422121 2.7289634400222118 13.69510544574622 13.818956150010576 -9.3633917626880461 19.624853096008302 -7.8993391167033806 14.776559610366821 4.379494754376787 13.92553440542782 22.75394740719949 6.1037713336944579 6.7194071726452922 -10.875571805780584 18.514331610076255 0.37701309861002957 11.435189355336703 26.43581669330597 18.509878083151214 -2.5530570687786227 27.963032929793652 -0.50379971724290118 22.338648838467069 -0.96861026763916025 11.837749168276787 28.651351464313013 23.370984649658205 14.600524283160446 -6.2390473854251027 19.344635920370781 7.5046167449951175 -1.6921323962090087 -2.6002006428240323 -4.5367115020751951 27.111429564158126 -0.12101004123687745 25.726553616523745 7.812243720889092 6.5147200377091128 -11.107930835088094 18.304783350796928 4.9180030995395194 10.229773046970369 -6.8826422882080083 0.65304931329148896 27.314668754295067
leaf_weight=13642 47 47 6266 170 22 201 202 32 205 30 41 382 32 27 22 22 20 890 33 43 21 20 22 95 54 34 31 20 31 22 179 2873 39 20 98 31 23 26 36 25 32 23 23 186 41 31 25 515 3386 26 24 20 20 32 23 24 42 309 20 20 926 27
leaf_count=13642 47 47 6266 170 22 201 202 32 205 30 41 382 32 27 22 22 20 890 33 43 21 20 22 95 54 34 31 20 31 22 179 2873 39 20 98 31 23 26 36 25 32 23 23 186 41 31 25 515 3386 26 24 20 20 32 23 24 42 309 20 20 926 27
internal_value=0.0561243 11.1014 -1.08436 0.0165881 7.68263 13.8554 1.52414 12.7906 9.02283 11.7659 10.132 13.1255 12.7291 12.406 11.9384 19.6168 24.8234 1.12295 7.10319 4.76316 3.21793 8.5166 2.17852 10.2679 7.04744 20.3693 9.58632 11.6876 4.89509 -0.584169 17.1101 -0.429293 4.82135 12.3284 13.8942 13.3823 10.8273 15.608 12.1425 9.65174 12.1004 18.8689 10.9958 10.0893 11.4742 5.47936 -1.03311 0.235698 -1.85001 4.36169 20.3509 10.3122 9.55682 7.40913 15.4505 -3.28443 13.7675 4.01591 18.0141 1.33567 -0.185097 19.6678
internal_weight=31851 2981 28870 11842 1330 1651 2703 1244 974 401 337 1212 1165 1133 1064 69 47 2501 573 295 252 291 63 228 133 64 278 192 86 53 407 9139 113 1042 510 490 532 105 82 427 392 55 337 314 283 97 66 1611 17028 231 46 402 161 118 43 44 74 356 56 74 1441 206
internal_count=31851 2981 28870 11842 1330 1651 2703 1244 974 401 337 1212 1165 1133 1064 69 47 2501 573 295 252 291 63 228 133 64 278 192 86 53 407 9139 113 1042 510 490 532 105 82 427 392 55 337 314 283 97 66 1611 17028 231 46 402 161 118 43 44 74 356 56 74 1441 206
is_linear=0
shrinkage=0.05


Tree=46
num_leaves=63
num_cat=0
split_feature=9 36 25 7 35 23 2 36 2 13 5 4 11 35 7 2 11 2 11 35 32 33 31 31 35 36 32 35 36 35 36 35 32 31 32 35 35 32 32 32 40 31 33 12 23 32 11 33 32 32 32 31 31 31 31 36 32 25 31 32 36 32
split_gain=1.44842e+08 1.01322e+07 7.32534e+06 4.02572e+06 2.3745e+06 2.2946e+06 2.14987e+06 2.06562e+06 1.94456e+06 1.81687e+06 1.76478e+06 1.88676e+06 1.66463e+06 1.64799e+06 1.36166e+06 1.34858e+06 1.37299e+06 1.28676e+06 1.26924e+06 1.26131e+06 1.79274e+06 1.7592e+06 1.75805e+06 2.85261e+06 1.53097e+06 1.26857e+06 1.24895e+06 2.74132e+06 1.45653e+06 1.35346e+06 1.15783e+06 1.07914e+06 1.06271e+06 1.1743e+06 1.0563e+06 1.05233e+06 1.17924e+06 1.14573e+06 985781 985064 971269 897548 893590 869809 825988 813127 792950 755513 1.00284e+06 1.27347e+06 921198 2.07963e+06 988212 1.01099e+06 901922 2.16839e+06 1.84161e+06 1.17532e+06 1.12136e+06 2.56259e+06 1.09788e+06 1.04492e+06
threshold=1.0000000180025095e-35 227.72500000000002 1.0000000180025095e-35 1.0000000180025095e-35 149.45000000000002 1.0000000180025095e-35 1.0000000180025095e-35 359.52500000000003 1.0000000180025095e-35 1.0000000180025095e-35 1.0000000180025095e-35 1.0000000180025095e-35 1.0000000180025095e-35 1397.9500000000003 1.0000000180025095e-35 1.0000000180025095e-35 1.0000000180025095e-35 1.0000000180025095e-35 1.0000000180025095e-35 314.35000000000008 13.15 55.850000000000001 71.050000000000011 123.85000000000001 431.65000000000003 175.51666666666668 131.45000000000002 612.95000000000016 146.3416666666667 702.05000000000007 271.14166666666677 592.85000000000014 308.35000000000008 115.25000000000001 115.15000000000002 825.05000000000007 873.85000000000014 378.65000000000003 398.85000000000008 310.15000000000003 4.5000000000000009 29.050000000000004 129.55000000000004 1.0000000180025095e-35 1.0000000180025095e-35 109.25000000000001 1.0000000180025095e-35 459.35000000000008 294.25000000000006 159.75000000000003 96.450000000000017 432.55000000000007 474.75000000000006 452.25000000000006 173.05000000000004 296.12500000000006 450.65000000000003 1.0000000180025095e-35 195.85000000000005 470.75000000000006 278.07083333333338 448.55000000000007
decision_type=2 2 2 2 2 2 2 2 2 2 2 2 2 2 2 2 2 2 2 2 2 2 2 2 2 2 2 2 2 2 2 2 2 2 2 2 2 2 2 2 2 2 2 2 2 2 2 2 2 2 2 2 2 2 2 2 2 2 2 2 2 2
left_child=2 4 3 5 -2 17 12 9 14 13 11 19 -7 43 30 16 44 31 -19 -6 42 22 25 -24 40 -22 27 28 -23 -29 41 -1 33 -12 -13 38 -37 -38 -28 -9 -25 -4 -21 47 -5 -26 -32 50 49 -49 51 -3 53 54 55 56 -52 58 -56 61 -59 -60
right_child=1 7 8 15 10 6 -8 39 -10 -11 32 34 -14 -15 -16 -17 -18 18 -20 20 21 26 23 24 45 -27 35 29 -30 -31 46 -33 -34 -35 -36 36 37 -39 -40 -41 -42 -43 -44 -45 -46 -47 -48 48 -50 -51 52 -53 -54 -55 57 -57 -58 60 59 -61 -62 -63
leaf_value=-1.5761266173626163 1.4603753327162234 9.68041646746879 3.4326271393014203 -0.35418976074618025 6.1360895365819168 -0.86158193924785387 5.0800738481014811 13.764355349481404 6.1668046952916846 21.587447245266972 -5.094960750341416 -7.7532295425732931 4.3080781990607111 22.957904875278473 5.3332893769288887 4.5147641420951619 4.5792662822537951 -0.85636178255338113 3.651972109936839 25.397825683593751 30.5586038684845 4.414116938217826 -3.9082366625467935 2.0007642281609912 24.649666630138054 14.406980994439895 8.4759323399491109 -15.352088716030122 19.219878416794998 0.6461508946541028 1.8036478343322599 -2.4614749758017282 -8.2291663978410821 10.092756819725038 5.0078774995803839 23.5665502631146 4.6287451471601218 19.630574421882631 -2.799700515920466 18.684385283595152 12.691075625589917 -0.5472944835589495 13.560127735137939 18.271739729245507 3.336778513433003 14.13534275676523 8.0600863995375462 21.792518486976626 25.718140850067144 5.0105775686410761 8.3890866933124411 -5.9491340319315595 18.807806078592936 3.2332681743722214 20.242714288499624 -4.6666178456059209 24.860515670776369 11.318881494027599 11.50285735076519 -2.8165960342653338 24.656667836507165 22.665216723355382
leaf_weight=14563 154 188 159 2001 261 1981 191 201 202 49 20 24 169 32 174 203 171 2048 169 25 20 46 30 43 22 31 163 20 26 39 815 4507 23 35 50 23 35 20 22 206 42 1299 44 45 164 112 54 20 20 26 112 24 45 38 36 27 20 27 446 31 36 22
leaf_count=14563 154 188 159 2001 261 1981 191 201 202 49 20 24 169 32 174 203 171 2048 169 25 20 46 30 43 22 31 163 20 26 39 815 4507 23 35 50 23 35 20 22 206 42 1299 44 45 164 112 54 20 20 26 112 24 45 38 36 27 20 27 446 31 36 22
internal_value=0.0533181 10.5463 -1.03014 -1.28612 7.2985 -1.48942 -0.00360295 13.1626 1.44793 12.151 8.06302 8.57927 -0.455223 11.7641 1.0668 0.60577 0.266076 -1.65282 -0.512695 9.13644 10.1628 9.39857 12.2835 10.5513 12.532 20.741 7.20192 3.21316 9.76064 -4.77698 0.747774 -1.78537 0.795852 4.56995 0.86914 9.18871 14.0596 10.084 7.13505 16.2546 7.28304 -0.11327 17.8491 11.4561 -0.0745968 15.8616 2.19243 11.1818 16.371 12.3071 10.8562 7.91103 11.5995 11.1915 11.591 8.24396 10.8848 12.4809 11.7202 11.1054 18.9405 12.0276
internal_weight=31851 2981 28870 26167 1330 23628 2341 1651 2703 1244 1176 1098 2150 1195 2501 2539 2336 21287 2217 1024 763 694 300 249 219 51 394 131 72 59 2327 19070 78 55 74 263 78 55 185 407 85 1458 69 1163 2165 134 869 1118 66 46 1052 212 840 795 757 159 132 598 535 499 63 468
internal_count=31851 2981 28870 26167 1330 23628 2341 1651 2703 1244 1176 1098 2150 1195 2501 2539 2336 21287 2217 1024 763 694 300 249 219 51 394 131 72 59 2327 19070 78 55 74 263 78 55 185 407 85 1458 69 1163 2165 134 869 1118 66 46 1052 212 840 795 757 159 132 598 535 499 63 468
is_linear=0
shrinkage=0.05


Tree=47
num_leaves=63
num_cat=0
split_feature=9 35 25 31 7 23 2 32 32 31 2 34 11 31 25 31 32 38 32 35 23 4 2 11 31 40 2 11 31 35 5 35 32 31 34 7 32 35 31 24 35 31 35 32 32 32 31 31 32 35 35 32 31 34 31 31 35 31 37 32 23 35
split_gain=1.3072e+08 7.06313e+06 6.61112e+06 3.75318e+06 3.63321e+06 2.07087e+06 1.94026e+06 1.9247e+06 1.86866e+06 1.75916e+06 1.75496e+06 1.64117e+06 1.50232e+06 1.43565e+06 1.42266e+06 1.72379e+06 2.06581e+06 1.24909e+06 1.80202e+06 1.33984e+06 1.23147e+06 1.22827e+06 1.21709e+06 1.23913e+06 1.1827e+06 1.39171e+06 1.1613e+06 1.14549e+06 1.08804e+06 973977 973294 1.77509e+06 1.13709e+06 1.25955e+06 1.05705e+06 964720 926226 2.10466e+06 3.01047e+06 1.63258e+06 1.75607e+06 1.43831e+06 2.35322e+06 1.41466e+06 1.39914e+06 1.1312e+06 1.21656e+06 1.10802e+06 1.75622e+06 953872 2.05135e+06 865449 821556 815913 811999 915726 827166 798443 794003 866888 745454 737837
threshold=1.0000000180025095e-35 314.35000000000008 1.0000000180025095e-35 376.55000000000007 1.0000000180025095e-35 1.0000000180025095e-35 1.0000000180025095e-35 386.85000000000008 476.25000000000006 68.950000000000017 1.0000000180025095e-35 20.850000000000005 1.0000000180025095e-35 20.150000000000002 1.0000000180025095e-35 173.05000000000004 462.85000000000008 1.0000000180025095e-35 183.45000000000002 1170.4500000000003 1.0000000180025095e-35 1.0000000180025095e-35 1.0000000180025095e-35 1.0000000180025095e-35 148.65000000000001 4.5000000000000009 1.0000000180025095e-35 1.0000000180025095e-35 154.75000000000003 612.95000000000016 1.0000000180025095e-35 853.25000000000011 60.750000000000007 106.65000000000002 7.6500000000000012 1.0000000180025095e-35 253.05000000000004 548.05000000000007 404.95000000000005 1.0000000180025095e-35 618.05000000000007 454.25000000000006 978.05000000000007 127.55000000000001 200.75000000000003 356.45000000000005 426.45000000000005 408.75000000000006 2.3500000000000001 967.45000000000016 1110.2000000000003 171.95000000000002 224.05000000000004 384.80000000000001 320.15000000000003 29.050000000000004 527.55000000000007 91.850000000000009 3.5000000000000004 474.15000000000003 1.0000000180025095e-35 469.55000000000007
decision_type=2 2 2 2 2 2 2 2 2 2 2 2 2 2 2 2 2 2 2 2 2 2 2 2 2 2 2 2 2 2 2 2 2 2 2 2 2 2 2 2 2 2 2 2 2 2 2 2 2 2 2 2 2 2 2 2 2 2 2 2 2 2
left_child=2 28 4 7 5 26 12 17 36 11 20 13 -7 -9 15 16 24 19 52 21 35 30 23 60 25 -11 29 -28 51 -1 32 57 33 -3 61 54 37 47 -39 40 -40 43 -43 -42 -45 46 -38 -5 -49 -47 -51 -2 -19 -21 55 -4 -56 -32 59 -17 -6 -35
right_child=1 3 10 8 22 6 -8 9 -10 14 -12 -13 -14 -15 -16 58 -18 18 -20 53 -22 -23 -24 -25 -26 -27 27 -29 -30 -31 31 -33 -34 34 -36 -37 45 38 39 -41 41 42 -44 44 -46 49 -48 48 -50 50 -52 -53 -54 -55 56 -57 -58 -59 -60 -61 -62 -63
leaf_value=-1.5041381991612295 1.491384067651579 24.712818475391558 3.3052589334595588 9.9079069037186471 -0.33648027453700657 -0.81850284092901182 4.8260701403411899 16.413082848424498 26.071384189974879 3.8162489970525111 5.8584644889016406 9.0399003008137591 4.092674283736204 33.894383621215823 21.726073379516603 17.432458538733997 -6.5524193763732912 -6.0548992719405739 9.1686950146573274 11.117824596688152 4.9975255297621093 3.8326531562841297 4.2890259445594454 4.3503029500880439 -1.154325294494629 19.640352016506775 -0.81354368229091278 3.4693735130616199 7.0931361623194027 -2.3612522875012241 -8.3650877285003666 15.23551250309856 9.2795417071686916 12.492288532257081 3.7523545201619464 4.4135522569889671 13.425754660588723 18.979568652102824 -8.0930896301269524 18.609264980662953 2.7939654938636291 8.4237118815120891 -11.574880518515904 24.878230166311067 6.9719338035583496 17.722285257067 23.214563272525737 15.366098138841531 28.914500681559247 -1.6014173235212052 14.411675039529801 10.023902017929975 4.664378958037406 25.228867623351871 3.6764900885921925 -0.77624136262047705 0.37708329792814288 3.9226108049735049 9.053445965619316 7.9062320709228517 3.1699395752716359 23.012534441947938
leaf_weight=14799 236 23 155 57 2001 1981 191 23 31 24 202 23 169 24 30 104 28 39 103 20 180 99 203 171 20 33 2048 169 261 4271 20 27 683 100 30 163 54 57 25 22 31 38 24 24 20 63 77 118 30 28 70 34 33 21 317 1212 474 39 84 31 164 20
leaf_count=14799 236 23 155 57 2001 1981 191 23 31 24 202 23 169 24 30 104 28 39 103 20 180 99 203 171 20 33 2048 169 261 4271 20 27 683 100 30 163 54 57 25 22 31 38 24 24 20 63 77 118 30 28 70 34 33 21 317 1212 474 39 84 31 164 20
internal_value=0.0506522 10.019 -0.978637 11.152 -1.22182 -1.41495 -0.0034228 9.82841 14.0454 12.7415 1.37553 19.9841 -0.432461 25.3397 11.3093 10.3448 5.07778 8.8458 4.92662 9.47967 1.01346 9.13049 0.575481 0.252772 9.30695 12.9776 -1.57018 -0.487061 4.79113 -1.6961 9.68727 4.61673 10.1967 13.8176 12.147 0.704483 13.5403 12.107 8.93919 5.82886 4.09325 6.31703 0.682321 10.9751 16.739 15.7294 19.1795 15.8311 18.1124 12.9222 9.83651 2.56585 -1.1419 18.3454 0.424326 -0.313452 1.69935 -0.242711 12.8701 15.245 -0.0708669 14.2457
internal_weight=31851 2981 28870 2450 26167 23628 2341 1681 769 424 2703 70 2150 47 354 324 105 1257 175 1082 2501 1041 2539 2336 77 57 21287 2217 531 19070 942 86 856 173 150 2321 738 446 241 184 162 137 62 75 44 292 131 205 148 161 98 270 72 41 2158 1367 791 59 219 135 2165 120
internal_count=31851 2981 28870 2450 26167 23628 2341 1681 769 424 2703 70 2150 47 354 324 105 1257 175 1082 2501 1041 2539 2336 77 57 21287 2217 531 19070 942 86 856 173 150 2321 738 446 241 184 162 137 62 75 44 292 131 205 148 161 98 270 72 41 2158 1367 791 59 219 135 2165 120
is_linear=0
shrinkage=0.05


Tree=48
num_leaves=63
num_cat=0
split_feature=35 25 39 36 32 35 6 36 5 4 18 38 6 10 33 8 24 21 5 38 18 4 35 23 8 34 32 10 35 39 32 25 12 34 24 33 32 36 7 34 10 32 36 4 27 33 34 35 32 34 38 33 21 35 32 24 35 36 33 7 38 34
split_gain=8.17253e+06 2.7604e+06 2.60097e+06 1.83201e+06 1.2721e+06 1.23501e+06 1.08349e+06 1.05523e+06 1.03317e+06 1.05208e+06 1.13889e+06 1.2856e+06 1.14942e+06 1.18885e+06 1.31706e+06 1.21449e+06 1.0872e+06 1.10639e+06 1.00593e+06 1.15121e+06 1.29532e+06 1.08348e+06 1.02572e+06 1.11133e+06 910164 902277 892094 882527 828403 756118 744126 735115 710594 865920 643425 636451 588201 585750 568674 575389 553940 530231 527207 501520 556360 500496 493296 484530 448768 430979 597134 656983 727147 626723 490673 429145 420865 410141 405408 403325 402218 461011
threshold=800.35000000000025 1.0000000180025095e-35 1.0000000180025095e-35 276.51666666666671 3.2500000000000004 298.75000000000006 1.0000000180025095e-35 92.112500000000011 1.0000000180025095e-35 1.0000000180025095e-35 1.0000000180025095e-35 1.0000000180025095e-35 1.0000000180025095e-35 1.0000000180025095e-35 419.15000000000003 1.0000000180025095e-35 1.0000000180025095e-35 1.0000000180025095e-35 1.0000000180025095e-35 1.0000000180025095e-35 1.0000000180025095e-35 1.0000000180025095e-35 1313.1500000000003 1.0000000180025095e-35 1.0000000180025095e-35 285.75000000000006 0.95000000000000007 1.0000000180025095e-35 463.85000000000008 1.0000000180025095e-35 6.2500000000000009 1.0000000180025095e-35 1.0000000180025095e-35 11.250000000000002 1.0000000180025095e-35 378.05000000000007 123.35000000000001 225.27083333333334 1.0000000180025095e-35 352.2000000000001 1.0000000180025095e-35 458.65000000000003 315.18333333333339 1.0000000180025095e-35 1.0000000180025095e-35 442.95000000000005 53.050000000000004 511.05000000000007 119.30000000000003 250.25000000000003 1.0000000180025095e-35 405.05000000000007 1.0000000180025095e-35 1032.6500000000003 105.25000000000001 1.0000000180025095e-35 1032.6500000000003 168.93750000000003 237.25000000000003 1.0000000180025095e-35 1.0000000180025095e-35 65.100000000000009
decision_type=2 2 2 2 2 2 2 2 2 2 2 2 2 2 2 2 2 2 2 2 2 2 2 2 2 2 2 2 2 2 2 2 2 2 2 2 2 2 2 2 2 2 2 2 2 2 2 2 2 2 2 2 2 2 2 2 2 2 2 2 2 2
left_child=1 5 43 4 -4 -1 18 -3 9 10 11 12 13 14 15 16 17 28 19 20 21 22 24 -24 27 32 -19 31 29 -7 57 -5 42 -34 40 41 -32 -31 46 60 45 -33 59 44 49 -23 -6 -14 -49 55 51 52 -51 -52 -54 -2 -41 -28 -22 -9 -40 -62
right_child=2 7 3 6 38 8 -8 25 -10 -11 -12 -13 47 -15 -16 -17 -18 26 -20 -21 58 34 23 -25 -26 -27 30 -29 -30 37 36 35 33 -35 -36 -37 -38 -39 39 56 -42 -43 -44 -45 -46 -47 -48 48 -50 50 53 -53 54 -55 -56 -57 -58 -59 -60 -61 61 -63
leaf_value=-0.92820462420318006 0.98848906785706458 -2.6090867580996981 12.975990558966348 7.1075268031948831 2.1279109885644267 2.6419112129306677 0.58726932487231409 0.67650152792756613 -1.469193349847784 -1.391713381217929 -1.3113040178319213 -0.96555416810346317 -2.0266491558470019 -0.89096948774277662 7.2584296881434431 -0.80128072667466155 -0.53262461139832495 -1.3387666504696547 1.1736885944278259 2.1273283507752345 -1.5168433023922478 3.5778783593796386 7.9153134927415012 19.678192540137999 2.4577531510303099 11.620939457934837 2.2105148128362804 3.1872585831385738 3.161327880377272 2.5321228191773599 -2.0673948367180364 11.66492590683478 7.4307183733080882 -2.1225988480352589 -5.037684892571491 4.43864202385857 1.3081620262599951 0.045024778646700847 2.6927245143787331 3.2321791429852333 -2.8764656849205497 21.028172851744156 3.0345419391710067 -1.0490292295220014 -2.4320246809110868 10.804404058456422 -0.050928993351381582 3.5238908755926439 -0.53621573271361045 7.1933563656277135 -3.3439126565422814 9.9170953657568965 7.0069987939751677 2.2397303805794828 -1.1761472447713215 -1.261169671743436 10.559907380739849 8.0487081451075415 3.252603064876582 4.3196831639718125 4.3480052817951558 -4.4521437085193138
leaf_weight=9620 1044 148 23 301 370 801 272 1223 1428 1312 1265 1721 554 954 83 883 778 502 271 385 67 119 57 31 124 23 65 106 1064 317 155 54 101 31 23 21 771 935 273 43 26 21 373 477 127 30 872 81 426 63 71 41 23 172 90 266 36 56 133 81 22 46
leaf_count=9620 1044 148 23 301 370 801 272 1223 1428 1312 1265 1721 554 954 83 883 778 502 271 385 67 119 57 31 124 23 65 106 1064 317 155 54 101 31 23 21 771 935 273 43 26 21 373 477 127 30 872 81 426 63 71 41 23 172 90 266 36 56 133 81 22 46
internal_value=0.0481196 -0.341692 1.6937 2.51782 1.29761 -0.491098 3.5252 1.45201 -0.193948 -0.0508173 0.103355 0.279734 0.534112 0.755792 1.00088 0.918791 1.19778 1.48631 3.97693 4.48406 5.29928 6.09762 7.00403 12.0591 6.29455 1.78009 0.394123 7.24041 2.02907 1.44226 1.22498 8.32261 1.65497 5.18714 2.82447 12.1324 0.743139 0.674745 1.136 2.72646 3.85778 14.2866 1.37695 0.400237 0.764655 5.03288 0.598162 -1.00448 0.11244 0.994021 2.31067 4.217 2.88914 0.608296 0.489449 0.531688 6.5714 4.91249 1.65484 0.902803 1.83569 -1.60504
internal_weight=31851 25751 6100 3726 1685 23771 2041 1980 14151 12723 11411 10146 8425 7364 6410 6327 5444 4666 1769 1498 1113 913 715 88 627 1832 1549 503 3117 2053 1047 397 1809 132 198 96 926 1252 1662 420 175 75 1677 2374 1897 149 1242 1061 507 1770 460 217 176 243 113 1310 79 121 200 1304 341 68
internal_count=31851 25751 6100 3726 1685 23771 2041 1980 14151 12723 11411 10146 8425 7364 6410 6327 5444 4666 1769 1498 1113 913 715 88 627 1832 1549 503 3117 2053 1047 397 1809 132 198 96 926 1252 1662 420 175 75 1677 2374 1897 149 1242 1061 507 1770 460 217 176 243 113 1310 79 121 200 1304 341 68
is_linear=0
shrinkage=0.05


Tree=49
num_leaves=63
num_cat=0
split_feature=9 36 39 25 35 36 20 2 31 5 35 31 31 33 40 31 28 31 33 40 36 23 32 31 31 32 32 38 32 40 36 35 31 31 32 35 33 40 32 32 31 36 35 35 29 36 32 35 32 31 36 32 32 31 35 35 32 33 36 36 36 36
split_gain=1.1654e+08 8.15703e+06 6.4708e+06 2.17188e+06 1.87262e+06 1.63015e+06 1.82846e+06 1.5476e+06 1.49847e+06 1.45651e+06 1.30173e+06 1.31478e+06 2.59432e+06 1.37306e+06 1.36659e+06 1.27781e+06 1.53802e+06 1.71657e+06 1.84951e+06 1.82871e+06 1.09526e+06 1.08254e+06 1.03158e+06 1.44636e+06 1.78321e+06 1.34681e+06 1.07396e+06 1.0635e+06 1.02299e+06 3.62321e+06 3.09014e+06 1.18346e+06 1.11192e+06 2.39797e+06 1.2746e+06 1.01776e+06 1.02482e+06 1.05289e+06 947924 926739 992014 920607 918903 1.71231e+06 1.02974e+06 898663 826781 810617 808485 824522 1.92185e+06 737883 705067 1.0943e+06 887029 990365 690662 1.14927e+06 672324 659953 652431 645679
threshold=1.0000000180025095e-35 227.72500000000002 1.0000000180025095e-35 1.0000000180025095e-35 149.45000000000002 359.52500000000003 1.0000000180025095e-35 1.0000000180025095e-35 68.950000000000017 1.0000000180025095e-35 1397.9500000000003 474.75000000000006 464.85000000000008 237.25000000000003 4.5000000000000009 56.250000000000007 1.0000000180025095e-35 392.85000000000008 11.65 3.5000000000000004 271.14166666666677 1.0000000180025095e-35 227.45000000000002 129.75000000000003 98.15000000000002 328.05000000000007 319.65000000000003 1.0000000180025095e-35 468.75000000000006 3.5000000000000004 309.52500000000003 777.00000000000011 121.75000000000001 179.65000000000001 67.450000000000017 933.35000000000025 83.050000000000011 3.5000000000000004 378.65000000000003 308.35000000000008 115.25000000000001 428.28333333333336 838.80000000000018 741.05000000000007 1.0000000180025095e-35 436.42500000000001 310.15000000000003 426.25000000000006 356.45000000000005 404.95000000000005 275.04166666666669 404.55000000000007 129.45000000000002 380.65000000000003 1187.8500000000001 1279.4000000000003 280.45000000000005 241.55000000000004 338.42000000000002 352.12500000000006 266.78333333333336 187.51000000000002
decision_type=2 2 2 2 2 2 2 2 2 2 2 2 2 2 2 2 2 2 2 2 2 2 2 2 2 2 2 2 2 2 2 2 2 2 2 2 2 2 2 2 2 2 2 2 2 2 2 2 2 2 2 2 2 2 2 2 2 2 2 2 2 2
left_child=2 4 47 41 -2 6 8 21 20 15 11 12 28 14 -13 -6 17 22 -19 -20 -3 45 27 24 25 -24 -25 42 31 -30 -31 38 -33 60 -35 36 -36 -38 48 40 -11 -4 43 44 -17 -5 -7 -1 49 -10 -51 -28 -37 54 -54 -56 -55 -58 -9 -23 -34 -18
right_child=1 5 3 7 9 46 -8 58 10 39 -12 13 -14 -15 -16 16 61 18 19 -21 -22 59 23 26 -26 -27 51 -29 29 30 -32 32 33 34 35 52 37 -39 -40 -41 -42 -43 -44 -45 -46 -47 -48 -49 -50 50 -52 -53 53 56 55 -57 57 -59 -60 -61 -62 -63
leaf_value=-1.2735910546378011 1.3591975740411066 12.89564861456553 -0.51877629529381342 0.3612094311678018 11.704860048918498 12.270720602861092 -0.89049342870712289 4.2932853627715799 9.5236610157915287 -4.7380826389789581 20.746040534973147 14.690832321732135 -6.9112713532014327 6.8938558925281868 31.934937362670901 6.9080208254499471 3.8073165585597359 26.173520151774092 19.922017657238506 1.0429475044382028 26.080874586956845 3.511675359767938 19.567371136209243 9.3005975481830063 -4.2175834627712474 3.5984398872621597 23.484165861337416 -1.0445344717997427 -12.739668510073708 27.101049244403839 0.95920351468599763 23.587390141053632 9.3480417180061348 25.705115857124326 27.127324562072758 4.5418770871843615 22.120448582967125 10.51245979900871 14.420407468836073 -7.8072205261043877 9.2211429228101451 1.6674305357462638 -1.3127488288614486 20.595568691600455 -3.1570296782034415 4.8763653650366026 16.778169126186555 -1.9803486672883484 -1.3957803317478725 12.426178658008576 -8.2447859157215468 11.664212913098543 12.314658002941698 23.52629783336933 -2.0414065957069396 11.650270927429199 8.4167269423201283 23.061574390956338 12.770125662838971 12.942605504535493 -2.032943147771499 -6.4212665028042268
leaf_weight=10359 154 36 8629 2205 168 201 32 175 339 20 32 27 22 22 20 432 36 24 23 29 28 159 23 79 34 31 31 53 21 20 26 22 20 20 20 35 30 56 71 23 35 510 36 22 27 116 206 6669 21 23 22 23 108 26 28 25 37 21 27 21 34 27
leaf_count=10359 154 36 8629 2205 168 201 32 175 339 20 32 27 22 22 20 432 36 24 23 29 28 159 23 79 34 31 31 53 21 20 26 22 20 20 20 35 30 56 71 23 35 510 36 22 27 116 206 6669 21 23 22 23 108 26 28 25 37 21 27 21 34 27
internal_value=0.0457136 9.45784 -0.926145 -0.0285202 6.54376 11.8054 10.9067 1.21657 11.2182 7.22269 10.8031 10.518 10.0774 17.2031 22.0287 7.69168 6.96672 7.51483 14.6923 9.39331 18.6642 0.87656 6.82521 9.72505 4.75231 10.4 13.0153 5.70089 10.442 4.46906 12.3252 10.8598 12.6062 12.081 13.3975 12.7598 16.9326 14.5618 9.09133 0.62067 4.14506 -0.396775 6.3924 6.96908 6.31596 0.58687 14.5521 -1.55039 8.1571 8.67953 2.32037 18.4497 11.1801 12.1285 9.71479 4.41693 16.7547 13.7192 5.42633 4.61195 2.18224 -0.576362
internal_weight=31851 2981 28870 11842 1330 1651 1244 2703 1212 1176 1148 1116 1047 69 47 1098 930 867 76 52 64 2501 791 221 88 54 133 570 1025 67 46 958 482 460 406 386 106 86 476 78 55 9139 517 481 459 2321 407 17028 405 384 45 54 280 245 161 53 84 58 202 180 54 63
internal_count=31851 2981 28870 11842 1330 1651 1244 2703 1212 1176 1148 1116 1047 69 47 1098 930 867 76 52 64 2501 791 221 88 54 133 570 1025 67 46 958 482 460 406 386 106 86 476 78 55 9139 517 481 459 2321 407 17028 405 384 45 54 280 245 161 53 84 58 202 180 54 63
is_linear=0
shrinkage=0.05


Tree=50
num_leaves=63
num_cat=0
split_feature=9 31 25 36 7 25 31 31 40 32 23 2 32 36 35 33 34 4 34 24 18 31 31 34 40 35 32 32 33 32 31 32 34 31 35 33 35 35 29 11 2 11 36 31 31 21 32 40 36 36 32 40 11 32 36 31 38 35 35 23 33 31
split_gain=9.66862e+07 6.41408e+06 4.87091e+06 2.7646e+06 2.74366e+06 2.22569e+06 2.23402e+06 3.44132e+06 2.00942e+06 1.67641e+06 1.55212e+06 1.78784e+06 1.48624e+06 1.46751e+06 1.76307e+06 1.40837e+06 1.53171e+06 1.92472e+06 1.71597e+06 1.56571e+06 1.43709e+06 1.34718e+06 1.20099e+06 1.8776e+06 1.42427e+06 2.4472e+06 1.86932e+06 1.70529e+06 1.52415e+06 1.85731e+06 1.56721e+06 1.36445e+06 1.19824e+06 1.1789e+06 1.45861e+06 1.12767e+06 2.58531e+06 1.29086e+06 1.11328e+06 1.10084e+06 1.08376e+06 1.0736e+06 1.16787e+06 1.04683e+06 1.03989e+06 1.02907e+06 1.84331e+06 991871 956466 1.65519e+06 1.29822e+06 914988 911356 909848 1.03031e+06 978985 886439 1.75102e+06 907962 847839 827432 780710
threshold=1.0000000180025095e-35 349.95000000000005 1.0000000180025095e-35 143.68333333333337 1.0000000180025095e-35 1.0000000180025095e-35 54.150000000000013 62.750000000000007 5.5000000000000009 195.95000000000002 1.0000000180025095e-35 1.0000000180025095e-35 472.65000000000003 174.31250000000006 567.95000000000016 439.35000000000008 27.400000000000002 1.0000000180025095e-35 155.75000000000003 1.0000000180025095e-35 1.0000000180025095e-35 290.35000000000008 179.65000000000001 378.85000000000008 5.5000000000000009 578.35000000000025 261.45000000000005 189.75000000000003 192.05000000000004 350.45000000000005 129.75000000000003 193.95000000000002 375.45000000000005 144.45000000000002 506.35000000000008 267.55000000000007 924.45000000000016 1020.4500000000002 1.0000000180025095e-35 1.0000000180025095e-35 1.0000000180025095e-35 1.0000000180025095e-35 237.71000000000006 472.65000000000003 102.45000000000002 1.0000000180025095e-35 77.250000000000014 3.5000000000000004 236.61000000000004 181.62666666666669 238.15000000000001 5.5000000000000009 1.0000000180025095e-35 418.85000000000008 252.83333333333337 458.45000000000005 1.0000000180025095e-35 1155.7500000000002 825.05000000000007 1.0000000180025095e-35 241.55000000000004 29.050000000000004
decision_type=2 2 2 2 2 2 2 2 2 2 2 2 2 2 2 2 2 2 2 2 2 2 2 2 2 2 2 2 2 2 2 2 2 2 2 2 2 2 2 2 2 2 2 2 2 2 2 2 2 2 2 2 2 2 2 2 2 2 2 2 2 2
left_child=2 3 4 9 10 6 8 -8 13 -2 -1 39 15 -5 -15 16 20 18 -18 32 35 61 24 38 28 26 -26 -27 33 30 31 -30 47 34 -9 41 -37 -38 56 -12 52 42 45 53 -31 46 -3 -20 49 -7 -51 -47 -6 54 -44 -56 57 58 -24 -23 -58 -4
right_child=1 12 21 5 40 48 7 22 -10 -11 11 -13 -14 14 -16 -17 17 -19 19 -21 -22 59 23 -25 25 27 -28 -29 29 44 -32 -33 -34 -35 -36 36 37 -39 -40 -41 -42 -43 43 -45 -46 51 -48 -49 -50 50 -52 -53 -54 -55 55 -57 60 -59 -60 -61 -62 -63
leaf_value=-1.4127928359272968 2.2464958558941999 12.93648696172805 3.1835144788747836 -0.19462854597303603 -0.14933813908487567 21.333906037466868 -12.445403356137483 5.8689441456939235 23.541143692864313 10.867963280099811 -0.79993346412597455 4.5886618611700252 22.024727156502863 24.605840837955476 8.3185287038485214 19.865363812943301 -1.915702247619629 -3.3105112724834016 18.621089860667354 2.3991018258035184 3.5388488557603623 1.9829631793087323 8.2582421210336072 17.830943416534588 0.95164218526898015 6.3107202612835431 19.520479351541272 -9.9025564037669795 21.244270976090974 27.28670467376709 -1.7898448932596616 4.0053140163421634 22.06418155745456 7.3893518611609226 -8.9971646930232207 31.289533554590669 2.0146264457702636 18.207382142543793 1.1134647484748594 3.443111530341298 3.9434135283574023 3.1061006203293804 -1.0943268185570127 16.812970732371014 12.466731706158868 7.6450481504201893 33.886007944742843 5.1769946333240062 18.267067567741172 -5.1357372474670413 12.1127107133468 21.277983350753786 3.4843624241884181 19.515975772857669 11.294191560574941 2.0624995153397321 -0.97350285491164856 -5.1868559750643648 12.989652527475357 6.7546236711389884 8.6529764733663423 -0.2717952539753859
leaf_weight=21289 387 21 186 27 2234 21 23 33 36 66 1932 191 35 24 54 48 27 36 23 32 45 1066 537 47 33 23 23 55 22 20 35 24 38 83 33 26 20 32 62 166 202 32 21 75 29 32 21 34 68 20 24 20 187 25 280 32 49 22 125 102 41 1350
leaf_count=21289 387 21 186 27 2234 21 23 33 36 66 1932 191 35 24 54 48 27 36 23 32 45 1066 537 47 33 23 23 55 22 20 35 24 38 83 33 26 20 32 62 166 202 32 21 75 29 32 21 34 68 20 24 20 187 25 280 32 49 22 125 102 41 1350
internal_value=-0.013726 8.52847 -0.900601 6.94921 -1.10911 7.92932 7.36524 6.72576 13.3473 3.5026 -1.27977 -0.0425865 11.9119 9.85225 13.33 11.5272 11.0682 7.09795 9.5311 11.9647 12.1743 1.11983 7.06599 8.10694 4.84042 0.603591 8.57813 -5.12172 6.87531 10.8317 6.18342 12.25 15.1868 3.42339 -1.56411 12.7843 18.4161 11.9794 7.56026 -0.464211 0.424904 11.9985 12.5384 11.4417 18.5157 17.5901 23.4112 10.6018 14.1215 9.78465 4.27251 12.8885 0.131332 10.3165 9.6258 10.3474 8.07667 8.69046 9.15164 2.39967 3.41189 0.146621
internal_weight=31906 3001 28905 2046 26201 1593 1460 1319 141 453 23578 2289 955 105 78 920 872 190 154 127 682 2704 1296 883 413 134 56 78 279 130 81 46 95 149 66 637 78 52 836 2098 2623 559 527 433 49 94 42 57 133 65 44 52 2421 358 333 312 774 684 662 1168 90 1536
internal_count=31906 3001 28905 2046 26201 1593 1460 1319 141 453 23578 2289 955 105 78 920 872 190 154 127 682 2704 1296 883 413 134 56 78 279 130 81 46 95 149 66 637 78 52 836 2098 2623 559 527 433 49 94 42 57 133 65 44 52 2421 358 333 312 774 684 662 1168 90 1536
is_linear=0
shrinkage=0.05


Tree=51
num_leaves=63
num_cat=0
split_feature=9 31 39 36 36 39 31 25 31 31 33 33 36 34 31 34 33 33 39 33 25 36 36 21 28 31 18 38 6 31 7 34 10 33 23 36 31 31 36 21 36 25 36 36 18 31 31 4 37 36 31 36 33 31 36 36 36 31 31 31 21 7
split_gain=8.72593e+07 5.78871e+06 4.96559e+06 2.61592e+06 1.81617e+06 1.65702e+06 1.40063e+06 1.24436e+06 1.19735e+06 1.9037e+06 3.20324e+06 2.59838e+06 1.30686e+06 1.30164e+06 2.50946e+06 2.34719e+06 1.62422e+06 1.16343e+06 2.03015e+06 1.3e+06 1.16095e+06 1.12974e+06 1.11613e+06 1.11181e+06 1.07582e+06 2.36783e+06 971530 1.10302e+06 968772 1.4471e+06 931079 864182 1.2017e+06 900322 850655 823305 1.08193e+06 1.17387e+06 1.49728e+06 1.53288e+06 861236 789281 773150 1.4491e+06 1.40101e+06 1.50716e+06 933708 1.97589e+06 1.11079e+06 861171 1.84155e+06 1.01799e+06 1.03921e+06 832846 811818 684237 861123 668548 710832 661618 645692 641925
threshold=1.0000000180025095e-35 349.95000000000005 1.0000000180025095e-35 269.82916666666671 373.58333333333343 1.0000000180025095e-35 58.45000000000001 1.0000000180025095e-35 54.150000000000013 115.25000000000001 289.05000000000007 150.15000000000001 170.31000000000003 243.25000000000003 181.95000000000002 3.2500000000000004 326.85000000000008 439.35000000000008 1.0000000180025095e-35 407.65000000000003 1.0000000180025095e-35 155.98750000000004 120.22500000000001 1.0000000180025095e-35 1.0000000180025095e-35 440.85000000000008 1.0000000180025095e-35 1.0000000180025095e-35 1.0000000180025095e-35 414.45000000000005 1.0000000180025095e-35 415.05000000000007 1.0000000180025095e-35 469.35000000000008 1.0000000180025095e-35 140.98750000000004 56.250000000000007 79.350000000000009 176.81250000000003 1.0000000180025095e-35 200.11000000000004 1.0000000180025095e-35 233.41666666666669 188.61250000000004 1.0000000180025095e-35 412.55000000000007 412.55000000000007 1.0000000180025095e-35 2.5000000000000004 276.51666666666671 388.85000000000008 300.81666666666672 155.05000000000004 472.65000000000003 349.91250000000008 219.77083333333334 229.91666666666669 263.65000000000003 193.85000000000005 257.45000000000005 1.0000000180025095e-35 1.0000000180025095e-35
decision_type=2 2 2 2 2 2 2 2 2 2 2 2 2 2 2 2 2 2 2 2 2 2 2 2 2 2 2 2 2 2 2 2 2 2 2 2 2 2 2 2 2 2 2 2 2 2 2 2 2 2 2 2 2 2 2 2 2 2 2 2 2 2
left_child=2 3 -1 5 7 8 -5 61 12 10 11 21 -2 15 -15 16 26 19 -19 24 31 22 -10 -14 28 -26 27 -11 42 -30 34 32 33 -8 -9 -7 -37 -38 39 -39 -40 -6 43 -3 46 -46 49 48 53 50 -44 -51 54 -48 -53 -42 -57 58 -58 -17 -45 -4
right_child=1 17 4 6 41 35 20 30 9 13 -12 -13 23 14 -16 59 -18 18 -20 -21 -22 -23 -24 -25 25 -27 -28 -29 29 -31 -32 -33 -34 -35 -36 36 37 38 40 -41 55 -43 44 60 45 -47 47 -49 -50 51 -52 52 -54 -55 -56 56 57 -59 -60 -61 -62 -63
leaf_value=-1.4015224830141411 4.6858544553027439 8.0303460788726806 -0.88413952891416292 22.038328777660027 0.96676052692321912 3.7115948398461507 9.2392485034888061 0.13415419079016849 0.22317606018525421 6.0766936804769367 -14.894648194313049 17.22572006225586 8.4123275961194732 -0.50181369327363512 22.034083102544148 -8.692217223269818 17.945399032592775 8.3217251472473155 28.095223667003491 0.091414995546694161 17.418519053703701 -7.386057281494141 13.091532115936282 21.27498945253236 12.729792749475351 -5.6729137786503498 -3.2726549933938425 -3.6654260450793852 13.204445498188338 -4.5489333131096581 4.2114282574579125 16.933535156931196 -0.87437064647674567 -1.6544740200042725 3.7575099637562581 16.523010617633201 -3.6470278310775757 10.118080882693448 1.8125467219595184 26.344946921955454 13.618189343122337 3.7787714957069833 13.232481300830841 24.779967248099194 10.44316677585725 -7.1619697380065919 11.03182079808024 1.204752542291369 19.501907284235216 20.757253551483156 -3.8667381409675849 -1.0228213024139403 18.859936577933176 18.050655161324197 9.8987322439227192 0.10632855415344239 7.4158589972390079 4.0261060023307804 17.744870709603834 1.7276328201293947 15.809675635175504 0.10771924402750704
leaf_weight=17063 102 40 5708 22 1146 89 367 2034 107 463 32 25 42 21 30 39 25 25 27 27 39 40 20 28 44 29 34 31 24 22 175 28 36 20 176 43 20 43 59 22 52 319 32 35 31 20 149 28 97 26 31 20 28 59 114 35 36 40 31 25 47 2284
leaf_count=17063 102 40 5708 22 1146 89 367 2034 107 463 32 25 42 21 30 39 25 25 27 27 39 40 20 28 44 29 34 31 24 22 175 28 36 20 176 43 20 43 59 22 52 319 32 35 31 20 149 28 97 26 31 20 28 59 114 35 36 40 31 25 47 2284
internal_value=-0.0130397 8.10205 -0.855571 6.60175 -0.0689166 5.56887 9.69637 -0.301575 4.47667 3.74014 -0.248739 2.19225 8.29636 5.07773 12.7546 4.44318 5.49231 11.3163 18.5887 10.8975 9.14224 -0.0582743 2.24969 13.5574 11.2306 5.41913 4.90267 5.46535 11.7589 4.7137 0.700709 8.42656 7.86345 8.67627 0.422711 8.04141 9.05283 8.10248 8.84145 15.6103 7.10243 1.57907 12.187 15.8325 11.4866 3.53919 12.1806 13.9164 15.0833 9.87783 4.81858 11.5732 10.0992 13.0227 8.26865 8.7112 6.91428 9.14118 12.195 -4.62196 19.6385 -0.60068
internal_weight=31906 3001 28905 2046 11842 1534 512 10377 1064 892 224 192 172 668 51 617 553 955 52 903 490 167 127 70 876 73 528 494 803 46 2385 451 423 387 2210 470 381 338 318 65 253 1465 757 122 635 51 584 333 305 251 63 188 162 208 134 194 142 107 67 64 82 7992
internal_count=31906 3001 28905 2046 11842 1534 512 10377 1064 892 224 192 172 668 51 617 553 955 52 903 490 167 127 70 876 73 528 494 803 46 2385 451 423 387 2210 470 381 338 318 65 253 1465 757 122 635 51 584 333 305 251 63 188 162 208 134 194 142 107 67 64 82 7992
is_linear=0
shrinkage=0.05


Tree=52
num_leaves=63
num_cat=0
split_feature=25 7 7 36 6 28 32 32 5 33 38 18 10 24 32 33 33 31 33 10 34 34 31 31 31 32 21 31 36 31 32 32 29 4 32 18 10 38 8 24 36 32 33 34 31 36 31 36 21 31 36 33 36 24 38 8 10 36 32 32 31 31
split_gain=4.57809e+06 1.96525e+06 1.57948e+06 1.22731e+06 1.32021e+06 1.33952e+06 1.18668e+06 1.0063e+06 941114 1.3329e+06 856057 1.20076e+06 1.38708e+06 1.16886e+06 1.04244e+06 1.03603e+06 732840 713032 692440 663555 1.46552e+06 656153 644341 876195 910570 613400 722949 604303 688928 599557 588930 814481 585063 676846 710146 721857 749846 736667 877133 944567 1.05076e+06 923479 575752 726041 603024 541765 541411 539241 523618 519678 494342 489464 478466 475485 636323 520938 587241 650296 767005 758238 458407 445858
threshold=1.0000000180025095e-35 1.0000000180025095e-35 1.0000000180025095e-35 180.51666666666668 1.0000000180025095e-35 1.0000000180025095e-35 337.95000000000005 238.15000000000001 1.0000000180025095e-35 93.200000000000003 1.0000000180025095e-35 1.0000000180025095e-35 1.0000000180025095e-35 1.0000000180025095e-35 474.15000000000003 174.55000000000004 65.950000000000017 316.35000000000008 379.65000000000003 1.0000000180025095e-35 189.55000000000004 292.45000000000005 368.25000000000006 58.45000000000001 125.85000000000001 433.05000000000007 1.0000000180025095e-35 230.15000000000001 195.6166666666667 376.55000000000007 53.95000000000001 1.0000000180025095e-35 1.0000000180025095e-35 1.0000000180025095e-35 308.35000000000008 1.0000000180025095e-35 1.0000000180025095e-35 1.0000000180025095e-35 1.0000000180025095e-35 1.0000000180025095e-35 394.05000000000007 1.0000000180025095e-35 305.35000000000008 415.05000000000007 234.65000000000001 183.88333333333335 343.95000000000005 225.27083333333334 1.0000000180025095e-35 22.450000000000003 243.37500000000003 326.85000000000008 424.12500000000006 1.0000000180025095e-35 1.0000000180025095e-35 1.0000000180025095e-35 1.0000000180025095e-35 323.02500000000003 446.55000000000007 472.65000000000003 294.25000000000006 472.65000000000003
decision_type=2 2 2 2 2 2 2 2 2 2 2 2 2 2 2 2 2 2 2 2 2 2 2 2 2 2 2 2 2 2 2 2 2 2 2 2 2 2 2 2 2 2 2 2 2 2 2 2 2 2 2 2 2 2 2 2 2 2 2 2 2 2
left_child=1 3 6 -1 5 8 17 42 9 16 11 12 13 14 15 47 32 -2 50 45 60 -18 23 -9 -25 26 -4 28 -20 -29 31 -19 33 34 35 36 37 38 39 40 41 48 61 44 -44 -8 -12 -11 -5 -47 -17 -7 -51 54 55 56 57 59 -59 -36 -21 -3
right_child=2 7 25 4 -6 51 19 22 -10 10 46 -13 -14 -15 -16 18 21 30 27 20 -22 -23 -24 24 -26 -27 -28 29 -30 -31 -32 -33 -34 -35 53 -37 -38 -39 -40 -41 -42 -43 43 -45 -46 49 -48 -49 -50 52 -52 -53 -54 -55 -56 -57 -58 58 -60 -61 -62 -63
leaf_value=-0.76348083448197601 0.21152963050728479 -0.39025739522319197 3.2084810704675344 1.2096727974069774 -1.3129467097920327 -1.6440609595499656 -1.4581827261231162 4.9998510159858292 -0.85363933933686842 7.8034819030099447 -0.3680234858423429 -0.084864174848365975 0.23206524597234887 1.5426749379606919 14.120519140031604 0.35270047497943169 -1.9026368817862342 2.2954905437536475 2.7207582155863448 -8.5922235134669727 10.719017143249513 -11.83672757582231 4.1099763910888045 -2.6038263448242902 1.6810157222026547 12.504761837422848 11.123318201142389 -0.28075553618726279 13.578790218134722 8.0711100464517411 0.96815858530998244 8.0354059398892428 -1.0554378692975142 -0.98615376737194138 4.4511370364257266 -1.3085378077201815 -1.1642938440135633 -0.76883422019366465 -0.7843163000141179 -0.54445369273713495 3.6797010235384393 3.9292876171681921 -1.1573156835195029 11.337062308901833 3.9417125263717026 10.202635530744281 1.9696823994111143 17.885278295477232 -1.1005068772878404 3.516792333765959 5.3464390227952636 0.39575066035811574 9.4837737490733467 -0.58180180430197381 0.11075981559342896 0.35266151706133886 0.68723007263960667 4.8592310331170525 14.268968177564217 -2.1233389501388258 0.37962304477890335 3.2112917258687639
leaf_weight=10299 1258 1303 131 1147 1862 1350 44 146 1573 36 701 363 265 224 36 123 68 242 21 35 20 22 311 158 576 32 37 42 48 44 450 83 827 843 280 639 601 683 555 515 573 264 106 21 128 35 383 21 312 503 83 376 36 208 302 163 135 63 33 52 24 92
leaf_count=10299 1258 1303 131 1147 1862 1350 44 146 1573 36 701 363 265 224 36 123 68 242 21 35 20 22 311 158 576 32 37 42 48 44 450 83 827 843 280 639 601 683 555 515 573 264 106 21 128 35 383 21 312 503 83 376 36 208 302 163 135 63 33 52 24 92
internal_value=-0.0123877 -0.202842 1.87109 -0.338606 -0.062287 0.10436 1.55688 1.04608 0.288129 0.456373 1.49661 2.35873 3.29937 4.49824 5.95649 5.25337 0.156292 0.946494 4.26424 3.33724 -0.977678 -4.33097 2.15369 1.46232 0.758666 6.16013 4.95163 6.78874 10.2742 3.99229 2.13951 3.76138 0.205573 0.347111 0.519363 0.267203 0.483741 0.728361 1.03216 1.3908 1.82489 1.20805 0.246591 2.43115 1.6319 3.88883 0.457937 11.5178 0.715652 4.2987 2.36474 -1.1997 3.91533 1.59839 2.03952 2.84183 3.5625 4.46942 8.09383 3.4214 -4.94266 -0.152736
internal_weight=31906 28976 2930 26135 15836 13974 2730 2841 12248 10675 2390 1306 943 678 454 418 8285 2033 361 697 79 90 1191 880 734 200 168 155 69 86 775 325 8195 7368 6525 5289 4650 4049 3366 2811 2296 1723 1650 255 234 618 1084 57 1459 574 206 1726 539 1236 1028 726 563 428 96 332 59 1395
internal_count=31906 28976 2930 26135 15836 13974 2730 2841 12248 10675 2390 1306 943 678 454 418 8285 2033 361 697 79 90 1191 880 734 200 168 155 69 86 775 325 8195 7368 6525 5289 4650 4049 3366 2811 2296 1723 1650 255 234 618 1084 57 1459 574 206 1726 539 1236 1028 726 563 428 96 332 59 1395
is_linear=0
shrinkage=0.05


Tree=53
num_leaves=63
num_cat=0
split_feature=25 35 23 7 32 28 35 2 5 6 4 38 24 28 10 18 10 4 18 38 6 8 24 35 31 35 31 31 32 10 35 32 7 35 32 32 32 32 36 35 8 36 33 35 36 39 31 31 31 33 33 36 32 36 33 35 36 36 36 31 36 35
split_gain=4.13173e+06 2.13405e+06 1.65295e+06 1.42548e+06 1.07098e+06 982010 1.1069e+06 876659 860086 819730 786259 1.13314e+06 1.16236e+06 1.13638e+06 1.0708e+06 776917 733522 732312 826711 1.10991e+06 1.02319e+06 1.10885e+06 1.22246e+06 922403 730174 723013 645339 602947 717760 598858 836348 586342 575918 561813 553593 540849 715797 492418 488943 484132 486531 476241 957210 603105 573317 691625 652599 587665 469009 468037 459130 530617 448740 467455 689352 446142 442820 570482 431816 419425 418867 418503
threshold=1.0000000180025095e-35 818.95000000000016 1.0000000180025095e-35 1.0000000180025095e-35 337.95000000000005 1.0000000180025095e-35 431.65000000000003 1.0000000180025095e-35 1.0000000180025095e-35 1.0000000180025095e-35 1.0000000180025095e-35 1.0000000180025095e-35 1.0000000180025095e-35 1.0000000180025095e-35 1.0000000180025095e-35 1.0000000180025095e-35 1.0000000180025095e-35 1.0000000180025095e-35 1.0000000180025095e-35 1.0000000180025095e-35 1.0000000180025095e-35 1.0000000180025095e-35 1.0000000180025095e-35 728.6500000000002 488.35000000000008 940.45000000000016 308.35000000000008 408.75000000000006 283.95000000000005 1.0000000180025095e-35 949.45000000000016 203.00000000000003 1.0000000180025095e-35 1279.4000000000003 433.05000000000007 51.750000000000007 1.0000000180025095e-35 129.45000000000002 183.88333333333335 1279.4000000000003 1.0000000180025095e-35 166.41000000000003 2.6500000000000008 482.65000000000009 293.01666666666671 1.0000000180025095e-35 54.150000000000013 416.15000000000003 22.450000000000003 317.35000000000008 93.200000000000003 243.37500000000003 193.95000000000002 252.83333333333337 7.1500000000000012 702.05000000000007 208.11250000000004 313.22500000000008 424.12500000000006 56.250000000000007 140.98750000000004 1187.8500000000001
decision_type=2 2 2 2 2 2 2 2 2 2 2 2 2 2 2 2 2 2 2 2 2 2 2 2 2 2 2 2 2 2 2 2 2 2 2 2 2 2 2 2 2 2 2 2 2 2 2 2 2 2 2 2 2 2 2 2 2 2 2 2 2 2
left_child=1 5 9 4 26 6 -1 32 16 10 11 12 13 14 15 39 17 18 19 20 21 22 23 41 61 -17 59 28 -27 38 -31 37 33 -4 -5 36 -28 -15 -6 40 -3 43 44 -8 46 -46 -43 -47 -40 -30 -38 -52 -25 -54 -55 -44 -16 -58 -50 60 -2 -13
right_child=3 2 7 34 29 -7 8 -9 -10 -11 -12 24 -14 31 56 25 -18 -19 -20 -21 -22 -23 -24 52 -26 27 35 -29 49 30 -32 -33 -34 -35 -36 -37 50 -39 48 -41 -42 42 55 -45 45 47 -48 -49 58 -51 51 -53 53 54 -56 -57 57 -59 -60 -61 -62 -63
leaf_value=-0.56420057171510318 -0.32768412618076104 6.2564721695026932 1.12672988652573 4.7040482611173671 -1.3852734909816222 -1.470730339114136 3.2094395963321056 7.6512708913448257 -1.1850268772385819 -1.1887815066031677 -0.91114388385091338 -1.0419884591299386 -0.49163679250953152 1.3670013351873918 6.0837599726284255 -1.3977705333720554 -1.00035279095343 -0.88720255429280626 -0.73872832520005138 -0.33494934881430299 -0.49312449779559575 -0.25647050761153778 -0.059219414739215631 11.685475153923036 5.9113480644023166 12.921694211036929 2.1518213041609089 -0.49356555257524759 9.0965145857437815 -5.1737779789782588 5.3060268059372904 -1.031015291076711 6.11839440236258 5.5838954566273751 11.879523719847203 0.90462027087404917 11.348768711090088 10.829056887626649 9.6925038092476985 13.14541731746424 2.2091400514778341 6.0367865735834298 7.8443639317985445 -1.2252787997380148 6.0667120295963937 5.4220485437199359 0.79507287518700231 1.5571350362853729 3.3409527387758851 -0.034543462345997498 -0.74017204871544484 9.8105778401548207 1.572112035751343 4.9356036825647838 14.943118320270017 -0.045777820405505959 -1.7946115626009886 3.5888949670203747 9.0095849639839596 -0.18782144387352007 4.9235916073932202 1.2365729560051459
leaf_weight=13901 68 340 513 168 44 1917 133 86 1033 703 626 786 392 44 34 88 876 786 807 1189 583 542 470 30 47 31 251 42 23 47 32 254 86 82 32 481 40 20 35 21 95 66 122 181 178 129 592 414 503 36 26 22 61 79 22 21 151 73 36 1059 86 271
leaf_count=13901 68 340 513 168 44 1917 133 86 1033 703 626 786 392 44 34 88 876 786 807 1189 583 542 470 30 47 31 251 42 23 47 32 254 86 82 32 481 40 20 35 21 95 66 122 181 178 129 592 414 503 36 26 22 61 79 22 21 151 73 36 1059 86 271
internal_value=-0.0117683 -0.1927 0.76504 1.77754 1.47904 -0.384946 -0.291251 2.8945 0.165121 0.364427 0.688051 1.05235 1.88438 2.62831 3.50727 4.55316 0.356675 0.542273 0.742232 0.990597 1.42562 1.79359 2.23839 2.77088 -0.186647 2.1128 0.89917 4.45317 6.76165 3.17038 -0.928794 0.0467022 2.29379 1.74099 5.85212 1.98264 3.51223 4.32389 3.69438 5.73053 5.37257 2.42604 2.79181 0.653121 2.38802 3.36196 1.32084 2.47532 4.08377 3.52502 7.39249 4.09559 6.06836 5.02815 7.11546 6.68567 0.766864 -0.0401652 3.71956 0.16673 2.60485 -0.457797
internal_weight=31906 28976 4844 2930 2730 24132 22215 767 8314 4077 3374 2748 1644 1252 934 676 7281 6405 5619 4812 3623 3040 2498 2028 1104 220 2033 132 90 697 79 318 681 595 200 820 339 64 618 456 435 1836 1522 314 1379 721 658 543 574 59 88 48 192 162 101 143 258 224 539 1213 154 1057
internal_count=31906 28976 4844 2930 2730 24132 22215 767 8314 4077 3374 2748 1644 1252 934 676 7281 6405 5619 4812 3623 3040 2498 2028 1104 220 2033 132 90 697 79 318 681 595 200 820 339 64 618 456 435 1836 1522 314 1379 721 658 543 574 59 88 48 192 162 101 143 258 224 539 1213 154 1057
is_linear=0
shrinkage=0.05


Tree=54
num_leaves=63
num_cat=0
split_feature=25 35 23 32 28 35 31 2 10 8 29 4 38 18 34 2 11 2 35 11 32 35 34 4 35 21 34 10 28 4 10 38 31 4 36 32 32 34 35 32 36 35 32 35 31 31 32 29 28 31 32 36 29 36 36 36 10 38 36 10 34 36
split_gain=3.72889e+06 1.92598e+06 1.49178e+06 1.24199e+06 886264 998976 839311 791185 655974 634535 639212 651963 788033 960858 602154 589624 656016 586677 509786 505094 488019 487798 469515 464870 452379 408763 621840 402846 398336 549157 390303 455148 766938 656392 610788 523872 437327 425480 389932 488519 403555 386846 385440 553026 430476 406909 483044 382740 507084 491129 377832 358438 351378 436832 350230 645797 344460 341938 423546 367888 350606 334973
threshold=1.0000000180025095e-35 818.95000000000016 1.0000000180025095e-35 420.85000000000008 1.0000000180025095e-35 431.65000000000003 286.15000000000003 1.0000000180025095e-35 1.0000000180025095e-35 1.0000000180025095e-35 1.0000000180025095e-35 1.0000000180025095e-35 1.0000000180025095e-35 1.0000000180025095e-35 463.65000000000003 1.0000000180025095e-35 1.0000000180025095e-35 1.0000000180025095e-35 538.75000000000011 1.0000000180025095e-35 498.25000000000006 759.00000000000011 352.2000000000001 1.0000000180025095e-35 967.45000000000016 1.0000000180025095e-35 3.8500000000000001 1.0000000180025095e-35 1.0000000180025095e-35 1.0000000180025095e-35 1.0000000180025095e-35 1.0000000180025095e-35 493.85000000000008 1.0000000180025095e-35 299.32916666666671 394.35000000000008 234.05000000000004 480.2000000000001 838.80000000000018 65.250000000000014 436.42500000000001 1397.9500000000003 87.750000000000014 887.1500000000002 323.95000000000005 64.65000000000002 105.25000000000001 1.0000000180025095e-35 1.0000000180025095e-35 66.65000000000002 348.35000000000008 338.42000000000002 1.0000000180025095e-35 233.41666666666669 206.78750000000005 182.71250000000003 1.0000000180025095e-35 1.0000000180025095e-35 273.71250000000003 1.0000000180025095e-35 123.30000000000003 263.94166666666672
decision_type=2 2 2 2 2 2 2 2 2 2 2 2 2 2 2 2 2 2 2 2 2 2 2 2 2 2 2 2 2 2 2 2 2 2 2 2 2 2 2 2 2 2 2 2 2 2 2 2 2 2 2 2 2 2 2 2 2 2 2 2 2 2
left_child=1 4 15 6 5 -1 18 14 9 10 11 12 13 21 19 20 38 23 56 -4 30 -7 27 57 61 -23 -27 -5 29 52 31 33 42 35 -35 41 -36 54 -17 -40 -41 47 43 -33 -45 50 -47 49 -49 -3 -44 -9 -20 -54 55 -32 -2 59 -59 60 -8 -25
right_child=3 2 7 22 -6 8 17 51 -10 -11 -12 -13 -14 -15 -16 16 -18 -19 28 -21 -22 25 -24 24 -26 26 -28 -29 -30 -31 37 32 -34 34 36 -37 -38 -39 39 40 -42 -43 45 44 -46 46 -48 48 -50 -51 -52 -53 53 -55 -56 -57 -58 58 -60 -61 -62 -63
leaf_value=-0.53599053476883185 -0.1130035714441591 8.9593170289198554 1.2721526389616029 4.3876086634097611 -1.3971938244403808 1.4390067126008477 2.5937418664268086 5.2603669651093021 -1.0602186078684237 -0.90303466908697938 -0.84653404182891956 -0.72683729514936868 -0.22734028128029357 -0.54613768907317783 8.7675170175956971 6.0863133920563595 5.3663410910285343 6.2270097445357928 3.1586632267076795 5.2537346628404435 6.7574372379868128 6.2057340668696988 10.603934366362436 4.2575695702523895 -6.5205065464973444 -0.24411048946610414 9.0468255664991286 -1.7682903454221528 -2.2328616439319049 -2.0305250593357616 -2.8140629500150682 2.1510493049621586 8.7141412930055093 -2.4833187190755721 8.4225748968124403 0.14078293601032235 0.49635858797092941 6.0539206314086913 6.1426519341957881 0.070058586345830606 6.567780807733536 8.9429331734066917 -8.9813726993707501 -1.133281031109038 -10.188410039629256 6.2803130311625353 -0.38956679930811999 1.6532269013650489 -4.3946179065298532 2.3645649512899198 -0.8666838914155961 12.456919745604198 -4.991666783055952 4.2207320473410865 -1.771345775719587 7.3118129668697236 -5.2532539858537568 -3.2336823625079654 2.6392723675817251 -0.94004104679281064 6.1277954145883911 -3.9429376697540288
leaf_weight=13901 787 30 555 318 1917 2884 700 62 977 928 779 717 1199 622 33 36 101 88 410 93 27 102 28 33 30 83 23 29 61 72 32 25 22 248 20 497 134 20 39 541 25 21 26 21 35 28 889 132 47 479 32 24 31 22 539 31 34 59 64 66 78 20
leaf_count=13901 787 30 555 318 1917 2884 700 62 977 928 779 717 1199 622 33 36 101 88 410 93 27 102 28 33 30 83 23 29 61 72 32 25 22 248 20 497 134 20 39 541 25 21 26 21 35 28 889 132 47 479 32 24 31 22 539 31 34 59 64 66 78 20
internal_value=-0.0111799 -0.183065 0.726788 1.68866 -0.365699 -0.276688 1.29428 2.74978 0.156865 0.318933 0.495869 0.681612 0.88716 1.24696 2.1791 0.346206 1.62098 2.30551 0.482159 1.84358 0.0625831 1.60766 4.3757 1.97685 -1.61415 3.94616 1.77185 3.87314 1.59524 2.03172 0.0079395 0.269294 -0.525632 0.802212 -0.947511 1.38545 1.52574 -1.12068 1.03084 0.730016 0.35706 2.25795 -0.718128 -4.03231 -6.79274 -0.442796 -0.185906 2.0539 0.0652453 2.75325 -4.5043 7.26871 2.66343 -1.16765 -1.35904 2.16851 -0.325876 2.28508 -0.177836 2.64401 2.94806 1.16304
internal_weight=31906 28976 4844 2930 24132 22215 2555 767 8314 7337 6409 5630 4913 3714 681 4077 742 1138 1417 648 3335 3092 375 1050 83 208 106 347 596 535 3308 2686 1078 1608 402 1206 154 622 641 605 566 709 1056 81 56 975 917 688 179 509 58 86 463 53 602 63 821 967 123 844 778 53
internal_count=31906 28976 4844 2930 24132 22215 2555 767 8314 7337 6409 5630 4913 3714 681 4077 742 1138 1417 648 3335 3092 375 1050 83 208 106 347 596 535 3308 2686 1078 1608 402 1206 154 622 641 605 566 709 1056 81 56 975 917 688 179 509 58 86 463 53 602 63 821 967 123 844 778 53
is_linear=0
shrinkage=0.05


Tree=55
num_leaves=63
num_cat=0
split_feature=9 36 39 35 4 31 31 31 35 31 31 31 35 32 6 24 31 31 32 32 31 31 31 34 35 34 36 35 32 36 31 32 34 32 36 29 33 13 34 23 35 34 31 35 36 35 39 33 34 33 18 21 36 36 31 36 36 4 31 39 32 32
split_gain=7.43391e+07 6.34989e+06 3.25136e+06 1.97404e+06 2.12461e+06 2.16128e+06 1.43658e+06 1.52088e+06 2.50909e+06 1.53394e+06 2.21686e+06 1.34244e+06 1.87898e+06 1.62207e+06 1.34136e+06 2.07365e+06 1.49597e+06 1.30406e+06 2.42552e+06 1.25773e+06 1.30341e+06 1.53354e+06 1.77437e+06 1.22451e+06 1.31305e+06 1.16417e+06 1.14236e+06 1.12837e+06 1.11707e+06 2.2209e+06 1.20781e+06 1.84715e+06 1.02889e+06 980116 967415 1.53134e+06 1.10287e+06 963269 891667 884365 1.08004e+06 1.00418e+06 881676 869788 792737 788909 758836 1.01051e+06 675892 1.3714e+06 655384 611349 561725 684383 1.14885e+06 1.06291e+06 550798 764427 639270 537243 529798 519535
threshold=1.0000000180025095e-35 303.91666666666674 1.0000000180025095e-35 818.95000000000016 1.0000000180025095e-35 355.65000000000003 481.05000000000007 326.15000000000003 485.05000000000007 52.150000000000013 115.25000000000001 420.25000000000006 958.55000000000007 253.05000000000004 1.0000000180025095e-35 1.0000000180025095e-35 310.25000000000006 98.15000000000002 254.95000000000002 171.95000000000002 87.350000000000009 77.15000000000002 62.750000000000007 20.850000000000005 184.45000000000002 392.15000000000003 403.42500000000001 434.4500000000001 193.95000000000002 266.78333333333336 410.45000000000005 83.450000000000017 271.35000000000008 491.15000000000003 273.71250000000003 1.0000000180025095e-35 111.75000000000001 1.0000000180025095e-35 437.80000000000001 1.0000000180025095e-35 987.70000000000016 310.45000000000005 191.85000000000005 662.50000000000011 142.31000000000003 794.6500000000002 1.0000000180025095e-35 64.050000000000011 114.55000000000001 305.35000000000008 1.0000000180025095e-35 1.0000000180025095e-35 309.52500000000003 424.12500000000006 450.45000000000005 370.65000000000009 238.91250000000005 1.0000000180025095e-35 201.65000000000001 1.0000000180025095e-35 433.05000000000007 159.75000000000003
decision_type=2 2 2 2 2 2 2 2 2 2 2 2 2 2 2 2 2 2 2 2 2 2 2 2 2 2 2 2 2 2 2 2 2 2 2 2 2 2 2 2 2 2 2 2 2 2 2 2 2 2 2 2 2 2 2 2 2 2 2 2 2 2
left_child=2 3 45 6 11 42 7 9 27 23 17 14 -13 -14 15 34 -17 19 -19 46 21 22 -21 24 -2 33 37 -9 29 30 43 -32 -16 39 36 48 -5 44 -27 41 -41 52 -6 -10 -4 -1 47 -11 49 -36 56 -46 -3 54 59 -56 57 -12 -58 -54 -38 -26
right_child=1 25 26 4 5 -7 -8 8 28 10 50 12 13 -15 32 16 -18 18 -20 20 -22 -23 -24 -25 61 38 -28 -29 -30 -31 31 -33 -34 -35 35 -37 60 -39 -40 40 -42 -43 -44 -45 51 -47 -48 -49 -50 -51 -52 -53 53 -55 55 -57 58 -59 -60 -61 -62 -63
leaf_value=-1.1148101222314768 1.0346877504278111 17.096322772105534 -1.4826833262032295 6.0016422562482887 0.98208424494816704 -9.614409572283428 -7.4714459159157505 10.229382705688478 -0.87903628556624713 -0.32558891922235489 5.4374753748702114 27.782496737397238 -0.17749018669128419 17.399926392691476 -3.4398805721386063 6.7961402788394842 -9.8836297768354413 1.4219558264659002 -15.059445459702438 -1.41009521484375 18.054073829650878 -5.7486124174935478 15.941563460406137 0.94258094775049317 20.591855154037475 26.378565470377609 1.4798527297427537 25.779107339041577 12.629744279609538 -9.3862174835205092 3.7873133572665125 24.782503166198733 9.8528287529945384 21.482167271205359 5.1344051361083984 -2.7665157106187608 16.296689242330093 1.2370869178047352 13.655356554985048 9.2156029484488737 24.553008270263675 -0.21724522632101309 14.271848879133664 11.401733239491781 -0.48058985981709174 -2.186095453107892 6.3509550412495939 -13.110910387039183 4.8254220946081752 21.362401192982993 0.11039435068766278 0.55777956520023442 9.1071546774910352 13.276606775240134 -3.7153028888087123 9.8543705339784982 13.627565178638552 -2.8974470450960359 6.6298157310485841 13.370846587112268 8.4154314346313477 11.771328325023745
leaf_weight=15114 27 30 1563 41 26 30 22 20 46 68 535 23 21 35 37 41 20 65 34 26 20 28 34 38 20 21 977 28 53 25 22 20 24 21 23 27 145 926 40 22 24 23 24 21 6550 1939 27 20 29 30 54 1809 310 131 31 27 41 29 160 97 25 101
leaf_count=15114 27 30 1563 41 26 30 22 20 46 68 535 23 21 35 37 41 20 65 34 26 20 28 34 38 20 21 977 28 53 25 22 20 24 21 23 27 145 926 40 22 24 23 24 21 6550 1939 27 20 29 30 54 1809 310 131 31 27 41 29 160 97 25 101
internal_value=-0.0210755 7.5226 -0.794826 6.14207 8.58192 0.995328 5.21635 5.39505 9.10253 4.73849 4.05213 9.74685 15.7502 10.8084 8.67384 9.77598 1.32736 0.53725 -4.23832 2.65735 6.53214 3.91352 8.42251 8.9489 11.0046 11.4048 -0.15771 19.3001 6.48499 4.0546 7.13735 13.785 1.79004 10.8399 11.3865 7.56151 13.3624 -0.305193 18.0355 10.5183 17.2177 10.0435 7.36117 2.97016 -0.449131 -1.23662 -0.981587 -3.23134 10.9622 14.3201 5.43405 -0.255873 10.4205 10.0844 9.18513 2.60161 5.80984 5.00891 8.05722 10.1233 15.1377 13.2293
internal_weight=31840 2962 28878 2185 601 80 1584 1562 235 1327 1141 521 79 56 442 381 61 322 99 223 108 88 60 186 148 777 11825 48 187 134 109 42 61 716 320 109 211 10848 61 695 46 649 50 67 9922 17053 115 88 82 53 819 8359 626 596 465 58 765 564 201 407 170 121
internal_count=31840 2962 28878 2185 601 80 1584 1562 235 1327 1141 521 79 56 442 381 61 322 99 223 108 88 60 186 148 777 11825 48 187 134 109 42 61 716 320 109 211 10848 61 695 46 649 50 67 9922 17053 115 88 82 53 819 8359 626 596 465 58 765 564 201 407 170 121
is_linear=0
shrinkage=0.05


Tree=56
num_leaves=63
num_cat=0
split_feature=25 7 35 32 1 2 23 32 10 34 36 31 34 24 35 32 31 35 28 6 36 13 33 32 32 31 13 31 35 29 31 40 23 32 28 18 23 31 33 32 31 35 32 32 2 34 31 31 31 33 31 33 32 36 36 31 34 31 36 34 40 31
split_gain=3.34696e+06 1.91628e+06 1.12683e+06 1.12274e+06 1.07958e+06 1.02267e+06 1.39158e+06 950575 931196 865123 785048 821473 749129 595309 586094 585658 538638 501684 499084 541265 544129 453768 449612 479708 791627 430417 431492 420110 488524 411529 369595 358324 356262 350195 342458 338478 336204 480036 1.07199e+06 423922 713336 349900 335695 440067 330003 495206 553210 328709 324819 324712 321282 321190 940583 386044 337975 370670 318941 318490 455078 621429 386000 438548
threshold=1.0000000180025095e-35 1.0000000180025095e-35 902.1500000000002 352.45000000000005 1.0000000180025095e-35 1.0000000180025095e-35 1.0000000180025095e-35 456.35000000000008 1.0000000180025095e-35 312.75000000000006 89.916666666666671 25.650000000000002 345.80000000000001 1.0000000180025095e-35 1155.7500000000002 470.75000000000006 343.95000000000005 1203.6500000000003 1.0000000180025095e-35 1.0000000180025095e-35 303.91666666666674 1.0000000180025095e-35 357.45000000000005 71.15000000000002 168.15000000000001 213.95000000000002 1.0000000180025095e-35 62.750000000000007 532.95000000000016 1.0000000180025095e-35 244.95000000000002 2.5000000000000004 1.0000000180025095e-35 231.95000000000002 1.0000000180025095e-35 1.0000000180025095e-35 1.0000000180025095e-35 432.55000000000007 207.65000000000001 268.35000000000008 133.85000000000005 1155.7500000000002 28.750000000000004 1.0000000180025095e-35 1.0000000180025095e-35 273.55000000000007 482.95000000000005 430.35000000000008 21.350000000000005 446.85000000000008 442.85000000000008 3.5500000000000003 65.250000000000014 211.48750000000004 234.53750000000005 462.55000000000007 316.45000000000005 323.95000000000005 259.61250000000007 461.10000000000008 1.0000000180025095e-35 148.65000000000001
decision_type=2 2 2 2 2 2 2 2 2 2 2 2 2 2 2 2 2 2 2 2 2 2 2 2 2 2 2 2 2 2 2 2 2 2 2 2 2 2 2 2 2 2 2 2 2 2 2 2 2 2 2 2 2 2 2 2 2 2 2 2 2 2
left_child=1 5 8 25 7 12 15 44 9 10 -2 -12 18 16 -8 22 21 34 19 20 -1 27 30 -24 49 32 33 28 -13 -22 -7 -19 48 42 -5 47 37 57 -39 40 -38 -42 43 -27 45 46 -4 -26 -3 -25 -20 54 -53 -54 -18 -56 -9 58 59 -14 -60 -62
right_child=2 3 4 17 -6 6 14 56 -10 -11 11 13 36 -15 -16 -17 51 31 50 -21 29 -23 23 24 35 26 -28 -29 -30 -31 -32 -33 -34 -35 -36 -37 39 38 -40 -41 41 -43 -44 -45 -46 -47 -48 -49 -50 -51 -52 52 53 -55 55 -57 -58 -59 60 -61 61 -63
leaf_value=-0.45463323128061167 -2.5968985720425701 2.0139365551397974 3.0389020306385501 2.6626725707309586 -7.7418859413691941 -0.87595516898655235 3.7890397778031422 6.5865822212460152 -2.8576959453418223 8.4290366688654537 5.3857910636479289 -9.0256149252255753 0.95475148347516869 -2.6892996126727056 12.83505304336548 3.8306426246783567 7.5085486955420926 1.9872141804013932 -0.9502492634281593 -1.1656187671958322 0.37703844107604623 5.3949352223499147 6.3953952813148502 -0.97055546085039779 2.5125825245619606 0.5227677424982432 4.6221596452593801 0.7663643197514951 1.5551899254322052 -1.1344316110043964 0.49591360111266342 8.2456009730245139 3.3112765323122342 2.2622556394784694 -1.3860132469185469 -2.622526205437524 12.733977493286133 11.821812882094548 -1.1775295393807548 0.24269886603431098 -0.84650688176043332 7.1399763325850181 -0.76964238898368897 4.5599410450936837 5.9032138912301315 0.25846582757330488 11.682140460014345 9.3313107931613928 -1.0823927455320488 -8.8670180668001599 -2.7427544020401893 7.7720787448267785 -6.2387544142233367 0.58900823491684939 1.9381864738361589 5.4950529439108715 13.261086329546842 -1.9672263866442223 -1.0914369901021324 -4.9123825388439641 9.9564293540757287 2.6740340875254738
leaf_weight=14350 129 97 249 525 21 926 171 96 142 42 123 24 192 95 20 112 43 35 1938 2043 3687 51 50 30 152 405 80 1099 20 513 1045 66 60 314 58 28 25 29 35 63 32 24 393 81 76 174 20 20 668 23 287 31 37 47 290 98 22 135 39 59 29 72
leaf_count=14350 129 97 249 525 21 926 171 96 142 42 123 24 192 95 20 112 43 35 1938 2043 3687 51 50 30 152 405 80 1099 20 513 1045 66 60 314 58 28 25 29 35 63 32 24 393 81 76 174 20 20 668 23 287 31 37 47 290 98 22 135 39 59 29 72
internal_value=-0.0200218 -0.18319 1.59055 1.06434 3.4125 -0.316017 0.629637 3.78022 1.06266 1.32414 1.18116 1.43007 -0.419488 1.16492 4.73627 0.3009 1.37535 2.8235 -0.470064 -0.3932 -0.30813 0.780457 0.127051 1.9202 1.03577 0.490809 1.06734 0.574561 -4.21616 0.192423 -0.148607 6.07685 -0.3988 0.828965 2.25989 2.47554 1.15277 0.624112 4.7128 3.31882 5.71137 2.57627 0.316959 1.19563 2.85924 2.33703 3.68152 3.30546 -0.689786 -4.39732 -1.18146 2.67627 0.328556 -2.41846 3.30268 2.83657 7.83098 0.126629 0.849572 -0.424376 3.13358 4.76502
internal_weight=31840 28911 2929 2782 658 26129 2577 637 2271 2129 2087 1958 23552 1835 191 2386 1740 684 22818 20593 18550 1194 2274 303 253 2098 1273 1143 44 4200 1971 101 825 1193 583 200 734 590 64 144 81 56 879 486 519 443 269 172 765 53 2225 546 115 84 431 388 118 526 391 251 140 101
internal_count=31840 28911 2929 2782 658 26129 2577 637 2271 2129 2087 1958 23552 1835 191 2386 1740 684 22818 20593 18550 1194 2274 303 253 2098 1273 1143 44 4200 1971 101 825 1193 583 200 734 590 64 144 81 56 879 486 519 443 269 172 765 53 2225 546 115 84 431 388 118 526 391 251 140 101
is_linear=0
shrinkage=0.05


Tree=57
num_leaves=63
num_cat=0
split_feature=9 36 7 1 35 4 31 35 7 36 35 34 12 31 31 31 23 31 11 35 32 31 32 31 35 31 36 32 36 13 36 36 31 11 31 23 36 34 34 34 32 32 32 35 32 36 31 31 31 32 35 36 36 32 32 32 32 32 23 36 35 40
split_gain=6.68515e+07 5.61487e+06 2.04368e+06 1.76851e+06 2.09338e+06 1.88773e+06 2.06828e+06 1.63533e+06 1.50203e+06 2.01827e+06 1.56543e+06 1.57112e+06 1.49766e+06 1.46055e+06 1.79856e+06 1.65771e+06 1.18002e+06 1.17652e+06 1.15947e+06 1.08629e+06 1.01749e+06 1.76456e+06 1.63488e+06 975028 1.62403e+06 971295 959891 924957 867142 956160 861027 1.09652e+06 940370 851314 851048 840045 825387 1.07058e+06 1.64974e+06 815549 802832 732130 1.51429e+06 683330 618054 613622 609518 1.91439e+06 768360 581283 1.36645e+06 822275 578727 572657 571568 627148 733060 803614 569734 561430 649990 549212
threshold=1.0000000180025095e-35 303.91666666666674 1.0000000180025095e-35 1.0000000180025095e-35 818.95000000000016 1.0000000180025095e-35 355.65000000000003 1096.7500000000002 1.0000000180025095e-35 293.01666666666671 1140.1000000000001 329.50000000000006 1.0000000180025095e-35 115.25000000000001 19.150000000000002 458.45000000000005 1.0000000180025095e-35 430.35000000000008 1.0000000180025095e-35 1531.0000000000002 354.35000000000008 77.15000000000002 312.15000000000003 326.15000000000003 485.05000000000007 191.85000000000005 263.94166666666672 206.95000000000002 180.51666666666668 1.0000000180025095e-35 234.53750000000005 178.11250000000004 394.65000000000003 1.0000000180025095e-35 215.95000000000002 1.0000000180025095e-35 309.52500000000003 22.100000000000005 387.95000000000005 29.350000000000005 296.25000000000006 28.750000000000004 115.15000000000002 1008.7500000000001 438.55000000000007 453.55000000000007 129.75000000000003 85.750000000000014 187.85000000000005 268.35000000000008 645.45000000000016 224.28750000000005 323.02500000000003 29.850000000000005 466.85000000000008 446.55000000000007 422.85000000000008 402.85000000000008 1.0000000180025095e-35 113.11250000000003 639.85000000000014 4.5000000000000009
decision_type=2 2 2 2 2 2 2 2 2 2 2 2 2 2 2 2 2 2 2 2 2 2 2 2 2 2 2 2 2 2 2 2 2 2 2 2 2 2 2 2 2 2 2 2 2 2 2 2 2 2 2 2 2 2 2 2 2 2 2 2 2 2
left_child=2 3 16 4 12 7 25 17 9 10 40 -12 13 14 28 23 53 41 -18 34 22 -22 -16 49 -25 -7 -19 30 29 -2 31 -26 -32 44 52 36 -36 45 -39 59 -9 -6 -43 -37 -4 54 47 -44 -48 58 -51 -52 -3 -1 55 56 57 -38 -15 -14 61 -61
right_child=1 19 33 -5 5 6 -8 8 -10 -11 11 -13 39 15 20 -17 18 26 -20 -21 21 -23 -24 24 27 -27 -28 -29 -30 -31 32 -33 -34 -35 35 43 37 38 -40 -41 -42 42 46 -45 -46 -47 48 -49 -50 50 51 -53 -54 -55 -56 -57 -58 -59 -60 60 -62 -63
leaf_value=-0.77125634088589079 -2.0989808181921643 10.524527404785157 0.036458240925673062 -5.650652450503725 18.525635004043579 0.86291729853703425 -9.5511028018380912 -8.7936468505859384 16.786738409598669 -11.429540576934816 2.8852724321426884 18.679175630956887 6.084642231464386 4.1529668188345621 0.39324069461822514 -4.2617263980028106 -0.15388749332091708 12.202257763255727 4.0335511291294956 21.038753751754761 3.6163808610704211 -14.002673543294271 13.13375314985003 18.500323566637544 1.1218559091741389 14.968567723813266 27.337144737243655 13.538538444042207 17.453670111156647 10.715286711099985 6.4631775362738253 16.288885101905237 -6.5036139311613868 3.6609550065154517 17.461457276344301 10.538444131353629 9.1513172827700462 -3.6388215523017085 12.899299270629882 2.2433456743917159 4.9037387101546583 -0.14163650063907399 8.2331741922242312 22.8642722975124 2.6361753696297097 14.107911427815758 2.9293185093823606 26.802720633797026 11.210514997086435 11.450958618930741 -4.712802113019503 6.7665218555010291 20.609945239442769 -1.2650790630376718 3.1882539536501913 17.886475105719136 0.34119334356351333 18.586609490712487 11.222073135375977 11.299337143368192 6.3084615554809575 20.03315126630995
leaf_weight=12769 24 25 2288 33 26 26 28 20 24 20 31 32 38 571 250 41 2319 22 178 25 27 30 28 38 22 23 20 38 21 37 29 26 27 203 31 23 378 38 25 31 23 34 35 22 254 72 34 23 159 102 26 39 33 10867 37 22 22 24 30 36 25 36
leaf_count=12769 24 25 2288 33 26 26 28 20 24 20 31 32 38 571 250 41 2319 22 178 25 27 30 28 38 22 23 20 38 21 37 29 26 27 203 31 23 378 38 25 31 23 34 35 22 254 72 34 23 159 102 26 39 33 10867 37 22 22 24 30 36 25 36
internal_value=-0.0190207 7.13467 -0.75277 5.83649 6.01265 8.58 1.28938 9.69606 5.32254 3.13888 5.88764 10.9076 5.0654 4.53512 2.05332 5.58153 -0.889093 11.5545 0.144616 10.7853 0.428708 -5.65681 1.67646 6.00725 9.31946 7.48394 19.4093 6.86261 8.69045 5.67361 4.42333 9.33733 0.211332 0.545056 10.4444 9.95811 9.50005 9.10069 2.92392 9.55687 -1.46714 10.4937 9.76097 16.5644 0.296225 9.80184 11.1024 15.597 9.75165 5.23094 7.84047 2.17479 16.2628 -0.998299 9.15994 9.65535 9.22826 9.71462 4.50583 11.2363 13.2544 15.6662
internal_weight=31840 2962 28878 2185 2152 580 77 503 150 126 106 63 1572 1406 417 989 26133 353 2497 777 335 57 278 948 180 49 42 142 82 61 104 48 56 2745 752 694 649 618 63 166 43 311 285 45 2542 555 251 58 193 768 167 65 58 23636 483 446 424 402 601 135 97 72
internal_count=31840 2962 28878 2185 2152 580 77 503 150 126 106 63 1572 1406 417 989 26133 353 2497 777 335 57 278 948 180 49 42 142 82 61 104 48 56 2745 752 694 649 618 63 166 43 311 285 45 2542 555 251 58 193 768 167 65 58 23636 483 446 424 402 601 135 97 72
is_linear=0
shrinkage=0.05


Tree=58
num_leaves=63
num_cat=0
split_feature=9 36 25 25 12 31 36 7 31 33 33 21 31 31 33 34 36 2 32 31 31 11 35 31 33 2 23 32 33 33 35 32 35 35 33 31 23 36 33 31 32 35 35 32 31 11 2 11 36 35 35 31 32 32 32 36 34 35 36 33 33 36
split_gain=6.03334e+07 5.06742e+06 2.45678e+06 2.31167e+06 1.61466e+06 1.75518e+06 1.79662e+06 1.48658e+06 1.45706e+06 1.24349e+06 2.30638e+06 1.22957e+06 1.95864e+06 1.3782e+06 1.26004e+06 1.33569e+06 2.16196e+06 1.07328e+06 1.0652e+06 1.29619e+06 1.69064e+06 1.0103e+06 980381 954933 925460 924550 1.21311e+06 860125 850094 813914 792178 780542 1.48073e+06 1.64529e+06 974568 768071 758141 744912 1.08874e+06 728820 728215 719243 938693 685088 1.00249e+06 684149 678077 632432 630161 621638 616705 612528 1.53362e+06 795770 1.57995e+06 611017 600732 583828 573608 572117 1.08576e+06 522301
threshold=1.0000000180025095e-35 303.91666666666674 1.0000000180025095e-35 1.0000000180025095e-35 1.0000000180025095e-35 460.75000000000006 170.31000000000003 1.0000000180025095e-35 248.95000000000002 172.55000000000004 11.65 1.0000000180025095e-35 100.45000000000002 410.45000000000005 407.65000000000003 157.35000000000005 272.41250000000008 1.0000000180025095e-35 13.15 73.050000000000011 234.65000000000001 1.0000000180025095e-35 1531.0000000000002 146.55000000000004 15.850000000000003 1.0000000180025095e-35 1.0000000180025095e-35 466.85000000000008 90.950000000000017 283.45000000000005 806.05000000000007 333.65000000000003 532.95000000000016 582.6500000000002 293.25000000000006 215.95000000000002 1.0000000180025095e-35 309.52500000000003 453.55000000000007 339.55000000000007 389.15000000000003 679.95000000000016 770.85000000000025 312.15000000000003 115.25000000000001 1.0000000180025095e-35 1.0000000180025095e-35 1.0000000180025095e-35 261.05833333333339 498.35000000000008 1008.7500000000001 339.55000000000007 414.85000000000008 254.95000000000002 158.25000000000003 444.47500000000008 245.35000000000005 832.35000000000025 276.51666666666671 343.35000000000008 370.25000000000006 323.02500000000003
decision_type=2 2 2 2 2 2 2 2 2 2 2 2 2 2 2 2 2 2 2 2 2 2 2 2 2 2 2 2 2 2 2 2 2 2 2 2 2 2 2 2 2 2 2 2 2 2 2 2 2 2 2 2 2 2 2 2 2 2 2 2 2 2
left_child=3 2 4 7 5 6 8 25 29 10 -7 13 40 14 31 16 -16 21 -6 49 -21 55 35 -14 -22 30 45 51 -10 -2 -1 34 -33 -34 43 61 37 -37 -39 -4 -13 -35 -43 44 -8 -27 47 -9 -44 -20 -38 52 57 54 -53 -5 -50 -25 -15 -36 -61 -3
right_child=1 22 39 17 18 9 11 46 28 -11 -12 12 23 58 15 -17 -18 -19 19 20 24 -23 -24 27 -26 26 -28 -29 -30 -31 -32 32 33 41 59 36 50 38 -40 -41 -42 42 48 -45 -46 -47 -48 -49 56 -51 -52 53 -54 -55 -56 -57 -58 -59 -60 60 -62 -63
leaf_value=-0.96830254887361322 2.1285556714696487 9.99830079650879 9.7334379955873658 -0.04344981666644019 18.384409614120212 2.3698221087455749 -4.4419443675449921 -0.19608344105400494 12.923242526151697 6.9548012473366487 -18.998863095822543 25.898424873352056 -2.7223452134565878 16.336750566637193 -6.9702518413464238 -11.721244575666345 15.288444223403932 4.3378887725933906 8.7250698501413524 -5.4081173777580265 15.933900370964636 3.9196292922610327 19.986815996170044 6.9440868084247303 3.6246513015515101 -0.62450357161574421 3.9220656869535371 18.089576349258422 0.69075298547744757 -6.5095866747971245 -1.8658380153917768 -7.2350150137236628 17.095894726839933 -6.399082973003388 15.198582917168029 16.588384434484666 10.011521715962369 9.1520311104261314 -0.052057510263779583 17.860776793294484 12.405695152282716 13.164945110407743 -5.2998588959376018 11.549568867683412 5.3075487462292728 2.6867407135797681 2.9995107105734511 2.8801992280048561 0.95300449927647923 17.72668265174417 21.721058241345666 7.2259793132543564 -1.5117638795272166 9.3293206193230382 -10.424011475699288 4.1136422792206639 10.930635970289059 16.03666629227725 5.9905465625581291 -1.0449436914353143 15.233142938613893 19.57944804321636
leaf_weight=18382 457 25 118 2254 28 28 28 2171 49 22 23 20 22 37 24 23 20 186 44 32 26 189 25 26 37 2027 178 20 20 29 2838 33 22 20 42 31 23 584 34 36 20 22 24 40 452 169 211 181 48 34 22 32 23 44 21 92 22 55 21 21 20 33
leaf_count=18382 457 25 118 2254 28 28 28 2171 49 22 23 20 22 37 24 23 20 186 44 32 26 189 25 26 37 2027 178 20 20 29 2838 33 22 20 42 31 23 584 34 36 20 22 24 40 452 169 211 181 48 34 22 32 23 44 21 92 22 55 21 21 20 33
internal_value=-0.0180696 6.77793 5.54467 -0.715132 5.083 4.61577 4.9314 -0.859416 2.57842 -2.981 -7.26704 6.01785 8.89962 5.13042 4.62787 -1.9568 3.14734 0.671877 9.33685 7.87251 3.95088 0.402891 10.246 7.21197 8.70466 -0.983651 -0.0478862 8.20091 9.37759 1.61311 -1.08834 5.1835 2.39803 4.40999 6.0658 9.92216 9.46021 9.02505 8.64566 11.6333 19.1521 2.35786 3.86768 5.26273 4.73883 -0.369676 0.284243 0.0406543 1.69172 12.6488 15.7362 7.21696 9.88262 4.35894 0.232587 0.119573 4.08883 13.1181 12.5907 11.0971 6.89559 15.4496
internal_weight=31840 2962 2185 28878 2031 1830 1757 26157 555 73 51 1202 283 919 861 67 44 2721 201 173 95 2535 777 243 63 23594 2374 221 69 486 21220 794 191 158 603 752 694 649 618 154 40 136 116 520 480 2196 2563 2352 94 78 45 201 104 97 53 2346 70 81 58 83 41 58
internal_count=31840 2962 2185 28878 2031 1830 1757 26157 555 73 51 1202 283 919 861 67 44 2721 201 173 95 2535 777 243 63 23594 2374 221 69 486 21220 794 191 158 603 752 694 649 618 154 40 136 116 520 480 2196 2563 2352 94 78 45 201 104 97 53 2346 70 81 58 83 41 58
is_linear=0
shrinkage=0.05


Tree=59
num_leaves=63
num_cat=0
split_feature=9 36 39 25 12 31 36 31 36 40 36 12 35 39 31 13 31 36 36 35 36 31 39 35 35 35 31 31 35 35 35 27 35 40 39 31 31 31 35 35 40 35 40 31 35 31 31 31 31 18 35 35 29 35 35 35 25 36 36 35 36 36
split_gain=5.44509e+07 4.57335e+06 2.27415e+06 2.21724e+06 1.45723e+06 1.58405e+06 1.62145e+06 1.315e+06 1.21752e+06 1.09922e+06 972946 889245 884794 869865 865612 787990 772430 827962 777041 1.21183e+06 750314 693184 800410 900657 692582 660163 657760 639820 1.06661e+06 861079 767029 639661 630391 765442 622802 616926 577253 970734 1.68695e+06 698570 482407 465080 517716 514803 1.68328e+06 3.43439e+06 1.16444e+06 1.41457e+06 1.02188e+06 723038 1.39177e+06 1.31775e+06 713043 1.61903e+06 655199 599680 427497 423592 1.32457e+06 760313 405090 843074
threshold=1.0000000180025095e-35 303.91666666666674 1.0000000180025095e-35 1.0000000180025095e-35 1.0000000180025095e-35 460.75000000000006 170.31000000000003 248.95000000000002 282.51250000000005 4.5000000000000009 409.72500000000008 1.0000000180025095e-35 1531.0000000000002 1.0000000180025095e-35 4.9500000000000011 1.0000000180025095e-35 380.65000000000003 175.51666666666668 252.83333333333337 818.95000000000016 258.24166666666673 215.95000000000002 1.0000000180025095e-35 1397.9500000000003 383.65000000000009 477.25000000000006 339.55000000000007 476.65000000000003 1279.4000000000003 1083.5500000000002 978.05000000000007 1.0000000180025095e-35 741.05000000000007 4.5000000000000009 1.0000000180025095e-35 486.35000000000008 392.85000000000008 73.050000000000011 423.15000000000009 498.35000000000008 5.5000000000000009 1170.4500000000003 4.5000000000000009 115.25000000000001 812.6500000000002 98.15000000000002 127.75000000000001 144.45000000000002 64.65000000000002 1.0000000180025095e-35 860.05000000000007 623.6500000000002 1.0000000180025095e-35 909.35000000000014 578.35000000000025 1055.7500000000002 1.0000000180025095e-35 211.48750000000004 236.61000000000004 607.45000000000016 161.38750000000002 158.61000000000001
decision_type=2 2 2 2 2 2 2 2 2 2 2 2 2 2 2 2 2 2 2 2 2 2 2 2 2 2 2 2 2 2 2 2 2 2 2 2 2 2 2 2 2 2 2 2 2 2 2 2 2 2 2 2 2 2 2 2 2 2 2 2 2 2
left_child=2 3 24 4 5 6 7 60 9 -7 11 15 21 36 -8 20 17 -16 32 -20 -4 34 27 40 -1 -9 57 28 29 30 -23 41 -18 -34 -3 -29 37 39 -39 -6 -24 43 -43 44 45 54 -45 -48 -46 52 51 -51 55 -54 -19 -49 -22 59 -59 -5 61 -2
right_child=1 12 10 26 13 8 14 25 -10 -11 -12 -13 -14 -15 16 -17 18 31 19 -21 56 22 23 -25 -26 -27 -28 35 -30 -31 -32 -33 33 -35 -36 -37 -38 38 -40 -41 -42 42 -44 46 48 -47 47 49 -50 50 -52 -53 53 -55 -56 -57 -58 58 -60 -61 -62 -63
leaf_value=-0.75709654913734092 1.5270925671594444 21.304986017400569 -0.93886533427847552 7.7997728903826911 5.9804120137141306 -7.2175245371731851 14.568446053398981 14.652549585802802 -12.993021492731003 7.4968814953168241 1.4451466152883301 1.2207999296813876 18.987475174307825 14.297009330767175 14.365658959098486 1.0383148055958324 9.7996771360698514 9.1544162065554886 3.3049980981009348 15.902319738864898 -0.3064269579901408 7.7220252326649179 11.05056636881184 2.226549544659528 -1.3968602987155521 4.7444325089454651 16.967738059494231 19.796084703717913 -3.9583648109436034 15.040186775358102 -1.503462193409602 -3.8639847165062315 7.4785505814985802 -5.8670857384091342 10.626823676957025 8.7669923890382062 14.551269603910903 10.482272706712996 -5.8814028528001572 16.967294629760413 16.677149902746596 -5.0222774386405948 5.727686114538284 16.32702460861206 2.4949525816932971 -15.393858261108399 -6.585270698865255 6.4266845741481191 17.098440517425537 2.9677940933792684 9.2811366945505149 -13.965364627838136 7.4995439880772636 -9.3080925070721161 -0.9780346623173467 13.003893641040131 0.94096805269209405 -3.4660399913787843 12.190630678449359 19.317732110230821 -2.4676165627049551 11.366659653705099
leaf_weight=9276 407 22 5239 38 39 22 27 29 21 30 888 910 25 54 23 857 38 39 28 60 3044 368 111 22 7777 40 36 21 20 38 24 21 22 21 36 32 21 28 36 23 58 24 21 25 23 30 24 547 25 27 32 20 38 23 27 37 887 22 35 23 56 23
leaf_count=9276 407 22 5239 38 39 22 27 29 21 30 888 910 25 54 23 857 38 39 28 60 3044 368 111 22 7777 40 36 21 20 38 24 21 22 21 36 32 21 28 36 23 58 24 21 25 23 30 24 547 25 27 32 20 38 23 27 37 887 22 35 23 56 23
internal_value=-0.0171662 6.43904 -0.679375 5.26744 4.82885 4.38498 4.68483 2.4495 -2.83195 1.27156 -0.146536 -0.275768 9.73369 8.87001 5.71695 -0.411589 5.51356 4.98811 8.64134 11.8941 -0.547093 9.42605 8.9872 11.7428 -1.04886 8.90871 11.0517 7.94084 7.32885 7.85384 7.1572 4.7687 5.10749 0.960914 14.6772 13.137 6.87642 5.59728 1.27771 10.0562 12.9816 4.95715 -0.00562778 5.20069 2.45586 -1.36667 5.71201 5.35723 10.1009 5.75312 1.23822 -4.23781 6.3061 1.16224 5.00932 6.84339 -0.0249618 9.24677 6.14771 12.1426 1.53246 2.05339
internal_weight=31840 2962 28878 2185 2031 1830 1757 555 73 52 11825 10937 777 201 1202 10027 1175 1006 169 88 9170 752 694 191 17053 69 154 503 450 430 392 983 81 43 58 53 147 126 64 62 169 962 45 917 144 96 773 748 48 724 79 47 645 61 66 584 3931 118 57 61 486 430
internal_count=31840 2962 28878 2185 2031 1830 1757 555 73 52 11825 10937 777 201 1202 10027 1175 1006 169 88 9170 752 694 191 17053 69 154 503 450 430 392 983 81 43 58 53 147 126 64 62 169 962 45 917 144 96 773 748 48 724 79 47 645 61 66 584 3931 118 57 61 486 430
is_linear=0
shrinkage=0.05


Tree=60
num_leaves=63
num_cat=0
split_feature=9 35 39 35 30 1 35 32 32 33 31 32 31 39 13 31 31 31 35 31 31 33 33 35 21 11 31 35 32 31 33 37 31 35 35 11 31 32 32 40 23 31 31 31 35 32 39 32 33 32 31 32 35 33 33 40 32 31 40 32 35 33
split_gain=4.90755e+07 2.46581e+06 2.08708e+06 2.0328e+06 1.65075e+06 1.27221e+06 1.27128e+06 1.76737e+06 3.62634e+06 1.46272e+06 1.07332e+06 1.03237e+06 1.02469e+06 944624 2.23976e+06 1.39043e+06 1.4465e+06 1.34561e+06 944181 1.03837e+06 1.22071e+06 984206 1.22456e+06 1.24206e+06 951330 946904 906228 1.22673e+06 877942 814543 811624 767900 738145 678365 897982 741939 661042 655223 1.79694e+06 1.0921e+06 817819 856927 3.12039e+06 1.35984e+06 653642 2.17551e+06 1.52749e+06 650900 650678 773842 632912 628417 621836 607159 1.2565e+06 576249 538594 537568 530962 528233 500687 478027
threshold=1.0000000180025095e-35 257.45000000000005 1.0000000180025095e-35 1531.0000000000002 1.0000000180025095e-35 1.0000000180025095e-35 853.25000000000011 60.750000000000007 81.350000000000009 71.65000000000002 484.75000000000006 483.80000000000001 58.45000000000001 1.0000000180025095e-35 1.0000000180025095e-35 448.25000000000006 424.35000000000008 195.85000000000005 1249.5000000000002 191.85000000000005 127.75000000000001 277.85000000000008 402.75000000000006 1397.9500000000003 1.0000000180025095e-35 1.0000000180025095e-35 263.65000000000003 629.1500000000002 428.85000000000008 267.75000000000006 79.350000000000009 3.5000000000000004 106.65000000000002 789.1500000000002 485.05000000000007 1.0000000180025095e-35 29.050000000000004 454.55000000000007 430.85000000000008 4.5000000000000009 1.0000000180025095e-35 481.05000000000007 454.25000000000006 420.25000000000006 607.45000000000016 24.350000000000005 1.0000000180025095e-35 29.850000000000005 129.55000000000004 1.8500000000000003 133.85000000000005 229.65000000000001 380.65000000000009 209.95000000000002 277.85000000000008 4.5000000000000009 0.95000000000000007 240.95000000000002 3.5000000000000004 159.75000000000003 1008.7500000000001 407.65000000000003
decision_type=2 2 2 2 2 2 2 2 2 2 2 2 2 2 2 2 2 2 2 2 2 2 2 2 2 2 2 2 2 2 2 2 2 2 2 2 2 2 2 2 2 2 2 2 2 2 2 2 2 2 2 2 2 2 2 2 2 2 2 2 2 2
left_child=2 -2 52 4 5 6 7 10 9 -9 44 13 60 15 17 16 -10 33 19 20 32 -20 -23 -24 -22 37 27 -19 29 36 59 -27 -14 34 -15 50 -4 38 40 -39 41 42 43 53 45 48 -46 56 49 -3 55 -42 -1 -21 -55 -36 -31 -56 -7 -28 -8 -59
right_child=1 3 28 -5 -6 58 12 8 11 -11 -12 -13 18 14 -16 -17 -18 26 21 25 24 22 23 -25 -26 31 30 -29 -30 47 -32 -33 -34 -35 35 -37 -38 39 -40 -41 51 -43 -44 -45 46 -47 -48 -49 -50 -51 -52 -53 -54 54 57 -57 -58 61 -60 -61 -62 -63
leaf_value=-0.71704922237848134 2.273252783058441 7.4284612078999359 0.66947479317822156 20.851491103172304 -4.7606616616249084 3.7615417861938476 21.86001943588257 -13.348980189732144 4.3494181217958561 1.4413843929767609 19.378575966574928 15.531621932983398 5.4334025287628176 7.1514236458710263 21.56831238407355 -4.7028090453147895 14.789210051127842 6.753140386740367 11.359513399677892 15.855836389682914 -3.6184756492575012 -6.5172377268473314 13.044430658552381 -3.3952271604537962 9.1409102485293428 11.460830866772197 16.097064308498215 20.625017530777878 1.1035504757500341 0.45247042576541496 1.2236453677332679 0.095279078256516228 17.655778467087519 11.098895967006683 2.9024431152777241 -8.8633499232205484 -0.92179900435327 7.9413265977587022 -2.3976859807968141 21.189562221595221 -1.4940113761208274 20.398628020128953 -3.796366446465254 21.631322178969512 -4.8722029653088796 20.673237718854633 12.180478779474896 -0.28284799957499174 1.1484987000056674 14.750535657929213 6.2870331068296696 9.7124573148530118 -1.3232659902183828 0.85637722611427314 18.848844619419264 -8.8241944503784193 2.4681796954895834 13.188283072412014 -7.6217786130451017 7.4075973432357998 10.672005043029785 6.4182362437248237
leaf_weight=9117 365 301 756 25 32 20 20 35 638 32 22 26 30 56 26 40 35 30 31 54 48 33 27 20 21 23 23 34 1277 1585 43 42 21 24 22 22 4774 28 28 35 22 26 32 37 29 35 24 3093 35 41 37 29 7892 32 23 20 419 64 21 73 20 44
leaf_count=9117 365 301 756 25 32 20 20 35 638 32 22 26 30 56 26 40 35 30 31 54 48 33 27 20 21 23 23 34 1277 1585 43 42 21 24 22 22 4774 28 28 35 22 26 32 37 29 35 24 3093 35 41 37 29 7892 32 23 20 419 64 21 73 20 44
internal_value=-0.0155722 6.12081 -0.642942 6.66282 6.52459 6.6671 6.81077 6.04176 5.02241 -6.28493 8.58699 5.68175 8.46853 5.45371 7.36604 4.35405 4.89235 6.40442 8.05267 8.79207 4.60038 3.79614 0.865328 6.04883 0.264816 9.76124 9.19925 14.1226 -0.13515 -0.283999 6.9324 4.11694 10.4661 3.26989 2.0731 -0.74261 -0.704258 10.5693 9.80689 15.3015 10.7483 11.7078 10.9177 12.7715 8.07642 8.74879 2.84977 0.171961 7.64174 8.30625 1.51886 4.87829 -0.998328 11.2608 9.73853 -2.68167 0.873919 11.9082 -2.06894 9.48945 16.266 10.4301
internal_weight=31869 2956 28913 2591 2566 2534 2493 1703 1216 67 487 1149 790 1123 410 713 673 384 750 639 120 111 80 47 69 519 203 64 11904 10627 139 65 51 181 157 101 5530 454 391 63 363 312 286 254 465 412 53 5097 377 342 79 51 17009 217 163 42 2004 131 41 96 40 108
internal_count=31869 2956 28913 2591 2566 2534 2493 1703 1216 67 487 1149 790 1123 410 713 673 384 750 639 120 111 80 47 69 519 203 64 11904 10627 139 65 51 181 157 101 5530 454 391 63 363 312 286 254 465 412 53 5097 377 342 79 51 17009 217 163 42 2004 131 41 96 40 108
is_linear=0
shrinkage=0.05


Tree=61
num_leaves=63
num_cat=0
split_feature=9 36 25 27 35 30 32 36 11 7 21 40 32 32 7 40 21 40 36 32 36 32 8 32 23 2 11 23 35 2 32 32 35 23 34 40 25 36 35 32 35 40 32 32 36 32 36 36 35 40 8 35 36 34 36 32 35 36 32 32 36 11
split_gain=4.42906e+07 3.04498e+06 2.20022e+06 2.00381e+06 2.03343e+06 1.80068e+06 1.63097e+06 3.45737e+06 1.26662e+06 1.14849e+06 1.10979e+06 1.17907e+06 985815 1.47355e+06 919572 867891 867231 1.52985e+06 828256 2.56873e+06 796850 765428 732553 702680 692066 677548 840278 751648 654108 636848 632540 755016 666485 617803 739741 767468 986464 965348 1.10367e+06 854864 903819 2.19246e+06 2.05046e+06 849636 708054 622604 573934 570771 587708 842204 595086 564052 553621 548473 851643 756835 2.65451e+06 854802 1.63658e+06 673205 543805 540748
threshold=1.0000000180025095e-35 195.6166666666667 1.0000000180025095e-35 1.0000000180025095e-35 1531.0000000000002 1.0000000180025095e-35 487.75000000000006 340.75000000000006 1.0000000180025095e-35 1.0000000180025095e-35 1.0000000180025095e-35 1.5000000000000002 402.85000000000008 452.55000000000007 1.0000000180025095e-35 4.5000000000000009 1.0000000180025095e-35 1.0000000180025095e-35 284.0125000000001 433.05000000000007 286.95833333333343 414.85000000000008 1.0000000180025095e-35 115.15000000000002 1.0000000180025095e-35 1.0000000180025095e-35 1.0000000180025095e-35 1.0000000180025095e-35 794.6500000000002 1.0000000180025095e-35 29.850000000000005 367.85000000000008 458.85000000000008 1.0000000180025095e-35 399.90000000000003 5.5000000000000009 1.0000000180025095e-35 255.47083333333339 607.45000000000016 319.65000000000003 607.45000000000016 1.0000000180025095e-35 152.35000000000005 219.35000000000005 237.71000000000006 183.45000000000002 241.15833333333336 82.925000000000026 587.85000000000014 4.5000000000000009 1.0000000180025095e-35 1140.1000000000001 424.12500000000006 211.65000000000001 163.87083333333337 113.15000000000002 532.95000000000016 170.31000000000003 362.45000000000005 53.95000000000001 226.32916666666668 1.0000000180025095e-35
decision_type=2 2 2 2 2 2 2 2 2 2 2 2 2 2 2 2 2 2 2 2 2 2 2 2 2 2 2 2 2 2 2 2 2 2 2 2 2 2 2 2 2 2 2 2 2 2 2 2 2 2 2 2 2 2 2 2 2 2 2 2 2 2
left_child=2 16 9 4 5 6 10 -8 14 25 18 -12 15 -14 30 -13 47 -18 19 21 -20 22 33 -17 29 28 27 -27 -1 61 32 -32 -4 34 35 36 39 38 60 40 -3 -42 46 -40 -35 -39 -43 -2 50 -50 -49 -10 -22 55 -55 56 59 58 -57 -19 -37 -11
right_child=1 3 8 -5 -6 -7 7 -9 51 24 11 12 13 -15 -16 23 17 53 20 -21 52 -23 -24 -25 -26 26 -28 -29 -30 -31 31 -33 -34 44 -36 37 -38 45 43 -41 41 42 -44 -45 -46 -47 -48 48 49 -51 -52 -53 -54 54 -56 57 -58 -59 -60 -61 -62 -63
leaf_value=-0.84016798109864155 -2.3029210686683657 4.0412708020504615 0.61385991457926858 -4.6234526659991291 21.585976908604305 -7.6193577244168242 29.073944107055667 2.2124825187351393 3.3330371829755805 -0.4354144954271516 2.8081656575202945 19.494919196419094 1.2233953581915964 16.564804031451544 4.0279631553274218 2.8112053203582765 13.664686604665249 8.9186910208902859 16.049186515808106 -8.4748375805941496 6.6233486983208909 14.974398335543547 10.831832934234102 13.302709558492976 3.2624492560739569 -0.59758956386436957 3.2297401398087349 2.8530613644604101 -1.640020730462058 2.8111492242131915 -1.1116564691663189 1.2821189045267902 4.3037287414073946 16.288034252166749 -3.3996459415980746 8.5301846981048595 13.547698660594662 2.9467813491821291 -12.521129599861478 -0.42930828553658951 -1.526902195330589 27.804816464015417 6.4034219786178248 -0.40437806355647554 4.8946227506796518 13.630600051879885 15.969811344146729 3.7394025412677454 -7.8853448012779497 4.9266656481701396 -4.8634386096681865 10.516864308714867 10.167481294778678 16.812552204132082 2.2210880908370019 5.8348946438040787 -15.110839163738749 11.26116993482723 -9.619046656290692 -1.777818141380946 -0.67002794167091118 2.4824158259602482
leaf_weight=18188 60 162 628 37 24 21 25 23 187 2067 48 46 45 24 165 20 49 38 26 33 723 22 59 79 177 2047 179 171 2974 189 1118 467 152 25 28 36 41 30 23 54 31 21 43 39 30 25 20 470 29 23 21 32 130 20 20 93 23 43 21 24 29 172
leaf_count=18188 60 162 628 37 24 21 25 23 187 2067 48 46 45 24 165 20 49 38 26 33 723 22 59 79 177 2047 179 171 2974 189 1118 467 152 25 28 36 41 30 23 54 31 21 43 39 30 25 20 470 29 23 21 32 130 20 20 93 23 43 21 24 29 172
internal_value=-0.0147936 5.81477 -0.610795 6.90544 7.12033 6.94329 7.10093 16.2028 0.73482 -0.752176 6.87002 9.89048 11.479 6.55954 0.419052 13.82 3.4536 5.51 6.38452 5.16516 7.42632 5.79206 5.50182 11.1832 0.244044 -0.862331 -0.0656107 -0.331557 -0.952575 0.0240037 0.167268 -0.406361 1.33291 5.00814 4.52946 4.93021 6.23191 2.2696 -0.126779 5.32572 6.44764 9.83748 14.0315 -4.8993 10.0734 7.80306 22.0316 2.32479 2.83614 -2.21849 3.37146 4.38273 7.16349 4.09306 9.51682 3.19657 -0.603608 5.25398 2.98812 4.77811 4.42547 -0.211267
internal_weight=31869 2956 28913 2022 1985 1961 1940 48 2749 26164 1892 262 214 69 2530 145 934 331 1630 751 879 718 696 99 2605 23559 2397 2218 21162 2428 2365 1585 780 637 582 554 372 182 127 331 277 115 84 62 55 55 41 603 543 52 491 219 853 282 40 242 85 157 114 62 65 2239
internal_count=31869 2956 28913 2022 1985 1961 1940 48 2749 26164 1892 262 214 69 2530 145 934 331 1630 751 879 718 696 99 2605 23559 2397 2218 21162 2428 2365 1585 780 637 582 554 372 182 127 331 277 115 84 62 55 55 41 603 543 52 491 219 853 282 40 242 85 157 114 62 65 2239
is_linear=0
shrinkage=0.05


Tree=62
num_leaves=63
num_cat=0
split_feature=9 35 25 35 30 11 1 35 35 31 35 31 5 28 31 31 31 35 7 13 31 8 31 7 31 12 35 28 35 34 31 7 39 34 39 23 2 23 11 25 39 34 34 35 2 34 31 31 35 11 21 31 31 21 31 31 31 12 31 34 34 35
split_gain=3.99723e+07 2.05409e+06 1.98569e+06 1.64489e+06 1.34558e+06 1.14312e+06 1.12108e+06 1.07668e+06 1.43058e+06 1.20889e+06 2.06024e+06 1.24487e+06 1.09298e+06 1.398e+06 1.70089e+06 1.07185e+06 1.05592e+06 1.27955e+06 1.03651e+06 971757 967086 857453 975999 1.42195e+06 1.63317e+06 1.17498e+06 996757 899817 1.55481e+06 881297 836350 829914 769269 764968 681952 624589 611488 764978 671571 595615 795286 745104 661907 590332 574755 538155 533829 589642 509057 488025 476773 728190 465866 589845 429686 1.96423e+06 988408 554747 596759 534507 822860 838017
threshold=1.0000000180025095e-35 257.45000000000005 1.0000000180025095e-35 1531.0000000000002 1.0000000180025095e-35 1.0000000180025095e-35 1.0000000180025095e-35 887.1500000000002 909.35000000000014 454.25000000000006 998.25000000000011 438.65000000000003 1.0000000180025095e-35 1.0000000180025095e-35 452.25000000000006 468.85000000000008 337.75000000000006 651.1500000000002 1.0000000180025095e-35 1.0000000180025095e-35 91.850000000000009 1.0000000180025095e-35 123.85000000000001 1.0000000180025095e-35 191.85000000000005 1.0000000180025095e-35 1044.7500000000002 1.0000000180025095e-35 1203.6500000000003 377.10000000000008 271.65000000000003 1.0000000180025095e-35 1.0000000180025095e-35 100.95000000000002 1.0000000180025095e-35 1.0000000180025095e-35 1.0000000180025095e-35 1.0000000180025095e-35 1.0000000180025095e-35 1.0000000180025095e-35 1.0000000180025095e-35 139.80000000000004 243.25000000000003 794.6500000000002 1.0000000180025095e-35 258.25000000000006 286.15000000000003 29.050000000000004 1140.1000000000001 1.0000000180025095e-35 1.0000000180025095e-35 115.25000000000001 359.55000000000007 1.0000000180025095e-35 91.850000000000009 129.75000000000003 81.550000000000011 1.0000000180025095e-35 52.150000000000013 226.05000000000004 3.2500000000000004 717.95000000000016
decision_type=2 2 2 2 2 2 2 2 2 2 2 2 2 2 2 2 2 2 2 2 2 2 2 2 2 2 2 2 2 2 2 2 2 2 2 2 2 2 2 2 2 2 2 2 2 2 2 2 2 2 2 2 2 2 2 2 2 2 2 2 2 2
left_child=2 -2 18 4 6 31 7 12 30 11 -11 21 13 14 19 -12 17 -15 36 54 -14 22 26 24 29 27 -10 28 39 -24 -9 46 -16 50 -17 44 43 38 -38 40 42 -42 52 -1 49 -25 47 -4 -7 -20 51 -21 53 -26 56 -56 57 58 -3 60 -57 -62
right_child=1 3 5 -5 -6 48 -8 8 9 10 15 -13 20 16 32 34 -18 -19 35 33 -22 -23 23 45 25 -27 -28 -29 -30 -31 -32 -33 -34 -35 -36 -37 37 -39 -40 -41 41 -43 -44 -45 -46 -47 -48 -49 -50 -51 -52 -53 -54 -55 55 59 -58 -59 -60 -61 61 -63
leaf_value=-0.79815958489831651 2.0123544347776128 8.753508885701498 2.108180626166944 18.782036472320556 -4.2944470271468163 3.1663853208648969 -2.177728968131833 9.719474115825836 5.2818001013535723 14.595794666730441 6.069474517888036 17.616553913463246 -8.5248516472903173 -0.82718600933368391 9.7735807830212167 0.66845694455233495 -7.5646407094495052 11.143549508206986 -0.41364378150543274 5.4260090875319946 3.033658649670143 12.964418496351977 1.8798436532728375 18.14550212991649 10.270888086465689 17.60015077363877 18.206154708862307 -2.1540498570033484 -2.1010617755180183 -11.302249254499165 23.830847858247303 3.8265650235522877 19.264798171431931 3.3866269609507391 -11.005594174615268 3.0993268103417706 -0.56771007916809557 3.0630723246224019 2.7117221132008988 16.178812722184443 7.4100409695080351 -3.3601026956851672 17.556137343247734 -1.5580196930989925 2.670591758152165 7.7750285484574064 0.99526463460783965 -0.94497399571438645 9.9910212010145187 2.3582950404043808 18.388436607692551 15.287425766388575 13.958911176161335 -0.85313106233423408 -1.8188827368094751 5.7767916350202846 16.069653169040023 10.027063768881339 0.58479149705272604 13.164762707378555 5.8178340414296024 -7.5381478945414235
leaf_weight=18188 365 36 184 25 32 187 41 21 26 26 29 33 22 65 102 22 29 34 2067 39 102 65 32 29 26 21 35 35 43 21 21 165 27 34 29 177 2047 181 169 22 42 26 24 2974 189 22 1056 1125 32 172 23 36 22 22 97 941 29 54 59 23 23 24
leaf_count=18188 365 36 184 25 32 187 41 21 26 26 29 33 22 65 102 22 29 34 2067 39 102 65 32 29 26 21 35 35 43 21 21 165 27 34 29 177 2047 181 169 22 42 26 24 2974 189 22 1056 1125 32 172 23 36 22 22 97 941 29 54 59 23 23 24
internal_value=-0.0140539 5.52403 -0.580255 6.01873 5.89438 0.698079 6.02304 6.15791 7.83089 7.25472 2.36839 8.20335 5.51253 5.84786 6.26336 -1.60552 0.826086 3.28398 -0.714567 5.7633 0.982955 7.59782 6.81919 5.89265 4.71186 6.22041 12.6974 5.30829 6.45888 -3.34325 16.7752 0.3981 11.7601 9.8488 -5.96973 0.231842 -0.819215 -0.0623302 -0.317609 8.4593 7.41097 3.29204 10.3906 -0.904946 0.0228035 13.672 0.158904 -0.515806 4.16359 -0.200703 12.0908 10.1595 7.93386 5.17238 5.34395 4.97763 7.62422 5.98047 3.68031 5.62972 5.45431 -1.00224
internal_weight=31869 2956 28913 2591 2566 2749 2534 2493 694 652 106 546 1799 1675 1547 80 128 99 26164 1418 124 513 448 387 336 283 61 262 227 53 42 2530 129 132 51 2605 23559 2397 2216 184 162 68 94 21162 2428 51 2365 1309 219 2239 98 75 70 48 1286 1108 178 149 95 1011 988 47
internal_count=31869 2956 28913 2591 2566 2749 2534 2493 694 652 106 546 1799 1675 1547 80 128 99 26164 1418 124 513 448 387 336 283 61 262 227 53 42 2530 129 132 51 2605 23559 2397 2216 184 162 68 94 21162 2428 51 2365 1309 219 2239 98 75 70 48 1286 1108 178 149 95 1011 988 47
is_linear=0
shrinkage=0.05


Tree=63
num_leaves=63
num_cat=0
split_feature=9 36 27 25 32 36 21 11 7 36 32 40 32 32 33 13 24 32 32 36 33 33 33 36 36 7 40 33 32 36 32 32 32 36 32 32 37 32 39 21 21 36 36 33 32 36 32 32 36 32 32 2 2 11 8 33 36 33 36 11 36 32
split_gain=3.6075e+07 2.58829e+06 1.80861e+06 1.79209e+06 1.53478e+06 2.65103e+06 1.28339e+06 1.03167e+06 935448 921485 2.22932e+06 889242 866993 1.42175e+06 932370 854626 782516 1.32688e+06 1.19805e+06 1.027e+06 891914 1.67199e+06 952151 778483 1.33683e+06 748997 714293 782872 803682 708763 687444 3.25606e+06 630527 813974 625636 605675 599928 963074 802245 1.106e+06 596664 895593 1.39331e+06 1.49698e+06 1.00454e+06 919901 1.30989e+06 747492 607490 577283 704669 568394 551868 692186 548934 921161 1.02707e+06 736073 1.01776e+06 544921 536873 522710
threshold=1.0000000180025095e-35 195.6166666666667 1.0000000180025095e-35 1.0000000180025095e-35 487.75000000000006 340.75000000000006 1.0000000180025095e-35 1.0000000180025095e-35 1.0000000180025095e-35 284.0125000000001 433.05000000000007 1.5000000000000002 402.85000000000008 452.55000000000007 159.55000000000004 1.0000000180025095e-35 1.0000000180025095e-35 382.75000000000006 348.35000000000008 255.47083333333339 453.55000000000007 367.75000000000006 405.05000000000007 238.91250000000005 261.05833333333339 1.0000000180025095e-35 4.5000000000000009 326.85000000000008 227.45000000000002 286.95833333333343 75.15000000000002 53.95000000000001 478.05000000000007 289.95500000000004 468.75000000000006 102.85000000000001 3.5000000000000004 51.750000000000007 1.0000000180025095e-35 1.0000000180025095e-35 1.0000000180025095e-35 161.38750000000002 171.71250000000003 98.350000000000009 310.15000000000003 140.98750000000004 139.85000000000005 268.35000000000008 135.27083333333337 29.850000000000005 159.75000000000003 1.0000000180025095e-35 1.0000000180025095e-35 1.0000000180025095e-35 1.0000000180025095e-35 459.35000000000008 342.98333333333341 399.55000000000007 345.05000000000013 1.0000000180025095e-35 92.112500000000011 222.95000000000002
decision_type=2 2 2 2 2 2 2 2 2 2 2 2 2 2 2 2 2 2 2 2 2 2 2 2 2 2 2 2 2 2 2 2 2 2 2 2 2 2 2 2 2 2 2 2 2 2 2 2 2 2 2 2 2 2 2 2 2 2 2 2 2 2
left_child=3 15 4 8 6 -6 9 25 52 10 16 -8 26 14 -14 40 17 18 20 -19 21 30 -23 -18 -25 49 -13 61 -29 -11 31 -3 33 -31 54 -32 37 -17 39 -38 47 44 -43 -44 45 48 -47 60 -42 -5 -51 59 -1 -54 55 57 -57 -35 -59 -10 -2 -28
right_child=1 2 -4 7 5 -7 11 -9 51 29 -12 12 13 -15 -16 36 23 19 -20 -21 -22 22 -24 24 -26 -27 27 28 -30 32 35 -33 -34 34 -36 -37 38 -39 -40 -41 41 42 43 -45 -46 46 -48 -49 -50 50 -52 -53 53 -55 -56 56 -58 58 -60 -61 -62 -63
leaf_value=-0.85969914224583188 -2.4318620520924767 5.0925908739478505 -4.6995592452384329 1.2645254719601229 26.168015347994295 3.1233743667602543 3.5470494386095268 3.9554128121839813 -0.2079822032484073 14.926643855755145 -8.2816341573541816 18.076775958690238 -6.1195178156313688 15.790900447845459 8.2782472307031814 18.031565513213476 6.7705261162349162 18.570211426417032 -4.3748445799856475 4.4257540112450009 -4.9423359298706053 21.964714498105259 8.23488888825689 -13.144020425705683 3.8173317909240723 3.6352367257710663 21.12436318397522 -1.0815591205250132 12.021712242126465 -2.0582931488752365 12.853085204093688 -15.651194591142914 14.543290917078654 7.259281059364362 -0.35920994051041144 5.5164913106121523 -7.594525942802429 5.7211032948595415 10.962994492053987 7.2782587280273434 4.4164754184250983 -6.2236335711045703 -4.1566280658428481 11.180240026825086 16.964312820434571 20.691039695739747 3.1948604780694714 -6.2795794677734378 -5.153956363201142 -2.294116176808263 0.18884232909373269 2.8024258626445295 -0.30058921348191026 2.9316856292372977 1.6389206673236605 21.53273636361827 6.4214917638085112 -4.034265586308071 9.1745336990356456 2.6163076843119959 2.5298422813562702 10.991488546643939
leaf_weight=21162 63 135 37 780 26 24 52 219 2223 26 33 47 23 25 22 24 28 33 33 21 20 23 28 21 26 165 20 22 25 28 31 22 24 645 31 304 25 47 24 25 97 44 26 41 20 20 23 30 20 374 1211 197 2218 179 47 23 22 35 25 185 405 35
leaf_count=21162 63 135 37 780 26 24 52 219 2223 26 33 47 23 25 22 24 28 33 33 21 20 23 28 21 26 165 20 22 25 28 31 22 24 645 31 304 25 47 24 25 97 44 26 41 20 20 23 30 20 374 1211 197 2218 179 47 23 22 35 25 185 405 35
internal_value=-0.0133512 5.24783 6.25339 -0.551242 6.45755 15.1066 6.23406 0.663175 -0.678839 5.7144 4.42803 9.42486 10.8205 6.23064 0.91939 3.07091 5.00654 5.56452 4.88453 13.0696 5.42727 5.8092 14.4268 0.170679 -3.76114 0.378195 12.9768 10.6268 5.88827 6.79064 4.91592 2.18582 6.55026 6.32615 6.60969 6.1954 6.599 9.88239 3.44872 -0.158134 2.42253 4.22126 0.688988 5.22862 6.39949 5.07888 11.3326 1.37147 2.7805 0.150959 -0.397042 0.22025 -0.778254 -0.0592137 6.88075 7.20923 14.145 6.76653 1.4694 0.0090002 1.86192 14.6762
internal_weight=31869 2956 2022 28913 1985 50 1935 2749 26164 1664 758 271 219 70 45 934 725 650 596 54 563 543 51 75 47 2530 149 102 47 906 492 157 880 856 828 335 145 71 74 50 789 291 111 67 180 160 43 498 117 2365 1585 2605 23559 2397 797 750 45 705 60 2408 468 55
internal_count=31869 2956 2022 28913 1985 50 1935 2749 26164 1664 758 271 219 70 45 934 725 650 596 54 563 543 51 75 47 2530 149 102 47 906 492 157 880 856 828 335 145 71 74 50 789 291 111 67 180 160 43 498 117 2365 1585 2605 23559 2397 797 750 45 705 60 2408 468 55
is_linear=0
shrinkage=0.05


Tree=64
num_leaves=63
num_cat=0
split_feature=25 32 7 23 32 33 28 31 34 23 11 2 31 32 33 32 36 32 32 10 36 24 11 38 33 36 7 12 34 10 34 10 32 34 36 31 31 36 2 11 33 11 32 31 12 34 36 31 31 31 28 19 31 31 7 33 32 36 31 34 33 34
split_gain=1.89856e+06 1.30062e+06 931358 1.12823e+06 761496 754995 656185 581735 555849 516616 692214 550539 480885 460444 460177 787961 761659 452470 643258 429677 468180 447217 425610 424228 420550 417319 387644 379368 336782 327674 324345 750705 305110 304820 297674 289484 284249 302832 275301 640013 505772 327191 271531 271136 302149 392168 268378 267975 251682 538333 316075 242548 278720 389697 244859 238890 294715 232695 234175 305735 230702 227982
threshold=1.0000000180025095e-35 456.35000000000008 1.0000000180025095e-35 1.0000000180025095e-35 231.95000000000002 328.85000000000008 1.0000000180025095e-35 448.25000000000006 320.75000000000006 1.0000000180025095e-35 1.0000000180025095e-35 1.0000000180025095e-35 60.550000000000004 53.95000000000001 20.950000000000003 244.65000000000001 261.05833333333339 51.750000000000007 89.65000000000002 1.0000000180025095e-35 92.112500000000011 1.0000000180025095e-35 1.0000000180025095e-35 1.0000000180025095e-35 412.15000000000003 338.42000000000002 1.0000000180025095e-35 1.0000000180025095e-35 392.15000000000003 1.0000000180025095e-35 241.35000000000005 1.0000000180025095e-35 492.65000000000003 465.85000000000008 231.11250000000004 376.55000000000007 498.05000000000007 305.71666666666675 1.0000000180025095e-35 1.0000000180025095e-35 357.45000000000005 1.0000000180025095e-35 65.250000000000014 328.15000000000003 1.0000000180025095e-35 358.55000000000007 265.25500000000005 486.35000000000008 224.05000000000004 58.45000000000001 1.0000000180025095e-35 1.0000000180025095e-35 40.000000000000007 62.750000000000007 1.0000000180025095e-35 271.80000000000001 482.05000000000007 185.05833333333337 168.75000000000003 93.850000000000009 328.85000000000008 237.15000000000001
decision_type=2 2 2 2 2 2 2 2 2 2 2 2 2 2 2 2 2 2 2 2 2 2 2 2 2 2 2 2 2 2 2 2 2 2 2 2 2 2 2 2 2 2 2 2 2 2 2 2 2 2 2 2 2 2 2 2 2 2 2 2 2 2
left_child=2 5 9 4 13 6 7 19 25 29 11 33 -3 -4 16 -16 -9 -7 -19 20 -2 22 27 48 -12 -5 28 51 -20 36 31 32 55 -11 -13 -24 38 -38 41 43 -41 61 -15 44 45 -40 -47 -44 49 -6 -50 52 -22 -54 -55 56 -14 -8 -59 -60 -46 -1
right_child=1 12 3 8 23 17 57 14 -10 10 24 34 30 42 15 -17 -18 18 26 -21 21 -23 35 -25 -26 -27 -28 -29 -30 -31 -32 -33 -34 -35 -36 -37 37 -39 39 40 -42 -43 47 -45 60 46 -48 -49 50 -51 -52 -53 53 54 -56 -57 -58 58 59 -61 -62 -63
leaf_value=-0.27630604286257826 -2.1904376094390576 10.535880924761296 0.52802111204589952 2.1922775096981457 3.6512101027648898 6.5587138201640203 -6.0332041055728229 13.863802843093874 10.297227765574601 -0.072251627527072426 2.4719449134433975 0.7795070977389128 4.8092298705699079 -5.28455847960252 -3.6050769751169245 7.9710622549057009 3.3547332210540777 -4.3148880470130182 2.5698974926346025 -2.2550452484804042 4.3429950177096401 -2.1539920021380699 2.9198962231477101 -0.85780724740167802 9.6758648665054992 9.5929373654452235 6.9811934149783603 3.9103727377567097 -3.0624066213081624 -0.85973212006097099 8.4213904460271198 -5.8316307204110283 -1.0741628646850587 5.8439022952860054 4.8590705722084522 9.6132630395889294 7.2558465444124671 0.13199379648481097 -0.42516755973609527 1.5027305439735452 7.4893715345129683 -0.91560573212638818 -1.178879022099987 0.85651533942798097 0.97247489475541649 -2.0207151885144414 -9.4040881323814389 4.434801964326339 3.0399670134100951 -0.22767438345685953 -0.63483931657983295 -4.6602539017086944 -5.4503876979534445 0.56472500775356316 3.6742739366506463 1.6014200133662069 11.286836761474611 3.2115597770327611 -0.68288638710975658 -7.0897340911406062 6.5899940685792409 0.68647312561344476
leaf_weight=16286 133 32 803 142 128 65 39 20 33 2104 170 87 59 39 49 21 125 36 313 136 52 112 84 171 23 22 46 97 29 2370 33 21 22 22 92 20 26 35 1199 126 49 2004 631 667 108 32 20 22 462 297 67 21 26 1149 67 31 25 21 60 27 22 639
leaf_count=16286 133 32 803 142 128 65 39 20 33 2104 170 87 59 39 49 21 125 36 313 136 52 112 84 171 23 22 46 97 29 2370 33 21 22 22 92 20 26 35 1199 126 49 2004 631 667 108 32 20 22 462 297 67 21 26 1149 67 31 25 21 60 27 22 639
internal_value=-0.0126836 1.19091 -0.136425 0.727275 0.452892 0.892898 0.507304 0.732125 4.37643 -0.229713 0.454033 0.213189 4.86331 -0.286558 3.19703 -0.132235 4.80426 2.6742 2.0787 0.452761 0.661881 0.894903 1.12015 1.43554 3.33044 3.18505 2.67192 0.892785 2.0923 -0.302138 3.91293 2.97129 4.32064 -0.0110308 2.87627 4.20708 -0.239842 3.16839 -0.249671 0.276701 3.17899 -0.311487 -1.2318 0.0287023 -0.371118 -0.609529 -4.86047 -0.98975 1.84661 0.940554 2.57454 0.670194 0.756701 0.60655 0.736057 5.35269 6.73709 -2.72278 -1.52734 -2.67122 1.92313 -0.239957
internal_weight=31869 2971 28898 2817 2620 2748 2259 2112 197 26081 2498 2305 223 1495 215 70 145 489 424 1897 1761 1628 1516 1125 193 164 388 1412 342 23583 191 158 137 2126 179 104 21213 61 21152 2223 175 18929 692 2048 1381 1251 52 653 954 425 529 1315 1294 1242 1216 115 84 147 108 87 130 16925
internal_count=31869 2971 28898 2817 2620 2748 2259 2112 197 26081 2498 2305 223 1495 215 70 145 489 424 1897 1761 1628 1516 1125 193 164 388 1412 342 23583 191 158 137 2126 179 104 21213 61 21152 2223 175 18929 692 2048 1381 1251 52 653 954 425 529 1315 1294 1242 1216 115 84 147 108 87 130 16925
is_linear=0
shrinkage=0.05


Tree=65
num_leaves=63
num_cat=0
split_feature=9 36 8 25 25 31 30 20 13 31 35 35 35 32 32 36 31 35 34 31 7 32 36 35 7 32 33 32 40 33 31 40 36 31 31 33 32 33 37 23 35 31 31 38 31 31 36 31 25 35 32 34 32 34 31 32 31 32 31 18 31 32
split_gain=3.23615e+07 3.0249e+06 1.45163e+06 1.57636e+06 1.41529e+06 1.30164e+06 1.26198e+06 1.26757e+06 1.25626e+06 1.03537e+06 959992 935006 1.47094e+06 903320 2.52445e+06 1.74012e+06 1.58965e+06 1.48772e+06 1.42749e+06 1.31003e+06 894619 1.12795e+06 1.45979e+06 1.49844e+06 847497 817754 1.25754e+06 772045 683919 640357 761603 875280 1.21342e+06 680000 617603 734232 1.21919e+06 948740 611982 610100 622860 609551 929034 881676 1.40667e+06 1.57899e+06 1.32803e+06 903345 747149 1.45694e+06 1.44284e+06 1.00805e+06 1.30825e+06 1.21533e+06 2.86279e+06 1.68454e+06 1.46212e+06 1.19693e+06 1.13315e+06 922538 818586 805658
threshold=1.0000000180025095e-35 221.96250000000003 1.0000000180025095e-35 1.0000000180025095e-35 1.0000000180025095e-35 12.65 1.0000000180025095e-35 1.0000000180025095e-35 1.0000000180025095e-35 495.85000000000008 967.45000000000016 662.50000000000011 517.05000000000007 113.15000000000002 63.150000000000013 179.28000000000003 228.25000000000003 552.6500000000002 306.60000000000008 296.45000000000005 1.0000000180025095e-35 398.85000000000008 303.91666666666674 873.85000000000014 1.0000000180025095e-35 158.25000000000003 18.550000000000004 426.95000000000005 4.5000000000000009 330.95000000000005 98.15000000000002 3.5000000000000004 155.98750000000004 62.750000000000007 115.25000000000001 51.750000000000007 268.35000000000008 134.25000000000003 2.5000000000000004 1.0000000180025095e-35 782.6500000000002 179.65000000000001 215.95000000000002 1.0000000180025095e-35 142.45000000000002 115.25000000000001 248.08750000000001 68.950000000000017 1.0000000180025095e-35 1155.7500000000002 253.05000000000004 378.85000000000008 274.55000000000007 1.0500000000000003 442.85000000000008 272.55000000000007 476.65000000000003 468.75000000000006 343.95000000000005 1.0000000180025095e-35 349.95000000000005 448.55000000000007
decision_type=2 2 2 2 2 2 2 2 2 2 2 2 2 2 2 2 2 2 2 2 2 2 2 2 2 2 2 2 2 2 2 2 2 2 2 2 2 2 2 2 2 2 2 2 2 2 2 2 2 2 2 2 2 2 2 2 2 2 2 2 2 2
left_child=4 2 3 10 24 -3 7 8 9 20 13 12 -4 14 16 -16 -2 38 19 29 41 22 23 -22 39 -21 -27 -6 -23 30 31 32 -15 -33 -32 36 -36 -37 -18 40 -1 43 -43 44 45 47 -46 -7 51 50 -50 53 -53 56 55 -55 57 59 -59 61 -61 -44
right_child=1 5 11 -5 27 6 -8 -9 -10 -11 -12 -13 -14 18 15 -17 17 -19 -20 25 21 28 -24 -25 -26 26 -28 -29 -30 -31 34 33 -34 -35 35 37 -38 -39 -40 -41 -42 42 48 -45 46 -47 -48 -49 49 -51 -52 52 -54 54 -56 -57 -58 58 -60 60 -62 -63
leaf_value=-0.69458970645966689 1.8664917757848452 19.004610044956205 -7.4412978560353329 10.662348626411125 0.25900824870508971 7.4439884543418886 -6.0069134462447398 -3.0890547943115236 15.063200033278694 17.075373060053046 11.220589880262104 -9.3482076856825085 10.064281100531419 6.3325011031572211 -0.94753587934103889 -13.239594094569867 9.9315801239013677 0.21630462010701501 -8.4734286489940835 18.824482345581057 2.9915984332561494 22.704459467801183 -2.7827237520899093 17.961488885879515 0.22844007464099164 -1.8856110005151656 14.180341404881972 2.8979281905751963 10.616866143226623 10.688593476818454 -5.8736373318566217 5.4316845125622226 -7.3504138359656714 13.562558616995814 1.7082466259002687 -8.2070763649479037 13.935083157675606 2.8842774905410469 20.772160853510318 0.048663278559637008 -1.4538965711676148 11.910687048043778 5.8155317047143278 11.030461928049725 4.3924675868107723 14.964751625061036 -10.437213551998139 -3.9579589843750003 5.4602117453302661 -0.31328231493631997 20.418431372391552 3.4641622836773212 18.46095393787731 13.910160743828976 -12.942134904861451 0.039084409750424903 12.943576905853821 -11.641883561611175 5.1892441034317018 6.7523177493702278 -5.7765784995630387 15.750581657318842
leaf_weight=18215 311 20 24 73 2482 32 21 35 42 22 35 36 24 43 110 39 30 27 21 23 32 22 28 35 2592 21 29 312 25 31 27 72 26 40 75 31 28 51 23 2307 3171 67 721 30 26 30 36 38 28 24 38 26 33 33 30 65 66 20 20 22 32 21
leaf_count=18215 311 20 24 73 2482 32 21 35 42 22 35 36 24 43 110 39 30 27 21 23 32 22 28 35 2592 21 29 312 25 31 27 72 26 40 75 31 28 51 23 2307 3171 67 721 30 26 30 36 38 28 24 38 26 33 33 30 65 66 20 20 22 32 21
internal_value=-0.0084416 4.96307 3.09128 3.54862 -0.51621 6.32338 6.17419 6.32654 6.527 6.3032 3.0735 -3.25695 1.31149 2.80398 1.37306 -4.16492 3.48344 9.76934 4.29568 4.83522 6.15321 9.93934 6.80492 10.8117 -0.629936 11.0219 7.43264 0.553691 16.2749 3.77007 3.22433 5.60647 1.17662 8.33557 1.19053 2.22151 5.03205 -1.3088 14.636 -0.723842 -0.807176 5.77934 6.18343 3.15691 1.69884 5.36748 -4.21832 1.25436 5.85797 10.2363 14.0725 5.49612 11.8522 5.13204 0.572748 4.70996 5.77903 5.21341 -3.22632 5.63751 -0.672213 6.09671
internal_weight=32049 2970 1250 1166 29079 1720 1700 1679 1644 1602 1093 84 48 1058 540 149 391 80 518 497 1580 142 95 67 26285 73 50 2794 47 424 393 181 69 112 212 185 103 82 53 23693 21386 1438 1246 192 162 100 62 70 1179 90 66 1089 59 1030 128 98 902 836 40 796 54 742
internal_count=32049 2970 1250 1166 29079 1720 1700 1679 1644 1602 1093 84 48 1058 540 149 391 80 518 497 1580 142 95 67 26285 73 50 2794 47 424 393 181 69 112 212 185 103 82 53 23693 21386 1438 1246 192 162 100 62 70 1179 90 66 1089 59 1030 128 98 902 836 40 796 54 742
is_linear=0
shrinkage=0.05


Tree=66
num_leaves=63
num_cat=0
split_feature=9 36 30 25 25 2 13 31 32 33 32 31 7 36 34 32 32 31 32 35 31 10 31 32 34 32 33 32 32 32 32 32 31 33 31 22 35 32 36 36 31 34 33 36 33 31 36 11 33 34 28 13 32 32 40 36 33 33 2 36 31 36
split_gain=2.92062e+07 2.7591e+06 1.38557e+06 1.2773e+06 1.19089e+06 1.03963e+06 999276 1.45216e+06 945824 929619 948260 828247 764866 747667 689889 749918 852783 1.81555e+06 1.35427e+06 768511 684975 1.31428e+06 1.40256e+06 1.18206e+06 1.24185e+06 1.03663e+06 1.02408e+06 906092 1.57519e+06 1.38148e+06 1.05961e+06 1.14037e+06 1.1008e+06 983588 1.27575e+06 789598 780934 1.09293e+06 887144 951773 654117 732382 653057 1.87324e+06 1.57825e+06 1.62084e+06 1.17442e+06 638399 628163 609762 566800 563470 839361 1.13668e+06 1.01155e+06 561556 550439 961144 549312 485294 577825 1.76272e+06
threshold=1.0000000180025095e-35 193.32500000000002 1.0000000180025095e-35 1.0000000180025095e-35 1.0000000180025095e-35 1.0000000180025095e-35 1.0000000180025095e-35 495.85000000000008 105.25000000000001 361.75000000000006 28.750000000000004 12.65 1.0000000180025095e-35 254.11000000000004 324.25000000000006 195.95000000000002 53.95000000000001 187.85000000000005 77.250000000000014 358.15000000000003 370.15000000000003 1.0000000180025095e-35 424.35000000000008 424.95000000000005 87.350000000000009 489.55000000000007 449.00000000000006 448.55000000000007 436.65000000000003 458.65000000000003 378.65000000000003 362.45000000000005 68.950000000000017 3.5500000000000003 300.15000000000003 1.0000000180025095e-35 645.45000000000016 394.35000000000008 248.08750000000001 278.07083333333338 290.35000000000008 16.950000000000003 349.40000000000003 250.51000000000002 407.65000000000003 201.65000000000001 228.87083333333337 1.0000000180025095e-35 166.15000000000001 155.75000000000003 1.0000000180025095e-35 1.0000000180025095e-35 362.45000000000005 312.15000000000003 3.5000000000000004 338.42000000000002 24.450000000000003 150.15000000000001 1.0000000180025095e-35 211.48750000000004 394.65000000000003 269.82916666666671
decision_type=2 2 2 2 2 2 2 2 2 2 2 2 2 2 2 2 2 2 2 2 2 2 2 2 2 2 2 2 2 2 2 2 2 2 2 2 2 2 2 2 2 2 2 2 2 2 2 2 2 2 2 2 2 2 2 2 2 2 2 2 2 2
left_child=3 4 6 12 9 47 7 11 -6 14 -11 -3 -1 48 15 16 17 -2 19 -18 25 23 -23 26 -25 27 59 28 30 -29 31 32 -13 -31 -35 42 -32 -38 -39 -40 41 51 -34 46 -45 -46 -44 56 -8 -43 -20 52 53 54 -17 -7 -5 -58 -14 -22 61 -61
right_child=1 2 -4 5 8 55 13 -9 -10 10 -12 20 58 -15 -16 40 18 -19 50 -21 21 22 -24 24 -26 -27 -28 29 -30 33 36 -33 35 34 -36 -37 37 38 39 -41 -42 49 43 44 45 -47 -48 -49 -50 -51 -52 -53 -54 -55 -56 -57 57 -59 -60 60 -62 -63
leaf_value=-0.68765001293542838 1.3290219761532356 13.606038527334892 -6.2157739991943046 0.6539218343475186 17.940628871463595 2.9197308038371608 13.753898013721813 17.627010196685791 4.284469950199127 2.228236255645752 -13.168675405979156 -4.6784766435623171 0.0020171104674852587 18.014118746348792 -6.6087511310974767 -4.2546778290360061 -1.3481354702264072 10.671711371926701 2.1164517052435992 -13.755734693087064 14.295330556233726 8.1801945240601253 -8.3534885176296907 8.6872956099333596 22.166117141723632 -5.6440374354521436 -4.4093270801362534 21.09930760383606 -5.7200424142785984 -0.26641644564541905 15.356557488441467 -5.0652653462959059 4.3140141414093778 17.264474139675016 1.5210906332189387 -4.5597221981395375 14.039088339554636 -4.2973035653432214 15.825122878665017 3.5578930439427499 13.659980831146241 -6.6506603889465339 8.1706089386573222 14.463649866316054 -9.1819137607301986 5.8983234570950884 23.198893448022698 3.0179885844338128 2.0570682903751734 5.0624272561073305 -5.8497188873291019 11.596707789103192 -3.7438378682503335 16.676365670703706 7.7139607354706419 10.646931960847644 -3.5542428581006975 0.040811373375491289 2.6812598640529011 18.834683722919888 5.7227293481241981 5.1863251344017369
leaf_weight=23693 221 31 24 1424 21 182 22 25 32 20 20 32 2384 28 21 27 24 68 209 26 21 23 29 54 25 24 21 20 37 33 32 33 615 31 22 22 38 24 21 64 20 25 26 27 28 49 26 193 24 20 25 33 26 21 51 27 251 717 208 36 424 69
leaf_count=23693 221 31 24 1424 21 182 22 25 32 20 20 32 2384 28 21 27 24 68 209 26 21 23 29 54 25 24 21 20 37 33 32 33 615 31 22 22 38 24 21 64 20 25 26 27 28 49 26 193 24 20 25 33 26 21 51 27 251 717 208 36 424 69
internal_value=-0.00801952 4.71492 5.72781 -0.490399 2.422 0.526006 5.8686 5.65347 9.6954 1.97218 -5.47022 5.49893 -0.598439 11.5723 2.33656 2.57256 1.61515 3.5273 -0.330665 -7.80009 5.36708 6.60842 -1.04051 7.22033 12.9527 4.64331 6.42723 4.85254 4.41726 9.2628 4.77896 4.04894 4.41351 6.51013 10.7295 4.7804 8.27817 6.7373 4.19172 6.58862 5.03261 4.18263 5.04691 7.93622 4.06195 0.414601 15.6848 0.251761 7.6512 -1.44484 1.26537 5.78539 4.2512 6.3509 3.57097 3.91798 0.0285667 -0.891377 0.217018 6.84099 6.54507 9.86576
internal_weight=32049 2970 2060 29079 910 2794 2036 1962 53 857 40 1937 26285 74 817 796 573 289 284 50 1906 702 52 650 79 1204 571 1180 1074 106 1037 858 825 86 53 793 179 147 109 85 223 203 771 156 104 77 52 2585 46 45 234 158 125 99 78 209 2392 968 2592 550 529 105
internal_count=32049 2970 2060 29079 910 2794 2036 1962 53 857 40 1937 26285 74 817 796 573 289 284 50 1906 702 52 650 79 1204 571 1180 1074 106 1037 858 825 86 53 793 179 147 109 85 223 203 771 156 104 77 52 2585 46 45 234 158 125 99 78 209 2392 968 2592 550 529 105
is_linear=0
shrinkage=0.05


Tree=67
num_leaves=63
num_cat=0
split_feature=39 36 13 36 31 21 32 31 18 35 32 31 28 35 5 33 33 31 31 32 2 22 33 31 31 32 32 31 30 33 32 33 33 36 32 36 33 33 33 31 31 36 32 34 36 36 33 33 34 31 36 10 36 31 31 2 35 35 31 33 31 4
split_gain=1.25497e+06 1.50115e+06 865481 830353 806778 714002 656994 878609 561945 610092 590383 578790 449809 534761 578265 440710 515482 404905 398404 377129 358559 354984 440984 353575 362494 527308 340840 571568 369712 337234 330624 309769 347995 301447 298138 354142 319733 316833 881341 476011 335008 309085 279264 276273 274511 266537 264393 260790 273485 276626 259540 256340 255454 237668 238211 233240 232481 328961 290279 235080 222346 222282
threshold=1.0000000180025095e-35 246.95833333333337 1.0000000180025095e-35 87.737500000000011 40.000000000000007 1.0000000180025095e-35 51.750000000000007 273.55000000000007 1.0000000180025095e-35 1313.1500000000003 384.95000000000005 446.65000000000003 1.0000000180025095e-35 437.25000000000006 1.0000000180025095e-35 28.550000000000004 77.350000000000009 110.95000000000002 426.45000000000005 487.75000000000006 1.0000000180025095e-35 1.0000000180025095e-35 367.75000000000006 123.85000000000001 71.050000000000011 450.65000000000003 420.85000000000008 456.45000000000005 1.0000000180025095e-35 431.45000000000005 489.55000000000007 87.250000000000014 397.55000000000007 284.0125000000001 181.65000000000001 245.81250000000003 436.05000000000007 51.750000000000007 81.050000000000011 436.65000000000003 462.55000000000007 228.87083333333337 448.55000000000007 290.2000000000001 302.3633333333334 273.71250000000003 287.25000000000006 463.55000000000007 204.35000000000005 452.25000000000006 236.61000000000004 1.0000000180025095e-35 311.45833333333337 380.65000000000003 230.15000000000001 1.0000000180025095e-35 1155.7500000000002 1055.7500000000002 322.15000000000003 376.2000000000001 2.8500000000000001 1.0000000180025095e-35
decision_type=2 2 2 2 2 2 2 2 2 2 2 2 2 2 2 2 2 2 2 2 2 2 2 2 2 2 2 2 2 2 2 2 2 2 2 2 2 2 2 2 2 2 2 2 2 2 2 2 2 2 2 2 2 2 2 2 2 2 2 2 2 2
left_child=51 3 5 -2 15 8 7 -6 9 12 11 -11 13 -3 20 -5 -17 -14 -10 29 23 22 -22 24 42 -26 28 33 56 46 60 -9 55 -28 37 36 -36 39 43 50 -41 -38 -15 -39 -16 -19 -12 48 49 -4 -8 -1 -46 54 -24 -33 57 -25 -58 -59 -7 -62
right_child=1 2 47 4 6 30 34 31 18 10 19 -13 17 14 44 16 -18 45 -20 -21 21 -23 53 26 25 -27 27 -29 -30 -31 -32 32 -34 -35 35 -37 41 38 -40 40 -42 -43 -44 -45 52 -47 -48 -49 -50 -51 -52 -53 -54 -55 -56 -57 58 59 -60 -61 61 -63
leaf_value=-0.2024925265943551 -1.9050466372546262 0.03239014436505696 3.8367461408178012 3.2461830038605757 0.062214698430132435 7.4168168578829086 -0.38245796223636719 4.3016523748301392 -0.18969967457287143 3.3805723930480052 9.1053217013676964 -4.5458565990667088 5.0889323124518766 -1.694664378393264 -2.0938365262472769 -6.4535001973311115 1.0705705944886981 -3.9334525579138653 -3.7613748912764069 -0.68301054296039398 2.1233157996905514 -3.6248506089915402 6.9445009799230668 1.0419969251606522 -0.26561342064215215 -8.6826077000300099 8.0626047945022581 9.4642524484930366 -4.4020035374549122 10.534877469732955 8.0874161283175159 -0.35593765534972421 7.4691396395365404 1.7166929142581637 -0.17442473008467935 -5.547429236570995 -0.13291700803316558 -4.9137056904680598 -1.1618680599579898 8.9102714953215223 0.376343237835428 7.5050561348597213 6.560858161449433 -11.598850765228272 6.0523200032114985 -0.63153832220368922 2.798078090393985 10.380640692710877 0.22871985281667404 10.835738244056703 -4.7428162947216252 -0.80242194831521285 0.021834750721851984 9.9085736384391794 1.5177871716328157 4.0933187183580904 -6.1453503704940289 6.4285077145099638 0.56640041567841359 1.6914788634668696 2.4846046923093463 -1.6715363165310451
leaf_weight=17138 601 1316 48 262 1424 21 656 178 344 61 24 37 26 21 174 24 442 79 101 21 547 23 42 1353 49 30 20 29 31 37 27 131 21 291 2086 30 26 68 802 23 23 27 20 20 20 270 54 20 31 20 36 1987 144 25 39 38 24 50 49 55 398 35
leaf_count=17138 601 1316 48 262 1424 21 656 178 344 61 24 37 26 21 174 24 442 79 101 21 547 23 42 1353 49 30 20 29 31 37 27 131 21 291 2086 30 26 68 802 23 23 27 20 20 20 270 54 20 31 20 36 1987 144 25 39 38 24 50 49 55 398 35
internal_value=-0.00761855 0.372993 0.95133 -0.129102 0.0398615 0.865994 -0.164073 0.625032 0.701744 0.854421 3.34654 0.387941 0.731054 0.874228 1.23913 1.60551 0.683065 -0.930522 -1.00035 5.47846 1.48338 2.48027 2.6953 1.15009 -1.4822 -3.46194 1.31617 2.7508 1.00389 6.6036 2.71202 2.80289 1.39879 2.12479 -0.536492 -0.152647 -0.0769843 -1.04789 -1.68306 -0.281899 4.64331 3.75813 2.33242 -6.43306 -0.710464 -1.37896 4.73877 5.17296 4.1209 5.89527 -0.609297 -0.264822 0.75726 5.64695 4.33164 0.644487 1.11335 1.25122 -1.6402 3.94721 2.39234 2.14866
internal_weight=32049 12924 6006 6918 6317 5887 5589 1792 5406 4961 234 98 4727 4352 3036 728 466 375 445 136 2698 676 653 2022 120 79 1902 340 1562 115 481 368 190 311 3797 2169 2139 1628 890 738 46 53 41 88 338 349 78 119 99 68 692 19125 164 106 81 169 1531 1458 73 105 454 433
internal_count=32049 12924 6006 6918 6317 5887 5589 1792 5406 4961 234 98 4727 4352 3036 728 466 375 445 136 2698 676 653 2022 120 79 1902 340 1562 115 481 368 190 311 3797 2169 2139 1628 890 738 46 53 41 88 338 349 78 119 99 68 692 19125 164 106 81 169 1531 1458 73 105 454 433
is_linear=0
shrinkage=0.05


Tree=68
num_leaves=63
num_cat=0
split_feature=9 31 33 32 33 33 34 34 34 34 31 13 39 28 33 8 5 40 8 32 40 4 32 32 32 32 32 40 40 33 33 32 32 39 33 37 23 33 33 32 33 32 31 34 31 31 18 35 35 32 40 35 35 35 34 32 35 31 31 31 31 31
split_gain=2.63011e+07 2.15434e+06 1.66159e+06 1.66441e+06 1.69073e+06 1.42847e+06 1.19359e+06 1.22854e+06 1.08908e+06 1.81286e+06 1.10456e+06 1.08397e+06 1.02066e+06 1.01719e+06 1.06386e+06 865646 841421 745680 962554 929124 784469 701913 688984 903466 6.77235e+06 1.76364e+06 1.69055e+06 1.2951e+06 1.87068e+06 1.46616e+06 1.36289e+06 1.29421e+06 1.25306e+06 1.21712e+06 2.45454e+06 1.0714e+06 1.04441e+06 1.07967e+06 1.8355e+06 1.13399e+06 1.01701e+06 860569 783809 746103 678959 870144 745440 608455 771089 1.35307e+06 1.25261e+06 717806 590162 525779 522421 920396 667651 629677 593811 513033 503488 501107
threshold=1.0000000180025095e-35 316.35000000000008 485.45000000000005 175.95000000000002 449.00000000000006 423.05000000000007 407.7000000000001 440.00000000000006 15.750000000000002 80.850000000000009 56.250000000000007 1.0000000180025095e-35 1.0000000180025095e-35 1.0000000180025095e-35 203.35000000000005 1.0000000180025095e-35 1.0000000180025095e-35 1.0000000180025095e-35 1.0000000180025095e-35 404.55000000000007 2.5000000000000004 1.0000000180025095e-35 454.55000000000007 63.150000000000013 81.350000000000009 100.55000000000001 26.650000000000002 3.5000000000000004 4.5000000000000009 53.650000000000013 205.35000000000005 254.95000000000002 292.45000000000005 1.0000000180025095e-35 51.750000000000007 3.5000000000000004 1.0000000180025095e-35 178.45000000000002 3.5500000000000003 358.65000000000003 291.45000000000005 1.0000000180025095e-35 428.45000000000005 87.350000000000009 269.85000000000008 40.000000000000007 1.0000000180025095e-35 978.05000000000007 598.1500000000002 401.15000000000003 5.5000000000000009 806.05000000000007 538.75000000000011 333.45000000000005 93.850000000000009 145.65000000000001 592.85000000000014 224.05000000000004 121.75000000000001 175.35000000000005 248.95000000000002 402.75000000000006
decision_type=2 2 2 2 2 2 2 2 2 2 2 2 2 2 2 2 2 2 2 2 2 2 2 2 2 2 2 2 2 2 2 2 2 2 2 2 2 2 2 2 2 2 2 2 2 2 2 2 2 2 2 2 2 2 2 2 2 2 2 2 2 2
left_child=12 2 3 4 5 15 8 -8 11 -10 -11 13 53 16 -15 54 17 19 20 -5 52 -12 23 26 -25 -26 33 36 32 -30 35 -32 -29 34 41 -31 37 38 -27 40 -39 -3 -33 -24 45 -14 -46 48 49 -22 51 59 -19 -1 56 57 58 -56 -2 -50 -61 -40
right_child=1 22 -4 6 -6 -7 7 -9 9 10 21 -13 44 14 -16 -17 -18 18 -20 -21 47 -23 43 24 25 27 -28 28 29 30 31 42 -34 -35 -36 -37 -38 39 61 -41 -42 -43 -44 -45 46 -47 -48 -49 50 -51 -52 -53 -54 -55 55 -57 -58 -59 -60 60 -62 -63
leaf_value=-0.41966743916346633 -0.34196555582643717 6.4766717283031614 16.760469088347062 6.405975387055995 -11.74951516856318 14.868079535166423 20.310837157567345 5.2427214960898123 -11.737666022777558 -6.4557820730975699 5.3956241958270406 12.838573265075684 0.97949667633820181 -7.6590374946594242 6.6240713292902171 -5.9194399946265754 -1.5603338288097848 -5.8516908288002014 -2.9245612648555213 17.213224156697592 6.5807413681053823 -4.1406128406524658 7.6104807085461097 -16.619496459960938 17.58207749705161 5.236539493109051 19.077409195130873 -11.653434034983318 8.7321038597669354 3.6874224827207374 -1.2633149205421916 5.3616478520273061 2.5703711446374657 17.92655133786409 -7.8294399132759409 -9.0738125180727547 18.706014615839177 -1.7437011708383974 11.916183173138164 -6.0193147721886637 11.512927055358887 15.465099296569825 15.441571464538576 18.534136600927877 0.4535539007503771 -0.70948936771213245 -1.6737588001427637 14.562193111939862 3.0077384757995609 19.795824016224255 -2.353408019017365 0.058441557707609962 5.485816010561857 -0.97416972273728575 5.0837098544104062 -3.920023781912668 -5.5385326907038692 15.042204700274901 2.9252919001487374 17.855390382849652 7.5029175599416096 21.798850238734278
leaf_weight=8108 206 237 23 59 23 21 24 31 24 28 157 44 889 32 22 36 41 24 35 30 162 22 54 35 31 76 31 30 156 29 49 54 32 23 29 38 22 23 23 25 39 30 30 22 5230 5362 447 22 20 22 59 27 22 9043 57 21 32 22 428 23 24 29
leaf_count=8108 206 237 23 59 23 21 24 31 24 28 157 44 889 32 22 36 41 24 35 30 162 22 54 35 31 76 31 30 156 29 49 54 32 23 29 38 22 23 23 25 39 30 30 22 5230 5362 447 22 20 22 59 27 22 9043 57 21 32 22 428 23 24 29
internal_value=-0.00723762 4.47465 3.40649 3.23585 1.6213 1.99497 4.66763 11.8179 4.23019 1.27079 2.77902 5.25357 -0.464998 4.71873 -1.83999 1.65789 5.34008 5.87489 5.03061 10.0489 5.7181 4.22357 6.17235 5.84591 4.8341 5.92867 7.93023 5.37714 3.70302 5.09891 2.26502 5.19454 -4.31212 6.84696 5.98605 -3.55029 8.32981 7.26806 10.1892 2.9703 6.59515 7.48661 8.96162 10.7726 -0.109791 -0.469286 0.286052 6.5058 5.97986 8.16081 3.35703 6.94124 -0.429405 -0.712033 2.014 5.38379 1.50803 7.85696 1.86369 9.71491 12.569 17.4277
internal_weight=32049 2970 1823 1800 846 823 954 55 899 231 207 668 29079 624 54 802 570 529 440 89 405 179 1147 1071 721 686 350 655 418 356 200 133 62 319 296 67 237 215 128 87 62 267 84 76 11928 6251 5677 359 337 184 153 94 46 17151 766 100 666 79 634 67 47 52
internal_count=32049 2970 1823 1800 846 823 954 55 899 231 207 668 29079 624 54 802 570 529 440 89 405 179 1147 1071 721 686 350 655 418 356 200 133 62 319 296 67 237 215 128 87 62 267 84 76 11928 6251 5677 359 337 184 153 94 46 17151 766 100 666 79 634 67 47 52
is_linear=0
shrinkage=0.05


Tree=69
num_leaves=63
num_cat=0
split_feature=9 36 30 25 25 2 13 29 32 32 21 33 36 32 40 33 33 34 34 23 2 36 36 8 32 12 32 32 33 32 10 36 36 32 32 32 36 34 33 34 18 32 36 33 32 32 40 33 10 33 33 32 10 36 32 32 36 32 24 32 32 6
split_gain=2.37367e+07 2.2355e+06 1.2291e+06 1.06823e+06 1.0577e+06 907849 835432 833326 915508 832235 733292 1.07944e+06 928347 909345 848342 1.154e+06 919542 707100 707049 702821 715742 669314 651765 649890 770558 768429 668154 884660 650567 835730 643280 685438 1.14253e+06 894912 884154 777465 823860 568321 561843 559192 548244 1.84788e+06 677210 562702 549982 542970 741852 883832 686786 693169 1.60671e+06 948687 495378 484617 483689 673325 481931 726488 467094 594194 792395 519452
threshold=1.0000000180025095e-35 193.32500000000002 1.0000000180025095e-35 1.0000000180025095e-35 1.0000000180025095e-35 1.0000000180025095e-35 1.0000000180025095e-35 1.0000000180025095e-35 123.35000000000001 105.25000000000001 1.0000000180025095e-35 482.15000000000003 269.82916666666671 434.75000000000006 5.5000000000000009 111.75000000000001 392.15000000000003 395.45000000000005 193.95000000000002 1.0000000180025095e-35 1.0000000180025095e-35 254.11000000000004 244.65833333333336 1.0000000180025095e-35 310.15000000000003 1.0000000180025095e-35 360.45000000000005 401.15000000000003 93.200000000000003 89.65000000000002 1.0000000180025095e-35 241.15833333333336 232.25833333333335 222.95000000000002 380.65000000000003 448.55000000000007 278.07083333333338 440.00000000000006 166.15000000000001 7.6500000000000012 1.0000000180025095e-35 270.75000000000006 273.71250000000003 176.45000000000002 487.75000000000006 378.65000000000003 2.5000000000000004 291.45000000000005 1.0000000180025095e-35 303.30000000000001 90.950000000000017 164.25000000000003 1.0000000180025095e-35 338.42000000000002 337.95000000000005 29.850000000000005 212.78750000000005 251.15000000000001 1.0000000180025095e-35 225.25000000000003 372.55000000000007 1.0000000180025095e-35
decision_type=2 2 2 2 2 2 2 2 2 2 2 2 2 2 2 2 2 2 2 2 2 2 2 2 2 2 2 2 2 2 2 2 2 2 2 2 2 2 2 2 2 2 2 2 2 2 2 2 2 2 2 2 2 2 2 2 2 2 2 2 2 2
left_child=3 4 6 19 7 54 10 23 -9 -6 11 12 13 14 16 -16 45 30 22 -1 -21 38 -17 24 25 52 -26 -28 29 -27 31 32 33 -12 -35 36 -33 -19 -8 -25 42 -42 -14 -43 58 46 47 -3 49 50 56 -52 -2 -7 55 -5 -48 -58 61 -60 -61 -44
right_child=1 2 -4 5 9 53 21 8 -10 -11 17 -13 40 -15 15 18 -18 37 -20 20 -22 -23 -24 39 26 28 27 -29 -30 -31 -32 35 -34 34 -36 -37 -38 -39 -40 -41 41 43 44 -45 -46 -47 48 -49 -50 -51 51 -53 -54 -55 -56 -57 57 -59 59 60 -62 -63
leaf_value=-0.62415082597223104 1.6231847428845978 -0.54364360942840573 -6.0863306244214384 0.96424596196461421 16.77591097929648 2.7301345761333193 12.572039057991722 -12.484113002958752 1.8111496448516846 3.9659954145550729 12.848207274297389 -5.6133585815429692 13.941348217151784 -6.0140420227050786 4.2109463978949044 -2.5262748181819918 14.673672568279764 19.257809838794529 3.8228528749375119 0.018691554046233957 3.2512062941491608 16.605375538553513 -13.862506716591973 1.6021818090368201 12.437348006753361 17.342934885892003 -4.4207014640172329 9.2624840630425354 1.3710663293537342 4.3203380635806488 -2.1743608045578005 11.683811576128008 -5.2561154971952027 -1.4428186398286087 9.9745391674836483 19.208159011602405 0.24952385425567628 7.4808245658874517 1.5098916927973429 -8.887155914306641 -11.352301177978516 0.88562309965491304 6.0678130048348065 9.7811226534843456 -1.9033081098036335 10.154074962719067 9.7193449280478745 10.542144630068826 -2.674109935760498 -1.2793880224227907 23.113817392696035 9.1264409736350736 -5.0782068778728622 9.9084860342520269 1.4516863128224624 -0.9186182330504673 5.211761611037784 -5.7262400102615363 16.740661681782115 1.8221641570329667 13.573659225610587 0.85448370283725217
leaf_weight=23797 562 125 24 801 21 182 22 21 24 32 41 25 27 25 105 32 23 21 21 2303 185 28 21 27 34 22 21 27 38 28 20 50 23 39 30 20 23 20 24 24 20 32 757 40 22 37 33 21 22 24 22 27 29 27 618 1166 63 20 22 32 26 51
leaf_count=23797 562 125 24 801 21 182 22 21 24 32 41 25 27 25 105 32 23 21 21 2303 185 28 21 27 34 22 21 27 38 28 20 50 23 39 30 20 23 20 24 24 20 32 757 40 22 37 33 21 22 24 22 27 29 27 618 1166 63 20 22 32 26 51
internal_value=-0.00687574 4.25092 5.16265 -0.441748 2.187 0.487762 5.29525 1.76309 -4.85997 9.04162 5.09855 4.69843 4.85467 3.328 3.71986 0.840647 4.95578 7.43376 -3.94153 -0.540552 0.259051 10.5104 -7.01799 2.13013 2.49632 1.94341 7.07466 3.27609 6.30244 10.0503 6.42056 7.18117 4.87859 6.99766 3.52125 10.4741 8.08123 13.5129 6.80048 -3.33398 5.77601 2.09281 6.13765 5.82757 5.90611 4.3885 3.79094 1.05089 5.6869 6.66014 7.81498 15.4065 1.29435 3.65748 0.231487 -0.15188 4.60823 2.5761 6.09959 9.74399 7.09008 5.73875
internal_weight=32049 2970 2060 29079 910 2794 2036 857 45 53 1962 1675 1650 621 596 179 417 287 74 26285 2488 74 53 812 761 679 82 48 88 50 246 226 133 110 69 93 73 41 46 51 1029 92 937 72 910 394 357 146 211 189 165 49 591 209 2585 1967 116 83 888 80 58 808
internal_count=32049 2970 2060 29079 910 2794 2036 857 45 53 1962 1675 1650 621 596 179 417 287 74 26285 2488 74 53 812 761 679 82 48 88 50 246 226 133 110 69 93 73 41 46 51 1029 92 937 72 910 394 357 146 211 189 165 49 591 209 2585 1967 116 83 888 80 58 808
is_linear=0
shrinkage=0.05


Tree=70
num_leaves=63
num_cat=0
split_feature=9 33 31 10 31 25 7 33 33 6 34 4 34 31 21 39 33 28 33 33 33 31 34 2 37 23 2 31 31 33 34 34 34 34 25 31 31 33 33 25 25 21 33 37 34 31 31 33 33 37 33 39 33 31 33 33 37 18 33 33 33 39
split_gain=2.27846e+07 1.40531e+06 1.39679e+06 1.90866e+06 1.69024e+06 1.14483e+06 950076 833997 909051 831970 1.53387e+06 930470 1.7546e+06 1.2547e+06 1.44498e+06 1.079e+06 1.32865e+06 1.2773e+06 892225 946994 781153 761124 1.01888e+06 674863 666459 658499 840120 652632 1.76815e+06 1.48574e+06 1.08538e+06 1.42569e+06 946054 760745 637149 518285 571350 499868 478144 524551 459117 432387 414435 669075 966866 487064 752840 1.19614e+06 1.45091e+06 681610 1.83759e+06 1.89655e+06 857274 814700 789811 644418 937165 618176 444851 958782 945284 484706
threshold=1.0000000180025095e-35 485.45000000000005 316.35000000000008 1.0000000180025095e-35 444.75000000000006 1.0000000180025095e-35 1.0000000180025095e-35 65.950000000000017 259.50000000000006 1.0000000180025095e-35 72.500000000000014 1.0000000180025095e-35 104.25000000000001 474.75000000000006 1.0000000180025095e-35 1.0000000180025095e-35 65.950000000000017 1.0000000180025095e-35 53.650000000000013 205.35000000000005 81.050000000000011 450.45000000000005 295.2000000000001 1.0000000180025095e-35 1.5000000000000002 1.0000000180025095e-35 1.0000000180025095e-35 54.150000000000013 62.750000000000007 29.750000000000004 20.850000000000005 361.05000000000007 443.30000000000001 423.15000000000003 1.0000000180025095e-35 412.55000000000007 378.65000000000003 330.95000000000005 27.550000000000004 1.0000000180025095e-35 1.0000000180025095e-35 1.0000000180025095e-35 466.95000000000005 4.5000000000000009 127.90000000000002 115.25000000000001 98.15000000000002 283.45000000000005 102.25000000000001 3.5000000000000004 307.15000000000003 1.0000000180025095e-35 365.95000000000005 179.65000000000001 295.15000000000003 213.65000000000001 1.5000000000000002 1.0000000180025095e-35 263.65000000000003 390.05000000000007 67.950000000000017 1.0000000180025095e-35
decision_type=2 2 2 2 2 2 2 2 2 2 2 2 2 2 2 2 2 2 2 2 2 2 2 2 2 2 2 2 2 2 2 2 2 2 2 2 2 2 2 2 2 2 2 2 2 2 2 2 2 2 2 2 2 2 2 2 2 2 2 2 2 2
left_child=6 2 5 9 7 27 25 -5 -9 11 -11 13 -13 14 15 16 -4 -18 24 -20 -17 22 -16 40 -15 38 34 30 29 -29 37 -32 33 42 -27 36 -22 -2 39 -1 -8 -41 43 45 -45 46 47 48 -30 50 57 52 -52 54 -51 56 -48 -47 60 -60 -55 -62
right_child=1 -3 3 4 -6 -7 23 8 -10 10 -12 12 -14 18 21 20 17 -19 19 -21 35 -23 -24 -25 -26 26 -28 28 32 -31 31 -33 -34 -35 -36 -37 -38 -39 -40 41 -42 -43 -44 44 -46 49 55 -49 -50 53 51 -53 -54 58 -56 -57 -58 -59 59 -61 61 -63
leaf_value=-0.54658082073119996 6.45246357009961 14.586801159381867 5.0826455643991153 9.969235146563987 -14.316741490364075 7.4395759948312419 0.054594933076362422 -8.5523241202036555 4.9421783098807701 6.9488112321266762 -6.3697394113282897 6.5566525615494831 -8.5061516829605761 9.0741469065348319 7.0076592143048941 4.334127286256078 -6.5934229589858155 6.9368219650708713 -1.6063271903991698 12.638926371080537 11.305348258972803 19.112109010115912 19.154891836075556 3.16929217763948 19.565121045635969 -0.23925947255721419 3.4167561239495718 0.80602671813964855 1.9034302688025413 -17.477589416503907 -5.4584685088590135 9.3730924019446746 -6.0355442587534593 12.383432043166389 2.913524738082264 14.470140397314934 2.2829112836292813 14.306282464663187 -0.99666687711177815 0.12292761986596584 2.6788550093853276 2.7559519046645491 -3.5845749511718754 -2.0214159993827345 10.756091515223186 3.3857363970866845 2.2075405578613281 -6.5796530314854209 14.870084909030371 0.32773882198333742 11.565567922592164 1.9389535248279572 25.581940689086917 8.0352288969631864 -10.160794571467809 4.7701379942893984 -10.019486271554516 -2.9388417674273981 11.048820705162854 -1.716401129340132 -7.4604550520579025 1.4547740967042986
leaf_weight=16729 130 32 328 23 20 146 2419 24 26 52 37 58 29 24 97 83 53 26 20 28 47 23 21 212 41 2174 194 25 94 20 43 26 30 21 173 51 28 24 5591 1257 179 178 25 20 57 670 25 28 28 50 24 32 20 29 28 20 42 41 38 24 30 31
leaf_count=16729 130 32 328 23 20 146 2419 24 26 52 37 58 29 24 97 83 53 26 20 28 47 23 21 212 41 2174 194 25 94 20 43 26 30 21 173 51 28 24 5591 1257 179 178 25 20 57 670 25 28 28 50 24 32 20 29 28 20 42 41 38 24 30 31
internal_value=0.00998703 4.1649 4.05223 5.42559 -1.43873 3.19323 -0.417124 2.0895 -1.53518 6.0359 1.41189 6.46593 1.53572 6.95895 6.22532 5.18019 3.68062 -2.14043 11.8736 6.7034 8.1004 10.7913 9.16945 0.456751 15.6915 -0.510507 0.254522 2.8231 2.43631 -7.32002 5.34151 0.130236 2.74835 2.93972 -0.00686422 10.5813 7.93697 7.67644 -0.59234 -0.467885 0.235404 0.449533 2.79347 2.91327 7.43726 2.63548 0.594208 2.74036 4.87938 3.11117 3.81094 11.2008 17.9366 0.716749 -3.43738 -3.10606 -5.45716 3.02103 2.84847 6.10744 0.6034 -2.92976
internal_weight=32098 2992 2960 1139 93 1821 29106 73 50 1046 89 957 87 870 757 616 407 79 113 48 209 141 118 2810 65 26296 2541 1675 1452 45 223 69 1407 1377 2347 126 75 154 23755 18164 2598 1435 1356 1331 77 1254 237 150 122 1017 787 76 44 230 78 87 67 711 152 62 90 61
internal_count=32098 2992 2960 1139 93 1821 29106 73 50 1046 89 957 87 870 757 616 407 79 113 48 209 141 118 2810 65 26296 2541 1675 1452 45 223 69 1407 1377 2347 126 75 154 23755 18164 2598 1435 1356 1331 77 1254 237 150 122 1017 787 76 44 230 78 87 67 711 152 62 90 61
is_linear=0
shrinkage=0.05


Tree=71
num_leaves=63
num_cat=0
split_feature=9 36 32 36 10 31 32 2 31 31 34 23 31 32 32 31 33 40 31 36 32 32 34 34 36 36 32 33 33 23 11 32 31 21 31 31 31 33 33 31 32 36 32 33 35 33 36 32 31 31 35 35 34 11 39 35 11 13 34 33 32 34
split_gain=2.05631e+07 1.79574e+06 1.38237e+06 1.97616e+06 1.29477e+06 1.93024e+06 2.34545e+06 885452 866249 1.05691e+06 992564 706682 605843 747768 1.14636e+06 571838 1.59061e+06 1.062e+06 767950 560213 1.81204e+06 1.03013e+06 685312 524502 517193 773506 513247 557922 577773 506316 1.03664e+06 578597 480868 1.26225e+06 1.29498e+06 1.24066e+06 1.20402e+06 2.05429e+06 1.1625e+06 884891 1.25071e+06 661922 626627 1.22198e+06 638912 593964 1.4634e+06 578063 467347 460308 437389 767408 572067 431508 431033 580115 473696 430640 425171 413828 411820 406828
threshold=1.0000000180025095e-35 170.31000000000003 485.65000000000003 336.48750000000007 1.0000000180025095e-35 442.85000000000008 428.85000000000008 1.0000000180025095e-35 54.150000000000013 316.35000000000008 100.95000000000002 1.0000000180025095e-35 127.75000000000001 278.65000000000003 91.950000000000017 248.95000000000002 90.950000000000017 2.5000000000000004 318.15000000000003 161.38750000000002 251.15000000000001 356.45000000000005 224.05000000000004 433.65000000000003 179.28000000000003 187.51000000000002 170.05000000000004 287.25000000000006 199.45000000000002 1.0000000180025095e-35 1.0000000180025095e-35 29.850000000000005 179.65000000000001 1.0000000180025095e-35 148.65000000000001 115.25000000000001 98.15000000000002 345.40000000000003 105.95000000000002 226.05000000000004 412.85000000000008 229.91666666666669 392.85000000000008 255.05000000000004 753.45000000000016 285.35000000000008 248.08750000000001 380.65000000000003 85.750000000000014 170.95000000000002 753.45000000000016 933.35000000000025 245.35000000000005 1.0000000180025095e-35 1.0000000180025095e-35 108.45000000000002 1.0000000180025095e-35 1.0000000180025095e-35 375.45000000000005 9.3500000000000032 1.8500000000000003 24.850000000000005
decision_type=2 2 2 2 2 2 2 2 2 2 2 2 2 2 2 2 2 2 2 2 2 2 2 2 2 2 2 2 2 2 2 2 2 2 2 2 2 2 2 2 2 2 2 2 2 2 2 2 2 2 2 2 2 2 2 2 2 2 2 2 2 2
left_child=7 15 4 -4 8 6 12 29 10 24 -3 53 -6 14 -14 19 17 -17 -19 21 -21 22 26 58 49 -26 27 28 -2 31 -31 54 33 34 35 36 37 -27 -36 40 45 -37 50 44 -44 -34 -47 -35 -28 -10 -41 -52 -53 -9 -1 -56 60 -12 61 -50 -57 -11
right_child=1 2 3 -5 5 -7 -8 11 9 23 57 -13 13 -15 -16 16 -18 18 -20 20 -22 -23 -24 -25 25 32 48 -29 -30 30 -32 -33 39 47 38 41 -38 -39 -40 42 -42 -43 43 -45 -46 46 -48 -49 59 -51 51 52 -54 -55 55 56 -58 -59 -60 -61 -62 -63
leaf_value=-0.4696063364044949 -0.15695191786674123 13.120195508003235 21.20555001894633 3.2042071096358762 -2.8928055503151633 -12.98893506008646 -10.687646701418121 0.046372383930754851 14.196106796264651 6.1917475725755438 8.2678769318759446 3.302313097688689 11.729099001203267 9.6312151479721066 -2.5229046755058824 18.974835672378543 -5.2455441108116743 10.834860270363945 -1.6484902555292305 3.3974139283343057 -13.476389846205713 12.832849979400635 8.8720851148877831 -0.2181688573625353 -2.8939470035188339 13.13467974411814 6.7523234435769384 -7.115206551551819 6.993052599506993 -0.10132207813507177 3.7569888551025947 -0.82635509922870265 3.4115867797817501 -12.414239959716797 6.2273855796227089 4.2690851347787042 -6.0302782249450688 -6.6627377319335936 -6.9488748459105798 2.6395188421430724 17.039900278162076 15.279589484288142 0.56208216349283857 8.6331545862284571 -10.555425244569779 19.958691742306666 2.3599905826427316 -0.66915879683061086 4.7998625119527185 4.3360698371097959 12.332579179712244 -2.7759909741580486 7.5062668246607629 2.5144869021252187 -1.964775845339132 0.63812857191381889 -0.52179358710504231 -2.1080519163608549 11.042607928545047 -4.4852928330500923 2.7449553832155735 3.4036217767226549
leaf_weight=10449 319 64 30 31 22 23 29 2432 20 761 20 201 21 70 43 20 26 28 22 41 26 20 28 36 51 38 61 26 31 2353 188 10901 112 20 26 21 30 20 47 213 27 39 24 22 28 21 27 22 24 29 37 24 31 191 258 1143 699 20 39 24 291 158
leaf_count=10449 319 64 30 31 22 23 29 2432 20 761 20 201 21 70 43 20 26 28 22 41 26 20 28 36 51 38 61 26 31 2353 188 10901 112 20 26 21 30 20 47 213 27 39 24 22 28 21 27 22 24 29 37 24 31 191 258 1143 699 20 39 24 291 158
internal_value=0.00948768 3.95666 4.63108 12.0573 4.42839 0.671549 2.36988 -0.396268 4.8139 4.57352 9.25855 0.445046 4.79724 6.05979 2.15353 1.73185 5.31481 9.23723 5.34219 1.15858 -3.15063 1.70026 1.26624 5.70674 3.36102 3.08263 0.82714 -0.0486128 0.476334 -0.486667 0.184141 -0.558464 3.45031 1.68372 3.19378 5.88182 2.10176 6.30798 -2.25596 4.27118 7.08571 11.4259 2.88248 -1.24503 -5.42427 5.40594 10.0594 -6.26205 3.84809 8.36057 3.88391 6.76496 3.01946 0.226094 -0.331028 0.274578 0.545443 3.07991 5.92939 0.157285 1.06566 5.7124
internal_weight=32098 2992 2296 61 2235 208 185 29106 2027 1923 104 2824 156 134 64 696 96 70 50 600 67 533 513 994 929 880 485 376 350 26282 2541 23741 829 263 221 148 88 58 73 566 187 60 379 74 52 160 48 42 109 49 305 92 55 2623 12840 2391 2133 40 958 48 1434 919
internal_count=32098 2992 2296 61 2235 208 185 29106 2027 1923 104 2824 156 134 64 696 96 70 50 600 67 533 513 994 929 880 485 376 350 26282 2541 23741 829 263 221 148 88 58 73 566 187 60 379 74 52 160 48 42 109 49 305 92 55 2623 12840 2391 2133 40 958 48 1434 919
is_linear=0
shrinkage=0.05


Tree=72
num_leaves=63
num_cat=0
split_feature=9 36 10 31 31 17 31 6 34 28 35 31 36 34 7 36 36 11 31 40 34 34 35 36 2 11 39 18 31 31 36 35 40 35 36 35 37 39 35 35 38 35 40 36 35 31 29 31 35 40 31 35 31 34 34 35 2 31 31 31 21 40
split_gain=1.85582e+07 1.62066e+06 937987 1.79045e+06 859062 1.34752e+06 1.14587e+06 905961 1.49173e+06 883964 952218 1.13421e+06 876439 858126 837253 674902 869836 836374 641636 826696 637626 2.1407e+06 700799 611349 597735 579393 578359 573793 2.45922e+06 1.19886e+06 1.16056e+06 1.44847e+06 2.04099e+06 1.29876e+06 1.23109e+06 867325 728782 702726 656486 591534 676222 536554 1.087e+06 1.0372e+06 932373 1.48543e+06 1.20833e+06 1.17285e+06 834786 822868 794317 879181 1.5782e+06 666199 1.12704e+06 949164 533246 528099 649320 791960 517213 1.20776e+06
threshold=1.0000000180025095e-35 170.31000000000003 1.0000000180025095e-35 444.75000000000006 54.150000000000013 1.0000000180025095e-35 326.15000000000003 1.0000000180025095e-35 72.500000000000014 1.0000000180025095e-35 1083.5500000000002 414.45000000000005 303.91666666666674 100.95000000000002 1.0000000180025095e-35 179.28000000000003 225.27083333333334 1.0000000180025095e-35 165.05000000000004 4.5000000000000009 106.25000000000001 262.45000000000005 567.95000000000016 275.04166666666669 1.0000000180025095e-35 1.0000000180025095e-35 1.0000000180025095e-35 1.0000000180025095e-35 414.45000000000005 412.55000000000007 318.92500000000001 794.6500000000002 4.5000000000000009 629.1500000000002 269.82916666666671 690.95000000000016 2.5000000000000004 1.0000000180025095e-35 860.05000000000007 1020.4500000000002 1.0000000180025095e-35 987.70000000000016 1.5000000000000002 258.24166666666673 532.95000000000016 136.05000000000004 1.0000000180025095e-35 170.95000000000002 506.35000000000008 4.5000000000000009 242.85000000000005 629.1500000000002 189.65000000000001 292.45000000000005 392.15000000000003 1083.5500000000002 1.0000000180025095e-35 175.35000000000005 286.15000000000003 361.85000000000008 1.0000000180025095e-35 3.5000000000000004
decision_type=2 2 2 2 2 2 2 2 2 2 2 2 2 2 2 2 2 2 2 2 2 2 2 2 2 2 2 2 2 2 2 2 2 2 2 2 2 2 2 2 2 2 2 2 2 2 2 2 2 2 2 2 2 2 2 2 2 2 2 2 2 2
left_child=14 60 4 20 13 6 15 9 12 27 11 -11 -9 -3 56 26 17 18 19 -17 22 -22 -4 -23 25 -16 -6 29 -29 35 31 33 37 -31 -34 36 -8 -33 -37 -40 -41 44 -43 -44 48 49 47 -47 -18 -46 51 -49 -53 55 -55 -45 -1 -24 -59 -60 -2 -62
right_child=1 2 3 -5 5 -7 7 8 -10 10 -12 -13 -14 -15 24 16 41 -19 -20 -21 21 23 57 -25 -26 -27 -28 28 -30 30 -32 32 34 -35 -36 38 -38 -39 39 40 -42 42 43 53 45 46 -48 50 -50 -51 -52 52 -54 54 -56 -57 -58 58 59 -61 61 -63
leaf_value=-0.53889124891543394 0.64065384364081857 12.687118430504434 8.7526083582923526 -12.991940396428109 4.5689461823665738 15.186401436246676 3.6410618936230321 13.647866517847234 -7.2650881467546746 3.9957481522560125 8.2259927553789947 -11.389483211351479 -0.035670780479907988 3.517397965348902 0.014727433040884686 0.93719573020935065 3.1972281301754442 10.181601574307397 1.6112582795914603 -8.4042339624298954 17.59627746299461 -5.4146114654541018 -7.5863439102172849 5.8807786029318105 2.9967304535350712 2.7600609983838917 15.344381942749024 9.6175530084749568 -10.279050292968751 13.199085430388756 6.4975835615480451 8.9020652413368229 -7.1010841387013599 28.411853485107425 8.9138253211975105 11.518945592547221 -6.2417355855305994 21.308938598632814 -0.12297144465976291 11.574410940351941 0.58560432252429784 -5.9000029722849527 -4.8711608886718754 2.2915557043892996 20.328732074682531 -3.4085786753687368 -5.8847655773162844 1.8522119808197024 -6.9595420194708781 8.0788786526384033 4.436966580736871 2.2163669967651365 19.155809693986722 -6.848163986206055 8.1539011063114284 16.464814889872518 0.21388294159657228 7.5793288389841722 -9.2438058189723815 3.3820541593763567 8.3547061094215938 0.95881684285513369
leaf_weight=23684 451 65 21 20 33 29 167 22 35 25 28 23 25 42 2389 50 168 21 176 45 27 25 25 23 212 209 20 41 25 47 213 21 24 20 24 63 21 25 36 42 21 39 28 21 26 29 24 20 23 29 102 20 44 21 31 27 2612 24 23 27 84 161
leaf_count=23684 451 65 21 20 33 29 167 22 35 25 28 23 25 42 2389 50 168 21 176 45 27 25 25 23 212 209 20 41 25 47 213 21 24 20 24 63 21 25 36 42 21 39 28 21 26 29 24 20 23 29 102 20 44 21 31 27 2612 24 23 27 84 161
internal_value=0.00901329 3.75882 4.39952 1.2554 4.72436 4.48784 4.32833 5.5729 0.549795 6.04853 0.898202 -3.37634 6.36939 9.08779 -0.376455 3.14492 2.83667 0.568714 -0.176197 -3.48769 2.71667 6.33323 0.456317 -0.00223706 0.443894 0.23558 8.63515 6.54401 2.08096 6.95086 8.91912 12.1228 8.11886 17.7402 0.906371 4.84763 2.53713 15.6449 7.52895 4.98986 7.91148 3.85238 1.40802 3.63468 4.69405 6.46105 4.75613 5.94395 1.97416 13.8697 7.40214 11.0027 13.8622 6.01632 2.09537 10.264 -0.464118 -1.3035 0.819079 -2.42584 1.64526 3.49455
internal_weight=32098 2992 2296 215 2081 1974 1945 948 82 866 76 48 47 107 29106 997 944 292 271 95 195 75 120 48 2810 2598 53 790 66 724 374 161 94 67 48 350 188 46 162 99 63 652 167 128 485 294 239 215 191 55 186 84 64 100 52 48 26296 99 74 50 696 245
internal_count=32098 2992 2296 215 2081 1974 1945 948 82 866 76 48 47 107 29106 997 944 292 271 95 195 75 120 48 2810 2598 53 790 66 724 374 161 94 67 48 350 188 46 162 99 63 652 167 128 485 294 239 215 191 55 186 84 64 100 52 48 26296 99 74 50 696 245
is_linear=0
shrinkage=0.05


Tree=73
num_leaves=63
num_cat=0
split_feature=9 32 32 31 32 35 32 35 35 30 32 32 32 40 31 23 35 18 34 25 23 7 35 32 32 35 7 31 34 32 35 32 32 32 32 32 32 32 31 32 32 31 32 31 32 40 31 31 32 31 35 31 7 34 25 34 35 31 35 31 35 18
split_gain=1.67488e+07 1.13302e+06 989721 1.1508e+06 1.79568e+06 2.3106e+06 1.3917e+06 1.2334e+06 1.70172e+06 1.17815e+06 1.17025e+06 1.01559e+06 1.3331e+06 964578 1.19122e+06 947703 2.237e+06 937700 872656 814067 745715 545567 541793 524350 739179 607616 516081 491881 901031 1.03879e+06 972976 930303 1.20213e+06 730716 469646 752023 4.16032e+06 1.39234e+06 1.61485e+06 1.27418e+06 1.17092e+06 1.07998e+06 992413 906495 864875 2.4207e+06 955626 849035 714082 668362 1.33078e+06 652834 1.02594e+06 591724 471803 799581 534826 1.33863e+06 597956 936090 827114 760957
threshold=1.0000000180025095e-35 472.65000000000003 468.75000000000006 195.85000000000005 436.65000000000003 673.95000000000016 386.85000000000008 563.1500000000002 873.85000000000014 1.0000000180025095e-35 367.85000000000008 171.95000000000002 189.75000000000003 3.5000000000000004 308.35000000000008 1.0000000180025095e-35 867.25000000000011 1.0000000180025095e-35 167.95000000000002 1.0000000180025095e-35 1.0000000180025095e-35 1.0000000180025095e-35 607.45000000000016 51.750000000000007 261.45000000000005 466.75000000000006 1.0000000180025095e-35 156.65000000000001 15.750000000000002 314.05000000000007 867.25000000000011 312.15000000000003 328.05000000000007 280.45000000000005 253.05000000000004 63.150000000000013 81.350000000000009 154.35000000000005 410.45000000000005 179.45000000000002 26.650000000000002 282.05000000000007 113.15000000000002 376.55000000000007 203.00000000000003 3.5000000000000004 398.85000000000008 468.85000000000008 229.65000000000001 357.45000000000005 818.95000000000016 468.85000000000008 1.0000000180025095e-35 2.0500000000000003 1.0000000180025095e-35 91.550000000000011 1279.4000000000003 400.75000000000006 978.05000000000007 414.45000000000005 894.95000000000016 1.0000000180025095e-35
decision_type=2 2 2 2 2 2 2 2 2 2 2 2 2 2 2 2 2 2 2 2 2 2 2 2 2 2 2 2 2 2 2 2 2 2 2 2 2 2 2 2 2 2 2 2 2 2 2 2 2 2 2 2 2 2 2 2 2 2 2 2 2 2
left_child=19 2 3 4 6 -6 10 -8 -9 34 11 15 -13 14 -3 16 17 22 -15 26 21 23 -2 25 -25 -21 -1 28 31 30 -30 33 -33 -14 35 40 41 38 49 -39 47 -37 -40 -42 45 -41 48 -5 -46 50 -38 52 54 -53 56 -56 58 -58 60 61 -36 -60
right_child=1 13 -4 9 5 -7 7 8 -10 -11 -12 12 27 18 -16 -17 -18 -19 -20 20 -22 -23 -24 24 -26 -27 -28 -29 29 -31 -32 32 -34 -35 51 36 37 39 42 44 43 -43 -44 -45 46 -47 -48 -49 -50 -51 -52 53 -54 -55 55 -57 57 -59 59 -61 -62 -63
leaf_value=-0.51736664976314672 1.0336551354762089 -5.7393343593763273 -6.9667242962381115 3.7566113401327708 -20.238253402709962 1.2994096929376777 16.247266364097595 -2.2698507192658215 13.115552145242692 -6.7794727007548019 -8.0819605146135611 13.546200373513358 4.0716757312718066 8.3679126687347889 10.534773401780562 9.1300252467393879 -15.711376408168249 10.602117252349855 20.11421788533529 0.38829867420058856 3.387986442698768 2.8584246226021506 -5.0193222138939833 -1.6749840851367257 0.49093562348581665 3.8382091111020196 0.22240925079282384 7.1127369775491607 -3.8446605866955177 -10.075111006807399 9.7282554045967444 19.374832582473758 4.4226933176924543 -4.3334667369297568 4.3886786654591559 -0.28767069036310372 3.6873554498299783 -3.4297412236531581 6.6911624908447269 22.596048100789389 5.7777706527709967 -13.855532134662974 20.141389679908755 20.831795616149904 1.1588284773341682 2.2427448701850761 -5.0337892764653915 10.886046927908193 10.633241713444392 -0.66106338395012754 16.986348410447441 4.0168599999469263 12.049533467138968 -5.9531046260486953 15.430991499764581 2.3413510799407962 1.026568885644277 17.255774681656451 1.4825001405209912 -7.6854764751766043 11.909487953851389 11.970700427464077
leaf_weight=23696 376 23 23 453 20 33 32 41 32 24 28 35 99 64 22 32 21 24 21 664 201 183 41 729 857 158 2618 68 31 27 23 20 41 35 244 22 87 84 24 21 20 44 32 20 59 48 39 46 30 45 24 46 62 22 28 20 24 27 98 23 43 21
leaf_count=23696 376 23 23 453 20 33 32 41 32 24 28 35 99 64 22 32 21 24 21 664 201 183 41 729 857 158 2618 68 31 27 23 20 41 35 244 22 87 84 24 21 20 44 32 20 59 48 39 46 30 45 24 46 62 22 28 20 24 27 98 23 43 21
internal_value=0.00856263 3.57088 3.36351 3.4472 2.14209 -6.82801 2.61467 8.06235 4.47444 4.22367 1.97981 2.30253 4.24953 8.13619 2.2169 0.808775 0.232411 0.991639 11.2699 -0.357632 0.454159 0.226564 0.438518 0.0265514 -0.504623 1.05142 -0.443766 3.30365 2.36518 -2.06744 1.9364 4.20642 9.32503 1.8763 4.37406 3.74106 2.45615 4.0344 7.09357 1.72641 5.07364 -9.33291 14.377 13.3048 3.92497 8.43723 1.49258 4.41383 4.35245 4.479 6.56281 5.43034 5.96501 0.791283 5.25054 9.97697 4.7779 9.6185 4.20245 1.54862 5.51549 3.33336
internal_weight=32098 2992 2862 2839 1059 53 1006 105 73 1780 901 873 379 130 45 494 462 441 85 29106 2792 2591 417 2408 1586 822 26314 344 276 81 54 195 61 134 1756 1098 559 493 212 281 539 66 56 40 197 69 128 499 89 156 111 658 590 68 528 48 480 51 429 142 287 119
internal_count=32098 2992 2862 2839 1059 53 1006 105 73 1780 901 873 379 130 45 494 462 441 85 29106 2792 2591 417 2408 1586 822 26314 344 276 81 54 195 61 134 1756 1098 559 493 212 281 539 66 56 40 197 69 128 499 89 156 111 658 590 68 528 48 480 51 429 142 287 119
is_linear=0
shrinkage=0.05


Tree=74
num_leaves=63
num_cat=0
split_feature=9 36 32 36 10 31 32 25 36 34 13 34 31 32 32 33 36 35 32 33 33 32 34 36 31 32 36 36 32 32 32 32 36 36 23 23 21 36 32 35 32 31 31 31 35 12 31 33 40 31 39 36 35 32 40 36 40 21 31 33 31 32
split_gain=1.51158e+07 1.37546e+06 1.12816e+06 1.77902e+06 1.02762e+06 1.62087e+06 2.06422e+06 734695 721561 673607 1.58082e+06 1.41213e+06 1.18248e+06 1.02961e+06 1.46349e+06 1.31817e+06 929791 1.39993e+06 1.07922e+06 1.07056e+06 1.02109e+06 923928 900945 1.58366e+06 884065 1.20941e+06 850671 1.20445e+06 1.01461e+06 2.91973e+06 975830 1.61899e+06 1.07352e+06 997818 673008 648147 525949 549810 517333 1.46494e+06 978216 998247 822177 700159 1.03691e+06 497310 493006 1.44958e+06 918695 699628 536491 1.0947e+06 2.28919e+06 1.03235e+06 962299 939924 896780 824924 563149 536300 478227 618239
threshold=1.0000000180025095e-35 170.31000000000003 485.65000000000003 336.48750000000007 1.0000000180025095e-35 442.85000000000008 430.85000000000008 1.0000000180025095e-35 175.51666666666668 20.850000000000005 1.0000000180025095e-35 95.600000000000009 52.150000000000013 171.95000000000002 13.15 399.55000000000007 272.41250000000008 958.55000000000007 317.55000000000007 185.65000000000001 313.55000000000007 238.15000000000001 399.90000000000003 229.91666666666669 376.55000000000007 474.15000000000003 318.92500000000001 338.42000000000002 63.150000000000013 96.450000000000017 206.95000000000002 283.95000000000005 294.5125000000001 237.71000000000006 1.0000000180025095e-35 1.0000000180025095e-35 1.0000000180025095e-35 299.32916666666671 436.65000000000003 667.90000000000009 386.85000000000008 142.45000000000002 77.15000000000002 359.55000000000007 511.05000000000007 1.0000000180025095e-35 248.95000000000002 90.950000000000017 2.5000000000000004 318.15000000000003 1.0000000180025095e-35 154.65833333333336 485.05000000000007 168.15000000000001 5.5000000000000009 150.51250000000002 4.5000000000000009 1.0000000180025095e-35 5.9500000000000011 222.35000000000005 127.75000000000001 278.65000000000003
decision_type=2 2 2 2 2 2 2 2 2 2 2 2 2 2 2 2 2 2 2 2 2 2 2 2 2 2 2 2 2 2 2 2 2 2 2 2 2 2 2 2 2 2 2 2 2 2 2 2 2 2 2 2 2 2 2 2 2 2 2 2 2 2
left_child=7 46 4 -4 8 6 60 -1 -3 10 12 -11 -10 14 -13 22 17 19 21 -15 -20 -19 23 -16 25 38 28 -28 -26 -30 32 -32 33 -31 36 -18 37 45 40 -40 42 -42 -14 -44 -45 -9 50 48 -48 -50 51 53 -53 58 57 -52 -57 -55 -2 -60 -6 -62
right_child=1 2 3 -5 5 -7 -8 34 9 11 -12 13 24 16 15 -17 35 18 20 -21 -22 -23 -24 -25 26 -27 27 -29 29 30 31 -33 -34 -35 -36 -37 -38 -39 39 -41 41 -43 43 44 -46 -47 47 -49 49 -51 55 52 -54 54 -56 56 -58 -59 59 -61 61 -63
leaf_value=-0.42157749020719715 7.8853499072790143 10.265908126945192 19.371289488474531 2.2914235022760208 -2.5965340007435191 -12.065398552106775 -10.497552088328771 -1.0889562501924148 12.626747568642221 -7.775565284490586 14.455934250660432 11.92241291999817 -6.7839824510657269 15.792393875122071 -3.5755792915821076 -12.396166402322276 5.6890658101962721 -3.3403545427322388 -0.81848315183932974 0.61394911039443256 -14.29022271416404 11.210708495974542 -6.8012742614746093 13.037606248488794 16.109907946867104 13.727407580155594 -6.482350419998169 4.9856701415251283 -10.792594510033018 16.980602947870889 -5.6698232332865395 10.609427601950509 22.309023909135298 3.4937967658042908 3.2185870954646401 13.529427288517809 1.5781011461340588 0.99031735396039666 -12.775971832275392 3.1905210833923494 17.249643845991656 5.0995920174742402 3.2753302939738966 4.279421008074725 -9.5777123309947836 1.9477481742438518 17.573390026092529 -5.3092975689814645 10.136464190483094 -1.778650292483243 0.76501571250998457 2.1767570277055106 -14.373271974357401 2.9736026452935262 -0.40534992350472349 1.6916073036193848 15.896375976562503 15.471273194397652 -0.15999287448913946 -8.4830519176664811 1.7894529834389687 8.5658028750352457
leaf_weight=26314 20 47 30 31 22 23 28 1193 41 32 39 20 23 26 32 27 131 20 39 21 22 24 30 26 34 26 25 272 21 24 24 42 22 32 201 33 556 690 20 51 22 73 652 27 27 152 20 26 28 22 92 48 37 23 36 20 25 31 247 21 64 71
leaf_count=26314 20 47 30 31 22 23 28 1193 41 32 39 20 23 26 32 27 131 20 39 21 22 24 30 26 34 26 25 272 21 24 24 42 22 32 201 33 556 690 20 51 22 73 652 27 27 152 20 26 28 22 92 48 37 23 36 20 25 31 247 21 64 71
internal_value=0.0081345 3.39234 3.98258 10.6914 3.79948 0.452585 2.00887 -0.33975 4.14292 3.99758 4.52142 2.37398 4.25569 3.09413 -0.560942 -2.73196 4.65563 1.83842 -1.37196 9.01054 -5.67714 4.59659 0.233193 3.87171 4.01347 3.09696 5.7153 4.02035 8.24496 6.6243 9.16427 4.6897 12.9504 9.27386 0.431451 7.2667 0.215236 -0.157124 2.78814 -1.30708 3.14101 7.91329 2.51911 2.82218 -2.64915 -0.745775 1.44521 4.77205 8.51655 4.89381 0.912918 0.0996278 -5.02737 1.25252 5.92677 3.66148 9.58315 10.1482 -0.208178 -0.812173 4.23932 5.35331
internal_weight=32098 2992 2296 61 2235 208 185 29106 2027 1980 1497 483 1458 451 135 115 316 152 105 47 61 44 88 58 1417 921 496 297 199 165 144 66 78 56 2792 164 2591 2035 895 71 824 95 729 706 54 1345 696 96 70 50 600 463 85 378 90 137 45 54 288 268 157 135
internal_count=32098 2992 2296 61 2235 208 185 29106 2027 1980 1497 483 1458 451 135 115 316 152 105 47 61 44 88 58 1417 921 496 297 199 165 144 66 78 56 2792 164 2591 2035 895 71 824 95 729 706 54 1345 696 96 70 50 600 463 85 378 90 137 45 54 288 268 157 135
is_linear=0
shrinkage=0.05


Tree=75
num_leaves=63
num_cat=0
split_feature=9 36 1 36 32 32 33 32 36 33 33 32 40 33 23 32 33 33 35 23 7 32 33 2 33 6 33 36 35 4 38 33 18 37 33 39 2 36 32 38 32 35 35 33 33 33 33 36 32 35 7 32 35 32 32 32 33 33 10 32 35 36
split_gain=1.13298e+07 1.72194e+06 2.14272e+06 1.41522e+06 950371 1.48498e+06 3.09776e+06 2.47572e+06 1.75096e+06 1.97151e+06 1.10325e+06 1.34087e+06 1.01464e+06 991188 941467 1.06707e+06 900238 828955 1.37299e+06 732412 708631 775012 737836 971896 1.43051e+06 671271 765034 1.90508e+06 1.46679e+06 1.28696e+06 855399 782272 630096 628730 706434 618900 610391 584411 1.16703e+06 538954 742830 668164 2.0703e+06 683476 898812 1.32813e+06 1.25254e+06 764960 583841 564233 517796 501934 487697 1.77725e+06 548651 731956 486608 468816 1.09624e+06 972394 1.07446e+06 1.22655e+06
threshold=1.0000000180025095e-35 284.0125000000001 1.0000000180025095e-35 281.01000000000005 195.95000000000002 53.95000000000001 437.75000000000006 81.350000000000009 182.71250000000003 217.75000000000003 370.25000000000006 354.35000000000008 4.5000000000000009 328.85000000000008 1.0000000180025095e-35 315.85000000000008 444.85000000000008 347.55000000000007 311.15000000000003 1.0000000180025095e-35 1.0000000180025095e-35 352.45000000000005 281.25000000000006 1.0000000180025095e-35 71.65000000000002 1.0000000180025095e-35 401.35000000000008 387.95000000000005 853.25000000000011 1.0000000180025095e-35 1.0000000180025095e-35 274.45000000000005 1.0000000180025095e-35 3.5000000000000004 102.25000000000001 1.0000000180025095e-35 1.0000000180025095e-35 338.42000000000002 263.75000000000006 1.0000000180025095e-35 335.75000000000006 567.95000000000016 532.95000000000016 247.85000000000005 178.45000000000002 140.75000000000003 19.750000000000004 220.91250000000005 328.05000000000007 747.75000000000011 1.0000000180025095e-35 276.55000000000007 673.95000000000016 412.85000000000008 308.35000000000008 422.85000000000008 55.850000000000001 370.25000000000006 1.0000000180025095e-35 158.25000000000003 800.35000000000025 220.91250000000005
decision_type=2 2 2 2 2 2 2 2 2 2 2 2 2 2 2 2 2 2 2 2 2 2 2 2 2 2 2 2 2 2 2 2 2 2 2 2 2 2 2 2 2 2 2 2 2 2 2 2 2 2 2 2 2 2 2 2 2 2 2 2 2 2
left_child=19 2 3 4 5 6 17 8 -7 -10 13 12 -12 14 20 -16 57 18 -2 56 22 -22 23 39 -25 26 28 37 52 30 32 -32 51 -20 -35 -27 50 38 -28 41 -41 42 -6 44 45 46 49 -48 -46 -43 -21 -30 53 -3 -54 -56 -1 58 59 -9 61 -61
right_child=1 25 -4 -5 10 7 -8 16 9 -11 11 -13 -14 -15 15 -17 -18 -19 33 36 21 -23 -24 24 -26 35 27 -29 29 -31 31 -33 -34 34 -36 -37 -38 -39 -40 40 -42 43 -44 -45 48 -47 47 -49 -50 -51 -52 -53 54 -55 55 -57 -58 -59 -60 60 -62 -63
leaf_value=-0.2980395272388025 1.5315109653882129 4.0672222307403887 -11.680756402867182 -10.360020908442412 3.4247001234339089 -1.7641918748617174 22.746649303436282 3.8719317340103028 -24.196052193641663 -3.7104559856912367 9.654507556328408 -11.463813545227051 -4.0623971632548743 12.667722657147577 3.5248883850434249 -10.245130713780721 -9.0377461147308349 -5.2417199196354041 10.566793734232585 0.021439518542423458 5.0656037459006678 16.343078948974611 -2.2226673294438259 2.0649336546659471 20.541154638203707 2.9064884136307914 -4.4695146167600477 13.504746919411881 16.653720403754193 0.26209296464920045 21.788614214383642 8.9779576821760703 2.4892362806532122 -3.9552088451385501 8.0977836270486154 -7.2360925946916854 3.0759943836868691 -6.4665473913535099 9.2020243044252759 14.795955525398256 2.3450343214947247 0.36644780708081798 18.774808820724488 9.9040702774765954 -0.12760570699518378 12.287478418703433 -10.718092472851277 0.31359708634289829 -11.646766822988338 9.6844710990786567 2.7027616804532517 8.6114797876727192 -6.3630770874023446 19.364434356689454 6.3310682214539629 -2.3971236793006336 -0.79721162871228524 7.3608276094709133 -6.3372849505572093 -0.76002472260419063 7.7901101332444416 -13.775226261304773
leaf_weight=19923 335 375 28 22 181 72 20 271 24 23 26 25 28 34 34 24 20 31 75 2349 39 25 45 20 22 53 37 26 23 40 26 22 36 20 31 21 203 39 27 25 23 33 25 21 22 27 30 33 22 32 195 124 20 20 58 41 6467 35 42 85 26 23
leaf_count=19923 335 375 28 22 181 72 20 271 24 23 26 25 28 34 34 24 20 31 75 2349 39 25 45 20 22 53 37 26 23 40 26 22 36 20 31 21 203 39 27 25 23 33 25 21 22 27 30 33 22 32 195 124 20 20 58 41 6467 35 42 85 26 23
internal_value=-0.0397493 2.90376 2.05268 2.24977 2.39359 1.46335 3.4569 -0.180282 -6.66443 -14.1712 3.71765 -1.89019 2.54204 4.33553 3.92075 -2.17305 1.3568 2.67276 3.20497 -0.339485 4.48625 9.47087 3.9176 4.45309 11.743 4.60853 4.97937 1.41094 5.56577 8.54234 9.97615 15.9171 8.41788 7.65426 3.37112 0.0281884 0.437505 -1.64187 1.29817 3.80715 8.82989 3.24121 5.28758 1.32506 0.419736 2.21009 0.0843889 -4.93959 -5.88719 4.95378 0.226965 9.86979 3.99641 4.84176 1.19041 2.71636 -0.420364 1.78811 1.35176 2.14915 -1.335 -3.53178
internal_weight=32104 2967 1979 1951 1929 1133 512 621 119 47 796 79 54 717 683 58 502 492 461 29137 625 64 561 516 42 988 914 129 785 271 231 48 183 126 51 74 2747 103 64 474 48 426 206 220 199 155 128 63 44 65 2544 147 514 395 119 99 26390 482 447 405 134 108
internal_count=32104 2967 1979 1951 1929 1133 512 621 119 47 796 79 54 717 683 58 502 492 461 29137 625 64 561 516 42 988 914 129 785 271 231 48 183 126 51 74 2747 103 64 474 48 426 206 220 199 155 128 63 44 65 2544 147 514 395 119 99 26390 482 447 405 134 108
is_linear=0
shrinkage=0.05


Tree=76
num_leaves=63
num_cat=0
split_feature=9 36 1 36 32 32 33 32 36 33 33 32 32 33 23 32 33 33 32 36 36 39 33 32 33 39 28 34 34 23 11 6 34 33 36 33 39 11 32 32 36 32 36 32 32 10 32 33 36 36 36 39 33 36 10 2 36 7 32 32 25 25
split_gain=1.02252e+07 1.55405e+06 1.9338e+06 1.27724e+06 857710 1.3402e+06 2.79573e+06 2.23433e+06 1.58024e+06 1.77929e+06 995680 1.21013e+06 997395 894547 849674 963027 812465 748132 1.25526e+06 687303 1.18768e+06 1.30164e+06 801649 1.59993e+06 800317 714921 712825 678959 719642 661002 1.22729e+06 605822 897217 1.17033e+06 1.59358e+06 936023 764604 1.26956e+06 662818 658952 644465 1.53111e+06 606154 725451 604865 591820 702101 1.2031e+06 772029 709914 731886 582605 551716 530412 521309 490464 451278 443449 652445 486843 440536 424564
threshold=1.0000000180025095e-35 284.0125000000001 1.0000000180025095e-35 281.01000000000005 195.95000000000002 53.95000000000001 437.75000000000006 81.350000000000009 182.71250000000003 217.75000000000003 370.25000000000006 354.35000000000008 261.45000000000005 328.85000000000008 1.0000000180025095e-35 315.85000000000008 444.85000000000008 347.55000000000007 1.0000000180025095e-35 276.51666666666671 266.78333333333336 1.0000000180025095e-35 71.65000000000002 414.85000000000008 148.35000000000005 1.0000000180025095e-35 1.0000000180025095e-35 426.25000000000006 193.95000000000002 1.0000000180025095e-35 1.0000000180025095e-35 1.0000000180025095e-35 459.35000000000008 401.35000000000008 373.58333333333343 176.45000000000002 1.0000000180025095e-35 1.0000000180025095e-35 460.75000000000006 414.85000000000008 338.42000000000002 263.75000000000006 354.54166666666669 382.75000000000006 193.95000000000002 1.0000000180025095e-35 158.25000000000003 134.25000000000003 220.91250000000005 206.78750000000005 254.11000000000004 1.0000000180025095e-35 277.85000000000008 213.91250000000005 1.0000000180025095e-35 1.0000000180025095e-35 329.71250000000009 1.0000000180025095e-35 433.05000000000007 51.750000000000007 1.0000000180025095e-35 1.0000000180025095e-35
decision_type=2 2 2 2 2 2 2 2 2 2 2 2 2 2 2 2 2 2 2 2 2 2 2 2 2 2 2 2 2 2 2 2 2 2 2 2 2 2 2 2 2 2 2 2 2 2 2 2 2 2 2 2 2 2 2 2 2 2 2 2 2 2
left_child=29 2 3 4 5 6 17 8 -7 -10 13 12 -12 14 19 -16 27 18 -2 20 21 26 -23 24 -24 -22 -6 28 45 57 55 32 33 35 40 36 54 -38 39 44 41 -35 43 -33 -37 46 49 48 -48 52 -51 -30 -9 -20 -3 -31 -46 59 -59 60 -1 -60
right_child=1 31 -4 -5 10 7 -8 16 9 -11 11 -13 -14 -15 15 -17 -18 -19 53 -21 25 22 23 -25 -26 -27 -28 -29 51 30 -32 42 -34 34 -36 38 37 -39 -40 -41 -42 -43 -44 -45 56 -47 47 -49 -50 50 -52 -53 -54 -55 -56 -57 -58 58 61 -61 -62 -63
leaf_value=-0.3341939485096575 1.1333817067332566 3.6712963655090975 -11.096718621253968 -9.8420197443528608 2.9555358024116827 -1.6759821809000439 21.60931673049927 2.7586530349664873 -22.986248922348025 -3.5249329691347868 -4.636848352505611 -10.890622697830201 8.9630223853247504 12.034336499606862 3.3486439494525686 -9.7328741331895188 -8.5858588933944713 -4.9796340265581689 5.149046073108912 -4.8574682503938682 16.41717996299267 3.0062648125924172 13.252770802553963 22.836043472886089 3.5277864583901 4.5444025221325104 -4.265113425254822 -7.0937304675579078 12.933109988689424 -0.096237741070430594 3.9886401291582652 2.5509684579713006 13.542578915187292 -7.3937555789947513 9.804307277997335 15.969077655247279 9.9586876325449865 -3.0003823840099835 1.8466917053345711 17.283051582336427 -9.4876856676737464 8.906305244445802 6.9840000586076219 -9.2955616474151608 3.4932670253973743 -4.7347732241089284 -1.7862616506116145 6.2677506041195663 -12.974887084960939 11.477417886522083 0.51323896491009258 3.2926060903640022 -6.0686317968368533 12.258356851519961 -4.2125634106722742 2.5390635028793551 10.557328188419342 -0.047882851398502346 1.890665157599575 -0.7125392524159041 0.87377202969437795 8.5010683766117818
leaf_weight=12095 300 447 28 22 340 72 20 154 24 23 26 25 28 34 34 24 20 31 128 20 32 64 34 20 56 21 38 21 25 2335 221 28 28 34 30 21 106 23 31 25 30 25 22 24 52 37 58 36 21 45 23 42 20 33 22 191 40 2307 242 10914 805 27
leaf_count=12095 300 447 28 22 340 72 20 154 24 23 26 25 28 34 34 24 20 31 128 20 32 64 34 20 56 21 38 21 25 2335 221 28 28 34 30 21 106 23 31 25 30 25 22 24 52 37 58 36 21 45 23 42 20 33 22 191 40 2307 242 10914 805 27
internal_value=-0.0377618 2.75858 1.95004 2.13728 2.27391 1.39018 3.28405 -0.171268 -6.33121 -13.4626 3.53177 -1.79568 2.41494 4.11875 3.72471 -2.0644 1.28896 2.53913 3.04472 4.26194 4.56341 3.87696 7.45559 10.0443 7.20167 11.7129 2.22965 1.6987 2.09922 -0.322511 0.41563 4.3781 4.7304 4.45191 -0.161608 5.1677 4.23914 7.64816 8.45336 9.93746 -3.52091 -0.48695 0.0267789 -2.91666 8.31233 1.28458 1.90844 -1.30815 -4.76045 3.43698 7.76895 6.88981 1.74402 6.60623 3.30148 0.103027 6.5646 -0.399346 0.223837 -0.466757 -0.258813 2.55416
internal_weight=32104 2967 1979 1951 1929 1133 512 621 119 47 796 79 54 717 683 58 502 492 461 625 605 552 174 110 90 53 378 482 461 29137 2747 988 914 886 119 767 598 129 169 138 89 59 74 52 113 394 357 115 79 242 68 67 174 161 469 2526 92 26390 2576 23814 12900 269
internal_count=32104 2967 1979 1951 1929 1133 512 621 119 47 796 79 54 717 683 58 502 492 461 625 605 552 174 110 90 53 378 482 461 29137 2747 988 914 886 119 767 598 129 169 138 89 59 74 52 113 394 357 115 79 242 68 67 174 161 469 2526 92 26390 2576 23814 12900 269
is_linear=0
shrinkage=0.05


Tree=77
num_leaves=63
num_cat=0
split_feature=9 31 31 12 29 31 33 33 34 34 40 7 33 4 34 31 33 18 28 5 7 33 33 25 40 11 31 40 2 31 34 34 33 28 40 33 31 31 34 33 33 2 23 11 33 2 34 40 33 33 33 31 31 37 31 25 23 33 33 25 11 31
split_gain=9.22823e+06 1.47108e+06 896966 984091 990487 986315 808836 1.04313e+06 1.62695e+06 3.08574e+06 930052 851890 1.06749e+06 764094 785615 747011 718420 620970 800375 705799 605900 581645 814869 566152 548422 526775 515290 682442 504677 491890 477221 764719 600947 443211 504832 934811 411983 407624 412475 495316 406325 401953 391695 965000 438691 418857 387237 577597 491245 721037 519092 360410 349370 345816 343853 336490 332536 330319 321156 320701 471434 379058
threshold=1.0000000180025095e-35 376.55000000000007 382.95000000000005 1.0000000180025095e-35 1.0000000180025095e-35 458.45000000000005 485.45000000000005 385.45000000000005 9.2000000000000011 118.65000000000002 1.5000000000000002 1.0000000180025095e-35 378.05000000000007 1.0000000180025095e-35 314.60000000000008 108.85000000000001 201.35000000000005 1.0000000180025095e-35 1.0000000180025095e-35 1.0000000180025095e-35 1.0000000180025095e-35 449.00000000000006 429.05000000000007 1.0000000180025095e-35 3.5000000000000004 1.0000000180025095e-35 195.85000000000005 3.5000000000000004 1.0000000180025095e-35 434.55000000000007 440.00000000000006 393.85000000000008 363.85000000000008 1.0000000180025095e-35 2.5000000000000004 328.85000000000008 170.95000000000002 390.65000000000003 1.5500000000000003 235.55000000000004 297.15000000000003 1.0000000180025095e-35 1.0000000180025095e-35 1.0000000180025095e-35 55.850000000000001 1.0000000180025095e-35 106.25000000000001 1.5000000000000002 55.850000000000001 114.05000000000001 226.45000000000002 430.35000000000008 430.35000000000008 1.5000000000000002 64.65000000000002 1.0000000180025095e-35 1.0000000180025095e-35 28.550000000000004 55.850000000000001 1.0000000180025095e-35 1.0000000180025095e-35 261.45000000000005
decision_type=2 2 2 2 2 2 2 2 2 2 2 2 2 2 2 2 2 2 2 2 2 2 2 2 2 2 2 2 2 2 2 2 2 2 2 2 2 2 2 2 2 2 2 2 2 2 2 2 2 2 2 2 2 2 2 2 2 2 2 2 2 2
left_child=20 6 -3 4 13 -6 7 11 10 -10 -9 12 30 14 17 -12 26 18 19 23 42 22 -11 28 -15 41 -13 -28 37 -27 31 32 33 34 46 -36 -18 -4 39 -39 -16 56 44 45 59 55 47 48 54 -50 -51 -5 -19 -49 -2 57 58 -44 -22 -1 61 -61
right_child=1 2 3 51 5 -7 -8 8 9 21 15 16 -14 24 40 -17 36 52 -20 -21 25 -23 -24 -25 -26 29 27 -29 -30 -31 -32 -33 -34 -35 35 -37 -38 38 -40 -41 -42 -43 43 -45 -46 -47 -48 53 49 50 -52 -53 -54 -55 -56 -57 -58 -59 -60 60 -62 -63
leaf_value=-0.38782485245913006 7.8715636551380159 12.222485616472033 -2.8249055509878831 7.0124307632446294 5.2097606006421548 18.927580318450929 10.411923711640496 12.056254629655319 -23.457204513549808 -3.245098017321693 -7.4259395079179242 -1.512237719198068 13.138762932886658 -8.8305984042939691 12.591142184393746 3.1187646694586313 15.670683214881203 1.7453663063049316 -3.8301884798442618 -2.3798751297749972 0.30594128392240916 -6.9422037966111141 9.1483022167569121 11.478736755765718 1.3366581817468008 1.7643044636006184 0.56091066939490186 11.504559336037472 11.571003662456166 8.4381988767421614 -3.7437010012174912 8.8429921951049408 -5.1360694331507535 -0.96220830357263964 2.4029788760731066 10.483165117212245 6.8894991145414473 4.1722807327623475 -1.8373568754929765 12.132991173153833 3.6572879219055174 2.3855788939006817 0.024532075495439693 3.5251346606281722 -0.83899591099245763 2.2200356629376858 4.6613650961564144 0.58132805461468906 -10.302106734684536 5.8102656327761144 -3.4085495562166788 16.504669151306153 -7.6003487205505369 -7.1129710710048677 1.5218599626453138 1.9129515045899557 2.1159459924918007 -1.3220724445021848 -0.95414045145652104 -0.62884865177576155 5.0634201600001418 1.0240510848829638
leaf_weight=16959 24 36 22 20 38 20 28 22 20 36 22 36 21 21 35 71 22 20 34 38 1421 34 21 29 36 169 28 29 22 33 38 39 31 126 1099 37 34 281 26 21 20 195 1293 202 5415 183 52 23 21 26 37 20 20 40 191 163 176 703 785 680 52 708
leaf_count=16959 24 36 22 20 38 20 28 22 20 36 22 36 21 21 35 71 22 20 34 38 1421 34 21 29 36 169 28 29 22 33 38 39 31 126 1099 37 34 281 26 21 20 195 1293 202 5415 183 52 23 21 26 37 20 20 40 191 163 176 703 785 680 52 708
internal_value=-0.0358738 2.62065 4.51957 4.13602 3.68961 9.94004 1.96789 1.85944 -1.35659 -5.67467 2.8113 2.2314 1.93145 3.10957 3.66339 0.624319 5.86507 3.05452 3.5604 4.13279 -0.306385 -1.76642 1.32089 4.74995 -2.40917 0.395813 3.17094 6.12873 4.22539 2.85459 1.79952 1.92017 1.762 1.88959 2.12141 2.66615 10.3393 3.76367 4.20559 4.72584 9.34247 0.20308 -0.38042 0.209299 -0.443419 -0.0766948 0.626671 0.0471017 0.963877 -2.2785 0.396041 11.7585 -2.92749 -4.30394 2.23066 -0.271369 0.0244118 -0.449748 -0.142456 -0.326997 0.389381 0.214273
internal_weight=32104 2967 759 723 683 58 2208 2180 226 111 115 1954 1805 625 568 93 149 513 473 439 29137 91 57 401 57 2779 93 57 372 202 1784 1746 1707 1676 1550 1136 56 350 328 302 55 2577 26358 2544 23814 2342 414 362 299 84 63 40 40 63 215 2159 2382 1996 2206 18399 1440 1388
internal_count=32104 2967 759 723 683 58 2208 2180 226 111 115 1954 1805 625 568 93 149 513 473 439 29137 91 57 401 57 2779 93 57 372 202 1784 1746 1707 1676 1550 1136 56 350 328 302 55 2577 26358 2544 23814 2342 414 362 299 84 63 40 40 63 215 2159 2382 1996 2206 18399 1440 1388
is_linear=0
shrinkage=0.05


Tree=78
num_leaves=63
num_cat=0
split_feature=9 36 1 31 36 31 32 34 35 34 32 32 32 34 36 32 31 32 31 12 32 32 33 36 31 35 35 33 33 34 31 31 35 4 35 33 29 31 32 40 31 12 32 7 32 32 32 33 36 36 35 32 4 35 31 40 36 32 35 35 35 31
split_gain=8.32848e+06 1.3499e+06 1.70525e+06 1.35862e+06 1.14365e+06 1.00775e+06 838100 1.32642e+06 1.48057e+06 1.23624e+06 976999 1.81852e+06 2.45351e+06 887211 2.1763e+06 1.29707e+06 902290 841395 835455 1.04974e+06 1.38925e+06 2.1357e+06 835259 2.32707e+06 889031 858797 1.02762e+06 1.09138e+06 1.84509e+06 796585 764438 736654 708923 690850 713136 1.22067e+06 655797 754231 1.96266e+06 1.07671e+06 626469 723228 555968 546825 657526 532235 952837 784607 760471 739019 633738 525434 501465 495644 485900 469979 1.40232e+06 980034 717446 665593 994112 873462
threshold=1.0000000180025095e-35 284.0125000000001 1.0000000180025095e-35 102.45000000000002 281.01000000000005 374.55000000000007 221.05000000000004 392.15000000000003 1110.2000000000003 415.05000000000007 480.05000000000007 458.65000000000003 438.55000000000007 215.05000000000004 209.12916666666669 105.25000000000001 334.05000000000007 420.85000000000008 382.95000000000005 1.0000000180025095e-35 83.450000000000017 63.150000000000013 401.35000000000008 387.95000000000005 420.25000000000006 880.85000000000002 909.35000000000014 107.75000000000001 176.45000000000002 308.30000000000001 5.9500000000000011 343.95000000000005 511.05000000000007 1.0000000180025095e-35 1069.4000000000003 249.45000000000002 1.0000000180025095e-35 408.75000000000006 145.65000000000001 3.5000000000000004 79.350000000000009 1.0000000180025095e-35 331.75000000000006 1.0000000180025095e-35 442.25000000000006 58.45000000000001 117.35000000000001 315.35000000000008 179.28000000000003 147.81250000000003 327.35000000000008 77.250000000000014 1.0000000180025095e-35 383.65000000000009 316.35000000000008 4.5000000000000009 256.81666666666672 337.95000000000005 723.1500000000002 548.05000000000007 517.05000000000007 106.65000000000002
decision_type=2 2 2 2 2 2 2 2 2 2 2 2 2 2 2 2 2 2 2 2 2 2 2 2 2 2 2 2 2 2 2 2 2 2 2 2 2 2 2 2 2 2 2 2 2 2 2 2 2 2 2 2 2 2 2 2 2 2 2 2 2 2
left_child=43 2 4 -3 5 6 9 8 10 13 11 12 17 16 15 -15 30 52 -7 20 21 -20 25 24 31 -5 -27 -28 -29 -16 -2 -24 -18 34 -30 -36 37 -22 -39 -40 41 53 -37 -1 -45 50 48 -48 49 51 -42 -47 54 -32 55 56 57 58 -8 60 -57 -61
right_child=1 3 -4 22 -6 18 7 -9 -10 -11 -12 -13 -14 14 29 -17 32 -19 19 -21 36 -23 23 -25 -26 26 27 28 33 -31 40 -33 -34 -35 35 42 -38 38 39 -41 45 -43 -44 44 -46 46 47 -49 -50 -51 -52 -53 -54 -55 -56 59 -58 -59 -60 61 -62 -63
leaf_value=-0.36139926588228388 9.6518245553970345 16.580869874500092 -10.515483258451734 3.187596946158564 -9.4236465020613238 14.278228595040062 1.5934688932895662 15.094996883652428 -9.5735636696219455 -7.6793652418113894 -6.0153409623673992 17.989839935302737 -13.360396827350963 22.241722280328926 5.5567297254289905 5.4338096539179483 0.64490894317626957 10.750828886643435 3.689844208671933 11.940754551357694 -3.1172880949797452 -14.768079761505128 -4.135787580808004 12.415611461003621 -12.564783275695076 16.720241845172385 13.374134225111741 -6.0439369201660158 2.6097322834298966 -7.4274703732243301 -2.8829228723096474 5.9402246915377113 -9.7621888743506542 -0.84216485704694477 21.130754127502442 13.979768686709196 13.98834243297577 18.573475607236229 10.1507311447807 -3.6254624353872766 1.8290616548213277 4.2329642832279211 4.8366478308041891 0.13421050145833235 2.8221923875093462 -10.044852557549111 0.63061751945988165 8.8050254358564111 -11.307116233825685 4.8730032490145776 7.8965368556976321 -1.186458592703368 -2.2463470465689901 -11.917517642974854 9.0844685628607476 2.0727331272761029 -7.2935798835754397 12.769276387640772 11.525680867830914 -7.3456835824090083 13.929439674724234 1.9089164408241832
leaf_weight=26358 25 21 28 554 22 22 75 22 24 42 28 21 22 22 21 24 30 39 42 36 27 25 60 30 21 23 39 36 47 27 63 26 36 28 20 23 20 24 23 37 309 28 60 2529 250 26 182 35 25 31 50 47 40 20 37 90 20 47 24 37 22 82
leaf_count=26358 25 21 28 554 22 22 75 22 24 42 28 21 22 22 21 24 30 39 42 36 27 25 60 30 21 23 39 36 47 27 63 26 36 28 20 23 20 24 23 37 309 28 60 2529 250 26 182 35 25 31 50 47 40 20 37 90 20 47 24 37 22 82
internal_value=-0.0340801 2.48962 1.73606 3.99902 1.91189 2.04117 1.59412 3.03405 2.59763 0.724361 3.09782 3.55676 2.99023 1.07697 5.70084 13.4724 0.597754 3.69142 4.96269 4.08687 2.65889 -3.19744 3.72579 0.108806 -3.3417 4.32281 6.60145 5.68156 4.27964 -1.74688 1.03954 -1.08955 -5.03169 6.36756 7.71337 10.0422 5.65411 4.15244 6.48914 1.65541 0.775685 -2.71578 7.37028 -0.291066 0.376022 1.32541 -0.0739776 1.94907 -3.47709 -1.59487 2.67411 -4.3415 3.11058 -5.05993 3.60431 3.09357 5.12296 6.82385 4.00128 1.63521 4.40173 -0.968564
internal_weight=32104 2967 1979 988 1951 1929 1673 630 608 1043 584 556 535 1001 94 46 907 513 256 234 198 67 967 137 107 830 276 253 214 48 841 86 66 178 150 103 131 111 84 60 816 111 83 29137 2779 705 346 217 129 104 359 73 474 83 434 397 166 146 99 231 112 119
internal_count=32104 2967 1979 988 1951 1929 1673 630 608 1043 584 556 535 1001 94 46 907 513 256 234 198 67 967 137 107 830 276 253 214 48 841 86 66 178 150 103 131 111 84 60 816 111 83 29137 2779 705 346 217 129 104 359 73 474 83 434 397 166 146 99 231 112 119
is_linear=0
shrinkage=0.05


Tree=79
num_leaves=63
num_cat=0
split_feature=7 32 34 25 6 28 25 31 11 32 13 18 32 30 33 31 31 31 32 31 34 2 11 33 12 31 34 32 33 36 1 32 36 31 31 34 36 32 40 33 31 31 31 31 25 13 33 33 40 31 33 33 34 36 31 31 32 36 32 4 4 24
split_gain=672616 959577 584175 542157 429418 519680 560124 798896 521463 503403 445130 442601 519980 405213 377174 366585 606797 347778 343343 323503 318549 313490 590268 418682 308857 329057 343369 306022 383384 303782 296657 294522 290839 289676 282242 356464 297955 274041 270206 267547 358458 369058 309674 312323 253757 251164 249074 249203 247318 239980 380420 308326 262207 234456 223236 218595 270902 301218 248489 213028 211609 206396
threshold=1.0000000180025095e-35 402.85000000000008 421.25000000000006 1.0000000180025095e-35 1.0000000180025095e-35 1.0000000180025095e-35 1.0000000180025095e-35 482.95000000000005 1.0000000180025095e-35 261.45000000000005 1.0000000180025095e-35 1.0000000180025095e-35 472.65000000000003 1.0000000180025095e-35 373.85000000000008 154.75000000000003 19.150000000000002 426.45000000000005 430.85000000000008 195.85000000000005 10.250000000000002 1.0000000180025095e-35 1.0000000180025095e-35 357.45000000000005 1.0000000180025095e-35 251.25000000000003 421.25000000000006 446.55000000000007 71.65000000000002 145.05500000000004 1.0000000180025095e-35 489.55000000000007 242.21250000000003 368.25000000000006 440.85000000000008 395.45000000000005 367.51666666666671 203.00000000000003 5.5000000000000009 125.55000000000001 224.05000000000004 100.45000000000002 58.45000000000001 432.55000000000007 1.0000000180025095e-35 1.0000000180025095e-35 420.75000000000006 330.95000000000005 4.5000000000000009 40.000000000000007 365.95000000000005 215.45000000000002 283.35000000000008 263.94166666666672 220.05000000000004 430.35000000000008 205.15000000000001 321.08333333333343 83.450000000000017 1.0000000180025095e-35 1.0000000180025095e-35 1.0000000180025095e-35
decision_type=2 2 2 2 2 2 2 2 2 2 2 2 2 2 2 2 2 2 2 2 2 2 2 2 2 2 2 2 2 2 2 2 2 2 2 2 2 2 2 2 2 2 2 2 2 2 2 2 2 2 2 2 2 2 2 2 2 2 2 2 2 2
left_child=4 2 19 39 5 6 21 8 10 -9 11 12 13 15 -4 16 37 20 46 49 -13 59 24 -24 25 26 27 -23 -29 -12 55 48 -22 -10 35 61 -36 -8 -31 42 41 -41 -3 -44 45 -21 47 -18 -14 -2 51 52 -51 -43 -5 60 58 -58 -57 -1 -17 -7
right_child=1 3 14 54 -6 34 7 9 33 -11 29 17 31 -15 -16 30 18 -19 -20 44 32 22 23 -25 -26 -27 -28 28 -30 38 -32 -33 -34 -35 36 -37 -38 -39 -40 40 -42 53 43 -45 -46 -47 -48 -49 -50 50 -52 -53 -54 -55 -56 56 57 -59 -60 -61 -62 -63
leaf_value=-0.061933477953855114 1.2548893430283372 8.3780973010592987 1.9186984859040526 4.3934790656680152 -0.69890931442297433 -0.51839114062616287 -0.54468610677868134 2.8531127961476646 2.0063072985073305 11.702248027801515 0.27503045308403673 0.13852207783571224 3.3672603187561041 -6.3820893862973094 8.6918242408383275 0.77266451482423204 -1.2842890523856796 -8.516856101751328 -7.4002689321835833 0.25259046232120858 -8.5466827716827396 -0.67037982375109895 1.7177708391632356 7.2204697113335135 2.3761778723586491 0.74136713698510182 -6.611401068645975 -0.281649295261928 7.9232526838779451 2.6572066849675675 -4.9851332258094443 0.11706591415405275 -0.45726278305053714 6.5502876917521169 -3.5814329876687871 2.5225849337632891 -0.51217952633140895 5.3580942562251703 8.2202354867117755 2.1613732706668767 2.9055937092464705 -0.023636906797235666 1.9331774434995848 7.6055785613400602 3.06269018809932 3.1165172905097775 -6.4164693138816133 3.8805226311683656 10.551554704749066 -0.87149269036440691 -4.1785647349185258 1.6703691348312348 -6.3300834925278373 -6.6873171264475051 11.600661615891891 2.1414657002628439 8.5380977446033111 2.0724579190098962 -3.1818118367876327 -0.61374856411978318 -2.0415943213635024 -2.413147558166135
leaf_weight=17198 142 27 61 21 2765 1976 32 45 159 25 64 97 25 23 31 924 355 20 24 1395 25 833 112 50 162 973 23 35 24 58 22 25 20 45 166 92 151 51 35 43 104 22 182 28 96 81 22 25 23 506 83 123 23 33 22 101 31 43 28 1947 72 155
leaf_count=17198 142 27 61 21 2765 1976 32 45 159 25 64 97 25 23 31 924 355 20 24 1395 25 833 112 50 162 973 23 35 24 58 22 25 20 45 166 92 151 51 35 43 104 22 182 28 96 81 22 25 23 506 83 123 23 33 22 101 31 43 28 1947 72 155
internal_value=-0.0323761 0.677462 0.28948 2.72282 -0.106165 -0.0438853 0.0287379 0.749837 0.59298 6.01352 0.363237 0.160823 0.383039 0.210858 4.20095 0.29851 -0.828773 -2.34391 -1.59079 0.14254 -1.47448 -0.0529374 0.510631 3.41613 0.281026 0.101251 -0.579441 -0.423908 3.05594 2.92629 0.768443 4.51772 -4.95138 3.00866 -0.723684 -0.524652 -2.11942 3.08232 4.75082 2.198 0.860987 -1.3088 3.33757 2.6895 0.571768 0.409757 -1.24396 -0.944499 6.80973 -0.62684 -0.990385 -0.584527 -1.10882 -4.02185 8.08087 0.874013 2.36943 4.78104 0.986026 -0.118052 0.569224 -0.656208
internal_weight=32104 3023 2541 482 29081 26316 23776 2419 2349 70 2145 1988 1826 1753 92 1730 509 162 426 2449 142 21357 2212 162 2050 1888 915 892 59 157 1221 73 45 204 2540 2223 317 83 93 439 202 98 237 210 1572 1476 402 380 48 877 735 652 529 55 43 1199 203 74 129 19145 996 2131
internal_count=32104 3023 2541 482 29081 26316 23776 2419 2349 70 2145 1988 1826 1753 92 1730 509 162 426 2449 142 21357 2212 162 2050 1888 915 892 59 157 1221 73 45 204 2540 2223 317 83 93 439 202 98 237 210 1572 1476 402 380 48 877 735 652 529 55 43 1199 203 74 129 19145 996 2131
is_linear=0
shrinkage=0.05


Tree=80
num_leaves=63
num_cat=0
split_feature=9 31 33 12 31 31 35 36 31 5 28 33 36 33 34 33 33 36 5 36 36 40 35 35 36 23 11 33 22 31 36 34 34 36 33 33 35 34 31 31 34 31 31 34 36 40 40 39 36 31 35 36 34 31 33 31 35 6 33 31 35 35
split_gain=1.06237e+07 1.03589e+06 1.60444e+06 782009 877155 833375 826187 711240 706518 1.29624e+06 1.14453e+06 1.09059e+06 999173 858758 875521 1.59827e+06 1.63117e+06 874004 809909 804943 1.60197e+06 677985 638048 585490 544571 534806 936489 506013 496362 475272 471418 735094 1.57609e+06 635507 616081 597752 758989 651064 637563 897310 936381 1.01366e+06 961973 518265 528059 469674 590867 465017 585052 893011 440683 436327 731410 436078 413786 386902 392160 385822 692397 429061 376514 699240
threshold=1.0000000180025095e-35 380.65000000000003 485.45000000000005 1.0000000180025095e-35 68.950000000000017 142.45000000000002 498.35000000000008 146.3416666666667 452.25000000000006 1.0000000180025095e-35 1.0000000180025095e-35 392.15000000000003 345.05000000000013 353.65000000000003 91.550000000000011 152.60000000000002 26.450000000000003 345.05000000000013 1.0000000180025095e-35 250.51000000000002 227.72500000000002 5.5000000000000009 690.95000000000016 645.45000000000016 449.45000000000005 1.0000000180025095e-35 1.0000000180025095e-35 55.850000000000001 1.0000000180025095e-35 247.15000000000001 354.54166666666669 455.55000000000007 405.75000000000006 364.8250000000001 328.85000000000008 361.75000000000006 1170.4500000000003 226.05000000000004 334.05000000000007 91.850000000000009 204.35000000000005 165.05000000000004 211.85000000000005 292.45000000000005 215.17083333333335 5.5000000000000009 3.5000000000000004 1.0000000180025095e-35 85.410000000000011 40.000000000000007 598.1500000000002 321.08333333333343 345.80000000000001 168.75000000000003 419.15000000000003 408.75000000000006 924.45000000000016 1.0000000180025095e-35 328.85000000000008 271.65000000000003 696.75000000000011 667.90000000000009
decision_type=2 2 2 2 2 2 2 2 2 2 2 2 2 2 2 2 2 2 2 2 2 2 2 2 2 2 2 2 2 2 2 2 2 2 2 2 2 2 2 2 2 2 2 2 2 2 2 2 2 2 2 2 2 2 2 2 2 2 2 2 2 2
left_child=25 2 3 7 6 -6 -5 -2 11 10 13 18 -13 14 15 16 17 50 19 20 21 22 -3 -21 -19 27 -27 47 30 -7 31 32 35 -32 -34 36 37 57 39 -37 41 -41 -43 -39 -45 46 -35 -1 -49 -50 -10 52 -25 -51 -44 -53 -57 58 60 -59 61 -9
right_child=1 8 -4 4 5 29 -8 28 9 -11 -12 12 -14 -15 -16 -17 -18 24 -20 23 -22 -23 -24 51 -26 26 -28 -29 -30 -31 33 -33 34 45 -36 38 -38 43 -40 40 -42 42 54 44 -46 -47 -48 48 49 53 -52 55 -54 -55 -56 56 -58 59 -60 -61 -62 -63
leaf_value=-0.35905360286063936 -0.042395132853997285 -5.74674542427063 14.213950429643905 4.7373241642688191 -7.0532122611999517 10.021387466430665 14.80311745007833 2.4556006818067591 7.5869898986816411 -8.6306198517481487 -5.8655796758059804 20.008187675476076 4.8761991119384769 -3.9069620279165416 -2.6733684115939673 17.521917419433596 -7.6974409970370203 -3.0606437301635747 12.278955137729646 3.155084413736045 -10.112599228046559 11.5251540444114 6.7317959013439364 13.649536544201423 6.325108208375819 0.12939835288132442 3.5253539699369969 -0.71475417591757961 -3.0824750138492121 1.19000184963911 11.3141929787748 -5.7732161717755455 6.4863019660667138 0.82526812119917448 18.064501657485962 -6.8912368897468816 -7.1404741925001147 11.905474592745305 -7.0312777042388923 11.865518711635046 -4.4970315987723213 -7.8127147865295417 0.46406787959012119 10.383641300201417 0.19905260903494701 -1.0814000023735895 12.413533384149725 -1.6778457047906941 3.361707501748334 -0.72449071716127844 17.841891964999114 9.0842303398408397 2.5623377164204917 0.41528865613164961 10.055623759394107 6.031912469863892 -2.6399499557235027 -6.2230779170989994 9.0159764695167546 2.7760227771905757 0.40051110080144936 9.1566385408727129
leaf_weight=14214 383 20 28 47 20 25 36 771 20 24 29 24 20 26 27 30 22 20 34 147 27 22 21 51 68 2494 221 6484 41 39 34 28 27 22 20 31 20 32 31 35 35 20 22 20 35 36 22 396 230 1062 22 38 21 4000 23 32 22 27 40 26 206 41
leaf_count=14214 383 20 28 47 20 25 36 771 20 24 29 24 20 26 27 30 22 20 34 147 27 22 21 51 68 2494 221 6484 41 39 34 28 27 22 20 31 20 32 31 35 35 20 22 20 35 36 22 396 230 1062 22 38 21 4000 23 32 22 27 40 26 206 41
internal_value=0.02922 2.86736 2.3207 2.16899 5.45777 1.85572 9.10321 1.89817 4.45176 2.49469 3.50608 5.62845 13.13 4.66259 5.72865 6.97511 4.8935 7.02428 4.86967 4.24145 0.0771779 4.44423 0.644703 5.44655 4.19198 -0.262387 0.405828 -0.331143 2.34998 4.63976 2.48884 2.25174 2.40544 5.58777 11.4132 2.10624 2.51953 2.6808 -0.449068 0.78014 2.54172 5.00528 1.3113 6.84615 3.90254 3.15404 6.6194 -0.206164 0.175899 0.314614 12.9586 7.50048 10.4158 0.176165 5.36642 5.21895 2.49893 2.35462 2.56317 -1.80842 2.30962 2.79395
internal_weight=32091 2990 2223 2195 167 84 83 2028 767 288 264 479 44 235 209 182 152 130 435 401 90 63 41 311 88 29101 2715 26386 1645 64 1604 1490 1462 114 47 1415 1218 1198 197 166 135 100 65 87 55 80 44 19902 5688 5292 42 164 72 5062 45 92 54 1111 1058 53 1018 812
internal_count=32091 2990 2223 2195 167 84 83 2028 767 288 264 479 44 235 209 182 152 130 435 401 90 63 41 311 88 29101 2715 26386 1645 64 1604 1490 1462 114 47 1415 1218 1198 197 166 135 100 65 87 55 80 44 19902 5688 5292 42 164 72 5062 45 92 54 1111 1058 53 1018 812
is_linear=0
shrinkage=0.05


Tree=81
num_leaves=63
num_cat=0
split_feature=9 36 25 33 33 33 33 36 32 40 36 36 32 36 39 32 32 40 34 33 34 34 34 32 32 33 33 40 40 33 7 36 33 32 36 32 36 34 29 36 13 37 34 32 33 33 34 7 32 40 32 36 36 32 33 36 28 33 33 36 36 2
split_gain=9.58788e+06 890953 638154 606776 585469 713548 743745 566002 1.05559e+06 2.12107e+06 986528 1.53625e+06 1.36617e+06 2.32595e+06 821092 1.06769e+06 2.00032e+06 1.02457e+06 828081 1.16031e+06 1.13755e+06 979507 906184 880286 853365 1.03276e+06 822513 1.21419e+06 753445 730090 668458 633348 529587 508883 506417 502354 556340 766989 435280 427716 439046 419525 403712 1.43403e+06 462708 471761 719619 380756 452617 385078 773461 379080 356364 496735 530355 495398 393761 423536 350533 347803 336516 332386
threshold=1.0000000180025095e-35 146.3416666666667 1.0000000180025095e-35 485.45000000000005 373.85000000000008 55.850000000000001 159.55000000000004 345.05000000000013 436.65000000000003 1.0000000180025095e-35 323.02500000000003 305.71666666666675 450.65000000000003 263.94166666666672 1.0000000180025095e-35 53.95000000000001 75.15000000000002 3.5000000000000004 443.30000000000001 399.55000000000007 197.55000000000004 314.60000000000008 137.00000000000003 195.95000000000002 143.55000000000004 87.250000000000014 444.85000000000008 4.5000000000000009 3.5000000000000004 162.05000000000004 1.0000000180025095e-35 271.14166666666677 442.95000000000005 478.05000000000007 231.11250000000004 308.35000000000008 135.27083333333337 93.850000000000009 1.0000000180025095e-35 92.112500000000011 1.0000000180025095e-35 2.5000000000000004 393.85000000000008 263.75000000000006 416.75000000000006 347.55000000000007 58.850000000000001 1.0000000180025095e-35 464.85000000000008 1.0000000180025095e-35 310.15000000000003 62.716666666666676 278.07083333333338 335.75000000000006 111.75000000000001 272.41250000000008 1.0000000180025095e-35 162.05000000000004 146.25000000000003 236.61000000000004 282.51250000000005 1.0000000180025095e-35
decision_type=2 2 2 2 2 2 2 2 2 2 2 2 2 2 2 2 2 2 2 2 2 2 2 2 2 2 2 2 2 2 2 2 2 2 2 2 2 2 2 2 2 2 2 2 2 2 2 2 2 2 2 2 2 2 2 2 2 2 2 2 2 2
left_child=2 35 61 7 5 39 -7 8 14 -10 11 12 -11 -14 26 17 -17 -16 19 21 32 22 23 24 25 -18 42 -28 31 -24 -23 34 -21 47 -25 36 37 51 60 -4 -41 -38 44 -44 45 52 -47 48 49 50 -9 -2 55 -54 -55 56 -3 -58 -43 -31 -6 -1
right_child=1 3 4 -5 38 6 -8 33 9 10 -12 -13 13 -15 15 16 18 -19 -20 20 -22 30 29 28 -26 -27 27 -29 -30 59 -32 -33 -34 -35 -36 -37 41 -39 -40 40 -42 58 43 -45 -46 46 -48 -49 -50 -51 -52 -53 53 54 -56 -57 57 -59 -60 -61 -62 -63
leaf_value=-0.38324931847972088 -3.8885476946475963 2.9635247915729859 -2.0379591090047464 9.4498415096386061 1.5615505072649789 -2.9117010174919806 0.12453588933436846 2.8522218484627575 -14.56354958343506 -8.7660918871561702 8.6568321901209213 -13.636484069824219 -4.063012197944853 13.788681661760485 3.9251518794468474 -8.3243394881486896 12.078899337306169 19.200569849428923 -4.582811387379965 -1.6809408929612901 -11.242177940607071 8.0132947318255905 -5.9935153253616829 10.814907990969145 -3.1651635370471265 -0.43022597341826468 3.9074855534926707 -12.169075810909272 5.6422515166630536 -0.80963333674839566 18.708803503853936 6.4166449574863211 8.9059364500499907 9.9945764290980819 21.397724990844729 8.4617980217933653 0.92211361067635667 9.168290873936245 -2.7052315628206411 0.90672901632039715 4.9979846570802771 -10.237523055076601 0.80856365592856161 17.349351987838745 7.9648035610423369 -6.5621313958554657 4.8570552695881242 10.173706765969595 -3.2833860744129533 3.4010061745740927 13.694880893312652 1.1951045923785768 1.9370449046932121 0.57242775508335664 -9.0778481543064125 10.424348740350633 -5.2596130986367511 4.0730299758911128 -1.8578426043192549 7.918787956237793 4.912231633689867 0.21457717202879928
leaf_weight=23781 42 647 117 37 170 307 588 38 25 24 34 20 36 37 21 32 33 23 24 27 20 48 31 26 44 33 23 24 159 21 21 34 21 39 20 20 35 28 37 1321 69 26 38 20 34 37 22 24 22 343 29 289 179 35 24 21 31 20 24 25 134 2577
leaf_count=23781 42 647 117 37 170 307 588 38 25 24 34 20 36 37 21 32 33 23 24 27 20 48 31 26 44 33 23 24 159 21 21 34 21 39 20 20 35 28 37 1321 69 26 38 20 34 37 22 24 22 343 29 289 179 35 24 21 31 20 24 25 134 2577
internal_value=0.027759 2.724 -0.249268 3.09391 0.476541 0.201309 -0.916944 2.99943 2.62376 -1.07363 1.1598 -1.01883 1.58275 4.98511 2.9817 4.3842 3.84925 11.91 4.51289 4.90063 -1.22359 5.74193 4.84679 5.92999 2.22854 5.82434 2.17663 -4.30182 7.63358 -0.0627477 11.2684 11.5914 2.95082 4.51274 15.4161 0.710182 0.36101 1.22222 2.41528 0.865434 1.10982 -3.27635 2.45144 6.51228 2.22713 2.03512 -2.30413 4.04389 3.70335 4.07825 7.54531 0.550049 2.30264 0.62562 -3.35311 2.85775 2.6301 -1.59975 -6.21528 3.93407 3.0385 -0.3248
internal_weight=32091 2990 29101 2526 2743 2402 895 2489 1994 176 151 117 97 73 1818 663 619 44 587 563 68 495 426 349 110 66 1155 47 239 77 69 80 48 495 46 464 444 359 341 1507 1390 85 1108 58 1050 1016 59 456 432 410 67 331 957 238 59 719 698 51 50 46 304 26358
internal_count=32091 2990 29101 2526 2743 2402 895 2489 1994 176 151 117 97 73 1818 663 619 44 587 563 68 495 426 349 110 66 1155 47 239 77 69 80 48 495 46 464 444 359 341 1507 1390 85 1108 58 1050 1016 59 456 432 410 67 331 957 238 59 719 698 51 50 46 304 26358
is_linear=0
shrinkage=0.05


Tree=82
num_leaves=63
num_cat=0
split_feature=23 34 6 25 21 32 36 8 24 12 4 36 7 34 36 32 18 28 4 33 36 28 36 2 33 38 34 33 6 36 38 34 34 33 13 32 33 36 2 34 32 34 32 18 33 33 35 36 33 32 32 32 33 33 35 4 33 12 7 24 36 35
split_gain=652773 763918 539541 531592 583065 428894 424922 482865 493390 547735 460303 410262 467578 386818 449677 378525 361518 343488 358408 496982 403860 339994 329900 329512 496003 393594 606703 377382 328287 316669 298235 293644 774988 344601 320207 292078 364181 295918 281535 281443 263644 263410 257390 245237 212936 208613 208281 256352 203355 200148 274794 208866 197177 197176 210731 196727 190306 183848 183293 181970 180033 178099
threshold=1.0000000180025095e-35 345.80000000000001 1.0000000180025095e-35 1.0000000180025095e-35 1.0000000180025095e-35 474.15000000000003 113.11250000000003 1.0000000180025095e-35 1.0000000180025095e-35 1.0000000180025095e-35 1.0000000180025095e-35 269.82916666666671 1.0000000180025095e-35 271.35000000000008 241.15833333333336 206.95000000000002 1.0000000180025095e-35 1.0000000180025095e-35 1.0000000180025095e-35 461.35000000000008 203.41000000000003 1.0000000180025095e-35 331.81666666666672 1.0000000180025095e-35 392.15000000000003 1.0000000180025095e-35 112.60000000000001 453.55000000000007 1.0000000180025095e-35 78.441666666666677 1.0000000180025095e-35 153.90000000000003 14.450000000000001 429.05000000000007 1.0000000180025095e-35 145.65000000000001 123.75000000000001 220.91250000000005 1.0000000180025095e-35 481.95000000000005 113.15000000000002 430.80000000000001 342.75000000000006 1.0000000180025095e-35 237.25000000000003 376.2000000000001 501.65000000000003 250.51000000000002 107.75000000000001 58.45000000000001 71.15000000000002 91.950000000000017 87.250000000000014 241.55000000000004 645.45000000000016 1.0000000180025095e-35 269.40000000000003 1.0000000180025095e-35 1.0000000180025095e-35 1.0000000180025095e-35 265.25500000000005 867.25000000000011
decision_type=2 2 2 2 2 2 2 2 2 2 2 2 2 2 2 2 2 2 2 2 2 2 2 2 2 2 2 2 2 2 2 2 2 2 2 2 2 2 2 2 2 2 2 2 2 2 2 2 2 2 2 2 2 2 2 2 2 2 2 2 2 2
left_child=2 11 3 21 6 16 -5 8 9 10 15 57 38 14 48 49 17 18 19 29 -20 23 -14 55 41 26 -26 -27 39 -6 35 32 33 34 43 36 -31 61 -13 58 -12 42 -25 46 -33 -38 -17 -48 -9 -8 -51 -52 -45 54 -10 59 -16 -2 -3 -1 -49 -37
right_child=1 28 -4 4 5 -7 7 13 53 -11 40 12 22 -15 56 31 -18 -19 20 -21 -22 -23 -24 24 25 27 -28 -29 -30 30 -32 44 -34 -35 -36 37 45 -39 -40 -41 -42 -43 -44 52 -46 -47 47 60 -50 50 51 -53 -54 -55 -56 -57 -58 -59 -60 -61 -62 -63
leaf_value=0.056418696850766531 -0.15003202061359419 2.9776250417283974 -0.71721316855156803 -2.1187087505876301 -2.8549040111211634 8.3878550605132034 0.87754155867683525 -7.2581402584910393 -0.77996602058410647 4.5820104184150692 -7.3470958280563359 0.78175862088147974 2.6049022846601226 -7.4678124002047959 4.0768824760730453 -0.8087290658553441 -3.8258832490002668 -2.4680238240643551 2.9602994646344865 9.8876927932103484 -6.8456731478373216 -0.61784673303840199 9.7088048934936531 0.11744970989010578 1.9097702681416213 3.3624481228681713 8.5384077117128196 -5.241327792167664 -1.1726415326518398 8.3982346120870339 -1.3630432263800973 9.0090342799822505 -6.7362040409675021 7.7311836976271415 6.6845990457842435 1.8487485892888977 0.83425213640386409 4.7913776221213409 4.240238054214962 9.9883356475830087 -1.1148885382073266 -3.9471983017240255 1.4750136062076262 -5.3031779745350711 2.9618467691782362 6.7103367079859204 7.7511330649966288 -2.0258319549560548 -1.3796841667544459 -5.7989193840026863 3.5372766792774204 -0.88741172108194599 1.3179096022790129 0.053629120515317333 -6.4355779027938844 -0.52895693970338753 -1.2714584843865757 1.5077281896183468 7.4796490863517482 -0.46533515229199995 2.4399596436221178 -2.3918563487068303
leaf_weight=15436 1515 139 2710 166 26 26 564 28 28 100 20 892 44 28 39 60 27 38 21 24 21 2375 26 1523 99 26 53 25 31 53 38 24 26 26 31 123 44 77 63 20 112 35 453 23 37 23 21 25 31 25 31 191 22 49 40 1957 29 188 27 1874 232 31
leaf_count=15436 1515 139 2710 166 26 26 564 28 28 100 20 892 44 28 39 60 27 38 21 24 21 2375 26 1523 99 26 53 25 31 53 38 24 26 26 31 123 44 77 63 20 112 35 453 23 37 23 21 25 31 25 31 191 22 49 40 1957 29 188 27 1874 232 31
internal_value=0.0263711 0.735796 -0.0453113 0.0235665 0.705356 2.11368 0.30418 0.52253 0.767914 1.00134 0.757758 0.508674 1.29903 -2.1482 -0.97537 1.03566 1.81491 2.10836 2.46991 2.89207 -1.94269 -0.0501683 5.24349 0.0125958 0.590288 2.94578 4.22107 -0.855089 3.59104 2.4875 2.84458 2.07892 1.65191 2.14757 1.7969 3.3001 5.30126 2.26054 1.00991 4.38498 -2.05916 0.352514 0.428673 1.40129 5.34107 2.85142 1.86294 2.43956 -4.16946 0.357732 -0.829203 -0.26955 -2.0662 -2.3644 -4.1068 -0.0537877 1.79597 0.0329738 3.70988 -6.69596e-05 2.00554 0.99512
internal_weight=32091 2945 29146 26436 2580 572 2008 1842 1687 1570 1470 2728 1025 155 127 1338 546 519 481 439 42 23856 70 21481 2214 203 152 51 217 415 389 527 466 440 414 351 120 231 955 186 132 2011 1976 383 61 67 338 278 59 811 247 222 45 117 68 19267 68 1703 166 17310 257 154
internal_count=32091 2945 29146 26436 2580 572 2008 1842 1687 1570 1470 2728 1025 155 127 1338 546 519 481 439 42 23856 70 21481 2214 203 152 51 217 415 389 527 466 440 414 351 120 231 955 186 132 2011 1976 383 61 67 338 278 59 811 247 222 45 117 68 19267 68 1703 166 17310 257 154
is_linear=0
shrinkage=0.05


Tree=83
num_leaves=63
num_cat=0
split_feature=9 31 33 32 32 35 33 12 31 32 31 32 8 4 34 33 28 24 6 40 32 35 36 32 36 33 35 35 35 34 39 31 33 31 31 33 31 11 32 32 35 32 32 33 32 33 35 36 35 4 33 36 35 36 35 32 35 34 34 34 32 13
split_gain=8.61835e+06 895259 1.34911e+06 1.01725e+06 1.82647e+06 1.0673e+06 1.04167e+06 701938 794096 1.73804e+06 897441 773186 669946 1.064e+06 669776 915689 649413 833355 1.08871e+06 714484 1.17951e+06 864306 578492 696977 3.40182e+06 1.57334e+06 1.49086e+06 775195 762829 1.77537e+06 670998 1.29622e+06 805539 1.59393e+06 859852 789406 722337 672939 1.08247e+06 1.26068e+06 766443 645470 1.57214e+06 1.13569e+06 935242 836620 634983 621710 915637 579347 548882 526487 1.28245e+06 2.01001e+06 1.01888e+06 1.63294e+06 832470 494703 488341 801859 470286 469326
threshold=1.0000000180025095e-35 380.65000000000003 485.45000000000005 253.05000000000004 219.35000000000005 1140.1000000000001 355.45000000000005 1.0000000180025095e-35 68.950000000000017 15.450000000000001 209.75000000000003 366.15000000000003 1.0000000180025095e-35 1.0000000180025095e-35 54.750000000000007 150.15000000000001 1.0000000180025095e-35 1.0000000180025095e-35 1.0000000180025095e-35 3.5000000000000004 333.65000000000003 967.45000000000016 146.3416666666667 436.65000000000003 323.02500000000003 77.350000000000009 735.20000000000016 592.85000000000014 916.25000000000011 167.95000000000002 1.0000000180025095e-35 13.850000000000003 142.65000000000001 133.85000000000005 349.95000000000005 59.95000000000001 323.95000000000005 1.0000000180025095e-35 272.55000000000007 360.45000000000005 1008.7500000000001 386.85000000000008 424.95000000000005 444.85000000000008 333.65000000000003 416.75000000000006 916.25000000000011 256.81666666666672 832.35000000000025 1.0000000180025095e-35 382.80000000000001 266.78333333333336 629.1500000000002 294.5125000000001 548.05000000000007 117.35000000000001 498.35000000000008 72.500000000000014 323.15000000000003 139.80000000000004 179.45000000000002 1.0000000180025095e-35
decision_type=2 2 2 2 2 2 2 2 2 2 2 2 2 2 2 2 2 2 2 2 2 2 2 2 2 2 2 2 2 2 2 2 2 2 2 2 2 2 2 2 2 2 2 2 2 2 2 2 2 2 2 2 2 2 2 2 2 2 2 2 2 2
left_child=-1 2 7 4 5 6 14 22 11 -10 -11 -9 13 16 51 -16 17 18 19 21 -21 -5 -2 30 25 27 -26 -25 -27 -30 31 -24 33 -32 35 -35 37 38 58 -40 -41 43 47 44 45 46 49 -43 -49 61 -28 54 53 -53 56 -56 -3 -38 59 -34 -51 -33
right_child=1 3 -4 12 -6 -7 -8 8 9 10 -12 -13 -14 -15 15 -17 -18 -19 -20 20 -22 -23 23 24 26 28 50 -29 29 -31 32 41 36 34 -36 -37 57 -39 39 40 -42 42 -44 -45 -46 -47 -48 48 -50 60 -52 52 -54 -55 55 -57 -58 -59 -60 -61 -62 -63
leaf_value=-0.23759422623536222 -0.07269047473705624 6.6573947906494144 12.979064212526595 8.7164336987904143 -8.3999695478166867 -6.5466266975402831 14.941843305315292 5.620289225265628 13.696445586464623 -9.2904962675912053 2.7973896774956408 16.554180356589232 13.399917191267015 -2.8897784330628138 -9.526631171053106 4.3334754797128534 -0.7761483816000132 -0.13502418518066406 -1.8631081961450122 15.108592115866172 4.0982132995632332 21.254318491617838 -9.542438880920411 -5.7520147705078131 17.892154693603516 6.2196325768123977 -0.22774559363074928 -18.640504681318998 -14.023899475097657 5.9625770735740664 16.858602388443487 1.8543749366602342 0.7213627630350542 3.9101754646675264 -3.482327311379569 12.612722353254046 3.4903174839019777 -3.0841134196061355 11.711167186161259 6.4137987178304927 -6.9695675015449527 15.102069406509401 -4.9488152542114259 -7.6933256685733795 -3.3950328874588012 12.55677592277527 8.0679143190383922 -1.3611331419511277 13.420757873058319 -9.4461363029479983 9.0999391357103985 -13.418427734375001 13.427228986299955 3.2672920666514216 -5.2207174936930336 11.142861974623896 20.605322265625002 14.040584201812743 5.5519779205322273 -10.433824865023297 1.2670447128159661 8.0755565315485001
leaf_weight=29101 383 23 28 28 35 25 21 61 22 28 34 22 30 33 22 26 26 30 21 37 71 27 25 20 22 22 46 28 25 20 31 576 49 102 28 35 25 65 53 23 20 30 25 32 75 20 43 22 20 20 24 20 26 185 30 31 20 20 22 24 21 32
leaf_count=29101 383 23 28 28 35 25 21 61 22 28 34 22 30 33 22 26 26 30 21 37 71 27 25 20 22 22 46 28 25 20 31 576 49 102 28 35 25 65 53 23 20 30 25 32 75 20 43 22 20 20 24 20 26 185 30 31 20 20 22 24 21 32
internal_value=0.0250525 2.58133 2.07313 4.05426 2.5828 3.47883 4.09922 1.93401 5.04987 1.62261 -2.66166 8.51843 6.30758 5.5282 3.50472 -2.01907 6.68567 7.59225 8.85213 10.2326 7.87029 14.8714 1.67743 2.08491 -0.627724 -6.36077 6.53858 -13.2703 -1.41066 -5.14102 2.47539 1.69045 3.96156 6.4561 4.50168 6.13345 2.3372 1.31027 2.80574 6.55019 0.188977 1.99703 5.85373 1.54025 1.91569 2.47511 2.18373 9.60462 5.67786 1.79387 2.97032 4.29619 2.96618 1.63942 7.25032 3.0952 13.1448 8.17932 -0.978121 -2.9461 -3.9589 2.18181
internal_weight=32091 2990 2223 767 464 429 404 2195 167 84 62 83 303 273 383 48 240 214 184 163 108 55 2028 1645 207 115 92 48 67 45 1438 941 497 196 165 137 301 256 191 96 43 916 97 819 787 712 692 72 42 649 70 335 231 205 104 61 43 45 95 73 41 608
internal_count=32091 2990 2223 767 464 429 404 2195 167 84 62 83 303 273 383 48 240 214 184 163 108 55 2028 1645 207 115 92 48 67 45 1438 941 497 196 165 137 301 256 191 96 43 916 97 819 787 712 692 72 42 649 70 335 231 205 104 61 43 45 95 73 41 608
is_linear=0
shrinkage=0.05


Tree=84
num_leaves=63
num_cat=0
split_feature=9 12 32 32 36 36 31 32 31 33 34 33 33 33 36 36 32 32 36 33 36 33 32 35 29 32 32 35 35 34 36 21 36 32 31 33 35 31 25 33 33 33 31 39 34 35 36 33 33 32 32 31 33 39 32 31 35 33 36 31 33 32
split_gain=7.77806e+06 818280 1.35157e+06 1.08893e+06 926703 564349 917464 1.81183e+06 1.29002e+06 1.12505e+06 1.04566e+06 1.18163e+06 1.10347e+06 917656 906085 840781 924648 825125 2.9706e+06 1.41994e+06 1.32038e+06 760586 1.70984e+06 1.02163e+06 842337 908606 755409 699613 688453 1.60228e+06 645010 634144 1.36079e+06 750530 544169 538778 532720 701411 528000 497814 617696 661532 504118 489369 855064 539735 710546 1.29026e+06 462426 506946 529647 461591 913448 1.73578e+06 926476 431683 389467 380033 367623 366779 366702 358022
threshold=1.0000000180025095e-35 1.0000000180025095e-35 11.050000000000002 414.85000000000008 146.3416666666667 373.58333333333343 452.25000000000006 315.85000000000008 380.65000000000003 392.15000000000003 208.25000000000003 134.25000000000003 4.8500000000000005 485.45000000000005 286.95833333333343 255.47083333333339 412.85000000000008 436.65000000000003 323.02500000000003 77.350000000000009 340.75000000000006 402.75000000000006 113.15000000000002 916.25000000000011 1.0000000180025095e-35 221.05000000000004 147.75000000000003 592.85000000000014 916.25000000000011 167.95000000000002 227.72500000000002 1.0000000180025095e-35 272.41250000000008 261.45000000000005 366.05000000000007 119.55000000000001 696.75000000000011 426.45000000000005 1.0000000180025095e-35 373.85000000000008 55.850000000000001 159.55000000000004 412.55000000000007 1.0000000180025095e-35 302.95000000000005 723.1500000000002 218.61250000000004 196.95000000000002 89.350000000000009 340.25000000000006 123.35000000000001 58.45000000000001 15.850000000000003 1.0000000180025095e-35 125.55000000000001 244.95000000000002 108.45000000000002 220.05000000000004 193.32500000000002 414.45000000000005 263.65000000000003 340.25000000000006
decision_type=2 2 2 2 2 2 2 2 2 2 2 2 2 2 2 2 2 2 2 2 2 2 2 2 2 2 2 2 2 2 2 2 2 2 2 2 2 2 2 2 2 2 2 2 2 2 2 2 2 2 2 2 2 2 2 2 2 2 2 2 2 2
left_child=38 4 -3 51 -2 6 8 10 13 15 11 12 -8 17 -13 30 36 21 19 27 -20 23 -23 24 43 -26 -25 -19 -21 -30 58 32 -24 -34 57 -9 59 -38 -1 40 56 -42 -41 45 48 -6 47 -47 49 50 -45 -4 54 -54 -53 -22 -40 -28 -10 -17 -48 -50
right_child=1 2 3 -5 5 -7 7 35 9 -11 -12 14 -14 -15 -16 16 -18 18 20 28 55 22 31 26 25 -27 34 -29 29 -31 -32 -33 33 -35 -36 -37 37 -39 39 42 41 -43 -44 44 -46 46 60 -49 61 -51 -52 52 53 -55 -56 -57 -58 -59 -60 -61 -62 -63
leaf_value=-0.29441969592119066 -0.048524802368269379 17.187707779624244 5.9945145135495208 15.118483004570008 2.2696058935291998 4.478365738777554 -2.0162116718292236 13.268810894375756 -0.48427037398020434 15.451553224634242 -14.897085371017457 11.808853530883789 -16.40027837753296 11.556243450164795 -3.2417664813995359 8.6501993088495173 -2.1469379226366683 -5.4644139099121096 18.171047859191898 5.9086506296287888 -2.7575712037086486 -11.961701195815515 -10.973836052417756 15.386217519044877 -9.9867351334670502 2.2326359848026187 1.6571865288650287 -17.708479366983688 -13.322704536437989 5.6644482231140145 -4.5988901313613439 6.8035959414946738 -2.4787938563028971 8.7054976399739594 -2.4226286944888891 1.9427093142554874 7.5985712705577004 16.936520439783731 -2.3178173247804033 1.4160037931902656 -2.7410253904201696 0.12248821073547514 6.8065077089795878 11.122922401428223 13.902880377996537 -5.8423862820579897 -2.0637197732925414 11.902618925571442 2.9285740499402966 10.890494976621687 2.0895074375840124 13.252871829813177 -10.687373767179601 7.5957048870268329 -0.95238098353147516 7.6309197032451639 1.0059234367243037 7.7686835415292492 7.758372872875583 -0.58795799775557078 -11.110985170091901 -2.813008197578224
leaf_weight=26358 386 22 67 20 644 340 40 21 24 27 20 20 20 25 20 21 24 20 20 22 20 29 24 20 29 32 34 28 25 20 34 39 30 30 21 21 61 30 94 290 307 588 51 20 21 21 24 20 102 33 86 22 34 21 24 20 1413 101 31 22 21 37
leaf_count=26358 386 22 67 20 644 340 40 21 24 27 20 20 20 25 20 21 24 20 20 22 20 29 24 20 29 32 34 28 25 20 34 39 30 30 21 21 61 30 94 290 307 588 51 20 21 21 24 20 102 33 86 22 34 21 24 20 1413 101 31 22 21 37
internal_value=0.0237999 2.45227 5.46179 4.08961 2.22493 2.59149 2.27916 -1.33217 2.58837 5.76101 -4.46045 -2.37312 -6.8109 2.0511 4.28354 4.70172 6.89115 1.90193 -1.33729 -6.04273 7.68147 2.3017 -1.04026 2.70294 2.1322 -3.57657 6.23767 -12.6068 -1.34012 -4.88397 0.814885 1.53471 -0.911559 3.11335 5.06478 7.60576 8.50991 10.677 -0.225715 0.434486 0.180692 -0.859745 2.22221 2.47062 4.17437 1.77278 -1.94765 2.81371 3.43948 5.47872 3.79393 2.77665 0.642031 -3.70656 5.84144 2.43667 0.798603 6.22949 4.16158 3.9237 -6.28578 1.40024
internal_weight=32091 2990 210 188 2780 2394 2054 162 1892 274 120 100 60 1618 40 247 158 1593 175 115 60 1418 152 1266 1090 61 176 48 67 45 89 123 84 60 156 42 134 91 29101 2743 2402 895 341 1029 299 730 86 41 278 139 106 168 101 55 46 40 1507 135 55 43 45 139
internal_count=32091 2990 210 188 2780 2394 2054 162 1892 274 120 100 60 1618 40 247 158 1593 175 115 60 1418 152 1266 1090 61 176 48 67 45 89 123 84 60 156 42 134 91 29101 2743 2402 895 341 1029 299 730 86 41 278 139 106 168 101 55 46 40 1507 135 55 43 45 139
is_linear=0
shrinkage=0.05


Tree=85
num_leaves=63
num_cat=0
split_feature=9 31 25 34 33 31 36 36 25 2 31 23 16 32 31 28 40 31 32 23 34 33 32 32 32 31 33 33 6 24 33 36 33 32 33 36 36 33 40 31 24 32 31 32 32 36 33 40 34 34 8 6 31 36 32 31 32 36 31 29 33 33
split_gain=5.83591e+06 921964 839132 1.76052e+06 837540 691010 615762 634787 583861 745298 581154 543468 532444 541100 1.12e+06 1.11375e+06 1.38941e+06 659164 621230 528660 1.18363e+06 572037 2.03372e+06 1.76237e+06 776211 940662 1.02109e+06 765410 1.23701e+06 807753 525542 524362 497578 774606 703089 634471 797259 634807 468158 1.03992e+06 1.1899e+06 1.84984e+06 943907 1.17793e+06 1.76421e+06 906709 790431 760111 734881 886002 562469 584103 497422 1.38404e+06 1.20672e+06 831650 494765 658064 391186 388608 671868 858704
threshold=1.0000000180025095e-35 495.85000000000008 1.0000000180025095e-35 389.75000000000006 393.85000000000008 179.65000000000001 262.54166666666674 331.81666666666672 1.0000000180025095e-35 1.0000000180025095e-35 488.35000000000008 1.0000000180025095e-35 1.0000000180025095e-35 426.95000000000005 450.45000000000005 1.0000000180025095e-35 3.5000000000000004 251.25000000000003 418.85000000000008 1.0000000180025095e-35 254.60000000000002 1.0000000180025095e-35 450.65000000000003 444.35000000000008 428.85000000000008 4.4500000000000011 453.55000000000007 419.15000000000003 1.0000000180025095e-35 1.0000000180025095e-35 0.95000000000000007 357.02500000000003 146.25000000000003 342.75000000000006 90.950000000000017 241.15833333333336 182.71250000000003 315.35000000000008 4.5000000000000009 476.65000000000003 1.0000000180025095e-35 222.95000000000002 442.85000000000008 51.750000000000007 187.75000000000003 136.7416666666667 439.35000000000008 5.5000000000000009 24.850000000000005 125.75000000000001 1.0000000180025095e-35 1.0000000180025095e-35 282.05000000000007 268.21666666666675 208.85000000000005 412.55000000000007 312.15000000000003 210.21250000000001 353.75000000000006 1.0000000180025095e-35 162.05000000000004 98.350000000000009
decision_type=2 2 2 2 2 2 2 2 2 2 2 2 2 2 2 2 2 2 2 2 2 2 2 2 2 2 2 2 2 2 2 2 2 2 2 2 2 2 2 2 2 2 2 2 2 2 2 2 2 2 2 2 2 2 2 2 2 2 2 2 2 2
left_child=8 2 5 4 6 19 -4 -8 -1 11 12 -10 13 18 15 16 31 -18 38 21 -21 22 -2 24 25 -23 27 28 29 32 -19 -15 33 34 -27 36 -34 -38 42 40 46 -42 45 -44 -45 -7 48 -48 50 -50 51 52 -40 54 55 58 57 -51 -54 60 61 -47
right_child=1 -3 3 -5 -6 10 7 -9 9 -11 -12 -13 -14 14 -16 -17 17 30 -20 20 -22 23 -24 -25 -26 26 -28 -29 -30 -31 -32 -33 35 -35 -36 -37 37 -39 39 -41 41 -43 43 44 -46 59 47 -49 49 56 -52 -53 53 -55 -56 -57 -58 -59 -60 -61 -62 -63
leaf_value=-0.28527630458511144 0.79821863342736721 11.143495173113687 5.4843134033996455 -9.1568121910095215 -1.7951675167790169 -6.8222114421703202 15.280425848611973 4.4151186466217043 0.039422283100349641 3.3031281041740268 -4.9154577926353173 2.9366778287908128 -5.0813627408898405 2.6250295540181603 15.391861160941747 -7.4497202193737024 15.631285770122822 1.1489428618858601 -6.0865046977996826 0.65242049884796138 14.797727952684676 9.1033368776241943 15.503459838867187 -11.347315027907088 8.9707818736200746 4.5800064741179005 -10.290018614700863 7.4127147773216508 -10.230181316895919 -6.6432266076405844 9.9003764231999725 -6.9436665448275479 1.3557336820315009 -10.490564537048341 -5.964482055664063 -3.7014322371318422 16.161622002011253 4.1377670516138494 1.4168521679090169 11.750436709908879 -13.990120352231541 3.2275463162324365 3.817023890359061 -18.479370382557743 -0.32474524378776554 2.4919922808157584 16.782516070774623 3.483430979468606 -9.0916555442810072 6.2262857800438294 -3.0943551951441273 10.833762411276501 12.501752945602709 2.6346898185730985 0.41558402114444315 20.424090858300531 8.0782756610350184 -4.9694969177246096 3.6891471195220946 -1.8576526343174604 5.5950130863887511 -6.0786794662475589
leaf_weight=26253 395 28 113 20 27 27 41 20 2320 216 27 174 23 41 23 20 26 29 22 50 21 24 25 37 23 43 28 29 33 39 42 22 73 20 25 29 21 23 167 34 26 39 35 23 32 337 21 22 25 21 29 30 34 238 27 24 22 35 20 46 164 32
leaf_count=26253 395 28 113 20 27 27 41 20 2320 216 27 174 23 41 23 20 26 29 22 50 21 24 25 37 23 43 28 29 33 39 42 22 73 20 25 29 21 23 167 34 26 39 35 23 32 337 21 22 25 21 29 30 34 238 27 24 22 35 20 46 164 32
internal_value=0.00336843 2.1134 2.02751 4.99059 6.3983 1.78703 7.6697 11.718 -0.213149 0.485578 2.36442 0.241556 2.47623 2.57641 5.00213 3.67455 5.06509 8.82009 2.25499 0.688259 4.83624 0.348574 1.67353 -0.896352 0.0467832 -0.483584 -1.11743 -0.350765 -1.08652 0.0187576 6.32585 -0.71642 1.12909 -1.84072 0.703356 2.91911 4.5601 9.87643 2.37652 3.19061 2.81749 -3.65952 1.42441 -3.35357 -7.91668 2.13402 3.4063 9.97833 2.98577 -0.900483 3.68926 4.05356 3.65473 4.74431 9.52611 12.6798 1.72489 -0.771078 9.23782 2.55166 2.93221 1.74874
internal_weight=31935 2972 2944 221 201 2723 174 61 28963 2710 1785 2494 1758 1735 203 180 160 97 1532 938 71 867 420 447 410 387 363 335 306 273 71 63 234 88 68 146 117 44 1510 814 780 65 696 90 55 606 715 43 672 103 569 540 510 343 105 78 78 56 54 579 533 369
internal_count=31935 2972 2944 221 201 2723 174 61 28963 2710 1785 2494 1758 1735 203 180 160 97 1532 938 71 867 420 447 410 387 363 335 306 273 71 63 234 88 68 146 117 44 1510 814 780 65 696 90 55 606 715 43 672 103 569 540 510 343 105 78 78 56 54 579 533 369
is_linear=0
shrinkage=0.05


Tree=86
num_leaves=63
num_cat=0
split_feature=9 31 25 35 35 34 32 36 31 31 33 33 35 40 32 35 32 32 32 34 35 31 32 33 33 31 34 36 24 38 4 31 31 35 40 32 31 35 31 31 33 31 32 32 29 35 25 2 11 31 35 36 24 32 31 35 32 32 36 32 36 31
split_gain=5.26691e+06 832073 757316 1.74891e+06 908721 917010 1.31923e+06 1.4915e+06 926406 1.69583e+06 1.34221e+06 1.18153e+06 1.72686e+06 1.05482e+06 1.22707e+06 3.16322e+06 890552 809242 1.23069e+06 1.24122e+06 777797 765699 1.03268e+06 759467 1.1594e+06 1.3113e+06 1.01297e+06 1.17537e+06 1.01777e+06 946459 880912 748634 842454 712093 708785 705158 693732 628957 884968 745178 730522 674084 565269 537107 606232 542874 526935 672631 546486 520959 478194 511338 468816 462644 915464 1.04079e+06 965964 894276 723810 631363 453793 624112
threshold=1.0000000180025095e-35 495.85000000000008 1.0000000180025095e-35 1155.7500000000002 1203.6500000000003 16.950000000000003 402.85000000000008 242.21250000000003 115.25000000000001 54.150000000000013 283.45000000000005 192.05000000000004 517.05000000000007 4.5000000000000009 424.95000000000005 735.20000000000016 238.15000000000001 358.65000000000003 472.65000000000003 235.35000000000005 860.05000000000007 374.55000000000007 394.35000000000008 93.200000000000003 20.950000000000003 312.25000000000006 106.25000000000001 209.12916666666669 1.0000000180025095e-35 1.0000000180025095e-35 1.0000000180025095e-35 316.35000000000008 173.05000000000004 137.55000000000004 4.5000000000000009 288.55000000000007 481.05000000000007 777.00000000000011 384.75000000000006 468.85000000000008 274.45000000000005 456.45000000000005 454.55000000000007 268.35000000000008 1.0000000180025095e-35 1008.7500000000001 1.0000000180025095e-35 1.0000000180025095e-35 1.0000000180025095e-35 224.05000000000004 853.25000000000011 293.01666666666671 1.0000000180025095e-35 29.850000000000005 434.55000000000007 431.65000000000003 123.35000000000001 109.25000000000001 254.11000000000004 11.050000000000002 231.11250000000004 177.25000000000003
decision_type=2 2 2 2 2 2 2 2 2 2 2 2 2 2 2 2 2 2 2 2 2 2 2 2 2 2 2 2 2 2 2 2 2 2 2 2 2 2 2 2 2 2 2 2 2 2 2 2 2 2 2 2 2 2 2 2 2 2 2 2 2 2
left_child=46 2 4 21 5 8 23 -8 9 33 11 12 -11 36 37 -16 -12 35 19 -19 -17 22 -4 24 -7 -26 27 -25 29 30 31 32 -28 -2 -23 -6 42 39 50 40 41 -15 43 44 52 60 -1 48 -48 -31 -39 -52 53 59 55 57 -57 -55 -58 -10 -45 -62
right_child=1 -3 3 -5 17 6 7 -9 13 10 16 -13 -14 14 15 20 -18 18 -20 -21 -22 34 -24 26 25 -27 28 -29 -30 49 -32 -33 -34 -35 -36 -37 -38 38 -40 -41 -42 -43 -44 45 -46 -47 47 -49 -50 -51 51 -53 -54 54 -56 56 58 -59 -60 -61 61 -63
leaf_value=-0.2710124889626867 -4.6397954561493613 10.58632034446512 2.8747735629316238 -6.4820609188079832 4.2215143723921349 2.7800871250422108 1.3420193099975588 -13.571603137568424 1.5271058078614936 -0.71386585386263013 -18.563761892318727 10.131089832669213 -15.55359968705611 3.2194876093841169 24.658566284179688 -3.4476729221343998 -3.6427028274536135 -10.591103752363813 12.868441997874868 3.3905488206629166 7.5518985292646619 6.2265158404474681 14.029591201782228 -10.867449373404185 -2.0983403947618271 -17.819947869437083 10.710723291910611 4.3480500871484926 -4.2040129510979902 -5.2899618915716813 -1.2479966556584394 16.25162318303035 0.84030657974449374 5.0054124111220952 18.931676573980422 14.409224081039429 -7.3089349110921225 -8.7990467582430156 4.1050023751126394 11.465411593996246 11.31770253358064 -6.114406127929688 -4.3003568700381685 11.393778625488281 -6.0441668685277303 -2.3396882670266286 0.01153372561068057 3.1379717008659131 2.7429630929856899 4.5933454533418026 4.8878000746602597 -5.0213737364113333 7.8119560241699224 -13.973527477979662 -10.350993264239769 10.414330439413748 4.4080631102455987 -0.024051793637099091 -4.8983728408813478 10.556322243100121 -4.0795011949539193 5.5650124870813817
leaf_weight=26253 22 28 122 30 33 46 30 38 248 180 20 21 22 589 24 25 20 22 22 57 45 23 25 30 36 21 52 22 38 30 27 26 37 147 21 35 24 28 72 29 27 20 42 25 30 28 2295 216 199 24 23 30 26 20 23 31 45 27 39 21 20 104
leaf_count=26253 22 28 122 30 33 46 30 38 248 180 20 21 22 589 24 25 20 22 22 57 45 23 25 30 36 21 52 22 38 30 27 26 37 147 21 35 24 28 72 29 27 20 42 25 30 28 2295 216 199 24 23 30 26 20 23 31 45 27 39 21 20 104
internal_value=0.00320001 2.00773 1.92614 4.74107 1.69768 1.46271 -0.566778 -6.99206 1.905 -0.158174 -2.6694 -1.1566 -2.33007 2.44031 3.58386 8.99414 -11.1032 5.24849 2.40953 -0.503076 3.62348 6.50386 4.77185 0.556408 -3.125 -7.89051 1.88223 -4.43012 3.28498 4.73692 6.87954 8.78775 6.60729 3.74982 12.2903 9.46519 1.0553 2.96214 0.071667 3.62717 3.26976 2.91296 1.33067 1.67492 0.851311 4.04805 -0.202492 0.461299 0.229479 -0.897381 -3.51352 -0.721166 1.28228 0.908332 -1.01634 0.308954 2.87105 -5.96 0.0872178 2.23199 5.24843 4.00945
internal_weight=31935 2972 2944 221 2723 2554 457 68 2097 432 263 223 202 1665 912 94 40 169 101 79 70 191 147 389 103 57 286 52 234 196 142 115 89 169 44 68 753 818 153 665 636 609 729 687 510 177 28963 2710 2494 54 81 53 480 454 185 162 115 47 84 269 149 124
internal_count=31935 2972 2944 221 2723 2554 457 68 2097 432 263 223 202 1665 912 94 40 169 101 79 70 191 147 389 103 57 286 52 234 196 142 115 89 169 44 68 753 818 153 665 636 609 729 687 510 177 28963 2710 2494 54 81 53 480 454 185 162 115 47 84 269 149 124
is_linear=0
shrinkage=0.05


Tree=87
num_leaves=63
num_cat=0
split_feature=9 31 31 25 35 35 34 32 37 31 31 33 33 35 40 32 35 35 32 32 32 34 40 24 7 31 32 34 33 31 4 34 35 40 33 35 31 32 31 35 35 31 35 2 5 35 8 32 39 2 25 35 32 32 33 32 32 36 31 35 32 35
split_gain=4.75338e+06 757260 1.15589e+06 817849 971662 920351 755182 1.24079e+06 2.1405e+06 861097 1.53049e+06 1.21135e+06 1.06633e+06 1.55849e+06 979660 1.29343e+06 2.67442e+06 841076 803723 719894 1.03777e+06 970583 716439 1.05981e+06 956285 1.84189e+06 1.23986e+06 1.18153e+06 974880 1.10161e+06 863808 869504 689048 906600 689189 642664 623178 588048 557405 532542 2.09031e+06 1.70195e+06 953964 899229 1.07263e+06 622394 553109 1.16275e+06 560497 493826 604629 492779 598888 729369 775325 674746 1.39182e+06 850572 1.04795e+06 515645 513086 444697
threshold=1.0000000180025095e-35 493.85000000000008 488.35000000000008 1.0000000180025095e-35 1203.6500000000003 1155.7500000000002 16.950000000000003 402.85000000000008 4.5000000000000009 115.25000000000001 54.150000000000013 283.45000000000005 192.05000000000004 517.05000000000007 4.5000000000000009 424.95000000000005 735.20000000000016 860.05000000000007 238.15000000000001 358.65000000000003 472.65000000000003 235.35000000000005 3.5000000000000004 1.0000000180025095e-35 1.0000000180025095e-35 337.75000000000006 150.05000000000004 108.25000000000001 291.45000000000005 102.45000000000002 1.0000000180025095e-35 384.80000000000001 902.1500000000002 3.5000000000000004 226.45000000000002 137.55000000000004 242.85000000000005 236.15000000000001 384.75000000000006 602.95000000000016 506.35000000000008 390.65000000000003 629.1500000000002 1.0000000180025095e-35 1.0000000180025095e-35 538.75000000000011 1.0000000180025095e-35 164.25000000000003 1.0000000180025095e-35 1.0000000180025095e-35 1.0000000180025095e-35 1008.7500000000001 470.75000000000006 268.35000000000008 395.45000000000005 53.95000000000001 81.350000000000009 254.11000000000004 345.95000000000005 1096.7500000000002 195.95000000000002 607.45000000000016
decision_type=2 2 2 2 2 2 2 2 2 2 2 2 2 2 2 2 2 2 2 2 2 2 2 2 2 2 2 2 2 2 2 2 2 2 2 2 2 2 2 2 2 2 2 2 2 2 2 2 2 2 2 2 2 2 2 2 2 2 2 2 2 2
left_child=49 2 3 4 6 32 9 22 -9 10 35 12 13 -12 51 39 -17 -18 -13 37 21 -21 23 30 25 27 -27 -24 36 -30 31 -8 34 -34 61 -2 -29 -6 -39 40 -16 45 -41 44 46 -42 47 -44 -49 -1 -51 52 53 54 55 -11 -57 58 -58 -53 -59 -5
right_child=1 -3 -4 5 19 -7 7 8 -10 14 11 18 -14 -15 15 16 17 -19 -20 20 -22 -23 24 -25 -26 26 -28 28 29 -31 -32 -33 33 -35 -36 -37 -38 38 -40 42 41 -43 43 -45 -46 -47 -48 48 -50 50 -52 59 -54 -55 -56 56 57 60 -60 -61 -62 -63
leaf_value=-0.25974831415734984 -4.4078056205402723 9.2184954507010328 -8.8851556243896486 3.2623433686494829 3.3154290771484378 -3.7626527009186925 4.727436716568012 -12.572182300242972 6.6288212549118768 1.8484356460597018 -0.67817258420917725 -17.635574004650117 9.6245355969383617 -14.775919723510743 2.2796376842943626 23.425637944539389 -3.2752891454696655 8.2093067927794028 -3.4605677795410159 -9.2507678758530396 12.225019454956055 3.3850167248465803 -9.9414539535840358 -6.8923539595170453 7.5557292393275679 -18.64211767578125 -1.9397900867462159 -4.1594529486539074 16.263414010547457 1.5254773981869221 -3.6590684433778131 16.241575522422789 4.4828830165247764 16.675624763568244 -1.624353572804677 4.7551418852643899 5.7475196599960334 6.9596053493022927 18.492911728945646 -9.1478373482113806 12.962807543381402 21.1095943874783 9.3091007402965005 11.851807215100244 11.626566015590321 2.8519751887851292 -6.1422259792204832 1.2151734575761104 -5.1429097738265996 0.22685434924189474 2.9810731038589169 -8.8463245601654048 -7.1877544486522682 4.5294035726452462 9.0885385073148282 -12.28192390373775 -0.84998273912229028 -10.840018264770508 9.2708385031563889 1.9249357843399046 -1.0655499208333163 10.335420465469362
leaf_weight=26175 22 35 25 50 25 27 91 47 21 278 180 20 21 22 422 24 25 44 20 21 22 55 24 22 28 25 20 57 21 32 24 20 31 30 38 147 22 20 22 21 23 27 35 21 22 45 31 113 50 2572 216 25 20 161 26 28 95 25 35 20 29 40
leaf_count=26175 22 35 25 50 25 27 91 47 21 278 180 20 21 22 422 24 25 44 20 21 22 55 24 22 28 25 20 57 21 32 24 20 31 30 38 147 22 20 22 21 23 27 35 21 22 45 31 113 50 2572 216 25 20 161 26 28 95 25 35 20 29 40
internal_value=0.00304001 1.90734 1.82021 1.91212 1.67494 4.87248 1.43258 -0.414732 -6.64246 1.83637 -0.150266 -2.53593 -1.09877 -2.21357 2.35809 3.46416 9.04884 4.04822 -10.5481 5.39262 2.66184 -0.10645 0.682381 3.28394 -1.10122 -2.30716 -11.2189 0.263517 2.11897 7.36504 4.9423 6.80206 6.10607 10.4793 4.02194 3.56233 -1.40055 9.38689 13.0009 2.82296 3.7881 10.4889 1.11995 1.91269 1.08113 6.27182 0.068029 1.04034 -0.735159 -0.192367 0.440237 1.01202 1.33943 1.59134 0.674618 0.228165 -1.89653 -0.316144 1.87485 -4.0591 -5.59077 6.40593
internal_weight=31935 2972 2937 2912 2696 216 2531 454 68 2077 432 263 223 202 1645 903 93 69 40 165 98 76 386 157 229 201 45 156 132 53 135 111 189 61 128 169 79 67 42 810 517 95 293 272 251 68 229 198 163 28963 2788 742 697 677 516 490 212 184 130 45 54 90
internal_count=31935 2972 2937 2912 2696 216 2531 454 68 2077 432 263 223 202 1645 903 93 69 40 165 98 76 386 157 229 201 45 156 132 53 135 111 189 61 128 169 79 67 42 810 517 95 293 272 251 68 229 198 163 28963 2788 742 697 677 516 490 212 184 130 45 54 90
is_linear=0
shrinkage=0.05


Tree=88
num_leaves=63
num_cat=0
split_feature=9 31 31 25 35 35 34 32 37 31 31 40 32 35 32 31 40 24 34 31 4 34 32 32 34 35 40 31 36 32 31 35 32 31 8 35 6 31 31 31 35 35 31 34 32 23 11 34 35 35 31 32 32 32 35 36 36 32 40 31 36 35
split_gain=4.28993e+06 685088 661627 738109 876925 830617 681551 1.1221e+06 1.85324e+06 777140 1.38127e+06 884143 1.16732e+06 2.41366e+06 882445 802690 658775 972730 872735 989278 802758 759514 649704 936585 875951 621866 818207 604774 589419 560542 1.10465e+06 2.29743e+06 530713 506183 698954 1.41999e+06 547287 639027 503058 502712 980696 491681 1.27202e+06 824094 1.37327e+06 490598 799631 476309 450337 584066 554900 536207 643801 425023 408054 547124 712625 393749 392758 385813 1.34077e+06 383399
threshold=1.0000000180025095e-35 495.85000000000008 488.35000000000008 1.0000000180025095e-35 1203.6500000000003 1155.7500000000002 16.950000000000003 398.85000000000008 4.5000000000000009 115.25000000000001 54.150000000000013 4.5000000000000009 424.95000000000005 735.20000000000016 436.65000000000003 376.55000000000007 3.5000000000000004 1.0000000180025095e-35 108.25000000000001 388.85000000000008 1.0000000180025095e-35 384.80000000000001 358.65000000000003 472.65000000000003 235.35000000000005 902.1500000000002 3.5000000000000004 209.75000000000003 219.77083333333334 384.95000000000005 71.050000000000011 373.95000000000005 236.15000000000001 476.65000000000003 1.0000000180025095e-35 741.05000000000007 1.0000000180025095e-35 462.55000000000007 384.75000000000006 339.55000000000007 747.75000000000011 860.05000000000007 104.55000000000001 384.80000000000001 217.05000000000004 1.0000000180025095e-35 1.0000000180025095e-35 187.85000000000005 978.05000000000007 873.85000000000014 390.65000000000003 446.55000000000007 392.85000000000008 261.45000000000005 137.55000000000004 161.38750000000002 176.81250000000003 29.850000000000005 4.5000000000000009 410.45000000000005 276.51666666666671 342.65000000000009
decision_type=2 2 2 2 2 2 2 2 2 2 2 2 2 2 2 2 2 2 2 2 2 2 2 2 2 2 2 2 2 2 2 2 2 2 2 2 2 2 2 2 2 2 2 2 2 2 2 2 2 2 2 2 2 2 2 2 2 2 2 2 2 2
left_child=45 2 3 4 6 25 9 16 27 10 28 48 33 -14 29 -15 17 20 -18 41 21 53 32 24 -24 39 -27 -9 54 30 31 -12 -6 34 36 -36 37 59 -34 40 -5 47 -43 44 -44 57 -47 -20 49 51 -50 52 -11 -8 -2 61 -57 -1 -26 -13 -61 -56
right_child=1 -3 -4 5 22 -7 7 8 -10 11 14 12 13 15 -16 -17 18 -19 19 -21 -22 -23 23 -25 58 26 -28 -29 -30 -31 -32 -33 38 -35 35 -37 -38 -39 -40 -41 -42 42 43 -45 -46 46 -48 -49 50 -51 -52 -53 -54 -55 55 56 -58 -59 -60 60 -62 -63
leaf_value=-0.06274081962763145 -4.1874153462323278 9.5960794653211323 -5.4124279066920282 4.6198988408805475 3.1496575927734378 -3.5745201887907805 2.666502315962493 -17.864579495929537 6.2973801249549508 0.86613668846239911 -0.61230482260386154 2.2101534503480544 22.254355875651044 -0.21921268268065019 -12.240950557163785 11.000250329434872 -7.7399624860286709 -6.5477363326332796 4.7055910587310796 -8.2768460205623082 -3.4761153250932697 15.429496975988151 -8.7882295426868264 11.613768646933817 8.0178116480509445 4.2587392130205712 15.841843630472821 -6.7230949073002257 10.010484981536866 6.4613358688354499 -0.20522197206815085 -21.422076815650577 6.6116253101825722 9.1682718803142684 5.5441642942882723 -12.632995770194315 8.5664334284953583 -5.9059805176474836 17.568266049298373 9.4842407862345386 -7.7905604875087739 15.350533046722413 15.272532644271852 -5.4707928986384955 -1.6418712965647382 0.20282544642135747 3.353723445602323 -4.706200576410061 0.55579823765315506 6.7705441148384766 -9.2840129188869316 -6.0959074249634382 8.3781189378102621 10.676318385384299 3.0578655216428974 -8.1417022526264198 4.4121691575417152 -0.45037249677866209 -0.50194688150959632 14.087118449807168 2.0600195890381223 10.509845321093287
leaf_weight=13636 22 28 32 78 25 27 67 21 21 579 36 561 24 44 21 25 40 22 20 28 24 20 21 22 24 31 30 29 28 20 165 21 20 29 21 22 39 22 22 30 20 20 20 29 30 2499 219 41 38 46 23 26 30 22 45 20 26 12609 31 32 84 28
leaf_count=13636 22 28 32 78 25 27 67 21 21 579 36 561 24 44 21 25 40 22 20 28 24 20 21 22 24 31 30 29 28 20 165 21 20 29 21 22 39 22 22 30 20 20 20 29 30 2499 219 41 38 46 23 26 30 22 45 20 26 12609 31 32 84 28
internal_value=0.00288801 1.81197 1.73794 1.81651 1.59119 4.62885 1.36095 -0.393995 -6.16734 1.74455 -0.142752 2.24019 3.29095 8.5964 -2.40913 3.84581 0.676259 3.19128 -1.03351 0.393394 4.80224 6.625 5.12299 2.52875 -0.101128 5.80076 9.95535 -11.4025 3.38422 -1.55596 -2.27824 -8.27906 8.91755 2.68181 2.44096 -3.75578 2.80201 2.48039 12.3508 3.82084 2.08715 1.91069 4.08639 1.2347 5.12389 -0.182749 0.456706 -1.62037 0.961423 1.33009 -3.15429 0.935973 1.23619 4.64646 2.06836 3.22489 -1.04604 -0.248972 3.21577 2.75292 5.37784 5.91616
internal_weight=31935 2972 2944 2912 2696 216 2531 454 71 2077 432 1645 903 93 263 69 383 155 228 188 133 109 165 98 76 189 61 50 169 242 222 57 67 810 781 43 738 699 42 128 98 160 99 79 50 28963 2718 61 742 681 61 635 609 89 141 119 46 26245 55 677 116 73
internal_count=31935 2972 2944 2912 2696 216 2531 454 71 2077 432 1645 903 93 263 69 383 155 228 188 133 109 165 98 76 189 61 50 169 242 222 57 67 810 781 43 738 699 42 128 98 160 99 79 50 28963 2718 61 742 681 61 635 609 89 141 119 46 26245 55 677 116 73
is_linear=0
shrinkage=0.05


Tree=89
num_leaves=63
num_cat=0
split_feature=9 31 31 25 33 31 25 2 23 23 34 33 36 32 33 39 36 31 32 31 32 32 39 33 33 36 32 36 33 33 32 31 40 28 31 39 32 40 32 36 32 31 32 36 40 33 32 31 33 31 33 33 31 31 40 36 36 33 31 39 31 32
split_gain=3.87166e+06 637180 970965 666143 606862 580634 467705 539843 474235 439124 923796 531748 947759 930645 874245 1.05355e+06 1.58691e+06 1.0432e+06 1.00286e+06 783699 784186 896526 940425 922199 869443 488619 437676 598520 461994 374355 1.39147e+06 659963 837294 567473 849123 982968 529555 1.29894e+06 916184 687116 661295 549243 503031 491286 457483 452486 705628 1.21932e+06 650650 856457 1.04671e+06 650569 598069 953449 811284 692938 992448 628976 1.8006e+06 625876 577224 506406
threshold=1.0000000180025095e-35 493.85000000000008 488.35000000000008 1.0000000180025095e-35 385.45000000000005 179.65000000000001 1.0000000180025095e-35 1.0000000180025095e-35 1.0000000180025095e-35 1.0000000180025095e-35 254.60000000000002 20.950000000000003 266.78333333333336 462.85000000000008 150.15000000000001 1.0000000180025095e-35 157.21000000000004 148.65000000000001 376.75000000000006 5.9500000000000011 117.35000000000001 193.95000000000002 1.0000000180025095e-35 300.85000000000008 347.55000000000007 232.25833333333335 205.15000000000001 186.27500000000003 241.55000000000004 439.35000000000008 154.35000000000005 271.65000000000003 4.5000000000000009 1.0000000180025095e-35 440.85000000000008 1.0000000180025095e-35 426.95000000000005 3.5000000000000004 418.85000000000008 338.42000000000002 450.65000000000003 320.15000000000003 406.45000000000005 281.01000000000005 5.5000000000000009 183.15000000000001 189.75000000000003 418.05000000000007 228.45000000000002 384.75000000000006 361.75000000000006 162.05000000000004 408.75000000000006 414.45000000000005 4.5000000000000009 282.51250000000005 226.32916666666668 65.950000000000017 332.05000000000007 1.0000000180025095e-35 398.85000000000008 22.150000000000002
decision_type=2 2 2 2 2 2 2 2 2 2 2 2 2 2 2 2 2 2 2 2 2 2 2 2 2 2 2 2 2 2 2 2 2 2 2 2 2 2 2 2 2 2 2 2 2 2 2 2 2 2 2 2 2 2 2 2 2 2 2 2 2 2
left_child=6 2 3 5 26 9 -1 8 -8 11 -11 12 -2 14 15 16 -13 18 19 -16 24 -22 23 -23 -21 -19 27 -5 -29 33 -31 -32 -33 36 35 -35 38 40 42 43 -38 -42 45 -39 -41 51 47 48 -47 50 -50 52 57 -54 61 56 -56 -7 59 -59 -48 -55
right_child=1 -3 -4 4 -6 29 7 -9 -10 10 -12 13 -14 -15 17 -17 -18 25 -20 20 21 22 -24 -25 -26 -27 -28 28 -30 30 31 32 -34 34 -36 -37 37 39 -40 44 41 -43 -44 -45 -46 46 60 -49 49 -51 -52 -53 53 54 55 -57 -58 58 -60 -61 -62 -63
leaf_value=-0.2381663177894407 0.80675240820649297 8.4278519126347131 -8.1702765426635739 7.5200044258220773 -1.8436269355542731 1.9637755981573493 0.055259491203168157 2.8497128520850783 2.7616875220475525 0.5913460730314255 13.087963551566714 -2.6600853054296403 10.634777890718901 -10.271435576218826 9.7213528177954931 2.3335661212603251 -19.236858819831504 -0.89575097232029366 9.4988706751567573 0.78533056332514839 8.3575878513020445 3.8006045913696291 7.3542261828546946 -9.7302356116911941 -12.411910788218181 -10.434313217163087 7.7261114439161709 -5.5957191734313971 4.5997963523864751 14.722531919126158 -5.791317228837447 -2.4785091265104713 10.051159687042237 3.3609934843503511 -9.609772968292237 -8.4012238543966546 5.9923312900432704 8.125129539271196 -7.8853043695290879 11.052738733291626 -10.445044631958009 0.77405122121175129 9.4693726322867651 18.735801696777344 1.8994247281274133 -7.7069111585617067 0.80434931812079058 -12.641549269358318 3.9343287800633635 9.6906081239382438 -8.0084402889013298 10.315942387282849 14.701939077377318 3.5711701289467195 3.1279276536858602 3.2398332220442754 17.519575885772706 -2.4120394859313965 -11.152347819010417 8.47232118334089 8.0592363622453487 -3.6981065788269043
leaf_weight=26253 434 35 25 37 33 638 2320 216 174 50 21 42 26 26 22 36 22 29 41 26 37 20 23 34 24 25 101 25 20 27 22 24 30 78 25 23 24 24 24 20 20 24 22 20 43 24 115 24 43 24 32 25 20 46 23 94 25 25 36 28 36 50
leaf_count=26253 434 35 25 37 33 638 2320 216 174 50 21 42 26 26 22 36 22 29 41 26 37 20 23 34 24 25 101 25 20 27 22 24 30 78 25 23 24 24 24 20 20 24 22 20 43 24 115 24 43 24 32 25 20 46 23 94 25 25 36 28 36 50
internal_value=0.00274361 1.72137 1.64145 1.72569 4.39741 1.51163 -0.173611 0.451761 0.24408 0.507089 4.28753 0.197503 1.36225 -1.11892 -0.494337 -4.50926 -8.35835 0.934461 2.42034 0.860024 -0.32869 1.96107 -1.11258 -4.71881 -5.54935 -5.31175 5.52284 2.80906 -1.06438 2.04762 4.97233 1.50844 4.48242 1.8656 -1.35964 0.682469 2.13138 4.71967 1.79685 8.15373 -0.683937 -4.32554 1.97157 12.9482 4.80524 1.84546 0.13339 -2.33253 -0.321018 1.4695 -1.16125 2.3506 2.14844 4.2166 3.33548 5.73575 10.6236 1.41448 -2.52315 3.33819 2.53399 -0.214911
internal_weight=31935 2972 2937 2912 216 2696 28963 2710 2494 938 71 867 460 407 381 100 64 281 227 186 164 114 77 54 50 54 183 82 45 1758 103 76 54 1655 126 101 1529 175 1354 107 68 44 1330 44 63 1308 298 147 123 99 75 1010 985 258 238 142 48 727 89 53 151 96
internal_count=31935 2972 2937 2912 216 2696 28963 2710 2494 938 71 867 460 407 381 100 64 281 227 186 164 114 77 54 50 54 183 82 45 1758 103 76 54 1655 126 101 1529 175 1354 107 68 44 1330 44 63 1308 298 147 123 99 75 1010 985 258 238 142 48 727 89 53 151 96
is_linear=0
shrinkage=0.05


Tree=90
num_leaves=63
num_cat=0
split_feature=9 27 31 32 38 32 39 33 34 33 5 33 31 33 39 33 33 31 7 34 34 32 36 36 32 33 34 32 33 34 34 18 34 33 34 31 36 31 7 36 36 36 36 31 40 11 36 18 32 31 32 33 33 32 33 31 36 32 29 32 40 32
split_gain=2.37108e+06 1.13099e+06 1.12187e+06 1.1298e+06 835244 1.05845e+06 845387 820447 766777 1.04694e+06 728186 870990 750236 628409 978205 831923 565146 694987 602014 828850 1.50922e+06 800835 755023 606199 740771 791372 887104 575483 545955 552416 997812 662186 678843 709103 604475 540577 538013 526617 525445 505141 583188 1.39844e+06 897497 704880 502493 501505 513245 494917 564225 442703 427902 736883 565761 420172 410644 479329 2.54856e+06 707596 904454 679417 819354 664594
threshold=1.0000000180025095e-35 1.0000000180025095e-35 316.35000000000008 482.05000000000007 1.0000000180025095e-35 121.45000000000002 1.0000000180025095e-35 328.85000000000008 411.7000000000001 313.55000000000007 1.0000000180025095e-35 461.35000000000008 165.05000000000004 436.05000000000007 1.0000000180025095e-35 407.65000000000003 367.75000000000006 386.75000000000006 1.0000000180025095e-35 24.850000000000005 118.65000000000002 195.95000000000002 170.31000000000003 303.91666666666674 164.25000000000003 69.750000000000014 275.80000000000001 464.85000000000008 436.05000000000007 211.65000000000001 281.35000000000008 1.0000000180025095e-35 16.950000000000003 127.75000000000001 354.95000000000005 181.95000000000002 303.91666666666674 148.65000000000001 1.0000000180025095e-35 193.32500000000002 237.71000000000006 249.34500000000003 256.81666666666672 438.65000000000003 3.5000000000000004 1.0000000180025095e-35 367.51666666666671 1.0000000180025095e-35 392.85000000000008 312.25000000000006 412.85000000000008 390.05000000000007 172.55000000000004 102.85000000000001 382.80000000000001 167.05000000000004 256.81666666666672 448.55000000000007 1.0000000180025095e-35 314.05000000000007 3.5000000000000004 372.55000000000007
decision_type=2 2 2 2 2 2 2 2 2 2 2 2 2 2 2 2 2 2 2 2 2 2 2 2 2 2 2 2 2 2 2 2 2 2 2 2 2 2 2 2 2 2 2 2 2 2 2 2 2 2 2 2 2 2 2 2 2 2 2 2 2 2
left_child=38 2 4 13 8 -6 7 -7 10 -10 11 28 -13 15 -15 16 18 -18 19 22 -21 -20 -4 24 -22 -26 -27 39 29 31 -31 32 49 -34 -32 -8 -23 -35 -1 -24 43 -42 -43 44 -41 -40 -47 48 -44 54 51 52 -12 -46 55 56 59 58 -57 -2 -61 -62
right_child=1 -3 3 -5 5 6 35 -9 9 -11 50 12 -14 14 -16 -17 17 -19 21 20 23 36 27 -25 25 26 -28 -29 -30 30 34 -33 33 37 -36 -37 -38 -39 45 40 41 42 47 -45 53 46 -48 -49 -50 -51 -52 -53 -54 -55 -56 57 -58 -59 -60 60 61 -63
leaf_value=-0.23351879718020549 0.21239736866032877 -7.8917129657485265 10.301363884169481 12.222265311876933 -9.7808319401741031 -0.78703375716707602 -0.45885498642921452 9.6773250139676605 0.42752646368903086 12.777912351489068 -2.7523102294567021 13.208434295654298 0.91967541238535999 1.7464107990264894 14.207176463944572 -6.408280274697713 0.85883964538574231 13.36372420310974 -0.28106396993001304 -14.456104888916016 4.22240325422848 15.910375421697445 -4.3777414569148316 5.9240215928213935 3.336507437229157 -2.177759369214376 -16.435900774002075 -5.8900615822185172 -5.832385520935059 11.855036073923111 -3.5102254138273352 -3.4981069049615972 -11.086069245771929 -5.7659144401550293 6.3160950298967036 -11.816729268160735 5.5412701351889249 3.8831975552343554 0.30288158545301369 9.8802892436151932 -9.0806812357019506 12.469667434692383 1.9938677561710829 14.673658342361449 5.6873386383056648 2.0117698404561266 10.10694202076305 -3.2579737345377602 7.4148175197618986 -5.6890928095037294 -9.1719103367432311 -10.016059842109682 6.3804591723850805 -4.3147059735797697 6.9675422726255478 2.3395210025227406 -12.97990546506994 9.0625932873906319 -8.5224754619598393 10.461388436341899 7.616056384422162 -2.3487560586495833
leaf_weight=26239 409 33 29 30 40 67 20 26 37 32 43 27 23 36 28 28 20 25 30 20 34 22 27 35 20 24 20 22 30 32 34 87 22 26 29 22 29 31 2570 23 27 22 432 20 21 178 22 39 54 22 23 20 28 21 33 459 34 37 20 39 27 44
leaf_count=26239 409 33 29 30 40 67 20 26 37 32 43 27 23 36 28 28 20 25 30 20 34 22 27 35 20 24 20 22 30 32 34 87 22 26 29 22 29 31 2570 23 27 22 432 20 21 178 22 39 54 22 23 20 28 21 33 459 34 37 20 39 27 44
internal_value=-0.0261147 1.31353 1.41612 2.64793 0.647163 -2.63714 -0.520489 2.13849 0.995921 6.15524 0.770466 1.06999 7.55561 2.3887 7.198 2.09388 2.32819 7.806 2.07432 1.69874 -1.65016 6.20115 2.39396 0.275552 -1.74176 -4.91022 -8.65873 2.07007 0.840818 0.985363 4.66506 0.714378 1.01902 -3.46112 1.013 -6.40822 10.0142 -0.518152 -0.164378 2.32535 2.59998 2.0276 2.57591 6.46524 3.93957 0.490561 2.90224 2.16131 2.5962 1.33391 -3.0787 -1.53866 0.849345 0.686316 1.47411 1.30453 0.281801 2.40059 1.88599 1.15058 4.63893 1.44068
internal_weight=32003 2994 2961 1138 1823 175 135 93 1648 69 1579 1465 50 1108 64 1044 1016 45 971 890 153 81 737 133 98 64 44 708 1415 1385 95 1290 1203 79 63 42 51 57 29009 686 659 574 547 85 65 2770 200 525 486 1124 114 91 71 42 1102 1069 553 516 479 519 110 71
internal_count=32003 2994 2961 1138 1823 175 135 93 1648 69 1579 1465 50 1108 64 1044 1016 45 971 890 153 81 737 133 98 64 44 708 1415 1385 95 1290 1203 79 63 42 51 57 29009 686 659 574 547 85 65 2770 200 525 486 1124 114 91 71 42 1102 1069 553 516 479 519 110 71
is_linear=0
shrinkage=0.05


Tree=91
num_leaves=63
num_cat=0
split_feature=9 27 31 32 38 32 35 37 31 31 31 33 33 36 33 33 39 33 33 35 35 8 36 32 33 33 33 31 33 33 39 33 35 32 31 32 36 36 32 32 32 35 32 31 35 35 31 32 7 25 33 31 8 35 31 35 18 33 31 31 36 33
split_gain=2.1399e+06 1.02072e+06 1.01249e+06 1.01964e+06 753808 955250 832842 799760 788556 754852 954915 958225 1.22454e+06 577447 698257 567139 882830 750810 510045 646462 919129 747314 1.05336e+06 737676 681355 1.02396e+06 960496 627226 612360 1.25058e+06 700561 670107 530266 524299 1.46725e+06 2.425e+06 631001 718060 972270 630308 600449 534576 507043 1.46768e+06 2.0066e+06 1.01544e+06 677289 668810 474214 538501 429004 379045 376579 1.22145e+06 705965 509006 571526 566230 491120 1.32117e+06 479151 382169
threshold=1.0000000180025095e-35 1.0000000180025095e-35 316.35000000000008 482.05000000000007 1.0000000180025095e-35 121.45000000000002 1032.6500000000003 3.5000000000000004 181.95000000000002 121.75000000000001 244.95000000000002 419.15000000000003 328.85000000000008 219.77083333333334 321.25000000000006 436.05000000000007 1.0000000180025095e-35 407.65000000000003 367.75000000000006 967.45000000000016 873.85000000000014 1.0000000180025095e-35 175.51666666666668 446.55000000000007 249.45000000000002 116.25000000000001 19.750000000000004 386.75000000000006 77.350000000000009 136.15000000000001 1.0000000180025095e-35 283.45000000000005 532.95000000000016 60.750000000000007 444.75000000000006 187.75000000000003 251.61250000000004 266.78333333333336 205.15000000000001 253.05000000000004 2.3500000000000001 474.4500000000001 418.85000000000008 77.15000000000002 639.85000000000014 712.95000000000016 181.95000000000002 402.85000000000008 1.0000000180025095e-35 1.0000000180025095e-35 59.95000000000001 410.45000000000005 1.0000000180025095e-35 812.6500000000002 146.55000000000004 818.95000000000016 1.0000000180025095e-35 419.15000000000003 247.15000000000001 203.75000000000003 173.16750000000005 51.750000000000007
decision_type=2 2 2 2 2 2 2 2 2 2 2 2 2 2 2 2 2 2 2 2 2 2 2 2 2 2 2 2 2 2 2 2 2 2 2 2 2 2 2 2 2 2 2 2 2 2 2 2 2 2 2 2 2 2 2 2 2 2 2 2 2 2
left_child=48 2 4 15 6 -6 42 8 -7 -8 11 12 -11 -9 -15 17 -17 18 19 20 21 22 32 28 25 26 33 -20 -21 -30 31 -31 -4 40 36 -36 41 -38 -39 -40 -24 -35 47 -44 -45 -46 -47 52 -1 -50 -22 -51 55 54 -54 56 57 61 59 -57 -58 -2
right_child=1 -3 3 -5 5 7 9 13 -10 10 -12 -13 -14 14 -16 16 -18 -19 27 23 50 -23 24 -25 -26 -27 -28 -29 29 30 -32 -33 -34 34 35 -37 37 38 39 -41 -42 -43 43 44 45 46 -48 -49 49 51 -52 -53 53 -55 -56 58 60 -59 -60 -61 -62 -63
leaf_value=-0.22184285670606677 1.2649107244754882 -7.497127285870639 16.045997543334959 11.61115202744802 -9.2917901229858408 10.766364627838136 11.302520631626249 1.5929413159688315 -1.5571886239228425 -4.8236662989077361 7.6502155420915132 -9.5992995552394706 12.092885351181032 -13.594618805972013 -1.6911833873816899 1.6590900202592214 13.496817653519768 -6.0878665481294902 0.81589725971221927 9.052803716659545 2.8017382125854495 -6.2170984488267171 2.3652365831899842 -7.3266046883481923 10.558664148504086 -6.9619110801003208 10.001775614420573 12.695537883758545 -9.8309526647840233 2.7691571416081611 5.4572395783030636 -7.1967044068921 4.5322500228881841 3.4238419272682883 -20.559881882440479 0.33403522851990491 12.549066753387452 -7.7646892929077156 12.249349956512452 2.4159871830181645 10.509299873828889 -6.7009355425834656 6.4000186167265243 -19.32965629577637 4.868329075404576 -12.8304406079379 -1.8586337590828919 8.1596196759131647 0.27684619511015596 2.0299432388777974 10.939046329000723 7.997392080537975 -5.1184939046700801 -12.620360916311093 6.3038847554114561 2.1769480494782329 1.0516217216368646 7.9269205638340541 -1.6741708091327123 15.933048181732497 -7.1436253593081522 -1.0012926400437647
leaf_weight=26239 773 33 20 30 40 25 32 33 27 23 53 23 20 22 28 36 28 28 20 20 25 26 239 33 22 33 36 25 28 37 66 31 20 22 21 41 20 20 20 88 25 32 38 20 35 22 39 31 2580 158 46 32 24 22 31 64 31 28 28 24 42 245
leaf_count=26239 773 33 20 30 40 25 32 33 27 23 53 23 20 22 28 36 28 28 20 20 25 26 239 33 22 33 36 25 28 37 66 31 20 22 21 41 20 20 20 88 25 32 38 20 35 22 39 31 2580 158 46 32 24 22 31 64 31 28 28 24 42 245
internal_value=-0.024809 1.24785 1.34531 2.51553 0.614805 -2.50528 0.946125 -0.494464 4.3676 4.48524 2.65202 -1.36167 3.0445 -3.54057 -6.92869 2.26926 6.8381 1.98918 2.21178 1.97061 2.65861 2.09733 2.42536 -0.448604 1.9172 1.59876 2.09965 7.4157 0.798507 -0.220542 1.7876 -1.7741 10.2891 1.56087 -0.01472 -6.74294 2.05038 3.73839 2.36172 4.23698 3.13645 -2.57603 0.589139 -2.12829 -4.92205 -1.92047 -5.81568 0.900744 -0.156159 0.466033 8.0738 3.03499 0.729231 -2.66326 1.31957 0.940747 0.613924 0.912441 4.09346 5.92861 -3.66345 0.719508
internal_weight=32003 2994 2961 1138 1823 175 1648 135 52 151 119 66 43 83 50 1108 64 1044 1016 971 756 685 659 215 619 597 564 45 182 162 134 68 40 528 264 62 202 148 128 108 264 54 1497 154 116 96 61 1343 29009 2770 71 190 1312 77 55 1235 1119 1046 116 88 73 1018
internal_count=32003 2994 2961 1138 1823 175 1648 135 52 151 119 66 43 83 50 1108 64 1044 1016 971 756 685 659 215 619 597 564 45 182 162 134 68 40 528 264 62 202 148 128 108 264 54 1497 154 116 96 61 1343 29009 2770 71 190 1312 77 55 1235 1119 1046 116 88 73 1018
is_linear=0
shrinkage=0.05


Tree=92
num_leaves=63
num_cat=0
split_feature=10 25 32 35 11 28 21 4 32 36 36 12 34 34 23 35 6 34 34 40 36 13 32 35 36 21 36 36 6 40 33 33 35 36 29 13 36 35 40 36 36 32 32 35 32 33 32 38 33 36 33 34 36 36 36 36 34 36 40 34 28 5
split_gain=458779 492287 557783 447947 419654 475551 418795 449677 415285 398593 286095 318226 427947 436268 270180 663306 289087 276304 365296 253323 247389 244796 243358 232525 223216 311738 302971 216777 215328 327955 315234 273683 440996 212280 207325 205309 204933 322470 203053 224587 199381 190617 188495 331748 1.10758e+06 310647 265019 222027 412990 282270 309276 386942 266757 247287 437537 254832 213413 422559 363943 684438 403401 470079
threshold=1.0000000180025095e-35 1.0000000180025095e-35 456.35000000000008 598.1500000000002 1.0000000180025095e-35 1.0000000180025095e-35 1.0000000180025095e-35 1.0000000180025095e-35 460.75000000000006 311.45833333333337 113.11250000000003 1.0000000180025095e-35 403.55000000000007 329.50000000000006 1.0000000180025095e-35 1122.0000000000002 1.0000000180025095e-35 29.350000000000005 56.95000000000001 4.5000000000000009 453.55000000000007 1.0000000180025095e-35 358.65000000000003 1096.7500000000002 325.31250000000006 1.0000000180025095e-35 349.91250000000008 143.68333333333337 1.0000000180025095e-35 5.5000000000000009 373.85000000000008 96.15000000000002 578.35000000000025 275.04166666666669 1.0000000180025095e-35 1.0000000180025095e-35 200.11000000000004 327.35000000000008 2.5000000000000004 170.31000000000003 263.94166666666672 485.65000000000003 454.55000000000007 1069.4000000000003 478.05000000000007 83.050000000000011 442.25000000000006 1.0000000180025095e-35 75.15000000000002 221.96250000000003 166.15000000000001 116.7 271.14166666666677 228.87083333333337 232.25833333333335 225.27083333333334 378.85000000000008 244.65833333333336 4.5000000000000009 235.35000000000005 1.0000000180025095e-35 1.0000000180025095e-35
decision_type=2 2 2 2 2 2 2 2 2 2 2 2 2 2 2 2 2 2 2 2 2 2 2 2 2 2 2 2 2 2 2 2 2 2 2 2 2 2 2 2 2 2 2 2 2 2 2 2 2 2 2 2 2 2 2 2 2 2 2 2 2 2
left_child=1 14 4 -4 5 6 10 28 -5 38 -3 12 13 20 17 23 34 -1 19 -19 21 36 -13 27 25 33 -26 -16 29 40 31 32 -31 -10 -17 -29 37 -12 -6 -40 -8 -28 46 44 -44 -45 47 53 -49 -50 52 -52 -51 55 -55 -20 57 -56 59 -59 61 -60
right_child=-2 2 3 8 9 -7 7 -9 24 -11 11 22 -14 -15 15 16 -18 18 42 -21 -22 -23 -24 -25 26 -27 41 35 -30 30 -32 -33 -34 -35 -36 -37 -38 -39 39 -41 -42 -43 43 45 -46 -47 -48 48 49 50 51 -53 -54 54 56 -57 -58 58 60 -61 -62 -63
leaf_value=-0.027113311992464778 -0.61111141307114325 -1.8761988486419434 10.086009579613096 9.1930748033523564 -1.5388810970717008 -2.2111597075381062 1.1319796877529693 -4.0662765856583913 0.95919533252716072 8.1379986199839376 0.32246231970423506 4.0638761345545458 -5.8669468781043745 6.815255638122558 -0.82641420700641532 4.5242801825205481 -0.84729521274566655 -1.3327408464117485 -0.53046460370122295 -8.9204584872180757 3.214953136444092 2.5442956345804624 -1.8024885784495961 -4.0955178537676415 8.0391281967163088 3.0603466197848324 3.7140604692346915 0.34770424934962235 -1.8878073812558733 2.3385663427957675 9.9115140334419589 0.47324099553955928 10.764098690032959 -5.8371728746979326 -0.066180628743664968 2.4698885722238511 0.17065727737680231 -3.0712630743603055 -0.94103873564350993 3.9866165258072237 6.3297630596160888 -2.3446894872756232 3.8674636816156323 7.4646191793939343 -11.010115504264832 1.1494744786596673 -4.3441363461005187 1.5111140700164905 -0.44045337145990182 -3.4169988357772434 -7.0067450229735941 -1.4078253922348252 -10.519423264265061 7.3925772706667594 3.4728213843177347 -5.8914397094560709 1.797398350352333 -9.4343890905806003 5.4839890464146936 -0.19887931264461356 -4.3425194651849806 -3.4341702981428668
leaf_weight=21547 3010 160 21 20 36 176 238 30 20 29 141 90 29 25 378 162 40 22 612 22 63 89 22 31 25 40 34 1731 29 41 23 45 25 27 29 122 985 139 31 91 20 21 29 23 22 127 48 121 289 39 34 334 20 24 51 23 168 35 45 47 31 22
leaf_count=21547 3010 160 21 20 36 176 238 30 20 29 141 90 29 25 378 162 40 22 612 22 63 89 22 31 25 40 34 1731 29 41 23 45 25 27 29 122 985 139 31 91 20 21 29 23 22 127 48 121 289 39 34 334 20 24 51 23 168 35 45 47 31 22
internal_value=-0.0235685 0.0374291 0.671982 3.16192 0.469437 0.28951 0.49011 1.84815 2.38435 2.7498 0.138718 0.342374 0.14676 0.267701 -0.0294665 0.465696 3.01785 -0.0814757 -0.616826 -5.1266 0.152183 0.00967603 2.91155 0.205065 1.56893 -0.183976 3.47522 0.264822 2.26961 2.57717 4.58391 3.48 5.53006 -2.9451 3.8273 0.487427 -0.168649 -1.36228 1.76082 2.73451 1.53491 1.40072 -0.524275 0.93335 -2.55032 2.1178 -0.675064 -0.582127 -1.19061 -1.64719 -2.46392 -1.92512 -5.8246 -0.100747 0.835833 -0.724642 0.441442 -0.544707 -1.68301 -4.14087 0.373568 2.55564
internal_weight=32003 28993 2765 208 2557 2370 2194 451 187 187 1743 1583 1471 1442 26228 2493 231 23735 2188 44 1417 1354 112 2262 167 87 80 2231 421 392 134 111 66 47 191 1853 1265 280 158 122 258 55 2144 201 51 150 1943 1895 837 716 427 368 59 1058 423 635 399 231 180 82 98 67
internal_count=32003 28993 2765 208 2557 2370 2194 451 187 187 1743 1583 1471 1442 26228 2493 231 23735 2188 44 1417 1354 112 2262 167 87 80 2231 421 392 134 111 66 47 191 1853 1265 280 158 122 258 55 2144 201 51 150 1943 1895 837 716 427 368 59 1058 423 635 399 231 180 82 98 67
is_linear=0
shrinkage=0.05


Tree=93
num_leaves=63
num_cat=0
split_feature=9 27 31 32 38 31 31 32 35 31 31 33 33 35 35 31 33 32 33 33 33 35 35 8 36 32 33 33 33 36 35 34 34 35 31 32 31 32 36 36 32 35 32 32 35 40 32 31 31 32 40 32 40 31 2 11 34 35 34 32 33 13
split_gain=1.94166e+06 903363 910481 910842 667740 971644 983082 1.04063e+06 738475 680834 852048 863624 1.09824e+06 620989 624210 914068 506023 767382 863381 670187 463632 583616 830164 673961 952765 673452 614270 925076 875305 591173 859652 641675 942225 562968 556988 491541 1.2249e+06 2.24965e+06 690265 648114 877733 625608 570192 541794 476833 465093 453631 1.32436e+06 1.83944e+06 786814 1.28473e+06 615049 1.07094e+06 935635 426182 563522 406235 655745 457630 411747 387847 385661
threshold=1.0000000180025095e-35 1.0000000180025095e-35 316.35000000000008 482.05000000000007 1.0000000180025095e-35 64.65000000000002 138.15000000000001 272.55000000000007 1032.6500000000003 121.75000000000001 244.95000000000002 419.15000000000003 328.85000000000008 1044.7500000000002 902.1500000000002 221.95000000000002 436.05000000000007 164.25000000000003 469.35000000000008 407.65000000000003 367.75000000000006 967.45000000000016 873.85000000000014 1.0000000180025095e-35 175.51666666666668 446.55000000000007 249.45000000000002 116.25000000000001 18.550000000000004 284.0125000000001 1110.2000000000003 271.35000000000008 417.35000000000008 1044.7500000000002 386.75000000000006 60.750000000000007 444.75000000000006 187.75000000000003 251.61250000000004 266.78333333333336 205.15000000000001 474.4500000000001 257.15000000000003 2.3500000000000001 532.95000000000016 4.5000000000000009 418.85000000000008 77.15000000000002 144.45000000000002 448.55000000000007 3.5000000000000004 380.65000000000003 3.5000000000000004 209.75000000000003 1.0000000180025095e-35 1.0000000180025095e-35 320.75000000000006 902.1500000000002 9.2000000000000011 364.45000000000005 59.95000000000001 1.0000000180025095e-35
decision_type=2 2 2 2 2 2 2 2 2 2 2 2 2 2 2 2 2 2 2 2 2 2 2 2 2 2 2 2 2 2 2 2 2 2 2 2 2 2 2 2 2 2 2 2 2 2 2 2 2 2 2 2 2 2 2 2 2 2 2 2 2 2
left_child=54 2 4 16 8 -6 7 -7 46 -10 11 12 -11 14 15 -8 19 -18 -19 20 21 22 23 24 44 29 27 28 35 30 33 45 -33 -23 -22 43 38 -38 41 -40 -41 -37 -42 -26 -4 -31 51 -48 -49 -50 -51 56 -53 -54 -1 -56 58 -58 59 61 -24 -2
right_child=1 -3 3 -5 5 6 13 -9 9 10 -12 -13 -14 -15 -16 -17 17 18 -20 -21 34 25 60 -25 26 -27 -28 -29 -30 31 -32 32 -34 -35 -36 36 37 -39 39 40 42 -43 -44 -45 -46 -47 47 48 49 50 -52 52 53 -55 55 -57 57 -59 -60 -61 -62 -63
leaf_value=-0.21003726017266586 0.64100021991525591 -7.0370382641301008 15.244115960597993 10.987937970956168 -11.266618360698116 -2.1793079671405611 -8.9933353551228858 13.561388360886347 10.707679520547391 -4.5674317401388418 7.2135548808664653 -9.1195404716159985 11.452956380844117 3.0622358296598708 -12.989904076712472 3.5679371765681673 14.038989938389172 9.34681699926203 -5.0070678257942198 -5.7371123245784217 0.84646406650543227 -3.0905964928288618 2.661683261871338 -5.9012320298414966 2.248330426895718 -6.9960599402586627 10.027873542092063 -6.6163329384543674 9.2235565674610633 -5.6078646500905363 -9.4891630632536756 13.437108257838659 -0.77223138809204106 7.2337836224099865 12.041213394165041 3.2614042108709165 -19.533275277273997 0.67607248127460484 11.924405401945116 -7.3755651855468756 10.824473158518474 -7.8393055979410811 2.0857663918109171 9.9843991737365734 4.3258600854873661 3.8775588293958991 6.0954069617547493 -14.43767812953276 -6.4247687241610372 -5.758545544033959 10.730872571026838 11.850983148462632 -4.9000616289675243 8.6823366505759108 0.24195214750324323 2.9902104321255614 9.4081749022006989 -1.6600973212200665 -2.4783485934257508 -4.960914857925907 10.398822577103324 4.6469617677852515
leaf_weight=26218 981 33 20 30 26 21 30 21 32 23 53 23 20 28 21 28 22 22 20 28 20 31 25 26 239 33 22 33 39 24 28 28 20 23 25 22 21 40 20 20 24 30 84 25 20 28 38 34 34 21 27 34 32 21 2590 201 32 23 125 31 46 64
leaf_count=26218 981 33 20 30 26 21 30 21 32 23 53 23 20 28 21 28 22 22 20 28 20 31 25 26 239 33 22 33 39 24 28 28 20 23 25 22 21 40 20 20 24 30 84 25 20 28 38 34 34 21 27 34 32 21 2590 201 32 23 125 31 46 64
internal_value=-0.0223901 1.18989 1.28157 2.39128 0.588844 -2.34772 -0.791406 5.69104 0.900676 4.23326 2.49225 -1.29911 2.88391 -3.33592 -5.60362 -2.92927 2.15852 6.47416 2.51163 1.89396 2.10426 1.87433 2.52803 1.99461 2.30613 -0.424282 1.82284 1.52048 1.99657 0.767304 -2.37961 3.34777 7.51655 1.30682 7.06577 1.45971 -0.078987 -6.28124 1.8127 3.55384 2.24594 -3.14285 4.0277 2.98091 9.78499 -0.500329 0.564523 -2.0058 -4.65965 -0.605342 3.51675 0.859259 4.92483 0.481643 -0.147508 0.439874 0.577647 4.77962 0.385216 0.71788 7.67448 0.886341
internal_weight=32003 2994 2961 1138 1823 175 149 42 1648 151 119 66 43 107 79 58 1108 64 42 1044 1016 971 756 685 659 215 619 597 564 182 82 100 48 54 45 525 261 61 200 148 128 52 108 264 40 52 1497 154 116 82 48 1343 87 53 29009 2791 1256 55 1201 1076 71 1045
internal_count=32003 2994 2961 1138 1823 175 149 42 1648 151 119 66 43 107 79 58 1108 64 42 1044 1016 971 756 685 659 215 619 597 564 182 82 100 48 54 45 525 261 61 200 148 128 52 108 264 40 52 1497 154 116 82 48 1343 87 53 29009 2791 1256 55 1201 1076 71 1045
is_linear=0
shrinkage=0.05


Tree=94
num_leaves=63
num_cat=0
split_feature=9 27 31 32 38 31 31 32 35 31 32 33 33 35 35 31 33 39 33 32 31 33 31 36 32 33 36 36 33 36 35 31 7 11 36 36 36 32 40 13 32 36 36 32 33 35 2 11 33 22 36 36 36 31 39 31 10 31 31 31 36 32
split_gain=1.75235e+06 815285 821709 822035 602635 876909 887231 939170 666474 614452 824119 693953 582664 560443 563349 824946 456686 772559 604844 454660 448766 1.08202e+06 574871 1.89944e+06 1.4621e+06 1.37723e+06 645019 714124 590126 599815 583934 923995 429833 441338 455648 420793 1.55497e+06 1.28125e+06 693000 1.59039e+06 1.00968e+06 668099 666876 625572 611849 502153 415291 392205 574504 516412 478927 875793 666783 484547 468651 1.21434e+06 887724 656426 537454 425334 1.59161e+06 387297
threshold=1.0000000180025095e-35 1.0000000180025095e-35 316.35000000000008 482.05000000000007 1.0000000180025095e-35 64.65000000000002 138.15000000000001 272.55000000000007 1032.6500000000003 121.75000000000001 470.75000000000006 419.15000000000003 324.85000000000008 1044.7500000000002 902.1500000000002 221.95000000000002 436.05000000000007 1.0000000180025095e-35 407.65000000000003 487.75000000000006 302.05000000000007 4.4500000000000011 195.85000000000005 249.34500000000003 434.75000000000006 427.15000000000003 265.25500000000005 294.5125000000001 385.45000000000005 235.65833333333336 765.35000000000002 240.95000000000002 1.0000000180025095e-35 1.0000000180025095e-35 367.51666666666671 237.71000000000006 250.51000000000002 125.55000000000001 3.5000000000000004 1.0000000180025095e-35 67.450000000000017 224.28750000000005 255.47083333333339 77.250000000000014 62.350000000000001 812.6500000000002 1.0000000180025095e-35 1.0000000180025095e-35 205.35000000000005 1.0000000180025095e-35 261.05833333333339 268.21666666666675 284.0125000000001 390.65000000000003 1.0000000180025095e-35 468.85000000000008 1.0000000180025095e-35 481.05000000000007 384.75000000000006 448.25000000000006 373.58333333333343 340.25000000000006
decision_type=2 2 2 2 2 2 2 2 2 2 2 2 2 2 2 2 2 2 2 2 2 2 2 2 2 2 2 2 2 2 2 2 2 2 2 2 2 2 2 2 2 2 2 2 2 2 2 2 2 2 2 2 2 2 2 2 2 2 2 2 2 2
left_child=32 2 4 16 8 -6 7 -7 19 -10 11 12 -11 14 15 -8 18 -18 35 20 22 -22 23 25 30 28 -25 -28 29 -2 -24 -32 -1 46 -35 38 37 -37 43 40 -40 44 -38 -4 -42 -45 -34 49 -49 50 -44 -52 53 -53 56 58 57 59 -56 -54 -61 -33
right_child=1 -3 3 -5 5 6 13 -9 9 10 -12 -13 -14 -15 -16 -17 17 -19 -20 -21 21 -23 24 26 -26 -27 27 -29 -30 -31 31 61 33 34 -36 36 42 -39 39 -41 41 -43 47 45 -46 -47 -48 48 -50 -51 51 52 54 -55 55 -57 -58 -59 -60 60 -62 -63
leaf_value=-0.20266743415985355 0.38068608368908635 -6.685186325420033 1.5688389692987714 10.438541232744853 -10.703287546451277 -2.0703427133106049 -8.5436687723795579 12.88331912358602 10.172295260429383 -0.91965652318561786 10.868498279737389 -5.4096112104023213 8.8202842405864175 2.9091240899903434 -12.340408765702021 3.3895402772086012 1.305678571595086 12.379451574810915 -5.4502566644123629 -6.2902043978373214 1.5921267550042337 -10.689245977072881 0.79794374316021688 -13.412590267040111 13.788940873512855 11.546424773643757 0.083657767965986923 -11.643114967346193 -7.1058478775024412 6.7421243181595436 11.883543869582091 -4.0990748303277149 0.083635875959576014 1.8756010630199413 9.5030318000099889 2.4119550943374635 10.228824321428936 -14.1576740196773 12.25442619981437 -10.210406118613143 2.2240475409371512 7.8411485106856738 -5.7961242580413819 15.235516199572334 -8.7388261318206784 5.4581639607747405 2.374412562035852 -7.6278070715757522 3.491281701269604 9.978260688781738 11.431896835565567 -9.416257876441593 2.4117436259037648 -0.037115343958139417 3.7754965902037094 -4.9479270458221443 -6.5235223174095154 8.6719133377075206 11.420532905294541 -12.192129676818849 2.8997358067282315 5.6230059862136841
leaf_weight=26239 743 33 28 30 26 21 30 21 32 34 23 34 28 28 21 28 36 28 28 24 47 29 377 27 26 29 37 20 25 39 33 21 2354 178 22 20 24 28 29 23 35 27 20 29 20 24 216 26 21 20 24 21 291 40 45 24 32 35 47 25 58 20
leaf_count=26239 743 33 28 30 26 21 30 21 32 34 23 34 28 28 21 28 36 28 28 24 47 29 377 27 26 29 37 20 25 39 33 21 2354 178 22 20 24 28 29 23 35 27 20 29 20 24 216 26 21 20 24 21 291 40 45 24 32 35 47 25 58 20
internal_value=-0.0212706 1.13039 1.2175 2.27172 0.559402 -2.23034 -0.751836 5.40649 0.855642 4.0216 2.36763 0.330967 3.47903 -3.16912 -5.32344 -2.78281 2.05059 6.15045 1.79926 0.536297 0.647523 -3.09419 0.851081 0.120745 2.25969 0.8409 -7.04651 -4.031 0.456191 0.697945 1.59504 5.6559 -0.140133 0.452229 2.71462 1.99905 1.47187 -7.25366 3.96311 1.75608 4.23563 1.39971 2.02808 7.61424 -1.76245 10.808 0.276168 1.7581 -2.6597 2.06255 1.8234 2.06077 1.69684 -3.266 2.24035 5.06821 1.49651 2.124 7.68111 1.51123 -1.64601 0.643404
internal_weight=32003 2994 2961 1138 1823 175 149 42 1648 151 119 96 62 107 79 58 1108 64 1044 1497 1473 76 1397 920 477 836 84 57 807 782 451 74 29009 2770 200 1016 801 48 215 134 111 82 753 81 55 53 2570 729 47 682 662 642 618 61 557 116 441 409 92 374 83 41
internal_count=32003 2994 2961 1138 1823 175 149 42 1648 151 119 96 62 107 79 58 1108 64 1044 1497 1473 76 1397 920 477 836 84 57 807 782 451 74 29009 2770 200 1016 801 48 215 134 111 82 753 81 55 53 2570 729 47 682 662 642 618 61 557 116 441 409 92 374 83 41
is_linear=0
shrinkage=0.05


Tree=95
num_leaves=63
num_cat=0
split_feature=9 32 33 35 4 21 32 33 36 35 40 34 36 34 32 32 40 36 32 32 28 25 32 32 23 21 33 32 33 36 33 34 36 35 36 32 32 32 36 35 39 35 36 40 36 36 35 2 25 33 36 32 32 36 32 24 40 34 34 39 33 35
split_gain=2.17078e+06 915960 929453 1.03633e+06 699669 1.07946e+06 766785 1.81262e+06 641030 638084 1.55038e+06 1.12734e+06 2.11736e+06 814749 1.11921e+06 644974 1.38071e+06 832616 604289 666033 1.17566e+06 1.39927e+06 1.06573e+06 753769 708774 602118 906739 656230 1.1696e+06 1.06137e+06 694562 598148 895937 711083 570956 532622 550895 503925 484437 745930 508050 479929 460695 421077 419432 405036 400612 397148 515982 412792 388250 377397 1.54784e+06 2.49873e+06 1.49524e+06 510506 496329 491988 475769 474721 936715 343461
threshold=1.0000000180025095e-35 384.95000000000005 461.35000000000008 563.1500000000002 1.0000000180025095e-35 1.0000000180025095e-35 217.05000000000004 285.35000000000008 200.11000000000004 1225.1500000000003 4.5000000000000009 399.90000000000003 269.82916666666671 324.25000000000006 211.05000000000004 356.45000000000005 2.5000000000000004 318.92500000000001 495.05000000000007 433.05000000000007 1.0000000180025095e-35 1.0000000180025095e-35 440.45000000000005 428.85000000000008 1.0000000180025095e-35 1.0000000180025095e-35 476.05000000000007 310.15000000000003 159.55000000000004 298.01666666666671 4.8500000000000005 275.80000000000001 342.98333333333341 1032.6500000000003 204.51666666666668 29.850000000000005 77.250000000000014 333.65000000000003 331.81666666666672 1096.7500000000002 1.0000000180025095e-35 506.35000000000008 289.95500000000004 4.5000000000000009 298.01666666666671 298.01666666666671 909.35000000000014 1.0000000180025095e-35 1.0000000180025095e-35 27.550000000000004 376.6375000000001 56.050000000000004 81.350000000000009 210.21250000000001 25.450000000000003 1.0000000180025095e-35 3.5000000000000004 204.35000000000005 97.300000000000026 1.0000000180025095e-35 75.15000000000002 679.95000000000016
decision_type=2 2 2 2 2 2 2 2 2 2 2 2 2 2 2 2 2 2 2 2 2 2 2 2 2 2 2 2 2 2 2 2 2 2 2 2 2 2 2 2 2 2 2 2 2 2 2 2 2 2 2 2 2 2 2 2 2 2 2 2 2 2
left_child=47 4 3 -3 9 6 7 41 -5 11 -11 13 34 15 -15 25 -17 -18 19 23 21 22 -21 24 38 26 27 42 30 -30 37 32 33 44 -13 43 -37 -29 39 40 -10 -6 51 -27 -24 -44 -40 49 -49 -1 -34 54 53 56 59 57 -53 58 -54 60 -2 -57
right_child=1 2 -4 8 5 -7 -8 -9 18 10 -12 12 -14 14 -16 16 17 -19 -20 20 -22 -23 31 -25 -26 35 -28 28 29 -31 -32 -33 50 -35 -36 36 -38 -39 46 -41 -42 -43 45 -45 -46 -47 -48 48 -50 -51 -52 52 55 -55 -56 61 -58 -59 -60 -61 -62 -63
leaf_value=-0.076346500116643998 0.50702356376062485 10.15458490280878 11.784743585257695 -4.4481910255220205 3.0273170969702985 -11.016684288814151 -3.7793971697489419 15.659742128281366 2.228476196408272 -3.1389272705234332 11.892326552527292 -5.7116670608520508 -17.339456713199617 13.961316384940313 0.49760527032794377 6.6006310736903773 -10.805235105090672 1.455819492340088 10.377675740615182 -5.5812230785687769 -8.1155166053771985 -9.6696221947669994 10.526973369614831 13.46805950164795 -4.7605435212453209 10.311239161491395 -9.5581456865583156 9.0262230060039439 -7.706660378363825 6.8517610373951143 15.809279518127443 -2.0385823590414867 -2.4039647165934248 17.332223493402655 5.2696727292291055 -5.1879697442054749 2.7555554079811606 0.48561787451467203 3.7711172181627028 -4.4253706029483251 10.958162995338441 -7.4165661031549632 7.5159445916452716 2.7429617937873392 1.3716064799915662 1.5629255413743732 12.830094605225785 0.23601932530244524 2.7584479240937672 -0.53177872092790179 5.1618801591488035 4.4941843032836912 -0.35348747974687633 -22.20043193272182 11.576986369490625 8.4613253346804917 -5.8187259708132064 6.0774742875780383 -7.1886547017980504 7.451963762803512 -10.629299049377442 0.27955109567745873
leaf_weight=19574 338 42 29 36 22 29 78 21 50 29 42 20 24 29 33 26 45 20 23 30 35 24 29 20 24 40 21 39 31 21 20 28 30 22 29 24 241 31 23 28 25 22 31 34 22 365 26 2584 220 6671 39 20 446 21 32 29 28 28 27 22 20 23
leaf_count=19574 338 42 29 36 22 29 78 21 50 29 42 20 24 29 33 26 45 20 23 30 35 24 29 20 24 40 21 39 31 21 20 28 30 22 29 24 241 31 23 28 25 22 31 34 22 365 26 2584 220 6671 39 20 446 21 32 29 28 28 27 22 20 23
internal_value=0.00028096 1.28405 3.05816 2.603 0.851789 -2.22085 -0.437076 3.57371 1.98594 1.08889 5.7528 0.935441 -5.17205 1.14928 6.79515 0.976244 -3.13739 -7.0326 2.47052 2.07082 0.406679 1.73827 3.10722 4.26987 3.22462 1.17 0.762811 0.900686 4.14256 -1.8273 7.5918 4.64047 5.95747 9.81872 0.787493 3.08344 2.03614 5.24396 4.48543 2.53852 5.13837 -2.19462 0.578766 6.83392 6.5776 2.02894 8.57792 -0.13168 0.433927 -0.192109 1.87238 0.0233785 -0.754054 -7.81521 1.19707 0.126995 -1.52168 -0.362435 -0.743656 0.322977 -0.115117 4.84246
internal_weight=32035 2986 585 556 2401 172 143 65 514 2229 71 2158 73 2085 62 2023 91 65 478 455 259 224 200 196 176 1932 1593 1572 142 52 90 170 142 73 49 339 265 70 152 103 75 44 1430 74 51 396 49 29049 2804 26245 69 1034 622 69 412 553 48 501 473 380 358 52
internal_count=32035 2986 585 556 2401 172 143 65 514 2229 71 2158 73 2085 62 2023 91 65 478 455 259 224 200 196 176 1932 1593 1572 142 52 90 170 142 73 49 339 265 70 152 103 75 44 1430 74 51 396 49 29049 2804 26245 69 1034 622 69 412 553 48 501 473 380 358 52
is_linear=0
shrinkage=0.05


Tree=96
num_leaves=63
num_cat=0
split_feature=9 32 31 32 36 32 40 36 36 32 36 35 36 31 32 31 35 32 32 34 1 34 36 32 32 36 31 40 36 32 34 32 31 31 32 32 32 35 35 35 31 31 34 32 36 35 31 31 36 11 37 32 31 38 31 36 35 31 40 34 32 36
split_gain=1.95913e+06 826654 943263 1.1835e+06 1.08305e+06 1.01378e+06 896542 2.54538e+06 1.22892e+06 1.21724e+06 1.23744e+06 1.08946e+06 1.07376e+06 689065 637497 1.14691e+06 613480 552161 518649 621007 481911 462744 431830 478351 1.69407e+06 1.73692e+06 1.2299e+06 643925 530912 963680 767095 721155 886723 668782 654646 710833 425007 424617 409996 407750 1.01587e+06 650277 662335 622393 398990 380691 988490 929382 812657 791692 939674 660232 570739 570491 1.93612e+06 895096 678725 1.13342e+06 644267 468174 383988 381199
threshold=1.0000000180025095e-35 384.95000000000005 77.15000000000002 460.75000000000006 200.11000000000004 433.05000000000007 3.5000000000000004 286.95833333333343 345.05000000000013 450.65000000000003 298.01666666666671 1055.7500000000002 382.3250000000001 148.65000000000001 356.45000000000005 150.65000000000001 867.25000000000011 352.45000000000005 426.95000000000005 26.150000000000002 1.0000000180025095e-35 2.0500000000000003 76.050000000000026 60.750000000000007 83.450000000000017 241.15833333333336 89.550000000000011 3.5000000000000004 284.0125000000001 198.15000000000001 413.35000000000008 261.45000000000005 416.15000000000003 345.95000000000005 179.45000000000002 154.35000000000005 418.85000000000008 527.55000000000007 717.95000000000016 458.85000000000008 199.85000000000005 337.75000000000006 29.350000000000005 12.050000000000002 352.12500000000006 685.05000000000007 60.550000000000004 390.65000000000003 225.27083333333334 1.0000000180025095e-35 3.5000000000000004 312.15000000000003 357.45000000000005 1.0000000180025095e-35 308.35000000000008 181.62666666666669 940.45000000000016 339.55000000000007 5.5000000000000009 314.60000000000008 328.05000000000007 205.71666666666673
decision_type=2 2 2 2 2 2 2 2 2 2 2 2 2 2 2 2 2 2 2 2 2 2 2 2 2 2 2 2 2 2 2 2 2 2 2 2 2 2 2 2 2 2 2 2 2 2 2 2 2 2 2 2 2 2 2 2 2 2 2 2 2 2
left_child=-1 14 3 36 -4 13 7 -7 -9 16 -11 44 -10 -6 17 -16 -8 20 19 38 22 -17 -2 26 25 27 -24 -25 30 34 45 32 33 -31 35 -30 -3 -29 -15 -28 -41 -42 43 -43 -12 47 -47 51 -49 50 -48 52 -26 55 -55 -52 57 61 59 -58 -53 -57
right_child=1 2 4 -5 5 6 9 8 12 10 11 -13 -14 18 15 21 -18 -19 -20 -21 -22 -23 23 24 28 -27 39 37 29 31 -32 -33 -34 -35 -36 -37 -38 -39 -40 40 41 42 -44 -45 -46 46 49 48 -50 -51 53 60 -54 54 -56 56 58 -59 -60 -61 -62 -63
leaf_value=-0.12509591481482313 -2.8129262397686645 8.4441814327878628 -7.1179392369588221 17.21592917442322 13.580058951999831 -14.15657492315068 3.8020546686649328 12.006417846679689 -9.3858116865158081 14.31265896520307 -6.6552630106608079 9.2069693069708975 6.3008334445953373 -0.59327777515758162 -10.842316699028016 2.713772881428401 -7.1198426485061646 8.2424735912909881 10.864897001706638 -1.6043721691421842 -5.6045672995703564 -4.891686430374782 11.880470673115024 2.9880693840258052 0.81869253572235756 -18.844851593971253 1.0675560994932674 -2.1818353455642177 10.003810985271748 -6.2718447892367841 -6.1910148341481284 3.184036726136751 -11.819538283348084 5.6993890966687886 14.739265743891398 -2.5342723083496095 -0.1211111605167389 -11.651895294189453 7.1463613667077839 -6.1757222782481804 12.355892011854385 3.4089595437049867 -2.9695865835462296 12.739607342084248 2.0600740876691095 -10.290042281150818 -3.4320450104862807 16.063151893615721 1.80958309173584 -6.580899715423584 10.060395572735715 10.310802027157376 -7.4217874700372874 -1.6647466440995533 19.399291124343875 -3.7114962794563988 2.0424792889186314 -13.396358476366316 -4.2948295289819889 11.109405008951825 2.1018425809926002 5.8262201380729683
leaf_weight=29049 72 28 30 24 23 34 20 23 24 31 24 38 20 22 32 60 36 26 26 46 28 30 31 33 468 20 566 29 26 20 41 158 20 28 24 20 30 20 77 22 27 70 28 24 29 24 83 20 20 38 26 28 22 24 20 22 35 21 22 24 29 20
leaf_count=29049 72 28 30 24 23 34 20 23 24 31 24 38 20 22 32 60 36 26 26 46 28 30 31 33 468 20 566 29 26 20 41 158 20 28 24 20 30 20 77 22 27 70 28 24 29 24 83 20 20 38 26 28 22 24 20 22 35 21 22 24 29 20
internal_value=0.000266916 1.21985 2.90526 7.87788 2.09461 2.67891 0.748678 -3.01405 2.64037 2.88371 5.68503 2.74594 -2.25552 5.45487 0.809199 -2.71212 -3.21917 0.997703 4.36201 3.19598 0.914098 0.17862 0.99613 1.12351 0.568532 -5.63335 2.12435 -2.41103 1.06159 2.91888 0.504589 1.33112 -2.97419 0.711375 8.04509 4.55247 4.01386 -6.04717 5.42644 1.71399 3.85364 5.33449 3.78057 5.79125 -1.88649 0.794779 -0.487795 1.57918 8.93637 0.214455 1.08389 1.04118 0.448712 2.8354 7.90982 1.52203 -0.0196236 -3.91194 3.00773 5.73072 6.13431 0.830273
internal_weight=32035 2986 585 82 503 473 279 101 67 178 122 91 44 194 2401 122 56 2279 171 145 2253 90 2225 2153 1385 102 768 82 1283 296 987 226 68 48 70 46 58 49 99 737 171 149 122 94 53 946 359 587 40 335 297 547 490 214 44 170 144 63 81 59 57 42
internal_count=32035 2986 585 82 503 473 279 101 67 178 122 91 44 194 2401 122 56 2279 171 145 2253 90 2225 2153 1385 102 768 82 1283 296 987 226 68 48 70 46 58 49 99 737 171 149 122 94 53 946 359 587 40 335 297 547 490 214 44 170 144 63 81 59 57 42
is_linear=0
shrinkage=0.05


Tree=97
num_leaves=63
num_cat=0
split_feature=9 33 34 33 6 33 34 17 16 32 35 32 33 35 34 34 34 32 18 34 35 32 32 35 32 33 32 29 34 34 32 40 35 22 34 33 33 33 35 21 33 33 40 38 35 35 18 35 33 32 35 35 34 18 23 11 32 32 40 32 33 35
split_gain=1.76812e+06 825060 944354 930990 919293 718943 961236 674668 626660 537197 829931 813372 804949 731237 589058 1.26462e+06 1.17443e+06 1.10293e+06 1.0926e+06 1.08043e+06 589081 593881 989718 442188 424874 684469 509050 486061 1.31263e+06 756110 652642 847343 838062 484793 629615 415873 448404 754607 483055 941546 1.14794e+06 851725 677394 651103 540413 1.17699e+06 535632 470293 406539 390211 668255 364733 369285 358950 452118 671227 358621 514418 479217 608168 373147 434950
threshold=1.0000000180025095e-35 439.35000000000008 441.85000000000008 203.35000000000005 1.0000000180025095e-35 483.85000000000008 262.45000000000005 1.0000000180025095e-35 1.0000000180025095e-35 384.95000000000005 563.1500000000002 356.45000000000005 277.85000000000008 563.1500000000002 160.00000000000003 26.150000000000002 275.80000000000001 442.25000000000006 1.0000000180025095e-35 354.95000000000005 639.85000000000014 468.75000000000006 478.05000000000007 818.95000000000016 308.35000000000008 159.55000000000004 328.05000000000007 1.0000000180025095e-35 335.05000000000001 389.75000000000006 127.55000000000001 2.5000000000000004 759.00000000000011 1.0000000180025095e-35 290.2000000000001 423.05000000000007 399.55000000000007 367.75000000000006 634.05000000000007 1.0000000180025095e-35 134.25000000000003 11.65 5.5000000000000009 1.0000000180025095e-35 582.6500000000002 602.95000000000016 1.0000000180025095e-35 845.95000000000016 451.15000000000003 337.95000000000005 629.1500000000002 257.45000000000005 29.350000000000005 1.0000000180025095e-35 1.0000000180025095e-35 1.0000000180025095e-35 125.55000000000001 3.2500000000000004 3.5000000000000004 150.05000000000004 75.15000000000002 423.15000000000009
decision_type=2 2 2 2 2 2 2 2 2 2 2 2 2 2 2 2 2 2 2 2 2 2 2 2 2 2 2 2 2 2 2 2 2 2 2 2 2 2 2 2 2 2 2 2 2 2 2 2 2 2 2 2 2 2 2 2 2 2 2 2 2 2
left_child=53 2 7 -4 5 6 23 8 9 11 -11 24 13 -13 15 18 -16 -17 20 -18 -12 -22 -23 -3 27 26 -26 28 33 -30 -29 -32 -33 34 35 36 37 38 43 40 41 -40 -42 44 46 -46 51 -41 -25 -28 -51 -2 56 54 -1 -56 57 -53 -58 -60 61 -59
right_child=1 4 3 -5 -6 -7 -8 -9 -10 10 14 12 -14 -15 16 17 19 -19 -20 -21 21 22 -24 48 25 -27 49 30 29 -31 31 32 -34 -35 -36 -37 -38 -39 39 47 42 -43 -44 -45 45 -47 -48 -49 -50 50 -52 52 -54 -55 55 -57 58 60 59 -61 -62 -63
leaf_value=-0.12837993019326535 -0.20549616658557662 3.8653760274251305 -9.9414303975227565 1.2914753328050885 -4.7489936629931133 -0.38575470898602465 0.37555796118343582 7.7116165488566226 -6.4386275223323288 9.267892606485459 -3.3555412054061891 -9.5119445800781257 -11.845867380888567 1.5276594273249309 11.964245762228966 0.95732708692550661 -8.1882118906293595 -15.647877535820008 -5.936968959475819 6.5003427720838971 5.2734556284317611 -8.8769986282695434 3.7385797815502815 6.8625701586405441 8.9556774377822883 -0.29337573051452637 -2.4467545547485354 -7.5949599719047542 13.283473980426789 2.8520235146346846 8.3192806803661838 2.3210974208770261 -10.124129827817281 7.4017857111417333 -7.0516125131536418 7.8128454589843761 -5.6025415190334975 9.1189252743354228 -2.5160619463239398 6.6367536241357987 2.0927072570091343 -14.372345944606899 -5.7158334595816482 -5.7940611485072546 13.32281972340175 0.024081051058885528 -4.4823252783881298 -2.0644017378489177 14.890171666767287 11.946280624752953 0.053860210489343724 1.5864926635696577 -4.3772500594456991 -0.65121798015579646 0.33424366493800417 3.3266986020055471 -2.9746945545673373 3.8578302357345819 -5.8250360228798606 3.1400265686600299 1.0036205762770118 10.117344270433698
leaf_weight=23688 367 21 39 35 24 37 34 38 28 42 32 20 23 60 40 20 21 20 38 31 195 22 53 24 56 91 25 40 32 38 23 31 24 26 27 20 29 26 28 44 82 33 42 35 28 41 45 24 46 21 27 328 24 2855 2302 204 75 64 22 135 41 49
leaf_count=23688 367 21 39 35 24 37 34 38 28 42 32 20 23 60 40 20 21 20 38 31 195 22 53 24 56 91 25 40 32 38 23 31 24 26 27 20 29 26 28 44 82 33 42 35 28 41 45 24 46 21 27 328 24 2855 2302 204 75 64 22 135 41 49
internal_value=0.000253568 1.15885 0.944641 -4.62857 4.38356 5.73653 7.54873 1.09593 1.00241 1.08073 2.53261 0.732987 -3.60227 -1.23224 1.93328 1.06416 5.52313 -7.34528 2.05351 0.568426 3.05893 3.81917 0.0380101 10.2288 0.951553 3.02717 5.36958 0.701067 0.915851 7.62069 -2.40237 0.260492 -3.10955 0.628794 0.519348 0.648562 0.55683 0.673347 0.527637 -1.46533 -3.3146 -8.93012 -0.552121 0.929727 1.12278 5.42067 0.864908 3.56576 12.1379 2.61859 5.25679 1.08267 1.72326 -0.118841 -0.060815 0.577843 1.92832 2.70574 0.31315 1.88378 5.08961 6.57213
internal_weight=32035 2986 2800 74 186 162 125 2726 2688 2660 514 2146 103 80 472 380 92 40 340 52 302 270 75 91 2043 220 129 1823 1705 70 118 78 55 1635 1609 1582 1562 1533 1507 253 185 61 124 1254 1219 69 1150 68 70 73 48 1105 738 29049 26194 2506 714 482 232 157 154 113
internal_count=32035 2986 2800 74 186 162 125 2726 2688 2660 514 2146 103 80 472 380 92 40 340 52 302 270 75 91 2043 220 129 1823 1705 70 118 78 55 1635 1609 1582 1562 1533 1507 253 185 61 124 1254 1219 69 1150 68 70 73 48 1105 738 29049 26194 2506 714 482 232 157 154 113
is_linear=0
shrinkage=0.05


Tree=98
num_leaves=63
num_cat=0
split_feature=9 33 34 33 32 35 35 33 4 31 34 34 33 33 34 40 33 39 18 31 35 40 34 36 35 35 18 33 33 36 31 36 31 36 40 34 34 34 34 36 36 40 36 36 35 35 31 32 31 35 32 29 25 21 36 13 12 35 36 32 36 11
split_gain=1.59573e+06 744617 852280 840219 656243 1.01021e+06 1.34088e+06 1.2355e+06 617233 951137 855578 1.2973e+06 1.48328e+06 1.01479e+06 947884 827502 827004 840611 763580 1.13639e+06 971105 1.20284e+06 851038 787062 975653 880455 730624 712504 691132 1.49004e+06 637363 621040 912530 642625 606942 559560 511701 483720 935168 476677 782341 447236 365756 725295 650195 596460 387810 373637 364352 345622 349075 342797 402800 475151 478976 434607 466720 427021 353523 329032 313808 305126
threshold=1.0000000180025095e-35 439.35000000000008 441.85000000000008 203.35000000000005 326.15000000000003 753.45000000000016 1170.4500000000003 461.35000000000008 1.0000000180025095e-35 440.85000000000008 235.35000000000005 29.350000000000005 387.50000000000006 183.15000000000001 386.35000000000008 5.5000000000000009 96.15000000000002 1.0000000180025095e-35 1.0000000180025095e-35 414.45000000000005 873.85000000000014 1.0000000180025095e-35 2.0500000000000003 300.81666666666672 639.85000000000014 482.65000000000009 1.0000000180025095e-35 295.15000000000003 134.25000000000003 185.05833333333337 154.75000000000003 229.91666666666669 113.05000000000001 340.75000000000006 4.5000000000000009 130.55000000000004 51.45000000000001 155.75000000000003 199.35000000000005 285.45833333333337 251.61250000000004 4.5000000000000009 178.11250000000004 183.88333333333335 532.95000000000016 592.85000000000014 240.95000000000002 111.45000000000002 19.150000000000002 916.25000000000011 468.75000000000006 1.0000000180025095e-35 1.0000000180025095e-35 1.0000000180025095e-35 302.3633333333334 1.0000000180025095e-35 1.0000000180025095e-35 1008.7500000000001 233.41666666666669 456.35000000000008 153.21000000000004 1.0000000180025095e-35
decision_type=2 2 2 2 2 2 2 2 2 2 2 2 2 2 2 2 2 2 2 2 2 2 2 2 2 2 2 2 2 2 2 2 2 2 2 2 2 2 2 2 2 2 2 2 2 2 2 2 2 2 2 2 2 2 2 2 2 2 2 2 2 2
left_child=51 2 8 -4 5 -3 7 -7 10 31 11 18 15 16 39 26 17 -12 20 23 22 27 42 24 25 -20 28 -22 29 -13 -16 32 -10 34 -33 -6 -34 -30 -39 40 -15 -9 45 44 -44 46 -2 60 -45 -23 -51 52 -1 54 55 56 57 61 -58 -55 -48 -54
right_child=1 4 3 -5 35 6 -8 41 9 -11 13 12 -14 14 30 -17 -18 -19 19 -21 21 49 -24 -25 -26 -27 -28 -29 37 -31 -32 33 36 -35 -36 -37 -38 38 -40 -41 -42 -43 43 48 -46 -47 47 -49 -50 50 -52 -53 53 59 -56 -57 58 -59 -60 -61 -62 -63
leaf_value=-0.12179254867715404 -0.10100423968692579 12.355528984069824 -9.4443587034176559 1.2269012955256873 13.114537205234653 3.4824154747856988 9.6728805683277272 -4.1151633126395089 3.5443355613284639 -11.218799792165342 9.8905715711189046 -1.7509979705810548 -15.031705986369742 5.7260898828506477 -11.410749950408936 3.9287565465326666 13.57339789806268 -1.5756339328904305 -6.1812341980312189 -13.338508152961731 19.244237388372422 7.810045715740749 10.194465851783754 7.4167730865478525 -9.9287442620595314 6.644018375873566 4.2325316319098842 6.3403966903686531 -7.0828399249485559 -20.061060333251955 0.79371537747590448 9.298239364624024 -2.9940437545776368 -5.0504866890285331 0.22853366167117387 3.6144551507888303 -13.327955088408098 8.5659241936423562 -6.1853029024033326 8.4987357474662168 -5.5491240005493161 -14.562505083084108 1.3995389895005661 7.6990735270760284 13.185343887329104 -6.7141671288398008 2.861260681152344 -1.2380927500517473 1.2002455107653582 2.9032078802585604 -4.213469945816767 -0.6478285561945516 -1.0735396136637163 1.4135515958272904 1.2937174574823249 2.1312365604104935 0.54224070220623377 -5.0496477467673166 6.2770505534278023 5.4487820911088161 11.26404770255089 2.0784996176049826
leaf_weight=23783 457 20 39 35 31 36 27 21 27 23 33 25 22 40 20 54 39 31 23 20 20 28 26 25 30 32 26 23 28 20 23 35 25 23 39 31 23 22 21 37 25 20 22 22 25 31 25 23 1096 96 21 2715 893 516 643 154 106 63 36 56 20 84
leaf_count=23783 457 20 39 35 31 36 27 21 27 23 33 25 22 40 20 54 39 31 23 20 20 28 26 25 30 32 26 23 28 20 23 35 25 23 39 31 23 22 21 37 25 20 22 22 25 31 25 23 1096 96 21 2715 893 516 643 154 106 63 36 56 20 84
internal_value=0.000240889 1.10091 0.897409 -4.39714 4.16438 2.06433 0.0852519 -3.27664 1.04114 -1.66943 1.24997 0.946981 -2.72136 4.03918 1.34351 -1.33958 7.83405 4.33663 1.33424 -2.37518 1.58346 4.99798 1.21601 -0.381844 -2.67555 1.28073 -3.34303 12.3422 -5.04101 -9.8888 -4.88278 -0.392483 -3.80929 2.24938 4.51826 8.3645 -7.94571 -1.96846 1.36184 3.96832 1.38947 -9.21143 1.08037 1.58392 7.66858 0.0252486 0.423195 3.94612 1.32813 2.82004 1.62586 -0.112899 -0.0577486 0.539334 0.17247 -0.367173 -0.692685 -1.05981 1.99614 1.80861 6.59583 -0.802535
internal_weight=32035 2986 2800 74 186 124 104 77 2726 195 2531 2283 218 248 145 196 103 64 2065 130 1935 188 1747 110 85 55 142 43 116 45 43 172 75 97 74 62 48 71 43 102 65 41 1721 1165 47 556 525 68 1118 145 117 29049 26334 2551 1979 1336 1182 1040 142 572 45 977
internal_count=32035 2986 2800 74 186 124 104 77 2726 195 2531 2283 218 248 145 196 103 64 2065 130 1935 188 1747 110 85 55 142 43 116 45 43 172 75 97 74 62 48 71 43 102 65 41 1721 1165 47 556 525 68 1118 145 117 29049 26334 2551 1979 1336 1182 1040 142 572 45 977
is_linear=0
shrinkage=0.05


Tree=99
num_leaves=63
num_cat=0
split_feature=29 2 33 6 28 4 8 25 13 36 39 14 21 37 32 36 31 36 32 36 36 31 31 7 32 38 23 36 10 23 31 36 33 33 25 21 31 36 40 32 33 40 11 31 28 32 36 32 31 33 31 33 31 32 25 32 32 7 36 32 31 36
split_gain=430726 464590 765592 399798 362452 343901 340561 468548 414677 348209 337571 326326 320866 359780 364283 343668 314079 328424 343636 853952 288704 285383 303353 271229 453787 281864 266407 246425 244234 229212 229001 316672 290875 324096 220646 217665 211585 279277 206071 205136 203642 193808 193601 188972 188212 184844 548908 182277 180194 230373 179504 191618 239935 175215 173264 192757 271333 391249 209528 164694 163240 160326
threshold=1.0000000180025095e-35 1.0000000180025095e-35 365.95000000000005 1.0000000180025095e-35 1.0000000180025095e-35 1.0000000180025095e-35 1.0000000180025095e-35 1.0000000180025095e-35 1.0000000180025095e-35 162.61250000000004 1.0000000180025095e-35 1.0000000180025095e-35 1.0000000180025095e-35 4.5000000000000009 121.45000000000002 198.01000000000002 94.050000000000011 413.25000000000006 462.85000000000008 338.42000000000002 220.91250000000005 158.95000000000002 40.000000000000007 1.0000000180025095e-35 352.45000000000005 1.0000000180025095e-35 1.0000000180025095e-35 272.41250000000008 1.0000000180025095e-35 1.0000000180025095e-35 440.85000000000008 352.12500000000006 65.950000000000017 134.25000000000003 1.0000000180025095e-35 1.0000000180025095e-35 207.85000000000005 211.48750000000004 5.5000000000000009 278.65000000000003 64.050000000000011 2.5000000000000004 1.0000000180025095e-35 167.05000000000004 1.0000000180025095e-35 495.05000000000007 323.02500000000003 314.05000000000007 345.95000000000005 79.350000000000009 4.9500000000000011 25.550000000000004 242.85000000000005 189.75000000000003 1.0000000180025095e-35 56.050000000000004 168.15000000000001 1.0000000180025095e-35 357.02500000000003 448.55000000000007 123.85000000000001 236.61000000000004
decision_type=2 2 2 2 2 2 2 2 2 2 2 2 2 2 2 2 2 2 2 2 2 2 2 2 2 2 2 2 2 2 2 2 2 2 2 2 2 2 2 2 2 2 2 2 2 2 2 2 2 2 2 2 2 2 2 2 2 2 2 2 2 2
left_child=1 5 4 42 11 6 7 23 9 50 -8 21 16 14 15 -14 41 18 44 -20 39 22 59 45 26 28 36 -12 48 34 -7 32 -32 -34 -23 -28 37 -25 53 -16 -33 -11 54 -15 60 -1 -47 -39 61 -50 -9 52 -52 -29 55 -4 -57 58 -58 -3 -18 -26
right_child=-2 2 3 -5 -6 30 10 8 -10 12 27 -13 13 43 20 -17 17 -19 19 -21 -22 29 -24 24 25 -27 35 38 -30 -31 31 40 33 -35 -36 -37 -38 47 -40 -41 -42 -43 -44 -45 -46 46 -48 -49 49 -51 51 -53 -54 -55 -56 56 57 -59 -60 -61 -62 -63
leaf_value=-0.039275350285109166 -0.57652932487447195 0.9220508714167166 5.501766074958601 -1.2939027189124714 -1.9855379287955128 -0.3949784988211148 -0.15630654950265371 3.5464115222295129 3.2555101748208823 7.3253036816914872 -2.2699195920895572 -5.8667484906059695 12.473331858813763 -4.2828765614466233 -2.3317372193207611 3.204194074869156 -2.803292208247715 2.414753189648307 -9.713645237889784 2.6429787657879018 4.551683685522188 0.58925405722084889 -0.98590627680473697 -0.36219183390819165 4.1061526844650507 -0.57607103174641017 1.4325713653794745 -5.0885156936645508 -0.5421628627706977 3.27322998555998 -0.63658323630557534 -1.0532005668270823 -10.347127685339556 -3.5058779096603399 2.986948310113648 6.8954400104025142 0.48565375185367465 -1.5473047384992242 1.9395333976745606 2.6225243330001833 4.0657798007130621 2.0566213190555573 5.8510202853406064 1.0782978828136738 -2.0140202999841876 -0.36012041580249021 9.5298128655552858 -7.2453801546096805 3.0931864599729408 8.2298277210337769 -0.6306449586567261 -2.6713987155003593 4.9193017323811858 -0.51209508134634241 5.5705026222311931 -1.4592648505039936 2.593996491706839 8.2805147369320586 -2.3594071935724332 5.7683121895790102 0.63612295394820229 1.2259518336077206
leaf_weight=17141 2940 142 38 55 158 2256 1679 24 161 24 397 20 20 22 37 20 36 172 29 27 88 1402 474 527 80 84 88 25 51 96 56 102 23 70 103 23 958 32 75 48 24 64 61 65 82 47 20 25 58 35 268 111 21 128 46 53 102 26 27 20 827 122
leaf_count=17141 2940 142 38 55 158 2256 1679 24 161 24 397 20 20 22 37 20 36 172 29 27 88 1402 474 527 80 84 88 25 51 96 56 102 23 70 103 23 958 32 75 48 24 64 61 65 82 47 20 25 58 35 268 111 21 128 46 53 102 26 27 20 827 122
internal_value=0.000228846 0.0585093 0.668028 2.67131 0.329585 -0.00698517 0.0520807 0.114164 0.815018 0.617074 -0.525561 0.491654 0.96221 2.43191 3.53852 7.83876 0.612561 0.396426 0.0496206 -3.75599 2.54425 0.548501 -0.347519 0.0361989 0.575065 2.02202 0.198666 -1.51753 2.65277 0.904447 -0.561029 -1.92324 -3.48352 -5.1978 0.753349 2.56452 0.0283612 -0.721787 -0.207439 0.465963 -0.0781567 3.49353 3.28912 -0.277401 0.275138 -0.02903 2.5921 -4.04646 3.20511 5.02633 -0.653582 -0.905582 -0.227362 -1.25988 2.75393 2.22725 1.62902 2.68501 1.55724 1.52035 0.492648 2.36663
internal_weight=32035 29095 2823 408 2415 26272 23741 21437 2146 1985 2304 2257 1561 300 213 40 1261 1173 1001 56 173 2237 636 19291 2083 430 1653 625 346 1601 2531 275 149 93 1505 111 1542 584 228 85 126 88 353 87 945 17208 67 57 295 93 424 400 289 153 292 246 208 155 129 162 863 202
internal_count=32035 29095 2823 408 2415 26272 23741 21437 2146 1985 2304 2257 1561 300 213 40 1261 1173 1001 56 173 2237 636 19291 2083 430 1653 625 346 1601 2531 275 149 93 1505 111 1542 584 228 85 126 88 353 87 945 17208 67 57 295 93 424 400 289 153 292 246 208 155 129 162 863 202
is_linear=0
shrinkage=0.05


Tree=100
num_leaves=63
num_cat=0
split_feature=9 35 34 34 35 33 34 25 33 33 33 33 33 35 35 31 35 32 40 31 32 35 35 35 8 34 32 33 20 7 40 33 31 35 33 33 35 35 39 32 35 33 23 25 11 33 34 8 35 33 33 10 35 32 31 18 35 32 32 35 35 32
split_gain=1.44964e+06 649524 992675 648087 515519 488058 472227 464994 583718 585242 792572 722574 1.26301e+06 1.11158e+06 706252 870414 695153 707874 648113 1.33649e+06 572981 621238 557445 612576 502358 530335 470528 680032 683632 677859 712339 1.01813e+06 611013 1.05963e+06 564612 1.27359e+06 536520 498010 942037 457410 427319 410037 372442 581630 416532 386346 347371 339123 791408 917519 345087 824520 892656 726807 551340 458675 1.05407e+06 407908 585681 452826 1.6405e+06 384402
threshold=1.0000000180025095e-35 1351.1500000000003 424.75000000000006 407.7000000000001 1455.95 313.55000000000007 397.75000000000006 1.0000000180025095e-35 480.05000000000007 471.15000000000003 459.35000000000008 444.85000000000008 437.75000000000006 1170.4500000000003 1203.6500000000003 400.75000000000006 1069.4000000000003 466.85000000000008 1.5000000000000002 173.05000000000004 436.65000000000003 1008.7500000000001 741.05000000000007 607.45000000000016 1.0000000180025095e-35 204.35000000000005 366.15000000000003 407.65000000000003 1.0000000180025095e-35 1.0000000180025095e-35 2.5000000000000004 140.75000000000003 179.65000000000001 563.1500000000002 379.65000000000003 361.75000000000006 717.95000000000016 967.45000000000016 1.0000000180025095e-35 430.85000000000008 1531.0000000000002 174.55000000000004 1.0000000180025095e-35 1.0000000180025095e-35 1.0000000180025095e-35 51.750000000000007 445.55000000000007 1.0000000180025095e-35 474.4500000000001 155.05000000000004 222.35000000000005 1.0000000180025095e-35 592.85000000000014 159.75000000000003 282.05000000000007 1.0000000180025095e-35 587.85000000000014 310.15000000000003 328.05000000000007 765.35000000000002 717.95000000000016 342.75000000000006
decision_type=2 2 2 2 2 2 2 2 2 2 2 2 2 2 2 2 2 2 2 2 2 2 2 2 2 2 2 2 2 2 2 2 2 2 2 2 2 2 2 2 2 2 2 2 2 2 2 2 2 2 2 2 2 2 2 2 2 2 2 2 2 2
left_child=42 2 3 7 6 46 -3 8 9 10 11 12 13 16 -15 -16 17 26 -19 -20 21 22 23 -9 25 -18 27 28 34 30 31 36 33 -32 35 37 -28 47 -39 -35 -6 -34 45 44 -44 -1 -4 50 -49 -50 51 55 -53 54 -52 57 -57 59 -59 60 -2 -60
right_child=1 4 5 -5 40 -7 -8 20 -10 -11 -12 -13 -14 14 15 -17 24 18 19 -21 -22 -23 -24 -25 -26 -27 29 -29 -30 -31 32 -33 41 39 -36 -37 -38 38 -40 -41 -42 -43 43 -45 -46 -47 -48 48 49 -51 53 52 -54 -55 -56 56 -58 58 61 -61 -62 -63
leaf_value=-0.054638722096214579 0.62824494409756482 3.8703156621367847 -2.7971154993230645 8.1335468977689747 -3.8649649533358486 1.2386520427206289 13.406952850341796 2.6084420357981037 7.0342041937080602 -7.810768156051636 9.8191467920939139 -7.6024986413808975 11.958092838287355 -13.356493120817911 4.463654733740765 -9.798598785400392 6.6845553636550905 3.4648369299247861 -16.594804781959169 -1.4715039908885956 -3.3323140961783277 10.918082008361816 -1.1221170168656569 11.518822608675276 11.815335210164388 -1.7005266016179865 6.810256352917901 -6.0774081782290814 9.0633496324221294 9.6525814856252374 3.758007098689224 15.424563745089941 3.9266174903282756 -12.356475103818454 6.85958535194397 -9.7683157602945982 -3.5444498060101814 2.3880928922582556 -10.94630468075092 -2.2987438869476318 5.5225541856553821 -2.8900584050587246 0.055427483731304232 2.9763627358561475 2.4956894356264638 -0.49812359888537333 -11.128972289480012 -4.281376544182951 12.458887027971674 0.26850462288692079 2.9267151801482494 0.53904624996763295 -11.276782528046638 -0.30913568951866849 11.639303944905599 -8.6002231842134051 3.2134621879032679 8.0395543803339429 -4.5018916088601824 5.9997926428511335 -13.815521965026855 3.195882054242221
leaf_weight=19760 1152 27 22 32 22 23 25 62 37 20 24 26 25 21 23 20 44 24 21 48 28 30 52 28 21 33 29 38 24 31 33 21 104 26 35 30 22 27 26 20 27 28 2339 210 189 6535 29 22 33 29 46 33 31 88 30 41 35 46 23 37 20 55
leaf_count=19760 1152 27 22 32 22 23 25 62 37 20 24 26 25 21 23 20 44 24 21 48 28 30 52 28 21 33 29 38 24 31 33 21 104 26 35 30 22 27 26 20 27 28 2339 210 189 6535 29 22 33 29 46 33 31 88 30 41 35 46 23 37 20 55
internal_value=0.00120031 1.04586 0.908955 1.05823 4.98764 -4.80794 8.45524 0.977429 0.798854 0.708909 0.775861 0.689769 0.776181 0.663004 -5.84054 -2.16995 0.835999 0.66087 -3.61255 -6.07425 3.30069 4.38048 2.9993 5.38056 4.96046 3.09095 0.840296 0.54412 0.679181 2.63339 1.8645 6.15882 0.399135 -3.07885 0.569763 0.447732 2.34352 0.620495 -4.15331 -7.98355 1.30775 2.48066 -0.107069 0.447906 0.237868 -0.164856 -7.53484 0.767509 3.86595 6.75693 0.608518 0.366286 -5.18425 2.78417 6.36589 0.618404 -3.15971 0.833811 3.56492 0.553697 0.381764 0.926026
internal_weight=32042 3009 2908 2834 101 74 52 2802 2602 2565 2545 2521 2495 2470 64 43 2406 2308 93 69 200 172 142 90 98 77 2215 1901 1863 314 283 72 211 79 1839 1804 51 1774 53 46 49 132 29033 2738 2528 26295 51 1721 84 62 1637 1473 64 164 76 1409 76 1333 124 1209 1172 78
internal_count=32042 3009 2908 2834 101 74 52 2802 2602 2565 2545 2521 2495 2470 64 43 2406 2308 93 69 200 172 142 90 98 77 2215 1901 1863 314 283 72 211 79 1839 1804 51 1774 53 46 49 132 29033 2738 2528 26295 51 1721 84 62 1637 1473 64 164 76 1409 76 1333 124 1209 1172 78
is_linear=0
shrinkage=0.05


Tree=101
num_leaves=63
num_cat=0
split_feature=9 35 5 32 33 35 35 35 33 33 28 33 36 33 17 40 32 35 31 40 32 35 37 36 36 40 36 39 32 35 33 35 36 35 33 33 31 36 31 32 35 40 31 33 36 36 35 31 31 32 40 21 6 35 33 38 31 32 36 35 35 31
split_gain=1.3083e+06 586195 487132 1.1226e+06 647929 1.52133e+06 1.3745e+06 977609 1.26442e+06 1.72921e+06 772746 781499 874660 705754 673957 650942 980630 673199 648996 1.4966e+06 642760 627310 818252 557013 781558 525590 577908 526074 495122 465256 451420 866271 430485 385655 385650 402706 371046 327922 574410 301675 1.12268e+06 1.94503e+06 1.21857e+06 1.40225e+06 997290 712490 648217 638607 621197 587980 499431 495405 822476 670602 552693 567058 534738 461275 403446 618993 491021 484094
threshold=1.0000000180025095e-35 1351.1500000000003 1.0000000180025095e-35 83.450000000000017 429.05000000000007 759.00000000000011 1170.4500000000003 1032.6500000000003 125.55000000000001 205.35000000000005 1.0000000180025095e-35 361.75000000000006 269.82916666666671 395.45000000000005 1.0000000180025095e-35 1.0000000180025095e-35 404.55000000000007 818.95000000000016 201.65000000000001 4.5000000000000009 145.65000000000001 1170.4500000000003 3.5000000000000004 235.65833333333336 194.51250000000002 1.0000000180025095e-35 273.71250000000003 1.0000000180025095e-35 308.35000000000008 1455.95 170.35000000000005 548.05000000000007 80.75833333333334 1531.0000000000002 281.25000000000006 397.55000000000007 388.85000000000008 278.07083333333338 394.65000000000003 308.35000000000008 557.30000000000007 1.0000000180025095e-35 173.05000000000004 237.25000000000003 210.21250000000001 180.51666666666668 933.35000000000025 68.950000000000017 464.85000000000008 298.45000000000005 4.5000000000000009 1.0000000180025095e-35 1.0000000180025095e-35 538.75000000000011 134.25000000000003 1.0000000180025095e-35 269.85000000000008 107.15000000000002 131.81250000000003 707.6500000000002 442.35000000000008 432.55000000000007
decision_type=2 2 2 2 2 2 2 2 2 2 2 2 2 2 2 2 2 2 2 2 2 2 2 2 2 2 2 2 2 2 2 2 2 2 2 2 2 2 2 2 2 2 2 2 2 2 2 2 2 2 2 2 2 2 2 2 2 2 2 2 2 2
left_child=-1 2 4 -4 6 -6 7 10 -9 -10 11 14 23 37 32 -12 17 30 19 -7 -5 22 -20 24 -13 -22 27 28 -27 36 31 -17 -2 -31 -8 -36 -3 -11 -39 46 41 -41 43 44 -42 -43 49 -47 -44 51 -48 52 54 -54 55 -34 -56 -58 60 61 -53 -60
right_child=1 29 3 20 5 18 34 8 9 13 15 12 -14 -15 -16 16 -18 -19 21 -21 25 -23 -24 -25 -26 26 -28 -29 -30 33 -32 -33 39 -35 35 -37 -38 38 -40 40 42 45 48 -45 -46 47 50 -49 -50 -51 -52 58 53 -55 56 -57 57 -59 59 -61 -62 -63
leaf_value=-0.10171549095070274 -2.3863096245800159 3.6431868038177493 -10.224404261189122 7.3441925268906818 17.050611209869384 7.2727063096087923 -0.70758624076843268 15.080461544990539 -8.0279806729020748 10.798520740270616 -10.077356060028077 -9.8716642459233608 4.3697205323439379 -2.9971771430969238 10.143582692032769 2.3723458961204247 -11.037342471168156 7.7688684229667375 6.6269270768291069 -9.9406543144157951 -8.1261335041211993 11.611146489620211 -5.4898231506347663 -13.423178992271424 2.8886086434125904 4.1107461248125352 3.4103087945417929 -9.7299596366428194 -5.9127892364155166 -3.6717168244448573 4.8330364131927492 -10.293376422811438 0.92634737917595733 5.2464265081617576 -11.787167752173639 -2.8195921648116342 12.096631890756115 1.3640853466131748 11.620952097574872 19.393346897761027 -2.4421666548802303 -4.7115316618056529 1.9110601184410709 2.8376434414885767 -16.290868583092323 0.69177796763758514 -10.893525533676147 10.614324906293085 9.5985749803740408 -7.0020973563194282 -0.1952562650044759 3.6612817330793903 0.26661459251686381 -10.983884037457981 1.6644959163158497 -5.3879913175428236 13.479672189192341 4.1328728820338396 -1.5358182699515903 7.6561275058322487 12.80987279631875 7.0910314369201659
leaf_weight=29033 83 25 31 26 20 23 26 25 29 40 25 24 26 20 21 27 21 26 38 28 23 25 22 20 24 28 66 21 22 22 20 27 911 27 31 21 27 39 21 24 26 21 280 43 26 31 20 34 29 22 24 44 27 26 94 37 22 33 87 36 22 20
leaf_count=29033 83 25 31 26 20 23 26 25 29 40 25 24 26 20 21 27 21 26 38 28 23 25 22 20 24 28 66 21 22 22 20 27 911 27 31 21 27 39 21 24 26 21 280 43 26 31 20 34 29 22 24 44 27 26 94 37 22 33 87 36 22 20
internal_value=0.00114029 0.993567 0.863507 -1.41538 1.04727 4.17482 0.85481 1.06225 4.67492 2.92903 0.786911 1.02735 -3.43026 5.57697 1.23245 -2.73243 -1.21488 0.847835 2.28132 -2.17777 0.0527887 4.95677 2.18412 -6.4126 -3.49153 -1.13206 0.0421223 -3.08887 -0.299609 4.73826 -1.58388 -3.96052 1.1399 1.24236 -5.67963 -8.16565 8.03248 7.2918 4.95399 1.29084 2.32927 6.80755 1.10994 -3.84253 -9.36652 3.29523 0.916281 5.88203 2.63254 1.10663 -5.05811 1.2379 0.830926 -5.2525 1.12484 0.679902 3.95571 7.87159 3.47722 1.98479 6.71081 0.076677
internal_weight=32042 3009 2908 217 2691 156 2535 2457 174 149 2283 2137 94 120 2043 146 121 100 136 51 186 85 60 68 48 160 137 71 50 101 74 54 2022 49 78 52 52 100 60 1939 514 110 404 95 52 86 1425 65 309 1381 44 1359 1150 53 1097 948 149 55 209 143 66 107
internal_count=32042 3009 2908 217 2691 156 2535 2457 174 149 2283 2137 94 120 2043 146 121 100 136 51 186 85 60 68 48 160 137 71 50 101 74 54 2022 49 78 52 52 100 60 1939 514 110 404 95 52 86 1425 65 309 1381 44 1359 1150 53 1097 948 149 55 209 143 66 107
is_linear=0
shrinkage=0.05


Tree=102
num_leaves=63
num_cat=0
split_feature=2 33 29 35 18 10 25 23 21 33 34 34 31 33 33 31 32 35 31 12 33 33 40 33 34 32 33 31 31 31 36 36 32 31 32 33 36 5 34 35 36 24 6 6 33 35 31 29 33 33 35 34 34 32 33 35 36 33 40 32 24 34
split_gain=371875 658260 377885 285071 258637 295465 347598 733165 510751 458191 434542 392911 382674 374913 539440 346045 321290 395528 353340 351292 440886 312785 296882 339472 296796 273952 266196 259408 258046 254603 252013 245445 237293 235574 231598 243581 209474 197903 196964 194320 193793 190915 213926 176544 238778 261019 183810 184179 191627 219533 334162 215641 347466 197983 313035 218203 398234 194180 317554 176996 184369 176886
threshold=1.0000000180025095e-35 367.75000000000006 1.0000000180025095e-35 707.6500000000002 1.0000000180025095e-35 1.0000000180025095e-35 1.0000000180025095e-35 1.0000000180025095e-35 1.0000000180025095e-35 455.35000000000008 4.6500000000000012 141.60000000000002 355.65000000000003 22.050000000000004 159.55000000000004 347.85000000000008 337.95000000000005 489.9500000000001 452.25000000000006 1.0000000180025095e-35 401.35000000000008 2.2500000000000004 4.5000000000000009 376.2000000000001 22.100000000000005 489.55000000000007 416.75000000000006 168.75000000000003 337.75000000000006 247.15000000000001 190.97750000000005 255.47083333333339 171.95000000000002 115.25000000000001 470.75000000000006 4.8500000000000005 178.11250000000004 1.0000000180025095e-35 139.80000000000004 1225.1500000000003 251.61250000000004 1.0000000180025095e-35 1.0000000180025095e-35 1.0000000180025095e-35 495.95000000000005 1351.1500000000003 498.05000000000007 1.0000000180025095e-35 485.45000000000005 471.15000000000003 909.35000000000014 443.30000000000001 470.75000000000006 487.75000000000006 172.55000000000004 759.00000000000011 291.51250000000005 459.35000000000008 3.5000000000000004 344.65000000000003 1.0000000180025095e-35 440.00000000000006
decision_type=2 2 2 2 2 2 2 2 2 2 2 2 2 2 2 2 2 2 2 2 2 2 2 2 2 2 2 2 2 2 2 2 2 2 2 2 2 2 2 2 2 2 2 2 2 2 2 2 2 2 2 2 2 2 2 2 2 2 2 2 2 2
left_child=4 29 3 -3 5 6 43 8 10 13 16 15 26 21 30 -12 19 -18 25 20 27 -10 23 32 -16 31 36 -8 40 34 -15 -19 -13 -33 37 -36 -9 -2 -39 -26 -24 42 -5 44 45 46 47 48 49 51 -51 53 -53 57 55 56 -55 -1 -59 -47 -61 -45
right_child=1 2 -4 41 -6 -7 7 12 9 -11 11 22 -14 14 24 -17 17 18 -20 -21 -22 -23 28 -25 39 -27 -28 -29 -30 -31 -32 33 -34 -35 35 -37 -38 38 -40 -41 -42 -43 -44 61 -46 59 -48 -49 -50 50 -52 52 -54 54 -56 -57 -58 58 -60 60 -62 -63
leaf_value=0.089822774817745421 -0.27802116067462707 -1.3200189640647488 -2.3619099268546471 4.1799589383701123 -0.50144821558913544 -0.50740870796359949 -1.2882084553156248 -0.60266839045065423 2.3332764696252757 7.7953458849589028 -2.7539312878320388 -9.484338941574098 6.9296999884433435 -1.4036395797978587 3.7264369430308495 -10.463810426538641 7.7167525804959816 -3.8642948604765395 7.2556290272961963 3.538295552507043 -5.5637995299540073 8.1945420883319997 1.6677599357836177 2.0872354155001434 -1.7417434914295491 -4.4322518984476726 -3.2098177814483644 0.40299537352010689 5.2479756789548055 0.70290150345716262 -7.5713983232324784 6.9626717782020568 -2.5822774944883409 1.1857316547234855 -1.1371631546020509 5.2515935214790144 4.5920790382053545 -0.5751445288128324 -5.463963098275034 3.123155377705892 -4.5696525955200196 0.49637776657387067 -0.1428278423845768 -0.37454511251799305 -5.2919031505783405 4.653294597466787 2.993165385981019 -0.44555757740889645 2.8899946133792405 -6.2211514485733854 0.20324925693372886 -6.0727429204695937 0.50143935822627761 0.24224477394631039 -6.2966084166367855 1.5373494440317155 -8.4743397438526156 6.7296244747679808 -0.1791632577394828 2.0834064037192106 -2.2161505236770167 -3.5088965071932132
leaf_weight=16432 1059 38 39 271 2899 2620 319 27 145 30 43 20 61 67 97 22 26 21 22 64 38 27 33 23 65 24 20 784 28 1330 22 20 33 150 25 37 69 45 38 30 20 54 32 2098 21 45 52 1936 60 35 48 37 44 38 30 60 20 29 39 102 33 46
leaf_count=16432 1059 38 39 271 2899 2620 319 27 145 30 43 20 61 67 97 22 26 21 22 64 38 27 33 23 65 24 20 784 28 1330 22 20 33 150 25 37 69 45 38 30 20 54 32 2098 21 45 52 1936 60 35 48 37 44 38 30 60 20 29 39 102 33 46
internal_value=0.00108328 0.534208 2.33347 2.79707 -0.0533404 -0.00371045 0.0523154 0.629285 0.377231 1.81112 -0.0325724 -2.09429 3.72371 1.41481 0.289435 -5.36343 0.279213 1.86254 1.22031 -0.0663598 -0.268549 3.25336 -0.740823 -2.98547 1.78097 0.602739 2.0378 -0.0861198 1.36526 0.226047 -2.92825 1.23541 -5.18683 1.86537 -0.300711 2.67548 3.13106 -0.462291 -2.8134 -0.20546 -0.685981 3.2353 3.72343 -0.011626 0.0367597 0.0426369 0.0245511 0.0163435 0.0693449 0.0592784 -2.50584 0.0720051 -2.50158 0.0845267 -1.73607 -0.576615 -2.76347 0.100857 2.76723 1.93763 1.0324 -0.441793
internal_weight=32042 2968 434 395 29074 26175 23555 2350 2173 483 1690 222 177 453 281 65 1468 263 237 1205 1141 172 157 76 192 215 116 1103 81 2534 89 191 53 170 1204 62 96 1142 83 95 53 357 303 21205 19061 19040 18860 18808 16872 16812 83 16729 81 16648 148 118 58 16500 68 180 135 2144
internal_count=32042 2968 434 395 29074 26175 23555 2350 2173 483 1690 222 177 453 281 65 1468 263 237 1205 1141 172 157 76 192 215 116 1103 81 2534 89 191 53 170 1204 62 96 1142 83 95 53 357 303 21205 19061 19040 18860 18808 16872 16812 83 16729 81 16648 148 118 58 16500 68 180 135 2144
is_linear=0
shrinkage=0.05


Tree=103
num_leaves=63
num_cat=0
split_feature=9 35 34 34 33 5 34 32 25 33 34 35 34 34 36 35 34 32 35 35 36 36 31 31 33 33 32 35 35 34 33 33 33 37 35 35 35 34 23 11 32 31 25 36 31 31 32 36 31 32 33 33 36 35 35 6 35 36 31 39 32 33
split_gain=1.17841e+06 508677 853508 603405 1.84761e+06 561133 655996 1.17176e+06 548689 763425 906735 1.37427e+06 684619 507475 1.20411e+06 416605 422062 402231 536594 529778 422144 793191 396725 408296 350619 1.52023e+06 966770 376094 608594 535922 526231 855129 1.21182e+06 594748 594782 422434 346206 327013 321978 520805 356449 336263 331586 321897 326633 495302 398957 1.07516e+06 513238 319954 719084 972795 808732 1.02413e+06 751057 627938 998326 296591 294353 307002 312908 287418
threshold=1.0000000180025095e-35 1351.1500000000003 424.75000000000006 393.85000000000008 281.25000000000006 1.0000000180025095e-35 258.25000000000006 109.25000000000001 1.0000000180025095e-35 480.05000000000007 290.2000000000001 1122.0000000000002 266.65000000000003 470.75000000000006 271.14166666666677 1455.95 397.75000000000006 436.65000000000003 1008.7500000000001 832.35000000000025 252.83333333333337 202.21666666666673 148.65000000000001 323.95000000000005 429.05000000000007 444.85000000000008 259.05000000000007 1203.6500000000003 1069.4000000000003 93.850000000000009 407.65000000000003 387.50000000000006 361.75000000000006 4.5000000000000009 1020.4500000000002 782.6500000000002 1531.0000000000002 333.45000000000005 1.0000000180025095e-35 1.0000000180025095e-35 29.850000000000005 261.45000000000005 1.0000000180025095e-35 80.75833333333334 54.150000000000013 20.150000000000002 466.85000000000008 323.02500000000003 66.65000000000002 308.35000000000008 98.350000000000009 18.550000000000004 199.14166666666668 511.05000000000007 887.1500000000002 1.0000000180025095e-35 538.75000000000011 245.81250000000003 40.000000000000007 1.0000000180025095e-35 179.45000000000002 51.750000000000007
decision_type=2 2 2 2 2 2 2 2 2 2 2 2 2 2 2 2 2 2 2 2 2 2 2 2 2 2 2 2 2 2 2 2 2 2 2 2 2 2 2 2 2 2 2 2 2 2 2 2 2 2 2 2 2 2 2 2 2 2 2 2 2 2
left_child=38 2 3 5 -5 8 7 -7 9 10 12 37 24 14 -4 16 -3 18 19 20 21 -10 -9 -24 27 -26 -27 28 30 -30 31 32 33 34 43 -35 -17 -12 40 42 -1 -41 -40 -2 45 -45 48 -48 -46 55 51 52 -51 -54 -52 -50 -57 -34 59 -42 -61 -62
right_child=1 15 13 4 -6 6 -8 22 17 -11 11 -13 -14 -15 -16 36 -18 -19 -20 -21 -22 -23 23 -25 25 26 -28 -29 29 -31 -32 -33 57 35 -36 -37 -38 -39 39 41 58 -43 -44 44 46 -47 47 -49 49 50 54 -53 53 -55 -56 56 -58 -59 -60 60 61 -63
leaf_value=0.027272206547274493 -2.3329645447892911 3.2138966794367194 -1.0889400820578299 15.487738462594841 -4.4523765223366878 -12.904735588073732 5.4716026235509805 3.5474669554654295 3.7229046933791219 8.5243210814893242 -4.1743029906199531 -13.91042147416335 9.3360575735569 1.6864165679268215 -16.824888534545899 -3.5328145113858316 12.229767702102663 -2.0176982526425964 10.871487435272762 -1.5639508318901063 -0.62199111917744521 15.081478257612751 -5.8145151064946106 0.42157499745207017 14.651988053321839 -5.241629203590187 7.8123383314713202 -5.934358951023647 2.3947641453844439 11.850277722965588 -6.298190618444373 10.110634203751882 -12.042089046750752 0.20173196792602541 -6.7213077403880934 9.3595437063890348 4.9169034587012401 3.4293555644250691 0.058243053559892372 0.51028371212187784 -0.23979621442408253 4.580884155378504 2.2197101644550759 0.99468445777893066 -5.9712871268943504 7.7095557983531506 -10.779318668003436 2.1338004279136658 0.84141122950172209 -6.926000900268555 -4.818546120325724 12.715501372019451 12.87925262451172 2.2557985072725275 3.8992423080262686 2.5443086156845096 -11.202285099029542 -3.5343113899230958 -0.44413862821972983 -0.73594235965375154 3.0360713042418164 0.65101671000528671
leaf_weight=13620 81 27 31 26 21 25 27 34 51 32 26 26 24 23 20 22 25 27 28 40 23 22 52 53 24 37 23 21 47 22 27 24 21 20 27 34 27 31 2339 89 1267 118 192 76 27 43 27 40 1219 20 60 27 26 178 42 25 28 20 10717 178 225 288
leaf_count=13620 81 27 31 26 21 25 27 34 51 32 26 26 24 23 20 22 25 27 28 40 23 22 52 53 24 37 23 21 47 22 27 24 21 20 27 34 27 31 2339 89 1267 118 192 76 27 43 27 40 1219 20 60 27 26 178 42 25 28 20 10717 178 225 288
internal_value=0.00102911 0.942904 0.821748 0.960166 6.57833 0.865421 -1.75017 -2.93912 1.05786 0.853011 0.749563 -4.38425 0.935636 -4.47929 -7.2599 4.43123 7.54845 3.63728 4.56828 3.27056 5.28495 7.14604 -1.14674 -2.66677 0.846664 4.01656 -0.237608 0.724633 0.789343 5.40957 0.636955 0.727633 0.617299 0.791738 0.648108 5.96776 1.12315 -0.0389799 -0.0965874 0.419421 -0.150317 2.83072 0.222211 0.751794 0.887738 3.42107 0.712366 -3.06999 0.865766 0.979367 2.31118 3.74977 2.66907 3.60977 -1.22887 0.609767 -4.71804 -7.89195 -0.341147 0.222569 1.07035 1.69709
internal_weight=32042 3009 2908 2834 47 2787 191 164 2596 2405 2373 83 2290 74 51 101 52 191 164 136 96 73 139 105 2266 84 60 2182 2161 69 2092 2065 2041 2000 1946 54 49 57 29033 2738 26295 207 2531 1919 1838 119 1719 67 1652 1625 353 251 224 204 102 1272 53 41 12675 1958 691 513
internal_count=32042 3009 2908 2834 47 2787 191 164 2596 2405 2373 83 2290 74 51 101 52 191 164 136 96 73 139 105 2266 84 60 2182 2161 69 2092 2065 2041 2000 1946 54 49 57 29033 2738 26295 207 2531 1919 1838 119 1719 67 1652 1625 353 251 224 204 102 1272 53 41 12675 1958 691 513
is_linear=0
shrinkage=0.05


Tree=104
num_leaves=63
num_cat=0
split_feature=9 35 34 33 35 34 32 35 1 32 35 35 35 35 32 34 35 34 34 34 33 33 32 35 32 34 34 34 32 34 32 32 33 34 29 34 2 33 34 34 32 32 33 32 35 35 32 32 35 2 7 33 23 33 35 33 32 33 38 35 32 32
split_gain=1.06351e+06 459081 791088 1.0493e+06 375986 380911 317846 1.0812e+06 557216 648536 1.24583e+06 1.10233e+06 875504 1.15174e+06 941864 500878 477142 625229 1.43227e+06 1.23109e+06 1.02088e+06 1.76827e+06 1.58908e+06 582377 581759 459146 366500 1.16408e+06 694768 602359 523532 888937 958696 873513 478650 689003 562786 704394 512301 467747 424637 632006 640785 400520 523470 508025 359660 358857 312451 309872 400970 315190 308208 301163 286813 652757 454820 931549 396909 1.43038e+06 479820 367605
threshold=1.0000000180025095e-35 1351.1500000000003 443.30000000000001 203.35000000000005 1455.95 397.75000000000006 433.05000000000007 629.1500000000002 1.0000000180025095e-35 366.15000000000003 563.1500000000002 469.55000000000007 1170.4500000000003 800.35000000000025 389.15000000000003 204.35000000000005 702.05000000000007 148.85000000000005 4.1500000000000012 275.80000000000001 192.05000000000004 57.95000000000001 448.55000000000007 867.25000000000011 468.75000000000006 20.850000000000005 116.7 29.350000000000005 215.05000000000004 4.1500000000000012 15.450000000000001 75.15000000000002 297.15000000000003 164.65000000000001 1.0000000180025095e-35 250.25000000000003 1.0000000180025095e-35 125.55000000000001 329.50000000000006 387.95000000000005 356.45000000000005 310.15000000000003 471.15000000000003 294.25000000000006 867.25000000000011 924.45000000000016 177.55000000000004 304.35000000000008 1531.0000000000002 1.0000000180025095e-35 1.0000000180025095e-35 51.750000000000007 1.0000000180025095e-35 64.050000000000011 717.95000000000016 330.95000000000005 259.05000000000007 323.05000000000007 1.0000000180025095e-35 527.55000000000007 283.95000000000005 119.30000000000003
decision_type=2 2 2 2 2 2 2 2 2 2 2 2 2 2 2 2 2 2 2 2 2 2 2 2 2 2 2 2 2 2 2 2 2 2 2 2 2 2 2 2 2 2 2 2 2 2 2 2 2 2 2 2 2 2 2 2 2 2 2 2 2 2
left_child=49 2 6 -4 5 -3 8 -8 9 26 11 -11 13 14 -12 25 -9 18 20 -19 21 23 -22 24 -18 -15 27 29 -29 40 -28 32 -32 -33 35 46 37 -37 -36 -39 41 42 43 44 54 -46 -35 -45 -6 51 52 -1 -51 -16 55 58 57 -56 60 -60 -2 -57
right_child=1 4 3 -5 48 -7 7 16 -10 10 12 -13 -14 15 53 -17 17 19 -20 -21 22 -23 -24 -25 -26 -27 30 28 -30 -31 31 33 -34 34 38 36 -38 39 -40 -41 -42 -43 -44 47 45 -47 -48 -49 -50 50 -52 -53 -54 -55 56 61 -58 -59 59 -61 -62 -63
leaf_value=-0.044705926437562063 0.61763688232663327 3.0532019513624689 -12.139500706284135 2.3936229581418247 -3.3561739661476828 11.618279541730882 -9.6719808578491211 7.5819068182082408 -5.3897964217446068 2.8426065826416016 6.551623664078889 19.061634063720703 -7.4955443425612023 5.7050466912746263 -1.9806147348313106 -0.95439562797546396 4.3247215180169967 11.894299757922138 -12.742554794311523 -4.0394878994334826 -6.1435808726719454 -13.183181001345318 10.701722310838246 8.0805158355019326 -6.963893930435181 13.771835383501921 7.9815967353614603 -10.941686007555795 -0.40699595911749481 7.1347370714754677 3.1921061515808109 10.527630061656238 -11.630212755997976 3.9225632476806638 2.5399850663684664 12.352358426767239 -2.2011225824770722 6.5004644941776366 -8.3780893715945162 -2.0788015365600585 -4.5395508810093537 3.7293805412189691 -6.8678161407339164 -7.6676841100056965 10.589916706085205 1.5669289906819663 -4.2559416346433689 0.34252678299772332 4.6710582591869212 0.080143357004645921 2.519114196357545 -0.44482958242253146 2.1396088983111916 -9.0018349409103404 1.6274290864284222 2.2800655530846639 4.5001695825940091 -9.3726071056566749 -13.606989460899719 4.0938955078125003 8.4243564128875743 11.320553476160223
leaf_weight=19736 1240 27 27 23 22 25 30 21 33 20 27 22 22 89 42 22 21 27 25 22 21 30 42 22 25 22 37 34 29 37 20 32 24 20 21 34 23 47 22 24 38 167 29 27 26 39 41 29 27 2334 209 6557 197 24 39 23 21 38 21 25 20 22
leaf_count=19736 1240 27 27 23 22 25 30 21 33 20 27 22 22 89 42 22 21 27 25 22 21 30 42 22 25 22 37 34 29 37 20 32 24 20 21 34 23 47 22 24 38 167 29 27 26 39 41 29 27 2334 209 6557 197 24 39 23 21 38 21 25 20 22
internal_value=0.000977659 0.895759 0.780661 -5.45426 4.20967 7.17103 0.889739 -0.691507 1.06557 1.14947 3.37484 11.3383 2.02619 2.95308 -1.31544 5.93784 0.360892 -0.28439 -1.60811 4.74035 0.120838 -3.07145 5.08662 1.38961 -1.8104 7.30387 0.862519 0.59082 -6.09238 0.819523 2.36198 1.6869 -4.8928 2.78352 1.71536 2.79864 4.8827 6.43439 -3.04601 3.60043 0.689998 0.802525 0.496843 0.632879 0.786469 5.17612 -1.57446 -3.51954 1.06699 -0.091758 0.414253 -0.14449 0.240442 -4.53379 0.589555 0.779016 -2.0223 -3.80116 0.575006 -3.98694 0.741553 6.69986
internal_weight=32042 3009 2908 50 101 52 2858 286 2572 2539 290 42 248 226 93 133 256 235 186 49 161 98 63 68 46 111 2249 1904 63 1841 345 308 44 264 232 189 128 105 43 71 1804 1766 1599 1570 1514 65 61 56 49 29033 2740 26293 2531 66 1449 1351 98 77 1306 46 1260 45
internal_count=32042 3009 2908 50 101 52 2858 286 2572 2539 290 42 248 226 93 133 256 235 186 49 161 98 63 68 46 111 2249 1904 63 1841 345 308 44 264 232 189 128 105 43 71 1804 1766 1599 1570 1514 65 61 56 49 29033 2740 26293 2531 66 1449 1351 98 77 1306 46 1260 45
is_linear=0
shrinkage=0.05


Tree=105
num_leaves=63
num_cat=0
split_feature=7 11 2 35 32 36 32 34 23 36 32 33 32 31 24 32 34 31 31 32 33 38 21 31 33 31 36 36 33 33 32 31 31 35 36 39 33 33 31 35 32 32 28 34 31 36 39 39 31 32 34 35 35 34 8 24 34 35 34 38 35 35
split_gain=396202 523055 322361 462679 305834 297359 262608 306572 260727 307520 278407 258945 256960 241455 336177 324588 347059 317661 326501 379233 382457 253123 243085 235640 256860 323408 484729 311717 269346 325086 340598 293156 258744 253617 253241 226933 296515 497844 301124 226319 220658 249033 238191 205399 310447 227840 225918 197369 342961 182166 179561 268036 296517 179169 247262 220296 257970 271633 208811 729219 304528 249148
threshold=1.0000000180025095e-35 1.0000000180025095e-35 1.0000000180025095e-35 933.35000000000025 331.75000000000006 359.52500000000003 29.850000000000005 465.85000000000008 1.0000000180025095e-35 298.01666666666671 396.45000000000005 399.55000000000007 113.15000000000002 448.25000000000006 1.0000000180025095e-35 107.15000000000002 11.250000000000002 410.45000000000005 418.05000000000007 65.250000000000014 318.95000000000005 1.0000000180025095e-35 1.0000000180025095e-35 71.050000000000011 423.05000000000007 62.750000000000007 242.21250000000003 220.91250000000005 29.750000000000004 83.050000000000011 396.45000000000005 56.250000000000007 56.250000000000007 394.85000000000008 216.37083333333337 1.0000000180025095e-35 472.55000000000007 405.05000000000007 394.65000000000003 517.05000000000007 495.05000000000007 485.65000000000003 1.0000000180025095e-35 4.1500000000000012 7.1500000000000012 203.41000000000003 1.0000000180025095e-35 1.0000000180025095e-35 40.000000000000007 71.15000000000002 227.45000000000002 1069.4000000000003 860.05000000000007 169.45000000000002 1.0000000180025095e-35 1.0000000180025095e-35 419.85000000000008 902.1500000000002 3.8500000000000001 1.0000000180025095e-35 623.6500000000002 794.6500000000002
decision_type=2 2 2 2 2 2 2 2 2 2 2 2 2 2 2 2 2 2 2 2 2 2 2 2 2 2 2 2 2 2 2 2 2 2 2 2 2 2 2 2 2 2 2 2 2 2 2 2 2 2 2 2 2 2 2 2 2 2 2 2 2 2
left_child=6 2 8 4 -4 11 7 -1 40 -10 -11 -3 13 17 15 16 21 35 -19 -20 -21 22 49 24 25 28 27 33 47 30 -30 -31 43 -27 -33 50 37 38 -37 -35 41 42 53 45 -45 -26 -47 -14 -49 -15 -8 52 -52 54 58 56 57 -55 -2 60 -60 -62
right_child=1 5 3 -5 -6 -7 12 -9 9 10 -12 -13 23 14 -16 -17 -18 18 19 20 -22 -23 -24 -25 32 26 -28 -29 29 31 -32 34 -34 39 -36 36 -38 -39 -40 -41 -42 -43 -44 44 -46 46 -48 48 -50 -51 51 -53 -54 55 -56 -57 -58 -59 59 -61 61 -63
leaf_value=0.077518974929429177 0.36335533292314093 2.8824431138603313 -1.0027110619562689 5.3740755297342941 3.844863605002562 7.7845256180674944 -0.44966136450381838 5.6192039966583254 0.73280436495939894 2.0648667973856774 9.3252956151962287 -2.5655155563354493 0.059979980305761231 -7.6297204866694912 1.9547932443586558 -8.8281865259875421 -7.5484581814871889 7.3515811418267818 6.1397892433404921 0.93478981792062954 -6.9178667491674419 3.2019849300980567 1.3323252489854551 -0.23339299870877386 5.5466309710190851 -0.38404167914304183 8.1858331955437151 -4.7755672839283951 -1.8982573428149543 -0.125793991677393 -9.333551510572434 -0.80263233033474535 -2.8185224294662476 6.9334707672735965 -8.4955677616596219 -1.0648415291707323 3.6612143005643576 -6.933972545949425 -6.8849081702854322 1.6193868025991263 -4.2090995088219643 4.558157043303213 -1.6502416004005231 10.283327748775484 2.513860975123114 -2.5928215361690445 2.8960481514801852 2.3831811836796013 -1.4261100151322106 -2.1196431081835181 0.57665006721892009 -3.0895325030599321 7.1180610428253814 -4.4057229770689599 -1.8719107768601841 -4.2897433375431735 3.0468557551849722 0.10963898495985912 -0.10175898909568787 -3.7448744278401138 11.570231335163117 4.6756851886448114
leaf_weight=14435 1705 171 101 75 48 27 872 25 144 31 23 25 859 24 37 23 27 22 25 69 20 25 29 10200 26 69 28 20 67 691 20 23 23 33 20 659 28 41 23 51 30 31 190 20 36 38 37 254 77 40 41 21 30 49 117 44 43 104 20 32 20 38
leaf_count=14435 1705 171 101 75 48 27 872 25 144 31 23 25 859 24 37 23 27 22 25 69 20 25 29 10200 26 69 28 20 67 691 20 23 23 33 20 659 28 41 23 51 30 31 190 20 36 38 37 254 77 40 41 21 30 49 117 44 43 104 20 32 20 38
internal_value=-0.00709334 0.533339 0.350559 2.17114 0.558924 2.86521 -0.0640552 0.0871 0.194966 1.93948 5.15727 2.18755 -0.21327 -0.731533 -2.35971 -3.30993 -2.43462 -0.55121 1.7748 0.698578 -0.829852 -1.26451 -2.46518 -0.128649 0.318 0.170198 2.08252 1.0947 -0.0209396 -0.7176 -3.60752 -0.375062 2.13433 1.86205 -4.38074 -0.735663 -1.3873 -1.58282 -1.26112 3.70706 0.0524098 0.105834 0.0474001 2.8599 5.28867 1.51326 0.115021 0.459698 1.49703 -4.18592 -0.228009 1.87287 3.34063 0.195905 0.355961 -1.09255 -0.374812 -1.33646 0.499576 2.611 5.21853 7.05311
internal_weight=32176 3068 2845 224 149 223 29108 14460 2621 198 54 196 14648 2056 205 168 145 1851 136 114 89 118 93 12592 2392 2212 201 173 2011 821 87 734 180 153 43 1715 751 723 682 84 2423 2393 2362 157 56 101 75 1190 331 64 964 92 71 2172 1932 240 196 153 1815 110 78 58
internal_count=32176 3068 2845 224 149 223 29108 14460 2621 198 54 196 14648 2056 205 168 145 1851 136 114 89 118 93 12592 2392 2212 201 173 2011 821 87 734 180 153 43 1715 751 723 682 84 2423 2393 2362 157 56 101 75 1190 331 64 964 92 71 2172 1932 240 196 153 1815 110 78 58
is_linear=0
shrinkage=0.05


Tree=106
num_leaves=63
num_cat=0
split_feature=7 11 2 35 32 36 32 34 23 36 32 33 32 31 40 31 31 31 32 33 34 32 40 31 33 31 36 36 33 33 32 31 31 36 36 39 33 33 31 32 32 40 39 31 39 35 31 32 33 34 34 36 36 33 36 34 34 31 33 33 32 31
split_gain=357573 472057 290931 417568 276015 268367 237004 276681 235306 277537 251262 233698 231907 217913 517386 463810 286689 294667 342258 345167 244193 298720 237848 212665 231816 291876 437468 281325 243085 293390 307390 264573 233517 231607 228550 204807 267605 449915 253646 199143 224753 195650 178126 309522 178070 527271 307676 280751 216329 244783 194816 176954 184401 169642 167411 166777 340386 266274 230260 187654 210318 242244
threshold=1.0000000180025095e-35 1.0000000180025095e-35 1.0000000180025095e-35 933.35000000000025 331.75000000000006 359.52500000000003 29.850000000000005 465.85000000000008 1.0000000180025095e-35 298.01666666666671 396.45000000000005 399.55000000000007 113.15000000000002 448.25000000000006 5.5000000000000009 486.35000000000008 410.45000000000005 418.05000000000007 65.250000000000014 318.95000000000005 11.250000000000002 102.85000000000001 3.5000000000000004 71.050000000000011 423.05000000000007 62.750000000000007 242.21250000000003 220.91250000000005 29.750000000000004 83.050000000000011 396.45000000000005 56.250000000000007 56.250000000000007 195.6166666666667 216.37083333333337 1.0000000180025095e-35 472.55000000000007 409.65000000000003 394.65000000000003 495.05000000000007 485.65000000000003 5.5000000000000009 1.0000000180025095e-35 40.000000000000007 1.0000000180025095e-35 434.4500000000001 115.25000000000001 1.4500000000000002 485.45000000000005 1.0500000000000003 155.75000000000003 201.13750000000002 266.78333333333336 379.65000000000003 241.15833333333336 137.00000000000003 110.2 418.05000000000007 436.05000000000007 385.45000000000005 227.45000000000002 308.35000000000008
decision_type=2 2 2 2 2 2 2 2 2 2 2 2 2 2 2 2 2 2 2 2 2 2 2 2 2 2 2 2 2 2 2 2 2 2 2 2 2 2 2 2 2 2 2 2 2 2 2 2 2 2 2 2 2 2 2 2 2 2 2 2 2 2
left_child=6 2 8 4 -4 11 7 44 39 -10 -11 -3 13 16 20 -16 35 -18 -19 54 21 22 -15 24 25 28 27 33 42 30 -30 -31 41 -27 -33 -8 37 38 -37 40 55 51 -14 -44 48 46 -46 -48 49 -1 -51 -26 -53 -5 -20 56 -2 58 59 60 61 -57
right_child=1 5 3 53 -6 -7 12 -9 9 10 -12 -13 23 14 15 -17 17 18 19 -21 -22 -23 -24 -25 32 26 -28 -29 29 31 -32 34 -34 -35 -36 36 -38 -39 -40 -41 -42 -43 43 -45 45 -47 47 -49 -50 50 -52 52 -54 -55 -56 57 -58 -59 -60 -61 -62 -63
leaf_value=0.0039388913767923984 0.14633962577006518 2.7383209642120883 -0.9525755114484542 2.9398960078634868 3.6526204321222999 7.3952993640193228 -0.21660826769817143 5.3382438497543339 0.69616416404023773 1.9616234229456992 8.8590308236039217 -2.4372397079467776 0.056980981836605028 -4.0447760649025444 -1.3215988079706829 7.6623895096778867 6.9840021782300701 5.8327999291419985 -1.6107538029113238 -6.5719736576080328 -8.8861013845963921 -8.3469624083150524 1.1593498824458375 -0.22172335101810614 4.8148003448049232 1.014574318971569 7.7765415285314834 -4.5367890203744174 -1.8033444837847754 -0.11950428949725611 -8.8668736776709558 -0.76250085765900821 -2.6775963835094285 6.7855640566349029 -8.0707891334593302 -1.0265679009100945 3.4781534535544263 -6.7993315841022302 -6.2592307438453041 -3.9986446289221451 4.3302493605642551 5.3767287854726113 2.2640221295988292 -1.3548045048175696 -1.1620594642988038 1.5454838459751046 0.095369495110437144 2.0163118899268944 4.4514515631728697 -3.7400026026222237 -0.62583001386435511 -1.7419063893997153 3.1562118793075737 7.7166806763585889 3.3154600701161794 -1.9225921916961672 6.7013729327917106 2.6859602596078602 2.081026380126541 -6.0038273504802158 -0.15185697970089612 -7.69394850730896
leaf_weight=11052 2025 171 101 41 48 27 964 25 144 31 23 25 859 52 51 20 22 25 34 20 22 22 38 10200 30 133 28 20 67 691 20 23 23 20 20 661 28 38 24 30 31 48 254 77 436 768 1711 214 27 75 152 46 33 34 35 75 20 42 37 28 111 24
leaf_count=11052 2025 171 101 41 48 27 964 25 144 31 23 25 859 52 51 20 22 25 34 20 22 22 38 10200 30 133 28 20 67 691 20 23 23 20 20 661 28 38 24 30 31 48 254 77 436 768 1711 214 27 75 152 46 33 34 35 75 20 42 37 28 111 24
internal_value=-0.00673867 0.506672 0.333031 2.06258 0.530978 2.72195 -0.0608524 0.082745 0.185218 1.8425 4.89941 2.07817 -0.202607 -0.694956 -2.24173 1.2091 -0.52365 1.68606 0.663649 -0.78836 -4.07015 -3.12416 -1.84748 -0.122217 0.3021 0.161688 1.97839 1.03996 -0.0198926 -0.68172 -3.42714 -0.356309 2.02761 1.76895 -4.1617 -0.69888 -1.31794 -1.50368 -1.2099 0.0497893 0.100543 2.71691 0.436713 1.42218 0.073643 0.40746 0.0372766 0.308918 -0.0187427 -0.0294435 -1.65474 1.54561 0.304143 5.10537 0.88805 0.0450301 0.210448 -1.0221 -1.58842 -2.15888 -1.64622 -3.32171
internal_weight=32176 3068 2845 224 149 223 29108 14460 2621 198 54 196 14648 2056 205 71 1851 136 114 89 134 112 90 12592 2392 2212 201 173 2011 821 87 734 180 153 43 1715 751 723 685 2423 2393 157 1190 331 14435 3129 2361 1925 11306 11279 227 109 79 75 69 2362 2045 317 275 238 210 99
internal_count=32176 3068 2845 224 149 223 29108 14460 2621 198 54 196 14648 2056 205 71 1851 136 114 89 134 112 90 12592 2392 2212 201 173 2011 821 87 734 180 153 43 1715 751 723 685 2423 2393 157 1190 331 14435 3129 2361 1925 11306 11279 227 109 79 75 69 2362 2045 317 275 238 210 99
is_linear=0
shrinkage=0.05


Tree=107
num_leaves=63
num_cat=0
split_feature=7 25 31 4 35 33 33 33 31 13 33 31 34 34 36 34 31 36 36 31 31 31 31 33 33 35 31 33 33 33 36 30 36 31 33 36 34 34 18 31 36 36 35 31 31 36 36 31 24 28 34 34 34 39 36 38 25 34 34 8 33 34
split_gain=322709 454182 344138 263153 304685 224691 224054 309056 216913 214700 254659 410737 249791 285035 619785 246169 245059 213517 209601 223458 197333 197165 203476 191965 545996 355052 282393 179458 259694 218859 176701 152469 150817 236045 146810 146136 137239 159707 137082 174032 156543 478655 169843 136747 150664 438325 207937 180680 192144 185861 239530 207350 213793 226382 182982 178774 177224 239783 177085 187420 247429 341104
threshold=1.0000000180025095e-35 1.0000000180025095e-35 368.25000000000006 1.0000000180025095e-35 1055.7500000000002 187.75000000000003 83.050000000000011 321.25000000000006 468.85000000000008 1.0000000180025095e-35 476.05000000000007 119.55000000000001 29.350000000000005 95.600000000000009 294.5125000000001 467.85000000000008 1.8500000000000003 241.15833333333336 379.48750000000007 40.000000000000007 470.95000000000005 125.85000000000001 353.75000000000006 134.25000000000003 55.850000000000001 578.35000000000025 296.45000000000005 395.45000000000005 455.35000000000008 220.05000000000004 317.01666666666671 1.0000000180025095e-35 269.82916666666671 404.95000000000005 276.25000000000006 272.41250000000008 54.750000000000007 89.90000000000002 1.0000000180025095e-35 414.45000000000005 352.12500000000006 327.63333333333338 578.35000000000025 495.85000000000008 452.25000000000006 327.63333333333338 294.5125000000001 446.65000000000003 1.0000000180025095e-35 1.0000000180025095e-35 377.10000000000008 467.85000000000008 137.00000000000003 1.0000000180025095e-35 229.91666666666669 1.0000000180025095e-35 1.0000000180025095e-35 338.65000000000003 492.05000000000007 1.0000000180025095e-35 359.75000000000006 250.25000000000003
decision_type=2 2 2 2 2 2 2 2 2 2 2 2 2 2 2 2 2 2 2 2 2 2 2 2 2 2 2 2 2 2 2 2 2 2 2 2 2 2 2 2 2 2 2 2 2 2 2 2 2 2 2 2 2 2 2 2 2 2 2 2 2 2
left_child=9 2 18 4 6 -6 -4 20 -7 12 15 -12 38 14 17 35 -15 36 19 -2 32 27 31 24 25 -3 -25 29 -29 -21 -24 -23 33 -8 -31 -11 -14 -38 -1 -40 41 42 -41 44 47 46 -46 48 58 51 -51 52 -50 54 -54 -56 57 -55 59 -18 -61 -62
right_child=1 23 3 -5 5 8 7 -9 -10 10 11 -13 13 16 -16 -17 43 -19 -20 21 -22 22 30 26 -26 -27 -28 28 -30 34 -32 -33 -34 -35 -36 -37 37 -39 39 40 -42 -43 -44 -45 45 -47 -48 -49 49 50 -52 -53 53 56 55 -57 -58 -59 -60 60 61 -63
leaf_value=-0.011299356554159316 1.5221592208104475 0.54099152910298309 1.5241059055087272 -1.9834265898850008 7.8236616703180166 4.1910312727093695 -0.99552489735863436 3.5908818006515504 -0.65471005580004527 0.19008970549446313 8.971629183942623 -0.58452094093613005 -5.4561820809657764 3.7180955459053315 -10.306164469037739 5.1381707973205124 0.13153914630577637 1.6352175586973319 3.6640311341536673 -1.4031487216332734 1.9611444993452594 0.24825454924948984 -4.4902035140991208 2.3869936071255284 -4.4031944279709174 9.2006340312957757 7.4639843366896885 -7.5799987187385556 -0.037764549255371094 5.0474660507657312 0.14033020336769128 -4.0459361416952957 -0.13759947617848714 -7.814152959187826 0.16079692373088761 2.4574081367213432 -1.0402173283871483 -5.3203215907812123 -0.23114525342215184 -4.7093389829387888 -0.47630007282766718 -9.4507121357050803 -0.55755389872764316 3.5804089733532503 -2.3858952430337665 1.5475437734562618 -7.1321039922038709 3.2082285055092408 -4.3149970793000918 -5.6488751078903565 0.73363278025672551 -5.3877460346867645 -0.4938609496069451 -0.98437092720516139 6.0164510536193845 0.93720925559357904 1.0062848702720975 -6.2992744540795691 -3.7643911694779115 -2.0589309048889572 -3.1963195845058987 2.8348700943127483
leaf_weight=21381 196 29 445 59 26 72 22 30 34 2685 22 23 26 36 21 26 1426 48 38 317 22 1319 45 92 31 20 39 25 21 22 38 21 24 30 51 73 170 25 1754 32 189 22 107 21 100 65 30 35 34 49 21 24 72 63 30 41 46 32 34 239 35 71
leaf_count=21381 196 29 445 59 26 72 22 30 34 2685 22 23 26 36 21 26 1426 48 38 317 22 1319 45 92 31 20 39 25 21 22 38 21 24 30 51 73 170 25 1754 32 189 22 107 21 100 65 30 35 34 49 21 24 72 63 30 41 46 32 34 239 35 71
internal_value=-0.00640174 0.481338 0.316011 1.22429 1.49274 3.6584 0.99384 -0.849663 2.63674 -0.0578098 0.356064 4.08737 -0.102364 -0.549291 -2.03326 0.295752 -0.377426 -1.38742 -0.0155344 -0.083575 -2.20901 -0.252872 0.0321549 2.71991 0.79003 4.07554 3.89846 -1.18313 -4.1368 -0.834752 -2.3702 0.180958 -3.41616 -4.92935 1.63349 0.250102 -2.04392 -1.58895 -0.0491937 -0.434279 -1.45227 -2.59797 -1.51336 -0.437166 -0.471645 -1.80493 -3.48117 -0.356196 -0.412468 -1.38676 -3.73412 -0.906309 -0.568087 -0.119514 1.28225 3.08337 -1.54116 -2.77465 -0.19008 -0.12146 -1.16719 0.84344
internal_weight=32176 3068 2857 764 705 132 573 128 106 29108 2829 45 26279 2794 290 2784 2504 269 2093 2055 98 1859 1423 211 80 49 131 436 46 390 83 1340 76 52 73 2758 221 195 23485 2104 350 161 139 2468 2447 195 130 2252 2217 412 70 342 318 284 143 71 141 95 1805 1771 345 106
internal_count=32176 3068 2857 764 705 132 573 128 106 29108 2829 45 26279 2794 290 2784 2504 269 2093 2055 98 1859 1423 211 80 49 131 436 46 390 83 1340 76 52 73 2758 221 195 23485 2104 350 161 139 2468 2447 195 130 2252 2217 412 70 342 318 284 143 71 141 95 1805 1771 345 106
is_linear=0
shrinkage=0.05


Tree=108
num_leaves=63
num_cat=0
split_feature=9 13 33 33 32 36 33 36 32 35 35 36 40 40 31 31 34 31 35 32 32 35 35 33 7 32 34 36 39 39 31 35 33 36 32 31 36 33 33 33 32 33 33 40 36 31 29 34 35 32 33 33 29 32 32 33 31 33 36 35 32 32
split_gain=747526 366700 979096 535921 689198 473555 536124 417853 600145 430817 515404 372664 370473 370446 2.02016e+06 1.11195e+06 1.15042e+06 970982 478336 1.29224e+06 1.16138e+06 994719 928129 898163 649141 680676 1.01523e+06 1.30009e+06 806780 668465 535073 511253 472482 468847 498370 646096 705746 558825 520768 498343 1.02477e+06 450828 448658 668026 914435 868305 844355 506187 860249 511325 619407 411707 409983 579123 751437 676408 597135 488840 481840 574657 396762 382983
threshold=1.0000000180025095e-35 1.0000000180025095e-35 437.75000000000006 11.65 402.85000000000008 140.98750000000004 114.05000000000001 387.95000000000005 476.25000000000006 1455.95 1397.9500000000003 166.41000000000003 5.5000000000000009 1.5000000000000002 432.55000000000007 406.85000000000008 290.2000000000001 460.75000000000006 1069.4000000000003 466.85000000000008 179.45000000000002 712.95000000000016 1110.2000000000003 444.85000000000008 1.0000000180025095e-35 420.85000000000008 275.80000000000001 303.91666666666674 1.0000000180025095e-35 1.0000000180025095e-35 282.05000000000007 832.35000000000025 211.65000000000001 354.54166666666669 337.95000000000005 150.65000000000001 231.11250000000004 419.15000000000003 59.95000000000001 87.250000000000014 98.350000000000009 211.65000000000001 134.25000000000003 5.5000000000000009 321.08333333333343 414.45000000000005 1.0000000180025095e-35 227.45000000000002 933.35000000000025 161.90000000000003 357.45000000000005 3.0500000000000003 1.0000000180025095e-35 410.95000000000005 438.55000000000007 15.850000000000003 240.95000000000002 51.750000000000007 198.01000000000002 394.85000000000008 96.450000000000017 380.65000000000003
decision_type=2 2 2 2 2 2 2 2 2 2 2 2 2 2 2 2 2 2 2 2 2 2 2 2 2 2 2 2 2 2 2 2 2 2 2 2 2 2 2 2 2 2 2 2 2 2 2 2 2 2 2 2 2 2 2 2 2 2 2 2 2 2
left_child=-1 7 3 11 5 6 -5 9 -9 10 13 -3 -7 14 15 16 33 -16 19 23 -20 -21 30 42 25 26 27 -24 -27 -28 -22 -25 -18 34 37 36 -36 39 -37 51 -41 -23 52 44 45 46 47 48 49 60 -51 -2 53 55 56 -15 -55 -54 59 -57 -44 -45
right_child=1 2 -4 4 -6 12 -8 8 -10 -11 -12 -13 -14 18 17 -17 32 -19 20 21 22 41 24 31 -26 28 29 -29 -30 -31 -32 -33 -34 -35 35 38 -38 -39 -40 40 -42 -43 43 61 -46 -47 -48 -49 -50 50 -52 -53 57 54 -56 58 -58 -59 -60 -61 -62 -63
leaf_value=-0.083389634471939589 -0.013115860439918853 2.6467738747383867 12.22966738541921 -8.3039089549671523 -8.1884182756597337 1.5295368959009648 3.0070837926864624 1.7498323430972442 10.360996610468085 -5.8971856152569808 7.5958758583068846 11.202586443424225 8.9931307212166161 0.71443141635293461 -17.765910821375638 11.77621551513672 -12.774810218811036 -4.1109941101074226 -6.8144253819077107 2.5205660247802735 4.9137653446197511 -15.966644079034978 -15.052038375191067 -12.275939598083497 10.174029878948048 -0.81756764366513213 9.7336581929870292 2.3785428047180175 12.883706023476343 -2.7650362873077392 16.213668389753863 -1.3453568500021231 -2.8448042678833012 -6.5666952750899572 2.1007376718521118 -5.4407023228027604 15.22459172748384 7.1327340888977053 4.2734706318056261 -12.844443578305453 -0.65768255366795314 -5.5943781471252443 2.9268694905673756 -0.96532479638145086 -5.9028636476267948 14.002790026231246 11.08099483721184 9.0275312130267817 -7.2571566681067159 3.070816085625578 12.707018007550921 7.5445721852779393 -9.4341189301532253 15.048113287062874 -1.3100494130452474 0.62747503311737729 3.3864868081134301 1.1171882334209624 0.38918620685361471 -8.9528115467149387 -5.110475073541914 5.9141922318417102
leaf_weight=29174 182 35 24 22 22 60 20 252 22 27 25 20 23 836 23 20 23 30 27 20 20 22 23 20 23 21 23 20 22 20 22 23 25 22 20 22 21 25 37 23 69 20 34 168 23 22 33 26 24 81 21 20 23 21 30 23 23 21 53 49 28 23
leaf_count=29174 182 35 24 22 22 60 20 252 22 27 25 20 23 836 23 20 23 30 27 20 20 22 23 20 23 21 23 20 22 20 22 23 25 22 20 22 21 25 37 23 69 20 34 168 23 22 33 26 24 81 21 20 23 21 30 23 23 21 53 49 28 23
internal_value=-0.00608165 0.745212 2.68197 1.54759 -0.0277231 1.40856 -2.91772 0.587536 2.44124 0.384533 0.453061 5.75798 3.59776 0.380175 -0.746717 0.220611 -0.252011 -10.0367 0.715616 0.425839 2.9014 -6.65714 4.2536 0.699449 2.43568 1.05597 -1.51224 -6.94479 6.19239 3.92031 10.8328 -6.42935 -7.60293 0.548089 0.921658 4.00154 8.82271 -0.0438232 0.651237 -0.654075 -3.70437 -11.0275 0.895697 2.16225 3.66615 4.48432 3.63652 2.48854 1.58421 2.87807 5.05474 0.73517 0.32874 0.529694 4.79187 0.201494 8.95226 -4.39827 -3.22903 -5.89244 -0.702899 -0.136901
internal_weight=32176 3002 226 202 147 125 42 2776 274 2502 2475 55 83 2450 562 509 489 53 1888 1667 221 62 194 1605 152 129 86 43 43 43 42 43 48 441 419 100 41 319 59 294 92 42 1562 483 292 269 247 214 188 164 102 202 1079 1035 74 961 44 44 125 72 62 191
internal_count=32176 3002 226 202 147 125 42 2776 274 2502 2475 55 83 2450 562 509 489 53 1888 1667 221 62 194 1605 152 129 86 43 43 43 42 43 48 441 419 100 41 319 59 294 92 42 1562 483 292 269 247 214 188 164 102 202 1079 1035 74 961 44 44 125 72 62 191
is_linear=0
shrinkage=0.05


Tree=109
num_leaves=63
num_cat=0
split_feature=9 33 13 8 28 32 34 32 40 33 35 31 40 17 31 39 10 32 34 34 31 31 34 33 32 32 35 31 33 33 35 35 18 35 33 31 33 35 35 35 31 31 35 35 31 32 34 35 34 31 35 31 31 40 35 35 32 32 35 31 35 32
split_gain=674642 341140 863884 816180 700721 1.72952e+06 1.49877e+06 1.28785e+06 657709 604559 1.02475e+06 875289 601606 534343 504611 755246 385383 1.25856e+06 500887 921195 591135 595949 425444 548505 390796 846638 534487 1.99937e+06 602958 909584 860630 753434 510358 696194 556633 532144 485009 715388 467954 364153 837940 404982 348086 528750 326949 315228 330051 686748 487529 491698 636095 1.15675e+06 569430 484485 462040 424457 349808 446793 336296 327981 680391 390548
threshold=1.0000000180025095e-35 437.75000000000006 1.0000000180025095e-35 1.0000000180025095e-35 1.0000000180025095e-35 442.25000000000006 378.85000000000008 386.85000000000008 1.5000000000000002 444.85000000000008 860.05000000000007 184.05000000000004 3.5000000000000004 1.0000000180025095e-35 390.65000000000003 1.0000000180025095e-35 1.0000000180025095e-35 81.350000000000009 283.35000000000008 106.25000000000001 110.95000000000002 414.45000000000005 443.30000000000001 203.35000000000005 376.75000000000006 364.45000000000005 592.85000000000014 87.350000000000009 205.35000000000005 98.350000000000009 1032.6500000000003 825.05000000000007 1.0000000180025095e-35 587.85000000000014 111.75000000000001 460.75000000000006 104.05000000000001 662.50000000000011 880.85000000000002 651.1500000000002 247.15000000000001 283.85000000000008 924.45000000000016 1032.6500000000003 167.05000000000004 195.95000000000002 287.35000000000008 949.45000000000016 215.05000000000004 408.75000000000006 485.05000000000007 372.45000000000005 416.15000000000003 3.5000000000000004 607.45000000000016 452.85000000000008 69.250000000000014 156.25000000000003 412.35000000000008 396.85000000000008 759.00000000000011 244.65000000000001
decision_type=2 2 2 2 2 2 2 2 2 2 2 2 2 2 2 2 2 2 2 2 2 2 2 2 2 2 2 2 2 2 2 2 2 2 2 2 2 2 2 2 2 2 2 2 2 2 2 2 2 2 2 2 2 2 2 2 2 2 2 2 2 2
left_child=-1 4 3 9 13 6 7 8 -6 -3 -11 -12 -10 16 15 -13 22 -18 19 20 -19 -22 24 -24 25 32 27 -26 29 31 38 39 35 -34 -35 45 37 -37 -31 -28 -41 -42 -30 -44 -14 46 48 -48 49 50 55 53 -51 54 -52 58 -55 -58 -2 61 -61 -47
right_child=1 2 -4 -5 5 -7 -8 -9 12 10 11 14 44 -15 -16 -17 17 18 -20 -21 21 -23 23 -25 26 -27 28 -29 42 30 -32 -33 33 34 -36 36 -38 -39 -40 40 41 -43 43 -45 -46 59 47 -49 -50 52 51 -53 -54 56 -56 -57 57 -59 -60 60 -62 -63
leaf_value=-0.079220152996448384 0.55122722623255527 9.3745922199317402 11.618183811505636 -8.0033714485168463 -10.768069632711082 -13.802048410688128 12.463957071304321 8.0600312755658088 5.0858589129014451 -7.7950571746826176 12.876669139862059 -7.6729666874958928 0.70278171871019446 6.5967053773311468 7.1177179336547853 4.3785740192119889 9.0671281566619868 -11.436549625396729 -9.190890672471788 6.9598924484252933 0.17497346761979557 -8.7243796157836915 -8.4816451743797021 2.4431284761428835 0.15306720920862296 -6.728058360752307 -6.2167246341705322 19.597478942871096 8.4402862766810838 -6.5503412246704107 -13.728059997558596 6.0097537510430641 -6.766267232333913 7.7104331606910339 -1.8586495330116966 4.644233895859248 9.1617779650006987 -5.8607601983206621 4.1362394287472686 9.6235607385635387 -8.003402023315429 0.91568092959267755 -3.0983496764610554 4.6864535955881532 -6.4158134654716212 4.849691378967516 -8.1238644123077393 3.5126263709295369 6.9234788467144144 10.920525531768799 0.10804014444351195 -11.471842056512834 1.807789980893334 7.2003862690925606 -10.639516808986665 7.5286652474176323 -5.0477263314383372 3.600854579359293 -4.6135194258256389 -7.0659833447686555 3.5888136217671054 1.4118198100282757
leaf_weight=29174 702 28 24 20 29 28 20 26 22 25 20 26 23 39 24 26 25 20 27 25 76 25 27 20 39 38 24 20 35 20 20 67 51 21 55 71 35 21 21 20 20 35 29 88 54 116 32 21 29 20 20 32 120 20 20 21 28 32 33 29 31 287
leaf_count=29174 702 28 24 20 29 28 20 26 22 25 20 26 23 39 24 26 25 20 27 25 76 25 27 20 39 38 24 20 35 20 20 67 51 21 55 71 35 21 21 20 20 35 29 88 54 116 32 21 29 20 20 32 120 20 20 21 28 32 33 29 31 287
internal_value=-0.00577757 0.707951 2.74138 1.48076 0.568239 -2.26877 -0.412845 -2.08516 -4.1459 2.7538 1.22172 3.56984 -2.20607 0.788062 1.12067 -1.6472 0.699846 -1.4193 -2.93468 -1.77771 -3.583 -2.02784 0.876889 -3.83281 0.972177 0.659568 2.31754 6.74439 1.6284 -0.00353691 -5.2247 1.91509 0.81156 -2.24714 0.785439 1.03741 4.15218 2.24635 -1.07673 -0.856054 0.85936 -2.32762 4.06556 2.75689 -4.28948 0.789084 0.338863 -3.51318 0.528425 0.351463 -0.0738022 -3.0252 3.10961 -0.772757 -5.26574 0.5196 1.47373 -0.43515 0.319341 1.8879 -1.561 2.40138
internal_weight=32176 3002 193 169 2809 202 174 154 128 149 121 96 99 2607 76 52 2568 198 173 146 121 101 2370 47 2323 1885 438 59 379 227 61 166 1847 127 76 1720 127 92 41 99 75 55 152 117 77 1593 1130 53 1077 1048 908 152 140 120 40 756 80 60 735 463 60 403
internal_count=32176 3002 193 169 2809 202 174 154 128 149 121 96 99 2607 76 52 2568 198 173 146 121 101 2370 47 2323 1885 438 59 379 227 61 166 1847 127 76 1720 127 92 41 99 75 55 152 117 77 1593 1130 53 1077 1048 908 152 140 120 40 756 80 60 735 463 60 403
is_linear=0
shrinkage=0.05


Tree=110
num_leaves=63
num_cat=0
split_feature=9 31 36 27 31 31 35 35 31 4 35 33 29 33 33 33 36 35 21 31 31 31 8 33 33 33 25 33 33 33 31 31 36 33 33 36 36 35 35 35 33 13 40 40 36 37 11 31 35 31 33 12 33 35 36 36 36 36 36 31 40 36
split_gain=656374 481076 1.4109e+06 455669 442244 478676 455858 772973 536827 643546 523890 833848 787754 536697 641876 762075 1.40482e+06 439406 1.10372e+06 1.87492e+06 1.04649e+06 596858 475249 1.28203e+06 811569 615165 482087 680195 1.05107e+06 815059 336658 314156 302601 298771 681526 469366 278961 275855 518963 462779 425641 330288 491352 396555 434611 298365 257259 885420 481876 283613 1.02424e+06 1.06433e+06 1.32485e+06 550294 1.02166e+06 556388 528711 511827 650510 501912 690080 1.45836e+06
threshold=1.0000000180025095e-35 488.35000000000008 428.28333333333336 1.0000000180025095e-35 484.75000000000006 478.75000000000006 1203.6500000000003 1170.4500000000003 426.45000000000005 1.0000000180025095e-35 1044.7500000000002 125.55000000000001 1.0000000180025095e-35 442.95000000000005 399.55000000000007 271.80000000000001 275.04166666666669 967.45000000000016 1.0000000180025095e-35 224.05000000000004 382.95000000000005 257.45000000000005 1.0000000180025095e-35 65.950000000000017 138.65000000000001 355.45000000000005 1.0000000180025095e-35 427.15000000000003 466.95000000000005 405.05000000000007 296.45000000000005 380.65000000000003 296.12500000000006 0.95000000000000007 207.65000000000001 167.7416666666667 323.02500000000003 940.45000000000016 909.35000000000014 894.95000000000016 116.25000000000001 1.0000000180025095e-35 1.5000000000000002 5.5000000000000009 153.21000000000004 3.5000000000000004 1.0000000180025095e-35 343.95000000000005 578.35000000000025 326.15000000000003 1.7500000000000002 1.0000000180025095e-35 93.200000000000003 485.05000000000007 249.34500000000003 233.41666666666669 338.42000000000002 225.27083333333334 217.45833333333334 226.05000000000004 4.5000000000000009 252.83333333333337
decision_type=2 2 2 2 2 2 2 2 2 2 2 2 2 2 2 2 2 2 2 2 2 2 2 2 2 2 2 2 2 2 2 2 2 2 2 2 2 2 2 2 2 2 2 2 2 2 2 2 2 2 2 2 2 2 2 2 2 2 2 2 2 2
left_child=-1 3 -3 4 5 6 7 10 9 30 17 -12 13 14 15 16 -13 22 19 -19 36 -20 26 -24 -25 -26 27 29 -29 37 -8 -32 -9 -28 35 -35 -21 38 39 41 -40 46 -43 45 -45 -44 49 48 -48 56 53 52 -52 55 -55 -51 57 58 -2 60 61 -59
right_child=1 2 -4 -5 -6 -7 8 32 -10 -11 11 12 -14 -15 -16 -17 -18 18 21 20 -22 -23 23 24 25 -27 33 28 -30 -31 31 -33 -34 34 -36 -37 -38 -39 40 -41 -42 42 43 44 -46 -47 47 -49 -50 50 51 -53 -54 54 -56 -57 -58 59 -60 -61 -62 -63
leaf_value=-0.085629697148550912 -0.0065000953914277695 -9.411774547283466 6.4239906359802594 -4.5823117843041059 8.088155864533924 -5.4769351704915366 7.2983073646957806 -10.538632473945619 8.0450961150063414 -5.3279290345998911 12.251846738483595 7.785018615722656 -6.4971191655034604 10.853847739810035 -4.9550160820484166 8.1403291108473308 -9.150658297538758 -18.659200057983398 -1.3120251178741456 6.7642567038536079 -8.6929472893476483 9.8390006134907413 6.0326782063075477 -13.338191878277323 0.31663139462471013 -10.001840577125549 0.32886773766698063 10.91219239846254 -2.7558711333708334 -8.9485344453291464 -1.2365517480428829 5.7256430479196405 -1.8409180450439455 4.4806130790710448 0.95508754925850115 14.953854627194614 -0.64439578232941808 5.8454809577419207 0.54374846220016482 8.3562198638916012 -8.9920965347290043 8.2524643975145686 2.054732105976496 0.16174550283522834 10.334197643824986 -4.4595365971326828 4.6271702077653671 -11.365553064346315 -3.4982711134730162 9.2215772070884707 19.830907769636678 -3.0651922075521378 4.6212431949165813 -12.159893836975099 -0.13861439761362579 1.3500181955776434 -6.022684478759766 9.9583400617946296 -7.189421577887102 0.6186846155151029 8.1644766546785839 -7.2443750245230536
leaf_weight=29046 703 39 22 39 21 30 37 20 45 26 23 25 23 21 25 53 24 20 24 24 32 24 35 23 52 20 37 39 22 22 43 26 20 20 39 23 27 26 22 20 25 34 39 21 21 32 36 20 37 25 22 21 41 20 152 220 33 22 33 214 64 28
leaf_count=29046 703 39 22 39 21 30 37 20 45 26 23 25 23 21 25 53 24 20 24 24 32 24 35 23 52 20 37 39 22 22 43 26 20 20 39 23 27 26 22 20 25 34 39 21 21 32 36 20 37 25 22 21 41 20 152 220 33 22 33 214 64 28
internal_value=-0.0131703 0.694039 -3.70051 0.786001 0.858798 0.805622 0.872339 0.708128 3.32901 1.72126 0.813924 3.31372 2.11151 3.44934 2.22497 3.98478 -0.510007 0.613029 -1.99846 -4.91665 -1.60519 4.26349 0.787283 -2.14774 -5.16158 -2.54961 0.966164 0.783446 5.98273 0.621051 3.45031 1.38688 -6.18978 4.05855 5.74146 10.0826 2.84203 0.730078 0.660262 0.791517 -4.52851 0.709202 2.9825 1.39685 5.24797 -0.881276 0.511583 -2.04483 0.508796 0.66036 1.64602 6.68312 9.93255 0.631358 -1.53644 2.15324 0.210207 0.40352 -0.32856 2.04624 4.72603 0.32482
internal_weight=32022 2976 61 2915 2876 2855 2825 2648 177 132 2608 194 171 148 127 102 49 2414 151 103 83 48 2263 130 95 72 2133 2014 61 1953 106 69 40 119 82 43 51 1931 1905 1858 47 1838 147 113 42 71 1691 93 73 1598 501 84 63 417 172 245 1097 1064 736 328 114 50
internal_count=32022 2976 61 2915 2876 2855 2825 2648 177 132 2608 194 171 148 127 102 49 2414 151 103 83 48 2263 130 95 72 2133 2014 61 1953 106 69 40 119 82 43 51 1931 1905 1858 47 1838 147 113 42 71 1691 93 73 1598 501 84 63 417 172 245 1097 1064 736 328 114 50
is_linear=0
shrinkage=0.05


Tree=111
num_leaves=63
num_cat=0
split_feature=9 31 36 27 31 31 35 35 32 32 35 32 32 36 39 32 8 36 33 33 31 32 28 36 32 36 31 25 35 36 31 35 29 32 31 31 35 13 33 33 36 33 33 5 36 33 33 35 32 32 32 31 35 32 31 32 35 35 35 31 33 32
split_gain=592377 434171 1.27334e+06 411242 399125 432005 411411 697609 624998 1.06608e+06 484545 405291 522221 2.35957e+06 1.45014e+06 641384 468087 1.08607e+06 1.30881e+06 1.07218e+06 761910 521353 827814 794982 835578 785109 706991 503104 480903 420216 376990 528312 323208 838266 1.14309e+06 414965 472119 390547 341546 636185 1.73759e+06 1.56334e+06 326420 370817 942982 814216 475439 479603 329055 704838 660139 506375 952528 652055 656710 555370 416453 910153 306419 278452 295359 580155
threshold=1.0000000180025095e-35 488.35000000000008 428.28333333333336 1.0000000180025095e-35 484.75000000000006 478.75000000000006 1203.6500000000003 1170.4500000000003 472.65000000000003 444.35000000000008 1140.1000000000001 491.15000000000003 448.55000000000007 309.52500000000003 1.0000000180025095e-35 438.55000000000007 1.0000000180025095e-35 286.95833333333343 65.950000000000017 279.65000000000003 199.85000000000005 378.65000000000003 1.0000000180025095e-35 258.24166666666673 418.85000000000008 246.95833333333337 265.85000000000008 1.0000000180025095e-35 623.6500000000002 252.83333333333337 162.95000000000002 511.05000000000007 1.0000000180025095e-35 107.15000000000002 123.85000000000001 380.65000000000003 770.85000000000025 1.0000000180025095e-35 463.55000000000007 427.15000000000003 248.08750000000001 402.75000000000006 357.45000000000005 1.0000000180025095e-35 225.27083333333334 114.05000000000001 315.35000000000008 860.05000000000007 63.150000000000013 77.250000000000014 28.750000000000004 372.45000000000005 582.6500000000002 170.05000000000004 416.15000000000003 296.25000000000006 916.25000000000011 812.6500000000002 702.05000000000007 426.45000000000005 328.85000000000008 358.65000000000003
decision_type=2 2 2 2 2 2 2 2 2 2 2 2 2 2 2 2 2 2 2 2 2 2 2 2 2 2 2 2 2 2 2 2 2 2 2 2 2 2 2 2 2 2 2 2 2 2 2 2 2 2 2 2 2 2 2 2 2 2 2 2 2 2
left_child=-1 3 -3 4 5 6 7 10 9 59 11 12 15 14 29 16 21 18 -18 28 -21 27 23 25 -25 30 -26 32 -20 -14 31 -23 37 -34 -35 36 -36 38 39 41 -41 42 43 46 45 -45 48 -48 50 -50 -2 56 -53 -54 -55 -56 57 58 -51 60 -8 -62
right_child=1 2 -4 -5 -6 -7 8 -9 -10 -11 -12 -13 13 -15 -16 -17 17 -19 19 20 -22 22 -24 24 26 -27 -28 -29 -30 -31 -32 -33 33 34 35 -37 -38 -39 -40 40 -42 -43 -44 44 -46 -47 47 -49 49 51 -52 52 53 54 55 -57 -58 -59 -60 -61 61 -63
leaf_value=-0.081348212822278332 0.7987038021248194 -8.94118579473251 6.1027911316264758 -4.3531963348388674 7.6837479273478202 -5.2030883061885831 -1.9804621140162153 -5.8802864718437196 10.488690498352051 -7.0522099742182975 6.2339606085419659 -5.5227682260366588 11.141595554351808 -2.5149091092315885 1.5670922858374459 -6.3457948988134216 9.992084121704103 -12.5553556623913 -1.1513476376732192 -3.8727821159362792 9.341017224391301 -0.78241203682763238 11.872398831446965 2.5903659376833179 -13.098348731994628 13.033478214263917 -0.36968646844228115 3.772173443614927 -10.062996404345443 21.268430479651407 -2.3662535826365154 9.6309697019642808 -9.192539019738474 -10.344514131546021 5.0055672119403711 8.8813123009421613 -4.4748894340048233 3.0350009076449336 -5.1324296348861296 17.282498893737792 -2.4901799392700195 -12.671305494723114 4.8642289276893544 -7.1544675350189211 9.80387094770159 6.380616350173951 -10.699517946243287 0.2504045629501343 -7.0889179907347035 0.63733453904982096 9.4210633982782781 -11.362107144869292 6.031391518204301 2.0697709786264524 -11.109245086538381 -0.27882517814636232 7.7511907005310068 -8.3569255144468375 6.6918700662526227 7.5431351081745053 8.3641582065158424 -1.5506819205284119
leaf_weight=29046 637 39 22 39 21 30 27 40 25 27 40 26 20 74 28 33 25 21 24 20 24 21 24 72 20 25 24 117 41 21 24 29 31 20 29 22 24 147 28 20 25 23 41 25 35 20 20 20 38 417 23 26 27 38 29 20 20 28 22 37 36 25
leaf_count=29046 637 39 22 39 21 30 27 40 25 27 40 26 20 74 28 33 25 21 24 20 24 21 24 72 20 25 24 117 41 21 24 29 31 20 29 22 24 147 28 20 25 23 41 25 35 20 20 20 38 417 23 26 27 38 29 20 20 28 22 37 36 25
internal_value=-0.0125118 0.659337 -3.51549 0.746701 0.815858 0.765341 0.828722 0.672722 3.16256 1.95761 0.773228 0.68817 0.751696 3.68702 10.3384 0.576727 0.673279 -1.98288 -0.326002 -2.69254 3.33474 0.859487 3.06493 2.08177 -0.72701 5.37287 -6.15544 0.592194 -6.77254 16.3285 2.78483 5.25735 0.391624 -2.05322 0.276449 3.10871 0.71253 0.569791 0.340723 0.439338 6.29768 0.264636 0.464856 0.34003 3.64858 -1.13887 0.146122 -5.22456 0.308256 -0.476722 1.09918 -0.0759824 -2.72615 -0.756542 -2.86314 -6.68867 0.685872 0.383289 0.940751 3.90373 2.37352 4.3007
internal_weight=32022 2976 61 2915 2876 2855 2825 2648 177 152 2608 2568 2542 143 69 2399 2366 155 134 109 44 2211 239 215 116 99 44 1972 65 41 74 50 1855 126 95 75 53 1729 1582 1554 45 1509 1486 1445 80 45 1365 40 1325 665 660 627 140 114 87 49 487 467 439 125 88 61
internal_count=32022 2976 61 2915 2876 2855 2825 2648 177 152 2608 2568 2542 143 69 2399 2366 155 134 109 44 2211 239 215 116 99 44 1972 65 41 74 50 1855 126 95 75 53 1729 1582 1554 45 1509 1486 1445 80 45 1365 40 1325 665 660 627 140 114 87 49 487 467 439 125 88 61
is_linear=0
shrinkage=0.05


Tree=112
num_leaves=63
num_cat=0
split_feature=10 18 25 34 8 24 12 32 22 32 36 28 33 38 34 33 37 32 32 36 33 34 34 36 35 36 36 4 33 35 32 36 36 33 36 32 34 12 39 6 33 33 33 36 34 34 35 33 32 34 23 36 36 36 32 36 36 34 34 39 35 35
split_gain=328917 261483 287860 513629 422700 395337 390413 355907 292711 398470 298065 247229 306230 283128 430249 312554 244589 300398 288520 250692 232855 203432 352850 226698 201010 197165 196841 201416 376631 208473 815331 215192 192727 186509 199298 180373 179892 172359 386984 245268 228836 503809 225925 166359 165062 215601 163599 163278 157805 155047 149256 180582 299647 762440 228766 147628 254290 200542 288839 293438 197411 158595
threshold=1.0000000180025095e-35 1.0000000180025095e-35 1.0000000180025095e-35 480.2000000000001 1.0000000180025095e-35 1.0000000180025095e-35 1.0000000180025095e-35 189.75000000000003 1.0000000180025095e-35 314.05000000000007 183.88333333333335 1.0000000180025095e-35 469.35000000000008 1.0000000180025095e-35 100.95000000000002 96.15000000000002 4.5000000000000009 489.55000000000007 480.05000000000007 211.48750000000004 361.75000000000006 19.850000000000005 97.300000000000026 219.77083333333334 873.85000000000014 400.05000000000007 76.050000000000026 1.0000000180025095e-35 255.05000000000004 548.05000000000007 154.35000000000005 202.21666666666673 161.38750000000002 217.75000000000003 246.95833333333337 474.15000000000003 80.850000000000009 1.0000000180025095e-35 1.0000000180025095e-35 1.0000000180025095e-35 64.050000000000011 96.15000000000002 414.65000000000003 213.91250000000005 29.350000000000005 13.300000000000002 522.6500000000002 271.80000000000001 143.55000000000004 4.1500000000000012 1.0000000180025095e-35 307.47500000000008 251.61250000000004 242.21250000000003 406.45000000000005 221.96250000000003 265.25500000000005 281.35000000000008 463.65000000000003 1.0000000180025095e-35 916.25000000000011 1170.4500000000003
decision_type=2 2 2 2 2 2 2 2 2 2 2 2 2 2 2 2 2 2 2 2 2 2 2 2 2 2 2 2 2 2 2 2 2 2 2 2 2 2 2 2 2 2 2 2 2 2 2 2 2 2 2 2 2 2 2 2 2 2 2 2 2 2
left_child=1 2 37 4 5 6 8 24 9 11 -11 12 13 14 26 -16 17 18 19 -12 -9 -2 23 -23 -6 50 -4 28 29 46 -31 -32 -8 -7 -35 55 -34 -1 40 42 -39 -42 43 44 45 -40 -28 -10 -15 -44 51 52 53 -21 -54 60 61 -58 59 -59 -24 -57
right_child=21 -3 3 -5 7 33 32 20 47 10 16 -13 -14 48 15 -17 -18 -19 -20 25 -22 22 35 -25 -26 -27 27 -29 -30 30 31 -33 36 34 -36 -37 -38 38 39 -41 41 -43 49 -45 -46 -47 -48 -49 -50 -51 -52 -53 54 -55 -56 56 57 58 -60 -61 -62 -63
leaf_value=-0.010601392614883565 -0.29377950848375423 -0.41492448766583456 -2.4581169227404254 8.200656721808695 -2.7492121738466349 -3.1688053888744783 1.3244968635004921 -1.0605824512185402 -6.717060306072236 -3.2353753032879191 7.0271149516105655 -1.9008989715797675 6.037558212280274 -4.3536766472316932 9.3332237915559251 2.2816690722378818 -1.3925909645500638 -2.419598395270961 8.6413020815168107 3.3417427297224083 4.0114519801633106 -2.5104939427640702 -0.85941724617933402 -8.1217230576056032 -8.471122846603393 5.6893876047510856 0.66294223688698073 -2.27716543736129 4.7366928730692184 -9.462763504028322 -3.0922591147215472 2.6992030761573673 6.4131820242283712 -3.1061995829854694 2.2441152645194014 3.0593211416687289 1.8470186780480777 0.3119584416944523 1.0919396203564347 -2.088229432635837 -7.7174806153884647 -0.56348778933438259 2.2078427269061409 3.0202192556999981 -0.80191883713591339 5.5423684595028568 5.1338063194638215 -0.32805575206875803 -0.51644208028509808 7.3812407740524835 4.9305971728430862 0.011570125567812881 2.2694563683710602 -7.4431693719780974 7.099978433376136 -2.6385744434650817 1.7280671626802477 -6.2692846535891293 2.958473019187267 -0.72188265545893526 2.7333984822643047 -7.215042221027872
leaf_weight=21234 2348 2853 56 22 66 90 74 103 20 26 30 111 25 42 22 55 42 28 21 57 29 54 174 27 20 38 798 58 56 25 23 53 59 28 46 28 34 1428 293 45 27 278 30 126 102 30 21 20 74 28 36 119 57 23 43 107 63 40 26 59 49 23
leaf_count=21234 2348 2853 56 22 66 90 74 103 20 26 30 111 25 42 22 55 42 28 21 57 29 54 174 27 20 38 798 58 56 25 23 53 59 28 46 28 34 1428 293 45 27 278 30 126 102 30 21 20 74 28 36 119 57 23 43 107 63 40 26 59 49 23
internal_value=-0.0118862 0.039616 0.0891672 0.593862 0.527664 0.726283 0.907106 -1.57696 0.711198 0.798537 1.98258 0.364637 0.556896 0.450102 0.684278 4.2964 2.25721 2.59635 2.9276 2.62986 0.0537281 -0.510486 -1.29329 -4.3809 -4.07989 2.27619 0.429109 0.585478 0.755594 0.513266 -1.63003 0.946524 3.22868 -1.63986 0.219672 -0.853758 4.74383 0.034683 0.437518 1.47385 0.0464253 -1.19679 1.73706 1.42461 0.951562 1.50529 0.77758 -3.52256 -1.90579 4.70535 1.88902 1.52281 2.52191 0.241081 4.34658 -1.05628 -1.74795 -0.572202 -1.73154 -2.96326 -0.0699645 -3.44826
internal_weight=32022 29024 26171 2550 2528 2310 2146 218 1979 1939 520 1419 1308 1283 1167 77 494 452 424 403 132 2998 650 81 86 373 1090 1034 976 920 101 76 167 164 74 569 93 23621 2387 654 1733 305 609 551 425 323 819 40 116 58 335 299 180 80 100 541 318 188 125 99 223 130
internal_count=32022 29024 26171 2550 2528 2310 2146 218 1979 1939 520 1419 1308 1283 1167 77 494 452 424 403 132 2998 650 81 86 373 1090 1034 976 920 101 76 167 164 74 569 93 23621 2387 654 1733 305 609 551 425 323 819 40 116 58 335 299 180 80 100 541 318 188 125 99 223 130
is_linear=0
shrinkage=0.05


Tree=113
num_leaves=63
num_cat=0
split_feature=10 7 34 32 6 12 31 36 32 21 33 36 33 31 33 23 31 32 31 36 34 34 36 32 2 11 31 36 36 31 32 31 33 13 32 12 17 36 32 33 32 32 33 40 34 34 40 32 31 33 33 34 31 32 34 34 33 32 33 32 34 33
split_gain=296848 254682 428027 385554 289891 301236 224790 306176 275143 216012 444551 359791 256076 253887 329498 225986 214469 208887 199444 198523 183597 318448 204595 182523 178117 398407 247624 220357 218735 213805 189747 177337 249123 290833 175049 167580 165535 165509 162786 161487 156854 462069 271093 168229 267243 208707 215091 190007 318120 148433 147961 146558 145201 213160 144365 301459 363385 379985 496802 424856 379498 311057
threshold=1.0000000180025095e-35 1.0000000180025095e-35 426.25000000000006 402.85000000000008 1.0000000180025095e-35 1.0000000180025095e-35 209.75000000000003 258.24166666666673 458.65000000000003 1.0000000180025095e-35 379.65000000000003 347.52916666666675 330.95000000000005 448.25000000000006 183.15000000000001 1.0000000180025095e-35 187.85000000000005 231.95000000000002 349.95000000000005 282.51250000000005 19.850000000000005 97.300000000000026 219.77083333333334 468.75000000000006 1.0000000180025095e-35 1.0000000180025095e-35 195.85000000000005 219.77083333333334 273.71250000000003 115.25000000000001 382.75000000000006 40.000000000000007 477.95000000000005 1.0000000180025095e-35 3.2500000000000004 1.0000000180025095e-35 1.0000000180025095e-35 234.53750000000005 474.15000000000003 277.85000000000008 60.750000000000007 73.200000000000003 20.950000000000003 1.0000000180025095e-35 144.25000000000003 89.90000000000002 1.5000000000000002 221.05000000000004 359.55000000000007 434.15000000000003 414.65000000000003 453.00000000000006 380.65000000000003 352.45000000000005 4.1500000000000012 169.45000000000002 20.950000000000003 460.75000000000006 289.05000000000007 87.750000000000014 28.350000000000005 109.55000000000001
decision_type=2 2 2 2 2 2 2 2 2 2 2 2 2 2 2 2 2 2 2 2 2 2 2 2 2 2 2 2 2 2 2 2 2 2 2 2 2 2 2 2 2 2 2 2 2 2 2 2 2 2 2 2 2 2 2 2 2 2 2 2 2 2
left_child=1 24 3 4 5 9 7 -5 -9 10 12 19 13 -3 -15 17 -4 34 -18 -12 -2 22 -22 -8 31 26 28 -27 30 -30 37 32 36 -34 -11 40 51 -26 -23 -31 42 -42 -28 47 45 46 -45 48 -43 -48 -7 -1 -46 -54 -33 56 60 59 -59 61 -56 -58
right_child=20 2 16 6 -6 50 23 8 -10 15 11 -13 -14 14 -16 -17 18 -19 -20 -21 21 38 -24 -25 25 27 35 -29 29 39 -32 54 33 -35 -36 -37 -38 -39 -40 -41 41 43 -44 44 52 -47 49 -49 -50 -51 -52 -53 53 -55 55 -57 57 58 -60 -61 -62 -63
leaf_value=0.21835095576635905 -0.27909053742894613 -0.29909121181765158 6.8093903365888098 2.2407838349248848 -2.0983730534349916 1.7520459478264614 1.8147003207069177 0.90248723700642586 -5.1227596759796148 3.6511918902397156 -2.7661301889840297 1.3587112585703531 3.4903935905897394 2.5355868215297725 -4.140864374524071 6.3177839064598089 -1.5214739146439926 2.3438411286290814 5.3056210041046148 -7.6156480994489462 -2.3849693033430315 -1.0034694362232073 -7.7156369001777083 4.7644590214837956 -0.32542631747569084 0.22161532384409033 0.79185093379344051 3.6538397254735018 0.45583085925490768 -2.3128285845120748 1.608553834394975 -0.067442716290083568 -0.079757863879203805 8.447149674054236 -0.56111322291159405 2.7424976145112239 -3.838175763130188 -3.3375977238830252 2.9063550659588406 -8.2434520504691378 -7.4457725360989571 0.093126545781674605 4.709434631345224 -4.2855743596187006 -0.96269063277983324 5.3537381124496468 0.16308270740846639 0.57691205146589453 8.2411547126770017 3.6732291430234909 6.3285910177230837 4.0594680408239361 -8.2181920800890236 -1.0056179356575012 7.3437514117519775 -0.076723716058961805 -9.7299843680858622 -1.9491355904377998 -11.846390787902333 -0.68614661472427818 -0.12875949085344759 -2.9158737775372359
leaf_weight=3723 2348 1249 38 102 137 151 156 40 36 28 51 33 53 154 21 20 23 147 20 36 54 541 27 79 658 71 447 137 27 24 121 17743 20 20 207 86 25 49 28 22 20 23 49 26 71 20 512 112 25 32 20 25 21 20 21 1384 20 32 21 424 89 103
leaf_count=3723 2348 1249 38 102 137 151 156 40 36 28 51 33 53 154 21 20 23 147 20 36 54 541 27 79 658 71 447 137 27 24 121 17743 20 20 207 86 25 49 28 22 20 23 49 26 71 20 512 112 25 32 20 25 21 20 21 1384 20 32 21 424 89 103
internal_value=-0.0112919 0.0376352 0.49082 0.384159 0.132287 0.273117 1.7911 0.450787 -1.95158 0.100817 -0.159956 -3.08665 0.0778254 -0.0491873 1.73441 1.13677 4.07254 0.865517 1.65392 -4.77283 -0.484961 -1.22863 -4.16186 2.80632 -0.0107716 0.384301 0.199787 2.48226 -0.45238 -3.07612 -0.22106 -0.0537535 0.258537 4.1837 -0.0592215 0.601154 0.216924 -0.534191 -0.81107 -5.14921 0.467515 0.067478 1.17887 0.241799 -0.0916723 0.333375 0.157222 1.70491 4.33689 0.369562 2.28731 0.243972 -2.33076 -4.69986 -0.113781 -0.506415 -1.34401 -1.82835 -5.87069 -1.43667 1.29781 -4.02386
internal_weight=32022 29024 2801 2720 2307 2170 413 178 76 1999 1597 120 1477 1424 175 402 81 382 43 87 2998 650 81 235 26223 2573 2365 208 901 73 828 23650 3813 40 235 1464 3773 707 569 46 1378 882 496 862 702 590 570 160 48 544 171 3748 112 41 19837 2094 710 600 53 547 110 123
internal_count=32022 29024 2801 2720 2307 2170 413 178 76 1999 1597 120 1477 1424 175 402 81 382 43 87 2998 650 81 235 26223 2573 2365 208 901 73 828 23650 3813 40 235 1464 3773 707 569 46 1378 882 496 862 702 590 570 160 48 544 171 3748 112 41 19837 2094 710 600 53 547 110 123
is_linear=0
shrinkage=0.05


Tree=114
num_leaves=63
num_cat=0
split_feature=8 13 25 36 33 7 33 12 31 32 33 33 32 36 31 32 31 31 7 32 36 31 4 34 36 36 37 25 36 36 34 34 36 32 33 31 36 31 32 34 34 32 4 31 33 34 34 31 33 31 31 32 33 32 36 33 34 33 33 36 31 28
split_gain=241213 264052 282808 270411 266139 229313 227684 202027 294680 242691 203959 188039 187905 177488 256867 236850 256946 439349 211459 203525 226277 184501 183393 156764 305634 230032 148694 147624 135626 149145 133091 133009 142539 129174 168153 257869 189271 125981 122938 122245 119239 115352 114912 224616 396952 172765 188502 170375 226161 170012 146401 193488 168331 120970 324525 112943 319436 256478 290898 408955 229328 126402
threshold=1.0000000180025095e-35 1.0000000180025095e-35 1.0000000180025095e-35 116.48333333333333 119.55000000000001 1.0000000180025095e-35 399.55000000000007 1.0000000180025095e-35 468.85000000000008 470.75000000000006 24.450000000000003 27.550000000000004 175.95000000000002 444.47500000000008 488.35000000000008 491.15000000000003 156.65000000000001 102.45000000000002 1.0000000180025095e-35 430.85000000000008 218.61250000000004 498.05000000000007 1.0000000180025095e-35 481.95000000000005 288.61000000000007 329.71250000000009 3.5000000000000004 1.0000000180025095e-35 255.47083333333339 248.08750000000001 478.50000000000006 162.50000000000003 128.62500000000003 448.55000000000007 307.15000000000003 320.15000000000003 317.01666666666671 478.75000000000006 416.95000000000005 430.80000000000001 56.95000000000001 482.05000000000007 1.0000000180025095e-35 472.65000000000003 116.25000000000001 472.75000000000006 463.65000000000003 484.75000000000006 116.25000000000001 486.35000000000008 478.75000000000006 77.250000000000014 29.750000000000004 468.75000000000006 340.75000000000006 363.85000000000008 237.15000000000001 28.550000000000004 81.050000000000011 140.98750000000004 21.350000000000005 1.0000000180025095e-35
decision_type=2 2 2 2 2 2 2 2 2 2 2 2 2 2 2 2 2 2 2 2 2 2 2 2 2 2 2 2 2 2 2 2 2 2 2 2 2 2 2 2 2 2 2 2 2 2 2 2 2 2 2 2 2 2 2 2 2 2 2 2 2 2
left_child=1 7 5 -4 12 37 -6 13 9 28 -10 41 -5 14 15 23 17 -17 27 20 -16 22 -22 30 -25 -26 -11 -15 29 55 42 32 -7 -13 35 40 -36 -3 -20 -30 -35 -2 45 53 -45 46 47 50 49 -49 -1 -52 -53 -44 -55 57 60 -9 59 -59 -57 -60
right_child=11 2 3 4 6 31 -8 8 10 26 -12 33 -14 18 19 16 -18 -19 38 -21 21 -23 -24 24 25 -27 -28 -29 39 -31 -32 -33 -34 34 36 -37 -38 -39 -40 -41 -42 -43 43 44 -46 -47 -48 48 -50 -51 51 52 -54 54 -56 56 -58 58 61 -61 -62 -63
leaf_value=-0.022256168555368536 -0.12387774752059924 0.27242606401342967 -0.81021227532503559 9.4770081798235584 -0.090809384014989655 0.060429186924644142 5.8178920393404754 0.38841240443817932 1.4977210435602402 1.2026286193193534 6.9946438206566715 -1.0104848477561823 3.6986074916580147 0.15709970237898532 -6.0004187746312141 -1.2600232693221836 -0.52790330747423109 -9.5270163605213174 1.8032766125418924 -5.6919629659917623 -0.67583039260057154 2.6002956052621204 -4.8934219686190294 -1.3076722536331569 8.7529594421386729 1.8750928711506629 5.8848101041714358 2.3476063774292726 1.1600881372416472 -4.0458510935306551 -4.0453005062682292 -1.084088029784541 3.2862579012095043 -0.9876555192683425 6.1285949852155603 3.0367840745128118 0.40970022529363637 -2.3694624269462152 6.0609840007055382 5.4731555092334752 -5.9717855693328952 2.8208011227495531 -0.25882288745489973 0.76055039862791707 -8.3333141580224037 4.2154414052764571 -4.5532365881878398 3.7489770695015241 6.7120621502399445 -1.46917401737458 -5.4552549653583107 0.83534789632505457 -3.1730996137441592 0.49580917914592942 -6.2153079343899611 4.0898801645811869 7.0759093127467416 -0.81638213333695442 -0.079615999607358906 -8.5810662219034768 -0.68866211993154147 -2.7402310674097023
leaf_weight=19302 1523 2372 49 24 56 46 23 1656 45 39 27 1285 34 1049 22 45 146 25 88 27 183 36 30 39 20 31 30 83 92 21 21 31 134 28 23 26 39 46 21 20 21 34 2107 24 24 24 23 27 21 37 27 67 43 43 31 34 22 43 358 28 96 51
leaf_count=19302 1523 2372 49 24 56 46 23 1656 45 39 27 1285 34 1049 22 45 146 25 88 27 183 36 30 39 20 31 30 83 92 21 21 31 134 28 23 26 39 46 21 20 21 34 2107 24 24 24 23 27 21 37 27 67 43 43 31 34 22 43 358 28 96 51
internal_value=-0.0107273 0.0332229 0.493413 2.37756 3.51772 0.360111 1.62945 -0.0161685 0.405591 0.314406 3.55907 -0.439208 6.08967 -0.0618267 -0.0940383 -0.0744 -1.72199 -4.21252 0.52024 -1.55222 -1.13977 -0.710317 -1.26986 -0.0581579 2.02431 4.5723 3.23836 0.317711 0.231072 0.14865 -0.066747 1.94091 2.46188 -0.854882 0.604602 -0.988073 2.53123 0.222167 2.62357 1.93028 -3.12371 -0.0595752 -0.0629144 -0.403069 -3.78638 -0.0241732 -0.0293786 -0.0240493 2.2096 0.732233 -0.0338163 -1.66253 -0.731591 -0.328608 -2.3156 0.187149 1.50404 0.0934374 -0.924226 -3.87851 0.56111 -0.41138
internal_weight=32022 29043 2815 186 137 2629 79 26228 2562 2490 72 2979 58 23666 22425 22127 216 70 1241 298 271 249 213 21911 90 51 69 1132 2421 2309 21821 211 180 1422 137 75 62 2418 109 112 49 1557 21800 2229 48 19571 19547 19524 85 64 19439 137 110 2181 74 2288 152 2136 480 71 130 409
internal_count=32022 29043 2815 186 137 2629 79 26228 2562 2490 72 2979 58 23666 22425 22127 216 70 1241 298 271 249 213 21911 90 51 69 1132 2421 2309 21821 211 180 1422 137 75 62 2418 109 112 49 1557 21800 2229 48 19571 19547 19524 85 64 19439 137 110 2181 74 2288 152 2136 480 71 130 409
is_linear=0
shrinkage=0.05


Tree=115
num_leaves=63
num_cat=0
split_feature=23 34 33 11 33 25 21 5 18 10 33 33 33 31 32 31 11 34 34 32 33 32 5 18 33 32 33 32 33 33 33 33 31 34 31 32 32 31 34 34 34 32 34 31 31 33 32 12 32 33 4 38 31 34 31 34 32 33 37 31 32 31
split_gain=360131 393375 333091 250747 254687 230247 495069 321473 311339 250623 270236 202982 196359 195456 188303 295568 283692 207995 329290 293198 177109 296166 314491 339999 460687 246419 224182 197046 173622 169013 358557 332211 251618 168971 161719 198197 166844 158317 153004 238982 163198 152948 150429 268320 235664 273393 172341 145968 148350 201199 145466 142782 187302 135663 132079 136156 131855 130997 129983 196380 127311 126749
threshold=1.0000000180025095e-35 345.80000000000001 119.55000000000001 1.0000000180025095e-35 416.75000000000006 1.0000000180025095e-35 1.0000000180025095e-35 1.0000000180025095e-35 1.0000000180025095e-35 1.0000000180025095e-35 199.45000000000002 471.15000000000003 297.15000000000003 470.95000000000005 251.15000000000001 108.85000000000001 1.0000000180025095e-35 76.250000000000014 232.95000000000002 410.95000000000005 51.750000000000007 489.55000000000007 1.0000000180025095e-35 1.0000000180025095e-35 387.50000000000006 496.55000000000007 53.650000000000013 487.75000000000006 397.55000000000007 14.750000000000002 1.7500000000000002 159.55000000000004 378.65000000000003 415.05000000000007 294.25000000000006 384.95000000000005 170.05000000000004 290.35000000000008 195.35000000000005 165.90000000000003 441.85000000000008 2.3500000000000001 54.750000000000007 466.85000000000008 361.85000000000008 116.25000000000001 337.95000000000005 1.0000000180025095e-35 219.35000000000005 420.75000000000006 1.0000000180025095e-35 1.0000000180025095e-35 306.25000000000006 201.65000000000003 20.150000000000002 15.750000000000002 482.05000000000007 96.15000000000002 2.5000000000000004 154.75000000000003 322.25000000000006 232.45000000000002
decision_type=2 2 2 2 2 2 2 2 2 2 2 2 2 2 2 2 2 2 2 2 2 2 2 2 2 2 2 2 2 2 2 2 2 2 2 2 2 2 2 2 2 2 2 2 2 2 2 2 2 2 2 2 2 2 2 2 2 2 2 2 2 2
left_child=5 3 33 42 -5 20 7 9 11 14 37 13 -4 29 15 28 17 -16 -19 -20 38 26 23 24 25 61 -22 41 54 30 58 32 -31 -3 35 -9 -36 60 39 -1 -40 -28 43 56 -44 -46 -47 48 49 51 -33 53 -53 -17 -7 -56 -2 -45 -8 -60 -11 -23
right_child=1 2 12 4 -6 6 8 34 -10 10 -12 -13 -14 -15 16 47 -18 18 19 -21 21 22 -24 -25 -26 -27 27 -29 -30 31 -32 50 -34 -35 36 -37 -38 -39 40 -41 -42 -43 44 57 45 46 -48 -49 -50 -51 -52 52 -54 -55 55 -57 -58 -59 59 -61 -62 -63
leaf_value=-0.02116998077679386 0.18053014081898078 8.3085747372359045 -0.38583231715412886 1.4834718607720876 7.3238400493349349 1.9314716147524971 4.0216582984104754 -2.1643903416109409 -3.0633440133297083 -2.9369504726850071 0.59615512347301924 6.533102041742076 3.0279266016457669 6.4691639423370368 1.1781763837625694 0.31875688052519474 4.3732733352979025 -4.9831553904633772 -2.272449187879209 5.5035285256125714 -4.9864553547501567 -2.8813615271449091 -7.6766401557922368 -6.6249657971858982 -5.9251455470919616 6.6374765589123683 1.563281957640321 4.1878784229755404 -6.0282327197846914 -0.28282173539136912 6.9653118520975115 2.281270489551027 -6.5773900604248041 2.5365379061017719 -3.9506180156360977 -7.5782597368413747 1.2436936401403869 -1.1693996289881265 1.7182724960082691 -5.489568572044373 -1.5187149248224623 -0.29278452879158223 0.090260618000504486 1.5809408001179968 -6.7818257745107022 -3.4634045279026036 1.6134193423902616 2.7462936331014163 -2.2272362854974026 4.632592654228211 -1.6706804330532368 0.86847431436181077 -4.3553712355123988 3.9900220907651462 -1.2040037119961704 -5.5430634180704752 2.5793678105887725 5.0026034123019167 -3.1916410570144653 1.9087476909934702 -7.9869978427886963 2.5611171955647678
leaf_weight=19504 1970 32 77 168 21 28 40 73 33 26 74 23 93 21 455 782 60 38 27 22 25 20 25 25 24 21 113 25 21 77 40 223 20 21 22 22 52 41 227 20 47 6250 249 106 30 35 32 61 58 27 26 32 37 26 130 21 59 38 25 77 24 23
leaf_count=19504 1970 32 77 168 21 28 40 73 33 26 74 23 93 21 455 782 60 38 27 22 25 20 25 25 24 21 113 25 21 77 40 223 20 21 22 22 52 41 227 20 47 6250 249 106 30 35 32 61 58 27 26 32 37 26 130 21 59 38 25 77 24 23
internal_value=0.0138541 0.542132 2.56067 0.375908 2.1324 -0.0393311 0.394815 0.0405857 1.65892 0.218386 -1.64775 1.93136 1.48169 1.73857 0.387105 0.0307756 1.11101 0.749874 -1.4901 1.21881 -0.084873 -0.310227 -2.60202 -1.47931 -0.0174775 2.1979 -0.26091 -0.242416 -1.72718 1.55042 2.78385 0.90162 -1.58067 6.02154 -2.05304 -3.41813 -0.300561 -3.47246 -0.0103052 -0.0267717 1.16302 -0.259823 0.244119 0.3983 -0.72419 -2.81489 -1.03865 0.374462 0.224066 0.381339 1.86862 0.250457 -1.93272 0.436892 -1.22259 -1.80745 0.250284 2.48388 1.60598 0.658652 -5.36097 0.0297317
internal_weight=32044 2931 223 2708 189 29113 2764 2159 605 1990 165 572 170 549 1825 1223 602 542 87 49 26349 6551 138 113 88 64 6413 6388 200 528 182 346 97 53 169 95 74 91 19798 19524 274 6363 2519 2173 346 97 67 1023 962 904 249 877 69 808 179 151 2029 144 142 102 50 43
internal_count=32044 2931 223 2708 189 29113 2764 2159 605 1990 165 572 170 549 1825 1223 602 542 87 49 26349 6551 138 113 88 64 6413 6388 200 528 182 346 97 53 169 95 74 91 19798 19524 274 6363 2519 2173 346 97 67 1023 962 904 249 877 69 808 179 151 2029 144 142 102 50 43
is_linear=0
shrinkage=0.05


Tree=116
num_leaves=63
num_cat=0
split_feature=9 32 32 35 31 32 38 34 34 35 10 31 34 35 34 35 35 35 32 35 31 4 35 32 32 35 35 31 31 35 35 35 35 32 32 31 23 35 31 7 31 34 34 34 5 35 32 31 31 32 35 32 32 34 32 32 35 32 31 23 35 35
split_gain=759511 445881 801000 791636 654991 545987 697816 1.60871e+06 1.22166e+06 973366 733827 550291 530159 1.04902e+06 962443 664837 665611 1.00187e+06 997605 466780 444473 440641 1.15734e+06 481467 437561 512462 674664 729086 554241 482090 1.2693e+06 1.23522e+06 801802 752582 481522 447776 927031 985010 772810 808503 599489 627884 559836 2.20076e+06 1.36706e+06 825015 651627 968660 1.0507e+06 838792 569826 534355 615787 495330 395373 395564 494157 367462 348316 344966 320289 483763
threshold=1.0000000180025095e-35 179.45000000000002 191.75000000000003 572.75000000000011 372.45000000000005 158.25000000000003 1.0000000180025095e-35 243.25000000000003 423.15000000000003 707.6500000000002 1.0000000180025095e-35 396.85000000000008 180.75000000000003 759.00000000000011 363.2000000000001 673.95000000000016 548.05000000000007 517.05000000000007 115.15000000000002 949.45000000000016 160.85000000000005 1.0000000180025095e-35 1249.5000000000002 261.45000000000005 268.35000000000008 662.50000000000011 967.45000000000016 273.55000000000007 179.65000000000001 532.95000000000016 563.1500000000002 485.05000000000007 439.9500000000001 346.35000000000008 276.55000000000007 144.45000000000002 1.0000000180025095e-35 667.90000000000009 158.95000000000002 1.0000000180025095e-35 481.05000000000007 392.15000000000003 24.850000000000005 106.25000000000001 1.0000000180025095e-35 1083.5500000000002 483.80000000000001 179.65000000000001 267.75000000000006 464.85000000000008 685.05000000000007 454.55000000000007 348.35000000000008 372.90000000000003 171.95000000000002 168.15000000000001 572.75000000000011 77.250000000000014 376.55000000000007 1.0000000180025095e-35 812.6500000000002 1069.4000000000003
decision_type=2 2 2 2 2 2 2 2 2 2 2 2 2 2 2 2 2 2 2 2 2 2 2 2 2 2 2 2 2 2 2 2 2 2 2 2 2 2 2 2 2 2 2 2 2 2 2 2 2 2 2 2 2 2 2 2 2 2 2 2 2 2
left_child=-1 5 3 -3 -5 6 8 9 10 20 12 54 13 15 19 16 17 -2 -18 -14 -8 24 23 -23 25 -4 27 28 -27 31 -31 32 -26 -33 -32 36 37 -36 -37 40 41 42 45 -44 51 46 47 -40 50 59 -49 52 -45 -39 55 56 -7 -12 -28 -50 -41 -62
right_child=1 2 21 4 -6 11 7 -9 -10 -11 57 -13 14 -15 -16 -17 18 -19 -20 -21 -22 22 -24 -25 29 26 58 -29 -30 30 34 33 -34 -35 35 38 -38 53 39 60 -42 -43 43 44 -46 -47 -48 48 49 -51 -52 -53 -54 -55 -56 -57 -58 -59 -60 -61 61 -63
leaf_value=-0.065173332238259191 0.67602267187977727 -0.87186146545410159 1.8314322975317117 15.747896707296372 4.3024559936523437 -6.1924300003051762 2.6453884760538742 -13.055285936786284 11.476461608593281 9.9385858726501475 -0.13408936832262122 -10.098481219747793 4.2027046249026343 -7.2546420823960078 -5.0761573743820199 7.7903430967619931 -9.5775190453780326 11.726661221186321 2.619435869852702 12.83186823272705 -6.7161266386508949 6.1332807372356291 -11.299492279052735 -1.2363011426114021 -0.67300126728202614 -4.6391823000378087 -2.1295321358574761 -9.3353099778942443 5.5818721498761867 12.582496455620076 8.6526307500325714 -0.22431377064098013 9.6896321024213528 -12.582125990731377 -6.4056263623918817 10.001771563868369 -10.735967597961427 5.2986674102513414 -9.4536224079132083 12.118751211166384 7.7224344968795782 7.361358149392264 -17.217744899931411 6.5713652512856902 -11.003445912542798 7.8420390627600929 -7.0407065024742712 2.6559750111897791 1.9647143550568229 -9.1677823884146559 12.177218694397899 9.9429625944657758 -3.2006987788175283 -3.0759346796118696 3.5014621121542797 -8.8641611234001498 4.9223951435089113 -8.3170471806736561 5.5817403018474581 -4.9371708774566656 0.32285610516866048 9.3021231973171243
leaf_weight=29037 880 25 152 25 25 20 21 31 26 20 23 23 42 42 20 33 38 21 30 25 32 29 25 94 56 36 27 46 21 29 26 22 28 28 35 31 20 76 20 20 34 35 21 28 21 44 26 30 191 21 33 22 38 23 28 23 20 34 32 20 30 30
leaf_count=29037 880 25 152 25 25 20 21 31 26 20 23 23 42 42 20 33 38 21 30 25 32 29 25 94 56 36 27 46 21 29 26 22 28 28 35 31 20 76 20 20 34 35 21 28 21 44 26 30 191 21 33 22 38 23 28 23 20 34 32 20 30 30
internal_value=0.0131614 0.769599 1.35015 6.39283 10.0252 0.131068 0.418202 -3.51255 0.754938 0.539847 0.520292 -3.1886 0.799267 0.486766 4.54928 0.811256 0.573578 0.933585 -4.19651 7.42254 -3.00685 1.09802 -1.49212 0.501243 1.38156 -0.253884 -2.21048 -4.65258 -0.873531 1.87629 2.29115 -0.922484 2.78121 -7.14469 1.95006 1.7448 -0.694572 0.804144 2.28533 1.92507 1.27932 0.881017 0.440605 -2.39637 0.459124 1.39855 0.567127 1.19507 1.91702 0.362041 7.64329 3.19451 0.945025 3.35305 -1.44215 -3.63931 -0.635017 -5.01515 2.05285 1.31051 6.63906 4.81249
internal_weight=32044 3007 1575 75 50 1432 1318 104 1214 73 1188 114 1131 1044 87 1002 969 901 68 67 53 1500 148 123 1352 314 162 103 57 1038 904 134 84 50 875 849 154 134 695 664 584 550 515 130 109 385 341 315 295 232 63 88 66 99 91 63 40 57 59 211 80 60
internal_count=32044 3007 1575 75 50 1432 1318 104 1214 73 1188 114 1131 1044 87 1002 969 901 68 67 53 1500 148 123 1352 314 162 103 57 1038 904 134 84 50 875 849 154 134 695 664 584 550 515 130 109 385 341 315 295 232 63 88 66 99 91 63 40 57 59 211 80 60
is_linear=0
shrinkage=0.05


Tree=117
num_leaves=63
num_cat=0
split_feature=9 25 35 34 33 40 35 34 34 32 32 36 34 34 34 40 34 32 35 33 32 33 33 7 35 28 32 40 36 32 35 35 34 32 36 35 40 32 34 32 32 36 36 36 32 33 33 32 33 35 40 28 33 36 33 33 32 35 35 35 35 32
split_gain=685459 412993 680364 471040 550542 917500 758156 439458 959420 738725 760331 746687 429751 424169 478539 620320 392403 382833 751082 505393 521487 544457 707382 522694 474744 423938 483788 1.34607e+06 1.29297e+06 805036 664577 1.15555e+06 418988 415146 388135 354627 347043 533270 339100 301534 454287 402491 950046 487910 296099 320872 294594 906775 488457 462019 755649 683893 841331 675610 507433 689678 413576 367905 353519 384003 1.2953e+06 1.05812e+06
threshold=1.0000000180025095e-35 1.0000000180025095e-35 1249.5000000000002 155.75000000000003 55.850000000000001 1.5000000000000002 543.55000000000007 392.15000000000003 368.55000000000007 175.95000000000002 81.350000000000009 293.01666666666671 342.25000000000006 290.2000000000001 250.25000000000003 5.5000000000000009 436.05000000000007 376.75000000000006 1140.1000000000001 439.35000000000008 390.65000000000003 367.75000000000006 405.05000000000007 1.0000000180025095e-35 1069.4000000000003 1.0000000180025095e-35 446.55000000000007 3.5000000000000004 298.01666666666671 476.25000000000006 563.1500000000002 717.95000000000016 4.1500000000000012 482.05000000000007 296.12500000000006 1032.6500000000003 1.5000000000000002 166.25000000000003 459.35000000000008 346.35000000000008 308.35000000000008 263.94166666666672 223.16250000000005 325.31250000000006 430.85000000000008 123.75000000000001 439.35000000000008 159.75000000000003 407.65000000000003 818.95000000000016 4.5000000000000009 1.0000000180025095e-35 361.75000000000006 187.51000000000002 211.65000000000001 176.45000000000002 159.75000000000003 909.35000000000014 707.6500000000002 587.85000000000014 532.95000000000016 174.05000000000004
decision_type=2 2 2 2 2 2 2 2 2 2 2 2 2 2 2 2 2 2 2 2 2 2 2 2 2 2 2 2 2 2 2 2 2 2 2 2 2 2 2 2 2 2 2 2 2 2 2 2 2 2 2 2 2 2 2 2 2 2 2 2 2 2
left_child=-1 7 3 4 6 -6 -3 8 12 10 -9 16 13 14 17 -16 -11 18 24 20 34 23 -23 25 35 26 30 29 -29 -28 -22 -32 44 -30 -19 39 -15 -38 -13 40 46 42 -41 -43 45 -33 48 -48 49 51 57 52 54 -53 55 58 -56 -51 59 60 -2 -62
right_child=1 2 -4 -5 5 -7 -8 9 -10 11 -12 38 -14 36 15 -17 -18 19 -20 -21 21 22 -24 -25 -26 -27 27 28 33 -31 31 32 -34 -35 -36 -37 37 -39 -40 41 -42 43 -44 -45 -46 -47 47 -49 -50 50 -52 53 -54 -55 56 -57 -58 -59 -60 -61 61 -63
leaf_value=-0.061914667390873361 0.5176054224609925 0.77967085520426438 -5.3495858192443855 7.5758747870461995 -9.6540061902999881 2.5086501909338912 12.569293305397034 5.1515669993732294 -7.4728487146528142 15.344659493186256 -7.021781105830752 -1.3306617592320298 6.8050780013755521 -8.9290713310241703 9.0645908766322663 -1.9180236530303956 5.7892504941849481 10.27309381696913 -7.2077426622895633 9.3232430503481911 6.8104664030843054 -11.083637201218378 1.8942013150169736 7.0502404631795121 6.4265462829220681 -4.1845982601768092 -10.517257690429688 15.472506480063164 -0.59838934285300116 2.7620948698520662 -11.14612765842014 0.25571859854239004 -5.4319855938787045 8.1668191389604043 1.4341430829918904 -6.1225392645055603 -7.5232092094421397 2.9488683372796065 6.5780757624170052 0.6447080400254992 3.2563515819036044 6.2822585365988992 -13.3526847709309 -3.8349925059538621 -2.6677105253393001 7.8301332605296174 10.835780380249025 -1.9628363512216076 -6.0539404273033144 12.330535245562594 -0.78586424472285255 -0.8505248123949225 -8.7002413181158218 -10.680542357214566 6.0866157282644249 -8.8872454370771141 -0.33837329387664794 3.6637020111083984 -5.517963548806998 3.1634853311947415 -13.656886213620504 -0.7736094811383416
leaf_weight=29037 1033 30 23 57 20 69 25 23 38 22 29 33 27 20 36 20 21 27 34 21 26 21 21 37 31 38 21 31 35 25 27 27 23 22 23 22 20 31 23 27 130 22 22 26 22 29 25 31 32 24 51 44 26 29 67 21 40 25 26 112 30 34
leaf_count=29037 1033 30 23 57 20 69 25 23 38 22 29 33 27 20 36 20 21 27 34 21 26 21 21 37 31 38 21 31 35 25 27 27 23 22 23 22 20 31 23 27 130 22 22 26 22 29 25 31 32 24 51 44 26 29 67 21 40 25 26 112 30 34
internal_value=0.0125034 0.731119 2.79653 3.72868 2.20583 -0.224531 6.13859 0.564876 0.414383 3.18805 -1.63742 5.72263 0.529924 0.463921 0.572323 5.14223 10.6781 0.467439 0.159112 1.73961 1.3896 0.794839 -4.59472 1.41842 0.288891 0.77923 1.43418 3.63108 7.25425 -3.30022 -0.477405 -1.95775 0.498544 2.78467 6.20718 0.188697 -3.34691 -1.15783 1.91757 0.26267 0.410609 -2.45208 -5.63984 0.802081 2.24729 4.17818 0.186399 3.75083 0.0611742 0.186452 3.47446 -0.0384463 0.209467 -4.7556 0.379425 0.097841 3.68475 7.90868 0.250624 0.374679 0.0899518 -6.81265
internal_weight=32044 3007 224 201 144 89 55 2783 2632 151 52 99 2594 2567 2496 56 43 2440 1964 476 455 405 42 363 1930 326 288 134 88 46 154 128 101 57 50 1899 71 51 56 1877 1780 97 49 48 78 56 1650 56 1594 1562 100 1462 1389 73 1363 1256 107 49 1235 1209 1097 64
internal_count=32044 3007 224 201 144 89 55 2783 2632 151 52 99 2594 2567 2496 56 43 2440 1964 476 455 405 42 363 1930 326 288 134 88 46 154 128 101 57 50 1899 71 51 56 1877 1780 97 49 48 78 56 1650 56 1594 1562 100 1462 1389 73 1363 1256 107 49 1235 1209 1097 64
is_linear=0
shrinkage=0.05


Tree=118
num_leaves=63
num_cat=0
split_feature=9 16 32 0 32 33 31 34 34 31 34 33 32 36 31 32 32 36 31 31 31 36 36 31 33 32 33 32 36 32 31 31 33 36 33 38 34 39 31 33 31 32 34 34 31 40 31 34 31 36 36 31 39 32 34 33 34 36 33 32 18 32
split_gain=618627 393228 365049 1.05441e+06 566226 1.16605e+06 475911 523020 1.12224e+06 1.09991e+06 1.17538e+06 604269 523553 950556 1.58167e+06 933338 542110 1.07671e+06 965597 711881 745469 931979 509465 464598 453158 1.1473e+06 1.01317e+06 1.20929e+06 751059 1.4299e+06 620672 574080 535190 482216 473827 499150 455151 449860 449467 621667 421891 701883 421530 538295 645203 592113 747792 501712 477335 419879 402232 397519 396138 386509 1.20765e+06 782703 468943 374930 372652 461329 366761 567563
threshold=1.0000000180025095e-35 1.0000000180025095e-35 179.45000000000002 1.0000000180025095e-35 191.75000000000003 134.25000000000003 79.350000000000009 180.75000000000003 7.6500000000000012 150.65000000000001 302.95000000000005 427.15000000000003 56.050000000000004 294.5125000000001 440.85000000000008 26.650000000000002 81.350000000000009 179.28000000000003 410.45000000000005 357.45000000000005 328.15000000000003 153.21000000000004 210.21250000000001 308.35000000000008 29.750000000000004 489.55000000000007 59.95000000000001 472.65000000000003 359.52500000000003 464.85000000000008 482.95000000000005 412.55000000000007 172.55000000000004 323.02500000000003 0.95000000000000007 1.0000000180025095e-35 87.350000000000009 1.0000000180025095e-35 5.9500000000000011 289.05000000000007 267.75000000000006 91.950000000000017 392.15000000000003 15.750000000000002 62.750000000000007 5.5000000000000009 110.95000000000002 80.850000000000009 179.65000000000001 249.34500000000003 181.62666666666669 184.05000000000004 1.0000000180025095e-35 376.75000000000006 204.35000000000005 351.35000000000008 209.85000000000005 282.51250000000005 67.950000000000017 1.0000000180025095e-35 1.0000000180025095e-35 290.45000000000005
decision_type=2 2 2 2 2 2 2 2 2 2 2 2 2 2 2 2 2 2 2 2 2 2 2 2 2 2 2 2 2 2 2 2 2 2 2 2 2 2 2 2 2 2 2 2 2 2 2 2 2 2 2 2 2 2 2 2 2 2 2 2 2 2
left_child=-1 2 6 4 5 -4 38 8 11 -9 22 12 15 14 16 58 17 -14 19 20 21 51 -11 -10 34 26 -26 28 29 30 31 33 -33 42 35 -6 -30 -35 -2 -40 -12 -42 43 44 52 46 -46 -45 -47 -36 -23 -18 -28 55 -55 56 -49 -44 59 -8 61 -48
right_child=1 -3 3 -5 24 -7 7 9 23 10 40 -13 13 -15 -16 -17 18 -19 -20 -21 -22 50 -24 -25 25 -27 27 -29 36 -31 -32 32 -34 37 49 -37 -38 -39 39 -41 41 -43 57 47 45 48 60 53 -50 -51 -52 -53 -54 54 -56 -57 -58 -59 -60 -61 -62 -63
leaf_value=-0.058818933792686615 3.1680588654109414 -4.6521104840671317 -1.2290050315856935 12.154515405134722 0.98585714459901175 11.342253117683606 0.59345823919727303 12.805491050720216 -2.149302925914526 13.560198018664407 -6.4138979172005381 7.7412758111953739 -0.18766651970999582 9.0485021137055899 -14.569608041514522 10.219615989261204 0.98845030816934887 -14.73060791015625 10.268013272966657 -7.3908733685811363 8.7157116599704914 -8.2253412503945196 2.9962419586181639 -10.737921610186177 -10.612329965494574 -9.7914944291114807 -7.7017148101968438 8.9369594618331565 8.252095875210232 -13.359402546137572 -8.2481681006295346 9.6299866345620941 1.0527472891590812 -10.143164716448103 3.4243063622210403 8.6854681621898315 -0.274195941289266 -1.2151502032612647 -1.9968327650459863 -10.878169097900392 5.922102309917582 -5.774002556178881 9.7630672108043335 -9.0320067916227433 11.555879132501012 -6.3922299579337789 -1.0248474825072933 -11.661027884483339 1.775603864777763 11.338378965570813 -1.5361002497239546 8.9989279792422341 1.0523615310589471 11.59796865554083 -4.3891520129309765 2.9213711597417529 -2.9367877513863321 0.30410240650177006 -4.00643600439414 5.3177866910633291 -3.2196142456748271 6.7545661110430961
leaf_weight=29037 28 34 35 22 487 39 553 25 32 21 34 28 35 21 23 27 59 20 21 36 23 38 25 31 20 28 28 43 45 20 21 31 44 21 83 22 24 43 93 25 29 23 22 23 29 27 37 24 53 21 55 21 24 21 27 38 43 20 39 57 22 64
leaf_count=29037 28 34 35 22 487 39 553 25 32 21 34 28 35 21 23 27 59 20 21 36 23 38 25 31 20 28 28 43 45 20 21 31 44 21 83 22 24 43 93 25 29 23 22 23 29 27 37 24 53 21 55 21 24 21 27 38 43 20 39 57 22 64
internal_value=0.0118782 0.694563 0.755709 1.28622 1.12984 5.39639 0.177075 0.486484 0.10731 3.18901 1.3677 0.494066 0.296671 -1.26704 -1.9215 1.11091 -0.976996 -5.47601 0.00105051 -0.928287 0.258719 -0.865621 7.81892 -6.37545 0.912845 0.159945 0.502255 0.78222 0.315304 -0.18764 0.210298 0.487409 4.59801 -0.0572817 1.94701 1.31865 5.28643 -4.14465 -2.52708 -3.87847 -2.08295 0.748825 0.463818 0.0260151 1.37249 2.50077 4.3333 -2.14671 -0.98104 5.02234 -4.26934 3.0912 -3.66137 -1.11166 2.60521 -2.8108 -6.06189 5.2588 0.731965 1.03491 2.63042 3.90468
internal_weight=32044 3007 2973 1551 1529 74 1422 1276 1119 157 132 1056 1028 352 331 676 308 55 253 232 196 173 46 63 1455 842 814 794 751 682 662 641 75 566 613 509 69 64 146 118 86 52 502 460 284 232 152 176 80 104 93 80 52 153 48 105 67 42 649 610 123 101
internal_count=32044 3007 2973 1551 1529 74 1422 1276 1119 157 132 1056 1028 352 331 676 308 55 253 232 196 173 46 63 1455 842 814 794 751 682 662 641 75 566 613 509 69 64 146 118 86 52 502 460 284 232 152 176 80 104 93 80 52 153 48 105 67 42 649 610 123 101
is_linear=0
shrinkage=0.05


Tree=119
num_leaves=63
num_cat=0
split_feature=9 25 35 34 33 31 31 31 34 34 31 32 36 34 34 10 36 36 32 35 33 31 36 32 31 31 31 18 32 32 31 35 31 35 33 31 34 32 33 35 31 36 31 5 39 31 31 35 31 35 32 35 33 37 31 31 32 35 35 31 36 33
split_gain=558310 377220 606188 434491 509772 696238 550571 385891 373822 828096 694623 644576 884578 595124 385312 451063 482026 790500 623427 430834 398602 370493 367951 347403 1.23205e+06 1.35969e+06 938264 691949 881325 1.09967e+06 817365 560485 513123 454285 523542 494662 385769 340466 320930 2.65362e+06 612617 585495 495807 648603 569634 548435 501500 1.48755e+06 384332 395194 306284 790491 513203 759930 459356 459587 344590 362666 1.0286e+06 990394 780934 561740
threshold=1.0000000180025095e-35 1.0000000180025095e-35 1249.5000000000002 155.75000000000003 55.850000000000001 353.75000000000006 286.15000000000003 179.65000000000001 392.15000000000003 368.55000000000007 424.35000000000008 175.95000000000002 293.01666666666671 436.05000000000007 342.25000000000006 1.0000000180025095e-35 263.94166666666672 242.21250000000003 404.55000000000007 702.05000000000007 87.250000000000014 154.75000000000003 302.3633333333334 378.65000000000003 68.950000000000017 12.65 94.050000000000011 1.0000000180025095e-35 485.65000000000003 492.65000000000003 247.15000000000001 1140.1000000000001 462.55000000000007 667.90000000000009 148.35000000000005 168.75000000000003 185.55000000000004 428.85000000000008 427.15000000000003 753.45000000000016 316.35000000000008 250.51000000000002 68.950000000000017 1.0000000180025095e-35 1.0000000180025095e-35 378.65000000000003 91.850000000000009 351.9500000000001 52.150000000000013 355.05000000000007 329.95000000000005 1008.7500000000001 345.40000000000003 3.5000000000000004 195.85000000000005 353.75000000000006 308.35000000000008 532.95000000000016 578.35000000000025 398.85000000000008 318.92500000000001 11.65
decision_type=2 2 2 2 2 2 2 2 2 2 2 2 2 2 2 2 2 2 2 2 2 2 2 2 2 2 2 2 2 2 2 2 2 2 2 2 2 2 2 2 2 2 2 2 2 2 2 2 2 2 2 2 2 2 2 2 2 2 2 2 2 2
left_child=-1 8 3 4 5 -3 7 -6 9 14 11 13 21 -10 15 23 17 19 22 20 -17 -13 -18 31 25 -25 -26 28 30 -30 33 38 -32 -28 -35 -36 -33 -29 42 -40 41 -41 48 46 45 -45 47 -44 -2 -50 51 52 56 -54 -52 -56 57 -48 59 -59 61 -60
right_child=1 2 -4 -5 6 -7 -8 -9 10 -11 -12 12 -14 -15 -16 16 18 -19 -20 -21 -22 -23 -24 24 26 -27 27 37 29 -31 32 36 -34 34 35 -37 -38 -39 39 40 -42 -43 43 44 -46 -47 50 -49 49 -51 54 -53 53 -55 55 -57 -58 58 60 -61 -62 -63
leaf_value=-0.0558779870500885 -0.45348877308248475 1.5828605488368446 -5.055473655203115 7.2085649239389529 -0.48372749873570031 13.277349557876589 -5.4105118722626662 8.0896669660295757 -9.3842842147463852 -6.9654270071732372 11.132139916853472 4.7185828447341924 -0.92038763092785347 1.8385570384837964 6.4113536234255193 -0.45153450801454742 9.8581833243370056 -12.59408700249412 -4.5019447612762447 2.9864427108189155 -8.893680464779889 14.342681560516358 0.75934365081787114 0.50063403248786931 -9.380549548921131 16.857007411232701 2.5738889127164275 -8.5485767364501957 -12.882948188781739 3.6976614841818809 0.42253027137803151 -10.322143445014953 8.9084223365783686 16.237366681098941 11.934454418364027 1.2059908693486996 -1.2956837629449778 -0.46846491098403931 19.464511489868165 2.7722688841819765 5.6504415353139246 -8.0694361022024435 -2.8626761016785167 3.8103180408477786 -2.0669967738064852 13.638811336864126 0.73810749287072452 12.505402354271183 -2.0330020582675936 -9.8619006121600137 -9.2876824378967289 8.5090433877089922 0.37345740111435166 -11.247064669926962 2.9193287395849463 -4.5224394193717412 4.3211213441952223 -2.1926361612371497 5.1702168319184905 -15.589028826626866 -8.540311336517334 -0.39793664265137457
leaf_weight=29037 119 35 23 57 35 20 33 21 21 38 22 20 41 27 27 29 20 22 30 29 27 20 25 24 21 27 37 22 20 20 163 20 20 20 21 22 29 32 20 20 24 33 32 40 22 22 877 31 40 27 20 29 34 24 41 42 53 37 59 22 24 195
leaf_count=29037 119 35 23 57 35 20 33 21 21 38 22 20 41 27 27 29 20 22 30 29 27 20 25 24 21 27 37 22 20 20 163 20 20 20 21 22 29 32 20 20 24 33 32 40 22 22 877 31 40 27 20 29 34 24 41 42 53 37 59 22 24 195
internal_value=0.0112843 0.659835 2.63377 3.51364 2.05106 5.8354 -0.287577 2.7313 0.500955 0.362154 2.92031 1.51985 4.24061 -3.07144 0.469497 0.407 -1.9923 -4.14661 1.08119 -1.9602 -4.52185 9.53063 4.80327 0.590091 1.84315 9.15989 0.905579 1.47855 2.3544 -4.59264 3.33632 0.29948 1.34995 6.97137 9.55401 6.44547 -4.97995 -3.76036 0.436572 3.23768 -0.977083 -3.97823 0.28478 0.56815 4.84515 7.29785 0.331789 4.69939 -2.15891 -5.18793 0.142936 0.342881 0.16415 -4.43503 -2.48547 -0.846385 0.374689 0.202398 -1.19172 -7.1879 0.0808549 0.895453
internal_weight=32044 3007 224 201 144 55 89 56 2783 2632 151 129 81 48 2594 2567 182 107 75 85 56 40 45 2385 449 51 398 377 323 40 283 1936 183 100 63 43 49 54 1887 97 77 53 1790 1604 84 62 1520 63 186 67 1457 1354 1325 58 103 83 1267 1214 337 59 278 254
internal_count=32044 3007 224 201 144 55 89 56 2783 2632 151 129 81 48 2594 2567 182 107 75 85 56 40 45 2385 449 51 398 377 323 40 283 1936 183 100 63 43 49 54 1887 97 77 53 1790 1604 84 62 1520 63 186 67 1457 1354 1325 58 103 83 1267 1214 337 59 278 254
is_linear=0
shrinkage=0.05


Tree=120
num_leaves=63
num_cat=0
split_feature=9 40 35 32 34 32 32 35 34 0 14 23 12 36 25 36 35 32 35 36 35 40 32 36 32 32 37 32 32 32 34 36 36 36 36 36 32 35 35 32 21 32 34 35 35 24 34 35 34 32 11 35 35 35 32 32 32 36 35 35 36 23
split_gain=421055 402164 806816 1.01456e+06 952956 1.62353e+06 913402 590167 508034 433190 360675 342681 355006 333247 856041 765716 766659 413527 501715 445238 377675 354756 650675 1.94346e+06 524909 414945 364542 550382 378604 492598 553138 455589 334706 326740 841880 442302 372744 922587 855000 574167 844921 427935 325104 553740 411087 321463 774915 870990 439021 657050 586568 574977 437201 431164 308500 303319 357955 357924 487183 294862 274459 274002
threshold=1.0000000180025095e-35 1.5000000000000002 1055.7500000000002 420.85000000000008 345.80000000000001 412.85000000000008 442.25000000000006 1279.4000000000003 323.15000000000003 1.0000000180025095e-35 1.0000000180025095e-35 1.0000000180025095e-35 1.0000000180025095e-35 193.32500000000002 1.0000000180025095e-35 202.21666666666673 400.9500000000001 362.45000000000005 723.1500000000002 176.81250000000003 498.35000000000008 3.5000000000000004 482.05000000000007 334.03333333333336 446.55000000000007 470.75000000000006 4.5000000000000009 342.75000000000006 448.55000000000007 438.55000000000007 436.05000000000007 318.92500000000001 216.37083333333337 302.3633333333334 256.81666666666672 272.41250000000008 195.95000000000002 592.85000000000014 487.35000000000008 254.95000000000002 1.0000000180025095e-35 111.45000000000002 53.050000000000004 543.55000000000007 485.05000000000007 1.0000000180025095e-35 227.45000000000002 735.20000000000016 308.30000000000001 227.45000000000002 1.0000000180025095e-35 867.25000000000011 1055.7500000000002 1140.1000000000001 75.15000000000002 386.85000000000008 374.65000000000003 281.01000000000005 759.00000000000011 777.00000000000011 68.375000000000014 1.0000000180025095e-35
decision_type=2 2 2 2 2 2 2 2 2 2 2 2 2 2 2 2 2 2 2 2 2 2 2 2 2 2 2 2 2 2 2 2 2 2 2 2 2 2 2 2 2 2 2 2 2 2 2 2 2 2 2 2 2 2 2 2 2 2 2 2 2 2
left_child=61 2 3 8 5 -4 -5 -6 11 10 13 12 33 14 17 16 -15 18 42 -20 -16 24 25 -24 32 26 28 -28 29 30 45 -30 -17 34 36 -36 37 38 -2 -38 -41 -39 43 44 60 48 47 -47 50 -50 52 -52 55 -54 -34 56 -23 58 -57 -18 -3 -1
right_child=1 9 4 6 7 -7 -8 -9 -10 -11 -12 -13 -14 15 20 21 59 -19 19 -21 -22 22 23 -25 -26 -27 27 -29 31 -31 -32 -33 54 -35 35 -37 39 41 -40 40 -42 -43 -44 -45 -46 46 -48 -49 49 -51 51 -53 53 -55 -56 57 -58 -59 -60 -61 -62 -63
leaf_value=-0.10641552213445676 -0.87239242619309665 -3.2821185866067575 -2.7013202894024735 13.971435516079268 -4.3885956807570023 -19.79730721428281 1.2314241472412559 7.4788083136081696 -7.8992777130820535 6.7496997833251955 -5.7232605707077759 -5.8494381532669069 5.0804823482737831 -1.1217563261985779 2.0556487560272219 9.50606583640689 13.599882870912552 -5.2730183987390431 -0.46455119034896297 -10.312094653736462 11.656205011549451 0.95506795297622549 14.947015269049283 -3.5208709580557689 -3.6491724474676723 -5.968023345947266 1.0182969433920723 -9.5497991518540815 10.153115513013757 -6.1391286849975586 7.6337158552237927 0.72998047203853211 0.23246013667020532 2.2441887884758986 -12.498191796541214 -3.2692651481241799 7.8065561900820057 -12.444453321803699 9.3810913165410366 -5.0203646553887262 7.4170317606492482 -2.4657999742598764 -3.4821271552229827 5.3740364382483747 -4.9139518700147935 2.1672709206740062 4.4895629849927179 -9.8811742028594018 -8.7146462506261368 2.1241832591869212 0.26759677614484517 -9.9092011855996187 10.955331217724344 2.0373901800675824 4.2698542553445575 12.512056600479852 -5.5360198150981557 0.53524970384531245 2.2727940045870265 6.1076209462922195 0.92641846320360832 0.41924318447177467
leaf_weight=26305 133 43 41 24 22 21 34 20 22 31 21 25 34 25 20 21 24 42 24 22 21 614 29 28 29 25 28 22 23 27 28 29 72 104 20 37 35 22 24 36 22 21 53 55 38 24 29 40 29 27 35 23 23 33 138 21 22 43 26 29 391 2737
leaf_count=26305 133 43 41 24 22 21 34 20 22 31 21 25 34 25 20 21 24 42 24 22 21 614 29 28 29 25 28 22 23 27 28 29 72 104 20 37 35 22 24 36 22 21 53 55 38 24 29 40 29 27 35 23 23 33 138 21 22 43 26 29 391 2737
internal_value=0.00158883 0.563075 -0.490492 0.221918 -4.5526 -8.4919 6.50315 1.26255 -0.459038 0.878647 0.799378 -0.139964 0.15253 0.859587 -0.039776 1.26677 6.09582 -0.470201 -0.147968 -5.17425 6.97301 1.01363 0.658395 5.87507 2.69146 0.404466 0.543482 -3.63167 0.733954 0.526554 0.703519 4.89791 3.48746 -0.216524 -0.947707 -6.50749 0.133888 -1.08221 0.695019 2.74915 -0.302732 -7.57116 0.250668 0.626073 0.0728143 0.507315 -2.2907 -5.36301 0.797734 -3.48878 1.0835 -3.76803 1.44333 5.70012 2.8856 1.11499 0.730533 3.8318 6.84778 9.50034 0.509444 -0.056876
internal_weight=32066 3024 697 593 104 62 58 42 535 2327 2296 513 488 2275 709 1566 78 668 626 46 41 1488 1228 57 260 1171 1146 50 1096 1044 1017 52 231 454 350 57 293 200 157 93 58 43 580 527 472 989 93 64 896 56 840 58 782 56 210 726 636 90 47 53 434 29042
internal_count=32066 3024 697 593 104 62 58 42 535 2327 2296 513 488 2275 709 1566 78 668 626 46 41 1488 1228 57 260 1171 1146 50 1096 1044 1017 52 231 454 350 57 293 200 157 93 58 43 580 527 472 989 93 64 896 56 840 58 782 56 210 726 636 90 47 53 434 29042
is_linear=0
shrinkage=0.05


Tree=121
num_leaves=63
num_cat=0
split_feature=9 40 17 34 34 13 17 33 5 40 34 40 0 33 33 37 37 36 33 33 33 36 13 4 36 12 28 33 36 40 36 33 34 36 40 33 10 33 33 36 34 37 36 36 34 33 36 34 33 34 36 36 33 23 11 2 36 36 36 33 25 34
split_gain=380002 362953 795585 737410 1.39936e+06 708989 627240 685124 526924 498066 554946 494063 471348 375991 359014 655985 558784 557446 357428 1.26797e+06 1.19049e+06 370183 564747 515802 723937 416817 654319 675851 512797 458999 1.01792e+06 819487 868399 711611 1.15033e+06 752463 606587 600339 511255 592535 855823 528613 469763 433733 356158 354171 340866 312841 564235 312567 291936 290001 248695 247287 448295 280944 242352 234536 219013 212488 204154 196466
threshold=1.0000000180025095e-35 1.5000000000000002 1.0000000180025095e-35 29.350000000000005 93.850000000000009 1.0000000180025095e-35 1.0000000180025095e-35 459.35000000000008 1.0000000180025095e-35 1.0000000180025095e-35 182.75000000000003 4.5000000000000009 1.0000000180025095e-35 142.65000000000001 326.85000000000008 3.5000000000000004 2.5000000000000004 300.81666666666672 4.8500000000000005 12.750000000000002 1.7500000000000002 140.98750000000004 1.0000000180025095e-35 1.0000000180025095e-35 161.38750000000002 1.0000000180025095e-35 1.0000000180025095e-35 379.65000000000003 226.32916666666668 5.5000000000000009 272.41250000000008 224.15000000000001 110.2 286.95833333333343 3.5000000000000004 259.50000000000006 1.0000000180025095e-35 372.05000000000007 98.350000000000009 192.21666666666673 237.15000000000001 3.5000000000000004 345.05000000000013 318.92500000000001 2.0500000000000003 385.45000000000005 273.71250000000003 175.70000000000002 289.05000000000007 108.25000000000001 210.21250000000001 248.08750000000001 249.45000000000002 1.0000000180025095e-35 1.0000000180025095e-35 1.0000000180025095e-35 76.050000000000026 220.91250000000005 232.25833333333335 55.850000000000001 1.0000000180025095e-35 3.2500000000000004
decision_type=2 2 2 2 2 2 2 2 2 2 2 2 2 2 2 2 2 2 2 2 2 2 2 2 2 2 2 2 2 2 2 2 2 2 2 2 2 2 2 2 2 2 2 2 2 2 2 2 2 2 2 2 2 2 2 2 2 2 2 2 2 2
left_child=53 2 3 5 -5 8 7 12 14 10 -6 -9 18 -12 15 16 -2 -16 20 -20 56 22 -21 24 44 26 29 28 -28 33 38 -32 -33 34 51 36 50 57 -31 -40 41 -41 43 -35 -23 -15 -18 48 -25 -13 -36 -26 -30 59 55 60 -3 -37 -56 -1 -55 -52
right_child=1 6 -4 4 9 -7 -8 11 -10 -11 13 49 -14 45 17 -17 46 -19 19 21 -22 23 -24 47 25 -27 27 -29 52 30 31 32 -34 42 35 37 -38 -39 39 40 -42 -43 -44 -45 -46 -47 -48 -49 -50 -51 61 -53 -54 54 58 -57 -58 -59 -60 -61 -62 -63
leaf_value=-0.019391755532861172 0.24440406398591499 -2.4543234625641182 8.8910483186895188 -15.696638307117281 3.1075739065806074 7.3939703268930321 -7.0424733428955086 11.584250951849896 -6.491364917159081 2.9449327335907864 -10.805953892072042 -0.013252796067131889 7.3173210391291867 -0.80075036003476097 9.8380246203878663 6.7724596365292875 -6.15247703594948 -1.1703327054562775 -12.169174248831613 -0.30533982445211971 10.221286475658417 3.1199920272827151 -8.1891429485813259 3.3133828773054965 3.1888612037009381 4.8666937741366301 7.4499656170606618 12.085679097402664 2.4356461862723036 5.2639406840006515 12.777457173665365 -1.6558750911192464 10.332956272622814 -4.2578063249588016 0.26522464296397041 1.3685889279400862 -12.96557191848755 -3.9445305151097916 -10.576469790935517 -2.4159877531869074 -9.1730997165044155 6.4753573924303058 -0.12931274096171061 -12.830654548645022 11.952627581641789 -8.7534169900984988 0.41664790681430275 -5.4167215412738283 -5.8070634228842604 7.1812279921311601 -9.5538215637207031 10.144456759366122 -4.7623697320620222 -0.06320280926596987 0.79636101421556971 2.0550230755329291 1.141080309530454 8.089444701194763 4.0098101820920906 -0.34826661108954515 1.8320602179357881 -2.7066299091685906
leaf_weight=19770 269 49 22 21 24 32 25 23 32 39 24 36 27 42 23 30 67 23 21 85 36 25 31 43 47 55 27 21 24 24 27 44 23 36 34 27 20 34 20 35 24 32 30 25 21 21 28 51 28 26 20 22 24 2179 95 191 1078 25 120 6535 152 22
leaf_count=19770 269 49 22 21 24 32 25 23 32 39 24 36 27 42 23 30 67 23 21 85 36 25 31 43 47 55 27 21 24 24 27 44 23 36 34 27 20 34 20 35 24 32 30 25 21 21 28 51 28 26 20 22 24 2179 95 191 1078 25 120 6535 152 22
internal_value=0.00150939 0.534921 -0.465968 -0.770937 -3.60814 0.191684 0.834715 0.920262 -0.296606 -1.91575 -3.62355 5.32556 0.751363 -5.48042 0.153922 -0.33409 -0.919794 4.33385 0.670412 -0.00933384 1.27067 0.2445 -2.41222 0.590769 1.07052 0.683039 0.33806 4.15736 1.93744 -0.304065 1.42836 5.42331 2.45969 -1.46408 -0.0907872 -2.17496 -5.21788 1.22179 -1.35331 -2.78407 -1.07146 1.83062 -5.25194 -7.77127 7.15228 -3.45164 -4.21631 -2.4293 -0.283413 3.00379 -3.17901 5.40659 -1.16336 -0.0540322 0.398281 0.211445 0.984758 4.59977 2.58991 -0.101095 0.0603836 -5.9672
internal_weight=32066 3024 697 675 171 504 2327 2302 472 150 111 85 2217 87 440 394 364 46 2190 1027 1163 1006 116 890 768 722 667 96 75 571 229 94 67 342 251 182 96 86 135 111 91 67 91 61 46 63 95 122 71 62 76 69 48 29042 2737 2522 1127 52 215 26305 2331 42
internal_count=32066 3024 697 675 171 504 2327 2302 472 150 111 85 2217 87 440 394 364 46 2190 1027 1163 1006 116 890 768 722 667 96 75 571 229 94 67 342 251 182 96 86 135 111 91 67 91 61 46 63 95 122 71 62 76 69 48 29042 2737 2522 1127 52 215 26305 2331 42
is_linear=0
shrinkage=0.05


Tree=122
num_leaves=63
num_cat=0
split_feature=9 31 38 31 31 32 32 0 34 33 34 32 32 32 33 33 31 34 7 34 34 34 34 33 31 12 31 24 32 32 32 32 32 32 31 31 39 34 32 32 31 31 40 40 31 33 31 33 34 33 33 31 18 32 32 32 32 31 32 32 28 31
split_gain=342952 441889 380813 1.42899e+06 989950 1.51815e+06 740200 789776 586814 409989 1.22407e+06 934962 903096 712452 604889 717902 593201 575273 455586 443762 548109 1.1623e+06 500977 449272 447002 442592 822930 408475 405069 826566 1.17111e+06 516378 717208 565003 387949 387064 946383 550022 600395 513307 535200 439928 355859 492557 461623 606590 331221 802510 479598 327068 280050 274225 466447 860782 974546 510542 910410 1.10072e+06 1.06682e+06 550992 430252 371773
threshold=1.0000000180025095e-35 493.85000000000008 1.0000000180025095e-35 66.65000000000002 167.05000000000004 372.55000000000007 89.65000000000002 1.0000000180025095e-35 89.90000000000002 299.05000000000007 430.80000000000001 474.15000000000003 358.65000000000003 337.95000000000005 178.45000000000002 168.35000000000005 366.05000000000007 448.75000000000006 1.0000000180025095e-35 399.90000000000003 275.80000000000001 211.65000000000001 15.750000000000002 28.550000000000004 316.35000000000008 1.0000000180025095e-35 339.55000000000007 1.0000000180025095e-35 442.25000000000006 401.15000000000003 335.75000000000006 183.45000000000002 131.45000000000002 234.05000000000004 448.25000000000006 238.95000000000002 1.0000000180025095e-35 308.30000000000001 206.95000000000002 119.30000000000003 115.25000000000001 316.35000000000008 4.5000000000000009 2.5000000000000004 228.25000000000003 228.45000000000002 98.15000000000002 373.85000000000008 26.150000000000002 241.55000000000004 431.45000000000005 115.25000000000001 1.0000000180025095e-35 315.85000000000008 222.95000000000002 290.45000000000005 468.75000000000006 154.75000000000003 482.05000000000007 247.15000000000001 1.0000000180025095e-35 283.85000000000008
decision_type=2 2 2 2 2 2 2 2 2 2 2 2 2 2 2 2 2 2 2 2 2 2 2 2 2 2 2 2 2 2 2 2 2 2 2 2 2 2 2 2 2 2 2 2 2 2 2 2 2 2 2 2 2 2 2 2 2 2 2 2 2 2
left_child=-1 2 9 -4 5 -5 -6 28 -9 14 11 12 13 34 15 17 18 19 27 20 21 22 25 -22 -24 51 -27 42 29 30 31 32 -8 -33 35 37 50 38 39 40 -11 -38 43 -16 45 -44 -14 -48 -49 -18 -37 -2 55 54 -54 59 57 -57 -58 -53 -59 -61
right_child=1 -3 3 4 6 -7 7 8 -10 10 -12 -13 46 -15 16 -17 49 -19 -20 -21 23 -23 24 -25 -26 26 -28 -29 -30 -31 -32 33 -34 -35 -36 36 41 -39 -40 -41 -42 -43 44 -45 -46 -47 47 48 -50 -51 -52 52 53 -55 -56 56 58 60 -60 61 -62 -63
leaf_value=-0.051330556769620395 -0.90076131152656846 5.7959794166760572 -12.175112664258039 -0.037543954253196718 -8.9322270786762239 16.834119148254395 1.9706831795828685 -0.26008602380752566 11.852032918930055 -2.7397067503495651 12.088683925356184 10.942167981465658 -8.9598786425590529 10.391486976544064 -1.9765572127368713 9.6578886942429989 -9.1027649711160095 -7.8618748152256019 5.1428511798381811 7.5656559454034209 1.3096972429752352 11.891408132470174 -6.0768893827410304 -8.3023091254695771 2.0847302246093751 1.6007673991331157 13.119561924934388 -7.8838809840735937 -8.1669150311013929 7.6966870349386474 -11.871548707396897 9.071282039989125 -11.096979831513906 -0.74235083623365927 7.7049496816552212 -2.9999003165108817 -2.8349559567191385 -4.1514643815847547 -0.25669787142957962 10.836853725845749 7.8565085997948279 5.8245941877365119 0.35834125650340115 6.2945224775208368 2.5816939528783163 -9.4851528847918782 4.4976718068122867 -1.342624043673277 -10.585374694824219 -2.7202723269559903 -10.102281694826873 0.81627537581146048 -6.9581705594062813 -9.8974515914917003 7.8496957244873045 14.536839460289997 -11.519504420323806 2.384667582100346 2.8771255923855694 -0.45652837116142797 9.8908320472353992 -8.6904074036158061
leaf_weight=29042 265 39 27 40 30 20 21 20 20 22 28 24 20 24 36 22 34 20 32 23 20 23 51 31 25 69 20 21 23 23 27 22 21 44 23 35 22 26 56 37 26 44 29 36 30 34 32 32 25 49 23 843 20 28 25 23 22 210 31 29 21 26
leaf_count=29042 265 39 27 40 30 20 21 20 20 22 28 24 20 24 36 22 34 20 32 23 20 23 51 31 25 69 20 21 23 23 27 22 21 44 23 35 22 26 56 37 26 44 29 36 30 34 32 32 25 49 23 843 20 28 25 23 22 210 31 29 21 26
internal_value=0.00143392 0.508175 0.439088 -1.14133 -0.183414 5.58634 -1.56264 -0.562242 5.79597 0.640895 1.93195 1.32816 0.811967 2.08822 0.34097 0.67969 -1.73749 0.57146 -0.367872 0.664904 0.575837 0.726354 0.576005 -4.53289 -3.39215 0.760796 4.18926 -1.31595 -1.96737 -1.06491 -2.55762 -0.229143 -4.56315 2.52886 1.45358 0.959485 -1.15674 2.53082 3.76301 6.41129 2.99991 2.93808 -0.480035 2.15898 -2.52314 -4.95402 -3.1456 -1.83902 -5.39646 -5.33479 -5.81636 0.563043 0.866571 -3.01438 1.26842 1.10168 2.86188 4.10565 -3.09883 0.499922 3.06705 -4.34891
internal_weight=32066 3024 2985 338 311 60 251 221 40 2647 499 471 447 338 2148 1847 301 1825 218 1805 1782 1731 1708 51 76 1632 89 186 181 158 135 108 42 66 314 291 124 167 141 85 48 66 165 72 93 63 109 89 57 83 58 1543 1278 73 45 1205 307 254 53 898 231 55
internal_count=32066 3024 2985 338 311 60 251 221 40 2647 499 471 447 338 2148 1847 301 1825 218 1805 1782 1731 1708 51 76 1632 89 186 181 158 135 108 42 66 314 291 124 167 141 85 48 66 165 72 93 63 109 89 57 83 58 1543 1278 73 45 1205 307 254 53 898 231 55
is_linear=0
shrinkage=0.05


Tree=123
num_leaves=63
num_cat=0
split_feature=9 31 38 31 31 32 32 0 35 33 32 32 32 8 35 33 33 31 36 32 35 31 32 31 32 32 32 36 31 7 31 33 32 39 35 36 33 32 32 8 35 31 32 31 35 32 33 24 32 32 32 32 32 32 12 31 32 33 32 36 2 11
split_gain=309514 398804 343684 1.28966e+06 893430 1.37013e+06 668031 712773 498333 370015 837396 903225 630960 575399 1.69314e+06 545912 647906 538378 647079 584603 602032 597089 548097 535364 427852 625731 416402 1.68795e+06 483872 411167 406716 637465 405074 398498 1.37466e+06 873993 431795 395170 718429 392082 807973 704704 657919 619627 492898 503868 373988 368648 365574 745976 1.05693e+06 466031 647280 509916 355697 676846 346580 295179 281383 258752 240192 296929
threshold=1.0000000180025095e-35 493.85000000000008 1.0000000180025095e-35 66.65000000000002 167.05000000000004 372.55000000000007 89.65000000000002 1.0000000180025095e-35 924.45000000000016 299.05000000000007 474.15000000000003 358.65000000000003 337.95000000000005 1.0000000180025095e-35 1020.4500000000002 178.45000000000002 168.35000000000005 144.45000000000002 195.6166666666667 203.00000000000003 940.45000000000016 376.55000000000007 89.65000000000002 366.05000000000007 491.15000000000003 476.25000000000006 456.35000000000008 321.08333333333343 113.05000000000001 1.0000000180025095e-35 96.15000000000002 373.85000000000008 145.65000000000001 1.0000000180025095e-35 498.35000000000008 150.51250000000002 5.9500000000000011 193.95000000000002 121.45000000000002 1.0000000180025095e-35 867.25000000000011 370.15000000000003 360.45000000000005 349.95000000000005 838.80000000000018 430.85000000000008 83.050000000000011 1.0000000180025095e-35 442.25000000000006 401.15000000000003 335.75000000000006 183.45000000000002 131.45000000000002 234.05000000000004 1.0000000180025095e-35 328.15000000000003 483.80000000000001 241.55000000000004 24.350000000000005 284.0125000000001 1.0000000180025095e-35 1.0000000180025095e-35
decision_type=2 2 2 2 2 2 2 2 2 2 2 2 2 2 2 2 2 2 2 2 2 2 2 2 2 2 2 2 2 2 2 2 2 2 2 2 2 2 2 2 2 2 2 2 2 2 2 2 2 2 2 2 2 2 2 2 2 2 2 2 2 2
left_child=60 2 9 -4 5 -5 -6 48 -9 15 11 12 13 17 -15 16 24 37 -19 22 -21 -22 58 29 25 26 28 -28 33 47 -13 -32 -24 34 36 -35 -2 38 -11 40 44 46 43 -42 45 54 -41 -17 49 50 51 52 -8 -53 -30 -56 -27 -25 -20 -55 -1 -62
right_child=1 -3 3 4 6 -7 7 8 -10 10 -12 30 -14 14 -16 23 -18 18 19 20 21 -23 32 57 -26 56 27 -29 39 -31 31 -33 -34 35 -36 -37 -38 -39 -40 41 42 -43 -44 -45 -46 -47 -48 -49 -50 -51 -52 53 -54 59 55 -57 -58 -59 -60 -61 61 -63
leaf_value=-0.095900543382895942 -0.30446571925841276 5.5061805529472156 -11.566356909716571 -0.03566683828830719 -8.4856158510843915 15.992413272857668 1.8721491677420481 -0.074668407440185547 11.087017867565155 4.0404402788947609 10.236077349526543 -8.8074931451252532 10.239724562644959 -11.928335002899171 7.589760031700135 -0.4560329622933359 9.1749943906610678 -7.2108250188827512 4.2703626201266331 5.5660984429446136 -9.7423302726745611 1.5519085537303579 13.12847792452032 -8.6476270114674296 7.4735015175559303 -10.358548215627671 15.700694910685222 -3.7100130518277492 0.5534835248100779 4.8857085913419729 4.3587571929482856 -4.210576729973158 4.6433466666784042 -2.0869994954629378 -14.789947776794435 9.7746887524922688 -6.9339908352919997 2.0406106734887146 15.636361800540579 5.8943101701282323 -1.3059165740013123 12.20262919834682 0.63514016923450289 -12.917387305365668 8.8047461235523237 7.5220382145472939 -3.3346297357393349 -7.4896868887401773 -7.7585692530092984 7.3118526790453053 -11.277971225314671 8.6177180030129179 -10.542130987984795 3.4950261282920838 0.27174053639173507 11.997108784914017 -1.1616956075032554 -2.584258723745541 -4.0164195060729986 -4.2054498493671417 0.25110258914717182 2.2879975359886884
leaf_weight=26224 200 39 27 40 30 20 21 20 20 34 28 21 25 25 20 165 22 20 21 22 25 22 22 34 22 20 21 24 1147 32 34 60 39 44 20 24 28 39 22 21 20 21 42 27 20 28 23 21 23 23 27 22 21 20 32 20 21 49 20 24 2626 192
leaf_count=26224 200 39 27 40 30 20 21 20 20 34 28 21 25 25 20 165 22 20 21 22 25 22 22 34 22 20 21 24 1147 32 34 60 39 44 20 24 28 39 22 21 20 21 42 27 20 28 23 21 23 23 27 22 21 20 32 20 21 49 20 24 2626 192
internal_value=0.00136222 0.482767 0.417134 -1.08426 -0.174243 5.30703 -1.48451 -0.53413 5.50617 0.60885 1.83536 1.33595 2.58041 2.00191 -3.25363 0.323922 0.645706 2.82883 1.29889 2.29418 -1.26032 -4.45567 4.69869 -1.65061 0.542887 0.45832 0.600407 5.34832 0.475972 -0.349478 -2.51647 -1.11103 7.70356 -1.29139 -2.22114 2.09948 -1.11862 5.90483 8.59598 0.874606 0.690107 4.66676 -3.91249 -7.97634 1.0186 0.891687 1.07009 -1.25016 -1.869 -1.01166 -2.42974 -0.217686 -4.33499 2.40242 0.73685 4.7815 -5.64797 -5.06805 0.22803 -0.705233 -0.048764 0.389883
internal_weight=32066 3024 2985 338 311 60 251 221 40 2647 499 471 356 331 45 2148 1847 286 191 171 69 47 102 301 1825 1803 1762 45 1717 218 115 94 61 316 248 68 228 95 56 1401 1336 65 89 47 1247 1227 44 186 181 158 135 108 42 66 1199 52 41 83 41 44 29042 2818
internal_count=32066 3024 2985 338 311 60 251 221 40 2647 499 471 356 331 45 2148 1847 286 191 171 69 47 102 301 1825 1803 1762 45 1717 218 115 94 61 316 248 68 228 95 56 1401 1336 65 89 47 1247 1227 44 186 181 158 135 108 42 66 1199 52 41 83 41 44 29042 2818
is_linear=0
shrinkage=0.05


Tree=124
num_leaves=63
num_cat=0
split_feature=23 32 2 32 35 25 32 39 31 33 35 33 32 21 31 31 31 35 39 31 31 35 25 31 31 39 33 33 32 31 31 31 31 40 31 32 33 31 31 40 31 31 33 31 31 31 33 33 35 31 31 35 35 32 31 40 11 35 32 32 4 33
split_gain=252820 290008 284457 267410 264651 220637 217708 196274 299071 293438 237553 267261 198840 187778 202718 463980 444410 184463 614347 203740 301731 338126 184012 323427 174083 451992 348657 299822 215456 212491 204265 197069 173316 902858 216421 249684 198708 181217 288402 185746 211928 172179 169681 170047 167098 213297 260439 222064 161515 169962 153174 150747 161748 147891 323222 142688 142446 141498 137572 365361 134107 178777
threshold=1.0000000180025095e-35 29.850000000000005 1.0000000180025095e-35 113.15000000000002 987.70000000000016 1.0000000180025095e-35 394.35000000000008 1.0000000180025095e-35 492.05000000000007 365.95000000000005 1069.4000000000003 379.65000000000003 58.45000000000001 1.0000000180025095e-35 402.75000000000006 384.75000000000006 418.05000000000007 471.95000000000005 1.0000000180025095e-35 108.85000000000001 211.85000000000005 656.45000000000016 1.0000000180025095e-35 146.55000000000004 56.250000000000007 1.0000000180025095e-35 465.45000000000005 64.050000000000011 352.45000000000005 54.150000000000013 62.750000000000007 52.150000000000013 478.75000000000006 2.5000000000000004 339.55000000000007 56.050000000000004 326.85000000000008 414.45000000000005 400.75000000000006 5.5000000000000009 436.65000000000003 40.000000000000007 29.750000000000004 418.05000000000007 330.25000000000006 123.85000000000001 379.65000000000003 381.15000000000003 501.65000000000003 378.65000000000003 29.050000000000004 349.15000000000003 330.45000000000005 496.55000000000007 156.65000000000001 3.5000000000000004 1.0000000180025095e-35 765.35000000000002 67.450000000000017 85.750000000000014 1.0000000180025095e-35 324.85000000000008
decision_type=2 2 2 2 2 2 2 2 2 2 2 2 2 2 2 2 2 2 2 2 2 2 2 2 2 2 2 2 2 2 2 2 2 2 2 2 2 2 2 2 2 2 2 2 2 2 2 2 2 2 2 2 2 2 2 2 2 2 2 2 2 2
left_child=1 17 5 7 -4 56 42 9 10 32 13 -12 -11 14 15 44 -16 -1 -19 -20 21 -21 -15 -24 25 29 27 28 -27 41 -26 50 34 -34 36 -36 51 38 48 40 -39 -5 -7 -44 45 47 57 -9 49 -37 -29 52 -3 60 -55 -56 -2 -47 -18 -60 61 -32
right_child=2 3 4 24 -6 6 -8 8 -10 12 11 -13 -14 22 16 -17 58 18 19 20 -22 -23 23 -25 30 26 -28 31 -30 -31 53 -33 33 -35 35 37 -38 39 -40 -41 -42 -43 43 -45 -46 46 -48 -49 -50 -51 -52 -53 -54 54 55 -57 -58 -59 59 -61 -62 -63
leaf_value=0.054079212490725274 0.078275645561063131 -0.07778882825140998 1.0092142019547574 -0.25727844652879844 4.8007726014550052 4.4357986688613895 5.0912826233131945 -1.8190807560976183 4.5157028631730514 -6.749383512410251 -9.23938695192337 -1.3363645195961 -1.5945591221213342 -0.80059226989746102 -10.054707642963955 5.6027338822682706 -5.1107088855334695 -0.12006010878948042 5.7145044593250054 2.7063263397216799 2.1462009151841137 -5.0026451732173109 -2.6009309548139576 5.2909298697033442 -2.0772882598596563 1.2634150425070212 6.1255735344356967 0.10479163071018859 4.0856224536895756 -4.3281959404868466 -0.17659014815001187 4.2539672374725344 -10.210027723986171 2.9571627278129262 5.7579102576275671 1.2600013594306074 4.5406726073651091 -6.4815971163863484 7.4237577445450285 2.1863930185884235 -0.020680427253246311 2.7079187319029634 -0.76387352587088297 4.3230454540252685 -3.675095998770312 -0.51053903794088284 3.93232262134552 -7.0139801343282064 4.0003984040790987 -4.1001915662593786 -4.0345122426748281 -1.3815002858399388 4.0616908500045543 -7.4341077005321328 -3.2769917366902037 1.1187287588914236 1.4805192188036687 -4.8892964631319051 3.1992465019226075 -3.7644994075099625 -0.58399004752116845 0.42368808318172002
leaf_weight=12876 2384 421 147 1222 67 29 43 144 22 22 20 23 125 155 21 24 28 976 34 25 462 33 20 37 142 190 36 325 105 31 7306 27 23 30 30 50 21 22 21 30 30 51 92 20 76 238 32 24 31 21 24 249 25 22 30 48 196 20 31 48 1515 1494
leaf_count=12876 2384 421 147 1222 67 29 43 144 22 22 20 23 125 155 21 24 28 976 34 25 462 33 20 37 142 190 36 325 105 31 7306 27 23 30 30 50 21 22 21 30 30 51 92 20 76 238 32 24 31 21 24 249 25 22 30 48 196 20 31 48 1515 1494
internal_value=0.00129411 -0.0436279 0.440076 -0.200014 2.19629 0.304102 1.97689 -0.720305 -1.24702 -0.279624 -1.38175 -5.01219 -2.36603 -1.20791 -1.60984 -1.19818 -3.40444 0.115754 0.634791 1.96464 1.71945 -1.67981 0.0927075 2.52186 -0.112498 0.313864 1.33189 1.0747 2.26793 -0.238086 -0.193716 0.138527 0.0258554 -2.7569 0.180941 1.49754 -0.251182 0.874066 2.08786 -0.946631 -2.75415 -0.138484 1.02711 0.144505 -1.50384 -1.14354 -0.322276 -2.56121 0.989298 -0.325408 -0.17986 -0.395972 0.154245 -0.168035 -2.08161 -0.571933 0.184803 -0.849978 -2.09924 -1.03189 -0.149484 -0.0746793
internal_weight=32066 29088 2978 14682 214 2764 184 2114 963 1151 941 43 147 898 686 558 128 14406 1530 554 520 58 212 57 12568 2011 707 671 295 1304 10557 376 1004 53 951 235 716 205 123 82 52 1273 141 112 534 458 290 168 102 71 349 695 446 10415 100 78 2580 258 107 79 10315 8800
internal_count=32066 29088 2978 14682 214 2764 184 2114 963 1151 941 43 147 898 686 558 128 14406 1530 554 520 58 212 57 12568 2011 707 671 295 1304 10557 376 1004 53 951 235 716 205 123 82 52 1273 141 112 534 458 290 168 102 71 349 695 446 10415 100 78 2580 258 107 79 10315 8800
is_linear=0
shrinkage=0.05


Tree=125
num_leaves=63
num_cat=0
split_feature=2 11 34 5 25 31 33 32 33 38 33 33 34 34 33 13 39 31 33 32 33 34 31 32 32 32 32 31 33 31 31 39 36 40 36 11 36 36 36 36 28 6 36 33 36 31 31 33 40 31 31 31 34 33 33 32 31 34 31 32 39 39
split_gain=368271 447920 297359 243742 311208 308872 237690 250602 265163 281717 261539 238649 219059 211563 222110 192490 298221 478641 246610 187455 194766 256882 234151 207312 172759 160132 256606 519825 204381 393303 225056 192352 327555 371981 177688 198532 189694 210087 167070 233821 153371 217908 150536 152475 146594 146305 142632 142438 142107 141573 238764 141218 135406 134004 186513 251357 149642 133685 129128 489095 173292 168213
threshold=1.0000000180025095e-35 1.0000000180025095e-35 19.850000000000005 1.0000000180025095e-35 1.0000000180025095e-35 404.95000000000005 29.750000000000004 2.7500000000000004 81.050000000000011 1.0000000180025095e-35 62.350000000000001 205.35000000000005 235.35000000000005 1.5500000000000003 439.35000000000008 1.0000000180025095e-35 1.0000000180025095e-35 452.25000000000006 495.95000000000005 472.65000000000003 434.15000000000003 325.65000000000003 412.55000000000007 276.55000000000007 314.05000000000007 58.45000000000001 133.75000000000003 414.45000000000005 2.6500000000000008 434.55000000000007 456.45000000000005 1.0000000180025095e-35 250.51000000000002 3.5000000000000004 182.71250000000003 1.0000000180025095e-35 282.51250000000005 252.83333333333337 238.91250000000005 225.27083333333334 1.0000000180025095e-35 1.0000000180025095e-35 65.52500000000002 107.75000000000001 161.38750000000002 408.75000000000006 357.45000000000005 8.1500000000000004 1.0000000180025095e-35 131.65000000000001 27.950000000000003 73.050000000000011 421.25000000000006 453.55000000000007 305.35000000000008 85.750000000000014 394.65000000000003 345.80000000000001 468.85000000000008 1.0000000180025095e-35 1.0000000180025095e-35 1.0000000180025095e-35
decision_type=2 2 2 2 2 2 2 2 2 2 2 2 2 2 2 2 2 2 2 2 2 2 2 2 2 2 2 2 2 2 2 2 2 2 2 2 2 2 2 2 2 2 2 2 2 2 2 2 2 2 2 2 2 2 2 2 2 2 2 2 2 2
left_child=2 3 13 4 19 48 40 11 9 10 12 -8 -9 15 51 18 -17 42 25 20 22 23 45 -22 -12 58 27 31 34 -30 -31 32 38 -34 -29 36 37 -36 39 -27 41 -4 -18 -44 -3 49 -41 -43 -6 50 -2 -15 57 54 56 -56 -33 -51 -1 60 -60 -61
right_child=1 44 6 -5 5 -7 7 8 -10 -11 24 -13 -14 14 -16 16 17 -19 -20 -21 21 -23 -24 -25 -26 26 -28 28 29 30 -32 53 33 -35 35 -37 -38 -39 -40 46 -42 47 43 -45 -46 -47 -48 -49 -50 52 -52 -53 -54 -55 55 -57 -58 -59 59 61 -62 -63
leaf_value=0.018891224134446397 0.85770475621298936 -1.43148322224617 1.374687090738971 -1.155111960706211 4.941539861679078 6.8658702156760469 6.839632165715809 -4.8231532871723175 -0.61806277904467977 -0.31951876706801929 -4.4614695298463802 0.13266918775108125 2.5771618461608892 3.4801577076575785 5.3060285545164545 0.12429551499856384 -1.7928959177090573 8.2855142326354976 -4.8411446399158908 2.3509080440347847 4.6899933052062996 -2.9563128991560506 1.2631174242123961 0.52214737623715057 -9.9941681859039129 -0.22046651302791609 -0.09421965008567515 0.089380235819575882 -7.0938842455546069 4.9011772762645371 -0.97294118503729499 -1.0776964605475465 9.1064696697961729 0.36857531615372363 -7.429305845258698 0.018061460148204457 -8.3952917689626876 -2.4627924116383144 -4.5343719069446839 6.681779164671898 -1.565801189462344 -5.0722062328999691 2.2443583378491323 0.2277856416854204 3.052185949473416 -4.2725199983233493 0.78187436745280314 -0.063356823250651367 0.80067474354397172 0.21452752311790615 -1.5068858650994712 0.36466365383969523 3.7848549528763851 -4.7952577984851343 5.2467092138749587 -0.59351473758960593 -5.1233276605606086 -3.4803353881835939 -0.20986746317909627 2.6070393636822704 1.6295641465242519 7.3797579383850094
leaf_weight=12055 154 20 351 248 25 33 21 20 2650 78 43 36 20 43 31 1727 39 25 27 110 70 22 368 52 21 731 8658 26 21 22 63 480 21 29 31 22 33 68 21 20 75 22 242 153 206 21 21 40 121 1179 348 236 26 23 27 58 24 25 501 48 172 30
leaf_count=12055 154 20 351 248 25 33 21 20 2650 78 43 36 20 43 31 1727 39 25 27 110 70 22 368 52 21 731 8658 26 21 22 63 480 21 29 31 22 33 68 21 20 75 22 242 153 206 21 21 40 121 1179 348 236 26 23 27 58 24 25 501 48 172 30
internal_value=-0.0106602 0.514128 -0.0652576 0.34142 0.486737 2.49717 -0.506385 -0.678789 -0.744855 -2.59101 -4.29462 2.60366 -1.123 -0.00735616 1.29095 -0.0231904 0.42537 1.55817 -0.0653974 0.335214 0.237321 2.01675 0.116511 2.91353 -6.27689 -0.0598406 -0.205597 -0.75948 -2.70819 -0.966424 0.547419 -0.376434 0.113401 4.03849 -3.7339 -4.37939 -5.1123 -4.01796 -0.134083 -0.0143861 0.514257 0.891991 1.17065 1.46326 2.6554 -0.124191 3.65988 -1.84069 1.50973 -0.0738937 -0.781494 0.844829 0.214899 -1.05116 -0.904952 1.26162 -1.27035 0.137807 0.0585199 0.694637 0.26024 4.4427
internal_weight=32133 3028 29105 2802 2554 179 3377 2889 2832 182 104 57 40 25728 310 25418 2186 459 23232 2375 2265 144 2121 122 64 23205 10399 1741 286 106 85 1455 843 50 180 154 132 99 793 772 488 413 434 395 226 1753 41 62 146 1732 502 279 1230 612 589 85 504 1204 12806 751 673 78
internal_count=32133 3028 29105 2802 2554 179 3377 2889 2832 182 104 57 40 25728 310 25418 2186 459 23232 2375 2265 144 2121 122 64 23205 10399 1741 286 106 85 1455 843 50 180 154 132 99 793 772 488 413 434 395 226 1753 41 62 146 1732 502 279 1230 612 589 85 504 1204 12806 751 673 78
is_linear=0
shrinkage=0.05


Tree=126
num_leaves=63
num_cat=0
split_feature=2 11 7 35 34 4 9 33 33 9 31 36 8 35 35 36 35 36 31 36 13 36 33 35 35 35 35 31 40 36 31 40 31 35 35 33 31 31 31 36 36 31 36 33 7 35 35 35 21 35 40 40 36 33 36 36 36 36 12 12 31 9
split_gain=332365 404248 303226 272283 268367 272651 603653 716550 786429 236639 672405 871882 450218 724185 1.03657e+06 819651 445542 575739 404323 731595 287842 356586 273797 225027 224480 950311 616429 856383 1.01684e+06 575907 513209 375752 1.50828e+06 1.03279e+06 822735 674921 746715 685054 659362 883594 1.34534e+06 768067 425991 333169 325074 347580 358032 358317 319680 335682 301007 478302 294247 263160 260023 440361 257670 224886 286699 209229 217934 275837
threshold=1.0000000180025095e-35 1.0000000180025095e-35 1.0000000180025095e-35 1008.7500000000001 19.850000000000005 1.0000000180025095e-35 1.0000000180025095e-35 196.95000000000002 324.85000000000008 1.0000000180025095e-35 466.85000000000008 282.51250000000005 1.0000000180025095e-35 909.35000000000014 602.95000000000016 271.14166666666677 634.05000000000007 349.91250000000008 456.45000000000005 385.0750000000001 1.0000000180025095e-35 114.72500000000001 18.550000000000004 487.35000000000008 543.55000000000007 578.35000000000025 485.05000000000007 347.85000000000008 4.5000000000000009 246.95833333333337 158.95000000000002 5.5000000000000009 133.85000000000005 924.45000000000016 1096.7500000000002 138.65000000000001 306.25000000000006 378.65000000000003 152.75000000000003 220.91250000000005 232.25833333333335 73.050000000000011 315.18333333333339 341.05000000000007 1.0000000180025095e-35 434.4500000000001 426.25000000000006 417.55000000000013 1.0000000180025095e-35 409.4500000000001 4.5000000000000009 3.5000000000000004 249.34500000000003 271.80000000000001 298.01666666666671 331.81666666666672 327.63333333333338 98.27500000000002 1.0000000180025095e-35 1.0000000180025095e-35 184.05000000000004 1.0000000180025095e-35
decision_type=2 2 2 2 2 2 2 2 2 2 2 2 2 2 2 2 2 2 2 2 2 2 2 2 2 2 2 2 2 2 2 2 2 2 2 2 2 2 2 2 2 2 2 2 2 2 2 2 2 2 2 2 2 2 2 2 2 2 2 2 2 2
left_child=4 2 59 -4 9 -6 -7 -8 -9 -1 12 -12 18 14 -14 -16 23 -18 20 -20 24 -22 -23 -13 26 30 44 28 -28 -30 -26 33 -33 38 42 36 -34 43 41 -40 -41 -27 -35 52 45 46 47 48 49 57 51 53 -37 54 -42 -56 -52 -11 -59 60 61 -2
right_child=1 -3 3 -5 5 6 7 8 -10 10 11 16 13 -15 15 -17 17 -19 19 -21 21 22 -24 -25 25 31 27 -29 29 -31 -32 32 35 34 -36 37 -38 -39 39 40 50 -43 -44 -45 -46 -47 -48 -49 -50 -51 56 -53 -54 -55 55 -57 -58 58 -60 -61 -62 -63
leaf_value=-0.052743991987323692 -0.37751450250224883 2.5226310179741906 0.97094388100484474 4.9037855148315437 -0.2631875900429726 -0.76567342537480798 -11.032976185191762 4.1108077279452626 -7.0972801923751838 -2.5203999996939794 11.406901092529298 1.1313838200569153 1.5314062062431786 5.3005901541028706 -16.12368944513798 -2.8908762769265608 10.793416835950769 0.90977209006867765 -10.186981133619945 2.7612671709060672 -1.1197247619138044 1.6794859863817693 7.9198002200860245 -5.9841630285978322 13.614063720703127 -0.40039052009582526 -8.1052621194161478 -12.015101401011151 -1.5240062475204468 9.6086533818926139 3.8444995566112241 -13.302490947557533 -9.3546124807993571 -11.238531354757455 4.7282501749370409 0.085697569670500587 0.42095801681280137 11.32499789968133 -3.6850753491924659 15.430160751342775 -3.8246159689767021 11.761220895921863 -3.0571061977526037 -2.9763205260038377 -5.9755692481994629 2.9535462125402985 -5.011135647874891 6.5966572609814733 3.312892190503403 -6.595387716442346 2.3386449597098613 -4.4169943955209519 7.8755752693523071 7.2594261532738109 8.5510848090762188 -0.18714256804922355 8.7792136192321788 0.086511709909879331 5.5614949541091923 1.6780159402157708 0.38309220191728449 -4.0466319604353478
leaf_weight=23581 746 226 146 63 2734 547 33 29 34 79 30 25 34 21 25 22 23 41 24 20 34 32 39 20 20 20 32 24 26 21 41 23 30 26 23 27 56 20 62 20 21 37 41 32 20 122 33 22 71 20 44 36 22 21 21 46 24 549 25 213 1579 55
leaf_count=23581 746 226 146 63 2734 547 33 29 34 79 30 25 34 21 25 22 23 41 24 20 34 32 39 20 20 20 32 24 26 21 41 23 30 26 23 27 56 20 62 20 21 37 41 32 20 122 33 22 71 20 44 36 22 21 21 46 24 549 25 213 1579 55
internal_value=-0.0101272 0.488422 0.324349 2.15644 -0.0619947 -0.481066 -1.40747 -5.0644 -1.938 -0.00698835 0.495557 3.85869 0.26275 -2.97364 -5.11881 -9.92961 1.7812 4.46171 0.435946 -4.30141 0.547892 3.09091 5.10726 -2.03108 0.39592 1.0798 -0.0711348 -3.74343 -1.23052 3.45016 7.04764 0.521456 -1.21994 1.34882 -3.43104 0.266147 -2.98912 3.03796 2.57094 1.61971 3.03128 7.49399 -6.23199 0.991781 0.330827 0.467774 0.0882194 0.307904 0.121947 -0.214691 1.86707 0.579886 3.58319 2.23023 1.03008 2.5517 4.61179 -0.0192639 0.324969 0.176679 0.042316 -0.629451
internal_weight=32133 3028 2802 209 29105 3377 643 96 63 25728 2147 139 2008 102 81 47 109 64 1906 44 1862 105 71 45 1757 713 1044 103 79 47 61 652 210 442 90 187 86 101 352 295 233 57 67 81 941 921 799 766 744 673 213 145 49 109 88 67 68 653 574 2593 2380 801
internal_count=32133 3028 2802 209 29105 3377 643 96 63 25728 2147 139 2008 102 81 47 109 64 1906 44 1862 105 71 45 1757 713 1044 103 79 47 61 652 210 442 90 187 86 101 352 295 233 57 67 81 941 921 799 766 744 673 213 145 49 109 88 67 68 653 574 2593 2380 801
is_linear=0
shrinkage=0.05


Tree=127
num_leaves=63
num_cat=0
split_feature=2 11 34 4 9 31 31 5 32 31 25 9 31 36 31 36 32 36 8 40 31 35 34 32 36 35 36 40 31 32 32 39 35 13 32 36 35 35 34 32 9 9 32 31 31 13 6 31 31 31 31 40 32 39 32 32 9 32 9 34 35 35
split_gain=299959 364834 242201 246068 544796 425108 608746 220878 287914 248916 347760 213566 606845 786874 407261 698311 402102 519605 382808 576416 630939 285823 265507 225223 682012 775972 672261 724180 612096 555338 383486 471216 460606 248811 278071 266246 214614 203087 195586 465226 1.51027e+06 372885 729734 633419 1.36683e+06 590899 459969 617588 728806 719873 634766 451414 625603 358497 252559 218859 415168 327623 254906 661166 188751 331706
threshold=1.0000000180025095e-35 1.0000000180025095e-35 19.850000000000005 1.0000000180025095e-35 1.0000000180025095e-35 355.65000000000003 198.05000000000004 1.0000000180025095e-35 474.15000000000003 412.55000000000007 1.0000000180025095e-35 1.0000000180025095e-35 466.85000000000008 282.51250000000005 456.45000000000005 385.0750000000001 133.75000000000003 349.91250000000008 1.0000000180025095e-35 1.5000000000000002 361.85000000000008 602.95000000000016 3.8500000000000001 402.85000000000008 338.42000000000002 1055.7500000000002 248.08750000000001 3.5000000000000004 282.05000000000007 434.75000000000006 433.05000000000007 1.0000000180025095e-35 770.85000000000025 1.0000000180025095e-35 390.65000000000003 114.72500000000001 832.35000000000025 487.35000000000008 148.85000000000005 402.85000000000008 1.0000000180025095e-35 1.0000000180025095e-35 450.65000000000003 64.65000000000002 125.85000000000001 1.0000000180025095e-35 1.0000000180025095e-35 234.65000000000001 286.15000000000003 175.35000000000005 334.05000000000007 1.0000000180025095e-35 337.95000000000005 1.0000000180025095e-35 170.05000000000004 251.15000000000001 1.0000000180025095e-35 317.55000000000007 1.0000000180025095e-35 106.25000000000001 645.45000000000016 602.95000000000016
decision_type=2 2 2 2 2 2 2 2 2 2 2 2 2 2 2 2 2 2 2 2 2 2 2 2 2 2 2 2 2 2 2 2 2 2 2 2 2 2 2 2 2 2 2 2 2 2 2 2 2 2 2 2 2 2 2 2 2 2 2 2 2 2
left_child=2 7 11 38 -5 6 -6 8 9 -2 60 -1 14 -14 18 -16 37 -18 22 -20 21 -21 23 33 26 28 27 -25 -26 -29 -28 32 -32 34 -13 -35 -30 -15 39 55 -41 -40 43 45 -45 -43 47 49 -49 -46 -50 -52 53 -53 -48 58 -57 -58 -4 -60 61 -11
right_child=1 -3 3 4 5 -7 -8 -9 -10 10 -12 12 13 16 15 -17 17 -19 19 20 -22 -23 -24 24 25 -27 30 29 36 -31 31 -33 -34 35 -36 -37 -38 -39 41 40 -42 42 -44 44 46 -47 54 48 50 -51 51 52 -54 -55 -56 56 57 -59 59 -61 -62 -63
leaf_value=-0.050106791339345952 0.10051260921545857 2.3964994824038146 -0.526225944202943 -0.72738974541834334 -6.3460401535034183 -9.1066256027254795 3.9342819660902024 -1.1164803374198176 2.8802316493001481 1.4896116728995257 6.8225373744964601 0.18612076284707288 10.83655616760254 1.0748146150112152 -9.8039511864001945 2.6232037925720215 10.253746157107146 0.86428344791255352 4.4927637923847552 -2.8109245491027832 2.2828730375870414 -10.30384472021035 6.1107981806709653 -6.6615704094059769 -10.214029121398926 7.0434298038482668 10.561496500287738 -1.7931431997390022 2.6523512919743855 9.7056989942278182 12.437398311070034 -1.6760590428891391 1.8350456452369692 -0.9389136483592373 -4.3237234408514835 4.8010854425101446 -4.2689864998772036 -5.6849546313285835 -0.33861078896914298 -0.87046201205834783 -13.952912167140418 -9.1829243495546535 7.9536151409149172 10.826329397474018 2.623944123586019 1.683864229375666 -8.425091276168823 10.868708187103273 -4.2139039632252286 -7.1809983253479004 -3.0516539573669434 4.2872436118125918 -2.2290375900268553 12.228839257028369 -1.0119348808571145 -0.20380552419127876 9.7900027672449763 1.0588700207796964 -8.3683889688764292 3.0277505254745485 0.05512391278676898 8.3266551065444947
leaf_weight=23581 2019 226 305 547 36 36 24 248 116 157 28 1459 30 25 26 20 23 41 22 20 23 35 21 26 26 20 35 21 24 21 21 23 20 31 35 58 21 20 1634 104 28 29 38 35 36 22 20 25 35 39 20 30 20 27 27 162 21 22 35 20 214 20
leaf_count=23581 2019 226 305 547 36 36 24 248 116 157 28 1459 30 25 26 20 23 41 22 20 23 35 21 26 26 20 35 21 24 21 21 23 20 31 35 58 21 20 1634 104 28 29 38 35 36 22 20 25 35 39 20 30 20 27 27 162 21 22 35 20 214 20
internal_value=-0.00962081 0.464 -0.058895 -0.457013 -1.3371 -4.81118 -2.23391 0.308131 0.446465 0.330666 1.43969 -0.00663893 0.470779 3.66575 0.249613 -4.40084 1.69214 4.23862 0.358645 -2.65506 -4.67112 -7.57915 0.520498 0.45673 1.8266 -1.65592 3.72426 -0.103488 -4.10644 3.95628 6.35343 4.05214 7.26552 0.233466 0.0804685 2.80176 -0.577606 -1.92953 -0.250028 -0.972996 -3.64553 -0.00265033 1.35953 0.673024 1.51246 -4.49529 0.344058 1.25783 3.04085 -2.47463 1.5583 3.64105 5.37942 8.04905 -4.16647 -0.348617 0.955457 5.32291 -1.09122 -4.22434 1.05422 2.26216
internal_weight=32133 3028 29105 3377 643 96 60 2802 2554 2438 419 25728 2147 139 2008 46 109 64 1962 100 78 55 1862 1841 258 91 167 68 71 42 99 64 41 1583 1494 89 45 45 2734 697 132 2037 403 365 314 51 279 232 157 75 132 97 77 57 47 565 205 43 360 55 391 177
internal_count=32133 3028 29105 3377 643 96 60 2802 2554 2438 419 25728 2147 139 2008 46 109 64 1962 100 78 55 1862 1841 258 91 167 68 71 42 99 64 41 1583 1494 89 45 45 2734 697 132 2037 403 365 314 51 279 232 157 75 132 97 77 57 47 565 205 43 360 55 391 177
is_linear=0
shrinkage=0.05


Tree=128
num_leaves=63
num_cat=0
split_feature=5 24 33 39 32 33 32 34 34 28 32 32 32 9 33 39 33 9 34 37 33 28 8 9 21 38 32 32 32 13 34 32 32 34 33 36 33 33 36 40 32 40 32 11 33 36 4 34 34 34 32 32 32 40 36 36 32 40 34 9 40 33
split_gain=260502 260530 272509 232615 462680 238776 241869 233542 222762 220203 248976 257792 217050 380312 380024 202636 251357 233265 578287 958949 316156 179858 172586 188425 354556 553642 501202 1.08402e+06 436213 478697 415682 406936 658443 364514 319716 293309 401189 428471 289102 267700 417738 699470 578668 352375 535519 222946 190662 307119 510852 451545 204861 787420 483936 428098 1.07436e+06 589176 514295 450670 171564 347222 394707 171805
threshold=1.0000000180025095e-35 1.0000000180025095e-35 373.85000000000008 1.0000000180025095e-35 60.750000000000007 378.05000000000007 91.950000000000017 78.600000000000009 445.55000000000007 1.0000000180025095e-35 489.55000000000007 470.75000000000006 482.05000000000007 1.0000000180025095e-35 79.350000000000009 1.0000000180025095e-35 436.05000000000007 1.0000000180025095e-35 258.25000000000006 3.5000000000000004 138.65000000000001 1.0000000180025095e-35 1.0000000180025095e-35 1.0000000180025095e-35 1.0000000180025095e-35 1.0000000180025095e-35 426.95000000000005 466.85000000000008 394.35000000000008 1.0000000180025095e-35 329.50000000000006 433.05000000000007 446.55000000000007 235.35000000000005 64.050000000000011 120.22500000000001 166.15000000000001 17.350000000000005 309.52500000000003 2.5000000000000004 25.450000000000003 1.0000000180025095e-35 174.05000000000004 1.0000000180025095e-35 69.750000000000014 318.92500000000001 1.0000000180025095e-35 378.85000000000008 273.55000000000007 87.350000000000009 119.30000000000003 67.450000000000017 175.95000000000002 3.5000000000000004 173.16750000000005 203.41000000000003 298.45000000000005 5.5000000000000009 387.95000000000005 1.0000000180025095e-35 3.5000000000000004 121.55000000000001
decision_type=2 2 2 2 2 2 2 2 2 2 2 2 2 2 2 2 2 2 2 2 2 2 2 2 2 2 2 2 2 2 2 2 2 2 2 2 2 2 2 2 2 2 2 2 2 2 2 2 2 2 2 2 2 2 2 2 2 2 2 2 2 2
left_child=1 2 9 -4 -5 -6 7 -7 -3 12 11 -11 22 -14 -15 16 17 -2 19 20 -19 58 23 -1 26 46 28 31 29 30 33 -28 -33 38 -30 -31 37 -37 39 40 -25 42 -42 -41 -45 -40 47 48 49 50 51 -26 -52 55 56 -54 -55 -56 59 -17 -61 -60
right_child=15 8 3 4 5 6 -8 -9 -10 10 -12 -13 13 14 -16 21 -18 18 -20 -21 -22 -23 -24 24 25 -27 27 -29 34 35 -32 32 -34 -35 -36 36 -38 -39 45 43 41 -43 -44 44 -46 -47 -48 -49 -50 -51 52 -53 53 54 57 -57 -58 -59 61 60 -62 -63
leaf_value=0.063342532782465724 -0.16705423760546748 -0.35306524773082648 -0.07740454537613832 3.5027712744335795 5.4130135756272537 -5.0374592754575946 0.75840162419648272 1.7012990713119507 -3.1344154321664091 -0.39597719528678788 4.0250427849831123 -3.640002731813325 0.64215677921046421 0.70461560058593753 9.1859498279435297 -0.81907439608409227 -2.4778722871442072 0.99107826749483741 9.6363182249523351 -7.3701447282518657 7.6764871256692082 -3.4619224121634455 -0.36636529671729678 0.38745859744392824 2.9940725701385076 8.87034980279428 12.287237349010651 -5.2525060547722715 -0.53271934405483046 -0.73082474507391459 -5.3910276619096607 -2.0683653106689452 8.3264498441647259 6.4378944396972662 -7.9572334355321432 3.8633912341935295 -0.47547878374656039 12.897406846001036 5.124996967054904 -0.33649881276807803 -5.2925634698867796 -9.4452230135599784 2.3932882492740948 -1.9379457223415377 8.9447071185478801 0.74969628083263018 -2.8640489339828492 7.4571886322715066 -6.3823723205924034 7.684382546742758 8.2677434042648041 -7.8066164776130966 2.5647208920231575 2.5960806880678451 11.960404994569977 -7.9806524698550891 -8.4696839196341376 2.5882832734481149 5.2406312108039863 0.40495571374893191 -8.6044597710332571 0.09002450339934405
leaf_weight=17912 1764 2650 641 172 26 36 878 20 74 2193 31 63 352 25 28 818 110 48 21 28 28 70 2066 107 45 27 21 27 29 32 36 25 39 22 29 35 24 21 32 569 50 39 48 20 26 323 24 22 20 30 27 27 27 21 29 26 21 23 20 20 31 85
leaf_count=17912 1764 2650 641 172 26 36 878 20 74 2193 31 63 352 25 28 818 110 48 21 28 28 70 2066 107 45 27 21 27 29 32 36 25 39 22 29 35 24 21 32 569 50 39 48 20 26 323 24 22 20 30 27 27 27 21 29 26 21 23 20 20 31 85
internal_value=-0.00913978 0.0369048 0.0850008 0.683673 1.11464 0.686763 0.555197 -2.63076 -0.428623 0.0418403 -0.425414 -0.486568 0.0897471 1.23669 5.18532 -0.44931 -0.154446 -0.0191486 2.0681 0.539898 3.45412 -1.0139 0.0685374 0.113837 0.584169 1.97744 0.253335 3.47533 0.00308314 0.181109 -0.0948206 6.2477 4.26598 0.0594378 -4.24498 3.31488 4.93316 7.25115 -0.056152 -0.552177 -1.95351 -3.78185 -1.52806 0.0037978 4.21312 1.14409 1.43326 1.75759 1.33397 1.89312 1.18687 -1.05619 2.11504 0.984946 3.01103 -2.60848 -2.9368 7.81504 -0.837964 -1.06863 -5.07136 1.07109
internal_weight=32133 29090 26366 1773 1132 960 934 56 2724 24593 2287 2256 22306 405 53 3043 1999 1889 125 104 76 1044 21901 19835 1923 369 1554 112 1442 1384 1272 85 64 1236 58 112 80 56 1214 859 244 137 98 615 46 355 342 318 296 276 246 72 174 147 94 53 42 52 974 869 51 105
internal_count=32133 29090 26366 1773 1132 960 934 56 2724 24593 2287 2256 22306 405 53 3043 1999 1889 125 104 76 1044 21901 19835 1923 369 1554 112 1442 1384 1272 85 64 1236 58 112 80 56 1214 859 244 137 98 615 46 355 342 318 296 276 246 72 174 147 94 53 42 52 974 869 51 105
is_linear=0
shrinkage=0.05


Tree=129
num_leaves=63
num_cat=0
split_feature=2 35 9 34 40 32 33 32 9 36 34 23 34 4 9 33 33 5 31 39 36 32 34 32 9 9 33 20 34 32 33 35 36 34 36 34 35 33 35 32 9 32 9 34 25 32 36 36 9 31 36 33 31 36 32 36 31 31 35 40 32 32
split_gain=267068 275860 549545 1.12845e+06 862722 772621 755664 645243 531895 557591 452401 282084 218531 218601 491230 645135 702384 205691 185515 266913 205937 176266 174277 494416 1.30336e+06 253790 776866 710921 497102 537007 394505 401572 318904 366652 290674 519765 391986 207517 275013 200155 378312 288322 234641 582689 173635 195202 231463 161344 144218 567934 703448 390975 366432 629827 353224 466664 335383 771837 1.08315e+06 620915 1.50278e+06 1.41039e+06
threshold=1.0000000180025095e-35 567.95000000000016 1.0000000180025095e-35 290.2000000000001 4.5000000000000009 352.45000000000005 328.85000000000008 356.45000000000005 1.0000000180025095e-35 149.39000000000001 403.55000000000007 1.0000000180025095e-35 19.850000000000005 1.0000000180025095e-35 1.0000000180025095e-35 196.95000000000002 324.85000000000008 1.0000000180025095e-35 40.000000000000007 1.0000000180025095e-35 87.737500000000011 495.05000000000007 148.85000000000005 402.85000000000008 1.0000000180025095e-35 1.0000000180025095e-35 449.00000000000006 1.0000000180025095e-35 316.45000000000005 410.95000000000005 409.65000000000003 909.35000000000014 278.07083333333338 424.75000000000006 209.12916666666669 215.05000000000004 1055.7500000000002 150.15000000000001 1083.5500000000002 251.15000000000001 1.0000000180025095e-35 317.55000000000007 1.0000000180025095e-35 106.25000000000001 1.0000000180025095e-35 143.55000000000004 334.03333333333336 238.91250000000005 1.0000000180025095e-35 466.85000000000008 282.51250000000005 476.05000000000007 456.45000000000005 385.0750000000001 133.75000000000003 349.91250000000008 115.25000000000001 127.75000000000001 383.65000000000009 1.0000000180025095e-35 206.95000000000002 433.05000000000007
decision_type=2 2 2 2 2 2 2 2 2 2 2 2 2 2 2 2 2 2 2 2 2 2 2 2 2 2 2 2 2 2 2 2 2 2 2 2 2 2 2 2 2 2 2 2 2 2 2 2 2 2 2 2 2 2 2 2 2 2 2 2 2 2
left_child=12 8 11 4 7 6 -6 -4 -2 -10 -5 17 18 21 -15 -16 -17 44 19 -1 -21 22 23 39 -25 -24 27 28 29 34 31 -30 37 -34 35 -27 -36 -33 -39 42 -41 -42 -14 -44 -3 -46 47 -47 -20 51 -51 52 56 -54 -52 -56 59 58 -58 60 -50 -61
right_child=1 2 3 10 5 -7 -8 -9 9 -11 -12 -13 13 14 15 16 -18 -19 48 20 -22 -23 25 24 -26 26 -28 -29 30 -31 -32 32 33 -35 36 -37 -38 38 -40 40 41 -43 43 -45 45 46 -48 -49 49 50 54 -53 53 -55 55 -57 57 -59 -60 61 -62 -63
leaf_value=0.14714725759460573 0.079334126150189616 0.33273631994239439 6.866602701851817 -6.7611678384965472 0.21864985686082106 16.905956319967906 13.146065125465393 -2.7500244243724925 0.27002434730529784 -11.395252863566082 2.8842526841163636 2.546346084792523 -0.4959492699288931 -0.68389479015397092 -10.22506979451035 4.1212527768365268 -6.4710184679311871 -1.2367828151832025 -0.10231216485127098 -1.157534529205779 1.7335678969980568 3.9409160318374634 -0.31999833318401977 -1.0866561243329387 -13.304852458408901 -2.4562576168461852 -5.9156651218732206 -7.1429168496813098 8.047484510626111 6.1150692075490953 10.761961913108827 -4.0862415164709089 8.8175046341759824 0.86192826271057132 -6.8538582724493908 6.7182957401642431 0.98732933657509947 6.0053828811645511 -2.0114265856535538 -0.18736178357568053 9.2789442414329155 1.0882228875702078 -7.9343591342227802 2.7640858364105227 5.9601290157863076 3.1259617536195687 5.7047070461770772 -1.5366072363203223 -3.0060014905351582 10.20578567504883 -1.8347213458021483 -6.5131903344934647 -9.3460608225602382 2.4560013549029827 9.6468621627144202 0.74857987776035229 0.25102932953065443 0.38985810383189418 14.399465592702231 -1.1245063225558976 14.103910191853842 -14.665847923642113
leaf_weight=3281 1298 1021 33 31 26 24 20 37 20 21 20 157 305 547 33 29 34 186 19904 71 465 25 1619 99 28 38 36 21 35 32 20 24 28 30 37 26 28 20 23 162 21 22 35 20 28 28 23 55 33 30 45 22 26 20 23 41 31 1442 24 228 21 21
leaf_count=3281 1298 1021 33 31 26 24 20 37 20 21 20 157 305 547 33 29 34 186 19904 71 465 25 1619 99 28 38 36 21 35 32 20 24 28 30 37 26 28 20 23 162 21 22 35 20 28 28 23 55 33 30 45 22 26 20 23 41 31 1442 24 228 21 21
internal_value=-0.00868279 0.438218 0.863143 3.38893 5.70854 9.63356 5.83927 1.78353 -0.0977775 -5.70487 -2.97865 0.541097 -0.0551771 -0.433341 -1.26286 -4.56173 -1.59521 0.306329 -0.0055401 0.316142 1.3506 -0.238251 -0.276818 -0.961494 -3.78043 -0.0419166 1.08928 1.7859 2.33577 0.317221 4.14125 3.31366 1.98818 4.70255 -1.121 1.2709 -3.47612 -0.361566 1.71732 -0.327857 0.919249 5.08834 -1.03801 -4.04402 0.55483 2.24706 1.26624 0.0363076 -0.0615787 0.342387 3.42576 0.11295 0.191918 -4.21473 1.5597 3.9464 0.304532 0.611586 6.42489 -1.2125 3.64785 -2.26655
internal_weight=32133 3028 1689 191 140 70 46 70 1339 41 51 1498 29105 3377 643 96 63 1341 25728 3817 536 2734 2709 692 127 2017 398 362 341 161 180 160 125 58 129 64 65 67 43 565 205 43 360 55 1155 134 106 83 21911 2007 139 1868 1846 46 109 64 1800 1497 55 303 54 249
internal_count=32133 3028 1689 191 140 70 46 70 1339 41 51 1498 29105 3377 643 96 63 1341 25728 3817 536 2734 2709 692 127 2017 398 362 341 161 180 160 125 58 129 64 65 67 43 565 205 43 360 55 1155 134 106 83 21911 2007 139 1868 1846 46 109 64 1800 1497 55 303 54 249
is_linear=0
shrinkage=0.05


Tree=130
num_leaves=63
num_cat=0
split_feature=7 25 31 31 31 33 33 39 31 31 31 31 36 36 36 34 31 36 33 36 35 36 36 33 33 35 34 31 33 33 36 35 11 31 38 31 10 36 33 31 36 34 31 35 31 31 33 38 33 33 35 35 31 33 2 35 36 31 31 2 31 23
split_gain=336992 448373 221631 249428 190767 184520 372165 394514 706971 667369 323478 273496 265111 336416 258249 229383 228684 206650 364963 254011 204727 237867 183379 177832 176206 199619 157583 156863 251532 152201 147912 146659 134732 149930 137076 148898 133505 160316 154000 157795 128171 127829 120926 137819 120582 188356 370930 477531 313401 264882 204436 248782 166481 344555 136232 135287 117951 144627 115870 114142 219073 175820
threshold=1.0000000180025095e-35 1.0000000180025095e-35 221.95000000000002 56.250000000000007 115.25000000000001 51.750000000000007 93.200000000000003 1.0000000180025095e-35 368.25000000000006 328.15000000000003 414.45000000000005 452.25000000000006 196.81666666666669 228.87083333333337 226.32916666666668 365.65000000000003 482.95000000000005 195.6166666666667 64.050000000000011 209.12916666666669 967.45000000000016 235.65833333333336 229.91666666666669 429.05000000000007 317.35000000000008 789.1500000000002 399.90000000000003 1.8500000000000003 303.30000000000001 23.150000000000002 226.32916666666668 656.45000000000016 1.0000000180025095e-35 370.15000000000003 1.0000000180025095e-35 412.55000000000007 1.0000000180025095e-35 226.32916666666668 194.55000000000004 205.95000000000002 196.81666666666669 495.35000000000008 167.05000000000004 587.85000000000014 498.05000000000007 472.65000000000003 168.35000000000005 1.0000000180025095e-35 457.35000000000008 431.45000000000005 998.25000000000011 902.1500000000002 466.85000000000008 349.40000000000003 1.0000000180025095e-35 1020.4500000000002 298.01666666666671 334.05000000000007 4.4500000000000011 1.0000000180025095e-35 464.85000000000008 1.0000000180025095e-35
decision_type=2 2 2 2 2 2 2 2 2 2 2 2 2 2 2 2 2 2 2 2 2 2 2 2 2 2 2 2 2 2 2 2 2 2 2 2 2 2 2 2 2 2 2 2 2 2 2 2 2 2 2 2 2 2 2 2 2 2 2 2 2 2
left_child=5 2 3 40 -3 15 7 8 9 12 -10 17 -7 -14 -12 -1 -13 58 22 -20 21 -21 -19 30 32 -26 -17 28 -8 -28 31 -6 34 -34 -4 -36 37 -5 -39 -40 -2 44 43 -38 45 52 47 -47 49 50 51 -48 59 55 -52 -54 57 -32 -9 60 -29 -61
right_child=1 4 24 36 23 6 27 11 10 -11 14 16 13 -15 -16 26 -18 18 19 20 -22 -23 -24 -25 25 -27 29 41 -30 -31 56 -33 33 -35 35 -37 42 38 39 -41 -42 -43 -44 -45 -46 46 48 -49 -50 -51 54 -53 53 -55 -56 -57 -58 -59 -60 61 -62 -63
leaf_value=0.02292706107713284 0.43355879481633508 -0.59094795795047983 0.53344819265348009 0.03005526939877004 2.8939790528161189 0.19773762281625892 -1.0134995188650697 -6.3169345899061726 9.1973305855108354 -9.8022690710567293 -2.1979174313091097 -9.5242247291233237 -8.8324283762276163 0.33839300215244295 5.0315095537900927 4.951586092710496 -2.2137923145294187 0.28770547367277599 2.9068126190276375 -4.7250759909229894 -7.1442029247681305 1.5748064596077491 6.9774823838472377 7.7072567148642115 6.3352772448373882 1.4740040533764418 0.15479482104785222 -0.22592514334723954 4.0911327556046571 4.9028131110327591 -2.1876723321278893 8.1793345837366029 -0.058872381553930403 4.2999485070401056 -0.020689700467464253 -3.8375272041872925 -1.2080549762362527 -3.1233609014087254 0.27933982004106572 -4.53889377117157 2.9017687481678567 3.8284774279594425 0.42884739921206522 -6.7545086843272051 3.0999430115733828 -10.209855103969574 -1.2996816587493276 -0.1094608159386553 -4.7403997787833214 5.555166004672647 -2.3481456058989241 4.7945768487804079 7.8397854765256243 -2.4120525169372562 1.6119547022713556 2.3445204321295026 3.8092445211538251 3.222479209587688 -2.4929737339067701 0.081776355201254022 -4.7408850309266537 2.0742422465530654
leaf_weight=21060 150 34 1135 642 35 208 43 22 23 21 21 23 20 20 30 35 20 21 21 31 24 29 20 22 23 258 86 5457 55 21 30 21 34 47 78 38 21 90 113 20 81 20 21 24 28 25 33 22 40 20 111 34 21 25 27 24 35 21 199 913 27 126
leaf_count=21060 150 34 1135 642 35 208 43 22 23 21 21 23 20 20 30 35 20 21 21 31 24 29 20 22 23 258 86 5457 55 21 30 21 34 47 78 38 21 90 113 20 81 20 21 24 28 25 33 22 40 20 111 34 21 25 27 24 35 21 199 913 27 126
internal_value=0.0118855 0.518869 0.354851 -0.171613 2.81762 -0.0400784 -0.247941 -1.30453 -0.0532691 -1.24386 4.2747 -2.35132 -0.519158 -4.24702 2.05469 0.0364315 -6.12402 -1.90929 -0.44955 -2.01167 -3.2413 -1.68013 3.55101 3.52427 0.734113 1.8719 2.03927 -0.135104 1.85135 1.08665 2.8762 4.87599 0.494084 2.47032 0.366126 -1.27103 -0.53651 -0.371121 -1.52608 -0.445207 1.29904 -0.163103 -2.70411 -4.16616 -0.174617 -0.187896 -1.38834 -5.48201 -0.662294 0.0627025 -0.473148 1.79293 -0.131087 2.29432 -1.57334 4.90898 1.57402 0.0400371 -2.87364 -0.157115 -0.248154 0.323404
internal_weight=31979 2973 2775 1162 198 29006 7804 753 343 269 74 410 248 40 51 21202 43 367 146 105 84 60 41 164 1613 281 142 7051 98 107 142 56 1332 81 1251 116 931 865 223 133 231 6953 66 45 6933 6905 312 47 265 225 205 67 6593 70 138 45 86 51 221 6523 5484 1039
internal_count=31979 2973 2775 1162 198 29006 7804 753 343 269 74 410 248 40 51 21202 43 367 146 105 84 60 41 164 1613 281 142 7051 98 107 142 56 1332 81 1251 116 931 865 223 133 231 6953 66 45 6933 6905 312 47 265 225 205 67 6593 70 138 45 86 51 221 6523 5484 1039
is_linear=0
shrinkage=0.05


Tree=131
num_leaves=63
num_cat=0
split_feature=9 36 36 24 32 7 32 31 32 31 32 31 39 31 31 21 36 40 40 32 35 31 31 36 40 31 31 31 36 36 31 36 31 35 32 32 36 32 35 32 35 18 35 35 31 35 6 35 32 36 31 36 31 32 31 32 40 39 31 31 21 40
split_gain=397928 282466 660114 505389 473196 375694 888006 594659 803587 564427 393282 932039 1.43769e+06 483263 722048 454390 1.27823e+06 467595 613825 446740 351255 546107 677854 523354 430724 421961 715140 574556 502059 1.45809e+06 438570 994435 617695 469374 346906 344014 767181 329351 320704 815604 1.1182e+06 695703 341401 1.10433e+06 731291 390478 330930 716497 438057 782711 394802 312149 275944 681902 411765 416876 732678 1.2374e+06 341714 340312 338319 323553
threshold=1.0000000180025095e-35 166.41000000000003 161.38750000000002 1.0000000180025095e-35 312.15000000000003 1.0000000180025095e-35 495.05000000000007 224.05000000000004 376.75000000000006 308.35000000000008 433.05000000000007 138.15000000000001 1.0000000180025095e-35 189.65000000000001 253.25000000000003 1.0000000180025095e-35 349.91250000000008 5.5000000000000009 2.5000000000000004 424.95000000000005 1096.7500000000002 306.25000000000006 472.65000000000003 298.01666666666671 3.5000000000000004 495.85000000000008 466.85000000000008 456.45000000000005 334.03333333333336 263.94166666666672 410.45000000000005 276.51666666666671 404.95000000000005 685.05000000000007 77.250000000000014 187.75000000000003 300.81666666666672 268.35000000000008 417.55000000000013 143.55000000000004 522.6500000000002 1.0000000180025095e-35 832.35000000000025 728.6500000000002 242.85000000000005 909.35000000000014 1.0000000180025095e-35 679.95000000000016 179.45000000000002 208.11250000000004 189.65000000000001 300.81666666666672 337.75000000000006 191.75000000000003 152.75000000000003 386.85000000000008 4.5000000000000009 1.0000000180025095e-35 263.65000000000003 316.35000000000008 1.0000000180025095e-35 1.0000000180025095e-35
decision_type=2 2 2 2 2 2 2 2 2 2 2 2 2 2 2 2 2 2 2 2 2 2 2 2 2 2 2 2 2 2 2 2 2 2 2 2 2 2 2 2 2 2 2 2 2 2 2 2 2 2 2 2 2 2 2 2 2 2 2 2 2 2
left_child=-1 2 3 4 37 6 10 8 -7 -9 19 12 -12 -13 -15 16 -16 18 -18 20 25 23 24 -22 51 26 27 30 29 -28 32 33 38 -32 -4 -11 -37 -2 -3 40 -40 42 43 44 -42 -44 48 -48 49 -41 -49 -23 53 -50 55 56 -55 -58 61 -60 -54 -56
right_child=1 5 34 -5 -6 7 -8 9 -10 35 11 13 -14 14 15 -17 17 -19 -20 -21 21 22 -24 -25 -26 -27 28 -29 -30 -31 31 -33 -34 -35 -36 36 -38 -39 39 46 41 -43 45 -45 -46 -47 47 50 52 -51 -52 -53 60 54 58 -57 57 -59 59 -61 -62 -63
leaf_value=-0.04504988053430628 0.36522052687123646 -0.4265102340138911 -0.97902375857035318 -6.5830460354133891 7.1441111373901371 2.8449491567389913 10.404370596097863 10.448045136648068 -9.2863536071777357 -1.3800865788613597 10.134211229023181 -8.9799727235521587 -5.7041851790054992 4.7618485970930626 -12.365998007121838 2.0474627884229029 -4.8060812450590591 -6.4613606982760956 6.418462532964246 6.2262726345577759 -7.658404114781594 10.373950262069703 -7.2540529410044359 1.939566476941109 -0.36626424178665068 -6.2751684188842773 0.065162121165882464 -4.8629233056848697 1.7728760045021774 18.26909065246582 14.292941435523657 0.81511727954990187 -7.3452701528867088 4.928713780641556 -9.4172662416408794 12.554228574579412 0.87698890475126423 -5.745973844113557 12.57572146329013 4.6631957459449769 5.3472397847609088 10.056714653015137 -6.3174357944064674 11.705383457183839 -7.1519726066589362 2.0382321982548155 -10.518790508451916 -4.4817757034301762 10.457190977443348 -7.6138088651605562 5.0300769537687309 2.3097701970736186 0.5144382668780042 1.9841543266989969 -1.6421737289428713 4.5038562142848972 -13.094151229858397 1.6601849167435259 -1.3459822612266019 5.2240130724730314 -6.5161931558088826 5.2228896117407437
leaf_weight=29018 532 388 21 27 25 43 23 34 20 31 38 28 23 33 38 30 21 27 29 37 49 20 24 20 81 20 22 44 48 22 23 129 24 32 29 22 39 23 33 20 22 25 27 25 25 29 21 20 22 37 24 30 77 55 20 30 30 27 73 27 22 121
leaf_count=29018 532 388 21 27 25 43 23 34 20 31 38 28 23 33 38 30 21 27 29 37 49 20 24 20 81 20 22 44 48 22 23 129 24 32 29 22 39 23 33 20 22 25 27 25 25 29 21 20 22 37 24 30 77 55 20 30 30 27 73 27 22 121
internal_value=0.0112912 0.563437 -0.35108 0.10379 0.415074 0.824218 0.633355 2.96006 -1.00626 4.94323 0.52593 -1.2664 4.16236 -2.87394 -1.91344 -3.43264 -4.86223 -1.15908 1.70415 0.78815 0.675616 -1.17617 0.471016 -4.87638 1.8863 0.940834 1.03431 0.76344 5.30926 9.16713 0.939264 3.21525 0.597122 8.84466 -5.8732 2.90884 5.08845 0.111964 0.75597 1.321 4.22811 2.42765 0.937598 3.21492 -1.30128 -1.99039 0.457222 -2.92013 0.848537 -3.30609 0.706508 5.53544 1.31841 1.89684 1.40512 -0.730672 -2.13278 -6.10526 2.66356 0.427916 -1.04792 4.24912
internal_weight=31979 2961 657 607 580 2304 2115 189 63 126 2092 267 61 206 178 145 115 77 50 1825 1788 224 155 69 131 1564 1544 1452 92 44 1408 184 1224 55 50 92 61 555 1200 812 186 153 128 72 47 56 626 65 561 57 44 50 504 405 383 142 112 57 241 100 99 141
internal_count=31979 2961 657 607 580 2304 2115 189 63 126 2092 267 61 206 178 145 115 77 50 1825 1788 224 155 69 131 1564 1544 1452 92 44 1408 184 1224 55 50 92 61 555 1200 812 186 153 128 72 47 56 626 65 561 57 44 50 504 405 383 142 112 57 241 100 99 141
is_linear=0
shrinkage=0.05


Tree=132
num_leaves=63
num_cat=0
split_feature=9 34 34 18 40 21 32 32 32 34 18 35 35 40 32 32 35 11 35 29 5 32 36 36 35 35 32 32 32 35 32 32 32 28 32 35 32 32 40 32 32 32 36 36 32 35 34 37 34 34 32 21 32 32 35 32 40 32 35 36 35 36
split_gain=359130 286151 1.02077e+06 805835 941793 622634 547335 700502 528957 510284 457513 298949 814115 519883 1.04571e+06 818738 367584 504948 678711 419154 499190 515812 320614 474730 310174 740584 1.91844e+06 575606 770041 506829 421755 662881 536214 313443 463209 566069 712472 465030 290642 302403 559245 920401 410110 281978 781513 692374 1.03647e+06 481755 439398 439164 408912 319516 1.43217e+06 462397 491106 330194 277352 343034 406695 345262 475413 271494
threshold=1.0000000180025095e-35 106.25000000000001 15.750000000000002 1.0000000180025095e-35 5.5000000000000009 1.0000000180025095e-35 282.15000000000003 131.45000000000002 468.75000000000006 4.6500000000000012 1.0000000180025095e-35 1020.4500000000002 987.70000000000016 5.5000000000000009 430.85000000000008 356.45000000000005 818.95000000000016 1.0000000180025095e-35 517.05000000000007 1.0000000180025095e-35 1.0000000180025095e-35 150.05000000000004 281.01000000000005 233.41666666666669 501.65000000000003 482.65000000000009 79.250000000000014 308.35000000000008 370.25000000000006 753.45000000000016 28.750000000000004 247.15000000000001 285.85000000000008 1.0000000180025095e-35 450.65000000000003 717.95000000000016 389.15000000000003 358.65000000000003 1.0000000180025095e-35 94.050000000000011 185.55000000000004 272.55000000000007 286.95833333333343 216.37083333333337 131.45000000000002 916.25000000000011 215.05000000000004 4.5000000000000009 153.90000000000003 347.9500000000001 193.95000000000002 1.0000000180025095e-35 342.75000000000006 378.65000000000003 1110.2000000000003 418.85000000000008 2.5000000000000004 416.95000000000005 794.6500000000002 254.11000000000004 480.05000000000007 254.11000000000004
decision_type=2 2 2 2 2 2 2 2 2 2 2 2 2 2 2 2 2 2 2 2 2 2 2 2 2 2 2 2 2 2 2 2 2 2 2 2 2 2 2 2 2 2 2 2 2 2 2 2 2 2 2 2 2 2 2 2 2 2 2 2 2 2
left_child=-1 2 9 8 6 -4 7 -5 38 10 11 12 16 14 15 -13 17 24 -19 20 21 -18 23 -23 25 27 -27 -2 -29 30 -26 61 -33 34 35 36 37 -34 39 -3 -41 -42 -43 45 49 46 48 -48 -40 -45 -46 53 -53 54 -52 -55 -12 58 59 60 -58 -32
right_child=1 3 5 4 -6 -7 -8 -9 -10 -11 56 13 -14 -15 -16 -17 19 18 -20 -21 -22 22 -24 -25 29 26 -28 28 -30 -31 31 32 33 -35 -36 -37 -38 -39 43 40 41 42 -44 44 50 -47 47 -49 -50 -51 51 52 -54 55 -56 -57 57 -59 -60 -61 -62 -63
leaf_value=-0.042797386150897745 0.086658361084782629 3.3744158426920574 -6.5479219466806899 12.250284595489504 -1.1837062694809652 2.4530479583740235 15.184578597545624 -0.98321507453918466 6.8381972688617125 8.0899297367442742 2.3163936725029579 -6.7695016579627989 8.8031216006125188 3.0954050312723433 -13.151187598186992 5.9032472674663259 11.266295639673871 2.7753862169053818 -7.0973885808672224 -2.9771150704087885 -3.2235247472922008 5.2293091925707733 5.075047297504816 -4.9391539057095848 -4.4494800277378248 5.9174937974838988 -13.65542026258284 10.716894418994587 -1.4432940597119539 -1.7628793568472672 5.9335536356325509 -4.1343287208345201 -1.0039165978248303 7.0119412348820624 6.2793404897054046 6.2985512865000759 -6.872016590397533 7.4061989654194225 1.6283475327491761 -9.7987501184145618 8.0186034107208268 -9.7243555849248722 0.16843006849288941 -11.370716362340112 6.2353682132328263 10.704106736701469 9.3952935682024279 -0.046954315088012004 -7.9393759218851727 -1.1451205299014138 3.4399226556505478 6.5860998153686525 -11.364900835037233 10.212857148647309 -4.5795240538460869 1.9725398577028708 -7.2445069956779484 -8.4504602285531849 4.1553464753287184 -9.3179635429382337 3.0092472553253176 2.0402214221100308
leaf_weight=29018 956 21 83 20 33 25 24 20 33 22 26 25 31 35 23 26 24 27 49 29 24 22 88 24 23 21 31 30 23 99 135 45 65 26 36 29 41 22 20 24 20 22 20 21 34 23 35 22 30 21 35 20 25 20 42 31 20 26 21 20 26 67
leaf_count=29018 956 21 83 20 33 25 24 20 33 22 26 25 31 35 23 26 24 27 49 29 24 22 88 24 23 21 31 30 23 99 135 45 65 26 36 29 41 22 20 24 20 22 20 21 34 23 35 22 30 21 35 20 25 20 42 31 20 26 21 20 26 67
internal_value=0.0107266 0.535266 0.283343 1.49429 5.67741 -4.46436 9.21518 5.63353 0.712472 0.512557 0.437297 0.623239 0.764482 -1.92561 -4.30041 -0.308885 0.635764 0.394806 -3.58996 2.60568 3.49525 4.51583 3.30679 -0.0759759 0.578457 0.0679602 -5.75097 0.367846 5.43983 1.49961 2.16011 2.48634 0.836777 1.85824 1.16396 -0.00899933 -1.43805 1.12278 0.296528 -2.0047 -3.3182 -0.809599 -5.01351 0.946214 -0.0392266 2.83371 1.14194 5.75092 -4.11229 -6.25792 1.22254 0.237356 -3.38668 1.51143 -0.934321 5.20404 -2.3398 -3.41114 -1.90513 -3.83347 -1.44891 4.6422
internal_weight=31979 2961 2345 616 97 108 64 40 519 2237 2215 2076 1967 109 74 51 1936 1725 76 211 182 158 134 46 1649 1061 52 1009 53 588 489 466 264 219 193 157 128 87 486 107 86 62 42 379 249 130 107 57 50 42 207 173 45 128 77 51 139 113 87 66 46 202
internal_count=31979 2961 2345 616 97 108 64 40 519 2237 2215 2076 1967 109 74 51 1936 1725 76 211 182 158 134 46 1649 1061 52 1009 53 588 489 466 264 219 193 157 128 87 486 107 86 62 42 379 249 130 107 57 50 42 207 173 45 128 77 51 139 113 87 66 46 202
is_linear=0
shrinkage=0.05


Tree=133
num_leaves=63
num_cat=0
split_feature=9 36 7 31 32 31 32 32 36 35 31 36 31 35 32 31 31 36 31 32 32 32 35 35 36 32 31 32 31 35 32 32 31 31 36 31 29 36 31 36 32 40 1 31 18 7 25 31 32 13 35 35 35 31 31 35 24 35 39 35 40 35
split_gain=324115 253376 221916 911468 801234 667878 553186 362452 692402 353839 294384 616684 400075 1.64501e+06 1.46819e+06 497867 260593 1.68324e+06 616292 841109 1.18706e+06 797301 748969 556275 323335 232614 2.1296e+06 904591 634528 498961 484530 484335 471393 352359 463769 235062 199684 836250 1.5244e+06 1.20469e+06 432661 231051 201828 220573 194801 244710 353282 290251 182886 178745 411708 669568 393706 184493 671534 670276 571300 518591 537967 459498 588186 354906
threshold=1.0000000180025095e-35 62.716666666666676 1.0000000180025095e-35 224.05000000000004 492.65000000000003 308.35000000000008 380.65000000000003 187.75000000000003 300.81666666666672 702.05000000000007 489.95000000000005 347.52916666666675 466.85000000000008 998.25000000000011 115.15000000000002 462.55000000000007 410.45000000000005 227.72500000000002 442.85000000000008 253.05000000000004 67.450000000000017 386.85000000000008 958.55000000000007 998.25000000000011 305.71666666666675 448.55000000000007 152.75000000000003 433.05000000000007 173.05000000000004 825.05000000000007 428.85000000000008 466.85000000000008 302.05000000000007 286.15000000000003 329.71250000000009 4.9500000000000011 1.0000000180025095e-35 271.14166666666677 89.550000000000011 220.91250000000005 292.45000000000005 3.5000000000000004 1.0000000180025095e-35 8.2500000000000018 1.0000000180025095e-35 1.0000000180025095e-35 1.0000000180025095e-35 396.85000000000008 482.05000000000007 1.0000000180025095e-35 894.95000000000016 538.75000000000011 420.45000000000005 320.15000000000003 334.05000000000007 717.95000000000016 1.0000000180025095e-35 1096.7500000000002 1.0000000180025095e-35 1020.4500000000002 4.5000000000000009 602.95000000000016
decision_type=2 2 2 2 2 2 2 2 2 2 2 2 2 2 2 2 2 2 2 2 2 2 2 2 2 2 2 2 2 2 2 2 2 2 2 2 2 2 2 2 2 2 2 2 2 2 2 2 2 2 2 2 2 2 2 2 2 2 2 2 2 2
left_child=44 -2 4 6 10 -5 9 -7 -9 -4 12 -12 15 14 -14 16 25 -18 21 20 -20 22 24 -21 -19 27 31 30 -29 -28 35 -27 -30 -31 -35 -3 42 38 -38 41 -39 -40 43 -37 45 -1 48 -48 -47 53 51 52 -51 57 55 -55 59 -45 -59 61 -61 -56
right_child=1 2 3 5 -6 7 -8 8 -10 -11 11 -13 13 -15 -16 -17 17 18 19 23 -22 -23 -24 -25 -26 26 29 28 32 33 -32 -33 -34 34 -36 36 37 40 39 -41 -42 -43 -44 49 -46 46 47 -49 -50 50 -52 -53 -54 54 56 -57 -58 58 -60 60 -62 -63
leaf_value=-0.04808366504856347 -3.3016476693888048 3.8539259286153889 -2.6707196956727568 10.560507818063101 8.7063000054195019 -1.6696655215639056 -9.1099372863769528 11.927780844948508 0.83423357437818479 4.5458550551842007 -9.6771549918434854 1.8009213867187501 0.94988152093665557 -5.8955861989189602 14.535258703618437 -6.594040038035466 12.050699149540492 6.4169293471745084 0.6794566407285888 -3.7617587566375734 -13.50697780132294 -6.5525489903631673 11.023188318055253 6.7818553135312847 0.059504974271569935 16.72755895614624 -7.0115507443745928 -11.356600625174387 3.9410997438430786 4.6759422596158648 7.9764010334014905 6.5400106293814524 -6.4525341808795931 -7.3281014857084861 2.9490760712396531 -4.9281608510017394 -11.121456540714611 -12.371978777105159 2.0225163503126669 9.7588934012821742 -2.664517868558566 -4.8803376957222273 -4.2330806045532228 0.12867362614066799 -0.43551590766739567 0.22666028121415863 1.6544201821088791 6.8532437512368878 2.7200584602983375 3.1093828419844312 -4.186101709093367 8.6505888746334971 -5.2754087457344649 1.5029967952905032 1.7103475642949342 13.076676555113361 -5.8039794434519374 1.0679580398227857 -8.8934547297882318 11.807785511016846 0.23387667173924656 -1.9764893222738196
leaf_weight=23671 43 42 41 36 29 33 20 22 39 29 22 25 43 34 37 26 35 28 29 22 30 21 29 29 70 20 33 28 20 29 20 28 24 23 21 20 22 22 22 42 24 27 25 1116 2820 2274 144 33 76 42 21 39 21 29 165 22 34 23 33 21 23 108
leaf_count=23671 43 42 41 36 29 33 20 22 39 29 22 25 43 34 37 26 35 28 29 22 30 21 29 29 70 20 33 28 20 29 20 28 24 23 21 20 22 22 22 42 24 27 25 1116 2820 2274 144 33 76 42 21 39 21 29 165 22 34 23 33 21 23 108
internal_value=0.0101903 0.508502 0.564649 2.09162 0.440137 4.76943 -1.77632 2.55157 4.83519 0.319004 0.350321 -3.5718 0.420626 3.31754 7.23312 0.288948 0.36105 1.76141 0.365575 -2.469 -6.53398 2.47235 3.96466 2.23363 1.87591 0.173611 2.04725 0.0318214 -5.47255 -1.90938 0.233714 10.7848 -1.72816 0.397077 -2.42308 0.154016 0.0722711 -1.62393 0.689626 3.54505 -7.30722 -1.7811 0.22709 0.292032 -0.0406575 0.00184575 0.469546 2.62369 0.307298 0.353554 2.18923 3.5018 0.314452 0.210106 1.1344 6.49556 0.355424 -0.106929 -4.80216 1.01605 5.75779 0.251819
internal_weight=31979 2961 2918 220 2698 130 90 94 61 70 2669 47 2622 114 80 2508 2482 293 258 110 59 148 127 51 98 2189 154 2035 72 106 1963 48 44 73 44 1943 1901 159 113 91 46 49 1742 1717 29018 26198 2527 177 2350 1697 123 102 63 1574 402 51 351 1172 56 317 44 273
internal_count=31979 2961 2918 220 2698 130 90 94 61 70 2669 47 2622 114 80 2508 2482 293 258 110 59 148 127 51 98 2189 154 2035 72 106 1963 48 44 73 44 1943 1901 159 113 91 46 49 1742 1717 29018 26198 2527 177 2350 1697 123 102 63 1574 402 51 351 1172 56 317 44 273
is_linear=0
shrinkage=0.05


Tree=134
num_leaves=63
num_cat=0
split_feature=9 36 36 32 29 32 32 32 32 31 31 32 32 31 31 31 36 37 35 31 39 35 31 32 31 36 36 32 31 31 35 32 35 31 7 35 31 36 35 0 27 32 23 11 36 35 35 32 32 38 31 31 32 32 31 32 10 32 35 36 36 36
split_gain=292513 237885 574474 302925 326570 347561 364095 281263 261975 697223 1.3651e+06 388072 684268 620663 746986 1.18774e+06 701912 342178 595430 250300 762613 677596 579153 888252 543250 1.42021e+06 311607 241813 236262 347310 326986 306939 283920 222462 202548 242391 567386 296983 226387 197367 312428 186307 180523 384170 235722 176970 172632 256903 472804 305996 432145 590893 524727 1.49545e+06 304353 271572 874704 538707 389655 791929 475378 724843
threshold=1.0000000180025095e-35 200.11000000000004 202.21666666666673 392.85000000000008 1.0000000180025095e-35 312.15000000000003 328.05000000000007 280.45000000000005 482.05000000000007 195.85000000000005 261.45000000000005 433.05000000000007 424.95000000000005 123.85000000000001 173.05000000000004 253.25000000000003 298.01666666666671 3.5000000000000004 1020.4500000000002 96.15000000000002 1.0000000180025095e-35 759.00000000000011 127.75000000000001 270.75000000000006 167.05000000000004 241.15833333333336 236.61000000000004 115.15000000000002 24.450000000000003 79.350000000000009 812.6500000000002 131.45000000000002 511.05000000000007 91.850000000000009 1.0000000180025095e-35 623.6500000000002 394.65000000000003 193.32500000000002 707.6500000000002 1.0000000180025095e-35 1.0000000180025095e-35 29.850000000000005 1.0000000180025095e-35 1.0000000180025095e-35 189.8416666666667 172.85000000000005 417.55000000000013 143.55000000000004 133.75000000000003 1.0000000180025095e-35 404.95000000000005 326.15000000000003 63.150000000000013 109.25000000000001 488.35000000000008 274.55000000000007 1.0000000180025095e-35 292.45000000000005 978.05000000000007 269.82916666666671 227.72500000000002 276.51666666666671
decision_type=2 2 2 2 2 2 2 2 2 2 2 2 2 2 2 2 2 2 2 2 2 2 2 2 2 2 2 2 2 2 2 2 2 2 2 2 2 2 2 2 2 2 2 2 2 2 2 2 2 2 2 2 2 2 2 2 2 2 2 2 2 2
left_child=41 3 -3 4 5 7 -7 28 11 -10 -11 12 19 -13 -15 -16 -17 18 -18 20 21 -4 23 -21 25 -24 -22 -6 32 31 33 45 -2 -31 35 36 37 -35 -37 40 46 -1 -43 -44 -45 -30 -26 48 49 50 51 -48 -52 -54 55 56 58 -57 60 -60 -49 -62
right_child=1 2 8 -5 27 6 -8 -9 9 10 -12 13 -14 14 15 16 17 -19 -20 22 26 -23 24 -25 39 -27 -28 -29 29 30 -32 -33 -34 34 -36 38 -38 -39 -40 -41 -42 42 43 44 -46 -47 47 54 -50 -51 52 -53 53 -55 -56 57 -58 -59 59 -61 61 -63
leaf_value=0.089137688981805407 1.0886793593565622 8.1822210740584591 -0.53854040606268527 -4.3072654269990469 -7.9612177757989802 9.4608032441139223 1.1262115403225548 -4.2643537160512563 9.712660756604425 -10.355926508903504 5.7824578917340226 4.7758858849020562 7.467723384656404 -11.222069569067521 7.5691935110092166 -10.03368795456425 -0.34964707335647272 3.1556424231364808 -10.587218961715699 13.959167153494699 -0.97301272478970613 -11.771220035076141 3.8629308223724368 0.88029394149780282 -0.22021357910113132 -10.710909053257534 7.5420329230172305 -1.0122424187198762 -3.171085066766274 4.3688401487138533 -5.9404380655288698 0.58384551167488097 7.889018683433533 0.39579267672233631 3.9928390938895095 -6.111094679503605 8.4692646934872595 -4.9261221749441972 0.25113359027438692 5.5572958756576893 -5.126829938455062 -0.23284236464855584 0.044424114464440931 -1.1504953826085116 3.1742827894302406 -8.9079841589927664 -1.0200735294457639 3.5184952949991031 9.7941611266136164 6.7408921537728155 1.5200962351156133 7.4723241443987254 -12.261835960105614 5.7770056056976316 -5.0024814439856486 7.1793560183048246 -9.9066682988947097 1.0798457688859755 10.560079559913049 -0.02972013993696733 -6.0107945356796044 1.0190034589649719
leaf_weight=14387 66 26 29 42 21 20 38 37 29 20 38 34 38 22 30 31 49 29 20 21 22 25 32 34 282 35 21 31 41 36 20 40 20 411 35 29 21 28 27 22 22 12695 1733 39 164 20 33 49 20 29 140 54 27 20 23 40 22 381 26 55 67 81
leaf_count=14387 66 26 29 42 21 20 38 37 29 20 38 34 38 22 30 31 49 29 20 21 22 25 32 34 282 35 21 31 41 36 20 40 20 411 35 29 21 28 27 22 22 12695 1733 39 164 20 33 49 20 29 140 54 27 20 23 40 22 381 26 55 67 81
internal_value=0.00968078 0.483077 0.799012 -0.15265 0.0327847 0.25806 4.00021 -0.00312465 0.70067 3.38255 0.217498 0.575564 0.835918 -1.4225 -2.58684 -1.39203 -3.47603 -1.40167 -3.31706 0.679585 -1.7827 -5.73886 0.837236 5.87405 0.647493 -3.75027 3.1855 -3.81856 0.195446 -0.105154 0.346576 -2.82 2.67015 0.560784 0.311982 0.0623116 0.440422 0.0563539 -3.04359 0.859015 0.783623 -0.0386246 -0.164256 0.285486 2.34341 -5.05204 0.880013 1.17079 2.34829 1.85681 1.33988 4.25107 -0.014524 -4.58573 0.659599 0.84022 -0.309323 1.65937 0.450179 3.36947 -0.750141 -2.16341
internal_weight=31979 2961 1978 983 941 889 58 831 1952 87 58 1865 1650 215 181 159 129 98 69 1612 97 54 1515 55 1460 67 43 52 794 708 607 101 86 587 551 516 460 439 56 1393 1371 29018 14631 1936 203 61 1349 1067 323 303 274 87 187 47 744 721 300 421 278 81 197 148
internal_count=31979 2961 1978 983 941 889 58 831 1952 87 58 1865 1650 215 181 159 129 98 69 1612 97 54 1515 55 1460 67 43 52 794 708 607 101 86 587 551 516 460 439 56 1393 1371 29018 14631 1936 203 61 1349 1067 323 303 274 87 187 47 744 721 300 421 278 81 197 148
is_linear=0
shrinkage=0.05


Tree=135
num_leaves=63
num_cat=0
split_feature=25 32 31 31 35 22 36 33 31 31 12 31 36 17 21 33 32 33 31 36 31 35 35 36 35 5 33 32 32 33 37 35 32 32 32 39 33 31 33 35 35 33 36 31 32 29 31 33 35 36 36 33 36 36 31 31 32 33 31 32 36 35
split_gain=266567 523083 381868 351490 454511 215848 213070 197114 191966 189060 179848 173055 311242 163079 168589 242194 319140 277924 271662 159166 157491 161794 277861 227252 327050 155944 201826 178974 243254 221053 171461 153475 239663 152176 258259 159959 222929 221900 172910 242046 394871 239435 221289 490845 216435 199010 151308 210109 223523 148460 172462 143816 161451 141464 136253 135712 134034 129182 128425 128271 127779 127627
threshold=1.0000000180025095e-35 456.35000000000008 446.65000000000003 64.65000000000002 1351.1500000000003 1.0000000180025095e-35 80.75833333333334 477.95000000000005 450.45000000000005 493.85000000000008 1.0000000180025095e-35 481.05000000000007 362.04166666666669 1.0000000180025095e-35 1.0000000180025095e-35 8.1500000000000004 170.05000000000004 159.55000000000004 376.55000000000007 237.71000000000006 376.55000000000007 1155.7500000000002 998.25000000000011 294.5125000000001 789.1500000000002 1.0000000180025095e-35 118.05000000000001 440.45000000000005 426.95000000000005 401.35000000000008 3.5000000000000004 1055.7500000000002 294.25000000000006 29.850000000000005 115.15000000000002 1.0000000180025095e-35 465.45000000000005 478.75000000000006 315.35000000000008 506.35000000000008 548.05000000000007 3.9500000000000006 178.11250000000004 432.55000000000007 58.45000000000001 1.0000000180025095e-35 492.05000000000007 414.65000000000003 933.35000000000025 199.14166666666668 219.77083333333334 330.95000000000005 281.01000000000005 179.28000000000003 199.85000000000005 56.250000000000007 478.05000000000007 9.3500000000000032 489.95000000000005 121.45000000000002 236.61000000000004 1083.5500000000002
decision_type=2 2 2 2 2 2 2 2 2 2 2 2 2 2 2 2 2 2 2 2 2 2 2 2 2 2 2 2 2 2 2 2 2 2 2 2 2 2 2 2 2 2 2 2 2 2 2 2 2 2 2 2 2 2 2 2 2 2 2 2 2 2
left_child=33 2 5 -3 20 6 -2 10 -4 11 13 -10 -13 14 25 16 -16 18 -17 61 21 22 23 24 -5 27 -27 28 29 51 54 32 -28 -1 35 37 46 38 39 -35 42 -42 -41 -44 -40 -46 47 -37 -49 -43 -51 55 -53 57 -31 -8 -25 -12 -39 -36 -7 -19
right_child=1 3 8 4 -6 60 7 -9 9 -11 53 12 -14 -15 15 17 -18 19 -20 -21 -22 -23 -24 56 -26 26 31 -29 -30 30 -32 -33 -34 34 59 36 -38 58 44 40 41 49 43 -45 45 -47 -48 48 -50 50 -52 52 -54 -55 -56 -57 -58 -59 -60 -61 -62 -63
leaf_value=0.079369395146352606 -2.2449008315139345 7.5741817561062907 6.4172234701073698 1.5869901227951051 9.0910030603408813 -0.56337647979909722 3.140700679666856 3.2784249342404879 2.0259020359930164 5.8648724009593334 3.7167433421720157 -4.705963122049968 2.4963740475972496 -3.8151090105374657 6.2880675204964573 -0.67301655826158824 1.0516867963473002 0.80877586936128554 -7.3490591597557078 3.2162120555527509 4.086845490591867 -3.7104506447201686 6.250223046257382 5.2949613058567051 -7.4552743190526973 -4.3620066116253531 -1.2012274906123905 -3.8790164799525821 4.7032445516969474 -7.2800752022049657 0.73592617034912111 -3.5455427717279506 5.1902994621883742 -0.32877341283131473 1.2081961394846441 -1.255185239063987 2.6318163317603034 -6.0988664126992234 -5.9346312102861702 1.2043028100473541 -5.1000237284600738 -0.517797608278602 12.455416144058109 2.3430768654743832 -0.20372909216831131 -5.1985643884410031 2.5827151775360111 -1.6154375915527344 -8.7071772766113291 6.5248955094441774 0.48956585794141327 4.1964096348394042 -0.77324436627901516 3.523799154337715 -2.0218718545777459 -0.060626636965375028 -0.064285440955843251 -0.76236293678482381 -0.86089420535347694 -0.084217800716325078 -5.8388574766616026 -3.3618472257540342
leaf_weight=14465 90 33 23 20 20 22 34 52 167 24 22 30 30 27 43 64 90 145 20 64 35 21 21 20 20 48 44 29 28 22 25 27 22 687 195 793 37 25 24 35 20 83 20 30 150 23 24 25 20 20 29 44 26 68 28 1258 28 60 22 12412 24 21
leaf_count=14465 90 33 23 20 20 22 34 52 167 24 22 30 30 27 43 64 90 145 20 64 35 21 21 20 20 48 44 29 28 22 25 27 22 687 195 793 37 25 24 35 20 83 20 30 150 23 24 25 20 20 29 44 26 68 28 1258 28 60 22 12412 24 21
internal_value=0.0100593 0.463904 0.275096 2.82053 1.97259 0.0768885 0.141888 0.234839 2.04522 1.6446 0.164779 1.19841 -1.10479 0.0457995 0.0958689 0.956366 2.74465 0.198908 -2.26255 1.09788 1.10975 0.308221 1.08246 -0.150755 -2.93414 -0.139386 -1.72889 0.0106269 0.0876233 -0.00231227 -2.64501 -0.369861 0.929281 -0.0357161 -0.149162 -0.667197 -1.16855 -0.281308 -0.140193 0.146538 1.52434 -0.00185761 4.25354 6.38801 -1.48506 -0.867782 -1.33168 -1.44378 -4.76732 0.770592 2.95297 0.143211 2.35054 1.83763 -4.33548 0.0236188 2.16873 0.439349 -3.64705 -0.0642273 -3.3158 0.281167
internal_weight=32078 2939 2721 218 185 2447 2401 2311 274 251 2259 227 60 2109 2082 447 133 314 84 230 165 130 109 88 40 1635 141 1494 1465 1437 75 93 66 29139 14674 2067 899 1168 1121 924 237 152 85 50 197 173 862 838 45 132 49 1362 70 150 50 1292 48 82 47 12607 46 166
internal_count=32078 2939 2721 218 185 2447 2401 2311 274 251 2259 227 60 2109 2082 447 133 314 84 230 165 130 109 88 40 1635 141 1494 1465 1437 75 93 66 29139 14674 2067 899 1168 1121 924 237 152 85 50 197 173 862 838 45 132 49 1362 70 150 50 1292 48 82 47 12607 46 166
is_linear=0
shrinkage=0.05


Tree=136
num_leaves=63
num_cat=0
split_feature=25 9 32 31 33 32 31 12 31 33 36 6 31 13 32 31 31 36 40 32 35 5 35 32 32 9 29 31 36 34 35 36 35 36 39 9 32 35 34 36 34 31 37 23 34 31 31 31 36 31 40 33 33 36 35 35 32 35 31 35 33 33
split_gain=240577 478569 668028 470562 391432 366041 452708 304422 302922 310327 258748 215526 202447 289144 245516 284222 177855 177287 410535 173739 172815 149926 212687 137339 233078 549262 748179 946921 1.10129e+06 582797 1.04146e+06 513493 368678 423171 241214 188260 730532 648665 722888 640932 617686 383953 466570 837445 414083 687937 517120 372310 1.67415e+06 339314 266821 790956 428022 409215 660246 395937 685921 700592 561416 383767 902627 758014
threshold=1.0000000180025095e-35 1.0000000180025095e-35 458.65000000000003 436.65000000000003 414.65000000000003 107.15000000000002 335.95000000000005 1.0000000180025095e-35 493.85000000000008 477.95000000000005 178.11250000000004 1.0000000180025095e-35 167.05000000000004 1.0000000180025095e-35 452.55000000000007 71.050000000000011 4.4500000000000011 186.27500000000003 4.5000000000000009 414.85000000000008 825.05000000000007 1.0000000180025095e-35 1351.1500000000003 29.850000000000005 115.15000000000002 1.0000000180025095e-35 1.0000000180025095e-35 448.25000000000006 259.61250000000007 226.05000000000004 662.50000000000011 181.62666666666669 349.15000000000003 113.11250000000003 1.0000000180025095e-35 1.0000000180025095e-35 121.45000000000002 1083.5500000000002 392.15000000000003 293.01666666666671 389.75000000000006 466.85000000000008 4.5000000000000009 1.0000000180025095e-35 363.2000000000001 283.85000000000008 341.85000000000008 468.85000000000008 294.5125000000001 481.05000000000007 1.5000000000000002 363.85000000000008 444.85000000000008 193.32500000000002 532.95000000000016 958.55000000000007 412.85000000000008 765.35000000000002 323.95000000000005 909.35000000000014 367.75000000000006 355.45000000000005
decision_type=2 2 2 2 2 2 2 2 2 2 2 2 2 2 2 2 2 2 2 2 2 2 2 2 2 2 2 2 2 2 2 2 2 2 2 2 2 2 2 2 2 2 2 2 2 2 2 2 2 2 2 2 2 2 2 2 2 2 2 2 2 2
left_child=23 7 3 4 5 -3 17 8 9 11 -9 12 14 21 16 -16 -2 -7 -19 -18 -13 22 -14 -1 25 34 27 28 29 30 31 32 33 -27 -25 -26 -37 40 41 -40 47 42 43 44 45 -39 -47 50 -49 -50 51 53 59 -38 -55 56 57 -56 -59 61 -61 -52
right_child=1 2 -4 -5 -6 6 -8 10 -10 -11 -12 20 13 -15 15 -17 19 18 -20 -21 -22 -23 -24 24 35 26 -28 -29 -30 -31 -32 -33 -34 -35 -36 36 37 38 39 -41 -42 -43 -44 -45 -46 46 -48 48 49 -51 52 -53 -54 54 55 -57 -58 58 -60 60 -62 -63
leaf_value=0.075400925476779943 2.1071674559103406 7.0225846043339493 11.451584572792054 8.2117273368835466 -5.5271153200240368 -1.4205592860346257 -5.1032774028954684 0.34787775344994604 6.0996572403680709 3.7167594794641463 3.9812543803331808 -3.3758867577077396 0.31790416558310386 3.4869328572325511 6.6783762216567997 -0.51962406933307648 -0.91226840540966647 8.0595500625413035 -0.094715918916644479 -4.645776170672792 0.010364198684692384 -1.3123224207519615 4.110237046291954 0.20610183234401799 -0.1378403693272808 -3.5956381831169129 -10.468775406905584 -11.269884745279949 10.376372594833375 4.6248729804466517 -13.469429404394967 3.625145208835602 -6.9475877347446628 4.7257857929576526 -0.95933171822695273 8.2935824492882038 3.6493466763556763 9.4806768187770132 11.077448006680138 2.499285831638411 -8.4846897602081306 -4.537571553526254 -3.4099321193791727 11.875516762245786 -5.2871606028079992 -5.3992734343917288 2.9549682813680782 -15.371080634707496 -3.0186292353130524 5.6026160278320312 0.044891999363147597 9.8230319206531238 -6.1109022068977357 -7.8765578623171209 -4.8551846602227959 -4.9679111865850594 7.8548425295773674 -1.3878929116509178 10.186837615966798 -0.37449782860180569 -9.8173262491822246 7.2739319374686788
leaf_weight=14465 46 27 20 25 21 23 27 98 21 57 98 83 1366 73 24 32 559 29 33 33 69 137 38 990 10886 50 28 24 20 29 21 36 42 22 805 29 79 27 38 51 22 29 37 22 20 27 59 21 21 25 793 26 30 27 45 26 34 22 20 121 32 38
leaf_count=14465 46 27 20 25 21 23 27 98 21 57 98 83 1366 73 24 32 559 29 33 33 69 137 38 990 10886 50 28 24 20 29 21 36 42 22 805 29 79 27 38 51 22 29 37 22 20 27 59 21 21 25 793 26 30 27 45 26 34 22 20 121 32 38
internal_value=0.00955634 0.440709 2.77076 1.83229 0.835502 1.79676 0.536964 0.265998 0.119379 0.0694835 2.16457 -0.0150266 0.105077 0.412146 -0.609057 2.56523 -0.887679 2.32857 3.71938 -1.12039 -1.83871 0.266488 0.420546 -0.0339303 -0.141704 -0.633837 -2.72765 -1.83932 -0.810533 -1.92922 -3.04074 -1.58072 -3.22468 -1.05298 -0.316558 -0.0610159 0.424929 0.290064 2.35712 6.16187 -0.173603 0.824896 1.63485 2.83909 1.34434 2.51806 0.332125 -0.0391592 -3.67341 1.66683 0.149158 1.51845 -0.227601 0.66502 -0.689933 0.63006 1.83293 -0.520462 4.12388 -0.0482316 -2.34947 0.375462
internal_weight=32078 2939 205 185 160 139 112 2734 2538 2517 196 2460 2308 1614 694 56 638 85 62 592 152 1541 1404 29139 14674 2067 272 244 220 200 171 150 114 72 1795 12607 1721 1692 310 89 1382 221 192 155 133 113 86 1360 67 46 1293 279 1014 253 174 147 121 87 42 984 153 831
internal_count=32078 2939 205 185 160 139 112 2734 2538 2517 196 2460 2308 1614 694 56 638 85 62 592 152 1541 1404 29139 14674 2067 272 244 220 200 171 150 114 72 1795 12607 1721 1692 310 89 1382 221 192 155 133 113 86 1360 67 46 1293 279 1014 253 174 147 121 87 42 984 153 831
is_linear=0
shrinkage=0.05


Tree=137
num_leaves=63
num_cat=0
split_feature=25 9 11 33 35 33 31 21 36 10 36 36 12 36 13 31 36 36 31 31 36 37 40 33 36 31 2 31 33 33 35 36 31 22 31 36 6 33 33 36 33 40 36 33 33 36 33 35 40 23 36 9 11 2 12 33 36 33 31 33 33 9
split_gain=217121 431909 449040 381663 388428 490776 409200 291808 271040 269274 256141 223557 211947 240716 204880 188947 207596 186668 163526 151867 149719 147806 137204 136067 195216 318303 158088 133623 175777 164607 131080 319497 126426 146161 151115 184408 138656 148850 124773 128386 113739 143701 112032 99225.9 115685 96028.4 93440 87811.3 86073.5 83638.1 239695 341660 168275 161994 102862 105493 253601 206104 139511 120289 275409 437377
threshold=1.0000000180025095e-35 1.0000000180025095e-35 1.0000000180025095e-35 393.85000000000008 902.1500000000002 207.65000000000001 302.05000000000007 1.0000000180025095e-35 234.53750000000005 1.0000000180025095e-35 311.45833333333337 167.7416666666667 1.0000000180025095e-35 409.72500000000008 1.0000000180025095e-35 470.95000000000005 286.95833333333343 113.11250000000003 481.05000000000007 384.75000000000006 296.12500000000006 2.5000000000000004 2.5000000000000004 378.05000000000007 186.27500000000003 140.35000000000005 1.0000000180025095e-35 40.000000000000007 485.45000000000005 474.55000000000007 765.35000000000002 245.81250000000003 460.75000000000006 1.0000000180025095e-35 434.55000000000007 323.02500000000003 1.0000000180025095e-35 172.55000000000004 336.85000000000008 193.32500000000002 423.05000000000007 5.5000000000000009 178.11250000000004 474.55000000000007 416.75000000000006 146.3416666666667 494.35000000000008 800.35000000000025 4.5000000000000009 1.0000000180025095e-35 329.71250000000009 1.0000000180025095e-35 1.0000000180025095e-35 1.0000000180025095e-35 1.0000000180025095e-35 463.55000000000007 276.51666666666671 420.75000000000006 286.15000000000003 205.35000000000005 57.95000000000001 1.0000000180025095e-35
decision_type=2 2 2 2 2 2 2 2 2 2 2 2 2 2 2 2 2 2 2 2 2 2 2 2 2 2 2 2 2 2 2 2 2 2 2 2 2 2 2 2 2 2 2 2 2 2 2 2 2 2 2 2 2 2 2 2 2 2 2 2 2 2
left_child=27 2 7 4 5 8 -6 9 11 12 -4 -3 13 14 18 16 21 -16 32 -12 22 -9 -11 26 -25 -26 38 28 29 40 45 -32 33 34 36 -36 43 48 39 -23 -1 -42 -14 44 -2 -19 49 -44 -38 -29 54 52 53 -52 55 57 -57 59 -59 60 -51 -62
right_child=1 3 10 -5 6 -7 -8 15 -10 20 19 -13 42 -15 17 -17 -18 30 -20 -21 -22 23 -24 24 25 -27 -28 46 -30 -31 31 -33 -34 -35 35 -37 37 -39 -40 -41 41 -43 47 -45 -46 -47 -48 -49 -50 50 51 -53 -54 -55 -56 56 -58 58 -60 -61 61 -63
leaf_value=0.17541804568489591 -0.25032685249136905 2.8100454770601715 1.5889532208775676 -2.1224832480294364 12.258444952964783 -4.171278161268968 3.7302113468830402 3.6741428469356743 0.18395279013749324 0.19709921337309338 3.0609090219844473 9.5020602499445275 0.30483745053663092 1.5283355416532336 -2.1062324203293898 5.7339313688732334 5.3444896583557133 1.2344549973805747 -4.8687983772971419 9.0809610974788679 0.088042624791463228 -0.72788654582841061 -4.3560659497212146 6.5583714056015019 -3.2414572781986664 3.8587893523667987 3.9525662762423361 -0.10161999311853614 3.9783590322540654 -3.9295406926423313 -3.7542262326116145 4.5797924155774323 2.5336799534884369 -4.3113067168455856 -6.509248383148857 -0.30560943508148197 -6.2560312462495258 0.19366267218309291 -3.6460514411926273 1.3222603897191585 0.52144205440038249 3.9955952639606864 4.452172397573789 3.1286994843255904 -3.1699181270599368 5.4282141465407152 -1.7718973822799731 0.57567538079761327 -2.1407223215809577 0.06429036671504855 0.31285281567849843 5.6987983314614548 4.5541659465857913 3.8442758478437149 1.26387881084624 -1.5657287143525624 6.204807853698731 -1.3913928699493407 -6.5059081459045416 0.62124038802233128 -0.86850337746333983 -6.1401742644931963
leaf_weight=4053 1109 26 179 35 22 26 39 38 33 21 22 24 59 179 29 21 25 21 22 20 45 210 78 20 27 38 24 22316 31 24 23 23 33 26 23 25 24 34 25 120 92 44 48 21 35 39 81 21 27 971 450 38 28 35 137 21 21 40 20 419 272 46
leaf_count=4053 1109 26 179 35 22 26 39 38 33 21 22 24 59 179 29 21 25 21 22 20 45 210 78 20 27 38 24 22316 31 24 23 23 33 26 23 25 24 34 25 120 92 44 48 21 35 39 81 21 27 971 450 38 28 35 137 21 21 40 20 419 272 46
internal_value=0.00907853 0.418673 0.252698 2.63222 3.61113 1.82319 6.80597 0.0626717 3.70098 -0.22186 2.41349 6.02221 -0.0572672 -0.205589 -0.410591 1.08294 0.897604 1.44838 -0.592578 5.9276 -2.30328 0.676145 -3.39024 0.43062 2.23861 0.909456 0.0251329 -0.0322338 0.22709 0.199487 2.42087 0.412783 -0.523251 -0.599444 -0.525092 -3.27819 -0.419373 -2.36894 -0.240384 0.0176214 0.223144 1.64543 1.90452 -0.27713 -0.33965 3.9604 -0.0764422 3.27237 -4.07734 -0.0709077 0.203462 1.12415 0.785283 0.567698 -0.0570915 -0.157077 2.31954 -0.21591 -3.09623 -0.114728 -0.35396 -1.63107
internal_weight=32078 2939 2734 205 170 109 61 2513 83 1965 221 50 1821 1693 1514 548 527 135 1379 42 144 502 99 464 85 65 379 29139 4244 4213 106 46 1357 1324 1298 48 1250 85 355 330 4189 136 128 1165 1144 60 24895 69 51 24814 2498 551 513 485 1947 1810 42 1768 60 1708 1289 318
internal_count=32078 2939 2734 205 170 109 61 2513 83 1965 221 50 1821 1693 1514 548 527 135 1379 42 144 502 99 464 85 65 379 29139 4244 4213 106 46 1357 1324 1298 48 1250 85 355 330 4189 136 128 1165 1144 60 24895 69 51 24814 2498 551 513 485 1947 1810 42 1768 60 1708 1289 318
is_linear=0
shrinkage=0.05


Tree=138
num_leaves=63
num_cat=0
split_feature=25 32 9 32 10 28 36 4 21 18 33 33 33 36 32 40 36 35 36 33 33 36 36 33 32 5 35 33 32 36 8 38 36 36 33 35 9 32 18 36 6 36 32 32 9 29 35 33 35 33 40 32 36 39 9 32 35 32 7 35 32 40
split_gain=195951 417374 593198 236843 235649 315229 246165 269024 285998 504978 331095 242361 576123 295912 251714 218220 249755 213803 312977 262269 258725 196243 231962 191376 221622 172339 334642 197090 172595 297923 235859 163688 195884 160286 157473 307674 439518 145263 143573 146152 137958 133632 125377 208490 492664 674306 507792 3.20875e+06 2.26903e+06 1.03678e+06 522662 250665 231012 218075 171040 661321 579531 497622 469042 768988 865268 659928
threshold=1.0000000180025095e-35 456.35000000000008 1.0000000180025095e-35 460.75000000000006 1.0000000180025095e-35 1.0000000180025095e-35 80.75833333333334 1.0000000180025095e-35 1.0000000180025095e-35 1.0000000180025095e-35 465.45000000000005 15.850000000000003 0.95000000000000007 243.37500000000003 328.05000000000007 4.5000000000000009 194.51250000000002 696.75000000000011 284.0125000000001 224.15000000000001 62.350000000000001 224.28750000000005 242.21250000000003 285.35000000000008 261.45000000000005 1.0000000180025095e-35 825.05000000000007 220.05000000000004 319.65000000000003 212.78750000000005 1.0000000180025095e-35 1.0000000180025095e-35 285.45833333333337 243.37500000000003 409.65000000000003 602.95000000000016 1.0000000180025095e-35 374.65000000000003 1.0000000180025095e-35 246.95833333333337 1.0000000180025095e-35 406.77500000000003 29.850000000000005 115.15000000000002 1.0000000180025095e-35 1.0000000180025095e-35 548.05000000000007 144.40000000000003 498.35000000000008 263.65000000000003 3.5000000000000004 94.050000000000011 154.65833333333336 1.0000000180025095e-35 1.0000000180025095e-35 121.45000000000002 1083.5500000000002 203.00000000000003 1.0000000180025095e-35 967.45000000000016 234.05000000000004 4.5000000000000009
decision_type=2 2 2 2 2 2 2 2 2 2 2 2 2 2 2 2 2 2 2 2 2 2 2 2 2 2 2 2 2 2 2 2 2 2 2 2 2 2 2 2 2 2 2 2 2 2 2 2 2 2 2 2 2 2 2 2 2 2 2 2 2 2
left_child=42 4 3 -3 5 6 -2 8 25 10 11 12 37 15 -15 -13 -17 18 -5 20 -19 -7 -23 -6 -25 28 -27 -28 31 -30 41 34 33 -33 35 40 38 -10 39 -37 -8 -31 -1 44 53 46 48 -48 51 -49 -51 52 -46 -44 -45 -56 58 -58 -57 60 -60 -62
right_child=1 2 -4 17 23 21 7 -9 9 -11 -12 13 -14 14 -16 16 -18 19 -20 -21 -22 22 -24 24 -26 26 27 -29 29 30 -32 32 -34 -35 -36 36 -38 -39 -40 -41 -42 -43 43 54 45 -47 47 49 -50 50 -52 -53 -54 -55 55 56 57 -59 59 -61 61 -63
leaf_value=0.073839489601971314 -2.0665089521515236 6.3301331907510763 10.709347205162048 8.0686124718707557 -2.5758686996996403 -3.7001946564921191 0.45322452615215242 -1.1607487544646631 2.7278027378279592 -4.3555367755889893 8.6385252046585084 -1.4005148567557335 9.1567721896701393 8.5585910114375032 1.3536852554038719 0.083853429646203015 5.3087954752785826 0.69711342051222525 -0.48366525650024417 2.3517789308986967 -5.4953325440806733 3.7985432987029739 -1.5983494579090793 -1.7406565447111388 4.2171161978333087 -3.3194452449306846 -2.2849700201125374 3.7231178897313586 6.9934313316345218 1.4472578540851511 -2.8111210946113836 -1.3210671869042803 2.1287903201195504 -6.1897004626014018 -2.3498427781191742 4.7146607725457716 8.8197006072998061 -1.9978771853446962 -1.1550859464917864 0.83260253678869311 -3.1761195297594425 5.7518491435050967 0.19840137218724882 -0.13050881046993337 -5.9923002699636072 -9.9310797061238976 -21.340911535783249 10.062831707000733 15.37991120474679 1.8678694083772858 -7.3328217159618037 0.54926169555295601 0.10262763283469462 -0.90972583338479451 7.8925434490730026 0.12852100733258956 8.5888632825442723 1.6001549091137262 -8.0575254035718515 -12.073462677001954 7.0629929542541507 -2.62513905060597
leaf_weight=14465 89 24 20 23 128 71 866 195 87 30 20 100 36 22 27 66 35 37 20 63 31 26 85 37 27 80 21 39 25 183 31 73 31 22 44 44 25 20 35 54 27 20 990 10886 53 28 22 20 21 29 33 44 22 805 29 1258 28 282 33 20 32 39
leaf_count=14465 89 24 20 23 128 71 866 195 87 30 20 100 36 22 27 66 35 37 20 63 31 26 85 37 27 80 21 39 25 183 31 73 31 22 44 44 25 20 35 54 27 20 990 10886 53 28 22 20 21 29 33 44 22 805 29 1258 28 282 33 20 32 39
internal_value=0.0086246 0.39774 2.50282 1.67388 0.229086 0.357293 0.512742 0.614405 0.782197 1.90799 2.36297 2.0436 3.68535 1.10452 4.58854 0.255178 1.89448 1.03164 4.09081 0.0274806 -2.12591 -1.64732 -0.334212 -1.45965 0.772779 0.474342 -1.20242 1.62029 0.632954 1.80531 1.25103 0.384271 -1.32237 -2.44854 0.580652 0.703337 2.73715 1.8445 1.59382 2.57557 0.343491 1.87136 -0.0306221 -0.133596 -0.599046 -2.58205 -1.73872 -4.38518 0.227225 0.163924 -3.02927 -2.44678 -4.20445 -0.298558 -0.0572822 0.405905 0.277588 2.23139 -0.160675 -3.09461 -1.36791 1.74134
internal_weight=32078 2939 218 198 2721 2529 2347 2258 2063 443 413 393 143 250 49 201 101 174 43 131 68 182 111 192 64 1620 140 60 1480 259 234 1221 126 95 1095 1051 158 107 133 98 893 203 29139 14674 2067 272 244 104 140 82 62 119 75 1795 12607 1721 1692 310 1382 124 104 71
internal_count=32078 2939 218 198 2721 2529 2347 2258 2063 443 413 393 143 250 49 201 101 174 43 131 68 182 111 192 64 1620 140 60 1480 259 234 1221 126 95 1095 1051 158 107 133 98 893 203 29139 14674 2067 272 244 104 140 82 62 119 75 1795 12607 1721 1692 310 1382 124 104 71
is_linear=0
shrinkage=0.05


Tree=139
num_leaves=63
num_cat=0
split_feature=25 32 31 11 31 36 21 7 28 18 40 32 31 32 35 31 35 32 32 40 34 31 31 8 32 31 35 23 31 31 32 32 31 31 31 32 36 31 31 32 31 31 29 34 36 36 40 36 40 31 31 35 35 36 28 32 32 39 35 31 31 34
split_gain=176846 390596 280041 297357 363935 241197 188947 357103 217142 227539 201251 176756 276335 218810 307789 279851 240048 214287 162884 159478 216087 230052 190028 156899 184834 176713 163356 138784 136425 161847 135058 172519 159004 177779 130484 127622 130323 121046 142436 183022 229007 120508 116851 114246 113117 172299 145271 150513 137253 201710 135632 156018 113977 107718 105426 104729 175579 111050 321551 222553 204369 216573
threshold=1.0000000180025095e-35 482.05000000000007 493.85000000000008 1.0000000180025095e-35 376.55000000000007 321.08333333333343 1.0000000180025095e-35 1.0000000180025095e-35 1.0000000180025095e-35 1.0000000180025095e-35 5.5000000000000009 26.650000000000002 481.05000000000007 337.95000000000005 487.35000000000008 136.05000000000004 894.95000000000016 6.2500000000000009 63.150000000000013 1.0000000180025095e-35 268.95000000000005 404.95000000000005 328.15000000000003 1.0000000180025095e-35 152.35000000000005 56.250000000000007 548.05000000000007 1.0000000180025095e-35 430.35000000000008 396.85000000000008 60.750000000000007 127.55000000000001 64.65000000000002 244.95000000000002 221.95000000000002 433.05000000000007 237.71000000000006 326.15000000000003 40.000000000000007 348.35000000000008 156.65000000000001 40.000000000000007 1.0000000180025095e-35 470.75000000000006 285.45833333333337 278.07083333333338 4.5000000000000009 329.71250000000009 5.5000000000000009 341.85000000000008 165.05000000000004 373.95000000000005 800.35000000000025 311.45833333333337 1.0000000180025095e-35 29.850000000000005 113.15000000000002 1.0000000180025095e-35 445.15000000000009 110.95000000000002 100.45000000000002 89.90000000000002
decision_type=2 2 2 2 2 2 2 2 2 2 2 2 2 2 2 2 2 2 2 2 2 2 2 2 2 2 2 2 2 2 2 2 2 2 2 2 2 2 2 2 2 2 2 2 2 2 2 2 2 2 2 2 2 2 2 2 2 2 2 2 2 2
left_child=41 2 3 6 18 -3 11 8 9 10 28 17 13 19 -15 16 35 -2 -5 20 21 22 -13 25 -25 26 -21 42 29 37 -12 -32 -33 -34 -19 36 -16 38 -8 -40 -41 43 54 -1 45 48 47 -46 52 50 51 -50 -27 -6 -17 57 -57 -43 59 -59 -60 -62
right_child=1 5 -4 4 53 -7 7 -9 -10 -11 30 12 -14 14 15 27 -18 34 -20 23 -22 -23 -24 24 -26 44 -28 -29 -30 -31 31 32 33 -35 -36 -37 -38 -39 39 40 -42 55 -44 -45 46 -47 -48 -49 49 -51 -52 -53 -54 -55 -56 56 -58 58 60 -61 61 -63
leaf_value=0.195288951539907 0.20273608842145394 6.2325675678253178 5.5476486778259284 -3.0805034507404674 3.8431231273545161 0.86030546182241197 2.3725794275139651 5.6392577765761196 -3.1902336941825022 -3.1804876934398307 5.6917776448386057 -0.2376600552449184 -4.854962237221855 5.755734987612124 -4.5395880245027085 0.57356234977690923 2.7420007658004764 0.45386042435963952 1.5284502553859813 -0.0050966037894194984 5.4250973767042163 -4.6038764556248983 4.2995088314187937 -5.6175631618499757 -0.78016720001514139 -1.090259063243866 5.2982024466991433 3.9034347752730052 3.6101906464017675 -4.108855971423063 -2.4099866271018984 6.0612413663130544 -1.5173091300328574 3.210044610298286 4.6923892244048737 -5.8802736928386077 0.90836984800255827 2.5927176626361148 0.21742034235170912 -7.5509426593780518 -0.43436252474784853 -0.055241221611963445 3.5259606822331748 3.2917884942082072 0.66964942172721587 -6.1092014217376711 1.2608995337735167 -4.5624723025730685 -0.30645117958386742 -6.7541220068931587 -0.16357219558495742 -5.4827020000767064 1.8802332250695479 8.6844759912788874 -2.9280512352784474 -0.64236178389079157 -0.098325735289939209 -1.0928907681978186 5.4901279078589553 0.22185918774642507 1.5198794121632428 -0.64566783872591405
leaf_weight=4214 606 45 25 22 27 39 43 37 36 33 28 113 35 27 21 206 20 30 149 53 20 24 29 40 39 215 20 36 29 22 20 26 30 59 46 31 23 49 112 20 26 9232 30 30 27 20 91 28 24 24 65 37 38 20 24 1719 10805 382 27 2045 538 147
leaf_count=4214 606 45 25 22 27 39 43 37 36 33 28 113 35 27 21 206 20 30 149 53 20 24 29 40 39 215 20 36 29 22 20 26 30 59 46 31 23 49 112 20 26 9232 30 30 27 20 91 28 24 24 65 37 38 20 24 1719 10805 382 27 2045 538 147
internal_value=0.00819337 0.377853 0.278981 0.232438 2.00652 3.7383 0.0843715 0.889276 0.55954 0.831153 1.11646 -0.140308 -0.46973 -0.353894 0.592585 0.236051 -2.12513 0.516604 0.935485 -0.790088 0.515264 -0.0762823 0.688945 -1.12684 -3.22948 -0.868099 1.44786 0.993862 0.350178 0.00260312 2.53151 1.87604 2.62144 1.61655 3.01929 -3.42303 -1.69179 0.364412 -0.178807 -0.873172 -3.52853 -0.029091 0.590998 0.217177 -1.16523 -1.5794 0.0347477 -1.99398 -1.3546 -2.55297 -1.75275 -3.44614 -0.644098 5.90327 0.208177 -0.0710738 -0.172998 0.0321111 0.28902 0.0149229 1.22334 1.05516
internal_weight=32078 2939 2855 2830 218 84 2612 570 533 497 464 2042 1360 1325 418 391 95 682 171 907 186 166 142 721 79 642 73 296 301 272 163 135 115 89 76 75 44 250 201 158 46 29139 260 4244 569 423 146 55 403 150 126 61 253 47 230 24895 12524 12371 3139 2427 712 685
internal_count=32078 2939 2855 2830 218 84 2612 570 533 497 464 2042 1360 1325 418 391 95 682 171 907 186 166 142 721 79 642 73 296 301 272 163 135 115 89 76 75 44 250 201 158 46 29139 260 4244 569 423 146 55 403 150 126 61 253 47 230 24895 12524 12371 3139 2427 712 685
is_linear=0
shrinkage=0.05


Tree=140
num_leaves=63
num_cat=0
split_feature=9 33 31 31 39 35 31 35 36 39 33 36 36 36 31 36 36 33 34 34 35 34 33 39 33 34 31 40 33 39 33 37 34 36 34 33 35 39 36 33 37 36 35 33 35 7 33 35 35 31 36 36 31 35 31 36 5 31 31 33 23 31
split_gain=311564 391311 290180 551273 722670 1.22685e+06 496434 1.19254e+06 774652 1.06317e+06 557829 464111 529162 1.08615e+06 624968 432818 424965 325507 260707 371186 399862 934768 393679 724478 386220 554644 400456 599307 463438 605212 981921 436725 380041 252325 246380 393748 240487 235329 210593 299491 527075 477832 198974 706250 225269 244559 410887 579218 265155 378021 670975 1.28052e+06 546600 423612 623702 414951 330575 640329 505131 419488 742657 589129
threshold=1.0000000180025095e-35 485.45000000000005 115.25000000000001 127.75000000000001 1.0000000180025095e-35 389.25000000000006 102.45000000000002 527.55000000000007 254.11000000000004 1.0000000180025095e-35 373.85000000000008 227.72500000000002 161.38750000000002 171.71250000000003 60.550000000000004 143.68333333333337 211.48750000000004 118.05000000000001 465.85000000000008 440.00000000000006 1203.6500000000003 392.15000000000003 436.05000000000007 1.0000000180025095e-35 279.65000000000003 281.35000000000008 220.05000000000004 3.5000000000000004 376.2000000000001 1.0000000180025095e-35 326.85000000000008 3.5000000000000004 312.75000000000006 286.95833333333343 237.15000000000001 414.65000000000003 1140.1000000000001 1.0000000180025095e-35 80.75833333333334 65.950000000000017 2.5000000000000004 127.02500000000002 1055.7500000000002 170.35000000000005 1020.4500000000002 1.0000000180025095e-35 144.40000000000003 673.95000000000016 702.05000000000007 408.75000000000006 275.04166666666669 231.11250000000004 398.85000000000008 645.45000000000016 240.95000000000002 325.31250000000006 1.0000000180025095e-35 394.65000000000003 230.15000000000001 172.55000000000004 1.0000000180025095e-35 456.45000000000005
decision_type=2 2 2 2 2 2 2 2 2 2 2 2 2 2 2 2 2 2 2 2 2 2 2 2 2 2 2 2 2 2 2 2 2 2 2 2 2 2 2 2 2 2 2 2 2 2 2 2 2 2 2 2 2 2 2 2 2 2 2 2 2 2
left_child=-1 2 6 4 5 -4 8 -8 10 -10 11 12 15 -14 17 38 -12 -15 19 20 22 32 24 33 36 26 31 37 29 30 -29 -26 34 -24 35 -22 42 -28 -2 40 -40 -41 44 -44 45 48 47 -47 49 52 51 -51 53 -5 -55 -52 58 -58 -50 60 61 -60
right_child=1 -3 3 18 -6 -7 7 -9 9 -11 16 -13 13 14 -16 -17 -18 -19 -20 -21 21 -23 23 -25 25 -27 27 28 -30 -31 -32 -33 -34 -35 -36 -37 -38 -39 39 41 -42 -43 43 -45 -46 46 -48 -49 56 50 55 -53 -54 54 -56 -57 57 -59 59 -61 -62 -63
leaf_value=-0.030521054262163679 -2.276962636781096 5.7621492091247015 0.89813112746234303 -0.16027784676646159 -2.8111675262451175 16.43498342037201 0.91608228275970538 -11.168018760681154 13.532932233810426 -0.80836929721491679 -1.0476248948470406 7.3879311513900765 -13.579630996641658 -1.5865688636898996 -5.9541623300976232 5.8796088082922831 -10.659273346610691 6.4163418575569438 4.7154548983316165 -4.9494063140884528 -2.9506563867841447 10.805743368210331 -3.8394050461905347 2.0530835330486297 3.9662667071118074 -5.7517586135864258 10.990177216068391 3.2735003280639647 6.7513587547071054 4.4426575514248441 -12.394311523437501 -3.7413573399186135 -3.3264256719180518 -11.686652801036836 7.2924243628978731 5.7769668539365142 4.9278541388335055 5.2171843072263213 0.81345510035753255 1.3116558196809558 10.062849483489991 -7.9767932128906258 2.6061782417297366 -9.8317593574523929 4.791422257600007 0.30626570383707685 -2.7091240423697016 9.1664043807983404 -6.3636998871962227 1.8194309223781933 -5.3991292114257812 17.077929359674453 -7.3205654750168323 9.8340445977670186 0.49754984901761112 1.6391060491633969 9.5232403457164772 -3.1291220045089725 0.25795146822929382 2.4561425979823284 -11.102994785308837 -6.7152326970487026
leaf_weight=28989 71 35 27 834 21 24 49 35 24 28 23 20 21 24 36 36 23 27 37 31 28 31 21 36 34 20 31 20 33 35 20 40 35 20 23 24 27 41 67 45 20 20 25 21 27 39 27 35 48 44 25 20 25 27 53 129 20 20 167 73 20 37
leaf_count=28989 71 35 27 834 21 24 49 35 24 28 23 20 21 24 36 36 23 27 37 31 28 31 21 36 34 20 31 20 33 35 20 40 35 20 23 24 27 41 67 45 20 20 25 21 27 39 27 35 48 44 25 20 25 27 53 129 20 20 167 73 20 37
internal_value=0.0195174 0.506448 0.443965 0.686939 4.9952 8.20959 -0.570205 -4.11896 0.0444251 5.81069 -0.64806 -0.0293313 -0.433542 -3.37369 -0.910187 0.792466 -5.85345 2.65027 0.552247 0.484269 0.559635 3.13693 0.386092 -3.12272 0.520043 2.26509 2.89634 4.16929 1.81363 -0.358976 -4.56041 -0.200017 0.975724 -7.66733 2.98339 1.07748 0.245721 7.70278 -0.0287768 1.02136 2.93975 -1.54633 0.172051 -3.07201 0.261408 0.186965 2.57052 4.49687 0.0308437 0.409061 2.28477 6.58771 -0.0264074 0.173105 3.64862 0.496535 -1.10577 3.19706 -1.60465 -0.835512 -1.90824 -1.00679
internal_weight=31968 2979 2944 2375 72 51 569 84 485 52 433 387 367 108 87 259 46 51 2303 2266 2235 141 2094 77 2017 274 254 180 108 75 40 74 110 41 75 52 1743 72 223 152 87 65 1716 46 1670 1643 101 74 1542 1157 218 64 939 914 80 154 385 40 345 297 224 204
internal_count=31968 2979 2944 2375 72 51 569 84 485 52 433 387 367 108 87 259 46 51 2303 2266 2235 141 2094 77 2017 274 254 180 108 75 40 74 110 41 75 52 1743 72 223 152 87 65 1716 46 1670 1643 101 74 1542 1157 218 64 939 914 80 154 385 40 345 297 224 204
is_linear=0
shrinkage=0.05


Tree=141
num_leaves=63
num_cat=0
split_feature=9 33 28 33 35 35 33 32 36 33 34 34 34 34 33 40 34 32 33 36 31 31 13 8 36 34 33 33 36 36 31 40 36 32 31 32 31 31 33 34 32 34 38 36 40 31 31 34 33 33 32 35 40 33 37 40 32 31 33 36 32 31
split_gain=281186 353158 283296 736022 637686 444649 473224 603262 837594 438296 403996 808137 550659 491476 381354 675050 367020 591358 334492 448251 283335 280845 472617 749317 874266 673588 814693 1.46415e+06 474241 453412 438058 318475 850129 397642 280637 835851 241664 284143 236405 489631 481002 478738 505097 547532 410421 410087 332500 324406 391108 302705 386041 478383 368219 262114 242446 453740 245293 234699 286600 370551 313606 233854
threshold=1.0000000180025095e-35 485.45000000000005 1.0000000180025095e-35 62.350000000000001 1249.5000000000002 1187.8500000000001 420.75000000000006 115.15000000000002 265.25500000000005 123.75000000000001 440.00000000000006 474.55000000000007 393.85000000000008 285.75000000000006 317.35000000000008 4.5000000000000009 76.250000000000014 376.75000000000006 245.75000000000003 236.61000000000004 236.55000000000004 402.75000000000006 1.0000000180025095e-35 1.0000000180025095e-35 216.37083333333337 2.0500000000000003 269.40000000000003 111.75000000000001 275.04166666666669 250.51000000000002 396.85000000000008 3.5000000000000004 373.58333333333343 115.15000000000002 390.65000000000003 24.350000000000005 337.75000000000006 165.05000000000004 205.35000000000005 440.00000000000006 13.15 377.10000000000008 1.0000000180025095e-35 180.51666666666668 4.5000000000000009 27.950000000000003 133.85000000000005 392.15000000000003 176.45000000000002 146.25000000000003 483.80000000000001 832.35000000000025 3.5000000000000004 131.65000000000001 3.5000000000000004 1.0000000180025095e-35 174.05000000000004 242.85000000000005 267.55000000000007 252.83333333333337 314.05000000000007 363.85000000000008
decision_type=2 2 2 2 2 2 2 2 2 2 2 2 2 2 2 2 2 2 2 2 2 2 2 2 2 2 2 2 2 2 2 2 2 2 2 2 2 2 2 2 2 2 2 2 2 2 2 2 2 2 2 2 2 2 2 2 2 2 2 2 2 2
left_child=-1 2 5 36 9 6 21 -8 -9 -5 12 -12 13 16 18 -16 -7 -18 19 -11 -10 30 23 24 -23 26 27 28 29 -26 34 33 -33 -30 38 -36 37 -4 39 47 -40 42 43 45 -44 -42 -47 48 49 50 51 53 -51 54 61 -56 -57 -45 -59 -60 -61 -2
right_child=1 -3 3 4 -6 10 7 8 20 14 11 -13 -14 -15 15 -17 17 -19 -20 -21 -22 22 -24 -25 25 -27 -28 -29 31 -31 -32 32 -34 -35 35 -37 -38 -39 40 -41 41 -43 44 57 -46 46 -48 -49 -50 52 -52 -53 -54 -55 55 56 -58 58 59 60 -62 -63
leaf_value=-0.028995000711237964 0.11050746698079204 5.4740417466844837 -7.8266469526290896 8.0995688329572264 -7.0310715397198997 0.48974558711051941 -7.9681313875559212 5.9297148632280754 -8.5492953603917901 -3.836546245905069 -8.0118521256880335 5.7009324754987452 10.363091610217918 -1.2680177972671833 10.184139570982561 -1.6851477277278901 2.3077771788551695 14.173675386110942 -6.7253620101057967 5.8608112942088733 -1.1782189130783081 9.3171524177898064 -4.8860050568213831 10.120145649380156 1.5330297183990478 -6.1096958503127103 8.8208313661463134 -9.6387713155438828 0.38973874124613678 12.179771070480347 -5.2582863704647345 -7.4688674753362481 1.5689841176542205 7.5309094251905169 -3.2158091378211981 10.62431853612264 -9.8892798050590187 0.40784791599620474 7.8041916997344405 -7.7744511961936951 2.2439092972061849 -5.93759214480718 9.2836287339528401 0.3119741567608082 0.97131857342190209 -10.913701515197754 -2.407852571981925 6.2719965435209737 -5.0614312339473422 -1.1792788560390473 5.6905463321455594 -5.2665452653711498 6.6339671022013622 -4.834190283881294 8.0213490662751372 3.392251124748817 -2.1145311287471227 -1.6357451325371153 9.6740619518138757 -2.2482550030662902 5.7747758355633962 -2.9370316402347232
leaf_weight=28989 1041 35 20 23 24 24 37 33 22 26 22 21 29 47 23 25 21 21 23 22 32 33 26 27 20 32 34 31 44 20 35 33 123 35 20 24 23 22 27 20 22 24 33 132 27 20 27 21 37 25 29 44 38 27 27 39 42 21 27 21 29 67
leaf_count=28989 1041 35 20 23 24 24 37 33 22 26 22 21 29 47 23 25 21 21 23 22 32 33 26 27 20 32 34 31 44 20 35 33 123 35 20 24 23 22 27 20 22 24 33 132 27 20 27 21 37 25 29 44 38 27 27 39 42 21 27 21 29 67
internal_value=0.0185416 0.481126 0.421767 -1.25913 0.506959 0.564888 0.391726 -2.62039 -0.346056 1.78099 2.93111 -1.31491 4.21688 2.63954 0.559755 4.00222 5.42219 8.24073 -1.76754 0.608076 -4.18125 0.547093 1.66107 2.0551 1.51743 0.825524 1.47825 0.662408 1.82363 6.8564 0.284914 0.96699 -0.342869 3.55355 0.386438 4.33335 -5.76944 -3.51334 0.29342 -0.00504152 1.35405 0.899342 1.35641 0.51627 5.54309 -3.39015 -6.02736 0.103092 0.0116042 0.147719 -0.0143649 -0.142914 3.53347 0.0384537 0.146646 2.408 0.536883 1.68819 3.54188 4.95396 2.4051 -0.0737751
internal_weight=31968 2979 2944 231 166 2713 2528 124 87 142 185 43 142 113 119 48 66 42 71 48 54 2404 458 432 405 372 340 306 275 40 1946 235 156 79 1911 44 65 42 1867 1457 410 383 359 299 60 69 47 1437 1416 1379 1316 1287 63 1243 1216 108 81 230 98 77 50 1108
internal_count=31968 2979 2944 231 166 2713 2528 124 87 142 185 43 142 113 119 48 66 42 71 48 54 2404 458 432 405 372 340 306 275 40 1946 235 156 79 1911 44 65 42 1867 1457 410 383 359 299 60 69 47 1437 1416 1379 1316 1287 63 1243 1216 108 81 230 98 77 50 1108
is_linear=0
shrinkage=0.05


Tree=142
num_leaves=63
num_cat=0
split_feature=9 33 28 31 32 32 40 35 31 32 35 25 29 31 4 1 31 6 18 32 32 32 35 40 32 31 35 32 32 31 32 32 33 18 31 35 31 31 38 35 33 33 32 31 32 31 35 35 35 33 33 33 31 35 35 33 32 31 32 35 23 11
split_gain=253770 318725 255675 707308 579382 692237 664174 645409 774886 708868 401295 476313 752511 449394 447702 284784 306549 605930 401444 483806 1.5587e+06 1.1141e+06 570421 424451 754799 390626 386197 362949 561443 1.27095e+06 1.25468e+06 508976 485980 419828 374501 344832 599908 277595 353178 345049 252488 245989 756811 272277 829692 394275 358957 482145 419470 353081 543681 696897 408321 246581 368623 250217 239713 490341 329280 229810 169670 204708
threshold=1.0000000180025095e-35 485.45000000000005 1.0000000180025095e-35 94.050000000000011 444.35000000000008 394.35000000000008 1.0000000180025095e-35 1083.5500000000002 440.85000000000008 206.95000000000002 1187.8500000000001 1.0000000180025095e-35 1.0000000180025095e-35 3.2500000000000004 1.0000000180025095e-35 1.0000000180025095e-35 402.75000000000006 1.0000000180025095e-35 1.0000000180025095e-35 211.05000000000004 109.25000000000001 254.95000000000002 679.95000000000016 1.5000000000000002 9.9500000000000011 396.85000000000008 498.35000000000008 491.15000000000003 448.55000000000007 125.85000000000001 436.65000000000003 376.75000000000006 142.65000000000001 1.0000000180025095e-35 248.95000000000002 949.45000000000016 474.75000000000006 83.65000000000002 1.0000000180025095e-35 747.75000000000011 201.35000000000005 453.55000000000007 179.45000000000002 390.65000000000003 24.350000000000005 382.95000000000005 916.25000000000011 894.95000000000016 958.55000000000007 423.05000000000007 361.75000000000006 328.85000000000008 121.75000000000001 998.25000000000011 1055.7500000000002 349.40000000000003 428.85000000000008 320.15000000000003 342.75000000000006 651.1500000000002 1.0000000180025095e-35 1.0000000180025095e-35
decision_type=2 2 2 2 2 2 2 2 2 2 2 2 2 2 2 2 2 2 2 2 2 2 2 2 2 2 2 2 2 2 2 2 2 2 2 2 2 2 2 2 2 2 2 2 2 2 2 2 2 2 2 2 2 2 2 2 2 2 2 2 2 2
left_child=60 2 10 -4 5 6 -5 8 9 -8 13 12 14 -2 56 16 25 18 19 20 23 -21 -22 26 -25 27 -18 28 30 -30 31 41 34 37 -31 36 -23 -33 39 59 -41 43 -43 45 -45 46 47 49 -48 50 51 -15 -52 -50 -55 -56 57 -12 -59 -39 -1 -62
right_child=1 -3 3 4 -6 -7 7 -9 -10 -11 11 -13 -14 15 -16 -17 17 -19 -20 21 22 35 -24 24 -26 -27 -28 -29 29 32 -32 33 -34 -35 -36 -37 -38 38 -40 40 -42 42 -44 44 -46 -47 48 -49 53 -51 52 -53 -54 54 55 -57 -58 58 -60 -61 61 -63
leaf_value=-0.066160608979635313 -5.9270719221660073 5.2003395789010192 5.8313527524471285 -9.6943668512197654 -9.2473009476294887 7.2673731213524242 4.2987837669176931 6.1022336327112647 -11.545105552673341 -5.0625596897942682 -4.1186421134255147 -3.6337471876144409 12.859675059318542 0.018810088331941692 -3.7248020728429161 -4.0358013929639549 1.204508942791394 -6.6186967940557571 -3.7139286041259769 -10.516649119059245 15.450439503987631 2.5710526501546145 6.1726674878919452 0.8698834166701499 9.2473178499085567 -4.9953720937456403 -7.892551250457764 -5.4238483817489067 13.831341751098634 2.8171614563983418 -9.4442167180957224 -1.8775344517495896 6.9805833989923656 9.3571430813182488 -5.7935406017848958 5.8297183452508392 -7.4076711177825931 2.4466176986694337 8.7039687612782366 8.1575651245117182 1.616714582178328 -10.41028688975743 2.8599003011530097 -3.0550186085700992 11.17468110947382 -5.8839992028695569 9.0935027729381215 -7.5296892344951631 -3.075499609242315 5.9918904571533211 -10.05826417259548 8.2871979424586666 -0.63672284665315049 7.6299671870011556 3.712236490597328 -3.6700346426530319 7.098722040331042 8.6750750594668915 1.0639686902364096 -4.8104383468627931 0.22368048328125792 1.8462238167416993
leaf_weight=26308 28 35 31 26 26 21 39 26 20 42 22 25 20 1284 24 35 28 21 28 21 30 61 37 116 35 35 20 27 25 23 33 36 22 22 28 39 20 20 23 25 36 21 22 20 21 27 22 21 23 25 23 26 23 26 24 22 37 27 30 24 2470 211
leaf_count=26308 28 35 31 26 26 21 39 26 20 42 22 25 20 1284 24 35 28 21 28 21 30 61 37 116 35 35 20 27 25 23 33 36 22 22 28 39 20 20 23 25 36 21 22 20 21 27 22 21 23 25 23 26 23 26 24 22 37 27 30 24 2470 211
internal_value=0.0176145 0.457069 0.400678 -1.19617 -2.28544 -1.24516 -2.41355 -0.922984 -2.73146 -0.555246 0.536643 2.78456 3.78742 0.37214 2.49138 0.442691 0.50628 1.67664 2.0771 2.4755 3.7306 0.107732 10.3269 1.50974 2.81167 0.240634 -2.58593 0.333471 0.41331 4.10135 0.217839 0.393416 0.769156 2.8714 -1.91028 1.967 0.10717 2.00136 3.0923 1.86307 4.29739 0.110652 -3.62089 0.211759 4.23336 0.105105 0.211561 -0.010479 2.87224 0.103861 -0.00469425 0.182915 -5.34749 1.43153 2.87128 0.181585 3.77749 2.22197 4.66923 -1.51178 -0.0275453 0.351378
internal_weight=31968 2979 2944 231 200 174 153 127 101 81 2713 185 160 2528 140 2500 2465 456 435 407 266 141 67 199 151 2009 48 1974 1947 98 1849 1816 73 186 51 120 81 164 128 105 61 1630 43 1587 41 1546 1519 1402 117 1381 1356 1310 46 95 72 46 116 79 57 44 28989 2681
internal_count=31968 2979 2944 231 200 174 153 127 101 81 2713 185 160 2528 140 2500 2465 456 435 407 266 141 67 199 151 2009 48 1974 1947 98 1849 1816 73 186 51 120 81 164 128 105 61 1630 43 1587 41 1546 1519 1402 117 1381 1356 1310 46 95 72 46 116 79 57 44 28989 2681
is_linear=0
shrinkage=0.05


Tree=143
num_leaves=63
num_cat=0
split_feature=9 33 31 31 39 35 32 32 32 36 36 33 31 35 36 39 33 36 32 31 33 32 35 36 32 32 40 35 36 33 33 32 40 33 23 40 33 36 28 35 32 31 31 24 32 22 31 32 32 33 32 32 33 33 33 35 35 32 10 35 31 33
split_gain=229028 287650 233811 488098 642744 1.07267e+06 640095 764152 502539 457741 764040 743578 422732 1.03153e+06 661670 922864 499992 448078 640650 1.45263e+06 962698 750271 439948 420315 301459 275674 273922 358715 470739 263412 272538 256447 536676 699418 590066 538293 532101 448329 367109 600330 1.25189e+06 671767 223849 573752 832236 498872 490056 693439 791986 561846 1.08167e+06 941699 558158 493868 589587 352822 272493 397911 295377 840024 532430 392682
threshold=1.0000000180025095e-35 485.45000000000005 115.25000000000001 127.75000000000001 1.0000000180025095e-35 389.25000000000006 492.65000000000003 468.75000000000006 454.55000000000007 311.45833333333337 387.95000000000005 255.05000000000004 102.45000000000002 527.55000000000007 254.11000000000004 1.0000000180025095e-35 385.45000000000005 227.72500000000002 348.35000000000008 62.750000000000007 62.350000000000001 312.15000000000003 723.1500000000002 338.42000000000002 442.25000000000006 135.75000000000003 3.5000000000000004 587.85000000000014 140.98750000000004 283.45000000000005 142.65000000000001 389.15000000000003 3.5000000000000004 57.95000000000001 1.0000000180025095e-35 5.5000000000000009 105.95000000000002 282.51250000000005 1.0000000180025095e-35 940.45000000000016 280.45000000000005 400.75000000000006 412.55000000000007 1.0000000180025095e-35 193.95000000000002 1.0000000180025095e-35 454.25000000000006 51.750000000000007 125.55000000000001 183.15000000000001 26.650000000000002 221.05000000000004 328.85000000000008 11.65 217.75000000000003 794.6500000000002 1032.6500000000003 206.95000000000002 1.0000000180025095e-35 506.35000000000008 257.45000000000005 427.15000000000003
decision_type=2 2 2 2 2 2 2 2 2 2 2 2 2 2 2 2 2 2 2 2 2 2 2 2 2 2 2 2 2 2 2 2 2 2 2 2 2 2 2 2 2 2 2 2 2 2 2 2 2 2 2 2 2 2 2 2 2 2 2 2 2 2
left_child=-1 2 12 4 5 -4 7 8 24 -9 11 -11 14 -14 16 -16 17 18 21 20 -20 25 -18 -10 31 29 -27 28 -28 30 -2 38 33 -33 35 36 -34 -37 42 41 -41 -40 45 46 -45 56 49 -48 -49 50 -44 -52 -51 -50 -55 -53 58 -58 61 -60 -61 -5
right_child=1 -3 3 6 -6 -7 -8 9 23 10 -12 -13 13 -15 15 -17 22 -19 19 -21 -22 -23 -24 -25 -26 26 27 -29 -30 -31 -32 32 34 -35 -36 37 -38 -39 39 40 -42 -43 43 44 -46 -47 47 48 53 52 51 55 -54 54 -56 -57 57 -59 59 60 -62 -63
leaf_value=-0.026167988576324137 -1.845321438181291 4.9403227942330501 0.84745395349131702 0.12157358019560799 -2.7094003949846543 15.375256101290384 8.7714472879534195 1.0217165193250102 10.761741989309138 -15.98815081914266 1.769298882484436 -3.1049360366094683 0.87836085497116556 -10.360394619532995 12.561330938835939 -0.80018785510744372 -0.54885746002197267 7.0522339911687943 7.5243159532546997 -16.171434288024905 -6.9559684435526536 8.8105400209426872 -10.910720716203961 0.87233059292747872 -4.2692067175200492 -1.5756225030472939 1.8592287863045933 -2.6105993509292604 10.964959654008801 -6.8757005918593634 4.3752849942161927 -0.5525222094853719 4.8521508171444854 9.1412630003325788 -7.661193075180055 11.026599295934041 -5.0197487415411537 1.564676756243552 -2.2241393155911391 9.4793944606074572 -6.7978874257632675 -12.648545608520507 -0.30527746174484494 14.512148113250731 0.82810389709472665 -5.9210524663329132 2.9292717858036954 -12.269461495535715 3.463504245877266 -7.9429883696816193 14.120741711722481 -1.4880033084324429 3.5981071078777314 -11.140913333892824 -0.058011274337768565 7.7912980222702037 7.3469024831598464 0.88842265245526342 -6.1410418415069579 9.6104713001766733 0.94304879763547123 -5.1172205551250567
leaf_weight=28989 109 35 27 1076 21 24 23 31 22 24 20 21 49 35 24 28 20 21 22 20 24 25 21 21 33 47 40 20 22 21 21 30 21 49 20 21 39 31 68 27 21 20 72 20 25 32 67 21 32 22 36 21 20 20 30 20 33 86 20 37 34 37
leaf_count=28989 109 35 27 1076 21 24 23 31 22 24 20 21 49 35 24 28 20 21 22 20 24 25 21 21 33 47 40 20 22 21 21 30 21 49 20 21 39 31 68 27 21 20 72 20 25 32 67 21 32 22 36 21 20 20 30 20 33 86 20 37 34 37
internal_value=0.0167338 0.434216 0.380645 0.598745 4.65264 7.68407 0.472006 0.388284 0.580196 -3.97771 -6.36205 -9.97598 -0.529707 -3.80445 0.0374662 5.36667 -0.60253 -0.0530442 -0.45523 -4.92177 -0.030615 0.511301 -5.85615 5.93203 0.472709 -0.229703 1.46769 3.21203 5.09029 -1.67979 -0.840454 0.546942 2.20053 5.46008 0.249732 1.6624 -1.56458 5.38584 0.363017 -2.13989 2.35808 -4.59332 0.556313 1.58616 6.9099 0.247738 0.92254 -1.03014 -3.60568 2.66053 4.1003 8.2198 -2.44723 -1.38691 -4.49117 3.03849 0.396945 2.67943 0.171351 2.91022 5.45987 -0.0525822
internal_weight=31968 2979 2944 2375 72 51 2303 2280 2184 96 65 45 569 84 485 52 433 392 371 66 46 305 41 43 2141 280 129 82 62 151 130 2108 211 79 132 112 60 52 1897 136 48 88 1761 406 45 1355 361 170 103 191 149 77 42 82 50 41 1323 119 1204 91 71 1113
internal_count=31968 2979 2944 2375 72 51 2303 2280 2184 96 65 45 569 84 485 52 433 392 371 66 46 305 41 43 2141 280 129 82 62 151 130 2108 211 79 132 112 60 52 1897 136 48 88 1761 406 45 1355 361 170 103 191 149 77 42 82 50 41 1323 119 1204 91 71 1113
is_linear=0
shrinkage=0.05


Tree=144
num_leaves=63
num_cat=0
split_feature=28 6 7 25 32 11 31 39 33 18 35 31 33 33 31 13 31 32 36 33 38 36 33 31 34 33 34 32 33 23 33 32 34 35 33 31 34 35 33 33 31 5 34 34 32 33 33 33 32 33 33 18 31 32 33 33 35 36 40 33 33 31
split_gain=207555 191102 222080 415955 387623 314251 252385 187666 264236 243223 291999 186548 168832 157783 196053 222999 143010 140939 164181 140883 138059 145584 135535 134674 136952 133086 129137 145040 128796 127885 156660 335098 155382 253772 145887 143257 134068 170530 125295 122188 120792 118442 136281 160257 288978 291315 185097 170689 470622 206035 172067 228292 281452 230882 155359 266886 167540 209976 152600 136769 128540 120007
threshold=1.0000000180025095e-35 1.0000000180025095e-35 1.0000000180025095e-35 1.0000000180025095e-35 433.05000000000007 1.0000000180025095e-35 351.75000000000006 1.0000000180025095e-35 477.95000000000005 1.0000000180025095e-35 1083.5500000000002 481.05000000000007 373.85000000000008 457.35000000000008 390.65000000000003 1.0000000180025095e-35 396.85000000000008 483.80000000000001 357.02500000000003 55.850000000000001 1.0000000180025095e-35 340.75000000000006 134.25000000000003 440.85000000000008 450.80000000000001 379.65000000000003 133.15000000000001 164.25000000000003 483.85000000000008 1.0000000180025095e-35 157.25000000000003 454.55000000000007 239.55000000000004 741.05000000000007 55.850000000000001 52.150000000000013 350.25000000000006 723.1500000000002 451.15000000000003 87.250000000000014 498.05000000000007 1.0000000180025095e-35 488.60000000000008 399.90000000000003 12.050000000000002 425.05000000000007 65.950000000000017 233.15000000000003 491.15000000000003 64.050000000000011 81.050000000000011 1.0000000180025095e-35 412.55000000000007 398.85000000000008 136.15000000000001 211.65000000000001 1140.1000000000001 226.32916666666668 4.5000000000000009 24.450000000000003 487.15000000000003 454.25000000000006
decision_type=2 2 2 2 2 2 2 2 2 2 2 2 2 2 2 2 2 2 2 2 2 2 2 2 2 2 2 2 2 2 2 2 2 2 2 2 2 2 2 2 2 2 2 2 2 2 2 2 2 2 2 2 2 2 2 2 2 2 2 2 2 2
left_child=1 2 40 5 12 13 -7 23 9 11 -11 17 19 14 29 20 28 18 -9 -5 -16 -22 -21 24 -2 -25 -18 -28 38 30 32 36 33 35 -35 -4 37 -32 -3 -34 41 42 43 47 -45 46 59 49 -49 -1 51 52 53 58 -48 -56 57 -57 -51 -46 -43 -52
right_child=7 16 3 4 -6 6 -8 8 -10 10 -12 -13 -14 -15 15 -17 26 -19 -20 22 21 -23 -24 25 -26 -27 27 -29 -30 -31 31 -33 39 34 -36 -37 -38 -39 -40 -41 -42 60 -44 44 45 -47 54 48 -50 50 61 -53 -54 -55 55 56 -58 -59 -60 -61 -62 -63
leaf_value=0.09266898517936481 -0.00042607461992333904 -0.14286443927071976 1.9816881809705571 3.934681912391417 8.4127185168089706 0.92310104500667178 4.7783016960410514 -1.2554075541582548 3.3887773086042965 5.4618096574147543 -1.7776666861314041 -4.9852299300107097 5.30653056111829 2.5219546925853678 1.105715029500425 5.7319166153669361 -0.7510874276248436 -4.4657280106698316 1.1675290648813372 -3.4890118408770792 -4.2826610191510275 1.0612041549682618 1.131384900716635 -1.466786545378516 3.3528241215213654 2.5070544697344306 -5.9097662764566916 -1.3928307469647665 2.8924055242363149 1.4804557482055998 0.49322253186423498 -6.7495364899635319 -5.0806107411017791 1.5981071090698242 6.7304242944717405 -0.20521550216261888 2.4412906201680507 -1.9734741085454037 -2.4426734377126227 0.11769273400306701 2.1243743216991429 -0.24202172253075382 3.0351254334328517 4.045196264065229 -0.11328069713226585 -5.808771928268321 -4.2947734357312672 0.39297970949726385 5.731106279435612 0.89719672926434291 -0.18730728869074784 1.8789423808770918 -8.1998158332847417 -6.5458801524205645 2.6940706404355859 -1.2904245273520552 -0.68019028975639817 -8.1365582332724617 -3.0949146942863632 4.891494941711426 -3.2941087983335771 -1.9007242210276492
leaf_weight=16816 1714 2033 81 31 27 113 68 760 34 30 26 33 29 71 384 24 468 31 77 21 26 25 65 251 31 23 27 52 34 115 111 25 26 45 20 992 30 190 61 20 70 2402 39 26 43 34 43 2439 42 54 1288 31 21 22 39 24 81 21 43 20 35 111
leaf_count=16816 1714 2033 81 31 27 113 68 760 34 30 26 33 29 71 384 24 468 31 77 21 26 25 65 251 31 23 27 52 34 115 111 25 26 45 20 992 30 190 61 20 70 2402 39 26 43 34 43 2439 42 54 1288 31 21 22 39 24 81 21 43 20 35 111
internal_value=0.0158971 0.0569721 0.0979494 0.54241 2.90913 0.369357 2.37146 -0.379269 -0.942792 -1.09668 2.10062 -1.29541 1.89134 0.203508 0.125641 1.03996 -0.345647 -1.15512 -1.03251 1.04484 0.781093 -1.66312 0.00314849 -0.102672 0.0591446 -1.13322 -1.06673 -2.93659 -0.160294 -0.127937 -0.248044 -1.16773 0.0284833 0.143643 3.17728 -0.0401277 -0.746144 -1.06383 -0.20986 -2.82048 0.0504222 0.0442899 0.0821749 0.0767421 -1.01482 -1.44616 -0.898823 0.0940568 0.483347 0.0415261 -0.506257 -2.00346 -2.86313 -1.92136 -1.61798 -0.920391 -2.03915 -4.48529 -0.872502 1.47554 -0.285856 -0.323254
internal_weight=31968 28958 26283 2539 173 2366 181 3010 991 957 56 901 146 2185 2114 459 2675 868 837 117 435 51 86 2019 1745 274 547 79 2128 1655 1540 356 1184 1138 65 1073 331 301 2094 46 23744 23674 21237 21198 331 305 271 20867 2481 18386 1570 171 140 119 208 165 126 45 97 63 2437 1399
internal_count=31968 28958 26283 2539 173 2366 181 3010 991 957 56 901 146 2185 2114 459 2675 868 837 117 435 51 86 2019 1745 274 547 79 2128 1655 1540 356 1184 1138 65 1073 331 301 2094 46 23744 23674 21237 21198 331 305 271 20867 2481 18386 1570 171 140 119 208 165 126 45 97 63 2437 1399
is_linear=0
shrinkage=0.05


Tree=145
num_leaves=63
num_cat=0
split_feature=9 31 32 32 32 20 32 31 33 36 31 36 31 33 36 34 39 34 34 33 34 40 31 34 36 36 31 10 36 36 36 36 31 36 36 36 33 36 32 31 36 25 31 37 32 36 33 36 39 40 31 40 31 36 31 36 31 36 33 33 33 34
split_gain=330635 441792 695343 629441 538973 381628 372763 988730 1.84227e+06 374965 851818 334336 331947 359232 614672 359626 753758 531038 426945 479491 466869 399667 417055 670462 369227 397959 324169 348000 416360 662593 328764 609781 328971 319065 309648 523572 430764 550849 418101 718412 340768 268446 398004 265885 284275 301192 709364 584482 974830 623214 798155 299853 299761 294102 263588 642882 286297 568208 231370 360336 369897 223260
threshold=1.0000000180025095e-35 199.85000000000005 472.65000000000003 464.85000000000008 452.55000000000007 1.0000000180025095e-35 456.35000000000008 96.15000000000002 205.35000000000005 284.0125000000001 138.15000000000001 349.91250000000008 493.85000000000008 459.35000000000008 334.03333333333336 413.35000000000008 1.0000000180025095e-35 372.90000000000003 72.500000000000014 427.15000000000003 4.6500000000000012 4.5000000000000009 337.75000000000006 271.35000000000008 133.56250000000003 142.31000000000003 484.75000000000006 1.0000000180025095e-35 302.3633333333334 238.91250000000005 170.31000000000003 181.62666666666669 300.15000000000003 193.32500000000002 232.25833333333335 225.27083333333334 345.40000000000003 265.25500000000005 342.75000000000006 127.75000000000001 242.21250000000003 1.0000000180025095e-35 374.55000000000007 3.5000000000000004 398.85000000000008 218.61250000000004 3.5500000000000003 249.34500000000003 1.0000000180025095e-35 5.5000000000000009 332.05000000000007 5.5000000000000009 300.15000000000003 256.81666666666672 448.25000000000006 311.45833333333337 420.25000000000006 373.58333333333343 159.55000000000004 279.65000000000003 365.95000000000005 415.05000000000007
decision_type=2 2 2 2 2 2 2 2 2 2 2 2 2 2 2 2 2 2 2 2 2 2 2 2 2 2 2 2 2 2 2 2 2 2 2 2 2 2 2 2 2 2 2 2 2 2 2 2 2 2 2 2 2 2 2 2 2 2 2 2 2 2
left_child=-1 5 3 4 12 6 9 -8 -9 34 -11 -4 13 15 -15 17 -17 18 20 21 24 22 -20 -24 -3 -26 27 30 29 -29 32 -32 -27 -33 35 61 37 40 39 -38 -36 43 -43 44 45 46 51 48 49 50 -47 -35 -46 -49 56 -56 58 -58 -55 -60 -61 -2
right_child=1 2 11 -5 -6 -7 7 8 -10 10 -12 -13 -14 14 -16 16 -18 -19 19 -21 -22 -23 23 -25 25 26 -28 28 -30 -31 31 33 -34 41 36 -37 38 -39 -40 -41 -42 42 -44 -45 52 47 -48 53 -50 -51 -52 -53 -54 54 55 -57 57 -59 59 60 -62 -63
leaf_value=-0.043969573473948156 0.14487737421074817 6.6329351388491125 8.9807337572700092 -6.1599144868552687 7.7978571346827925 -6.6312087950499166 3.2640468637148539 -19.541427249908448 1.6623961630321684 11.710317006978123 -1.336912276827056 2.3907711114638892 5.8477481424808504 8.4326784711135065 -1.5443971377152663 2.6325382528633909 -8.4969911247491847 6.8879057379329911 5.7519509999333209 -8.4724919817664404 5.9785535221750088 -2.9532110890563654 -4.8120163297653207 6.0550305626609111 -6.3836187195777896 7.5213044005055583 5.6927695959806446 0.77191962798436486 -1.4192992607752482 12.520970899860066 -7.2416498219525369 6.1938333345496135 -0.58382555189586827 -3.1460130002763536 3.1569841051101686 6.4379966378211977 3.3193710207939149 6.9549754641272798 -11.278703756332398 -9.3439591509955271 -4.7428924383119098 0.073443744157751401 9.0483209927876782 -3.9445358651876448 8.4905443954467774 -3.5476483490318063 9.6660375090745774 4.9657770537560992 -12.89989006622978 -7.5396710952123005 8.3759117202758784 3.7529503354004454 1.1583276219989942 0.51278890624055884 -9.6748403300409738 -0.27525944935864416 9.4688033981323247 0.1728408036035641 -7.4542024154663089 4.5572364107422212 -4.0715501855920868 -5.2025425291061405
leaf_weight=28800 812 26 38 32 28 23 30 20 21 22 29 39 32 38 26 29 32 34 37 22 44 98 40 22 20 31 32 24 24 24 27 23 21 36 20 33 24 22 20 21 43 30 21 40 20 32 26 31 23 27 25 28 46 343 23 87 25 48 25 23 27 20
leaf_count=28800 812 26 38 32 28 23 30 20 21 22 29 39 32 38 26 29 32 34 37 22 44 98 40 22 20 31 32 24 24 24 27 23 21 36 20 33 24 22 20 21 43 30 21 40 20 32 26 31 23 27 25 28 46 343 23 87 25 48 25 23 27 20
internal_value=0.0079789 0.50852 0.992623 0.788242 0.91751 -0.254778 -0.125791 -3.63376 -8.68093 0.107854 4.2913 5.64296 0.80365 0.706415 4.37949 0.559124 -3.2059 0.708743 0.568776 -1.47149 0.917309 -0.689657 1.55103 -0.955967 0.737426 0.610955 0.728313 0.591363 3.95786 6.64645 0.36858 0.173856 4.24808 0.372288 -0.102349 0.261322 -2.19952 0.143585 -5.26357 -2.59018 -2.235 0.236492 3.76898 0.0438105 0.222061 -0.0293724 2.70159 -0.361966 -3.7794 -1.28212 1.68198 -0.127717 3.38021 0.216618 -0.0283467 -2.24063 0.467276 3.35639 -0.037282 -2.55294 -0.102308 0.0163336
internal_weight=31789 2989 1829 1752 1720 1160 1137 71 41 1066 51 77 1692 1660 64 1596 61 1535 1501 219 1282 197 99 62 1238 1212 1192 1160 72 48 1088 1036 52 1009 1015 865 150 85 65 45 63 986 51 935 895 829 90 739 107 84 57 64 66 632 601 110 491 73 418 75 50 832
internal_count=31789 2989 1829 1752 1720 1160 1137 71 41 1066 51 77 1692 1660 64 1596 61 1535 1501 219 1282 197 99 62 1238 1212 1192 1160 72 48 1088 1036 52 1009 1015 865 150 85 65 45 63 986 51 935 895 829 90 739 107 84 57 64 66 632 601 110 491 73 418 75 50 832
is_linear=0
shrinkage=0.05


Tree=146
num_leaves=63
num_cat=0
split_feature=9 31 20 31 31 31 33 31 31 33 31 35 31 40 35 36 35 35 36 33 34 39 40 34 33 35 35 33 31 40 35 36 36 35 33 31 33 31 35 35 35 33 33 39 29 35 35 33 34 39 36 34 33 38 36 33 10 33 33 33 33 33
split_gain=298398 398717 344420 316668 431004 706246 425494 408987 322792 291415 260475 687314 425439 348060 240088 837473 629700 794361 591342 494572 703888 615758 542445 924135 823917 1.00351e+06 740174 488743 455892 377966 282725 678618 421643 403846 1.36114e+06 488548 710086 376883 374631 261784 206371 172676 178592 420644 177015 167440 491910 534145 411288 673396 540042 370987 448360 312017 519279 286631 270082 268842 272926 428362 1.13499e+06 374166
threshold=1.0000000180025095e-35 199.85000000000005 1.0000000180025095e-35 493.85000000000008 488.35000000000008 484.75000000000006 459.35000000000008 296.45000000000005 353.75000000000006 444.85000000000008 215.95000000000002 645.45000000000016 220.05000000000004 5.5000000000000009 612.95000000000016 266.78333333333336 667.90000000000009 690.95000000000016 241.15833333333336 192.05000000000004 445.55000000000007 1.0000000180025095e-35 2.5000000000000004 130.55000000000004 365.95000000000005 782.6500000000002 909.35000000000014 439.35000000000008 123.85000000000001 4.5000000000000009 548.05000000000007 189.8416666666667 201.13750000000002 392.25000000000011 1.0000000180025095e-35 21.350000000000005 215.45000000000002 91.850000000000009 498.35000000000008 909.35000000000014 370.95000000000005 55.850000000000001 134.25000000000003 1.0000000180025095e-35 1.0000000180025095e-35 998.25000000000011 1020.4500000000002 125.55000000000001 72.500000000000014 1.0000000180025095e-35 196.81666666666669 5.1500000000000012 361.75000000000006 1.0000000180025095e-35 294.5125000000001 176.45000000000002 1.0000000180025095e-35 277.85000000000008 209.95000000000002 134.25000000000003 111.75000000000001 1.7500000000000002
decision_type=2 2 2 2 2 2 2 2 2 2 2 2 2 2 2 2 2 2 2 2 2 2 2 2 2 2 2 2 2 2 2 2 2 2 2 2 2 2 2 2 2 2 2 2 2 2 2 2 2 2 2 2 2 2 2 2 2 2 2 2 2 2
left_child=41 2 14 4 5 6 9 -8 -9 10 11 13 -12 -3 15 18 29 -18 30 21 22 -19 23 -21 25 -24 27 -26 -28 -16 32 -32 33 40 -35 -36 38 -34 -37 -27 -2 -1 43 -43 -44 48 -47 -48 51 -50 -51 52 53 57 -55 -49 -57 58 59 60 61 -14
right_child=1 3 -4 -5 -6 -7 7 8 -10 -11 12 -13 45 -15 16 -17 17 19 -20 20 -22 -23 24 -25 26 39 28 -29 -30 -31 31 -33 37 34 35 36 -38 -39 -40 -41 -42 42 44 -45 -46 46 47 55 49 50 -52 -53 -54 54 -56 56 -58 -59 -60 -61 -62 -63
leaf_value=0.031742632574819456 0.15217080406095995 -3.1265799079747763 -6.2996482657349633 5.7233253058265241 -5.5383587397061866 9.4651276956001933 10.313621189377525 -2.7506874275207522 5.6983766482426574 -5.0447339231317692 -6.1516766859137491 9.2434776626527313 0.61163070790752394 4.8374140433643182 -10.799659609794617 8.6019659932454431 8.4569949577252075 -10.876904124480028 -7.8134984887164585 9.6995136392527623 8.284110587576162 -0.36402415196100874 -6.6059746750763484 -2.6238350167870523 4.916587175641741 1.332748449259791 -4.8209343219244927 -5.6336678691532303 -14.097141095308158 -2.381313924789429 9.3564199836165809 -2.1988560636838277 8.9643824934959415 -14.762342631816864 -5.8023769638755107 1.3509256049990654 -4.7901321156819661 0.35304371869122542 9.8267539197748377 7.8442600972724676 5.1206181504509667 0.33541685563625556 -0.016756044807605463 -1.4430780729408874 -0.75308544949221567 8.0458780833653041 6.5598059665316191 -4.6982444102947527 2.4229909490316341 0.39026908874511723 -9.6007194017109114 6.8523564140001945 -5.2632775694131855 -6.0497523226389074 3.0930751876831053 1.5210310007059817 -3.49802133037198 5.0324638004486379 -3.4130649308900574 5.4205266372830261 -10.506572473049165 3.853094771356866
leaf_weight=21168 418 34 23 34 26 24 22 20 26 22 23 32 751 23 24 30 24 26 23 29 23 30 28 32 21 29 27 23 26 30 27 24 24 20 33 32 30 27 22 33 22 542 5264 860 966 28 39 26 39 21 38 24 32 41 25 198 31 39 37 51 22 101
leaf_count=21168 418 34 23 34 26 24 22 20 26 22 23 32 751 23 24 30 24 26 23 29 23 30 28 32 21 29 27 23 26 30 27 24 24 20 33 32 30 27 22 33 22 542 5264 860 966 28 39 26 39 21 38 24 32 41 25 198 31 39 37 51 22 101
internal_value=0.00757996 0.483094 -0.242039 0.942992 0.852445 0.946374 0.829211 4.70653 2.02487 0.671991 0.747984 3.37919 0.598445 0.0869615 -0.119501 0.420938 -1.0963 -0.322987 0.0713214 -0.96739 -0.0834546 -5.245 -0.859479 3.23481 -2.19505 1.25048 -5.39193 -0.598319 -9.37153 -6.1228 0.338407 3.91864 0.0476549 -0.337522 -2.70811 -0.647557 1.37755 4.40544 4.80404 4.79855 0.400593 -0.0417711 -0.245668 -0.755529 -0.130928 0.699063 1.71332 1.11022 0.431585 -2.67485 -6.0446 0.702672 0.568375 0.74327 -2.58656 0.276749 0.841596 0.962819 0.797834 0.96627 0.706353 0.995889
internal_weight=31789 2989 1160 1829 1795 1769 1745 68 46 1677 1655 89 1566 57 1137 732 405 351 702 327 271 56 248 61 187 90 97 44 53 54 679 51 628 577 137 117 84 51 54 62 440 28800 7632 1402 6230 1543 322 294 1221 98 59 1123 1099 1067 66 255 229 1001 962 925 874 852
internal_count=31789 2989 1160 1829 1795 1769 1745 68 46 1677 1655 89 1566 57 1137 732 405 351 702 327 271 56 248 61 187 90 97 44 53 54 679 51 628 577 137 117 84 51 54 62 440 28800 7632 1402 6230 1543 322 294 1221 98 59 1123 1099 1067 66 255 229 1001 962 925 874 852
is_linear=0
shrinkage=0.05


Tree=147
num_leaves=63
num_cat=0
split_feature=9 31 32 32 32 31 32 39 31 36 37 32 28 35 35 2 36 35 39 35 33 34 32 36 31 31 31 31 31 33 36 32 31 36 35 35 33 33 32 32 32 36 39 33 36 36 32 31 36 32 32 32 35 35 35 35 31 32 39 31 34 31
split_gain=269304 359842 616311 564317 476050 341867 324414 1.26459e+06 1.53722e+06 2.9307e+06 711605 594015 400967 622860 610104 618873 602293 766997 604984 575422 548398 523188 362759 336071 536891 569267 270145 298014 414724 416156 384390 261369 831487 696554 283687 336943 319464 258208 248623 240284 1.61729e+06 667165 527689 631479 632608 498281 388269 449114 854909 767648 347805 380261 460556 457505 435090 405557 294526 510064 460205 430522 594996 585214
threshold=1.0000000180025095e-35 199.85000000000005 472.65000000000003 464.85000000000008 452.55000000000007 368.25000000000006 436.65000000000003 1.0000000180025095e-35 79.350000000000009 284.0125000000001 3.5000000000000004 422.85000000000008 1.0000000180025095e-35 563.1500000000002 607.45000000000016 1.0000000180025095e-35 233.41666666666669 1032.6500000000003 1.0000000180025095e-35 667.90000000000009 357.45000000000005 110.2 236.15000000000001 180.51666666666668 91.850000000000009 144.45000000000002 493.85000000000008 488.35000000000008 484.75000000000006 459.35000000000008 334.03333333333336 247.15000000000001 77.15000000000002 157.21000000000004 471.95000000000005 409.4500000000001 265.35000000000008 444.85000000000008 485.65000000000003 75.15000000000002 56.050000000000004 185.05833333333337 1.0000000180025095e-35 51.750000000000007 176.81250000000003 193.32500000000002 123.35000000000001 398.85000000000008 215.17083333333335 96.450000000000017 127.55000000000001 139.85000000000005 552.6500000000002 598.1500000000002 527.55000000000007 501.65000000000003 279.95000000000005 324.25000000000006 1.0000000180025095e-35 426.45000000000005 320.75000000000006 442.85000000000008
decision_type=2 2 2 2 2 2 2 2 2 2 2 2 2 2 2 2 2 2 2 2 2 2 2 2 2 2 2 2 2 2 2 2 2 2 2 2 2 2 2 2 2 2 2 2 2 2 2 2 2 2 2 2 2 2 2 2 2 2 2 2 2 2
left_child=-1 6 3 4 26 38 11 8 -8 -10 -9 12 14 -14 23 16 19 18 -18 -16 -17 -15 -21 31 -25 -26 27 28 29 37 -31 34 33 -33 35 -2 -36 39 -4 40 42 -42 43 45 -45 -3 47 48 49 -41 -48 -52 54 -54 55 -53 57 58 -55 -58 61 -61
right_child=1 2 5 -5 -6 -7 7 10 9 -11 -12 -13 13 21 15 20 17 -19 -20 22 -22 -23 -24 24 25 -27 -28 -29 -30 30 -32 32 -34 -35 36 -37 -38 -39 -40 46 41 -43 -44 44 -46 -47 50 -49 -50 -51 51 52 53 56 -56 -57 59 -59 -60 60 -62 -63
leaf_value=-0.039682540694990373 0.18468921472024874 7.0926488595349459 5.856771320104599 -5.8754820819944147 7.2920867102486753 9.0206232141045959 13.186973519325257 -15.955040032523019 -16.862880452473959 9.5527307646615167 -3.3518470555543902 6.3485602590772849 -2.5223587853567944 12.505634000084617 -6.3959495832753746 -2.8736523771286011 -15.848015565138596 -1.0107046965811703 -5.2561360086713522 -2.3725228463189079 8.4470452681831691 1.8308023611704511 3.2204760534721508 7.5143091489107183 -5.1871991475423185 2.8892157882358882 5.2691945970058445 -5.0208033976347552 7.529187079180371 7.763397057364255 -0.31926863988240561 6.6093975383302439 -11.664934623241425 -6.1491911458969115 7.7305901298522954 -5.4153964979895228 -0.74757773399353034 -5.049413222358341 -1.7657075572013856 7.0765437516299166 -2.7627473998069765 -15.12769337296486 6.7086035441607237 -11.91420446350461 0.51102911472320567 0.18493020030539581 -5.4520950814952025 -1.0459337182947108 12.380810384750367 -4.4111615840059057 6.5091926813125616 -3.5055883512264345 5.8802886343002321 4.981514024237792 -8.2546775726171653 4.9095833063125616 -0.80385546094593519 5.5340646823247281 -3.7362431566889693 6.5158484910663805 10.093187986101423 -0.62596447427048652
leaf_weight=28800 364 28 23 32 28 34 20 21 21 21 24 36 28 22 43 20 26 37 28 59 23 24 57 39 30 80 32 23 22 38 24 23 20 20 25 29 20 21 20 33 20 24 32 21 20 386 23 37 30 26 28 41 45 24 26 22 374 75 41 38 21 117
leaf_count=28800 364 28 23 32 28 34 20 21 21 21 24 36 28 22 43 20 26 37 28 59 23 24 57 39 30 80 32 23 22 38 24 23 20 20 25 29 20 21 20 33 20 24 32 21 20 386 23 37 30 26 28 41 45 24 26 22 374 75 41 38 21 117
internal_value=0.00720096 0.458939 0.895842 0.703426 0.825824 5.27393 -0.229937 -2.85303 1.77784 -3.65507 -9.23334 0.0366069 -0.186825 3.35726 -0.46494 -2.3592 -3.31222 -6.55622 -10.3559 -1.45558 3.1816 6.93616 0.375761 0.388933 2.47369 0.686557 0.718818 0.6311 0.710509 0.617623 4.63462 -0.231083 -3.24232 0.67517 0.20204 -0.228549 3.96252 0.457254 2.31143 0.532737 -0.327015 -9.50726 0.502412 0.065933 -5.85311 0.652119 0.988809 3.58381 5.50854 2.01417 0.615128 0.778914 0.584196 0.995534 -2.81281 -0.566957 0.676963 2.72447 -0.517379 0.155781 2.19501 1.12493
internal_weight=31789 2989 1829 1752 1720 77 1160 107 62 42 45 1053 1017 74 943 293 250 91 54 159 43 46 116 650 149 110 1692 1660 1637 1615 62 501 63 43 438 393 45 1553 43 1532 531 44 487 455 41 414 1001 126 89 59 875 852 824 735 89 63 690 140 65 550 176 155
internal_count=31789 2989 1829 1752 1720 77 1160 107 62 42 45 1053 1017 74 943 293 250 91 54 159 43 46 116 650 149 110 1692 1660 1637 1615 62 501 63 43 438 393 45 1553 43 1532 531 44 487 455 41 414 1001 126 89 59 875 852 824 735 89 63 690 140 65 550 176 155
is_linear=0
shrinkage=0.05


Tree=148
num_leaves=63
num_cat=0
split_feature=9 31 32 32 32 32 39 31 28 35 34 35 35 31 32 31 35 21 31 34 2 34 35 32 32 5 31 32 31 31 31 31 35 31 34 32 31 32 31 31 31 37 32 32 31 32 35 39 24 31 35 32 34 31 32 32 35 35 35 35 35 35
split_gain=243047 324758 556220 509296 429635 311149 851088 1.32145e+06 420978 813049 557281 515532 507092 672865 472694 1.1464e+06 397703 403739 822701 791270 323852 604489 579924 356804 317307 314394 308535 296289 243806 268958 374288 240280 442910 292422 232631 224383 219393 512563 465614 331953 204238 720855 429034 426925 408946 648164 394718 390588 387332 589036 1.01245e+06 478146 446457 332711 346162 457067 286549 422977 546482 237356 268362 405675
threshold=1.0000000180025095e-35 199.85000000000005 472.65000000000003 464.85000000000008 452.55000000000007 456.35000000000008 1.0000000180025095e-35 106.65000000000002 1.0000000180025095e-35 563.1500000000002 110.2 607.45000000000016 532.95000000000016 115.25000000000001 105.25000000000001 146.55000000000004 662.50000000000011 1.0000000180025095e-35 146.55000000000004 206.45000000000002 1.0000000180025095e-35 123.30000000000003 825.05000000000007 231.95000000000002 342.75000000000006 1.0000000180025095e-35 368.25000000000006 329.95000000000005 493.85000000000008 488.35000000000008 484.75000000000006 470.95000000000005 825.05000000000007 466.85000000000008 271.35000000000008 485.65000000000003 279.95000000000005 324.25000000000006 230.15000000000001 251.25000000000003 426.45000000000005 2.5000000000000004 91.950000000000017 200.75000000000003 448.25000000000006 69.250000000000014 998.25000000000011 1.0000000180025095e-35 1.0000000180025095e-35 414.45000000000005 634.05000000000007 211.05000000000004 426.25000000000006 408.75000000000006 254.95000000000002 221.05000000000004 1020.4500000000002 909.35000000000014 812.6500000000002 1203.6500000000003 812.6500000000002 685.05000000000007
decision_type=2 2 2 2 2 2 2 2 2 2 2 2 2 2 2 2 2 2 2 2 2 2 2 2 2 2 2 2 2 2 2 2 2 2 2 2 2 2 2 2 2 2 2 2 2 2 2 2 2 2 2 2 2 2 2 2 2 2 2 2 2 2
left_child=-1 5 3 4 28 8 7 -7 11 -10 -11 12 25 -14 15 -13 -16 20 19 -19 21 22 27 -23 -15 -2 35 -18 29 30 31 33 -33 36 -25 -4 37 -3 -39 -40 48 44 -43 -44 -42 -46 -45 -48 49 52 -51 -50 53 54 55 56 57 58 -38 60 61 -56
right_child=1 2 26 -5 -6 6 -8 -9 9 10 -12 14 13 24 16 -17 17 18 -20 -21 -22 23 -24 34 -26 -27 -28 -29 -30 -31 -32 32 -34 -35 -36 -37 40 38 39 -41 41 42 43 46 45 -47 47 -49 51 50 -52 -53 -54 -55 59 -57 -58 -59 -60 -61 -62 -63
leaf_value=-0.037698412860509005 0.26265133177307598 0.68232288698791344 5.5639327971831616 -5.5817081727087503 6.9274822916303371 10.481646759510042 -9.6438987055132479 -7.6942022752761847 -3.2025618783358873 12.21066063421744 1.7392625848452252 1.3488447709517046 -1.0839091670128607 4.17057839512825 -5.8575381147555818 -14.792582464218141 0.34371619754367405 4.5268964029127554 10.010819982528687 -7.3008560070624728 2.7909108500326836 -5.0514279174804688 -13.295166559219361 -0.99186247218222856 12.970464034307572 -5.6979174064553311 8.5695919667973239 -7.2915764172871906 5.0057347983121874 -4.7697632001793906 7.1527276418425814 1.414439414623307 -6.1858441405826143 6.7296497440338134 6.0836265960564981 -1.6774222850799561 0.16843700645348203 -0.32425336180062131 11.806509603500366 4.387994959715166 1.571404019054377 -2.2689165982333099 11.271136929591497 -1.0056968129914383 0.20906789200059298 -11.172106701677496 1.8133607846039994 10.323974500383649 -8.8705548180474185 2.2456344753503799 -9.9775758147239699 -0.21474143236111376 8.0059815406799313 5.7758463161332267 -4.0444987238599701 6.4194541904661397 5.9786946047907294 -5.9272038313058708 7.9669946193695074 3.5827549240805889 -3.6130355945339909 2.4441825454197232
leaf_weight=28800 580 319 23 32 28 20 31 20 29 27 24 22 31 20 39 22 27 31 25 26 31 20 20 21 21 23 34 24 32 23 22 41 36 20 26 20 351 29 25 38 53 22 24 29 29 22 26 28 27 32 36 39 20 28 39 36 23 26 24 22 108 63
leaf_count=28800 580 319 23 32 28 20 31 20 29 27 24 22 31 20 39 22 27 31 25 26 31 20 20 21 21 23 34 24 32 23 22 41 36 20 26 20 351 29 25 38 53 22 24 29 29 22 26 28 27 32 36 39 20 28 39 36 23 26 24 22 108 63
internal_value=0.00684091 0.435992 0.85105 0.668255 0.784533 -0.21844 -3.42552 1.39372 -0.00934666 3.48195 7.28294 -0.286159 0.508853 4.47486 -1.89284 -6.72187 -1.16017 -0.430295 2.44856 -0.868219 -1.82714 -2.86452 -6.07917 0.542039 8.67784 0.0352996 5.01024 -3.24936 0.682877 0.599545 0.674984 0.586742 -2.13894 0.723203 2.92224 2.19586 0.644067 1.63057 4.91851 7.33185 0.277805 1.59316 4.09027 5.39776 -1.50422 -4.70046 3.69944 6.22627 -0.0728557 0.227975 -4.22548 -3.75576 0.637211 0.432523 0.21632 1.0105 0.551255 0.239955 0.667545 -1.35836 -1.876 -0.0367838
internal_weight=31789 2989 1829 1752 1720 1160 71 40 1089 80 51 1009 675 72 334 44 290 251 82 57 169 138 71 67 41 603 77 51 1692 1660 1637 1615 77 1538 47 43 1518 411 92 63 1107 233 129 107 104 51 83 54 874 808 68 66 740 720 692 460 424 401 375 232 210 102
internal_count=31789 2989 1829 1752 1720 1160 71 40 1089 80 51 1009 675 72 334 44 290 251 82 57 169 138 71 67 41 603 77 51 1692 1660 1637 1615 77 1538 47 43 1518 411 92 63 1107 233 129 107 104 51 83 54 874 808 68 66 740 720 692 460 424 401 375 232 210 102
is_linear=0
shrinkage=0.05


Tree=149
num_leaves=63
num_cat=0
split_feature=9 31 32 32 32 36 20 32 32 35 34 28 36 31 35 34 32 32 36 31 31 34 10 35 32 37 40 31 36 31 31 31 31 36 36 31 38 32 34 36 2 34 35 36 40 40 40 32 36 34 34 35 35 35 40 36 24 36 36 10 35 35
split_gain=219350 293094 501989 459640 387746 301143 293252 304637 548380 380826 839903 366353 693519 409873 372874 459368 539962 771545 444047 444661 433643 330762 434688 329725 697860 282087 518351 370128 242839 220035 242734 337795 216853 765128 595199 263911 198108 1.26485e+06 415973 786122 218447 591832 870831 212232 349871 314869 208372 205478 178773 609688 796569 552601 666794 630568 482604 425366 400449 834542 321792 253641 1.1116e+06 425634
threshold=1.0000000180025095e-35 199.85000000000005 472.65000000000003 464.85000000000008 452.55000000000007 349.91250000000008 1.0000000180025095e-35 436.65000000000003 428.85000000000008 639.85000000000014 19.850000000000005 1.0000000180025095e-35 236.61000000000004 125.85000000000001 607.45000000000016 86.250000000000014 326.15000000000003 242.55000000000004 201.13750000000002 121.75000000000001 165.05000000000004 199.35000000000005 1.0000000180025095e-35 517.05000000000007 328.05000000000007 4.5000000000000009 4.5000000000000009 96.15000000000002 231.11250000000004 493.85000000000008 488.35000000000008 484.75000000000006 470.95000000000005 296.12500000000006 359.52500000000003 466.85000000000008 1.0000000180025095e-35 81.350000000000009 258.25000000000006 302.3633333333334 1.0000000180025095e-35 204.35000000000005 825.05000000000007 268.21666666666675 1.0000000180025095e-35 3.5000000000000004 4.5000000000000009 438.55000000000007 210.21250000000001 192.25000000000003 7.6500000000000012 543.55000000000007 400.9500000000001 623.6500000000002 4.5000000000000009 215.17083333333335 1.0000000180025095e-35 279.41250000000008 194.51250000000002 1.0000000180025095e-35 978.05000000000007 998.25000000000011
decision_type=2 2 2 2 2 2 2 2 2 2 2 2 2 2 2 2 2 2 2 2 2 2 2 2 2 2 2 2 2 2 2 2 2 2 2 2 2 2 2 2 2 2 2 2 2 2 2 2 2 2 2 2 2 2 2 2 2 2 2 2 2 2
left_child=-1 6 3 4 29 -4 7 8 11 -9 -11 14 13 -13 18 16 17 -16 23 -20 -21 -17 25 24 -2 26 -23 -28 -18 30 31 32 35 -34 -35 36 40 -38 43 -40 47 42 46 45 -45 -39 -42 48 49 50 51 52 58 -53 -54 -50 59 -58 -3 61 -61 -57
right_child=1 2 5 -5 -6 -7 -8 9 -10 10 -12 12 -14 -15 15 21 28 -19 19 20 -22 22 -24 -25 -26 -27 27 -29 -30 -31 -32 -33 33 34 -36 -37 37 38 39 -41 41 -43 -44 44 -46 -47 -48 -49 55 -51 -52 53 54 -55 -56 56 57 -59 -60 60 -62 -63
leaf_value=-0.035813491310239441 -0.040214764480292799 5.2273768768935911 7.9274763960587356 -5.3026227060705429 6.5811084542955669 1.6731957814632317 -5.7970821650131894 -7.2083189696073537 7.4816308803558345 4.6236147126635991 -6.1037695712513402 3.839741246840533 11.320128455162049 -5.0446363176618307 -6.0169977967332056 4.5062144994735718 -4.3796177864074712 4.2541176969354799 9.1627270672056422 -3.706372136655061 6.3604299068450931 -5.9199196799596159 5.5843745279312138 3.6393192980024551 -8.2928466364189433 -6.4660569813943685 7.6417286062240608 -1.4056589938127078 -11.517214978658238 4.7554480165243147 -4.5312752889550252 6.7950914231213666 -8.8145716561211493 8.3119110083580008 -2.8236077706019085 6.393167424201966 -11.381795757293702 0.71455527819119968 11.856808635166715 -1.2656214294433594 -2.5789113397183629 -2.9908075535297396 11.442212652437616 -3.711608548597856 4.3806043288286993 -6.9945510029792786 4.227532889626243 -3.9490292092164361 -6.0359952239990236 9.6469957413880731 -5.5203508088463238 11.006043405243846 -7.8658321192187648 1.3722013650621687 1.6932815603587938 0.17220221139626277 -8.0555858514247802 2.044721809098887 -1.7127645103827769 9.5901283006410338 -3.6143391064235142 3.5585475999206579
leaf_weight=28800 500 61 38 32 28 39 23 32 25 37 36 34 20 21 41 32 22 33 27 23 20 30 20 54 27 31 20 26 26 32 23 22 27 20 30 20 25 26 21 25 23 30 33 22 34 27 22 24 25 23 38 33 31 35 23 659 39 43 23 37 28 108
leaf_count=28800 500 61 38 32 28 39 23 32 25 37 36 34 20 21 41 32 22 33 27 23 20 30 20 54 27 31 20 26 26 32 23 22 27 20 30 20 25 26 21 25 23 30 33 22 34 27 22 24 25 23 38 33 31 35 23 659 39 43 23 37 28 108
internal_value=0.00649887 0.414192 0.808498 0.634842 0.745306 4.75972 -0.207518 -0.0944486 0.166609 -2.66027 -0.666602 -0.0149957 3.34689 0.447524 -0.285533 -1.80776 -4.11566 -1.43664 0.371528 4.13365 0.975861 -0.0369281 -1.18166 -0.0817401 -0.463025 -2.44634 -0.806713 2.52799 -8.24582 0.648733 0.569567 0.641235 0.557405 -2.03199 1.6306 0.687043 0.611864 -0.945454 0.737827 4.72505 0.821368 2.9774 5.27287 -0.944856 1.20152 -3.21273 0.748684 0.632058 0.723224 1.86485 1.13129 2.35829 0.540443 6.04745 -3.79436 0.398608 0.574609 -2.75908 3.3271 0.90317 3.90205 0.649028
internal_weight=31789 2989 1829 1752 1720 77 1160 1137 1032 105 73 1007 75 55 932 281 122 74 651 70 43 159 127 581 527 107 76 46 48 1692 1660 1637 1615 77 50 1538 1518 180 155 46 1338 108 78 109 56 53 45 1230 1206 267 244 206 138 68 54 939 914 82 84 832 65 767
internal_count=31789 2989 1829 1752 1720 77 1160 1137 1032 105 73 1007 75 55 932 281 122 74 651 70 43 159 127 581 527 107 76 46 48 1692 1660 1637 1615 77 50 1538 1518 180 155 46 1338 108 78 109 56 53 45 1230 1206 267 244 206 138 68 54 939 914 82 84 832 65 767
is_linear=0
shrinkage=0.05


Tree=150
num_leaves=63
num_cat=0
split_feature=23 7 2 36 25 18 36 35 21 36 33 32 7 2 32 31 32 31 32 32 35 31 36 37 32 33 31 33 33 31 31 33 32 13 33 32 36 33 39 32 33 32 35 35 35 36 31 32 35 31 33 31 35 24 33 31 35 33 31 31 35 25
split_gain=196177 342868 289250 235465 201685 240451 199931 197673 185529 181391 176349 172129 155673 222077 209459 144502 136365 292683 222773 187973 213358 134107 204784 131292 117504 115237 121340 110813 132792 108150 107472 297613 106502 106337 103895 136296 107031 103215 227229 387978 255771 277886 358325 428966 198963 190755 188664 187022 257264 320320 298762 209085 156026 155543 187950 144578 146213 134120 356590 480459 473380 261758
threshold=1.0000000180025095e-35 1.0000000180025095e-35 1.0000000180025095e-35 291.51250000000005 1.0000000180025095e-35 1.0000000180025095e-35 331.81666666666672 1170.4500000000003 1.0000000180025095e-35 178.11250000000004 199.45000000000002 73.200000000000003 1.0000000180025095e-35 1.0000000180025095e-35 474.15000000000003 247.15000000000001 261.45000000000005 454.25000000000006 137.85000000000005 294.25000000000006 1187.8500000000001 296.45000000000005 244.65833333333336 4.5000000000000009 288.55000000000007 395.45000000000005 402.75000000000006 480.05000000000007 463.55000000000007 335.95000000000005 40.000000000000007 485.45000000000005 290.45000000000005 1.0000000180025095e-35 423.05000000000007 198.15000000000001 323.02500000000003 55.850000000000001 1.0000000180025095e-35 495.05000000000007 79.350000000000009 203.00000000000003 860.05000000000007 592.85000000000014 1083.5500000000002 136.7416666666667 56.250000000000007 79.250000000000014 728.6500000000002 368.25000000000006 370.25000000000006 486.35000000000008 777.00000000000011 1.0000000180025095e-35 148.35000000000005 73.050000000000011 1083.5500000000002 1.7500000000000002 66.65000000000002 91.850000000000009 511.05000000000007 1.0000000180025095e-35
decision_type=2 2 2 2 2 2 2 2 2 2 2 2 2 2 2 2 2 2 2 2 2 2 2 2 2 2 2 2 2 2 2 2 2 2 2 2 2 2 2 2 2 2 2 2 2 2 2 2 2 2 2 2 2 2 2 2 2 2 2 2 2 2
left_child=7 2 4 -4 27 9 8 30 10 -6 -3 -9 16 14 15 -14 17 18 -13 23 25 22 -11 -18 -5 26 -21 28 33 -30 31 -1 -17 34 36 -36 -2 44 47 40 41 45 43 -43 57 -40 52 55 49 50 -49 -50 -42 -48 -55 -39 -57 -32 60 -60 -59 -61
right_child=1 6 3 24 5 -7 -8 11 -10 21 -12 12 13 -15 -16 32 19 -19 -20 20 -22 -23 -24 -25 -26 -27 -28 -29 29 -31 37 -33 -34 -35 35 -37 -38 38 39 -41 46 42 -44 -45 -46 -47 53 48 51 -51 -52 -53 -54 54 -56 56 -58 58 59 61 -62 -63
leaf_value=0.18771165486851013 -0.27910341303569319 -0.65455870378762482 0.78245511947356106 1.2718355742367833 -0.79076564259388871 -3.1603783607482914 5.9721990685909994 2.5150131216645244 5.135292150080204 4.069020507165364 2.8087216787478506 3.3164756554932824 -4.9515499223362323 4.156494005988626 3.4483821926445799 -2.8156725837338357 -0.09361123707559374 -6.879398695230484 -2.3204217558832103 -7.7303173329519188 -0.73397881886179928 4.73039339982288 -2.5553525924682621 5.1776948480379019 5.6436404658298871 -0.65956752091646198 -2.4052159804105759 -3.1050316791082251 5.2074021166021183 0.19094106129237587 -0.036708444105970024 5.3600232986467233 0.79355061093966173 1.1978233782187948 -5.2930400544946847 -0.5557437408335355 0.5904476168034134 -3.6862064883526831 -2.1248640817900499 -7.1513219876722864 -0.018682633505927193 -3.6724218921661378 -4.9137597945428668 4.5293849825859072 3.527449175156653 -6.7389268687793198 -0.27803841338539165 0.64254537684602608 -0.10958973803525199 5.9130034614035063 5.6372429138049487 3.4724138271063567 5.4630511837005615 -3.71915733405522 -0.83055353746232063 -0.30206902158722826 -4.6430606187134984 0.39862591996788982 -3.8827275189851962 0.33987251864746215 10.630425525307656 3.0192809730001233
leaf_weight=4129 1523 80 131 22 34 22 32 40 32 28 68 21 22 34 29 31 27 30 106 23 590 71 20 21 51 20 20 29 22 21 17115 28 60 159 22 49 461 36 48 22 27 25 31 44 40 42 2397 465 1357 35 32 42 25 70 288 644 20 26 63 857 20 102
leaf_count=4129 1523 80 131 22 34 22 32 40 32 28 68 21 22 34 29 31 27 30 106 23 590 71 20 21 51 20 20 29 22 21 17115 28 60 159 22 49 461 36 48 22 27 25 31 44 40 42 2397 465 1357 35 32 42 25 70 288 644 20 26 63 857 20 102
internal_value=0.00135568 0.395227 0.241276 2.05053 0.0913016 1.72725 2.33051 -0.0375795 1.6831 2.43005 0.936678 -0.703277 -0.827776 0.526801 -0.34228 -1.31511 -1.10564 -2.43758 -1.38834 -0.807327 -1.02931 3.35028 1.30887 2.21259 4.32611 -3.79513 -5.25353 -0.0339352 0.00552506 2.7575 -0.0120725 0.22255 -0.435965 -0.0479235 -0.14431 -2.02364 -0.0770555 -0.0529274 -0.23964 -0.53565 -0.487087 -2.26249 -0.448442 1.55772 0.00496248 -4.27809 -0.366914 0.100023 0.353837 1.28972 0.964136 -0.00205282 2.61677 -0.42323 -1.39536 -0.600139 -0.432822 -0.00278649 0.540822 0.346992 4.84723 0.624857
internal_weight=31981 2877 2665 204 2461 175 212 29104 180 153 148 1074 1034 176 142 113 858 157 127 701 653 119 48 48 73 63 43 2286 2257 43 28030 4157 91 2214 2055 71 1984 23873 5650 3019 2997 190 100 69 18223 90 2807 2631 1931 532 497 1399 52 2755 358 700 664 18183 1068 1022 46 959
internal_count=31981 2877 2665 204 2461 175 212 29104 180 153 148 1074 1034 176 142 113 858 157 127 701 653 119 48 48 73 63 43 2286 2257 43 28030 4157 91 2214 2055 71 1984 23873 5650 3019 2997 190 100 69 18223 90 2807 2631 1931 532 497 1399 52 2755 358 700 664 18183 1068 1022 46 959
is_linear=0
shrinkage=0.05


Tree=151
num_leaves=63
num_cat=0
split_feature=24 36 9 36 9 36 33 32 32 32 31 40 34 34 32 40 33 39 4 30 33 33 32 9 34 32 34 34 40 33 36 31 31 31 36 33 33 32 40 36 36 36 32 36 31 32 31 36 32 32 36 33 40 31 32 39 39 31 9 32 9 33
split_gain=169285 227498 485040 1.68159e+06 370775 1.08258e+06 912999 652936 648358 446460 369663 307651 181391 153430 158748 175416 155527 131569 126129 132062 119956 119718 119651 359412 723075 827579 953224 1.06232e+06 861528 731354 659945 567557 507769 472820 444457 386659 602332 348848 654469 706789 647726 648363 535222 494105 370232 328998 326501 294759 262943 222474 445806 335062 241328 229186 219323 207023 188031 297408 1.22533e+06 1.26231e+06 196095 957262
threshold=1.0000000180025095e-35 220.91250000000005 1.0000000180025095e-35 171.71250000000003 1.0000000180025095e-35 271.14166666666677 87.250000000000014 263.75000000000006 187.75000000000003 340.25000000000006 374.55000000000007 4.5000000000000009 495.35000000000008 450.80000000000001 24.350000000000005 1.5000000000000002 429.05000000000007 1.0000000180025095e-35 1.0000000180025095e-35 1.0000000180025095e-35 392.15000000000003 144.40000000000003 261.45000000000005 1.0000000180025095e-35 167.95000000000002 346.35000000000008 24.850000000000005 97.300000000000026 1.5000000000000002 249.45000000000002 193.32500000000002 400.75000000000006 320.15000000000003 355.65000000000003 342.98333333333341 239.35000000000005 2.6500000000000008 386.85000000000008 4.5000000000000009 334.03333333333336 352.12500000000006 258.24166666666673 446.55000000000007 359.52500000000003 191.85000000000005 337.95000000000005 370.15000000000003 394.05000000000007 328.05000000000007 319.65000000000003 238.91250000000005 142.65000000000001 5.5000000000000009 115.25000000000001 63.150000000000013 1.0000000180025095e-35 1.0000000180025095e-35 414.45000000000005 1.0000000180025095e-35 133.75000000000003 1.0000000180025095e-35 412.15000000000003
decision_type=2 2 2 2 2 2 2 2 2 2 2 2 2 2 2 2 2 2 2 2 2 2 2 2 2 2 2 2 2 2 2 2 2 2 2 2 2 2 2 2 2 2 2 2 2 2 2 2 2 2 2 2 2 2 2 2 2 2 2 2 2 2
left_child=12 2 -2 11 -3 8 -7 -8 -6 -10 -9 -4 13 18 -15 17 20 -16 22 -20 21 -17 54 55 25 31 28 -28 35 32 -30 45 -26 -31 -33 36 -27 44 40 42 41 -39 -40 -41 -32 48 -46 -45 49 50 51 53 -52 -25 -1 -24 57 -56 -59 -60 -58 -62
right_child=1 4 3 -5 5 6 7 10 9 -11 -12 -13 -14 14 15 16 -18 -19 19 -21 -22 -23 23 24 29 26 27 -29 30 33 37 34 -34 -35 -36 -37 -38 38 39 43 -42 -43 -44 47 46 -47 -48 -49 -50 -51 52 -53 -54 -55 56 -57 60 58 59 -61 61 -63
leaf_value=0.10564470373970221 -0.092762100555684901 -0.49789233318587667 1.6031247746944428 12.46581723762281 -14.980752182006837 9.5761498178754536 4.9843642668290578 -1.958440399169922 0.32347972289375637 -9.8910061091184627 -10.623757228851318 -7.166865959167481 -4.4008581568365512 4.48615644890815 1.4041451977358925 -0.12190574077160464 4.9072883363427788 -3.0107977171738942 -0.33441082282058693 3.1175971299027361 -2.690647167824209 2.6814363219106898 -0.25279645029655745 -2.59160209274292 11.745388607978821 2.4677341273095874 -16.22076021194458 0.075842204093933108 -8.8275889525046729 -2.0456367764067145 -8.7839785824651297 12.683918679278831 3.2952426552772525 6.835775765505705 3.2253779371579494 -1.4365989644890247 11.914130705374259 -1.2291751509127411 2.0249403259647427 -8.4691574478149416 3.111292056674543 -13.101347193510637 9.5839823431438873 5.0054865961489474 2.4182718159309751 7.6423343840099527 -5.2980087335293113 -2.5740377685119369 -4.3750251865386964 6.0458883991241459 7.0006392704115967 -4.7965007292257775 0.15046779155731202 3.5110792684555054 0.28446271517149047 0.36048198596907804 -0.38762970519019735 -0.027919433430719228 -17.715754608880907 -2.3675954870275553 -0.62505714374523225 -8.3694596114365947
leaf_weight=14050 1144 1535 20 33 22 21 22 32 23 20 20 20 23 32 27 69 29 45 2639 28 20 85 2392 25 40 45 20 20 26 47 23 23 32 22 27 23 27 23 67 20 23 23 36 23 29 21 26 29 20 25 36 37 20 40 2117 3240 2649 321 21 37 301 46
leaf_count=14050 1144 1535 20 33 22 21 22 32 23 20 20 20 23 32 27 69 29 45 2639 28 20 85 2392 25 40 45 20 20 26 47 23 23 32 22 27 23 27 23 67 20 23 23 36 23 29 21 26 29 20 25 36 37 20 40 2117 3240 2649 321 21 37 301 46
internal_value=0.0012879 -0.362168 0.15939 4.11092 -0.736644 -3.02717 0.374841 -2.23634 -7.99933 -4.42744 -5.29125 -2.78187 0.0376973 0.0412119 1.15307 0.765218 1.51729 -1.35519 0.0293347 -0.298169 0.952285 1.42539 0.0628363 0.248134 1.17711 0.564777 -0.680393 -8.07246 -0.0129376 4.46458 -1.165 2.75973 7.98977 0.786118 7.57631 4.20724 6.01013 -0.546279 0.384213 2.01023 -3.73974 -7.16526 4.66694 -1.79033 -3.45705 1.6846 -1.22942 0.778444 1.06828 1.66318 0.969715 -0.99821 4.55415 1.16389 0.000918699 0.100013 -0.266998 0.0535311 -1.2364 -7.92469 -0.534035 -1.65169
internal_weight=31981 2912 1217 73 1695 160 95 74 65 43 52 40 29069 29046 307 275 203 72 28739 2667 174 154 26072 6530 898 757 483 40 443 141 348 274 72 69 50 95 72 322 244 175 69 46 103 72 78 224 55 52 203 183 158 102 56 65 19542 5632 5492 2496 379 58 2996 347
internal_count=31981 2912 1217 73 1695 160 95 74 65 43 52 40 29069 29046 307 275 203 72 28739 2667 174 154 26072 6530 898 757 483 40 443 141 348 274 72 69 50 95 72 322 244 175 69 46 103 72 78 224 55 52 203 183 158 102 56 65 19542 5632 5492 2496 379 58 2996 347
is_linear=0
shrinkage=0.05


Tree=152
num_leaves=63
num_cat=0
split_feature=23 7 2 36 25 18 36 35 24 32 21 36 35 33 36 35 32 32 33 19 33 33 33 32 25 33 33 40 33 33 36 36 38 36 36 32 33 6 32 35 33 35 33 33 36 40 32 40 33 15 35 20 33 32 32 33 29 36 36 32 21 32
split_gain=178852 307334 258627 210433 181402 216136 179341 173695 205867 168312 166389 164642 163959 159515 151945 213728 138518 124256 164156 265586 186210 205047 464682 157649 143053 395183 411136 276969 144621 286522 243613 132762 127737 157480 144577 177709 269250 160309 296950 185719 268424 183852 281948 426372 265540 171542 126227 209411 121510 147123 183830 169800 131765 282968 118622 117624 120349 284346 172001 368846 125237 117168
threshold=1.0000000180025095e-35 1.0000000180025095e-35 1.0000000180025095e-35 291.51250000000005 1.0000000180025095e-35 1.0000000180025095e-35 331.81666666666672 838.80000000000018 1.0000000180025095e-35 1.8500000000000003 1.0000000180025095e-35 189.8416666666667 845.95000000000016 199.45000000000002 176.81250000000003 867.25000000000011 489.55000000000007 242.55000000000004 472.55000000000007 1.0000000180025095e-35 65.950000000000017 150.15000000000001 183.15000000000001 102.85000000000001 1.0000000180025095e-35 159.55000000000004 109.55000000000001 5.5000000000000009 257.05000000000007 303.30000000000001 296.12500000000006 285.45833333333337 1.0000000180025095e-35 208.11250000000004 336.48750000000007 26.650000000000002 401.35000000000008 1.0000000180025095e-35 75.15000000000002 1096.7500000000002 439.35000000000008 867.25000000000011 347.55000000000007 277.85000000000008 251.61250000000004 5.5000000000000009 94.050000000000011 4.5000000000000009 185.65000000000001 1.0000000180025095e-35 916.25000000000011 1.0000000180025095e-35 152.60000000000002 430.85000000000008 498.25000000000006 125.55000000000001 1.0000000180025095e-35 276.51666666666671 272.41250000000008 430.85000000000008 1.0000000180025095e-35 300.25000000000006
decision_type=2 2 2 2 2 2 2 2 2 2 2 2 2 2 2 2 2 2 2 2 2 2 2 2 2 2 2 2 2 2 2 2 2 2 2 2 2 2 2 2 2 2 2 2 2 2 2 2 2 2 2 2 2 2 2 2 2 2 2 2 2 2
left_child=7 2 4 -4 -2 11 10 54 9 -9 13 -6 -11 -3 15 -14 -10 18 19 20 -16 -22 -23 -21 48 26 27 31 30 -30 -27 -26 33 -24 35 36 -35 38 -37 40 41 -40 43 -43 -44 -41 -20 -48 49 50 -19 52 55 -54 -1 56 58 -58 60 -60 -52 -50
right_child=1 6 3 -5 5 -7 -8 8 16 12 -12 -13 14 -15 17 -17 -18 24 46 23 21 22 32 -25 25 28 -28 -29 29 -31 -32 -33 -34 34 -36 37 -38 -39 39 45 -42 42 44 -45 -46 -47 47 -49 61 -51 51 -53 53 -55 -56 -57 57 -59 59 -61 -62 -63
leaf_value=0.020163093911252313 -0.029041104575322513 -0.62386566251516351 0.7435669842567153 4.0935717497786426 -0.49668394304238839 -2.9926822055469859 5.6586337681859735 4.2973736059098018 -0.92269593182743148 -2.2420632787480166 4.8656639464839833 3.2669022041977502 5.2616776877833953 2.6699680824490155 2.2480773542936032 0.035044873196561382 -4.3331648212286735 -0.43913114700569872 2.8642127220001488 -1.1249339269846679 -4.2648318472007913 4.7257551084865224 0.7433551538449068 4.411667120415304 -1.1619886746009191 6.2117093092203142 -7.7676976079526163 -4.9370754545385189 -2.4735722785525853 1.912096446559385 -0.080119376659393324 3.7254606362545135 -0.42925139641676974 -2.9885453798832042 1.7586430308493701 -8.6270805699320956 3.1480087959405147 -0.94593037311968053 -7.4272596907615664 -2.6170583376040062 2.6397421283721929 -4.5068636655807497 -9.1677424930390856 4.3344162124395371 -2.0167321608347053 -8.5350990009307868 -2.913550583253036 2.6575734980644721 0.52273903280554135 -3.0040780699060812 -2.0465771330396332 -2.5235760360956192 6.1211405361443765 -0.938674043525349 -3.295793106158575 -1.1035676355893707 2.6200172855679331 -4.9181944595141847 9.4727211929502939 1.9646399299085546 1.7985469784173702 -0.65403620524233474
leaf_weight=24543 2286 80 131 73 39 22 32 21 752 95 32 114 31 68 39 53 31 288 54 20 54 33 52 36 24 40 23 22 45 216 25 33 246 39 22 26 33 76 20 24 25 25 21 30 34 25 37 31 259 31 30 28 40 22 27 51 29 22 21 74 72 1154
leaf_count=24543 2286 80 131 73 39 22 32 21 752 95 32 114 31 68 39 53 31 288 54 20 54 33 52 36 24 40 23 22 45 216 25 33 246 39 22 26 33 76 20 24 25 25 21 30 34 25 37 31 259 31 30 28 40 22 27 51 29 22 21 74 72 1154
internal_value=0.0012235 0.3773 0.231545 1.94234 0.0897315 1.64124 2.20956 -0.0359526 -0.3203 -0.166368 1.59639 2.30756 -0.191499 0.889517 -0.137908 1.96392 -1.05772 -0.187627 -0.659369 -0.897658 -1.1241 -1.29164 -1.072 2.43431 -0.00218745 0.831652 -1.88451 -0.171686 1.6815 1.15595 3.79178 1.66759 -1.34611 -1.84511 -2.18161 -2.41093 -0.175958 -2.93681 -3.59467 -2.95328 -2.10505 -3.01751 -2.21573 0.315653 -4.74712 -5.63647 1.05943 -0.373773 -0.170449 0.364188 0.518422 1.22736 1.51829 3.61605 0.0165192 1.0833 1.53302 -0.63176 2.09344 3.62432 0.667628 -0.438336
internal_weight=31981 2877 2665 204 2461 175 212 29104 4534 3751 180 153 3730 148 3635 84 783 3551 1002 880 824 785 731 56 2549 428 102 79 326 261 65 57 698 452 400 378 72 306 230 204 155 130 110 55 55 49 122 68 2121 708 677 389 361 62 24570 299 248 51 197 95 102 1413
internal_count=31981 2877 2665 204 2461 175 212 29104 4534 3751 180 153 3730 148 3635 84 783 3551 1002 880 824 785 731 56 2549 428 102 79 326 261 65 57 698 452 400 378 72 306 230 204 155 130 110 55 55 49 122 68 2121 708 677 389 361 62 24570 299 248 51 197 95 102 1413
is_linear=0
shrinkage=0.05


Tree=153
num_leaves=63
num_cat=0
split_feature=23 7 25 35 34 34 36 21 31 34 34 32 32 31 36 7 36 28 34 34 34 31 31 32 34 34 31 31 14 36 31 32 34 34 36 31 32 11 35 36 34 34 39 34 36 32 36 34 34 34 32 32 32 34 34 32 35 36 31 35 31 28
split_gain=161413 277369 165873 162969 196685 244375 161855 150166 146736 195580 245661 135310 217386 159755 189857 129977 129640 107518 104849 286677 109021 99641.1 94907.3 100104 95185.3 135003 92956 176827 109257 90722.1 104605 248733 100075 110275 109494 120914 92244.5 99412.8 95379.2 94372 89576.1 156249 106967 226224 178690 125306 105574 88556.4 88033.9 138533 116102 124226 107008 85777 171271 95335.5 84779.6 93328.4 84029.4 87274.8 82153.3 81959.2
threshold=1.0000000180025095e-35 1.0000000180025095e-35 1.0000000180025095e-35 1170.4500000000003 392.15000000000003 382.75000000000006 331.81666666666672 1.0000000180025095e-35 127.75000000000001 440.00000000000006 450.80000000000001 428.85000000000008 420.85000000000008 201.65000000000001 299.32916666666671 1.0000000180025095e-35 340.75000000000006 1.0000000180025095e-35 51.45000000000001 97.300000000000026 1.0500000000000003 446.65000000000003 40.000000000000007 495.05000000000007 476.25000000000006 463.65000000000003 456.45000000000005 468.85000000000008 1.0000000180025095e-35 92.112500000000011 87.350000000000009 105.25000000000001 53.050000000000004 9.2000000000000011 284.0125000000001 404.95000000000005 96.450000000000017 1.0000000180025095e-35 1055.7500000000002 212.78750000000005 171.45000000000002 125.75000000000001 1.0000000180025095e-35 86.250000000000014 73.516666666666694 274.55000000000007 220.91250000000005 213.65000000000001 187.85000000000005 69.550000000000011 322.25000000000006 410.95000000000005 200.75000000000003 474.55000000000007 490.75000000000006 278.65000000000003 1187.8500000000001 362.04166666666669 247.15000000000001 987.70000000000016 380.65000000000003 1.0000000180025095e-35
decision_type=2 2 2 2 2 2 2 2 2 2 2 2 2 2 2 2 2 2 2 2 2 2 2 2 2 2 2 2 2 2 2 2 2 2 2 2 2 2 2 2 2 2 2 2 2 2 2 2 2 2 2 2 2 2 2 2 2 2 2 2 2 2
left_child=3 2 11 22 5 15 7 -3 -6 16 -11 12 29 14 -13 18 -10 53 20 -20 -5 48 23 40 25 -24 28 -28 56 -2 31 -31 33 -32 35 36 39 38 -38 -34 41 42 45 44 -44 -1 47 -42 49 50 -4 -52 -50 55 -55 -12 -21 -58 -15 -60 -61 -46
right_child=1 6 21 4 8 -7 -8 -9 9 10 17 13 -14 58 -16 -17 -18 -19 19 26 -22 -23 24 -25 -26 -27 27 -29 -30 30 32 -33 34 -35 -36 -37 37 -39 -40 -41 46 -43 43 -45 61 -47 -48 -49 52 -51 51 -53 -54 54 -56 -57 57 -59 59 60 -62 -63
leaf_value=0.25994136120761729 -1.1497128617543504 0.84504152368250729 -0.14911179972191654 -0.71178987081157441 -2.6290939023620208 -5.7868185721337797 5.3757020641118292 4.6223806560039522 1.0663499511999659 -4.4116360899060965 -3.1205142798877898 0.94256027904716699 -4.4723986856363442 5.1176852226257328 -4.0972565612792975 0.59620968194111534 4.3717361472547056 -2.3752692869731358 -7.278984915397384 -4.3668856260322384 3.1805445054173469 4.9730347681045535 -0.048769305772615519 3.7383437061309817 -2.0219664600540379 3.1514970417275574 -7.0289991121739153 -1.1936557512025576 2.2739405457902215 5.3181138023253416 0.11904041304589225 0.47098430663511898 -0.95791164875030521 3.5351987858613336 0.6543111419263814 -3.9412730363699104 -1.4391360197612579 1.6374127348264058 -5.2416466856002808 3.6500934815406803 -2.5733025077730418 3.4436903479852177 -1.4785030131378483 -4.1202339790084146 1.5079644837058508 -0.53386573801517156 -2.5416170734663805 0.28994464797904512 5.7273467933138216 -3.2888007640838626 5.8712094567038804 0.42649242639541624 1.0737069368362426 3.8975374848892295 -1.0802924390192385 1.4492796823978424 -0.74807862009604775 -4.0919351295608548 0.30013077440006392 4.6573292676465856 1.2064204360632336 -1.684974949700492
leaf_weight=2649 149 148 60 179 38 27 32 32 101 32 21 74 27 22 25 115 42 28 22 21 20 20 23779 20 61 33 20 37 23 31 1505 181 25 24 90 39 94 21 20 20 32 38 62 22 468 612 60 173 21 20 22 20 30 48 27 25 225 23 56 35 34 21
leaf_count=2649 149 148 60 179 38 27 32 32 101 32 21 74 27 22 25 115 42 28 22 21 20 20 23779 20 61 33 20 37 23 31 1505 181 25 24 90 39 94 21 20 20 32 38 62 22 468 612 60 173 21 20 22 20 30 48 27 25 225 23 56 35 34 21
internal_value=0.00116233 0.358435 0.219968 -0.034155 -0.638598 -1.12107 2.09908 1.51657 0.310342 0.655091 -0.436822 0.109747 -0.0132279 1.22252 -0.330121 -0.93716 2.03716 0.416829 -1.24652 -1.74318 -0.3206 1.63171 -0.0109951 0.209486 -0.0493874 -0.0443342 -1.39422 -3.24114 -1.03369 0.0415232 0.128106 1.17976 0.00680466 0.172662 -0.813895 -1.41727 -0.8704 -1.5239 -2.10624 1.09009 0.192426 0.253293 0.221672 0.851711 1.05023 0.110966 -0.696914 -0.157001 1.24543 0.516178 1.26225 3.27849 2.98991 1.06293 2.10552 -0.636931 -1.31649 -1.05819 2.26817 1.76666 2.95688 1.37084
internal_weight=31981 2877 2665 29104 1074 712 212 180 362 324 181 2472 2226 246 99 685 143 149 570 371 199 193 28030 4157 23873 23812 349 57 292 2199 2050 212 1838 1529 309 219 180 135 114 45 4137 3872 3834 573 551 3261 265 205 173 122 102 42 51 121 75 46 269 248 147 125 69 489
internal_count=31981 2877 2665 29104 1074 712 212 180 362 324 181 2472 2226 246 99 685 143 149 570 371 199 193 28030 4157 23873 23812 349 57 292 2199 2050 212 1838 1529 309 219 180 135 114 45 4137 3872 3834 573 551 3261 265 205 173 122 102 42 51 121 75 46 269 248 147 125 69 489
is_linear=0
shrinkage=0.05


Tree=154
num_leaves=63
num_cat=0
split_feature=23 2 36 34 33 33 31 37 33 31 9 9 39 35 31 37 39 24 31 9 31 9 40 32 36 9 34 31 35 31 31 33 33 8 31 36 40 31 33 34 32 34 2 31 32 32 31 33 31 31 31 36 31 9 37 33 32 36 32 33 9 40
split_gain=145676 224930 202626 151396 137566 156693 212884 271235 313745 245550 432525 323643 880894 486862 551484 263362 247380 175625 217005 618622 219691 779659 636920 623819 453523 397739 629959 432642 485617 503189 524472 377960 547335 394244 458935 357682 366148 328003 312806 533134 726197 471863 393925 351698 351132 421486 341071 375247 354111 341757 259864 239675 219572 178293 377388 556456 399921 304216 235321 150056 548045 834570
threshold=1.0000000180025095e-35 1.0000000180025095e-35 300.81666666666672 495.35000000000008 51.750000000000007 119.55000000000001 462.55000000000007 3.5000000000000004 84.950000000000017 368.25000000000006 1.0000000180025095e-35 1.0000000180025095e-35 1.0000000180025095e-35 423.15000000000009 253.25000000000003 3.5000000000000004 1.0000000180025095e-35 1.0000000180025095e-35 486.35000000000008 1.0000000180025095e-35 414.45000000000005 1.0000000180025095e-35 1.5000000000000002 247.15000000000001 336.48750000000007 1.0000000180025095e-35 428.15000000000003 402.75000000000006 1096.7500000000002 388.85000000000008 370.15000000000003 477.95000000000005 455.35000000000008 1.0000000180025095e-35 191.85000000000005 296.12500000000006 3.5000000000000004 335.95000000000005 427.15000000000003 99.200000000000003 229.65000000000001 22.100000000000005 1.0000000180025095e-35 316.35000000000008 117.35000000000001 189.75000000000003 242.85000000000005 345.40000000000003 98.15000000000002 29.050000000000004 154.75000000000003 201.13750000000002 160.85000000000005 1.0000000180025095e-35 3.5000000000000004 387.50000000000006 225.25000000000003 248.08750000000001 340.25000000000006 1.7500000000000002 1.0000000180025095e-35 2.5000000000000004
decision_type=2 2 2 2 2 2 2 2 2 2 2 2 2 2 2 2 2 2 2 2 2 2 2 2 2 2 2 2 2 2 2 2 2 2 2 2 2 2 2 2 2 2 2 2 2 2 2 2 2 2 2 2 2 2 2 2 2 2 2 2 2 2
left_child=3 -2 -3 4 59 6 9 -8 -9 11 -11 16 13 -13 -15 -14 -6 18 20 -20 25 -22 -23 -24 -25 -7 27 28 29 30 31 32 33 38 -35 36 -30 -37 39 41 51 42 43 44 52 -46 47 48 49 -47 -28 -41 -27 -19 56 57 -55 -56 -59 -1 -61 -62
right_child=1 2 -4 -5 5 17 7 8 -10 10 -12 12 15 14 -16 -17 -18 53 19 -21 21 22 23 24 -26 26 50 -29 35 -31 -32 -33 -34 34 -36 37 -38 -39 -40 40 -42 -43 -44 -45 45 46 -48 -49 -50 -51 -52 -53 -54 54 55 -57 -58 58 -60 60 61 -63
leaf_value=0.0041079682370011783 0.21518649970423651 0.85007693645072324 4.1544830760535074 -4.0874580966389704 0.42682539506888972 -0.12598789153356379 -6.6003547801690949 2.7385028224970616 -5.0521813986202089 -0.076749100908637055 5.7284238693041685 -0.38535160064697266 4.9818211848919205 -5.413644687783334 -16.063059968948362 -1.5846070753561485 -1.3551376666451793 -0.45832381615068879 0.29289289166291177 8.9157459992628834 -0.17548449725703219 -11.268129348754883 -7.1479957028439181 7.1428477048873908 -3.2603732737627897 0.12730807495117188 2.7259115442261099 7.5141969680786138 -0.79261761497367511 -6.6625656604766847 9.1606693404061463 6.8682001060909705 -7.3096514511108399 -6.371233275277274 2.3048889972545483 -3.7663999080657962 -9.4123289589371009 3.5753502578125338 6.5114172166393649 3.9430802243096488 11.049660609165828 -7.1083255290985115 -4.3023312178525064 6.0828003525733951 6.9742553412914283 -0.3423490155826916 5.1293391942977911 -6.9294394135475166 -2.4605242886326533 8.6884714603424076 10.442919921875001 -2.8135728154863635 -6.7216667099432517 5.9163233549698546 -6.1751885925020495 -11.665592441558838 -3.4078020261681603 4.4551257658004761 -3.2149639081954962 0.20130685294291945 10.234438204084125 1.2398730325151464
leaf_weight=20133 2663 146 68 23 367 3909 34 28 24 181 39 20 26 31 20 37 415 882 104 26 622 28 38 20 22 25 20 23 22 20 21 27 20 35 27 29 28 32 31 35 30 20 33 36 32 22 32 20 44 20 24 21 22 23 28 20 23 20 20 1057 35 98
leaf_count=20133 2663 146 68 23 367 3909 34 28 24 181 39 20 26 31 20 37 415 882 104 26 622 28 38 20 22 25 20 23 22 20 21 27 20 35 27 29 28 32 31 35 30 20 33 36 32 22 32 20 44 20 24 21 22 23 28 20 23 20 20 1057 35 98
internal_value=0.00110421 0.340514 1.90008 -0.0324472 -0.0292401 -0.20953 -0.729215 -3.12775 -0.857198 -0.547636 0.95235 -0.907895 -3.17832 -6.99706 -9.58989 1.12535 -0.518846 -0.112367 -0.00117247 2.01746 -0.0498594 -0.856375 -4.7778 -2.50619 1.69354 0.0764832 1.13036 0.769095 0.542286 1.12866 1.41044 1.10451 0.79635 1.13062 -2.59292 -2.48466 -5.61966 0.08501 1.67639 1.29402 4.77224 0.316485 0.835702 1.50588 0.746576 1.80412 0.605252 -0.76051 0.674124 3.95804 6.93519 1.40934 -3.0786 -0.716496 -2.41581 -4.33425 1.25426 -2.17797 0.620081 0.0363551 0.581928 3.60686
internal_weight=31981 2877 214 29104 29081 7758 1222 86 52 1136 220 916 134 71 51 63 782 6536 5520 130 5390 730 108 80 42 4660 751 707 684 573 553 532 505 485 62 111 50 61 423 392 86 306 286 253 217 170 138 106 86 42 44 56 47 1016 134 88 46 68 40 21323 1190 133
internal_count=31981 2877 214 29104 29081 7758 1222 86 52 1136 220 916 134 71 51 63 782 6536 5520 130 5390 730 108 80 42 4660 751 707 684 573 553 532 505 485 62 111 50 61 423 392 86 306 286 253 217 170 138 106 86 42 44 56 47 1016 134 88 46 68 40 21323 1190 133
is_linear=0
shrinkage=0.05


Tree=155
num_leaves=63
num_cat=0
split_feature=28 7 11 36 31 33 33 9 40 31 31 32 39 31 39 9 32 40 36 32 33 18 32 24 36 33 33 37 36 31 40 36 32 31 32 36 31 32 32 32 32 31 31 25 36 36 31 36 21 34 36 31 39 40 9 34 36 13 33 36 31 34
split_gain=152290 194204 276560 191519 187085 185497 436332 871736 870697 620100 1.51648e+06 625897 363096 265252 244143 242942 526791 1.1187e+06 927291 830910 354457 327321 459698 306236 726584 215280 355896 306075 220143 980281 601227 717709 329308 297034 270444 253970 275353 222939 200850 267029 191116 182708 211843 204130 177533 181199 199859 646192 176221 182176 174498 164783 164266 158662 161773 145152 339079 171675 160088 156564 145555 162123
threshold=1.0000000180025095e-35 1.0000000180025095e-35 1.0000000180025095e-35 338.42000000000002 484.75000000000006 65.950000000000017 134.25000000000003 1.0000000180025095e-35 1.0000000180025095e-35 279.95000000000005 368.25000000000006 308.35000000000008 1.0000000180025095e-35 495.85000000000008 1.0000000180025095e-35 1.0000000180025095e-35 450.65000000000003 2.5000000000000004 367.51666666666671 436.65000000000003 57.95000000000001 1.0000000180025095e-35 225.25000000000003 1.0000000180025095e-35 223.16250000000005 4.4500000000000011 12.750000000000002 3.5000000000000004 298.01666666666671 390.65000000000003 2.5000000000000004 254.11000000000004 308.35000000000008 298.25000000000006 333.65000000000003 307.47500000000008 478.75000000000006 280.45000000000005 221.05000000000004 306.25000000000006 386.85000000000008 410.45000000000005 386.75000000000006 1.0000000180025095e-35 282.51250000000005 254.11000000000004 286.15000000000003 216.37083333333337 1.0000000180025095e-35 430.80000000000001 382.3250000000001 275.75000000000006 1.0000000180025095e-35 1.0000000180025095e-35 1.0000000180025095e-35 164.65000000000001 224.28750000000005 1.0000000180025095e-35 409.65000000000003 196.81666666666669 481.05000000000007 95.600000000000009
decision_type=2 2 2 2 2 2 2 2 2 2 2 2 2 2 2 2 2 2 2 2 2 2 2 2 2 2 2 2 2 2 2 2 2 2 2 2 2 2 2 2 2 2 2 2 2 2 2 2 2 2 2 2 2 2 2 2 2 2 2 2 2 2
left_child=1 5 48 -4 -2 15 7 14 -9 12 -11 -12 -10 -8 -7 -1 19 -18 -19 20 21 23 -23 25 -25 27 -27 28 29 32 -31 -32 37 -30 -34 -35 38 44 -37 -40 -36 42 -16 -43 45 46 -17 -48 50 53 55 -47 -6 -50 -55 57 59 60 -58 -57 61 -3
right_child=4 2 3 -5 52 6 13 8 9 10 11 -13 -14 -15 41 16 17 18 -20 -21 -22 22 -24 24 -26 26 -28 -29 33 30 31 -33 34 35 40 36 -38 -39 39 -41 -42 43 -44 -45 -46 51 47 -49 49 -51 -52 -53 -54 54 -56 56 58 -59 -60 -61 -62 -63
leaf_value=0.017489107454105222 -0.26702763152093895 -0.12753487969979999 1.5376527083728995 5.7445998876821251 -1.0475065448321403 0.33742274414394458 -0.085921789221952913 -11.787251085223573 -3.2631348565772726 -17.13163671947661 -5.9661321065255573 5.4529360725766143 4.5552603733810519 4.4801732060499493 -1.1828610373857256 0.04571741704941925 -4.5393191467631944 14.550321489969889 0.65120149612426759 -9.169440739805049 6.7800371874933667 -9.3046164739131925 0.1978982434953962 10.051200968878611 -0.97775780688971281 -7.5869609900883264 -0.00746009955971928 6.8165855264663691 -6.1742974417550229 -0.23194630940755212 4.6264872692904815 17.123213033676148 8.5655084800720225 -4.9239310979843145 -0.68835174242655439 0.55459042427113703 4.4326534628868108 -4.9536879630315873 -7.0545315135609021 -0.53671715086156668 5.0435834469416969 -1.4731752534325306 3.4047862317827011 -6.5009322946721859 4.5953336529109796 -0.17342322547143948 -1.4578068637847901 9.8240496201948702 -1.0618400364421134 5.5459228634834297 1.2405045318240333 -6.3185691732168197 -5.4349825326353312 1.0126696081518538 4.6536346262151547 -1.8379228690396188 0.72954241438249579 1.795298310151467 -3.2765388673171403 -7.4053926561559953 -3.8833442611694338 3.0255575145993916
leaf_weight=18404 2943 1389 175 32 64 411 5246 33 27 21 28 21 33 32 370 462 22 30 20 22 23 20 35 28 32 21 59 20 21 21 27 20 20 25 33 228 36 21 22 55 26 52 27 33 23 24 30 22 86 22 279 20 32 404 33 23 113 130 32 28 25 42
leaf_count=18404 2943 1389 175 32 64 411 5246 33 27 21 28 21 33 32 370 462 22 30 20 22 23 20 35 28 32 21 59 20 21 21 27 20 20 25 33 228 36 21 22 55 26 52 27 33 23 24 30 22 86 22 279 20 32 404 33 23 113 130 32 28 25 42
internal_value=-0.00112703 0.0341394 0.428936 2.188 -0.337882 -0.00823874 -0.243863 -1.17164 -4.53414 -2.69297 -5.89006 -1.07225 1.03698 -0.058238 -0.557877 0.0668642 0.685869 4.85651 8.99067 0.470764 0.62512 0.520336 -3.25756 0.680663 4.16909 0.511322 -1.99708 0.684914 0.576962 1.07728 6.8016 9.94424 0.505691 -0.391358 3.54086 -0.0595499 0.297076 0.107389 -0.191057 -2.39895 1.83759 -1.3213 -0.870855 -3.42513 0.290319 0.112872 0.376491 3.31529 0.289209 1.08877 0.0777774 -2.96667 -2.51 0.901281 1.28762 -0.104266 -1.38793 0.0543711 -0.154558 -4.89457 -0.101069 -0.0349913
internal_weight=32058 29019 2813 207 3039 26206 6334 1056 163 130 70 49 60 5278 893 19872 1468 72 50 1396 1374 1351 55 1296 60 1236 80 1156 1136 749 68 47 681 387 79 366 341 602 305 77 59 482 397 85 581 558 514 52 2606 545 2061 44 96 523 437 1782 196 1586 145 51 1456 1431
internal_count=32058 29019 2813 207 3039 26206 6334 1056 163 130 70 49 60 5278 893 19872 1468 72 50 1396 1374 1351 55 1296 60 1236 80 1156 1136 749 68 47 681 387 79 366 341 602 305 77 59 482 397 85 581 558 514 52 2606 545 2061 44 96 523 437 1782 196 1586 145 51 1456 1431
is_linear=0
shrinkage=0.05


Tree=156
num_leaves=63
num_cat=0
split_feature=10 18 28 32 9 35 32 39 33 39 6 31 9 34 36 32 35 9 31 39 36 35 31 31 39 7 35 32 9 31 12 21 9 34 34 33 9 34 36 34 9 32 32 35 36 36 32 36 35 29 35 35 34 8 36 9 34 36 31 31 34 29
split_gain=144301 183088 209140 282742 366004 743174 573067 566679 492480 249364 203027 241561 653655 651992 1.23414e+06 399805 214114 615633 713701 186051 226657 183093 195790 180871 168480 156688 314660 261354 612293 394069 187660 179393 191147 168055 158150 153787 346240 167391 148604 139698 176036 701137 873496 659840 464594 459198 480783 423329 139255 134235 132567 207613 292123 247205 204622 242820 176756 149220 132154 160513 132052 184716
threshold=1.0000000180025095e-35 1.0000000180025095e-35 1.0000000180025095e-35 448.55000000000007 1.0000000180025095e-35 707.6500000000002 489.55000000000007 1.0000000180025095e-35 118.05000000000001 1.0000000180025095e-35 1.0000000180025095e-35 460.75000000000006 1.0000000180025095e-35 2.0500000000000003 275.04166666666669 272.55000000000007 958.55000000000007 1.0000000180025095e-35 368.25000000000006 1.0000000180025095e-35 218.61250000000004 548.05000000000007 271.65000000000003 484.75000000000006 1.0000000180025095e-35 1.0000000180025095e-35 1020.4500000000002 433.05000000000007 1.0000000180025095e-35 283.85000000000008 1.0000000180025095e-35 1.0000000180025095e-35 1.0000000180025095e-35 26.150000000000002 239.55000000000004 483.85000000000008 1.0000000180025095e-35 483.45000000000005 201.13750000000002 470.75000000000006 1.0000000180025095e-35 117.35000000000001 193.95000000000002 728.6500000000002 266.78333333333336 294.5125000000001 433.05000000000007 210.21250000000001 563.1500000000002 1.0000000180025095e-35 1096.7500000000002 1155.7500000000002 160.00000000000003 1.0000000180025095e-35 364.8250000000001 1.0000000180025095e-35 436.05000000000007 387.95000000000005 486.35000000000008 476.65000000000003 281.35000000000008 1.0000000180025095e-35
decision_type=2 2 2 2 2 2 2 2 2 2 2 2 2 2 2 2 2 2 2 2 2 2 2 2 2 2 2 2 2 2 2 2 2 2 2 2 2 2 2 2 2 2 2 2 2 2 2 2 2 2 2 2 2 2 2 2 2 2 2 2 2 2
left_child=1 2 3 10 9 -6 7 -7 -9 -5 11 25 19 14 -14 58 -12 -18 -19 -13 -21 -11 38 39 -25 27 30 35 -29 -30 31 34 49 48 -27 37 -37 -1 -23 40 -4 -42 43 -43 47 -46 -47 -44 -32 -33 56 52 -52 54 55 -53 -3 -56 59 -16 -2 -62
right_child=60 50 23 4 5 6 -8 8 -10 21 16 12 13 -15 15 -17 17 18 -20 20 -22 22 -24 24 -26 26 -28 28 29 -31 33 32 -34 -35 -36 36 -38 -39 -40 -41 41 42 44 -45 45 46 -48 -49 -50 -51 51 53 -54 -55 57 -57 -58 -59 -60 -61 61 -63
leaf_value=0.06420076027803541 -0.2166253281940913 -0.27099092411503317 -0.18822733829005256 -0.41229563801585195 10.376027556123406 8.1888967514038082 -5.1122100298221298 6.4391315269470217 -3.3465736435519329 4.0017189117578367 -0.19301311495558882 -0.26063982362038651 14.037391871790732 -2.6312249809503556 -0.62489301943778996 7.3995372295379642 -0.54077078085392716 -1.4966727708948069 -13.439381339333275 -1.9330042500649729 1.2395804801925383 2.7920363392148699 1.8421224281965243 -1.0058547977425836 -5.7156604828505682 -0.031807684845851995 2.6536854844304578 -0.38710457419859617 -10.823406299260947 -1.6144853092375258 1.8336174431969139 1.2195481239517374 5.639309145056683 -0.65031851210245284 -4.514105768203736 -0.48654225447348187 -7.7523638820648193 3.4773727112346222 -0.40912258319837869 3.4455811762809754 -9.9497681057971477 -0.42219122492748762 -0.80851139681679873 11.83644386927287 6.0633622078668505 0.84665636883841633 -8.8221416378021242 -9.9446448348462582 5.7526741602841547 -2.851718854904175 0.14090530550287617 -0.015773077275006826 -6.1668120967017286 -5.3820744325717298 -6.163400707393885 5.2740326606310335 3.7232907158987865 -0.54946341391909737 -2.6129814168681271 5.3847183907032017 -0.86328918515896125 -4.6665820005867218
leaf_weight=16509 2700 2562 2309 416 29 36 26 20 36 52 1855 604 31 32 25 30 216 29 22 62 612 42 289 55 29 1227 158 207 26 21 68 254 23 41 20 91 20 36 265 25 23 23 21 21 21 36 20 32 34 22 31 131 45 24 20 26 28 29 23 20 282 36
leaf_count=16509 2700 2562 2309 416 29 36 26 20 36 52 1855 604 31 32 25 30 216 29 22 62 612 42 289 55 29 1227 158 207 26 21 68 254 23 41 20 91 20 36 265 25 23 23 21 21 21 36 20 32 34 22 31 131 45 24 20 26 28 29 23 20 282 36
internal_value=-0.00107068 0.033127 0.0749116 0.122057 0.866135 3.20472 1.44228 3.29463 0.148321 0.543041 0.0816821 0.130565 0.754878 3.75726 5.34201 2.59142 -0.383561 -1.7074 -6.64843 0.376644 0.94774 1.15634 0.90809 -0.349286 -2.63186 0.0826693 0.519934 0.0349089 -1.55686 -6.70878 0.320329 0.16004 1.25997 2.05324 -0.103697 0.0591831 -1.7957 0.0716274 0.028821 -0.273531 -0.310633 -1.74533 -0.660834 5.42852 -2.72185 -0.241982 -2.60649 -6.32467 3.13997 0.895027 -0.344088 -1.32827 -3.59393 -0.579625 -0.0201159 0.860246 -0.22781 -2.84087 0.470198 2.04605 -0.33013 -1.29385
internal_weight=32058 29040 26144 23529 1211 147 118 92 56 1064 22318 20196 1439 161 129 98 2122 267 51 1278 674 648 596 2615 84 18757 1847 16910 254 47 1689 1546 299 143 1247 16656 111 16545 307 2531 2506 197 174 44 130 77 56 53 102 276 2896 306 76 230 206 157 2590 49 68 45 3018 318
internal_count=32058 29040 26144 23529 1211 147 118 92 56 1064 22318 20196 1439 161 129 98 2122 267 51 1278 674 648 596 2615 84 18757 1847 16910 254 47 1689 1546 299 143 1247 16656 111 16545 307 2531 2506 197 174 44 130 77 56 53 102 276 2896 306 76 230 206 157 2590 49 68 45 3018 318
is_linear=0
shrinkage=0.05


Tree=157
num_leaves=63
num_cat=0
split_feature=5 2 11 25 36 35 39 38 9 31 35 9 9 31 40 34 31 31 36 9 40 13 35 9 35 31 36 31 11 31 36 31 35 35 28 40 7 31 36 36 38 9 35 36 11 36 24 34 9 40 34 31 35 9 31 36 31 12 31 36 35 35
split_gain=169555 165942 315559 232224 207446 191462 144936 117711 575694 141035 150356 312814 117476 416030 350351 111195 235571 102166 97319.8 177429 306648 128029 95519.9 180872 300338 239001 266180 227848 238577 269254 617267 298012 228132 191720 196827 175963 141689 175794 259240 210675 205215 291836 393548 159352 148806 139992 127868 205864 255686 366999 127557 172360 199250 411505 236381 125297 130960 308166 298249 256790 276315 470664
threshold=1.0000000180025095e-35 1.0000000180025095e-35 1.0000000180025095e-35 1.0000000180025095e-35 309.52500000000003 702.05000000000007 1.0000000180025095e-35 1.0000000180025095e-35 1.0000000180025095e-35 412.55000000000007 1313.1500000000003 1.0000000180025095e-35 1.0000000180025095e-35 160.85000000000005 3.5000000000000004 488.60000000000008 330.25000000000006 404.95000000000005 238.91250000000005 1.0000000180025095e-35 3.5000000000000004 1.0000000180025095e-35 598.1500000000002 1.0000000180025095e-35 572.75000000000011 211.85000000000005 289.95500000000004 468.85000000000008 1.0000000180025095e-35 424.35000000000008 428.28333333333336 400.75000000000006 487.35000000000008 548.05000000000007 1.0000000180025095e-35 4.5000000000000009 1.0000000180025095e-35 271.65000000000003 196.81666666666669 327.63333333333338 1.0000000180025095e-35 1.0000000180025095e-35 853.25000000000011 293.01666666666671 1.0000000180025095e-35 272.41250000000008 1.0000000180025095e-35 411.7000000000001 1.0000000180025095e-35 4.5000000000000009 440.00000000000006 150.65000000000001 1203.6500000000003 1.0000000180025095e-35 271.65000000000003 62.716666666666676 215.95000000000002 1.0000000180025095e-35 240.95000000000002 170.31000000000003 506.35000000000008 431.65000000000003
decision_type=2 2 2 2 2 2 2 2 2 2 2 2 2 2 2 2 2 2 2 2 2 2 2 2 2 2 2 2 2 2 2 2 2 2 2 2 2 2 2 2 2 2 2 2 2 2 2 2 2 2 2 2 2 2 2 2 2 2 2 2 2 2
left_child=1 15 3 7 -5 -4 -2 9 -9 17 11 -11 -8 -14 -15 22 -17 18 21 -20 -21 -3 23 -1 27 -26 -27 28 29 31 -31 33 -29 34 55 -33 50 38 -38 46 41 44 -43 -44 -39 -42 47 48 -40 -50 -24 -52 54 -54 -53 -25 -57 58 -58 -60 61 -61
right_child=6 2 5 4 -6 -7 12 8 -10 10 -12 -13 13 14 -16 16 -18 -19 19 20 -22 -23 36 24 25 26 -28 32 -30 30 -32 35 -34 -35 -36 -37 37 40 39 -41 45 42 43 -45 -46 -47 -48 -49 49 -51 51 52 53 -55 -56 56 57 -59 59 60 -62 -63
leaf_value=0.010197672434557941 -0.10839365271800545 -0.42838003329354629 0.085982866713311526 1.1251050761048222 5.3285397039877402 3.4143292705591466 -0.68913312072147714 -0.16147780462093497 -8.6168032191016461 0.95935086926867097 -3.0690280628204345 6.6635155017559349 3.1405150169417975 -0.82581325223048541 -9.1285118363521729 -0.23630193550335732 6.2650489476594062 -2.6911138003522699 0.316435748678491 -1.249006977081299 5.8447781819563644 1.1716765879359963 -0.20799079608659402 -2.5837979633557171 8.0260683723117996 -2.295109628495716 5.6658124832879935 0.23748371079564096 4.1568939698048126 -9.5340057103530214 0.19485679078913695 7.7384493033091237 6.9976183423629186 4.0300355732440947 -3.5316908929083084 1.3397187503901395 1.6909798696766729 0.48479297861779336 -0.71775880203955733 2.4097801184654237 -3.0170200600624089 8.9923232290479884 -1.9648976707458496 3.923541037241618 3.0145896650072359 0.32453923296360743 -3.8180133257371689 3.3052666511535649 0.34814947128295898 -8.5880879296196841 -3.5003301087173 -1.1626550236666524 -0.22860983582078545 -8.3740191555023191 4.7563534747208314 0.84200600809955617 -3.5762921854561451 -6.2405457814534513 4.2877536523342128 -0.19589379778698734 -4.4468569163353218 6.6699267781206544
leaf_weight=17229 2032 870 64 142 37 133 969 237 22 318 20 26 21 24 27 38 22 33 660 25 39 146 6155 38 23 21 21 24 39 23 56 21 26 32 36 22 115 439 217 40 50 27 20 27 67 84 48 25 20 27 69 37 69 20 31 554 51 21 40 230 31 28
leaf_count=17229 2032 870 64 142 37 133 969 237 22 318 20 26 21 24 27 38 22 33 660 25 39 146 6155 38 23 21 21 24 39 23 56 21 26 32 36 22 115 439 217 40 50 27 20 27 67 84 48 25 20 27 69 37 69 20 31 554 51 21 40 230 31 28
internal_value=-0.00101715 0.0364242 0.404318 0.256762 1.99397 2.33304 -0.35417 0.126979 -0.879691 0.248985 1.14545 1.39048 -0.833918 -2.78248 -5.22136 -0.0024802 2.14753 0.0649386 0.117209 0.560178 3.07377 -0.198451 -0.00741273 0.0536719 0.613894 3.92899 1.68535 0.444491 0.309128 0.182279 -2.6376 0.384064 3.75275 0.218685 0.100159 4.46468 -0.156892 0.340128 -0.38709 -1.02098 0.841236 1.24868 4.18149 1.41782 0.819766 -0.922311 -1.4282 -1.03127 -1.44193 -4.78543 -0.250828 -1.41747 -0.502075 -2.05904 1.53572 0.231827 0.343863 -0.344345 -0.0185025 0.533009 0.0133211 0.549234
internal_weight=32058 28985 2772 2575 179 197 3073 2396 259 2137 364 344 1041 72 51 26213 60 1773 1740 724 64 1016 26153 18566 1337 65 42 1272 1222 1183 79 1104 50 1061 1029 43 7587 1206 492 377 714 580 74 47 506 134 337 289 264 47 6381 226 157 89 68 993 955 401 380 329 289 258
internal_count=32058 28985 2772 2575 179 197 3073 2396 259 2137 364 344 1041 72 51 26213 60 1773 1740 724 64 1016 26153 18566 1337 65 42 1272 1222 1183 79 1104 50 1061 1029 43 7587 1206 492 377 714 580 74 47 506 134 337 289 264 47 6381 226 157 89 68 993 955 401 380 329 289 258
is_linear=0
shrinkage=0.05


end of trees

feature_importances:
raw_weight_2=1413
raw_weight_1=1411
raw_weight_mean=1371
raw_weight_3=1109
raw_weight_total=1057
raw_weight_4=617
cooking_method_enc=283
has_meat=239
ing_shrimp=206
ing_egg=171
ing_chicken=164
ing_fish=153
ing_beef=150
ing_pork=150
ing_pepper=135
has_fruit=104
ing_ginger=100
ing_garlic=96
n_ingredients=94
ing_tofu=85
ing_cabbage=84
ing_onion=84
ing_eggplant=83
ing_tomato=78
ing_potato=75
ing_cucumber=72
ing_carrot=67
ing_cauliflower=59
ing_strawberry=17
ing_banana=13
ing_watermelon=11
ing_peach=10
ing_pineapple=10
ing_lemon=8
ing_apple=6
ing_kumquat=4
ing_grape=3
ing_orange=3
ing_kiwi=1

parameters:
[boosting: gbdt]
[objective: regression]
[metric: rmse]
[tree_learner: serial]
[device_type: cpu]
[data_sample_strategy: bagging]
[data: ]
[valid: ]
[num_iterations: 1000]
[learning_rate: 0.05]
[num_leaves: 63]
[num_threads: 0]
[seed: 42]
[deterministic: 0]
[force_col_wise: 0]
[force_row_wise: 0]
[histogram_pool_size: -1]
[max_depth: -1]
[min_data_in_leaf: 20]
[min_sum_hessian_in_leaf: 0.001]
[bagging_fraction: 0.8]
[pos_bagging_fraction: 1]
[neg_bagging_fraction: 1]
[bagging_freq: 5]
[bagging_seed: 400]
[bagging_by_query: 0]
[feature_fraction: 0.8]
[feature_fraction_bynode: 1]
[feature_fraction_seed: 30056]
[extra_trees: 0]
[extra_seed: 12879]
[early_stopping_round: 0]
[early_stopping_min_delta: 0]
[first_metric_only: 0]
[max_delta_step: 0]
[lambda_l1: 0]
[lambda_l2: 0]
[linear_lambda: 0]
[min_gain_to_split: 0]
[drop_rate: 0.1]
[max_drop: 50]
[skip_drop: 0.5]
[xgboost_dart_mode: 0]
[uniform_drop: 0]
[drop_seed: 17869]
[top_rate: 0.2]
[other_rate: 0.1]
[min_data_per_group: 100]
[max_cat_threshold: 32]
[cat_l2: 10]
[cat_smooth: 10]
[max_cat_to_onehot: 4]
[top_k: 20]
[monotone_constraints: ]
[monotone_constraints_method: basic]
[monotone_penalty: 0]
[feature_contri: ]
[forcedsplits_filename: ]
[refit_decay_rate: 0.9]
[cegb_tradeoff: 1]
[cegb_penalty_split: 0]
[cegb_penalty_feature_lazy: ]
[cegb_penalty_feature_coupled: ]
[path_smooth: 0]
[interaction_constraints: ]
[verbosity: -1]
[saved_feature_importance_type: 0]
[use_quantized_grad: 0]
[num_grad_quant_bins: 4]
[quant_train_renew_leaf: 0]
[stochastic_rounding: 1]
[linear_tree: 0]
[max_bin: 255]
[max_bin_by_feature: ]
[min_data_in_bin: 3]
[bin_construct_sample_cnt: 200000]
[data_random_seed: 175]
[is_enable_sparse: 1]
[enable_bundle: 1]
[use_missing: 1]
[zero_as_missing: 0]
[feature_pre_filter: 1]
[pre_partition: 0]
[two_round: 0]
[header: 0]
[label_column: ]
[weight_column: ]
[group_column: ]
[ignore_column: ]
[categorical_feature: ]
[forcedbins_filename: ]
[precise_float_parser: 0]
[parser_config_file: ]
[objective_seed: 16083]
[num_class: 1]
[is_unbalance: 0]
[scale_pos_weight: 1]
[sigmoid: 1]
[boost_from_average: 1]
[reg_sqrt: 0]
[alpha: 0.9]
[fair_c: 1]
[poisson_max_delta_step: 0.7]
[tweedie_variance_power: 1.5]
[lambdarank_truncation_level: 30]
[lambdarank_norm: 1]
[label_gain: ]
[lambdarank_position_bias_regularization: 0]
[eval_at: ]
[multi_error_top_k: 1]
[auc_mu_weights: ]
[num_machines: 1]
[local_listen_port: 12400]
[time_out: 120]
[machine_list_filename: ]
[machines: ]
[gpu_platform_id: -1]
[gpu_device_id: -1]
[gpu_use_dp: 0]
[num_gpu: 1]

end of parameters

pandas_categorical:[]
